[
    {
        "client_msg_id": "f5fa612b-81be-4ac9-9f62-b159a1e2e228",
        "type": "message",
        "text": "I’m a +0 on this method.  feel like I’ll need a cheat-sheet post-it note on my desk to help me memorize the variants.    But have to say as I did more research and considerations for this system the more it grew on me.  Not the numbers, but the representation of allowing an individual to express their level of objection\/acceptance in a gradient.",
        "user": "U012Y26QWNA",
        "ts": "1598873627.006000",
        "team": "TKFJE6LDR",
        "user_team": "TKFJE6LDR",
        "source_team": "TKFJE6LDR",
        "user_profile": {
            "avatar_hash": "b91365ff7b22",
            "image_72": "https:\/\/avatars.slack-edge.com\/2020-05-06\/1092095570535_b91365ff7b22e688f785_72.jpg",
            "first_name": "",
            "real_name": "Morgan Craft",
            "display_name": "Morgan Craft",
            "team": "TKFJE6LDR",
            "name": "morgan",
            "is_restricted": false,
            "is_ultra_restricted": false
        },
        "blocks": [
            {
                "type": "rich_text",
                "block_id": "drU",
                "elements": [
                    {
                        "type": "rich_text_section",
                        "elements": [
                            {
                                "type": "text",
                                "text": "I’m a +0 on this method.  feel like I’ll need a cheat-sheet post-it note on my desk to help me memorize the variants.    But have to say as I did more research and considerations for this system the more it grew on me.  Not the numbers, but the representation of allowing an individual to express their level of objection\/acceptance in a gradient."
                            }
                        ]
                    }
                ]
            }
        ],
        "thread_ts": "1598739235.002800",
        "parent_user_id": "UKV4ZPEFQ"
    }
]