[
    {
        "client_msg_id": "d90f7b84-5d95-4116-be59-1bdda1ca4240",
        "type": "message",
        "text": "I dug out the Apache page on their voting system. It's an interesting read.\nI really like their -0.5 \"I don't like this idea, but I can't find any rational justification for my feelings\" :grin:\n<https:\/\/www.apache.org\/foundation\/voting.html>",
        "user": "UKV4ZPEFQ",
        "ts": "1598739228.002500",
        "team": "TKFJE6LDR",
        "user_team": "TKFJE6LDR",
        "source_team": "TKFJE6LDR",
        "user_profile": {
            "avatar_hash": "g854c628ef64",
            "image_72": "https:\/\/secure.gravatar.com\/avatar\/6854c628ef64a4c129a994522e17cdf2.jpg?s=72&d=https%3A%2F%2Fa.slack-edge.com%2Fdf10d%2Fimg%2Favatars%2Fava_0007-72.png",
            "first_name": "felicitybrand",
            "real_name": "felicitybrand",
            "display_name": "flicstar",
            "team": "TKFJE6LDR",
            "name": "felicitybrand",
            "is_restricted": false,
            "is_ultra_restricted": false
        },
        "attachments": [
            {
                "title": "Apache Voting Process",
                "title_link": "https:\/\/www.apache.org\/foundation\/voting.html",
                "text": "Home page of The Apache Software Foundation",
                "fallback": "Apache Voting Process",
                "from_url": "https:\/\/www.apache.org\/foundation\/voting.html",
                "service_icon": "https:\/\/www.apache.org\/favicons\/apple-touch-icon-57x57.png",
                "service_name": "apache.org",
                "id": 1,
                "original_url": "https:\/\/www.apache.org\/foundation\/voting.html"
            }
        ],
        "blocks": [
            {
                "type": "rich_text",
                "block_id": "YqBM",
                "elements": [
                    {
                        "type": "rich_text_section",
                        "elements": [
                            {
                                "type": "text",
                                "text": "I dug out the Apache page on their voting system. It's an interesting read.\nI really like their -0.5 \"I don't like this idea, but I can't find any rational justification for my feelings\" "
                            },
                            {
                                "type": "emoji",
                                "name": "grin"
                            },
                            {
                                "type": "text",
                                "text": "\n"
                            },
                            {
                                "type": "link",
                                "url": "https:\/\/www.apache.org\/foundation\/voting.html"
                            }
                        ]
                    }
                ]
            }
        ],
        "reactions": [
            {
                "name": "grinning",
                "users": [
                    "U0174BRV404",
                    "U018ZJ0H27Q"
                ],
                "count": 2
            }
        ]
    },
    {
        "client_msg_id": "185dd94b-f453-4f7c-aa59-0b317804eaa3",
        "type": "message",
        "text": "I'm going to ask around folks I know in other communities to get a feel for what voting scales others use.",
        "user": "UKV4ZPEFQ",
        "ts": "1598739235.002800",
        "team": "TKFJE6LDR",
        "user_team": "TKFJE6LDR",
        "source_team": "TKFJE6LDR",
        "user_profile": {
            "avatar_hash": "g854c628ef64",
            "image_72": "https:\/\/secure.gravatar.com\/avatar\/6854c628ef64a4c129a994522e17cdf2.jpg?s=72&d=https%3A%2F%2Fa.slack-edge.com%2Fdf10d%2Fimg%2Favatars%2Fava_0007-72.png",
            "first_name": "felicitybrand",
            "real_name": "felicitybrand",
            "display_name": "flicstar",
            "team": "TKFJE6LDR",
            "name": "felicitybrand",
            "is_restricted": false,
            "is_ultra_restricted": false
        },
        "blocks": [
            {
                "type": "rich_text",
                "block_id": "+T7",
                "elements": [
                    {
                        "type": "rich_text_section",
                        "elements": [
                            {
                                "type": "text",
                                "text": "I'm going to ask around folks I know in other communities to get a feel for what voting scales others use."
                            }
                        ]
                    }
                ]
            }
        ],
        "thread_ts": "1598739235.002800",
        "reply_count": 14,
        "reply_users_count": 5,
        "latest_reply": "1598873627.006000",
        "reply_users": [
            "UKTGLQNGG",
            "UKV4ZPEFQ",
            "UKVC4NB71",
            "UQ553K7DY",
            "U012Y26QWNA"
        ],
        "replies": [
            {
                "user": "UKTGLQNGG",
                "ts": "1598739380.002900"
            },
            {
                "user": "UKTGLQNGG",
                "ts": "1598739392.003100"
            },
            {
                "user": "UKV4ZPEFQ",
                "ts": "1598739442.003300"
            },
            {
                "user": "UKVC4NB71",
                "ts": "1598739486.003500"
            },
            {
                "user": "UKV4ZPEFQ",
                "ts": "1598739599.003700"
            },
            {
                "user": "UKVC4NB71",
                "ts": "1598739649.003900"
            },
            {
                "user": "UKTGLQNGG",
                "ts": "1598739677.004100"
            },
            {
                "user": "UKV4ZPEFQ",
                "ts": "1598739719.004400"
            },
            {
                "user": "UKTGLQNGG",
                "ts": "1598739743.004600"
            },
            {
                "user": "UKVC4NB71",
                "ts": "1598740307.004800"
            },
            {
                "user": "UQ553K7DY",
                "ts": "1598839266.005100"
            },
            {
                "user": "UQ553K7DY",
                "ts": "1598839270.005300"
            },
            {
                "user": "UQ553K7DY",
                "ts": "1598839462.005600"
            },
            {
                "user": "U012Y26QWNA",
                "ts": "1598873627.006000"
            }
        ],
        "subscribed": true,
        "last_read": "1598908359.418006"
    },
    {
        "client_msg_id": "e172465d-e53a-44d8-8b89-6097d2499485",
        "type": "message",
        "text": "I suspect another variant on \"-0.5\" would be \"I don't like the idea, but I'm not prepared to put in the work required to put an alternative forward (which is the underlying expectation if someone is proposing something valid).\"",
        "user": "UKTGLQNGG",
        "ts": "1598739380.002900",
        "team": "TKFJE6LDR",
        "user_team": "TKFJE6LDR",
        "source_team": "TKFJE6LDR",
        "user_profile": {
            "avatar_hash": "d6f4de222bb1",
            "image_72": "https:\/\/avatars.slack-edge.com\/2020-07-20\/1235580478119_d6f4de222bb1ed6b5960_72.jpg",
            "first_name": "Cameron",
            "real_name": "Cameron Shorter",
            "display_name": "cameronshorter",
            "team": "TKFJE6LDR",
            "name": "cameron.shorter",
            "is_restricted": false,
            "is_ultra_restricted": false
        },
        "blocks": [
            {
                "type": "rich_text",
                "block_id": "7qmn",
                "elements": [
                    {
                        "type": "rich_text_section",
                        "elements": [
                            {
                                "type": "text",
                                "text": "I suspect another variant on \"-0.5\" would be \"I don't like the idea, but I'm not prepared to put in the work required to put an alternative forward (which is the underlying expectation if someone is proposing something valid).\""
                            }
                        ]
                    }
                ]
            }
        ],
        "thread_ts": "1598739235.002800",
        "parent_user_id": "UKV4ZPEFQ"
    },
    {
        "client_msg_id": "611dd9e6-bc2f-4134-89e5-c65dee4321f6",
        "type": "message",
        "text": "Thanks for offering to do the research.",
        "user": "UKTGLQNGG",
        "ts": "1598739392.003100",
        "team": "TKFJE6LDR",
        "user_team": "TKFJE6LDR",
        "source_team": "TKFJE6LDR",
        "user_profile": {
            "avatar_hash": "d6f4de222bb1",
            "image_72": "https:\/\/avatars.slack-edge.com\/2020-07-20\/1235580478119_d6f4de222bb1ed6b5960_72.jpg",
            "first_name": "Cameron",
            "real_name": "Cameron Shorter",
            "display_name": "cameronshorter",
            "team": "TKFJE6LDR",
            "name": "cameron.shorter",
            "is_restricted": false,
            "is_ultra_restricted": false
        },
        "blocks": [
            {
                "type": "rich_text",
                "block_id": "LQ1E",
                "elements": [
                    {
                        "type": "rich_text_section",
                        "elements": [
                            {
                                "type": "text",
                                "text": "Thanks for offering to do the research."
                            }
                        ]
                    }
                ]
            }
        ],
        "thread_ts": "1598739235.002800",
        "parent_user_id": "UKV4ZPEFQ"
    },
    {
        "client_msg_id": "d0758e45-a584-4695-82f6-ad60375c1d3e",
        "type": "message",
        "text": "I also like the blurb about \"lazy consensus\" on that page, consensus through silence.",
        "user": "UKV4ZPEFQ",
        "ts": "1598739442.003300",
        "team": "TKFJE6LDR",
        "user_team": "TKFJE6LDR",
        "source_team": "TKFJE6LDR",
        "user_profile": {
            "avatar_hash": "g854c628ef64",
            "image_72": "https:\/\/secure.gravatar.com\/avatar\/6854c628ef64a4c129a994522e17cdf2.jpg?s=72&d=https%3A%2F%2Fa.slack-edge.com%2Fdf10d%2Fimg%2Favatars%2Fava_0007-72.png",
            "first_name": "felicitybrand",
            "real_name": "felicitybrand",
            "display_name": "flicstar",
            "team": "TKFJE6LDR",
            "name": "felicitybrand",
            "is_restricted": false,
            "is_ultra_restricted": false
        },
        "blocks": [
            {
                "type": "rich_text",
                "block_id": "1zu",
                "elements": [
                    {
                        "type": "rich_text_section",
                        "elements": [
                            {
                                "type": "text",
                                "text": "I also like the blurb about \"lazy consensus\" on that page, consensus through silence."
                            }
                        ]
                    }
                ]
            }
        ],
        "thread_ts": "1598739235.002800",
        "parent_user_id": "UKV4ZPEFQ",
        "reactions": [
            {
                "name": "+1",
                "users": [
                    "UKVC4NB71"
                ],
                "count": 1
            }
        ]
    },
    {
        "client_msg_id": "7e6d94bf-60c3-4964-b6b8-ae780fe6b060",
        "type": "message",
        "text": "I'm glad we don't use -0.9",
        "user": "UKVC4NB71",
        "ts": "1598739486.003500",
        "team": "TKFJE6LDR",
        "user_team": "TKFJE6LDR",
        "source_team": "TKFJE6LDR",
        "user_profile": {
            "avatar_hash": "c7d9788d4436",
            "image_72": "https:\/\/avatars.slack-edge.com\/2019-10-30\/814314609877_c7d9788d4436969613a7_72.jpg",
            "first_name": "Jared",
            "real_name": "Jared Morgan",
            "display_name": "jaredmorgs",
            "team": "TKFJE6LDR",
            "name": "jaredleonmorgan",
            "is_restricted": false,
            "is_ultra_restricted": false
        },
        "blocks": [
            {
                "type": "rich_text",
                "block_id": "iLH",
                "elements": [
                    {
                        "type": "rich_text_section",
                        "elements": [
                            {
                                "type": "text",
                                "text": "I'm glad we don't use -0.9"
                            }
                        ]
                    }
                ]
            }
        ],
        "thread_ts": "1598739235.002800",
        "parent_user_id": "UKV4ZPEFQ"
    },
    {
        "client_msg_id": "8e67331c-3c8e-4980-8661-2b92c9e8a111",
        "type": "message",
        "text": "\"...but I won't stand in your way\". It's interesting isn't it. This scale is more about gauging emotional reaction than a mathematical score you can tot up.",
        "user": "UKV4ZPEFQ",
        "ts": "1598739599.003700",
        "team": "TKFJE6LDR",
        "user_team": "TKFJE6LDR",
        "source_team": "TKFJE6LDR",
        "user_profile": {
            "avatar_hash": "g854c628ef64",
            "image_72": "https:\/\/secure.gravatar.com\/avatar\/6854c628ef64a4c129a994522e17cdf2.jpg?s=72&d=https%3A%2F%2Fa.slack-edge.com%2Fdf10d%2Fimg%2Favatars%2Fava_0007-72.png",
            "first_name": "felicitybrand",
            "real_name": "felicitybrand",
            "display_name": "flicstar",
            "team": "TKFJE6LDR",
            "name": "felicitybrand",
            "is_restricted": false,
            "is_ultra_restricted": false
        },
        "blocks": [
            {
                "type": "rich_text",
                "block_id": "Rce",
                "elements": [
                    {
                        "type": "rich_text_section",
                        "elements": [
                            {
                                "type": "text",
                                "text": "\"...but I won't stand in your way\". It's interesting isn't it. This scale is more about gauging emotional reaction than a mathematical score you can tot up."
                            }
                        ]
                    }
                ]
            }
        ],
        "thread_ts": "1598739235.002800",
        "parent_user_id": "UKV4ZPEFQ",
        "reactions": [
            {
                "name": "+1",
                "users": [
                    "U0174BRV404"
                ],
                "count": 1
            }
        ]
    },
    {
        "client_msg_id": "9c028d6a-9345-42a3-99d5-bd860ba93213",
        "type": "message",
        "text": "Yeah it does seem like that.",
        "user": "UKVC4NB71",
        "ts": "1598739649.003900",
        "team": "TKFJE6LDR",
        "user_team": "TKFJE6LDR",
        "source_team": "TKFJE6LDR",
        "user_profile": {
            "avatar_hash": "c7d9788d4436",
            "image_72": "https:\/\/avatars.slack-edge.com\/2019-10-30\/814314609877_c7d9788d4436969613a7_72.jpg",
            "first_name": "Jared",
            "real_name": "Jared Morgan",
            "display_name": "jaredmorgs",
            "team": "TKFJE6LDR",
            "name": "jaredleonmorgan",
            "is_restricted": false,
            "is_ultra_restricted": false
        },
        "blocks": [
            {
                "type": "rich_text",
                "block_id": "PAWO",
                "elements": [
                    {
                        "type": "rich_text_section",
                        "elements": [
                            {
                                "type": "text",
                                "text": "Yeah it does seem like that."
                            }
                        ]
                    }
                ]
            }
        ],
        "thread_ts": "1598739235.002800",
        "parent_user_id": "UKV4ZPEFQ"
    },
    {
        "client_msg_id": "db962a16-4514-47cb-a691-a09c4b78bf65",
        "type": "message",
        "text": "The Apache communities have been doing this for ~ 30 years or so. The OSGeo community have been at it for ~ 20 years. They have polished out a lot of kinks in that time.",
        "user": "UKTGLQNGG",
        "ts": "1598739677.004100",
        "team": "TKFJE6LDR",
        "user_team": "TKFJE6LDR",
        "source_team": "TKFJE6LDR",
        "user_profile": {
            "avatar_hash": "d6f4de222bb1",
            "image_72": "https:\/\/avatars.slack-edge.com\/2020-07-20\/1235580478119_d6f4de222bb1ed6b5960_72.jpg",
            "first_name": "Cameron",
            "real_name": "Cameron Shorter",
            "display_name": "cameronshorter",
            "team": "TKFJE6LDR",
            "name": "cameron.shorter",
            "is_restricted": false,
            "is_ultra_restricted": false
        },
        "blocks": [
            {
                "type": "rich_text",
                "block_id": "CsHV",
                "elements": [
                    {
                        "type": "rich_text_section",
                        "elements": [
                            {
                                "type": "text",
                                "text": "The Apache communities have been doing this for ~ 30 years or so. The OSGeo community have been at it for ~ 20 years. They have polished out a lot of kinks in that time."
                            }
                        ]
                    }
                ]
            }
        ],
        "thread_ts": "1598739235.002800",
        "parent_user_id": "UKV4ZPEFQ"
    },
    {
        "client_msg_id": "58d41ac0-4a03-429a-850b-bd29bd9f6ec1",
        "type": "message",
        "text": "Oh, I'm a +0.9 on the whole idea.",
        "user": "UKV4ZPEFQ",
        "ts": "1598739719.004400",
        "team": "TKFJE6LDR",
        "user_team": "TKFJE6LDR",
        "source_team": "TKFJE6LDR",
        "user_profile": {
            "avatar_hash": "g854c628ef64",
            "image_72": "https:\/\/secure.gravatar.com\/avatar\/6854c628ef64a4c129a994522e17cdf2.jpg?s=72&d=https%3A%2F%2Fa.slack-edge.com%2Fdf10d%2Fimg%2Favatars%2Fava_0007-72.png",
            "first_name": "felicitybrand",
            "real_name": "felicitybrand",
            "display_name": "flicstar",
            "team": "TKFJE6LDR",
            "name": "felicitybrand",
            "is_restricted": false,
            "is_ultra_restricted": false
        },
        "blocks": [
            {
                "type": "rich_text",
                "block_id": "D5y4",
                "elements": [
                    {
                        "type": "rich_text_section",
                        "elements": [
                            {
                                "type": "text",
                                "text": "Oh, I'm a +0.9 on the whole idea."
                            }
                        ]
                    }
                ]
            }
        ],
        "thread_ts": "1598739235.002800",
        "parent_user_id": "UKV4ZPEFQ"
    },
    {
        "client_msg_id": "ef3c7226-83e8-487c-badb-4e871d33b92b",
        "type": "message",
        "text": ":rolling_on_the_floor_laughing:",
        "user": "UKTGLQNGG",
        "ts": "1598739743.004600",
        "team": "TKFJE6LDR",
        "user_team": "TKFJE6LDR",
        "source_team": "TKFJE6LDR",
        "user_profile": {
            "avatar_hash": "d6f4de222bb1",
            "image_72": "https:\/\/avatars.slack-edge.com\/2020-07-20\/1235580478119_d6f4de222bb1ed6b5960_72.jpg",
            "first_name": "Cameron",
            "real_name": "Cameron Shorter",
            "display_name": "cameronshorter",
            "team": "TKFJE6LDR",
            "name": "cameron.shorter",
            "is_restricted": false,
            "is_ultra_restricted": false
        },
        "blocks": [
            {
                "type": "rich_text",
                "block_id": "4Xj",
                "elements": [
                    {
                        "type": "rich_text_section",
                        "elements": [
                            {
                                "type": "emoji",
                                "name": "rolling_on_the_floor_laughing"
                            }
                        ]
                    }
                ]
            }
        ],
        "thread_ts": "1598739235.002800",
        "parent_user_id": "UKV4ZPEFQ"
    },
    {
        "client_msg_id": "f9d5f428-7d4d-4b72-9b40-97e59fa5af67",
        "type": "message",
        "text": "I'm also",
        "user": "UKVC4NB71",
        "ts": "1598740307.004800",
        "team": "TKFJE6LDR",
        "user_team": "TKFJE6LDR",
        "source_team": "TKFJE6LDR",
        "user_profile": {
            "avatar_hash": "c7d9788d4436",
            "image_72": "https:\/\/avatars.slack-edge.com\/2019-10-30\/814314609877_c7d9788d4436969613a7_72.jpg",
            "first_name": "Jared",
            "real_name": "Jared Morgan",
            "display_name": "jaredmorgs",
            "team": "TKFJE6LDR",
            "name": "jaredleonmorgan",
            "is_restricted": false,
            "is_ultra_restricted": false
        },
        "blocks": [
            {
                "type": "rich_text",
                "block_id": "WLf",
                "elements": [
                    {
                        "type": "rich_text_section",
                        "elements": [
                            {
                                "type": "text",
                                "text": "I'm also"
                            }
                        ]
                    }
                ]
            }
        ],
        "thread_ts": "1598739235.002800",
        "parent_user_id": "UKV4ZPEFQ"
    }
]