[
    {
        "client_msg_id": "30b084bf-c5d8-4407-98ab-84a39ed79fff",
        "type": "message",
        "text": "i just can't even anymore",
        "user": "UQ553K7DY",
        "ts": "1598839266.005100",
        "team": "TKFJE6LDR",
        "user_team": "TKFJE6LDR",
        "source_team": "TKFJE6LDR",
        "user_profile": {
            "avatar_hash": "e0f8604c1079",
            "image_72": "https:\/\/avatars.slack-edge.com\/2020-10-26\/1445509834998_e0f8604c1079f923f3e9_72.png",
            "first_name": "Loquacity",
            "real_name": "Loquacity",
            "display_name": "Loquacity",
            "team": "TKFJE6LDR",
            "name": "slack1",
            "is_restricted": false,
            "is_ultra_restricted": false
        },
        "blocks": [
            {
                "type": "rich_text",
                "block_id": "k0p",
                "elements": [
                    {
                        "type": "rich_text_section",
                        "elements": [
                            {
                                "type": "text",
                                "text": "i just can't even anymore"
                            }
                        ]
                    }
                ]
            }
        ],
        "thread_ts": "1598739235.002800",
        "parent_user_id": "UKV4ZPEFQ",
        "reactions": [
            {
                "name": "100",
                "users": [
                    "UKVC4NB71"
                ],
                "count": 1
            }
        ]
    },
    {
        "client_msg_id": "286604fc-0813-4e40-9270-dc5c1c141a7a",
        "type": "message",
        "text": ":shrug:",
        "user": "UQ553K7DY",
        "ts": "1598839270.005300",
        "team": "TKFJE6LDR",
        "user_team": "TKFJE6LDR",
        "source_team": "TKFJE6LDR",
        "user_profile": {
            "avatar_hash": "e0f8604c1079",
            "image_72": "https:\/\/avatars.slack-edge.com\/2020-10-26\/1445509834998_e0f8604c1079f923f3e9_72.png",
            "first_name": "Loquacity",
            "real_name": "Loquacity",
            "display_name": "Loquacity",
            "team": "TKFJE6LDR",
            "name": "slack1",
            "is_restricted": false,
            "is_ultra_restricted": false
        },
        "blocks": [
            {
                "type": "rich_text",
                "block_id": "yODR\/",
                "elements": [
                    {
                        "type": "rich_text_section",
                        "elements": [
                            {
                                "type": "emoji",
                                "name": "shrug"
                            }
                        ]
                    }
                ]
            }
        ],
        "thread_ts": "1598739235.002800",
        "parent_user_id": "UKV4ZPEFQ"
    },
    {
        "client_msg_id": "c5607509-74f8-44e2-861c-ed39da53cb86",
        "type": "message",
        "text": "(to clarify, i was about to type out all the various communities i've worked with that use the +2\/+1\/0\/-1\/-2 scale, but i honestly can't be bothered)",
        "user": "UQ553K7DY",
        "ts": "1598839462.005600",
        "team": "TKFJE6LDR",
        "user_team": "TKFJE6LDR",
        "source_team": "TKFJE6LDR",
        "user_profile": {
            "avatar_hash": "e0f8604c1079",
            "image_72": "https:\/\/avatars.slack-edge.com\/2020-10-26\/1445509834998_e0f8604c1079f923f3e9_72.png",
            "first_name": "Loquacity",
            "real_name": "Loquacity",
            "display_name": "Loquacity",
            "team": "TKFJE6LDR",
            "name": "slack1",
            "is_restricted": false,
            "is_ultra_restricted": false
        },
        "blocks": [
            {
                "type": "rich_text",
                "block_id": "uCcB",
                "elements": [
                    {
                        "type": "rich_text_section",
                        "elements": [
                            {
                                "type": "text",
                                "text": "(to clarify, i was about to type out all the various communities i've worked with that use the +2\/+1\/0\/-1\/-2 scale, but i honestly can't be bothered)"
                            }
                        ]
                    }
                ]
            }
        ],
        "thread_ts": "1598739235.002800",
        "parent_user_id": "UKV4ZPEFQ"
    }
]