[
    {
        "client_msg_id": "52dad664-a5d1-461f-9416-f40be898e1a9",
        "type": "message",
        "text": "I just merged this update to the README.md file: <https:\/\/github.com\/thegooddocsproject\/templates\/pull\/144>",
        "user": "U019868JEQ0",
        "ts": "1602107462.002700",
        "team": "TKFJE6LDR",
        "user_team": "TKFJE6LDR",
        "source_team": "TKFJE6LDR",
        "user_profile": {
            "avatar_hash": "966d941975ff",
            "image_72": "https:\/\/avatars.slack-edge.com\/2020-08-09\/1275632926935_966d941975ff884d0fa4_72.jpg",
            "first_name": "",
            "real_name": "Aidan Doherty",
            "display_name": "Aidan Doherty",
            "team": "TKFJE6LDR",
            "name": "contact",
            "is_restricted": false,
            "is_ultra_restricted": false
        },
        "attachments": [
            {
                "author_name": "Loquacity",
                "fallback": "[thegooddocsproject\/templates] #144 readme edits to C\/T\/R",
                "text": "Addresses: <https:\/\/github.com\/thegooddocsproject\/templates\/issues\/73|#73>  \nAdditionally, frames the C\/T\/R discussion in terms of the information seeking behaviour (learning\/doing\/fact-checking).  \nAlso, removed some of the word\/phrases that my current linters didn't like.\n\nQuestion for maintainers: I noticed the use of en_GB spelling in this doc, and couldn't find guidance on dialect. Is there a preference?",
                "title": "#144 readme edits to C\/T\/R",
                "footer": "<https:\/\/github.com\/thegooddocsproject\/templates|thegooddocsproject\/templates>",
                "id": 1,
                "title_link": "https:\/\/github.com\/thegooddocsproject\/templates\/pull\/144",
                "author_link": "https:\/\/github.com\/Loquacity",
                "author_icon": "https:\/\/avatars3.githubusercontent.com\/u\/3914967?v=4",
                "footer_icon": "https:\/\/github.githubassets.com\/favicon.ico",
                "ts": 1592014858,
                "color": "6f42c1",
                "fields": [
                    {
                        "title": "Comments",
                        "value": "5",
                        "short": true
                    },
                    {
                        "title": "Reviewers",
                        "value": "@camerons, @cwcromwell",
                        "short": true
                    }
                ],
                "mrkdwn_in": [
                    "text"
                ],
                "bot_id": "BU8U6P6AH",
                "app_unfurl_url": "https:\/\/github.com\/thegooddocsproject\/templates\/pull\/144",
                "is_app_unfurl": true
            }
        ],
        "blocks": [
            {
                "type": "rich_text",
                "block_id": "OZM=",
                "elements": [
                    {
                        "type": "rich_text_section",
                        "elements": [
                            {
                                "type": "text",
                                "text": "I just merged this update to the README.md file: "
                            },
                            {
                                "type": "link",
                                "url": "https:\/\/github.com\/thegooddocsproject\/templates\/pull\/144"
                            }
                        ]
                    }
                ]
            }
        ],
        "reactions": [
            {
                "name": "tada",
                "users": [
                    "UL2AA1FF1"
                ],
                "count": 1
            }
        ]
    },
    {
        "client_msg_id": "023db267-c0f7-4ef7-aed9-d904b5d1d6a5",
        "type": "message",
        "text": "This issue is now closed. I've changed references to Discussion articles to now be Explanation articles:\n<https:\/\/github.com\/thegooddocsproject\/templates\/issues\/39>",
        "user": "U019868JEQ0",
        "ts": "1602109994.003400",
        "team": "TKFJE6LDR",
        "user_team": "TKFJE6LDR",
        "source_team": "TKFJE6LDR",
        "user_profile": {
            "avatar_hash": "966d941975ff",
            "image_72": "https:\/\/avatars.slack-edge.com\/2020-08-09\/1275632926935_966d941975ff884d0fa4_72.jpg",
            "first_name": "",
            "real_name": "Aidan Doherty",
            "display_name": "Aidan Doherty",
            "team": "TKFJE6LDR",
            "name": "contact",
            "is_restricted": false,
            "is_ultra_restricted": false
        },
        "attachments": [
            {
                "author_name": "jaredmorgs",
                "fallback": "[thegooddocsproject\/templates] #39 \"Discussions\" as a template type is an overloaded name.",
                "text": "Gloria Ma 12:41 14 Nov  \nSELECTED TEXT:\n\n&gt; Discussions\n\nI somehow find this word to be confusing here - I think of a discussion like a \"forum\", as if this template is intended to facilitate a discussion. Whereas based on this description, I think it's really a \"background\" or \"context\" article - could those be more intuitive words?",
                "title": "#39 \"Discussions\" as a template type is an overloaded name.",
                "footer": "<https:\/\/github.com\/thegooddocsproject\/templates|thegooddocsproject\/templates>",
                "id": 1,
                "title_link": "https:\/\/github.com\/thegooddocsproject\/templates\/issues\/39",
                "author_link": "https:\/\/github.com\/jaredmorgs",
                "author_icon": "https:\/\/avatars1.githubusercontent.com\/u\/952793?v=4",
                "footer_icon": "https:\/\/github.githubassets.com\/favicon.ico",
                "ts": 1575067007,
                "color": "cb2431",
                "fields": [
                    {
                        "title": "Labels",
                        "value": "decision, question, template-about-guidance, template-discussion, wtdau2019",
                        "short": true
                    },
                    {
                        "title": "Comments",
                        "value": "7",
                        "short": true
                    }
                ],
                "mrkdwn_in": [
                    "text"
                ],
                "bot_id": "BU8U6P6AH",
                "app_unfurl_url": "https:\/\/github.com\/thegooddocsproject\/templates\/issues\/39",
                "is_app_unfurl": true
            }
        ],
        "blocks": [
            {
                "type": "rich_text",
                "block_id": "raT",
                "elements": [
                    {
                        "type": "rich_text_section",
                        "elements": [
                            {
                                "type": "text",
                                "text": "This issue is now closed. I've changed references to Discussion articles to now be Explanation articles:\n"
                            },
                            {
                                "type": "link",
                                "url": "https:\/\/github.com\/thegooddocsproject\/templates\/issues\/39"
                            }
                        ]
                    }
                ]
            }
        ],
        "reactions": [
            {
                "name": "heavy_plus_sign",
                "users": [
                    "UKVC4NB71"
                ],
                "count": 1
            }
        ]
    }
]