[
    {
        "client_msg_id": "6dc96655-7b03-4b33-b503-d1f90831f439",
        "type": "message",
        "text": "hi all. in the meeting today we were talking about this old issue and what to do with it. we ran out of time to come to a decision, but if you have any thoughts on it please share:\n<https:\/\/github.com\/thegooddocsproject\/templates\/issues\/39>",
        "user": "U019868JEQ0",
        "ts": "1601503512.000800",
        "team": "TKFJE6LDR",
        "user_team": "TKFJE6LDR",
        "source_team": "TKFJE6LDR",
        "user_profile": {
            "avatar_hash": "966d941975ff",
            "image_72": "https:\/\/avatars.slack-edge.com\/2020-08-09\/1275632926935_966d941975ff884d0fa4_72.jpg",
            "first_name": "",
            "real_name": "Aidan Doherty",
            "display_name": "Aidan Doherty",
            "team": "TKFJE6LDR",
            "name": "contact",
            "is_restricted": false,
            "is_ultra_restricted": false
        },
        "attachments": [
            {
                "author_name": "jaredmorgs",
                "fallback": "[thegooddocsproject\/templates] #39 \"Discussions\" as a template type is an overloaded name.",
                "text": "Gloria Ma 12:41 14 Nov  \nSELECTED TEXT:\n\n&gt; Discussions\n\nI somehow find this word to be confusing here - I think of a discussion like a \"forum\", as if this template is intended to facilitate a discussion. Whereas based on this description, I think it's really a \"background\" or \"context\" article - could those be more intuitive words?",
                "title": "#39 \"Discussions\" as a template type is an overloaded name.",
                "footer": "<https:\/\/github.com\/thegooddocsproject\/templates|thegooddocsproject\/templates>",
                "id": 1,
                "title_link": "https:\/\/github.com\/thegooddocsproject\/templates\/issues\/39",
                "author_link": "https:\/\/github.com\/jaredmorgs",
                "author_icon": "https:\/\/avatars1.githubusercontent.com\/u\/952793?v=4",
                "footer_icon": "https:\/\/github.githubassets.com\/favicon.ico",
                "ts": 1575067007,
                "color": "36a64f",
                "fields": [
                    {
                        "title": "Labels",
                        "value": "decision, question, template-about-guidance, template-discussion, wtdau2019",
                        "short": true
                    },
                    {
                        "title": "Comments",
                        "value": "1",
                        "short": true
                    }
                ],
                "mrkdwn_in": [
                    "text"
                ],
                "bot_id": "BU8U6P6AH",
                "app_unfurl_url": "https:\/\/github.com\/thegooddocsproject\/templates\/issues\/39",
                "is_app_unfurl": true
            }
        ],
        "blocks": [
            {
                "type": "rich_text",
                "block_id": "zyQno",
                "elements": [
                    {
                        "type": "rich_text_section",
                        "elements": [
                            {
                                "type": "text",
                                "text": "hi all. in the meeting today we were talking about this old issue and what to do with it. we ran out of time to come to a decision, but if you have any thoughts on it please share:\n"
                            },
                            {
                                "type": "link",
                                "url": "https:\/\/github.com\/thegooddocsproject\/templates\/issues\/39"
                            }
                        ]
                    }
                ]
            }
        ]
    }
]