[
    {
        "type": "message",
        "text": "hi folks! I have a doctopus mascot!",
        "files": [
            {
                "id": "FPP7G23S8",
                "created": 1571822008,
                "timestamp": 1571822008,
                "name": "doctopus-with-docs.svg",
                "title": "doctopus-with-docs.svg",
                "mimetype": "image\/svg+xml",
                "filetype": "svg",
                "pretty_type": "SVG",
                "user": "UL2AA1FF1",
                "editable": false,
                "size": 7016,
                "mode": "hosted",
                "is_external": false,
                "external_type": "",
                "is_public": true,
                "public_url_shared": false,
                "display_as_bot": false,
                "username": "",
                "url_private": "https:\/\/files.slack.com\/files-pri\/TKFJE6LDR-FPP7G23S8\/doctopus-with-docs.svg?t=xoxe-661626224467-1176889373458-1189513059441-ae8bad2fa75b08bee478ccbaefddd7f6",
                "url_private_download": "https:\/\/files.slack.com\/files-pri\/TKFJE6LDR-FPP7G23S8\/download\/doctopus-with-docs.svg?t=xoxe-661626224467-1176889373458-1189513059441-ae8bad2fa75b08bee478ccbaefddd7f6",
                "permalink": "https:\/\/thegooddocs.slack.com\/files\/UL2AA1FF1\/FPP7G23S8\/doctopus-with-docs.svg",
                "permalink_public": "https:\/\/slack-files.com\/TKFJE6LDR-FPP7G23S8-d6cc1ef28a",
                "is_starred": false,
                "has_rich_preview": false
            }
        ],
        "upload": true,
        "user": "UL2AA1FF1",
        "display_as_bot": false,
        "ts": "1571822009.000100",
        "client_msg_id": "ce7e6224-df00-4a46-9b9e-9008ee5b8566",
        "reactions": [
            {
                "name": "raised_hands",
                "users": [
                    "UKVC4NB71"
                ],
                "count": 1
            }
        ]
    },
    {
        "type": "message",
        "text": ".png version",
        "files": [
            {
                "id": "FPC7BNTTM",
                "created": 1571822086,
                "timestamp": 1571822086,
                "name": "doctopus-with-docs.png",
                "title": "doctopus-with-docs.png",
                "mimetype": "image\/png",
                "filetype": "png",
                "pretty_type": "PNG",
                "user": "UL2AA1FF1",
                "editable": false,
                "size": 19506,
                "mode": "hosted",
                "is_external": false,
                "external_type": "",
                "is_public": true,
                "public_url_shared": false,
                "display_as_bot": false,
                "username": "",
                "url_private": "https:\/\/files.slack.com\/files-pri\/TKFJE6LDR-FPC7BNTTM\/doctopus-with-docs.png?t=xoxe-661626224467-1176889373458-1189513059441-ae8bad2fa75b08bee478ccbaefddd7f6",
                "url_private_download": "https:\/\/files.slack.com\/files-pri\/TKFJE6LDR-FPC7BNTTM\/download\/doctopus-with-docs.png?t=xoxe-661626224467-1176889373458-1189513059441-ae8bad2fa75b08bee478ccbaefddd7f6",
                "thumb_64": "https:\/\/files.slack.com\/files-tmb\/TKFJE6LDR-FPC7BNTTM-19b63cd7a0\/doctopus-with-docs_64.png?t=xoxe-661626224467-1176889373458-1189513059441-ae8bad2fa75b08bee478ccbaefddd7f6",
                "thumb_80": "https:\/\/files.slack.com\/files-tmb\/TKFJE6LDR-FPC7BNTTM-19b63cd7a0\/doctopus-with-docs_80.png?t=xoxe-661626224467-1176889373458-1189513059441-ae8bad2fa75b08bee478ccbaefddd7f6",
                "thumb_360": "https:\/\/files.slack.com\/files-tmb\/TKFJE6LDR-FPC7BNTTM-19b63cd7a0\/doctopus-with-docs_360.png?t=xoxe-661626224467-1176889373458-1189513059441-ae8bad2fa75b08bee478ccbaefddd7f6",
                "thumb_360_w": 360,
                "thumb_360_h": 238,
                "thumb_480": "https:\/\/files.slack.com\/files-tmb\/TKFJE6LDR-FPC7BNTTM-19b63cd7a0\/doctopus-with-docs_480.png?t=xoxe-661626224467-1176889373458-1189513059441-ae8bad2fa75b08bee478ccbaefddd7f6",
                "thumb_480_w": 480,
                "thumb_480_h": 317,
                "thumb_160": "https:\/\/files.slack.com\/files-tmb\/TKFJE6LDR-FPC7BNTTM-19b63cd7a0\/doctopus-with-docs_160.png?t=xoxe-661626224467-1176889373458-1189513059441-ae8bad2fa75b08bee478ccbaefddd7f6",
                "image_exif_rotation": 1,
                "original_w": 692,
                "original_h": 457,
                "thumb_tiny": "AwAfADDMrVs7NEQPIoZzzg9qyh1GeldBnJGDjH600JgVUjBAI9CKzb+0WMebGML3HpWkTnBB4HXjrUV4R9jk+lNoDHWGVhlY3I9QKJIZI\/vqRW1Z\/wDHpF\/u1DeuIlY46jAB71IyD\/QpdsQGMgYYDnPpV1ZCZjH5bBQM7iOKxreXyZlkxnHarUF3JLN5ZfarE4OMke1O4jREiFS24EA4P1qKSbMrRCIuAuTyKq3TLbW32dWLOxySaat+uA7xZlUYDA9aLgW3ulhttwCZ\/hUGsy6uWuXBICgDoKiZizFj1JyaSkM\/\/9k=",
                "permalink": "https:\/\/thegooddocs.slack.com\/files\/UL2AA1FF1\/FPC7BNTTM\/doctopus-with-docs.png",
                "permalink_public": "https:\/\/slack-files.com\/TKFJE6LDR-FPC7BNTTM-97283adac2",
                "is_starred": false,
                "has_rich_preview": false
            }
        ],
        "upload": true,
        "user": "UL2AA1FF1",
        "display_as_bot": false,
        "ts": "1571822088.000400",
        "client_msg_id": "0a70982c-93a4-488c-aa92-c67c6e804ea2"
    },
    {
        "client_msg_id": "4083e5a6-efe7-4089-880a-56bfbb60cff4",
        "type": "message",
        "text": "I'll send a longer doc with more info, but the general new is: the doctopus comes in multiple colors, and has an \"accessory pack\" of docs-related, project (think Java logo) and fun (think trombone) icons it can hold, and can be extended by other projects to include their objects\/logos to hold.",
        "user": "UL2AA1FF1",
        "ts": "1571822252.002400",
        "team": "TKFJE6LDR",
        "user_team": "TKFJE6LDR",
        "source_team": "TKFJE6LDR",
        "user_profile": {
            "avatar_hash": "22135067b36d",
            "image_72": "https:\/\/avatars.slack-edge.com\/2019-10-23\/805254797908_22135067b36dfb715e99_72.jpg",
            "first_name": "",
            "real_name": "Erin McKean",
            "display_name": "Erin McKean",
            "team": "TKFJE6LDR",
            "name": "emckean",
            "is_restricted": false,
            "is_ultra_restricted": false
        }
    },
    {
        "type": "message",
        "text": "one more version, with white background rather than transparent:",
        "files": [
            {
                "id": "FPC7F6ZNX",
                "created": 1571822272,
                "timestamp": 1571822272,
                "name": "doctopus-with-docs-white-background.png",
                "title": "doctopus-with-docs-white-background.png",
                "mimetype": "image\/png",
                "filetype": "png",
                "pretty_type": "PNG",
                "user": "UL2AA1FF1",
                "editable": false,
                "size": 18026,
                "mode": "hosted",
                "is_external": false,
                "external_type": "",
                "is_public": true,
                "public_url_shared": false,
                "display_as_bot": false,
                "username": "",
                "url_private": "https:\/\/files.slack.com\/files-pri\/TKFJE6LDR-FPC7F6ZNX\/doctopus-with-docs-white-background.png?t=xoxe-661626224467-1176889373458-1189513059441-ae8bad2fa75b08bee478ccbaefddd7f6",
                "url_private_download": "https:\/\/files.slack.com\/files-pri\/TKFJE6LDR-FPC7F6ZNX\/download\/doctopus-with-docs-white-background.png?t=xoxe-661626224467-1176889373458-1189513059441-ae8bad2fa75b08bee478ccbaefddd7f6",
                "thumb_64": "https:\/\/files.slack.com\/files-tmb\/TKFJE6LDR-FPC7F6ZNX-f3bbd23233\/doctopus-with-docs-white-background_64.png?t=xoxe-661626224467-1176889373458-1189513059441-ae8bad2fa75b08bee478ccbaefddd7f6",
                "thumb_80": "https:\/\/files.slack.com\/files-tmb\/TKFJE6LDR-FPC7F6ZNX-f3bbd23233\/doctopus-with-docs-white-background_80.png?t=xoxe-661626224467-1176889373458-1189513059441-ae8bad2fa75b08bee478ccbaefddd7f6",
                "thumb_360": "https:\/\/files.slack.com\/files-tmb\/TKFJE6LDR-FPC7F6ZNX-f3bbd23233\/doctopus-with-docs-white-background_360.png?t=xoxe-661626224467-1176889373458-1189513059441-ae8bad2fa75b08bee478ccbaefddd7f6",
                "thumb_360_w": 360,
                "thumb_360_h": 239,
                "thumb_480": "https:\/\/files.slack.com\/files-tmb\/TKFJE6LDR-FPC7F6ZNX-f3bbd23233\/doctopus-with-docs-white-background_480.png?t=xoxe-661626224467-1176889373458-1189513059441-ae8bad2fa75b08bee478ccbaefddd7f6",
                "thumb_480_w": 480,
                "thumb_480_h": 318,
                "thumb_160": "https:\/\/files.slack.com\/files-tmb\/TKFJE6LDR-FPC7F6ZNX-f3bbd23233\/doctopus-with-docs-white-background_160.png?t=xoxe-661626224467-1176889373458-1189513059441-ae8bad2fa75b08bee478ccbaefddd7f6",
                "image_exif_rotation": 1,
                "original_w": 688,
                "original_h": 456,
                "thumb_tiny": "AwAfADDTpjN6U+oTyeDjHX3poTHU5WzwajJzgg8Drx1py8kU2gJKAQehpp60gHPFSMX5hzTccZqQjIxTSoAzTENxQBxnOKcOTmjb6HigAHJxSgYpaKQz\/9k=",
                "permalink": "https:\/\/thegooddocs.slack.com\/files\/UL2AA1FF1\/FPC7F6ZNX\/doctopus-with-docs-white-background.png",
                "permalink_public": "https:\/\/slack-files.com\/TKFJE6LDR-FPC7F6ZNX-ffa011c07e",
                "is_starred": false,
                "has_rich_preview": false
            }
        ],
        "upload": true,
        "user": "UL2AA1FF1",
        "display_as_bot": false,
        "ts": "1571822274.002700",
        "client_msg_id": "f6578499-4d53-4bda-b51d-e9aefc90e1bd"
    },
    {
        "type": "message",
        "text": "here's an orange doctopus with a Python logo and a magic wand:",
        "files": [
            {
                "id": "FPRHA71UP",
                "created": 1571822707,
                "timestamp": 1571822707,
                "name": "doctopus-python-wand.png",
                "title": "doctopus-python-wand.png",
                "mimetype": "image\/png",
                "filetype": "png",
                "pretty_type": "PNG",
                "user": "UL2AA1FF1",
                "editable": false,
                "size": 5063,
                "mode": "hosted",
                "is_external": false,
                "external_type": "",
                "is_public": true,
                "public_url_shared": false,
                "display_as_bot": false,
                "username": "",
                "url_private": "https:\/\/files.slack.com\/files-pri\/TKFJE6LDR-FPRHA71UP\/doctopus-python-wand.png?t=xoxe-661626224467-1176889373458-1189513059441-ae8bad2fa75b08bee478ccbaefddd7f6",
                "url_private_download": "https:\/\/files.slack.com\/files-pri\/TKFJE6LDR-FPRHA71UP\/download\/doctopus-python-wand.png?t=xoxe-661626224467-1176889373458-1189513059441-ae8bad2fa75b08bee478ccbaefddd7f6",
                "thumb_64": "https:\/\/files.slack.com\/files-tmb\/TKFJE6LDR-FPRHA71UP-0cdd86c54f\/doctopus-python-wand_64.png?t=xoxe-661626224467-1176889373458-1189513059441-ae8bad2fa75b08bee478ccbaefddd7f6",
                "thumb_80": "https:\/\/files.slack.com\/files-tmb\/TKFJE6LDR-FPRHA71UP-0cdd86c54f\/doctopus-python-wand_80.png?t=xoxe-661626224467-1176889373458-1189513059441-ae8bad2fa75b08bee478ccbaefddd7f6",
                "thumb_360": "https:\/\/files.slack.com\/files-tmb\/TKFJE6LDR-FPRHA71UP-0cdd86c54f\/doctopus-python-wand_360.png?t=xoxe-661626224467-1176889373458-1189513059441-ae8bad2fa75b08bee478ccbaefddd7f6",
                "thumb_360_w": 170,
                "thumb_360_h": 142,
                "thumb_160": "https:\/\/files.slack.com\/files-tmb\/TKFJE6LDR-FPRHA71UP-0cdd86c54f\/doctopus-python-wand_160.png?t=xoxe-661626224467-1176889373458-1189513059441-ae8bad2fa75b08bee478ccbaefddd7f6",
                "image_exif_rotation": 1,
                "original_w": 170,
                "original_h": 142,
                "thumb_tiny": "AwAoADDTopO9DdKAAt6Ugb1puckj0oBzn2qblWJKKRelLVEiHpSEhlpx5prDkYpMaIypIGGIpQCMc5xT8ZPNJjjNTYq4qnFOBzUTsc4Xv3p8edvPWqJY6iiimIQjNKOKKKADAooooA\/\/2Q==",
                "permalink": "https:\/\/thegooddocs.slack.com\/files\/UL2AA1FF1\/FPRHA71UP\/doctopus-python-wand.png",
                "permalink_public": "https:\/\/slack-files.com\/TKFJE6LDR-FPRHA71UP-2e8948b180",
                "is_starred": false,
                "has_rich_preview": false
            }
        ],
        "upload": true,
        "user": "UL2AA1FF1",
        "display_as_bot": false,
        "ts": "1571822708.003300",
        "client_msg_id": "d7569246-0303-4b7a-a2f0-73e1756965c2"
    }
]