[
    {
        "client_msg_id": "7ab6e7de-e6c5-41d9-ba76-82782dd31e56",
        "type": "message",
        "text": "<!here> TheGoodDocsProject meeting now re templates <https:\/\/hangouts.google.com\/call\/vPB_0Z-BJfwkMFuFTvpTAEEM?no_rd>",
        "user": "UKTGLQNGG",
        "ts": "1573117259.001400",
        "team": "TKFJE6LDR",
        "user_team": "TKFJE6LDR",
        "source_team": "TKFJE6LDR",
        "user_profile": {
            "avatar_hash": "ge03fcb118b0",
            "image_72": "https:\/\/secure.gravatar.com\/avatar\/9e03fcb118b0853a3fedfdee2367779d.jpg?s=72&d=https%3A%2F%2Fa.slack-edge.com%2Fdf10d%2Fimg%2Favatars%2Fava_0021-72.png",
            "first_name": "Cameron",
            "real_name": "Cameron Shorter",
            "display_name": "cameronshorter",
            "team": "TKFJE6LDR",
            "name": "cameron.shorter",
            "is_restricted": false,
            "is_ultra_restricted": false
        }
    },
    {
        "client_msg_id": "e786dcf4-b959-4c0c-ad91-277e41cbf364",
        "type": "message",
        "text": "<@UL3UNUMK6>",
        "user": "UKVC4NB71",
        "ts": "1573117470.001600",
        "team": "TKFJE6LDR",
        "user_team": "TKFJE6LDR",
        "source_team": "TKFJE6LDR",
        "user_profile": {
            "avatar_hash": "c7d9788d4436",
            "image_72": "https:\/\/avatars.slack-edge.com\/2019-10-30\/814314609877_c7d9788d4436969613a7_72.jpg",
            "first_name": "Jared",
            "real_name": "Jared Morgan",
            "display_name": "jaredmorgs",
            "team": "TKFJE6LDR",
            "name": "jaredleonmorgan",
            "is_restricted": false,
            "is_ultra_restricted": false
        }
    },
    {
        "type": "message",
        "text": "Okay, here's how our permissions look now. It WAS the second radio option with \"google\" specified as a domain.\nI think it's weird you should have to physically specify email domains - there are so many. :thinking_face:",
        "files": [
            {
                "id": "FQ22N0RGR",
                "created": 1573154213,
                "timestamp": 1573154213,
                "name": "image.png",
                "title": "image.png",
                "mimetype": "image\/png",
                "filetype": "png",
                "pretty_type": "PNG",
                "user": "UKV4ZPEFQ",
                "editable": false,
                "size": 75658,
                "mode": "hosted",
                "is_external": false,
                "external_type": "",
                "is_public": true,
                "public_url_shared": false,
                "display_as_bot": false,
                "username": "",
                "url_private": "https:\/\/files.slack.com\/files-pri\/TKFJE6LDR-FQ22N0RGR\/image.png?t=xoxe-661626224467-1176889373458-1189513059441-ae8bad2fa75b08bee478ccbaefddd7f6",
                "url_private_download": "https:\/\/files.slack.com\/files-pri\/TKFJE6LDR-FQ22N0RGR\/download\/image.png?t=xoxe-661626224467-1176889373458-1189513059441-ae8bad2fa75b08bee478ccbaefddd7f6",
                "thumb_64": "https:\/\/files.slack.com\/files-tmb\/TKFJE6LDR-FQ22N0RGR-ca664c34e0\/image_64.png?t=xoxe-661626224467-1176889373458-1189513059441-ae8bad2fa75b08bee478ccbaefddd7f6",
                "thumb_80": "https:\/\/files.slack.com\/files-tmb\/TKFJE6LDR-FQ22N0RGR-ca664c34e0\/image_80.png?t=xoxe-661626224467-1176889373458-1189513059441-ae8bad2fa75b08bee478ccbaefddd7f6",
                "thumb_360": "https:\/\/files.slack.com\/files-tmb\/TKFJE6LDR-FQ22N0RGR-ca664c34e0\/image_360.png?t=xoxe-661626224467-1176889373458-1189513059441-ae8bad2fa75b08bee478ccbaefddd7f6",
                "thumb_360_w": 360,
                "thumb_360_h": 161,
                "thumb_480": "https:\/\/files.slack.com\/files-tmb\/TKFJE6LDR-FQ22N0RGR-ca664c34e0\/image_480.png?t=xoxe-661626224467-1176889373458-1189513059441-ae8bad2fa75b08bee478ccbaefddd7f6",
                "thumb_480_w": 480,
                "thumb_480_h": 215,
                "thumb_160": "https:\/\/files.slack.com\/files-tmb\/TKFJE6LDR-FQ22N0RGR-ca664c34e0\/image_160.png?t=xoxe-661626224467-1176889373458-1189513059441-ae8bad2fa75b08bee478ccbaefddd7f6",
                "thumb_720": "https:\/\/files.slack.com\/files-tmb\/TKFJE6LDR-FQ22N0RGR-ca664c34e0\/image_720.png?t=xoxe-661626224467-1176889373458-1189513059441-ae8bad2fa75b08bee478ccbaefddd7f6",
                "thumb_720_w": 720,
                "thumb_720_h": 322,
                "thumb_800": "https:\/\/files.slack.com\/files-tmb\/TKFJE6LDR-FQ22N0RGR-ca664c34e0\/image_800.png?t=xoxe-661626224467-1176889373458-1189513059441-ae8bad2fa75b08bee478ccbaefddd7f6",
                "thumb_800_w": 800,
                "thumb_800_h": 358,
                "thumb_960": "https:\/\/files.slack.com\/files-tmb\/TKFJE6LDR-FQ22N0RGR-ca664c34e0\/image_960.png?t=xoxe-661626224467-1176889373458-1189513059441-ae8bad2fa75b08bee478ccbaefddd7f6",
                "thumb_960_w": 960,
                "thumb_960_h": 430,
                "thumb_1024": "https:\/\/files.slack.com\/files-tmb\/TKFJE6LDR-FQ22N0RGR-ca664c34e0\/image_1024.png?t=xoxe-661626224467-1176889373458-1189513059441-ae8bad2fa75b08bee478ccbaefddd7f6",
                "thumb_1024_w": 1024,
                "thumb_1024_h": 458,
                "image_exif_rotation": 1,
                "original_w": 1059,
                "original_h": 474,
                "thumb_tiny": "AwAVADC+Ryen50oBHQUpANGB\/k0AHzUfNRgf5NGB\/k0AA3Uoz3oHFFAEcZZpHDEEDpxUuBUMX+tepqBIMCjFFFAwooooA\/\/Z",
                "permalink": "https:\/\/thegooddocs.slack.com\/files\/UKV4ZPEFQ\/FQ22N0RGR\/image.png",
                "permalink_public": "https:\/\/slack-files.com\/TKFJE6LDR-FQ22N0RGR-c182702e93",
                "is_starred": false,
                "has_rich_preview": false
            }
        ],
        "upload": true,
        "user": "UKV4ZPEFQ",
        "display_as_bot": false,
        "ts": "1573154216.000100",
        "client_msg_id": "d97b1d22-2da3-4c80-921d-db79fbb448b5"
    },
    {
        "client_msg_id": "b38fc73f-f513-4696-8afe-f0d2aef13ca5",
        "type": "message",
        "text": "I'm not sure what the user experience is on this configuration. I don't think we should invite people, I think folks should be able to request entry.\nI think it would be great if we could set it up the way Write the Docs have theirs but I don't know how they did that.",
        "user": "UKV4ZPEFQ",
        "ts": "1573154384.001700",
        "team": "TKFJE6LDR",
        "user_team": "TKFJE6LDR",
        "source_team": "TKFJE6LDR",
        "user_profile": {
            "avatar_hash": "g854c628ef64",
            "image_72": "https:\/\/secure.gravatar.com\/avatar\/6854c628ef64a4c129a994522e17cdf2.jpg?s=72&d=https%3A%2F%2Fa.slack-edge.com%2Fdf10d%2Fimg%2Favatars%2Fava_0007-72.png",
            "first_name": "felicitybrand",
            "real_name": "felicitybrand",
            "display_name": "flicstar",
            "team": "TKFJE6LDR",
            "name": "felicitybrand",
            "is_restricted": false,
            "is_ultra_restricted": false
        }
    },
    {
        "client_msg_id": "7f509e18-4b67-4dc9-848b-0b5257ef4a5f",
        "type": "message",
        "text": "so good news, it's set up now: <https:\/\/angular-notch-258423.appspot.com\/>",
        "user": "UL2AA1FF1",
        "ts": "1573171775.002100",
        "team": "TKFJE6LDR",
        "user_team": "TKFJE6LDR",
        "source_team": "TKFJE6LDR",
        "user_profile": {
            "avatar_hash": "22135067b36d",
            "image_72": "https:\/\/avatars.slack-edge.com\/2019-10-23\/805254797908_22135067b36dfb715e99_72.jpg",
            "first_name": "",
            "real_name": "Erin McKean",
            "display_name": "Erin McKean",
            "team": "TKFJE6LDR",
            "name": "emckean",
            "is_restricted": false,
            "is_ultra_restricted": false
        },
        "thread_ts": "1573171775.002100",
        "reply_count": 6,
        "reply_users_count": 1,
        "latest_reply": "1573172017.004200",
        "reply_users": [
            "UL2AA1FF1"
        ],
        "replies": [
            {
                "user": "UL2AA1FF1",
                "ts": "1573171854.003200"
            },
            {
                "user": "UL2AA1FF1",
                "ts": "1573171872.003400"
            },
            {
                "user": "UL2AA1FF1",
                "ts": "1573171891.003600"
            },
            {
                "user": "UL2AA1FF1",
                "ts": "1573171918.003800"
            },
            {
                "user": "UL2AA1FF1",
                "ts": "1573171930.004000"
            },
            {
                "user": "UL2AA1FF1",
                "ts": "1573172017.004200"
            }
        ],
        "subscribed": false
    },
    {
        "client_msg_id": "3bd0a8df-db6b-4c19-bad2-f3b19f2d32e7",
        "type": "message",
        "text": "if someone can give me permissions to our domain, I can set it up with a custom domain (most people seem to use something like  slack.thegooddocsproject.dev)",
        "user": "UL2AA1FF1",
        "ts": "1573171834.003100",
        "team": "TKFJE6LDR",
        "user_team": "TKFJE6LDR",
        "source_team": "TKFJE6LDR",
        "user_profile": {
            "avatar_hash": "22135067b36d",
            "image_72": "https:\/\/avatars.slack-edge.com\/2019-10-23\/805254797908_22135067b36dfb715e99_72.jpg",
            "first_name": "",
            "real_name": "Erin McKean",
            "display_name": "Erin McKean",
            "team": "TKFJE6LDR",
            "name": "emckean",
            "is_restricted": false,
            "is_ultra_restricted": false
        }
    },
    {
        "client_msg_id": "b0970f88-4f80-4447-97d5-0807859aefd3",
        "type": "message",
        "text": "some background, tl;dr",
        "user": "UL2AA1FF1",
        "ts": "1573171854.003200",
        "team": "TKFJE6LDR",
        "user_team": "TKFJE6LDR",
        "source_team": "TKFJE6LDR",
        "user_profile": {
            "avatar_hash": "22135067b36d",
            "image_72": "https:\/\/avatars.slack-edge.com\/2019-10-23\/805254797908_22135067b36dfb715e99_72.jpg",
            "first_name": "",
            "real_name": "Erin McKean",
            "display_name": "Erin McKean",
            "team": "TKFJE6LDR",
            "name": "emckean",
            "is_restricted": false,
            "is_ultra_restricted": false
        },
        "thread_ts": "1573171775.002100",
        "parent_user_id": "UL2AA1FF1"
    },
    {
        "client_msg_id": "19f58d13-faca-450c-b0a6-14f2163d2567",
        "type": "message",
        "text": "I set up a new google account for the GDP, so we get $300 free credit for a year",
        "user": "UL2AA1FF1",
        "ts": "1573171872.003400",
        "team": "TKFJE6LDR",
        "user_team": "TKFJE6LDR",
        "source_team": "TKFJE6LDR",
        "user_profile": {
            "avatar_hash": "22135067b36d",
            "image_72": "https:\/\/avatars.slack-edge.com\/2019-10-23\/805254797908_22135067b36dfb715e99_72.jpg",
            "first_name": "",
            "real_name": "Erin McKean",
            "display_name": "Erin McKean",
            "team": "TKFJE6LDR",
            "name": "emckean",
            "is_restricted": false,
            "is_ultra_restricted": false
        },
        "thread_ts": "1573171775.002100",
        "parent_user_id": "UL2AA1FF1"
    },
    {
        "client_msg_id": "be0e8cbf-0147-4703-a620-bb727b213c8c",
        "type": "message",
        "text": "by the time it runs out I hope my team will have come up with a way to give open source projects GCP credit :slightly_smiling_face:",
        "user": "UL2AA1FF1",
        "ts": "1573171891.003600",
        "team": "TKFJE6LDR",
        "user_team": "TKFJE6LDR",
        "source_team": "TKFJE6LDR",
        "user_profile": {
            "avatar_hash": "22135067b36d",
            "image_72": "https:\/\/avatars.slack-edge.com\/2019-10-23\/805254797908_22135067b36dfb715e99_72.jpg",
            "first_name": "",
            "real_name": "Erin McKean",
            "display_name": "Erin McKean",
            "team": "TKFJE6LDR",
            "name": "emckean",
            "is_restricted": false,
            "is_ultra_restricted": false
        },
        "thread_ts": "1573171775.002100",
        "parent_user_id": "UL2AA1FF1"
    },
    {
        "client_msg_id": "6869825c-dcaf-48ab-910b-05c6d4629f0a",
        "type": "message",
        "text": "once I have onepwd in place I can set up so others can access",
        "user": "UL2AA1FF1",
        "ts": "1573171918.003800",
        "team": "TKFJE6LDR",
        "user_team": "TKFJE6LDR",
        "source_team": "TKFJE6LDR",
        "user_profile": {
            "avatar_hash": "22135067b36d",
            "image_72": "https:\/\/avatars.slack-edge.com\/2019-10-23\/805254797908_22135067b36dfb715e99_72.jpg",
            "first_name": "",
            "real_name": "Erin McKean",
            "display_name": "Erin McKean",
            "team": "TKFJE6LDR",
            "name": "emckean",
            "is_restricted": false,
            "is_ultra_restricted": false
        },
        "thread_ts": "1573171775.002100",
        "parent_user_id": "UL2AA1FF1"
    },
    {
        "client_msg_id": "9cb71ed4-157e-49f2-aa47-2cfe60eb5fed",
        "type": "message",
        "text": "it's going to a throwaway email address I control right now, but we can switch that easily",
        "user": "UL2AA1FF1",
        "ts": "1573171930.004000",
        "team": "TKFJE6LDR",
        "user_team": "TKFJE6LDR",
        "source_team": "TKFJE6LDR",
        "user_profile": {
            "avatar_hash": "22135067b36d",
            "image_72": "https:\/\/avatars.slack-edge.com\/2019-10-23\/805254797908_22135067b36dfb715e99_72.jpg",
            "first_name": "",
            "real_name": "Erin McKean",
            "display_name": "Erin McKean",
            "team": "TKFJE6LDR",
            "name": "emckean",
            "is_restricted": false,
            "is_ultra_restricted": false
        },
        "thread_ts": "1573171775.002100",
        "parent_user_id": "UL2AA1FF1"
    },
    {
        "client_msg_id": "b53c06a4-4455-45af-96b6-10a398aa4097",
        "type": "message",
        "text": "GCP does not have an easy way to do environment variables so I did not fork the inviter repo to the GDP account, I have it in a private GCP cloud repository to keep those environment variables safe (although that variable is just a slack OAuth token we can revoke at any time, so it's pretty low-stakes as private variables go)",
        "user": "UL2AA1FF1",
        "ts": "1573172017.004200",
        "team": "TKFJE6LDR",
        "user_team": "TKFJE6LDR",
        "source_team": "TKFJE6LDR",
        "user_profile": {
            "avatar_hash": "22135067b36d",
            "image_72": "https:\/\/avatars.slack-edge.com\/2019-10-23\/805254797908_22135067b36dfb715e99_72.jpg",
            "first_name": "",
            "real_name": "Erin McKean",
            "display_name": "Erin McKean",
            "team": "TKFJE6LDR",
            "name": "emckean",
            "is_restricted": false,
            "is_ultra_restricted": false
        },
        "thread_ts": "1573171775.002100",
        "parent_user_id": "UL2AA1FF1"
    },
    {
        "client_msg_id": "C001E1B5-BB5C-4FA6-AC0F-7D57D4B99851",
        "type": "message",
        "text": "I think Jo or Sanket might be able to get you in to the domain... I’d have to go back through the emails to find out about that.",
        "user": "UKV4ZPEFQ",
        "ts": "1573172997.005200",
        "team": "TKFJE6LDR",
        "user_team": "TKFJE6LDR",
        "source_team": "TKFJE6LDR",
        "user_profile": {
            "avatar_hash": "g854c628ef64",
            "image_72": "https:\/\/secure.gravatar.com\/avatar\/6854c628ef64a4c129a994522e17cdf2.jpg?s=72&d=https%3A%2F%2Fa.slack-edge.com%2Fdf10d%2Fimg%2Favatars%2Fava_0007-72.png",
            "first_name": "felicitybrand",
            "real_name": "felicitybrand",
            "display_name": "flicstar",
            "team": "TKFJE6LDR",
            "name": "felicitybrand",
            "is_restricted": false,
            "is_ultra_restricted": false
        }
    },
    {
        "client_msg_id": "fa1c286b-a8e9-4d32-9f0a-4f62a3025eb7",
        "type": "message",
        "text": "thank you!",
        "user": "UL2AA1FF1",
        "ts": "1573174108.005400",
        "team": "TKFJE6LDR",
        "user_team": "TKFJE6LDR",
        "source_team": "TKFJE6LDR",
        "user_profile": {
            "avatar_hash": "22135067b36d",
            "image_72": "https:\/\/avatars.slack-edge.com\/2019-10-23\/805254797908_22135067b36dfb715e99_72.jpg",
            "first_name": "",
            "real_name": "Erin McKean",
            "display_name": "Erin McKean",
            "team": "TKFJE6LDR",
            "name": "emckean",
            "is_restricted": false,
            "is_ultra_restricted": false
        }
    },
    {
        "client_msg_id": "e3375136-52ee-4bb0-9f74-9ba173905f93",
        "type": "message",
        "text": "Also: <https:\/\/github.com\/thegooddocsproject\/brand-assets\/tree\/master\/doctopus-mascot>",
        "user": "UL2AA1FF1",
        "ts": "1573174112.005600",
        "team": "TKFJE6LDR",
        "user_team": "TKFJE6LDR",
        "source_team": "TKFJE6LDR",
        "user_profile": {
            "avatar_hash": "22135067b36d",
            "image_72": "https:\/\/avatars.slack-edge.com\/2019-10-23\/805254797908_22135067b36dfb715e99_72.jpg",
            "first_name": "",
            "real_name": "Erin McKean",
            "display_name": "Erin McKean",
            "team": "TKFJE6LDR",
            "name": "emckean",
            "is_restricted": false,
            "is_ultra_restricted": false
        },
        "edited": {
            "user": "UL2AA1FF1",
            "ts": "1573174117.000000"
        },
        "reactions": [
            {
                "name": "page_facing_up",
                "users": [
                    "UKVC4NB71"
                ],
                "count": 1
            },
            {
                "name": "octopus",
                "users": [
                    "UKVC4NB71"
                ],
                "count": 1
            },
            {
                "name": "doctopus",
                "users": [
                    "UKV4ZPEFQ"
                ],
                "count": 1
            }
        ]
    }
]