[
    {
        "client_msg_id": "E1334E53-C9A4-4D39-862C-2C1C580B2CFB",
        "type": "message",
        "text": "Sorry. I was away (blue mountains). I do not have access to the domain page. Maybe someone else has access?",
        "user": "UL9F82XL3",
        "ts": "1573426261.001500",
        "team": "TKFJE6LDR",
        "user_team": "TKFJE6LDR",
        "source_team": "TKFJE6LDR",
        "user_profile": {
            "avatar_hash": "431cbc5b0797",
            "image_72": "https:\/\/avatars.slack-edge.com\/2019-07-23\/702616820016_431cbc5b0797a8cc9f24_72.jpg",
            "first_name": "Sanket",
            "real_name": "Sanket Totewar",
            "display_name": "",
            "team": "TKFJE6LDR",
            "name": "sanket.totewar",
            "is_restricted": false,
            "is_ultra_restricted": false
        }
    },
    {
        "client_msg_id": "032be134-327f-46a4-84eb-d89bb148bdbf",
        "type": "message",
        "text": "You weren't up at a retreat by any chance?",
        "user": "UKVC4NB71",
        "ts": "1573426290.002000",
        "team": "TKFJE6LDR",
        "user_team": "TKFJE6LDR",
        "source_team": "TKFJE6LDR",
        "user_profile": {
            "avatar_hash": "c7d9788d4436",
            "image_72": "https:\/\/avatars.slack-edge.com\/2019-10-30\/814314609877_c7d9788d4436969613a7_72.jpg",
            "first_name": "Jared",
            "real_name": "Jared Morgan",
            "display_name": "jaredmorgs",
            "team": "TKFJE6LDR",
            "name": "jaredleonmorgan",
            "is_restricted": false,
            "is_ultra_restricted": false
        },
        "thread_ts": "1573426290.002000",
        "reply_count": 3,
        "reply_users_count": 2,
        "latest_reply": "1573426505.006900",
        "reply_users": [
            "UL9F82XL3",
            "UKVC4NB71"
        ],
        "replies": [
            {
                "user": "UL9F82XL3",
                "ts": "1573426339.003300"
            },
            {
                "user": "UKVC4NB71",
                "ts": "1573426378.003500"
            },
            {
                "user": "UL9F82XL3",
                "ts": "1573426505.006900"
            }
        ],
        "subscribed": false
    },
    {
        "client_msg_id": "415DAA75-B714-489D-AD58-1FC6C8A3870D",
        "type": "message",
        "text": "Nope. Just visited several art galleries in Leura as I plan to start an initiative to help the lesser known artists there.",
        "user": "UL9F82XL3",
        "ts": "1573426339.003300",
        "team": "TKFJE6LDR",
        "user_team": "TKFJE6LDR",
        "source_team": "TKFJE6LDR",
        "user_profile": {
            "avatar_hash": "431cbc5b0797",
            "image_72": "https:\/\/avatars.slack-edge.com\/2019-07-23\/702616820016_431cbc5b0797a8cc9f24_72.jpg",
            "first_name": "Sanket",
            "real_name": "Sanket Totewar",
            "display_name": "",
            "team": "TKFJE6LDR",
            "name": "sanket.totewar",
            "is_restricted": false,
            "is_ultra_restricted": false
        },
        "thread_ts": "1573426290.002000",
        "parent_user_id": "UKVC4NB71"
    },
    {
        "client_msg_id": "5a2cd494-b0ad-4b61-8d25-0b2b6abd9159",
        "type": "message",
        "text": "Nice one. My colleague attended a meditation retreat up there so this message seemed coincidental.",
        "user": "UKVC4NB71",
        "ts": "1573426378.003500",
        "team": "TKFJE6LDR",
        "user_team": "TKFJE6LDR",
        "source_team": "TKFJE6LDR",
        "user_profile": {
            "avatar_hash": "c7d9788d4436",
            "image_72": "https:\/\/avatars.slack-edge.com\/2019-10-30\/814314609877_c7d9788d4436969613a7_72.jpg",
            "first_name": "Jared",
            "real_name": "Jared Morgan",
            "display_name": "jaredmorgs",
            "team": "TKFJE6LDR",
            "name": "jaredleonmorgan",
            "is_restricted": false,
            "is_ultra_restricted": false
        },
        "thread_ts": "1573426290.002000",
        "parent_user_id": "UKVC4NB71"
    },
    {
        "type": "message",
        "text": "Btw, I still see this on\n\n<https:\/\/thegooddocs.slack.com\/signup>",
        "files": [
            {
                "id": "FQ02X9AKU",
                "created": 1573426417,
                "timestamp": 1573426417,
                "name": "Image from iOS.png",
                "title": "Image from iOS",
                "mimetype": "image\/png",
                "filetype": "png",
                "pretty_type": "PNG",
                "user": "UL9F82XL3",
                "editable": false,
                "size": 611423,
                "mode": "hosted",
                "is_external": false,
                "external_type": "",
                "is_public": true,
                "public_url_shared": false,
                "display_as_bot": false,
                "username": "",
                "url_private": "https:\/\/files.slack.com\/files-pri\/TKFJE6LDR-FQ02X9AKU\/image_from_ios.png?t=xoxe-661626224467-1176889373458-1189513059441-ae8bad2fa75b08bee478ccbaefddd7f6",
                "url_private_download": "https:\/\/files.slack.com\/files-pri\/TKFJE6LDR-FQ02X9AKU\/download\/image_from_ios.png?t=xoxe-661626224467-1176889373458-1189513059441-ae8bad2fa75b08bee478ccbaefddd7f6",
                "thumb_64": "https:\/\/files.slack.com\/files-tmb\/TKFJE6LDR-FQ02X9AKU-df6617f6e9\/image_from_ios_64.png?t=xoxe-661626224467-1176889373458-1189513059441-ae8bad2fa75b08bee478ccbaefddd7f6",
                "thumb_80": "https:\/\/files.slack.com\/files-tmb\/TKFJE6LDR-FQ02X9AKU-df6617f6e9\/image_from_ios_80.png?t=xoxe-661626224467-1176889373458-1189513059441-ae8bad2fa75b08bee478ccbaefddd7f6",
                "thumb_360": "https:\/\/files.slack.com\/files-tmb\/TKFJE6LDR-FQ02X9AKU-df6617f6e9\/image_from_ios_360.png?t=xoxe-661626224467-1176889373458-1189513059441-ae8bad2fa75b08bee478ccbaefddd7f6",
                "thumb_360_w": 166,
                "thumb_360_h": 360,
                "thumb_480": "https:\/\/files.slack.com\/files-tmb\/TKFJE6LDR-FQ02X9AKU-df6617f6e9\/image_from_ios_480.png?t=xoxe-661626224467-1176889373458-1189513059441-ae8bad2fa75b08bee478ccbaefddd7f6",
                "thumb_480_w": 222,
                "thumb_480_h": 480,
                "thumb_160": "https:\/\/files.slack.com\/files-tmb\/TKFJE6LDR-FQ02X9AKU-df6617f6e9\/image_from_ios_160.png?t=xoxe-661626224467-1176889373458-1189513059441-ae8bad2fa75b08bee478ccbaefddd7f6",
                "thumb_720": "https:\/\/files.slack.com\/files-tmb\/TKFJE6LDR-FQ02X9AKU-df6617f6e9\/image_from_ios_720.png?t=xoxe-661626224467-1176889373458-1189513059441-ae8bad2fa75b08bee478ccbaefddd7f6",
                "thumb_720_w": 333,
                "thumb_720_h": 720,
                "thumb_800": "https:\/\/files.slack.com\/files-tmb\/TKFJE6LDR-FQ02X9AKU-df6617f6e9\/image_from_ios_800.png?t=xoxe-661626224467-1176889373458-1189513059441-ae8bad2fa75b08bee478ccbaefddd7f6",
                "thumb_800_w": 800,
                "thumb_800_h": 1732,
                "thumb_960": "https:\/\/files.slack.com\/files-tmb\/TKFJE6LDR-FQ02X9AKU-df6617f6e9\/image_from_ios_960.png?t=xoxe-661626224467-1176889373458-1189513059441-ae8bad2fa75b08bee478ccbaefddd7f6",
                "thumb_960_w": 443,
                "thumb_960_h": 960,
                "thumb_1024": "https:\/\/files.slack.com\/files-tmb\/TKFJE6LDR-FQ02X9AKU-df6617f6e9\/image_from_ios_1024.png?t=xoxe-661626224467-1176889373458-1189513059441-ae8bad2fa75b08bee478ccbaefddd7f6",
                "thumb_1024_w": 473,
                "thumb_1024_h": 1024,
                "image_exif_rotation": 1,
                "original_w": 1125,
                "original_h": 2436,
                "thumb_tiny": "AwAwABa\/nafvLk+pp3z\/AOzQxAPQk\/Smh24ypH50AOGc9qXmgEEZAP4iigAwO9INp6UkgZkwjbT61F5U\/wDz2oAnxiijtRQAmD60YPrS5xzSbx2I\/OgBQDRRk0ZoA\/\/Z",
                "permalink": "https:\/\/thegooddocs.slack.com\/files\/UL9F82XL3\/FQ02X9AKU\/image_from_ios.png",
                "permalink_public": "https:\/\/slack-files.com\/TKFJE6LDR-FQ02X9AKU-1aeb7ac7a5",
                "is_starred": false,
                "has_rich_preview": false
            }
        ],
        "upload": true,
        "user": "UL9F82XL3",
        "display_as_bot": false,
        "ts": "1573426417.004200",
        "edited": {
            "user": "UL9F82XL3",
            "ts": "1573426429.000000"
        },
        "client_msg_id": "63A4E14F-D9C1-44C8-A6B7-C26097526254"
    },
    {
        "client_msg_id": "43b001b5-fd0b-4d32-b532-5164486d6a80",
        "type": "message",
        "text": "Yes I do as well, but I don't when I go through the appspot link",
        "user": "UKVC4NB71",
        "ts": "1573426461.005600",
        "team": "TKFJE6LDR",
        "user_team": "TKFJE6LDR",
        "source_team": "TKFJE6LDR",
        "user_profile": {
            "avatar_hash": "c7d9788d4436",
            "image_72": "https:\/\/avatars.slack-edge.com\/2019-10-30\/814314609877_c7d9788d4436969613a7_72.jpg",
            "first_name": "Jared",
            "real_name": "Jared Morgan",
            "display_name": "jaredmorgs",
            "team": "TKFJE6LDR",
            "name": "jaredleonmorgan",
            "is_restricted": false,
            "is_ultra_restricted": false
        }
    },
    {
        "client_msg_id": "9A845317-41E7-455F-9CAD-16D4518431C9",
        "type": "message",
        "text": "Haha nice. I was a monk in my previous life where we hosted retreats so now I explore more on the outside than the inside...",
        "user": "UL9F82XL3",
        "ts": "1573426505.006900",
        "team": "TKFJE6LDR",
        "user_team": "TKFJE6LDR",
        "source_team": "TKFJE6LDR",
        "user_profile": {
            "avatar_hash": "431cbc5b0797",
            "image_72": "https:\/\/avatars.slack-edge.com\/2019-07-23\/702616820016_431cbc5b0797a8cc9f24_72.jpg",
            "first_name": "Sanket",
            "real_name": "Sanket Totewar",
            "display_name": "",
            "team": "TKFJE6LDR",
            "name": "sanket.totewar",
            "is_restricted": false,
            "is_ultra_restricted": false
        },
        "thread_ts": "1573426290.002000",
        "parent_user_id": "UKVC4NB71"
    },
    {
        "client_msg_id": "4dc0c160-6bbf-4ecf-bc6a-5d25050e6139",
        "type": "message",
        "text": "Bummer. Is it a caching issue?",
        "user": "UKV4ZPEFQ",
        "ts": "1573426506.007100",
        "team": "TKFJE6LDR",
        "user_team": "TKFJE6LDR",
        "source_team": "TKFJE6LDR",
        "user_profile": {
            "avatar_hash": "g854c628ef64",
            "image_72": "https:\/\/secure.gravatar.com\/avatar\/6854c628ef64a4c129a994522e17cdf2.jpg?s=72&d=https%3A%2F%2Fa.slack-edge.com%2Fdf10d%2Fimg%2Favatars%2Fava_0007-72.png",
            "first_name": "felicitybrand",
            "real_name": "felicitybrand",
            "display_name": "flicstar",
            "team": "TKFJE6LDR",
            "name": "felicitybrand",
            "is_restricted": false,
            "is_ultra_restricted": false
        }
    },
    {
        "client_msg_id": "b8c105fc-1600-4267-9725-89b9e8ced0db",
        "type": "message",
        "text": "Nope. I did it in an Incognito window and same result.",
        "user": "UKVC4NB71",
        "ts": "1573426544.007700",
        "team": "TKFJE6LDR",
        "user_team": "TKFJE6LDR",
        "source_team": "TKFJE6LDR",
        "user_profile": {
            "avatar_hash": "c7d9788d4436",
            "image_72": "https:\/\/avatars.slack-edge.com\/2019-10-30\/814314609877_c7d9788d4436969613a7_72.jpg",
            "first_name": "Jared",
            "real_name": "Jared Morgan",
            "display_name": "jaredmorgs",
            "team": "TKFJE6LDR",
            "name": "jaredleonmorgan",
            "is_restricted": false,
            "is_ultra_restricted": false
        }
    },
    {
        "client_msg_id": "B91783B6-19AC-43D8-A268-068B2A6D15DC",
        "type": "message",
        "text": "I cleared cache and cookies and also tried in incognito. On the phone as well as the computer. No go.",
        "user": "UL9F82XL3",
        "ts": "1573426567.008400",
        "team": "TKFJE6LDR",
        "user_team": "TKFJE6LDR",
        "source_team": "TKFJE6LDR",
        "user_profile": {
            "avatar_hash": "431cbc5b0797",
            "image_72": "https:\/\/avatars.slack-edge.com\/2019-07-23\/702616820016_431cbc5b0797a8cc9f24_72.jpg",
            "first_name": "Sanket",
            "real_name": "Sanket Totewar",
            "display_name": "",
            "team": "TKFJE6LDR",
            "name": "sanket.totewar",
            "is_restricted": false,
            "is_ultra_restricted": false
        }
    },
    {
        "client_msg_id": "193b2544-8668-4941-8f6b-a7d64f5b7e39",
        "type": "message",
        "text": "Okay, try now.",
        "user": "UKV4ZPEFQ",
        "ts": "1573426840.008800",
        "team": "TKFJE6LDR",
        "user_team": "TKFJE6LDR",
        "source_team": "TKFJE6LDR",
        "user_profile": {
            "avatar_hash": "g854c628ef64",
            "image_72": "https:\/\/secure.gravatar.com\/avatar\/6854c628ef64a4c129a994522e17cdf2.jpg?s=72&d=https%3A%2F%2Fa.slack-edge.com%2Fdf10d%2Fimg%2Favatars%2Fava_0007-72.png",
            "first_name": "felicitybrand",
            "real_name": "felicitybrand",
            "display_name": "flicstar",
            "team": "TKFJE6LDR",
            "name": "felicitybrand",
            "is_restricted": false,
            "is_ultra_restricted": false
        }
    },
    {
        "type": "message",
        "text": "Oof now I get this",
        "files": [
            {
                "id": "FQEMY76ET",
                "created": 1573426878,
                "timestamp": 1573426878,
                "name": "image.png",
                "title": "image.png",
                "mimetype": "image\/png",
                "filetype": "png",
                "pretty_type": "PNG",
                "user": "UKV4ZPEFQ",
                "editable": false,
                "size": 35374,
                "mode": "hosted",
                "is_external": false,
                "external_type": "",
                "is_public": true,
                "public_url_shared": false,
                "display_as_bot": false,
                "username": "",
                "url_private": "https:\/\/files.slack.com\/files-pri\/TKFJE6LDR-FQEMY76ET\/image.png?t=xoxe-661626224467-1176889373458-1189513059441-ae8bad2fa75b08bee478ccbaefddd7f6",
                "url_private_download": "https:\/\/files.slack.com\/files-pri\/TKFJE6LDR-FQEMY76ET\/download\/image.png?t=xoxe-661626224467-1176889373458-1189513059441-ae8bad2fa75b08bee478ccbaefddd7f6",
                "thumb_64": "https:\/\/files.slack.com\/files-tmb\/TKFJE6LDR-FQEMY76ET-a131a90ad1\/image_64.png?t=xoxe-661626224467-1176889373458-1189513059441-ae8bad2fa75b08bee478ccbaefddd7f6",
                "thumb_80": "https:\/\/files.slack.com\/files-tmb\/TKFJE6LDR-FQEMY76ET-a131a90ad1\/image_80.png?t=xoxe-661626224467-1176889373458-1189513059441-ae8bad2fa75b08bee478ccbaefddd7f6",
                "thumb_360": "https:\/\/files.slack.com\/files-tmb\/TKFJE6LDR-FQEMY76ET-a131a90ad1\/image_360.png?t=xoxe-661626224467-1176889373458-1189513059441-ae8bad2fa75b08bee478ccbaefddd7f6",
                "thumb_360_w": 360,
                "thumb_360_h": 116,
                "thumb_480": "https:\/\/files.slack.com\/files-tmb\/TKFJE6LDR-FQEMY76ET-a131a90ad1\/image_480.png?t=xoxe-661626224467-1176889373458-1189513059441-ae8bad2fa75b08bee478ccbaefddd7f6",
                "thumb_480_w": 480,
                "thumb_480_h": 154,
                "thumb_160": "https:\/\/files.slack.com\/files-tmb\/TKFJE6LDR-FQEMY76ET-a131a90ad1\/image_160.png?t=xoxe-661626224467-1176889373458-1189513059441-ae8bad2fa75b08bee478ccbaefddd7f6",
                "thumb_720": "https:\/\/files.slack.com\/files-tmb\/TKFJE6LDR-FQEMY76ET-a131a90ad1\/image_720.png?t=xoxe-661626224467-1176889373458-1189513059441-ae8bad2fa75b08bee478ccbaefddd7f6",
                "thumb_720_w": 720,
                "thumb_720_h": 232,
                "thumb_800": "https:\/\/files.slack.com\/files-tmb\/TKFJE6LDR-FQEMY76ET-a131a90ad1\/image_800.png?t=xoxe-661626224467-1176889373458-1189513059441-ae8bad2fa75b08bee478ccbaefddd7f6",
                "thumb_800_w": 800,
                "thumb_800_h": 257,
                "image_exif_rotation": 1,
                "original_w": 939,
                "original_h": 302,
                "thumb_tiny": "AwAPADDSx70fjSim+WvZV\/KgBfxo\/Gm+Wv8AdX8qPLX+6v5UAPpKAijkAZ9hQaAP\/9k=",
                "permalink": "https:\/\/thegooddocs.slack.com\/files\/UKV4ZPEFQ\/FQEMY76ET\/image.png",
                "permalink_public": "https:\/\/slack-files.com\/TKFJE6LDR-FQEMY76ET-38c02365a8",
                "is_starred": false,
                "has_rich_preview": false
            }
        ],
        "upload": true,
        "user": "UKV4ZPEFQ",
        "display_as_bot": false,
        "ts": "1573426880.009100",
        "client_msg_id": "a570adc2-0532-4c7d-b60c-b135e68b2321",
        "reactions": [
            {
                "name": "face_vomiting",
                "users": [
                    "UKV4ZPEFQ"
                ],
                "count": 1
            }
        ]
    },
    {
        "client_msg_id": "5c6de910-dc11-463d-b588-d313db7d7f50",
        "type": "message",
        "text": "Now email signups are completely disabled",
        "user": "UKVC4NB71",
        "ts": "1573426887.009500",
        "team": "TKFJE6LDR",
        "user_team": "TKFJE6LDR",
        "source_team": "TKFJE6LDR",
        "user_profile": {
            "avatar_hash": "c7d9788d4436",
            "image_72": "https:\/\/avatars.slack-edge.com\/2019-10-30\/814314609877_c7d9788d4436969613a7_72.jpg",
            "first_name": "Jared",
            "real_name": "Jared Morgan",
            "display_name": "jaredmorgs",
            "team": "TKFJE6LDR",
            "name": "jaredleonmorgan",
            "is_restricted": false,
            "is_ultra_restricted": false
        }
    },
    {
        "client_msg_id": "f5eed3d4-1f29-44ff-9971-fe3bc9323980",
        "type": "message",
        "text": "<@UL2AA1FF1> was doing something with it, I recall :thinking_face:",
        "user": "UKV4ZPEFQ",
        "ts": "1573426916.010000",
        "team": "TKFJE6LDR",
        "user_team": "TKFJE6LDR",
        "source_team": "TKFJE6LDR",
        "user_profile": {
            "avatar_hash": "g854c628ef64",
            "image_72": "https:\/\/secure.gravatar.com\/avatar\/6854c628ef64a4c129a994522e17cdf2.jpg?s=72&d=https%3A%2F%2Fa.slack-edge.com%2Fdf10d%2Fimg%2Favatars%2Fava_0007-72.png",
            "first_name": "felicitybrand",
            "real_name": "felicitybrand",
            "display_name": "flicstar",
            "team": "TKFJE6LDR",
            "name": "felicitybrand",
            "is_restricted": false,
            "is_ultra_restricted": false
        }
    },
    {
        "client_msg_id": "1d09a63b-0dbc-4150-9f14-94ae7adb923f",
        "type": "message",
        "text": "Yeah, this: <https:\/\/angular-notch-258423.appspot.com\/>",
        "user": "UKVC4NB71",
        "ts": "1573426940.010200",
        "team": "TKFJE6LDR",
        "user_team": "TKFJE6LDR",
        "source_team": "TKFJE6LDR",
        "user_profile": {
            "avatar_hash": "c7d9788d4436",
            "image_72": "https:\/\/avatars.slack-edge.com\/2019-10-30\/814314609877_c7d9788d4436969613a7_72.jpg",
            "first_name": "Jared",
            "real_name": "Jared Morgan",
            "display_name": "jaredmorgs",
            "team": "TKFJE6LDR",
            "name": "jaredleonmorgan",
            "is_restricted": false,
            "is_ultra_restricted": false
        }
    },
    {
        "client_msg_id": "c862eae9-28ae-499b-8fc3-e4707ccd72db",
        "type": "message",
        "text": "OMG that's beautiful",
        "user": "UKV4ZPEFQ",
        "ts": "1573426958.010400",
        "team": "TKFJE6LDR",
        "user_team": "TKFJE6LDR",
        "source_team": "TKFJE6LDR",
        "user_profile": {
            "avatar_hash": "g854c628ef64",
            "image_72": "https:\/\/secure.gravatar.com\/avatar\/6854c628ef64a4c129a994522e17cdf2.jpg?s=72&d=https%3A%2F%2Fa.slack-edge.com%2Fdf10d%2Fimg%2Favatars%2Fava_0007-72.png",
            "first_name": "felicitybrand",
            "real_name": "felicitybrand",
            "display_name": "flicstar",
            "team": "TKFJE6LDR",
            "name": "felicitybrand",
            "is_restricted": false,
            "is_ultra_restricted": false
        }
    },
    {
        "client_msg_id": "b5828bb2-0a29-47f4-a716-94ea21a6cde6",
        "type": "message",
        "text": "If we can put this behind a nice URL then we can make this the way folks join the group.",
        "user": "UKVC4NB71",
        "ts": "1573427006.011200",
        "team": "TKFJE6LDR",
        "user_team": "TKFJE6LDR",
        "source_team": "TKFJE6LDR",
        "user_profile": {
            "avatar_hash": "c7d9788d4436",
            "image_72": "https:\/\/avatars.slack-edge.com\/2019-10-30\/814314609877_c7d9788d4436969613a7_72.jpg",
            "first_name": "Jared",
            "real_name": "Jared Morgan",
            "display_name": "jaredmorgs",
            "team": "TKFJE6LDR",
            "name": "jaredleonmorgan",
            "is_restricted": false,
            "is_ultra_restricted": false
        }
    },
    {
        "client_msg_id": "8d7aaafb-9f49-475e-b27c-89951e45a862",
        "type": "message",
        "text": "I use a service called rebrandly that lets you use a domain as a URL shortener.",
        "user": "UKVC4NB71",
        "ts": "1573427026.011900",
        "team": "TKFJE6LDR",
        "user_team": "TKFJE6LDR",
        "source_team": "TKFJE6LDR",
        "user_profile": {
            "avatar_hash": "c7d9788d4436",
            "image_72": "https:\/\/avatars.slack-edge.com\/2019-10-30\/814314609877_c7d9788d4436969613a7_72.jpg",
            "first_name": "Jared",
            "real_name": "Jared Morgan",
            "display_name": "jaredmorgs",
            "team": "TKFJE6LDR",
            "name": "jaredleonmorgan",
            "is_restricted": false,
            "is_ultra_restricted": false
        }
    },
    {
        "client_msg_id": "3a671d57-6d30-484e-8424-6d8b3e4b7132",
        "type": "message",
        "text": "It's free.",
        "user": "UKVC4NB71",
        "ts": "1573427034.012200",
        "team": "TKFJE6LDR",
        "user_team": "TKFJE6LDR",
        "source_team": "TKFJE6LDR",
        "user_profile": {
            "avatar_hash": "c7d9788d4436",
            "image_72": "https:\/\/avatars.slack-edge.com\/2019-10-30\/814314609877_c7d9788d4436969613a7_72.jpg",
            "first_name": "Jared",
            "real_name": "Jared Morgan",
            "display_name": "jaredmorgs",
            "team": "TKFJE6LDR",
            "name": "jaredleonmorgan",
            "is_restricted": false,
            "is_ultra_restricted": false
        }
    },
    {
        "client_msg_id": "0bdfc11e-c75f-4c35-879f-81b0d0c9dbf6",
        "type": "message",
        "text": "And it has never failed me.",
        "user": "UKVC4NB71",
        "ts": "1573427044.012400",
        "team": "TKFJE6LDR",
        "user_team": "TKFJE6LDR",
        "source_team": "TKFJE6LDR",
        "user_profile": {
            "avatar_hash": "c7d9788d4436",
            "image_72": "https:\/\/avatars.slack-edge.com\/2019-10-30\/814314609877_c7d9788d4436969613a7_72.jpg",
            "first_name": "Jared",
            "real_name": "Jared Morgan",
            "display_name": "jaredmorgs",
            "team": "TKFJE6LDR",
            "name": "jaredleonmorgan",
            "is_restricted": false,
            "is_ultra_restricted": false
        }
    },
    {
        "client_msg_id": "857ffb1c-04a7-4b88-940b-0e51def55c92",
        "type": "message",
        "text": "Try loading <http:\/\/blahcadepinball.com\/episodes|blahcadepinball.com\/episodes>",
        "user": "UKVC4NB71",
        "ts": "1573427091.013000",
        "team": "TKFJE6LDR",
        "user_team": "TKFJE6LDR",
        "source_team": "TKFJE6LDR",
        "user_profile": {
            "avatar_hash": "c7d9788d4436",
            "image_72": "https:\/\/avatars.slack-edge.com\/2019-10-30\/814314609877_c7d9788d4436969613a7_72.jpg",
            "first_name": "Jared",
            "real_name": "Jared Morgan",
            "display_name": "jaredmorgs",
            "team": "TKFJE6LDR",
            "name": "jaredleonmorgan",
            "is_restricted": false,
            "is_ultra_restricted": false
        }
    },
    {
        "client_msg_id": "ca0fda86-cad3-440f-ac4b-6ec38cc2b8ff",
        "type": "message",
        "text": "You'll be taken to our Medium Publication. I had to use this because Medium took away the ability to supply a custom URL for publications right when I was setting up this site.",
        "user": "UKVC4NB71",
        "ts": "1573427129.013800",
        "team": "TKFJE6LDR",
        "user_team": "TKFJE6LDR",
        "source_team": "TKFJE6LDR",
        "user_profile": {
            "avatar_hash": "c7d9788d4436",
            "image_72": "https:\/\/avatars.slack-edge.com\/2019-10-30\/814314609877_c7d9788d4436969613a7_72.jpg",
            "first_name": "Jared",
            "real_name": "Jared Morgan",
            "display_name": "jaredmorgs",
            "team": "TKFJE6LDR",
            "name": "jaredleonmorgan",
            "is_restricted": false,
            "is_ultra_restricted": false
        }
    },
    {
        "client_msg_id": "774a7fc3-17a5-460b-bd45-783287310301",
        "type": "message",
        "text": "So we could have a thegooddocsproject\/slack and it would resolve to that appspot link behind it.",
        "user": "UKVC4NB71",
        "ts": "1573427161.014500",
        "team": "TKFJE6LDR",
        "user_team": "TKFJE6LDR",
        "source_team": "TKFJE6LDR",
        "user_profile": {
            "avatar_hash": "c7d9788d4436",
            "image_72": "https:\/\/avatars.slack-edge.com\/2019-10-30\/814314609877_c7d9788d4436969613a7_72.jpg",
            "first_name": "Jared",
            "real_name": "Jared Morgan",
            "display_name": "jaredmorgs",
            "team": "TKFJE6LDR",
            "name": "jaredleonmorgan",
            "is_restricted": false,
            "is_ultra_restricted": false
        }
    },
    {
        "client_msg_id": "abe06d61-7984-4d3e-bed2-3bef6e0438f9",
        "type": "message",
        "text": "The other nice thing is that we could brand any link we send using this service.",
        "user": "UKVC4NB71",
        "ts": "1573427981.015500",
        "team": "TKFJE6LDR",
        "user_team": "TKFJE6LDR",
        "source_team": "TKFJE6LDR",
        "user_profile": {
            "avatar_hash": "c7d9788d4436",
            "image_72": "https:\/\/avatars.slack-edge.com\/2019-10-30\/814314609877_c7d9788d4436969613a7_72.jpg",
            "first_name": "Jared",
            "real_name": "Jared Morgan",
            "display_name": "jaredmorgs",
            "team": "TKFJE6LDR",
            "name": "jaredleonmorgan",
            "is_restricted": false,
            "is_ultra_restricted": false
        }
    },
    {
        "client_msg_id": "048ec975-b496-4cfc-a691-edbc43b74d6e",
        "type": "message",
        "text": "Sounds good to me, lock it in Eddy.\nSo the work Erin did didn't cater for this part? I mean, she's finished?",
        "user": "UKV4ZPEFQ",
        "ts": "1573428007.016100",
        "team": "TKFJE6LDR",
        "user_team": "TKFJE6LDR",
        "source_team": "TKFJE6LDR",
        "user_profile": {
            "avatar_hash": "g854c628ef64",
            "image_72": "https:\/\/secure.gravatar.com\/avatar\/6854c628ef64a4c129a994522e17cdf2.jpg?s=72&d=https%3A%2F%2Fa.slack-edge.com%2Fdf10d%2Fimg%2Favatars%2Fava_0007-72.png",
            "first_name": "felicitybrand",
            "real_name": "felicitybrand",
            "display_name": "flicstar",
            "team": "TKFJE6LDR",
            "name": "felicitybrand",
            "is_restricted": false,
            "is_ultra_restricted": false
        }
    },
    {
        "client_msg_id": "7229f11e-b409-4f3c-83a2-a9807195f645",
        "type": "message",
        "text": "This part being, the URL?",
        "user": "UKVC4NB71",
        "ts": "1573428024.016300",
        "team": "TKFJE6LDR",
        "user_team": "TKFJE6LDR",
        "source_team": "TKFJE6LDR",
        "user_profile": {
            "avatar_hash": "c7d9788d4436",
            "image_72": "https:\/\/avatars.slack-edge.com\/2019-10-30\/814314609877_c7d9788d4436969613a7_72.jpg",
            "first_name": "Jared",
            "real_name": "Jared Morgan",
            "display_name": "jaredmorgs",
            "team": "TKFJE6LDR",
            "name": "jaredleonmorgan",
            "is_restricted": false,
            "is_ultra_restricted": false
        }
    },
    {
        "client_msg_id": "4313bf78-adee-4565-a380-001257437d08",
        "type": "message",
        "text": "I'm not sure. <@UL2AA1FF1> would need to confirm whether the appspot URL could be masked behind a friendly URL.",
        "user": "UKVC4NB71",
        "ts": "1573428058.017300",
        "team": "TKFJE6LDR",
        "user_team": "TKFJE6LDR",
        "source_team": "TKFJE6LDR",
        "user_profile": {
            "avatar_hash": "c7d9788d4436",
            "image_72": "https:\/\/avatars.slack-edge.com\/2019-10-30\/814314609877_c7d9788d4436969613a7_72.jpg",
            "first_name": "Jared",
            "real_name": "Jared Morgan",
            "display_name": "jaredmorgs",
            "team": "TKFJE6LDR",
            "name": "jaredleonmorgan",
            "is_restricted": false,
            "is_ultra_restricted": false
        }
    },
    {
        "client_msg_id": "474b9f6d-d867-4ade-8b93-850e01d1393e",
        "type": "message",
        "text": "I think we'd totally fit within the free plan for Rebrandly. Shall we wait 12 hours or so to see if Erin can comment.",
        "user": "UKV4ZPEFQ",
        "ts": "1573428127.018300",
        "team": "TKFJE6LDR",
        "user_team": "TKFJE6LDR",
        "source_team": "TKFJE6LDR",
        "user_profile": {
            "avatar_hash": "g854c628ef64",
            "image_72": "https:\/\/secure.gravatar.com\/avatar\/6854c628ef64a4c129a994522e17cdf2.jpg?s=72&d=https%3A%2F%2Fa.slack-edge.com%2Fdf10d%2Fimg%2Favatars%2Fava_0007-72.png",
            "first_name": "felicitybrand",
            "real_name": "felicitybrand",
            "display_name": "flicstar",
            "team": "TKFJE6LDR",
            "name": "felicitybrand",
            "is_restricted": false,
            "is_ultra_restricted": false
        }
    },
    {
        "client_msg_id": "92e63371-5c05-4da4-bd8d-1fa6d4f5d170",
        "type": "message",
        "text": "Ha, here she is now!",
        "user": "UKV4ZPEFQ",
        "ts": "1573428133.018500",
        "team": "TKFJE6LDR",
        "user_team": "TKFJE6LDR",
        "source_team": "TKFJE6LDR",
        "user_profile": {
            "avatar_hash": "g854c628ef64",
            "image_72": "https:\/\/secure.gravatar.com\/avatar\/6854c628ef64a4c129a994522e17cdf2.jpg?s=72&d=https%3A%2F%2Fa.slack-edge.com%2Fdf10d%2Fimg%2Favatars%2Fava_0007-72.png",
            "first_name": "felicitybrand",
            "real_name": "felicitybrand",
            "display_name": "flicstar",
            "team": "TKFJE6LDR",
            "name": "felicitybrand",
            "is_restricted": false,
            "is_ultra_restricted": false
        }
    },
    {
        "client_msg_id": "bf4779e9-4187-43eb-8718-6bb8a5df3f39",
        "type": "message",
        "text": "hi! I just need to have access to the DNS so that I can redirect a friendly URL to the appspot URL",
        "user": "UL2AA1FF1",
        "ts": "1573428161.018800",
        "team": "TKFJE6LDR",
        "user_team": "TKFJE6LDR",
        "source_team": "TKFJE6LDR",
        "user_profile": {
            "avatar_hash": "22135067b36d",
            "image_72": "https:\/\/avatars.slack-edge.com\/2019-10-23\/805254797908_22135067b36dfb715e99_72.jpg",
            "first_name": "",
            "real_name": "Erin McKean",
            "display_name": "Erin McKean",
            "team": "TKFJE6LDR",
            "name": "emckean",
            "is_restricted": false,
            "is_ultra_restricted": false
        }
    },
    {
        "client_msg_id": "153f5b38-1ce5-4813-b46a-0253b65bf2bf",
        "type": "message",
        "text": "Who holds the keys to the domain site?",
        "user": "UKVC4NB71",
        "ts": "1573428190.020000",
        "team": "TKFJE6LDR",
        "user_team": "TKFJE6LDR",
        "source_team": "TKFJE6LDR",
        "user_profile": {
            "avatar_hash": "c7d9788d4436",
            "image_72": "https:\/\/avatars.slack-edge.com\/2019-10-30\/814314609877_c7d9788d4436969613a7_72.jpg",
            "first_name": "Jared",
            "real_name": "Jared Morgan",
            "display_name": "jaredmorgs",
            "team": "TKFJE6LDR",
            "name": "jaredleonmorgan",
            "is_restricted": false,
            "is_ultra_restricted": false
        }
    },
    {
        "client_msg_id": "ae919303-b07a-43f1-97c5-bc6c170b3e03",
        "type": "message",
        "text": "That's right, I knew we were waiting for something. I think it's a <@UKG4RHGBD> question.",
        "user": "UKV4ZPEFQ",
        "ts": "1573428193.020200",
        "team": "TKFJE6LDR",
        "user_team": "TKFJE6LDR",
        "source_team": "TKFJE6LDR",
        "user_profile": {
            "avatar_hash": "g854c628ef64",
            "image_72": "https:\/\/secure.gravatar.com\/avatar\/6854c628ef64a4c129a994522e17cdf2.jpg?s=72&d=https%3A%2F%2Fa.slack-edge.com%2Fdf10d%2Fimg%2Favatars%2Fava_0007-72.png",
            "first_name": "felicitybrand",
            "real_name": "felicitybrand",
            "display_name": "flicstar",
            "team": "TKFJE6LDR",
            "name": "felicitybrand",
            "is_restricted": false,
            "is_ultra_restricted": false
        }
    },
    {
        "client_msg_id": "6ce3a158-1ff6-4c35-8c57-f5f81666a33b",
        "type": "message",
        "text": "am about to get on my flight to Sydney in a few hours and then I go straight from Sunday to Tuesday, do not pass go do not collect 24 hours",
        "user": "UL2AA1FF1",
        "ts": "1573428201.020600",
        "team": "TKFJE6LDR",
        "user_team": "TKFJE6LDR",
        "source_team": "TKFJE6LDR",
        "user_profile": {
            "avatar_hash": "22135067b36d",
            "image_72": "https:\/\/avatars.slack-edge.com\/2019-10-23\/805254797908_22135067b36dfb715e99_72.jpg",
            "first_name": "",
            "real_name": "Erin McKean",
            "display_name": "Erin McKean",
            "team": "TKFJE6LDR",
            "name": "emckean",
            "is_restricted": false,
            "is_ultra_restricted": false
        },
        "edited": {
            "user": "UL2AA1FF1",
            "ts": "1573428221.000000"
        },
        "reactions": [
            {
                "name": "airplane_arriving",
                "users": [
                    "UKV4ZPEFQ"
                ],
                "count": 1
            }
        ]
    },
    {
        "client_msg_id": "24dfe22a-3a4f-4af0-b4e9-3b3e294a174c",
        "type": "message",
        "text": "I trawled back through our mailchain and couldn't find where the website domain purchase was discussed and who has access.",
        "user": "UKV4ZPEFQ",
        "ts": "1573428225.021600",
        "team": "TKFJE6LDR",
        "user_team": "TKFJE6LDR",
        "source_team": "TKFJE6LDR",
        "user_profile": {
            "avatar_hash": "g854c628ef64",
            "image_72": "https:\/\/secure.gravatar.com\/avatar\/6854c628ef64a4c129a994522e17cdf2.jpg?s=72&d=https%3A%2F%2Fa.slack-edge.com%2Fdf10d%2Fimg%2Favatars%2Fava_0007-72.png",
            "first_name": "felicitybrand",
            "real_name": "felicitybrand",
            "display_name": "flicstar",
            "team": "TKFJE6LDR",
            "name": "felicitybrand",
            "is_restricted": false,
            "is_ultra_restricted": false
        }
    },
    {
        "client_msg_id": "50da5736-4068-4e85-859b-ac72711f26ee",
        "type": "message",
        "text": "I'll see you down there Erin. I'm catching a 5am flight from Brisbane. That means a 3.30am wake up. Send Red Bulls",
        "user": "UKVC4NB71",
        "ts": "1573428238.022000",
        "team": "TKFJE6LDR",
        "user_team": "TKFJE6LDR",
        "source_team": "TKFJE6LDR",
        "user_profile": {
            "avatar_hash": "c7d9788d4436",
            "image_72": "https:\/\/avatars.slack-edge.com\/2019-10-30\/814314609877_c7d9788d4436969613a7_72.jpg",
            "first_name": "Jared",
            "real_name": "Jared Morgan",
            "display_name": "jaredmorgs",
            "team": "TKFJE6LDR",
            "name": "jaredleonmorgan",
            "is_restricted": false,
            "is_ultra_restricted": false
        },
        "reactions": [
            {
                "name": "sleeping",
                "users": [
                    "UL2AA1FF1"
                ],
                "count": 1
            }
        ]
    },
    {
        "client_msg_id": "65cee45e-bceb-47b5-a465-1e8282e17048",
        "type": "message",
        "text": "Safe travels you two.",
        "user": "UKV4ZPEFQ",
        "ts": "1573428301.022500",
        "team": "TKFJE6LDR",
        "user_team": "TKFJE6LDR",
        "source_team": "TKFJE6LDR",
        "user_profile": {
            "avatar_hash": "g854c628ef64",
            "image_72": "https:\/\/secure.gravatar.com\/avatar\/6854c628ef64a4c129a994522e17cdf2.jpg?s=72&d=https%3A%2F%2Fa.slack-edge.com%2Fdf10d%2Fimg%2Favatars%2Fava_0007-72.png",
            "first_name": "felicitybrand",
            "real_name": "felicitybrand",
            "display_name": "flicstar",
            "team": "TKFJE6LDR",
            "name": "felicitybrand",
            "is_restricted": false,
            "is_ultra_restricted": false
        },
        "reactions": [
            {
                "name": "yellow_heart",
                "users": [
                    "UL2AA1FF1"
                ],
                "count": 1
            }
        ]
    },
    {
        "client_msg_id": "e3659ad2-d4ec-4aa4-8a5f-9e961f6098c1",
        "type": "message",
        "text": "I may get quite the view of the bushfires (unfortunately) that are basically ravaging the east coast.",
        "user": "UKVC4NB71",
        "ts": "1573428330.023300",
        "team": "TKFJE6LDR",
        "user_team": "TKFJE6LDR",
        "source_team": "TKFJE6LDR",
        "user_profile": {
            "avatar_hash": "c7d9788d4436",
            "image_72": "https:\/\/avatars.slack-edge.com\/2019-10-30\/814314609877_c7d9788d4436969613a7_72.jpg",
            "first_name": "Jared",
            "real_name": "Jared Morgan",
            "display_name": "jaredmorgs",
            "team": "TKFJE6LDR",
            "name": "jaredleonmorgan",
            "is_restricted": false,
            "is_ultra_restricted": false
        }
    },
    {
        "client_msg_id": "1c9833dc-3262-40a2-9e9a-03907922ac89",
        "type": "message",
        "text": "I might reach out to Jo by email just to see if she can pop-in and help.",
        "user": "UKV4ZPEFQ",
        "ts": "1573428335.023600",
        "team": "TKFJE6LDR",
        "user_team": "TKFJE6LDR",
        "source_team": "TKFJE6LDR",
        "user_profile": {
            "avatar_hash": "g854c628ef64",
            "image_72": "https:\/\/secure.gravatar.com\/avatar\/6854c628ef64a4c129a994522e17cdf2.jpg?s=72&d=https%3A%2F%2Fa.slack-edge.com%2Fdf10d%2Fimg%2Favatars%2Fava_0007-72.png",
            "first_name": "felicitybrand",
            "real_name": "felicitybrand",
            "display_name": "flicstar",
            "team": "TKFJE6LDR",
            "name": "felicitybrand",
            "is_restricted": false,
            "is_ultra_restricted": false
        }
    },
    {
        "client_msg_id": "f904299b-c9c7-4ae1-aad1-e035af9ab71f",
        "type": "message",
        "text": "OK sounds like a plan <@UKV4ZPEFQ>",
        "user": "UKVC4NB71",
        "ts": "1573428347.023900",
        "team": "TKFJE6LDR",
        "user_team": "TKFJE6LDR",
        "source_team": "TKFJE6LDR",
        "user_profile": {
            "avatar_hash": "c7d9788d4436",
            "image_72": "https:\/\/avatars.slack-edge.com\/2019-10-30\/814314609877_c7d9788d4436969613a7_72.jpg",
            "first_name": "Jared",
            "real_name": "Jared Morgan",
            "display_name": "jaredmorgs",
            "team": "TKFJE6LDR",
            "name": "jaredleonmorgan",
            "is_restricted": false,
            "is_ultra_restricted": false
        }
    },
    {
        "type": "message",
        "text": "I reckon Jo has the :key: ",
        "files": [
            {
                "id": "FQCSR5J1K",
                "created": 1573428546,
                "timestamp": 1573428546,
                "name": "Image from iOS.png",
                "title": "Image from iOS",
                "mimetype": "image\/png",
                "filetype": "png",
                "pretty_type": "PNG",
                "user": "UL9F82XL3",
                "editable": false,
                "size": 380223,
                "mode": "hosted",
                "is_external": false,
                "external_type": "",
                "is_public": true,
                "public_url_shared": false,
                "display_as_bot": false,
                "username": "",
                "url_private": "https:\/\/files.slack.com\/files-pri\/TKFJE6LDR-FQCSR5J1K\/image_from_ios.png?t=xoxe-661626224467-1176889373458-1189513059441-ae8bad2fa75b08bee478ccbaefddd7f6",
                "url_private_download": "https:\/\/files.slack.com\/files-pri\/TKFJE6LDR-FQCSR5J1K\/download\/image_from_ios.png?t=xoxe-661626224467-1176889373458-1189513059441-ae8bad2fa75b08bee478ccbaefddd7f6",
                "thumb_64": "https:\/\/files.slack.com\/files-tmb\/TKFJE6LDR-FQCSR5J1K-ff73ab653f\/image_from_ios_64.png?t=xoxe-661626224467-1176889373458-1189513059441-ae8bad2fa75b08bee478ccbaefddd7f6",
                "thumb_80": "https:\/\/files.slack.com\/files-tmb\/TKFJE6LDR-FQCSR5J1K-ff73ab653f\/image_from_ios_80.png?t=xoxe-661626224467-1176889373458-1189513059441-ae8bad2fa75b08bee478ccbaefddd7f6",
                "thumb_360": "https:\/\/files.slack.com\/files-tmb\/TKFJE6LDR-FQCSR5J1K-ff73ab653f\/image_from_ios_360.png?t=xoxe-661626224467-1176889373458-1189513059441-ae8bad2fa75b08bee478ccbaefddd7f6",
                "thumb_360_w": 166,
                "thumb_360_h": 360,
                "thumb_480": "https:\/\/files.slack.com\/files-tmb\/TKFJE6LDR-FQCSR5J1K-ff73ab653f\/image_from_ios_480.png?t=xoxe-661626224467-1176889373458-1189513059441-ae8bad2fa75b08bee478ccbaefddd7f6",
                "thumb_480_w": 222,
                "thumb_480_h": 480,
                "thumb_160": "https:\/\/files.slack.com\/files-tmb\/TKFJE6LDR-FQCSR5J1K-ff73ab653f\/image_from_ios_160.png?t=xoxe-661626224467-1176889373458-1189513059441-ae8bad2fa75b08bee478ccbaefddd7f6",
                "thumb_720": "https:\/\/files.slack.com\/files-tmb\/TKFJE6LDR-FQCSR5J1K-ff73ab653f\/image_from_ios_720.png?t=xoxe-661626224467-1176889373458-1189513059441-ae8bad2fa75b08bee478ccbaefddd7f6",
                "thumb_720_w": 333,
                "thumb_720_h": 720,
                "thumb_800": "https:\/\/files.slack.com\/files-tmb\/TKFJE6LDR-FQCSR5J1K-ff73ab653f\/image_from_ios_800.png?t=xoxe-661626224467-1176889373458-1189513059441-ae8bad2fa75b08bee478ccbaefddd7f6",
                "thumb_800_w": 800,
                "thumb_800_h": 1732,
                "thumb_960": "https:\/\/files.slack.com\/files-tmb\/TKFJE6LDR-FQCSR5J1K-ff73ab653f\/image_from_ios_960.png?t=xoxe-661626224467-1176889373458-1189513059441-ae8bad2fa75b08bee478ccbaefddd7f6",
                "thumb_960_w": 443,
                "thumb_960_h": 960,
                "thumb_1024": "https:\/\/files.slack.com\/files-tmb\/TKFJE6LDR-FQCSR5J1K-ff73ab653f\/image_from_ios_1024.png?t=xoxe-661626224467-1176889373458-1189513059441-ae8bad2fa75b08bee478ccbaefddd7f6",
                "thumb_1024_w": 473,
                "thumb_1024_h": 1024,
                "image_exif_rotation": 1,
                "original_w": 1125,
                "original_h": 2436,
                "thumb_tiny": "AwAwABbR3KCeaN47EUgzkkrjnjnrTs+1AABzS0UUAIaB9aTIzzS59jQAtFFFADcdfmo2n1pqgjdlAvPr196cGX+8PzoAUDHU5paKKAP\/2Q==",
                "permalink": "https:\/\/thegooddocs.slack.com\/files\/UL9F82XL3\/FQCSR5J1K\/image_from_ios.png",
                "permalink_public": "https:\/\/slack-files.com\/TKFJE6LDR-FQCSR5J1K-35bf872c8a",
                "is_starred": false,
                "has_rich_preview": false
            }
        ],
        "upload": true,
        "user": "UL9F82XL3",
        "display_as_bot": false,
        "ts": "1573428546.024400",
        "client_msg_id": "D28A4856-60F5-4123-A4D9-25B18F912A2F",
        "reactions": [
            {
                "name": "heavy_check_mark",
                "users": [
                    "UKVC4NB71"
                ],
                "count": 1
            }
        ]
    },
    {
        "client_msg_id": "7208f3d2-da29-424e-9074-39d695f5b494",
        "type": "message",
        "text": "Nice work <@UL9F82XL3> :male-detective:  I have just emailed Jo so we'll see if she can hook us up.",
        "user": "UKV4ZPEFQ",
        "ts": "1573428594.025200",
        "team": "TKFJE6LDR",
        "user_team": "TKFJE6LDR",
        "source_team": "TKFJE6LDR",
        "user_profile": {
            "avatar_hash": "g854c628ef64",
            "image_72": "https:\/\/secure.gravatar.com\/avatar\/6854c628ef64a4c129a994522e17cdf2.jpg?s=72&d=https%3A%2F%2Fa.slack-edge.com%2Fdf10d%2Fimg%2Favatars%2Fava_0007-72.png",
            "first_name": "felicitybrand",
            "real_name": "felicitybrand",
            "display_name": "flicstar",
            "team": "TKFJE6LDR",
            "name": "felicitybrand",
            "is_restricted": false,
            "is_ultra_restricted": false
        },
        "reactions": [
            {
                "name": "heavy_plus_sign",
                "users": [
                    "UL2AA1FF1"
                ],
                "count": 1
            }
        ]
    },
    {
        "client_msg_id": "02dfebc9-8447-4912-ae89-1ab064f090ad",
        "type": "message",
        "text": "Yay, just heard back from Jo. She's on it. She's going to sleep now but will look at it in the morning.",
        "user": "UKV4ZPEFQ",
        "ts": "1573429018.026600",
        "team": "TKFJE6LDR",
        "user_team": "TKFJE6LDR",
        "source_team": "TKFJE6LDR",
        "user_profile": {
            "avatar_hash": "g854c628ef64",
            "image_72": "https:\/\/secure.gravatar.com\/avatar\/6854c628ef64a4c129a994522e17cdf2.jpg?s=72&d=https%3A%2F%2Fa.slack-edge.com%2Fdf10d%2Fimg%2Favatars%2Fava_0007-72.png",
            "first_name": "felicitybrand",
            "real_name": "felicitybrand",
            "display_name": "flicstar",
            "team": "TKFJE6LDR",
            "name": "felicitybrand",
            "is_restricted": false,
            "is_ultra_restricted": false
        },
        "reactions": [
            {
                "name": "+1",
                "users": [
                    "UL9F82XL3",
                    "UL2AA1FF1"
                ],
                "count": 2
            }
        ]
    },
    {
        "client_msg_id": "9c0b6ce6-64c3-4b99-b25e-6d53e3244565",
        "type": "message",
        "text": "She's a good :egg:",
        "user": "UKVC4NB71",
        "ts": "1573436855.027000",
        "team": "TKFJE6LDR",
        "user_team": "TKFJE6LDR",
        "source_team": "TKFJE6LDR",
        "user_profile": {
            "avatar_hash": "c7d9788d4436",
            "image_72": "https:\/\/avatars.slack-edge.com\/2019-10-30\/814314609877_c7d9788d4436969613a7_72.jpg",
            "first_name": "Jared",
            "real_name": "Jared Morgan",
            "display_name": "jaredmorgs",
            "team": "TKFJE6LDR",
            "name": "jaredleonmorgan",
            "is_restricted": false,
            "is_ultra_restricted": false
        },
        "reactions": [
            {
                "name": "heavy_plus_sign",
                "users": [
                    "UL2AA1FF1"
                ],
                "count": 1
            }
        ]
    },
    {
        "type": "message",
        "text": "Btw, Sarah Maddox has been emailing the WTD attendees and getting them prepped up for the doc fixit session which happens at the same time. Are we planning on doing something similar?",
        "files": [
            {
                "id": "FQEQLQNEB",
                "created": 1573438372,
                "timestamp": 1573438372,
                "name": "Image from iOS.png",
                "title": "Image from iOS",
                "mimetype": "image\/png",
                "filetype": "png",
                "pretty_type": "PNG",
                "user": "UL9F82XL3",
                "editable": false,
                "size": 519428,
                "mode": "hosted",
                "is_external": false,
                "external_type": "",
                "is_public": true,
                "public_url_shared": false,
                "display_as_bot": false,
                "username": "",
                "url_private": "https:\/\/files.slack.com\/files-pri\/TKFJE6LDR-FQEQLQNEB\/image_from_ios.png?t=xoxe-661626224467-1176889373458-1189513059441-ae8bad2fa75b08bee478ccbaefddd7f6",
                "url_private_download": "https:\/\/files.slack.com\/files-pri\/TKFJE6LDR-FQEQLQNEB\/download\/image_from_ios.png?t=xoxe-661626224467-1176889373458-1189513059441-ae8bad2fa75b08bee478ccbaefddd7f6",
                "thumb_64": "https:\/\/files.slack.com\/files-tmb\/TKFJE6LDR-FQEQLQNEB-a53e004da0\/image_from_ios_64.png?t=xoxe-661626224467-1176889373458-1189513059441-ae8bad2fa75b08bee478ccbaefddd7f6",
                "thumb_80": "https:\/\/files.slack.com\/files-tmb\/TKFJE6LDR-FQEQLQNEB-a53e004da0\/image_from_ios_80.png?t=xoxe-661626224467-1176889373458-1189513059441-ae8bad2fa75b08bee478ccbaefddd7f6",
                "thumb_360": "https:\/\/files.slack.com\/files-tmb\/TKFJE6LDR-FQEQLQNEB-a53e004da0\/image_from_ios_360.png?t=xoxe-661626224467-1176889373458-1189513059441-ae8bad2fa75b08bee478ccbaefddd7f6",
                "thumb_360_w": 166,
                "thumb_360_h": 360,
                "thumb_480": "https:\/\/files.slack.com\/files-tmb\/TKFJE6LDR-FQEQLQNEB-a53e004da0\/image_from_ios_480.png?t=xoxe-661626224467-1176889373458-1189513059441-ae8bad2fa75b08bee478ccbaefddd7f6",
                "thumb_480_w": 222,
                "thumb_480_h": 480,
                "thumb_160": "https:\/\/files.slack.com\/files-tmb\/TKFJE6LDR-FQEQLQNEB-a53e004da0\/image_from_ios_160.png?t=xoxe-661626224467-1176889373458-1189513059441-ae8bad2fa75b08bee478ccbaefddd7f6",
                "thumb_720": "https:\/\/files.slack.com\/files-tmb\/TKFJE6LDR-FQEQLQNEB-a53e004da0\/image_from_ios_720.png?t=xoxe-661626224467-1176889373458-1189513059441-ae8bad2fa75b08bee478ccbaefddd7f6",
                "thumb_720_w": 333,
                "thumb_720_h": 720,
                "thumb_800": "https:\/\/files.slack.com\/files-tmb\/TKFJE6LDR-FQEQLQNEB-a53e004da0\/image_from_ios_800.png?t=xoxe-661626224467-1176889373458-1189513059441-ae8bad2fa75b08bee478ccbaefddd7f6",
                "thumb_800_w": 800,
                "thumb_800_h": 1732,
                "thumb_960": "https:\/\/files.slack.com\/files-tmb\/TKFJE6LDR-FQEQLQNEB-a53e004da0\/image_from_ios_960.png?t=xoxe-661626224467-1176889373458-1189513059441-ae8bad2fa75b08bee478ccbaefddd7f6",
                "thumb_960_w": 443,
                "thumb_960_h": 960,
                "thumb_1024": "https:\/\/files.slack.com\/files-tmb\/TKFJE6LDR-FQEQLQNEB-a53e004da0\/image_from_ios_1024.png?t=xoxe-661626224467-1176889373458-1189513059441-ae8bad2fa75b08bee478ccbaefddd7f6",
                "thumb_1024_w": 473,
                "thumb_1024_h": 1024,
                "image_exif_rotation": 1,
                "original_w": 1125,
                "original_h": 2436,
                "thumb_tiny": "AwAwABbSyMnmkLe4pBk5yuOfXrSgf5zQAo5Of60tFFADST2oz\/tfpQxwQMZzRn\/ZoAdRRRQAVGAPWpO1RBkPAYUASDtS0g6CloA\/\/9k=",
                "permalink": "https:\/\/thegooddocs.slack.com\/files\/UL9F82XL3\/FQEQLQNEB\/image_from_ios.png",
                "permalink_public": "https:\/\/slack-files.com\/TKFJE6LDR-FQEQLQNEB-4769f2c271",
                "is_starred": false,
                "has_rich_preview": false
            }
        ],
        "upload": true,
        "user": "UL9F82XL3",
        "display_as_bot": false,
        "ts": "1573438377.028700",
        "client_msg_id": "B8685A22-D52B-47ED-B311-02A611CB2607"
    },
    {
        "client_msg_id": "ef9729fa-9943-47a1-90b0-61be5f31c57e",
        "type": "message",
        "text": "We already are. <@UKTGLQNGG> had sent an email",
        "user": "UKVC4NB71",
        "ts": "1573438421.029400",
        "team": "TKFJE6LDR",
        "user_team": "TKFJE6LDR",
        "source_team": "TKFJE6LDR",
        "user_profile": {
            "avatar_hash": "c7d9788d4436",
            "image_72": "https:\/\/avatars.slack-edge.com\/2019-10-30\/814314609877_c7d9788d4436969613a7_72.jpg",
            "first_name": "Jared",
            "real_name": "Jared Morgan",
            "display_name": "jaredmorgs",
            "team": "TKFJE6LDR",
            "name": "jaredleonmorgan",
            "is_restricted": false,
            "is_ultra_restricted": false
        }
    },
    {
        "client_msg_id": "4CBE7631-2654-46B2-8350-2DD033214269",
        "type": "message",
        "text": "Ah ok. My bad. I reckon it got filtered by gmail - I’ve set up some.",
        "user": "UL9F82XL3",
        "ts": "1573438998.030600",
        "team": "TKFJE6LDR",
        "user_team": "TKFJE6LDR",
        "source_team": "TKFJE6LDR",
        "user_profile": {
            "avatar_hash": "431cbc5b0797",
            "image_72": "https:\/\/avatars.slack-edge.com\/2019-07-23\/702616820016_431cbc5b0797a8cc9f24_72.jpg",
            "first_name": "Sanket",
            "real_name": "Sanket Totewar",
            "display_name": "",
            "team": "TKFJE6LDR",
            "name": "sanket.totewar",
            "is_restricted": false,
            "is_ultra_restricted": false
        }
    }
]