[
    {
        "type": "message",
        "subtype": "channel_join",
        "ts": "1573727498.003500",
        "user": "UQ5FCQXT4",
        "text": "<@UQ5FCQXT4> has joined the channel"
    },
    {
        "type": "message",
        "text": "On my way into Write The Docs Sydney. Enjoying the journey",
        "files": [
            {
                "id": "FQK8S070V",
                "created": 1573765476,
                "timestamp": 1573765476,
                "name": "20191115_080120.jpg",
                "title": "Image from Android",
                "mimetype": "image\/jpeg",
                "filetype": "jpg",
                "pretty_type": "JPEG",
                "user": "UKTGLQNGG",
                "editable": false,
                "size": 225800,
                "mode": "hosted",
                "is_external": false,
                "external_type": "",
                "is_public": true,
                "public_url_shared": false,
                "display_as_bot": false,
                "username": "",
                "url_private": "https:\/\/files.slack.com\/files-pri\/TKFJE6LDR-FQK8S070V\/20191115_080120.jpg?t=xoxe-661626224467-1176889373458-1189513059441-ae8bad2fa75b08bee478ccbaefddd7f6",
                "url_private_download": "https:\/\/files.slack.com\/files-pri\/TKFJE6LDR-FQK8S070V\/download\/20191115_080120.jpg?t=xoxe-661626224467-1176889373458-1189513059441-ae8bad2fa75b08bee478ccbaefddd7f6",
                "thumb_64": "https:\/\/files.slack.com\/files-tmb\/TKFJE6LDR-FQK8S070V-77bdad5dec\/20191115_080120_64.jpg?t=xoxe-661626224467-1176889373458-1189513059441-ae8bad2fa75b08bee478ccbaefddd7f6",
                "thumb_80": "https:\/\/files.slack.com\/files-tmb\/TKFJE6LDR-FQK8S070V-77bdad5dec\/20191115_080120_80.jpg?t=xoxe-661626224467-1176889373458-1189513059441-ae8bad2fa75b08bee478ccbaefddd7f6",
                "thumb_360": "https:\/\/files.slack.com\/files-tmb\/TKFJE6LDR-FQK8S070V-77bdad5dec\/20191115_080120_360.jpg?t=xoxe-661626224467-1176889373458-1189513059441-ae8bad2fa75b08bee478ccbaefddd7f6",
                "thumb_360_w": 270,
                "thumb_360_h": 360,
                "thumb_480": "https:\/\/files.slack.com\/files-tmb\/TKFJE6LDR-FQK8S070V-77bdad5dec\/20191115_080120_480.jpg?t=xoxe-661626224467-1176889373458-1189513059441-ae8bad2fa75b08bee478ccbaefddd7f6",
                "thumb_480_w": 360,
                "thumb_480_h": 480,
                "thumb_160": "https:\/\/files.slack.com\/files-tmb\/TKFJE6LDR-FQK8S070V-77bdad5dec\/20191115_080120_160.jpg?t=xoxe-661626224467-1176889373458-1189513059441-ae8bad2fa75b08bee478ccbaefddd7f6",
                "thumb_720": "https:\/\/files.slack.com\/files-tmb\/TKFJE6LDR-FQK8S070V-77bdad5dec\/20191115_080120_720.jpg?t=xoxe-661626224467-1176889373458-1189513059441-ae8bad2fa75b08bee478ccbaefddd7f6",
                "thumb_720_w": 540,
                "thumb_720_h": 720,
                "thumb_800": "https:\/\/files.slack.com\/files-tmb\/TKFJE6LDR-FQK8S070V-77bdad5dec\/20191115_080120_800.jpg?t=xoxe-661626224467-1176889373458-1189513059441-ae8bad2fa75b08bee478ccbaefddd7f6",
                "thumb_800_w": 800,
                "thumb_800_h": 1067,
                "thumb_960": "https:\/\/files.slack.com\/files-tmb\/TKFJE6LDR-FQK8S070V-77bdad5dec\/20191115_080120_960.jpg?t=xoxe-661626224467-1176889373458-1189513059441-ae8bad2fa75b08bee478ccbaefddd7f6",
                "thumb_960_w": 720,
                "thumb_960_h": 960,
                "thumb_1024": "https:\/\/files.slack.com\/files-tmb\/TKFJE6LDR-FQK8S070V-77bdad5dec\/20191115_080120_1024.jpg?t=xoxe-661626224467-1176889373458-1189513059441-ae8bad2fa75b08bee478ccbaefddd7f6",
                "thumb_1024_w": 768,
                "thumb_1024_h": 1024,
                "image_exif_rotation": 8,
                "original_w": 2592,
                "original_h": 1944,
                "thumb_tiny": "AwAwACSFIy7BV60skflkAnmprfAY59KhlUeYirnI5Oapt3sJJWuNxSgU8LShaszGYpcU\/bRtoAsRQFctuGcdKg8thIxcYPrU7mZATgDIz9Pamq5ZckL\/AJHWs+tzTpYaE4pQlME7HJCjNHnS\/wB5R+FVcixL5ftR5ftUXnSf36PNf+\/RdhZEgnDqS2ScflSBRtyc7sFh2yOv9KghI85cjjPrU90wH7tVHqag1sQwjc7JnGVpECgsJWKY7+tKhxKmABnIP5VFddc0rsLIUsueGYj6Ubh\/eb8qhUsRwCfoKPn9G\/Ki7CyP\/9k=",
                "permalink": "https:\/\/thegooddocs.slack.com\/files\/UKTGLQNGG\/FQK8S070V\/20191115_080120.jpg",
                "permalink_public": "https:\/\/slack-files.com\/TKFJE6LDR-FQK8S070V-83bc8a2d1e",
                "is_starred": false,
                "has_rich_preview": false
            }
        ],
        "upload": true,
        "user": "UKTGLQNGG",
        "display_as_bot": false,
        "ts": "1573765484.004300",
        "client_msg_id": "2bc2604e-754b-487e-8f73-20afc3350767",
        "reactions": [
            {
                "name": "ferry",
                "users": [
                    "UKV4ZPEFQ",
                    "UKVC4NB71",
                    "UL9F82XL3",
                    "UL3UNUMK6"
                ],
                "count": 4
            }
        ]
    }
]