[
    {
        "type": "message",
        "text": "Okay team, I made this.",
        "files": [
            {
                "id": "FPVL9HRKM",
                "mode": "tombstone"
            }
        ],
        "upload": true,
        "user": "UKV4ZPEFQ",
        "display_as_bot": false,
        "ts": "1573007841.000300",
        "client_msg_id": "a81b308f-4dcb-4b4a-877f-fb920d9822cb"
    },
    {
        "client_msg_id": "ef7635c1-d206-4749-be90-6cc6688922ac",
        "type": "message",
        "text": "<@UL2AA1FF1> Let me know if you need anything else before you can add the files. <https:\/\/github.com\/thegooddocsproject\/brand-assets>",
        "user": "UKV4ZPEFQ",
        "ts": "1573007995.001700",
        "team": "TKFJE6LDR",
        "user_team": "TKFJE6LDR",
        "source_team": "TKFJE6LDR",
        "user_profile": {
            "avatar_hash": "g854c628ef64",
            "image_72": "https:\/\/secure.gravatar.com\/avatar\/6854c628ef64a4c129a994522e17cdf2.jpg?s=72&d=https%3A%2F%2Fa.slack-edge.com%2Fdf10d%2Fimg%2Favatars%2Fava_0007-72.png",
            "first_name": "felicitybrand",
            "real_name": "felicitybrand",
            "display_name": "flicstar",
            "team": "TKFJE6LDR",
            "name": "felicitybrand",
            "is_restricted": false,
            "is_ultra_restricted": false
        },
        "edited": {
            "user": "UKV4ZPEFQ",
            "ts": "1573008003.000000"
        }
    },
    {
        "type": "message",
        "text": "",
        "files": [
            {
                "id": "FPVLF4YG3",
                "created": 1573008321,
                "timestamp": 1573008321,
                "name": "image.png",
                "title": "image.png",
                "mimetype": "image\/png",
                "filetype": "png",
                "pretty_type": "PNG",
                "user": "UKV4ZPEFQ",
                "editable": false,
                "size": 51886,
                "mode": "hosted",
                "is_external": false,
                "external_type": "",
                "is_public": true,
                "public_url_shared": false,
                "display_as_bot": false,
                "username": "",
                "url_private": "https:\/\/files.slack.com\/files-pri\/TKFJE6LDR-FPVLF4YG3\/image.png?t=xoxe-661626224467-1176889373458-1189513059441-ae8bad2fa75b08bee478ccbaefddd7f6",
                "url_private_download": "https:\/\/files.slack.com\/files-pri\/TKFJE6LDR-FPVLF4YG3\/download\/image.png?t=xoxe-661626224467-1176889373458-1189513059441-ae8bad2fa75b08bee478ccbaefddd7f6",
                "thumb_64": "https:\/\/files.slack.com\/files-tmb\/TKFJE6LDR-FPVLF4YG3-bb02e6f3cb\/image_64.png?t=xoxe-661626224467-1176889373458-1189513059441-ae8bad2fa75b08bee478ccbaefddd7f6",
                "thumb_80": "https:\/\/files.slack.com\/files-tmb\/TKFJE6LDR-FPVLF4YG3-bb02e6f3cb\/image_80.png?t=xoxe-661626224467-1176889373458-1189513059441-ae8bad2fa75b08bee478ccbaefddd7f6",
                "thumb_360": "https:\/\/files.slack.com\/files-tmb\/TKFJE6LDR-FPVLF4YG3-bb02e6f3cb\/image_360.png?t=xoxe-661626224467-1176889373458-1189513059441-ae8bad2fa75b08bee478ccbaefddd7f6",
                "thumb_360_w": 360,
                "thumb_360_h": 272,
                "thumb_480": "https:\/\/files.slack.com\/files-tmb\/TKFJE6LDR-FPVLF4YG3-bb02e6f3cb\/image_480.png?t=xoxe-661626224467-1176889373458-1189513059441-ae8bad2fa75b08bee478ccbaefddd7f6",
                "thumb_480_w": 480,
                "thumb_480_h": 363,
                "thumb_160": "https:\/\/files.slack.com\/files-tmb\/TKFJE6LDR-FPVLF4YG3-bb02e6f3cb\/image_160.png?t=xoxe-661626224467-1176889373458-1189513059441-ae8bad2fa75b08bee478ccbaefddd7f6",
                "thumb_720": "https:\/\/files.slack.com\/files-tmb\/TKFJE6LDR-FPVLF4YG3-bb02e6f3cb\/image_720.png?t=xoxe-661626224467-1176889373458-1189513059441-ae8bad2fa75b08bee478ccbaefddd7f6",
                "thumb_720_w": 720,
                "thumb_720_h": 545,
                "image_exif_rotation": 1,
                "original_w": 768,
                "original_h": 581,
                "thumb_tiny": "AwAkADDSOe1H50EUDHvQAnPvS\/gaMD3pRQAlH4UuaKAGsTkAA\/hRz70p60ZHrQAD3pc0hIpAcUAOzSH8qMj1oyPWgAIB6ijavpS0UAJtX0o2r6UtFACbV9KNopaKAP\/Z",
                "permalink": "https:\/\/thegooddocs.slack.com\/files\/UKV4ZPEFQ\/FPVLF4YG3\/image.png",
                "permalink_public": "https:\/\/slack-files.com\/TKFJE6LDR-FPVLF4YG3-ba72822796",
                "is_starred": false,
                "has_rich_preview": false
            }
        ],
        "upload": true,
        "user": "UKV4ZPEFQ",
        "display_as_bot": false,
        "ts": "1573008323.002200",
        "client_msg_id": "e60d3f98-acf7-4cb9-a39d-7b50bdac9d34",
        "reactions": [
            {
                "name": "heavy_check_mark",
                "users": [
                    "UKVC4NB71",
                    "UL2AA1FF1",
                    "UL3UNUMK6"
                ],
                "count": 3
            }
        ]
    }
]