[
    {
        "client_msg_id": "dc0a977c-a254-489f-b589-d491e31cf863",
        "type": "message",
        "text": "<!here> Is this Kubeflow Fix It close to what we'll need for our Fix It? <https:\/\/github.com\/kubeflow\/website\/wiki\/Kubeflow-Doc-Fixit-at-Write-the-Docs-AU-2019>",
        "user": "UKVC4NB71",
        "ts": "1572771063.001200",
        "team": "TKFJE6LDR",
        "user_team": "TKFJE6LDR",
        "source_team": "TKFJE6LDR",
        "user_profile": {
            "avatar_hash": "c7d9788d4436",
            "image_72": "https:\/\/avatars.slack-edge.com\/2019-10-30\/814314609877_c7d9788d4436969613a7_72.jpg",
            "first_name": "Jared",
            "real_name": "Jared Morgan",
            "display_name": "jaredmorgs",
            "team": "TKFJE6LDR",
            "name": "jaredleonmorgan",
            "is_restricted": false,
            "is_ultra_restricted": false
        },
        "attachments": [
            {
                "service_name": "GitHub",
                "title": "kubeflow\/website",
                "title_link": "https:\/\/github.com\/kubeflow\/website\/wiki\/Kubeflow-Doc-Fixit-at-Write-the-Docs-AU-2019",
                "text": "Kubeflow's public website. Contribute to kubeflow\/website development by creating an account on GitHub.",
                "fallback": "GitHub: kubeflow\/website",
                "thumb_url": "https:\/\/avatars3.githubusercontent.com\/u\/33164907?s=400&v=4",
                "from_url": "https:\/\/github.com\/kubeflow\/website\/wiki\/Kubeflow-Doc-Fixit-at-Write-the-Docs-AU-2019",
                "thumb_width": 400,
                "thumb_height": 400,
                "service_icon": "https:\/\/a.slack-edge.com\/80588\/img\/unfurl_icons\/github.png",
                "id": 1,
                "original_url": "https:\/\/github.com\/kubeflow\/website\/wiki\/Kubeflow-Doc-Fixit-at-Write-the-Docs-AU-2019"
            }
        ],
        "thread_ts": "1572771063.001200",
        "reply_count": 1,
        "reply_users_count": 1,
        "latest_reply": "1572771703.013800",
        "reply_users": [
            "UKVC4NB71"
        ],
        "replies": [
            {
                "user": "UKVC4NB71",
                "ts": "1572771703.013800"
            }
        ],
        "subscribed": false
    },
    {
        "client_msg_id": "44668060-1429-4eeb-bfed-c2a97b5cf8a1",
        "type": "message",
        "text": "This is Sarah Maddox’s fixit, which runs in parallel with ours. For the benefit of the conference, I’d suggest we should aim to provide a different experience.",
        "user": "UKTGLQNGG",
        "ts": "1572771201.002300",
        "team": "TKFJE6LDR",
        "user_team": "TKFJE6LDR",
        "source_team": "TKFJE6LDR",
        "user_profile": {
            "avatar_hash": "ge03fcb118b0",
            "image_72": "https:\/\/secure.gravatar.com\/avatar\/9e03fcb118b0853a3fedfdee2367779d.jpg?s=72&d=https%3A%2F%2Fa.slack-edge.com%2Fdf10d%2Fimg%2Favatars%2Fava_0021-72.png",
            "first_name": "Cameron",
            "real_name": "Cameron Shorter",
            "display_name": "cameronshorter",
            "team": "TKFJE6LDR",
            "name": "cameron.shorter",
            "is_restricted": false,
            "is_ultra_restricted": false
        }
    },
    {
        "client_msg_id": "74e9ad28-1a1e-4b6c-ad9e-52a99395818f",
        "type": "message",
        "text": "Sarah is focusing on fixing a specific open source project, I think we should be going for broad stroke principles.",
        "user": "UKTGLQNGG",
        "ts": "1572771300.003800",
        "team": "TKFJE6LDR",
        "user_team": "TKFJE6LDR",
        "source_team": "TKFJE6LDR",
        "user_profile": {
            "avatar_hash": "ge03fcb118b0",
            "image_72": "https:\/\/secure.gravatar.com\/avatar\/9e03fcb118b0853a3fedfdee2367779d.jpg?s=72&d=https%3A%2F%2Fa.slack-edge.com%2Fdf10d%2Fimg%2Favatars%2Fava_0021-72.png",
            "first_name": "Cameron",
            "real_name": "Cameron Shorter",
            "display_name": "cameronshorter",
            "team": "TKFJE6LDR",
            "name": "cameron.shorter",
            "is_restricted": false,
            "is_ultra_restricted": false
        }
    },
    {
        "client_msg_id": "1d2f624c-d816-4962-9ee7-d5772732bf32",
        "type": "message",
        "text": "How is that going to shape up? Asking because we will need a unified approach when co-presenting.",
        "user": "UKVC4NB71",
        "ts": "1572771356.005500",
        "team": "TKFJE6LDR",
        "user_team": "TKFJE6LDR",
        "source_team": "TKFJE6LDR",
        "user_profile": {
            "avatar_hash": "c7d9788d4436",
            "image_72": "https:\/\/avatars.slack-edge.com\/2019-10-30\/814314609877_c7d9788d4436969613a7_72.jpg",
            "first_name": "Jared",
            "real_name": "Jared Morgan",
            "display_name": "jaredmorgs",
            "team": "TKFJE6LDR",
            "name": "jaredleonmorgan",
            "is_restricted": false,
            "is_ultra_restricted": false
        }
    },
    {
        "client_msg_id": "23e5a0a2-4f69-480d-b296-0a3e0556f3db",
        "type": "message",
        "text": "And unless I'm missing something, I don't think we have that finalised apart from the weekly meeting chat",
        "user": "UKVC4NB71",
        "ts": "1572771404.007300",
        "team": "TKFJE6LDR",
        "user_team": "TKFJE6LDR",
        "source_team": "TKFJE6LDR",
        "user_profile": {
            "avatar_hash": "c7d9788d4436",
            "image_72": "https:\/\/avatars.slack-edge.com\/2019-10-30\/814314609877_c7d9788d4436969613a7_72.jpg",
            "first_name": "Jared",
            "real_name": "Jared Morgan",
            "display_name": "jaredmorgs",
            "team": "TKFJE6LDR",
            "name": "jaredleonmorgan",
            "is_restricted": false,
            "is_ultra_restricted": false
        }
    },
    {
        "client_msg_id": "3fd6b12a-2211-4da8-8e42-7d0f64f331b7",
        "type": "message",
        "text": "I was originally envisaging getting groups to brainstorm around a white board or butcher’s paper, but talking around a bit of text could work too.",
        "user": "UKTGLQNGG",
        "ts": "1572771409.007500",
        "team": "TKFJE6LDR",
        "user_team": "TKFJE6LDR",
        "source_team": "TKFJE6LDR",
        "user_profile": {
            "avatar_hash": "ge03fcb118b0",
            "image_72": "https:\/\/secure.gravatar.com\/avatar\/9e03fcb118b0853a3fedfdee2367779d.jpg?s=72&d=https%3A%2F%2Fa.slack-edge.com%2Fdf10d%2Fimg%2Favatars%2Fava_0021-72.png",
            "first_name": "Cameron",
            "real_name": "Cameron Shorter",
            "display_name": "cameronshorter",
            "team": "TKFJE6LDR",
            "name": "cameron.shorter",
            "is_restricted": false,
            "is_ultra_restricted": false
        }
    },
    {
        "client_msg_id": "640fd876-bf08-4fb9-b04c-71543fd3a8f3",
        "type": "message",
        "text": "What's the end goal though? Are we testing out the templates?",
        "user": "UKVC4NB71",
        "ts": "1572771453.008500",
        "team": "TKFJE6LDR",
        "user_team": "TKFJE6LDR",
        "source_team": "TKFJE6LDR",
        "user_profile": {
            "avatar_hash": "c7d9788d4436",
            "image_72": "https:\/\/avatars.slack-edge.com\/2019-10-30\/814314609877_c7d9788d4436969613a7_72.jpg",
            "first_name": "Jared",
            "real_name": "Jared Morgan",
            "display_name": "jaredmorgs",
            "team": "TKFJE6LDR",
            "name": "jaredleonmorgan",
            "is_restricted": false,
            "is_ultra_restricted": false
        }
    },
    {
        "client_msg_id": "f56bac8d-fff4-4ea6-900b-3ddd21fb4b86",
        "type": "message",
        "text": "Yes, nothing is set in stone, and I’m open to changing our strategy.",
        "user": "UKTGLQNGG",
        "ts": "1572771459.008700",
        "team": "TKFJE6LDR",
        "user_team": "TKFJE6LDR",
        "source_team": "TKFJE6LDR",
        "user_profile": {
            "avatar_hash": "ge03fcb118b0",
            "image_72": "https:\/\/secure.gravatar.com\/avatar\/9e03fcb118b0853a3fedfdee2367779d.jpg?s=72&d=https%3A%2F%2Fa.slack-edge.com%2Fdf10d%2Fimg%2Favatars%2Fava_0021-72.png",
            "first_name": "Cameron",
            "real_name": "Cameron Shorter",
            "display_name": "cameronshorter",
            "team": "TKFJE6LDR",
            "name": "cameron.shorter",
            "is_restricted": false,
            "is_ultra_restricted": false
        }
    },
    {
        "client_msg_id": "a0b63574-037f-40ac-b904-e080aea08be0",
        "type": "message",
        "text": "I can see a few goals. 1. Have people try our templates on their docs. See if they work. Provide feedback which we collate. 2. Walk step-by-step over a template, debate how it could be improved.",
        "user": "UKTGLQNGG",
        "ts": "1572771535.010100",
        "team": "TKFJE6LDR",
        "user_team": "TKFJE6LDR",
        "source_team": "TKFJE6LDR",
        "user_profile": {
            "avatar_hash": "ge03fcb118b0",
            "image_72": "https:\/\/secure.gravatar.com\/avatar\/9e03fcb118b0853a3fedfdee2367779d.jpg?s=72&d=https%3A%2F%2Fa.slack-edge.com%2Fdf10d%2Fimg%2Favatars%2Fava_0021-72.png",
            "first_name": "Cameron",
            "real_name": "Cameron Shorter",
            "display_name": "cameronshorter",
            "team": "TKFJE6LDR",
            "name": "cameron.shorter",
            "is_restricted": false,
            "is_ultra_restricted": false
        }
    },
    {
        "client_msg_id": "cb7c1ade-dce8-4d77-95a2-fc78f6fb63d2",
        "type": "message",
        "text": "3. Get people personally invested in the project and have them stick around post-conference.",
        "user": "UKTGLQNGG",
        "ts": "1572771559.010700",
        "team": "TKFJE6LDR",
        "user_team": "TKFJE6LDR",
        "source_team": "TKFJE6LDR",
        "user_profile": {
            "avatar_hash": "ge03fcb118b0",
            "image_72": "https:\/\/secure.gravatar.com\/avatar\/9e03fcb118b0853a3fedfdee2367779d.jpg?s=72&d=https%3A%2F%2Fa.slack-edge.com%2Fdf10d%2Fimg%2Favatars%2Fava_0021-72.png",
            "first_name": "Cameron",
            "real_name": "Cameron Shorter",
            "display_name": "cameronshorter",
            "team": "TKFJE6LDR",
            "name": "cameron.shorter",
            "is_restricted": false,
            "is_ultra_restricted": false
        }
    },
    {
        "client_msg_id": "eeb84342-372f-468d-aa60-31031b662135",
        "type": "message",
        "text": "yep they are all good goals. But we'll need to pick one (maybe two if we split into two groups)",
        "user": "UKVC4NB71",
        "ts": "1572771614.011700",
        "team": "TKFJE6LDR",
        "user_team": "TKFJE6LDR",
        "source_team": "TKFJE6LDR",
        "user_profile": {
            "avatar_hash": "c7d9788d4436",
            "image_72": "https:\/\/avatars.slack-edge.com\/2019-10-30\/814314609877_c7d9788d4436969613a7_72.jpg",
            "first_name": "Jared",
            "real_name": "Jared Morgan",
            "display_name": "jaredmorgs",
            "team": "TKFJE6LDR",
            "name": "jaredleonmorgan",
            "is_restricted": false,
            "is_ultra_restricted": false
        }
    },
    {
        "client_msg_id": "d9dc666a-23a7-46bf-bbd2-ede05545412b",
        "type": "message",
        "text": "I think 3 is going to be an organic goal provided we can show them through 1 and 2 that we're something they should contribute to.",
        "user": "UKVC4NB71",
        "ts": "1572771651.013000",
        "team": "TKFJE6LDR",
        "user_team": "TKFJE6LDR",
        "source_team": "TKFJE6LDR",
        "user_profile": {
            "avatar_hash": "c7d9788d4436",
            "image_72": "https:\/\/avatars.slack-edge.com\/2019-10-30\/814314609877_c7d9788d4436969613a7_72.jpg",
            "first_name": "Jared",
            "real_name": "Jared Morgan",
            "display_name": "jaredmorgs",
            "team": "TKFJE6LDR",
            "name": "jaredleonmorgan",
            "is_restricted": false,
            "is_ultra_restricted": false
        }
    },
    {
        "client_msg_id": "f0ba631f-759c-4fe7-9daf-54a6979da341",
        "type": "message",
        "text": "Yes, I think we split into groups of ~ 5 to 10. Not sure how many people we will get, but I’m suspecting at least 50, so that would mean 10+ groups.",
        "user": "UKTGLQNGG",
        "ts": "1572771685.013700",
        "team": "TKFJE6LDR",
        "user_team": "TKFJE6LDR",
        "source_team": "TKFJE6LDR",
        "user_profile": {
            "avatar_hash": "ge03fcb118b0",
            "image_72": "https:\/\/secure.gravatar.com\/avatar\/9e03fcb118b0853a3fedfdee2367779d.jpg?s=72&d=https%3A%2F%2Fa.slack-edge.com%2Fdf10d%2Fimg%2Favatars%2Fava_0021-72.png",
            "first_name": "Cameron",
            "real_name": "Cameron Shorter",
            "display_name": "cameronshorter",
            "team": "TKFJE6LDR",
            "name": "cameron.shorter",
            "is_restricted": false,
            "is_ultra_restricted": false
        }
    },
    {
        "client_msg_id": "e43b6439-a5c3-4078-98be-19b15484703b",
        "type": "message",
        "text": "Interestingly, the steps to contribute are pretty relevant to how we'd need to get folks to contribute to the Good Docs Project in general. Thoughts?",
        "user": "UKVC4NB71",
        "ts": "1572771703.013800",
        "team": "TKFJE6LDR",
        "user_team": "TKFJE6LDR",
        "source_team": "TKFJE6LDR",
        "user_profile": {
            "avatar_hash": "c7d9788d4436",
            "image_72": "https:\/\/avatars.slack-edge.com\/2019-10-30\/814314609877_c7d9788d4436969613a7_72.jpg",
            "first_name": "Jared",
            "real_name": "Jared Morgan",
            "display_name": "jaredmorgs",
            "team": "TKFJE6LDR",
            "name": "jaredleonmorgan",
            "is_restricted": false,
            "is_ultra_restricted": false
        },
        "thread_ts": "1572771063.001200",
        "parent_user_id": "UKVC4NB71"
    },
    {
        "client_msg_id": "61890f92-d044-4eb5-867e-a958b3dc46b5",
        "type": "message",
        "text": "I’d actually be happy even if it is just a core group of 5 or so - I think we’d still get a lot done.",
        "user": "UKTGLQNGG",
        "ts": "1572771747.014600",
        "team": "TKFJE6LDR",
        "user_team": "TKFJE6LDR",
        "source_team": "TKFJE6LDR",
        "user_profile": {
            "avatar_hash": "ge03fcb118b0",
            "image_72": "https:\/\/secure.gravatar.com\/avatar\/9e03fcb118b0853a3fedfdee2367779d.jpg?s=72&d=https%3A%2F%2Fa.slack-edge.com%2Fdf10d%2Fimg%2Favatars%2Fava_0021-72.png",
            "first_name": "Cameron",
            "real_name": "Cameron Shorter",
            "display_name": "cameronshorter",
            "team": "TKFJE6LDR",
            "name": "cameron.shorter",
            "is_restricted": false,
            "is_ultra_restricted": false
        }
    },
    {
        "client_msg_id": "b735adf9-cfff-4a83-99cc-2dfc318e6224",
        "type": "message",
        "text": "Yeah I think that number is possible.",
        "user": "UKVC4NB71",
        "ts": "1572771791.014800",
        "team": "TKFJE6LDR",
        "user_team": "TKFJE6LDR",
        "source_team": "TKFJE6LDR",
        "user_profile": {
            "avatar_hash": "c7d9788d4436",
            "image_72": "https:\/\/avatars.slack-edge.com\/2019-10-30\/814314609877_c7d9788d4436969613a7_72.jpg",
            "first_name": "Jared",
            "real_name": "Jared Morgan",
            "display_name": "jaredmorgs",
            "team": "TKFJE6LDR",
            "name": "jaredleonmorgan",
            "is_restricted": false,
            "is_ultra_restricted": false
        }
    },
    {
        "client_msg_id": "a4b93e8d-ee0e-462f-b9c3-a73a3da567c5",
        "type": "message",
        "text": "I think we should have a number of focus points defined that participants can help us with.",
        "user": "UKVC4NB71",
        "ts": "1572771809.015200",
        "team": "TKFJE6LDR",
        "user_team": "TKFJE6LDR",
        "source_team": "TKFJE6LDR",
        "user_profile": {
            "avatar_hash": "c7d9788d4436",
            "image_72": "https:\/\/avatars.slack-edge.com\/2019-10-30\/814314609877_c7d9788d4436969613a7_72.jpg",
            "first_name": "Jared",
            "real_name": "Jared Morgan",
            "display_name": "jaredmorgs",
            "team": "TKFJE6LDR",
            "name": "jaredleonmorgan",
            "is_restricted": false,
            "is_ultra_restricted": false
        }
    },
    {
        "client_msg_id": "f3ea20df-66d9-4f23-9f2a-d298eb9c5bef",
        "type": "message",
        "text": "Yes, and people can then move to the topic\/group which interests them.",
        "user": "UKTGLQNGG",
        "ts": "1572771851.015800",
        "team": "TKFJE6LDR",
        "user_team": "TKFJE6LDR",
        "source_team": "TKFJE6LDR",
        "user_profile": {
            "avatar_hash": "ge03fcb118b0",
            "image_72": "https:\/\/secure.gravatar.com\/avatar\/9e03fcb118b0853a3fedfdee2367779d.jpg?s=72&d=https%3A%2F%2Fa.slack-edge.com%2Fdf10d%2Fimg%2Favatars%2Fava_0021-72.png",
            "first_name": "Cameron",
            "real_name": "Cameron Shorter",
            "display_name": "cameronshorter",
            "team": "TKFJE6LDR",
            "name": "cameron.shorter",
            "is_restricted": false,
            "is_ultra_restricted": false
        }
    },
    {
        "client_msg_id": "c21b96d1-d2fe-4fea-a2cd-e3d504222744",
        "type": "message",
        "text": "Yep I think that's the best way of doing it.",
        "user": "UKVC4NB71",
        "ts": "1572771866.016300",
        "team": "TKFJE6LDR",
        "user_team": "TKFJE6LDR",
        "source_team": "TKFJE6LDR",
        "user_profile": {
            "avatar_hash": "c7d9788d4436",
            "image_72": "https:\/\/avatars.slack-edge.com\/2019-10-30\/814314609877_c7d9788d4436969613a7_72.jpg",
            "first_name": "Jared",
            "real_name": "Jared Morgan",
            "display_name": "jaredmorgs",
            "team": "TKFJE6LDR",
            "name": "jaredleonmorgan",
            "is_restricted": false,
            "is_ultra_restricted": false
        }
    },
    {
        "client_msg_id": "0806af96-2cd1-4ee1-80b9-1fbaed30932b",
        "type": "message",
        "text": "We should leave time at the end for each group to present to others.",
        "user": "UKTGLQNGG",
        "ts": "1572771891.017200",
        "team": "TKFJE6LDR",
        "user_team": "TKFJE6LDR",
        "source_team": "TKFJE6LDR",
        "user_profile": {
            "avatar_hash": "ge03fcb118b0",
            "image_72": "https:\/\/secure.gravatar.com\/avatar\/9e03fcb118b0853a3fedfdee2367779d.jpg?s=72&d=https%3A%2F%2Fa.slack-edge.com%2Fdf10d%2Fimg%2Favatars%2Fava_0021-72.png",
            "first_name": "Cameron",
            "real_name": "Cameron Shorter",
            "display_name": "cameronshorter",
            "team": "TKFJE6LDR",
            "name": "cameron.shorter",
            "is_restricted": false,
            "is_ultra_restricted": false
        }
    },
    {
        "client_msg_id": "2adc3173-fad6-4415-a703-9ef56ac9f60c",
        "type": "message",
        "text": "So we've got these already:\n\n1. Try and break our templates.\n2. Focus on a template and consider extra template types improvements.\n3. Propose a new template type to add to the collection.\n4. something else",
        "user": "UKVC4NB71",
        "ts": "1572771973.019900",
        "team": "TKFJE6LDR",
        "user_team": "TKFJE6LDR",
        "source_team": "TKFJE6LDR",
        "user_profile": {
            "avatar_hash": "c7d9788d4436",
            "image_72": "https:\/\/avatars.slack-edge.com\/2019-10-30\/814314609877_c7d9788d4436969613a7_72.jpg",
            "first_name": "Jared",
            "real_name": "Jared Morgan",
            "display_name": "jaredmorgs",
            "team": "TKFJE6LDR",
            "name": "jaredleonmorgan",
            "is_restricted": false,
            "is_ultra_restricted": false
        },
        "edited": {
            "user": "UKVC4NB71",
            "ts": "1572771987.000000"
        }
    },
    {
        "client_msg_id": "cba55b6c-c9d7-44ce-9549-4c4f79a2d9a2",
        "type": "message",
        "text": "Yes: We have 2 hrs. I’d say 5 to 10 min intro. 30 mins Break into groups. Get back together to present to every one. (people can change groups). 2nd round break into groups  2nd round present to everyone.",
        "user": "UKTGLQNGG",
        "ts": "1572772018.020900",
        "team": "TKFJE6LDR",
        "user_team": "TKFJE6LDR",
        "source_team": "TKFJE6LDR",
        "user_profile": {
            "avatar_hash": "ge03fcb118b0",
            "image_72": "https:\/\/secure.gravatar.com\/avatar\/9e03fcb118b0853a3fedfdee2367779d.jpg?s=72&d=https%3A%2F%2Fa.slack-edge.com%2Fdf10d%2Fimg%2Favatars%2Fava_0021-72.png",
            "first_name": "Cameron",
            "real_name": "Cameron Shorter",
            "display_name": "cameronshorter",
            "team": "TKFJE6LDR",
            "name": "cameron.shorter",
            "is_restricted": false,
            "is_ultra_restricted": false
        }
    },
    {
        "client_msg_id": "caa0039e-4752-4329-960b-213023d31290",
        "type": "message",
        "text": "OK. Seems reasonable.",
        "user": "UKVC4NB71",
        "ts": "1572772046.021200",
        "team": "TKFJE6LDR",
        "user_team": "TKFJE6LDR",
        "source_team": "TKFJE6LDR",
        "user_profile": {
            "avatar_hash": "c7d9788d4436",
            "image_72": "https:\/\/avatars.slack-edge.com\/2019-10-30\/814314609877_c7d9788d4436969613a7_72.jpg",
            "first_name": "Jared",
            "real_name": "Jared Morgan",
            "display_name": "jaredmorgs",
            "team": "TKFJE6LDR",
            "name": "jaredleonmorgan",
            "is_restricted": false,
            "is_ultra_restricted": false
        }
    },
    {
        "client_msg_id": "9b73b85e-dce5-494c-aa8d-e7e970e855fc",
        "type": "message",
        "text": "We have you, me, Erin from TGDP attending. We could each lead a group (3 max) or we could walk between groups, which I think is probably better.",
        "user": "UKTGLQNGG",
        "ts": "1572772161.022600",
        "team": "TKFJE6LDR",
        "user_team": "TKFJE6LDR",
        "source_team": "TKFJE6LDR",
        "user_profile": {
            "avatar_hash": "ge03fcb118b0",
            "image_72": "https:\/\/secure.gravatar.com\/avatar\/9e03fcb118b0853a3fedfdee2367779d.jpg?s=72&d=https%3A%2F%2Fa.slack-edge.com%2Fdf10d%2Fimg%2Favatars%2Fava_0021-72.png",
            "first_name": "Cameron",
            "real_name": "Cameron Shorter",
            "display_name": "cameronshorter",
            "team": "TKFJE6LDR",
            "name": "cameron.shorter",
            "is_restricted": false,
            "is_ultra_restricted": false
        }
    },
    {
        "client_msg_id": "ca7ad8dd-7a6b-4650-8aaa-6e78945613a7",
        "type": "message",
        "text": "Lets discuss at our 6:30am Wed meeting with Erin this week. By next weekend we should ask to get a message out to attendees with this formula. I can commit to getting text ready.",
        "user": "UKTGLQNGG",
        "ts": "1572772270.024000",
        "team": "TKFJE6LDR",
        "user_team": "TKFJE6LDR",
        "source_team": "TKFJE6LDR",
        "user_profile": {
            "avatar_hash": "ge03fcb118b0",
            "image_72": "https:\/\/secure.gravatar.com\/avatar\/9e03fcb118b0853a3fedfdee2367779d.jpg?s=72&d=https%3A%2F%2Fa.slack-edge.com%2Fdf10d%2Fimg%2Favatars%2Fava_0021-72.png",
            "first_name": "Cameron",
            "real_name": "Cameron Shorter",
            "display_name": "cameronshorter",
            "team": "TKFJE6LDR",
            "name": "cameron.shorter",
            "is_restricted": false,
            "is_ultra_restricted": false
        },
        "reactions": [
            {
                "name": "heavy_check_mark",
                "users": [
                    "UKVC4NB71"
                ],
                "count": 1
            }
        ]
    },
    {
        "client_msg_id": "50BBDD86-BA48-4BA7-87EF-D025ECA1304B",
        "type": "message",
        "text": "I can be a remote cheerleader\/timekeeper\/live-Slacker",
        "user": "UKV4ZPEFQ",
        "ts": "1572772740.024800",
        "team": "TKFJE6LDR",
        "user_team": "TKFJE6LDR",
        "source_team": "TKFJE6LDR",
        "user_profile": {
            "avatar_hash": "g854c628ef64",
            "image_72": "https:\/\/secure.gravatar.com\/avatar\/6854c628ef64a4c129a994522e17cdf2.jpg?s=72&d=https%3A%2F%2Fa.slack-edge.com%2Fdf10d%2Fimg%2Favatars%2Fava_0007-72.png",
            "first_name": "felicitybrand",
            "real_name": "felicitybrand",
            "display_name": "flicstar",
            "team": "TKFJE6LDR",
            "name": "felicitybrand",
            "is_restricted": false,
            "is_ultra_restricted": false
        }
    },
    {
        "client_msg_id": "aba6e349-e069-4262-abe7-4ae750dd222a",
        "type": "message",
        "text": "Great, I’ll see if we can get a camera set up in the room to support your virtual appearance.",
        "user": "UKTGLQNGG",
        "ts": "1572772795.025500",
        "team": "TKFJE6LDR",
        "user_team": "TKFJE6LDR",
        "source_team": "TKFJE6LDR",
        "user_profile": {
            "avatar_hash": "ge03fcb118b0",
            "image_72": "https:\/\/secure.gravatar.com\/avatar\/9e03fcb118b0853a3fedfdee2367779d.jpg?s=72&d=https%3A%2F%2Fa.slack-edge.com%2Fdf10d%2Fimg%2Favatars%2Fava_0021-72.png",
            "first_name": "Cameron",
            "real_name": "Cameron Shorter",
            "display_name": "cameronshorter",
            "team": "TKFJE6LDR",
            "name": "cameron.shorter",
            "is_restricted": false,
            "is_ultra_restricted": false
        }
    },
    {
        "client_msg_id": "7b3919c5-4b54-4019-997b-cb00289d2821",
        "type": "message",
        "text": "<@UL3UNUMK6> Can you please check the Thursday meeting time I’ve set to see if it fits with your EU travel plans. I expect we should be able to move +\/- 1 hour for us Australians.",
        "user": "UKTGLQNGG",
        "ts": "1572773439.028800",
        "team": "TKFJE6LDR",
        "user_team": "TKFJE6LDR",
        "source_team": "TKFJE6LDR",
        "user_profile": {
            "avatar_hash": "ge03fcb118b0",
            "image_72": "https:\/\/secure.gravatar.com\/avatar\/9e03fcb118b0853a3fedfdee2367779d.jpg?s=72&d=https%3A%2F%2Fa.slack-edge.com%2Fdf10d%2Fimg%2Favatars%2Fava_0021-72.png",
            "first_name": "Cameron",
            "real_name": "Cameron Shorter",
            "display_name": "cameronshorter",
            "team": "TKFJE6LDR",
            "name": "cameron.shorter",
            "is_restricted": false,
            "is_ultra_restricted": false
        },
        "thread_ts": "1572773439.028800",
        "reply_count": 1,
        "reply_users_count": 1,
        "latest_reply": "1572857160.053700",
        "reply_users": [
            "UL3UNUMK6"
        ],
        "replies": [
            {
                "user": "UL3UNUMK6",
                "ts": "1572857160.053700"
            }
        ],
        "subscribed": false
    },
    {
        "client_msg_id": "fe454f15-6e14-4c7f-88ea-dff9578c562e",
        "type": "message",
        "text": "<@UKVC4NB71>, are you able to make the Wed morning meeting this week with Erin (you should have just gotten an invite).",
        "user": "UKTGLQNGG",
        "ts": "1572773620.029800",
        "team": "TKFJE6LDR",
        "user_team": "TKFJE6LDR",
        "source_team": "TKFJE6LDR",
        "user_profile": {
            "avatar_hash": "ge03fcb118b0",
            "image_72": "https:\/\/secure.gravatar.com\/avatar\/9e03fcb118b0853a3fedfdee2367779d.jpg?s=72&d=https%3A%2F%2Fa.slack-edge.com%2Fdf10d%2Fimg%2Favatars%2Fava_0021-72.png",
            "first_name": "Cameron",
            "real_name": "Cameron Shorter",
            "display_name": "cameronshorter",
            "team": "TKFJE6LDR",
            "name": "cameron.shorter",
            "is_restricted": false,
            "is_ultra_restricted": false
        }
    },
    {
        "client_msg_id": "38e2b2cd-3e61-4a3d-9001-db25cdb5bf02",
        "type": "message",
        "text": "Yep I should be able to do that one again.",
        "user": "UKVC4NB71",
        "ts": "1572773647.030100",
        "team": "TKFJE6LDR",
        "user_team": "TKFJE6LDR",
        "source_team": "TKFJE6LDR",
        "user_profile": {
            "avatar_hash": "c7d9788d4436",
            "image_72": "https:\/\/avatars.slack-edge.com\/2019-10-30\/814314609877_c7d9788d4436969613a7_72.jpg",
            "first_name": "Jared",
            "real_name": "Jared Morgan",
            "display_name": "jaredmorgs",
            "team": "TKFJE6LDR",
            "name": "jaredleonmorgan",
            "is_restricted": false,
            "is_ultra_restricted": false
        }
    },
    {
        "client_msg_id": "90f935c4-2143-4032-98bd-5ab78340c848",
        "type": "message",
        "text": "Did I need to come to the Thursday one as well?",
        "user": "UKVC4NB71",
        "ts": "1572773661.030400",
        "team": "TKFJE6LDR",
        "user_team": "TKFJE6LDR",
        "source_team": "TKFJE6LDR",
        "user_profile": {
            "avatar_hash": "c7d9788d4436",
            "image_72": "https:\/\/avatars.slack-edge.com\/2019-10-30\/814314609877_c7d9788d4436969613a7_72.jpg",
            "first_name": "Jared",
            "real_name": "Jared Morgan",
            "display_name": "jaredmorgs",
            "team": "TKFJE6LDR",
            "name": "jaredleonmorgan",
            "is_restricted": false,
            "is_ultra_restricted": false
        }
    },
    {
        "client_msg_id": "90d30329-71c4-4bd9-8db0-b93970bf7e24",
        "type": "message",
        "text": "It is at 7pm which is at the tail end of witching hour, but if I need to attend I'll do all I can to herd the cats into bed by that time.",
        "user": "UKVC4NB71",
        "ts": "1572773713.031700",
        "team": "TKFJE6LDR",
        "user_team": "TKFJE6LDR",
        "source_team": "TKFJE6LDR",
        "user_profile": {
            "avatar_hash": "c7d9788d4436",
            "image_72": "https:\/\/avatars.slack-edge.com\/2019-10-30\/814314609877_c7d9788d4436969613a7_72.jpg",
            "first_name": "Jared",
            "real_name": "Jared Morgan",
            "display_name": "jaredmorgs",
            "team": "TKFJE6LDR",
            "name": "jaredleonmorgan",
            "is_restricted": false,
            "is_ultra_restricted": false
        }
    },
    {
        "client_msg_id": "5f8f56df-b3ed-4ed6-b9b3-d8102af385cf",
        "type": "message",
        "text": "Clarence is going to be in EU, so I’m thinking we talk templates on Thursday (evening for us)",
        "user": "UKTGLQNGG",
        "ts": "1572773715.031800",
        "team": "TKFJE6LDR",
        "user_team": "TKFJE6LDR",
        "source_team": "TKFJE6LDR",
        "user_profile": {
            "avatar_hash": "ge03fcb118b0",
            "image_72": "https:\/\/secure.gravatar.com\/avatar\/9e03fcb118b0853a3fedfdee2367779d.jpg?s=72&d=https%3A%2F%2Fa.slack-edge.com%2Fdf10d%2Fimg%2Favatars%2Fava_0021-72.png",
            "first_name": "Cameron",
            "real_name": "Cameron Shorter",
            "display_name": "cameronshorter",
            "team": "TKFJE6LDR",
            "name": "cameron.shorter",
            "is_restricted": false,
            "is_ultra_restricted": false
        }
    },
    {
        "client_msg_id": "cac41778-8f90-4cb6-a7d2-73974c0b5307",
        "type": "message",
        "text": "I can move back an hour if that helps and is ok by Felicity \/ Clarence?",
        "user": "UKTGLQNGG",
        "ts": "1572773772.032500",
        "team": "TKFJE6LDR",
        "user_team": "TKFJE6LDR",
        "source_team": "TKFJE6LDR",
        "user_profile": {
            "avatar_hash": "ge03fcb118b0",
            "image_72": "https:\/\/secure.gravatar.com\/avatar\/9e03fcb118b0853a3fedfdee2367779d.jpg?s=72&d=https%3A%2F%2Fa.slack-edge.com%2Fdf10d%2Fimg%2Favatars%2Fava_0021-72.png",
            "first_name": "Cameron",
            "real_name": "Cameron Shorter",
            "display_name": "cameronshorter",
            "team": "TKFJE6LDR",
            "name": "cameron.shorter",
            "is_restricted": false,
            "is_ultra_restricted": false
        }
    },
    {
        "client_msg_id": "ff0dc971-b3ad-4183-908b-67426a5432b5",
        "type": "message",
        "text": "<https:\/\/github.com\/thegooddocsproject\/thegooddocsproject.github.io\/pull\/6\/files> I'm taking a look at <@UL3UNUMK6> changes in here <@UKTGLQNGG> and wonder if there might be a way to tease these out into some separate docs that can be put into the \/templates repo?",
        "user": "UKVC4NB71",
        "ts": "1572775728.033600",
        "team": "TKFJE6LDR",
        "user_team": "TKFJE6LDR",
        "source_team": "TKFJE6LDR",
        "user_profile": {
            "avatar_hash": "c7d9788d4436",
            "image_72": "https:\/\/avatars.slack-edge.com\/2019-10-30\/814314609877_c7d9788d4436969613a7_72.jpg",
            "first_name": "Jared",
            "real_name": "Jared Morgan",
            "display_name": "jaredmorgs",
            "team": "TKFJE6LDR",
            "name": "jaredleonmorgan",
            "is_restricted": false,
            "is_ultra_restricted": false
        },
        "attachments": [
            {
                "service_name": "GitHub",
                "title": "Update index.md by cwcromwell · Pull Request #6 · thegooddocsproject\/thegooddocsproject.github.io",
                "title_link": "https:\/\/github.com\/thegooddocsproject\/thegooddocsproject.github.io\/pull\/6\/files",
                "text": "New draft that explains project outlines, templates, best practices",
                "fallback": "GitHub: Update index.md by cwcromwell · Pull Request #6 · thegooddocsproject\/thegooddocsproject.github.io",
                "from_url": "https:\/\/github.com\/thegooddocsproject\/thegooddocsproject.github.io\/pull\/6\/files",
                "thumb_url": "https:\/\/avatars2.githubusercontent.com\/u\/8107887?s=400&v=4",
                "thumb_width": 250,
                "thumb_height": 250,
                "service_icon": "https:\/\/a.slack-edge.com\/80588\/img\/unfurl_icons\/github.png",
                "id": 1,
                "original_url": "https:\/\/github.com\/thegooddocsproject\/thegooddocsproject.github.io\/pull\/6\/files"
            }
        ]
    },
    {
        "client_msg_id": "e1ae8474-7495-48e0-91c2-5d79a5303842",
        "type": "message",
        "text": "What I don't want to do is make the \/templates repo the dumping ground for everything \"guidance\" related.",
        "user": "UKVC4NB71",
        "ts": "1572775794.035000",
        "team": "TKFJE6LDR",
        "user_team": "TKFJE6LDR",
        "source_team": "TKFJE6LDR",
        "user_profile": {
            "avatar_hash": "c7d9788d4436",
            "image_72": "https:\/\/avatars.slack-edge.com\/2019-10-30\/814314609877_c7d9788d4436969613a7_72.jpg",
            "first_name": "Jared",
            "real_name": "Jared Morgan",
            "display_name": "jaredmorgs",
            "team": "TKFJE6LDR",
            "name": "jaredleonmorgan",
            "is_restricted": false,
            "is_ultra_restricted": false
        }
    },
    {
        "client_msg_id": "71f0e3e0-732e-41ef-9d14-a93ed0413176",
        "type": "message",
        "text": "I think the first part of his PR here (before the Project outlines section) is a good way of framing this. I've added PR comments in-line to start the discussion of how we promote this content into the project.",
        "user": "UKVC4NB71",
        "ts": "1572776413.036000",
        "team": "TKFJE6LDR",
        "user_team": "TKFJE6LDR",
        "source_team": "TKFJE6LDR",
        "user_profile": {
            "avatar_hash": "c7d9788d4436",
            "image_72": "https:\/\/avatars.slack-edge.com\/2019-10-30\/814314609877_c7d9788d4436969613a7_72.jpg",
            "first_name": "Jared",
            "real_name": "Jared Morgan",
            "display_name": "jaredmorgs",
            "team": "TKFJE6LDR",
            "name": "jaredleonmorgan",
            "is_restricted": false,
            "is_ultra_restricted": false
        }
    },
    {
        "client_msg_id": "99469d3b-04d4-401d-927b-19d76194afa9",
        "type": "message",
        "text": "<https:\/\/github.com\/thegooddocsproject\/thegooddocsproject.github.io\/issues\/17> can't assign myself to this repo's issues.",
        "user": "UKVC4NB71",
        "ts": "1572776637.038100",
        "team": "TKFJE6LDR",
        "user_team": "TKFJE6LDR",
        "source_team": "TKFJE6LDR",
        "user_profile": {
            "avatar_hash": "c7d9788d4436",
            "image_72": "https:\/\/avatars.slack-edge.com\/2019-10-30\/814314609877_c7d9788d4436969613a7_72.jpg",
            "first_name": "Jared",
            "real_name": "Jared Morgan",
            "display_name": "jaredmorgs",
            "team": "TKFJE6LDR",
            "name": "jaredleonmorgan",
            "is_restricted": false,
            "is_ultra_restricted": false
        },
        "attachments": [
            {
                "service_name": "GitHub",
                "title": "Update the repo description to link to our website (at a minimum) · Issue #17 · thegooddocsproject\/thegooddocsproject.github.io",
                "title_link": "https:\/\/github.com\/thegooddocsproject\/thegooddocsproject.github.io\/issues\/17",
                "text": "We need to fill in a repo description for each of these repositories otherwise it looks not so great.",
                "fallback": "GitHub: Update the repo description to link to our website (at a minimum) · Issue #17 · thegooddocsproject\/thegooddocsproject.github.io",
                "thumb_url": "https:\/\/avatars1.githubusercontent.com\/u\/52089481?s=400&v=4",
                "from_url": "https:\/\/github.com\/thegooddocsproject\/thegooddocsproject.github.io\/issues\/17",
                "thumb_width": 400,
                "thumb_height": 400,
                "service_icon": "https:\/\/a.slack-edge.com\/80588\/img\/unfurl_icons\/github.png",
                "id": 1,
                "original_url": "https:\/\/github.com\/thegooddocsproject\/thegooddocsproject.github.io\/issues\/17"
            }
        ]
    },
    {
        "client_msg_id": "8cc6660d-2d61-48a4-9107-d9244978fddc",
        "type": "message",
        "text": "So we are looking at the main webpage for thegooddocsproject. I believe the landing page should be super concise, focusing only on the key message(s). Readers can find more info from the tabs. Even the current page is more words that I’d like. Eg: <http:\/\/geonode.org\/> or <https:\/\/atom.io\/> . For the story about the project, look into our other pages, like “howtos” or <https:\/\/thegooddocsproject.dev\/about.html>",
        "user": "UKTGLQNGG",
        "ts": "1572776743.039400",
        "team": "TKFJE6LDR",
        "user_team": "TKFJE6LDR",
        "source_team": "TKFJE6LDR",
        "user_profile": {
            "avatar_hash": "ge03fcb118b0",
            "image_72": "https:\/\/secure.gravatar.com\/avatar\/9e03fcb118b0853a3fedfdee2367779d.jpg?s=72&d=https%3A%2F%2Fa.slack-edge.com%2Fdf10d%2Fimg%2Favatars%2Fava_0021-72.png",
            "first_name": "Cameron",
            "real_name": "Cameron Shorter",
            "display_name": "cameronshorter",
            "team": "TKFJE6LDR",
            "name": "cameron.shorter",
            "is_restricted": false,
            "is_ultra_restricted": false
        },
        "attachments": [
            {
                "title": "GeoNode",
                "title_link": "http:\/\/geonode.org\/",
                "text": "GeoNode is a web-based application and platform for developing geospatial information systems (GIS) and for deploying spatial data infrastructures (SDI).",
                "fallback": "GeoNode",
                "from_url": "http:\/\/geonode.org\/",
                "service_icon": "http:\/\/geonode.org\/static\/img\/favicon.ico",
                "service_name": "geonode.org",
                "id": 1,
                "original_url": "http:\/\/geonode.org\/"
            },
            {
                "service_name": "Atom",
                "title": "A hackable text editor for the 21st Century",
                "title_link": "https:\/\/atom.io\/",
                "text": "At GitHub, we’re building the text editor we’ve always wanted: hackable to the core, but approachable on the first day without ever touching a config file. We can’t wait to see what you build with it.",
                "fallback": "Atom: A hackable text editor for the 21st Century",
                "image_url": "http:\/\/og.github.com\/atom-logo\/atom-logo@1200x630.png",
                "image_width": 476,
                "image_height": 250,
                "from_url": "https:\/\/atom.io\/",
                "image_bytes": 32461,
                "service_icon": "https:\/\/atom.io\/favicon.ico",
                "id": 2,
                "original_url": "https:\/\/atom.io\/"
            },
            {
                "title": "The Good Docs Project",
                "title_link": "https:\/\/thegooddocsproject.dev\/about.html",
                "text": "Templates to make good docs.",
                "fallback": "The Good Docs Project",
                "from_url": "https:\/\/thegooddocsproject.dev\/about.html",
                "service_name": "thegooddocsproject.dev",
                "id": 3,
                "original_url": "https:\/\/thegooddocsproject.dev\/about.html"
            }
        ]
    },
    {
        "client_msg_id": "16e8a6a7-86d5-4eea-a553-b95f5036377d",
        "type": "message",
        "text": "Ok, I’m signing off for the night.",
        "user": "UKTGLQNGG",
        "ts": "1572776941.040000",
        "team": "TKFJE6LDR",
        "user_team": "TKFJE6LDR",
        "source_team": "TKFJE6LDR",
        "user_profile": {
            "avatar_hash": "ge03fcb118b0",
            "image_72": "https:\/\/secure.gravatar.com\/avatar\/9e03fcb118b0853a3fedfdee2367779d.jpg?s=72&d=https%3A%2F%2Fa.slack-edge.com%2Fdf10d%2Fimg%2Favatars%2Fava_0021-72.png",
            "first_name": "Cameron",
            "real_name": "Cameron Shorter",
            "display_name": "cameronshorter",
            "team": "TKFJE6LDR",
            "name": "cameron.shorter",
            "is_restricted": false,
            "is_ultra_restricted": false
        }
    },
    {
        "client_msg_id": "acca8027-ce1b-4979-a4cf-c36eb36ae3fb",
        "type": "message",
        "text": "OK. I'll see you later.",
        "user": "UKVC4NB71",
        "ts": "1572776952.040300",
        "team": "TKFJE6LDR",
        "user_team": "TKFJE6LDR",
        "source_team": "TKFJE6LDR",
        "user_profile": {
            "avatar_hash": "c7d9788d4436",
            "image_72": "https:\/\/avatars.slack-edge.com\/2019-10-30\/814314609877_c7d9788d4436969613a7_72.jpg",
            "first_name": "Jared",
            "real_name": "Jared Morgan",
            "display_name": "jaredmorgs",
            "team": "TKFJE6LDR",
            "name": "jaredleonmorgan",
            "is_restricted": false,
            "is_ultra_restricted": false
        }
    },
    {
        "client_msg_id": "d4c12d4a-581b-4252-a823-ee3d450d7171",
        "type": "message",
        "text": "I'll be off shortly as well.",
        "user": "UKVC4NB71",
        "ts": "1572776963.040500",
        "team": "TKFJE6LDR",
        "user_team": "TKFJE6LDR",
        "source_team": "TKFJE6LDR",
        "user_profile": {
            "avatar_hash": "c7d9788d4436",
            "image_72": "https:\/\/avatars.slack-edge.com\/2019-10-30\/814314609877_c7d9788d4436969613a7_72.jpg",
            "first_name": "Jared",
            "real_name": "Jared Morgan",
            "display_name": "jaredmorgs",
            "team": "TKFJE6LDR",
            "name": "jaredleonmorgan",
            "is_restricted": false,
            "is_ultra_restricted": false
        }
    },
    {
        "client_msg_id": "1aa01e13-8171-4ada-b038-3ff6a76a9a5e",
        "type": "message",
        "text": "hey can someone make a repo for the Doctopus files (maybe just <http:\/\/github.com\/thegooddocsproject\/doctopus|github.com\/thegooddocsproject\/doctopus> and put a CC-BY license in it? Then I can contribute the files, says my lawyerfolk",
        "user": "UL2AA1FF1",
        "ts": "1572796057.041600",
        "team": "TKFJE6LDR",
        "user_team": "TKFJE6LDR",
        "source_team": "TKFJE6LDR",
        "user_profile": {
            "avatar_hash": "22135067b36d",
            "image_72": "https:\/\/avatars.slack-edge.com\/2019-10-23\/805254797908_22135067b36dfb715e99_72.jpg",
            "first_name": "",
            "real_name": "Erin McKean",
            "display_name": "Erin McKean",
            "team": "TKFJE6LDR",
            "name": "emckean",
            "is_restricted": false,
            "is_ultra_restricted": false
        }
    },
    {
        "client_msg_id": "8a8a5724-a2f5-4f46-b726-5759a7e72996",
        "type": "message",
        "text": "<@UL2AA1FF1> I suggest putting into our website images\/ directory, which has a CC-By license on it. As I suspect there will be multiple versions of this logo, I suggest it should have it’s own directory, probably images\/logos\/\n<https:\/\/github.com\/thegooddocsproject\/thegooddocsproject.github.io\/tree\/master\/images>",
        "user": "UKTGLQNGG",
        "ts": "1572809144.043700",
        "team": "TKFJE6LDR",
        "user_team": "TKFJE6LDR",
        "source_team": "TKFJE6LDR",
        "user_profile": {
            "avatar_hash": "ge03fcb118b0",
            "image_72": "https:\/\/secure.gravatar.com\/avatar\/9e03fcb118b0853a3fedfdee2367779d.jpg?s=72&d=https%3A%2F%2Fa.slack-edge.com%2Fdf10d%2Fimg%2Favatars%2Fava_0021-72.png",
            "first_name": "Cameron",
            "real_name": "Cameron Shorter",
            "display_name": "cameronshorter",
            "team": "TKFJE6LDR",
            "name": "cameron.shorter",
            "is_restricted": false,
            "is_ultra_restricted": false
        },
        "attachments": [
            {
                "service_name": "GitHub",
                "title": "thegooddocsproject\/thegooddocsproject.github.io",
                "title_link": "https:\/\/github.com\/thegooddocsproject\/thegooddocsproject.github.io\/tree\/master\/images",
                "text": "Contribute to thegooddocsproject\/thegooddocsproject.github.io development by creating an account on GitHub.",
                "fallback": "GitHub: thegooddocsproject\/thegooddocsproject.github.io",
                "thumb_url": "https:\/\/avatars1.githubusercontent.com\/u\/52089481?s=400&v=4",
                "from_url": "https:\/\/github.com\/thegooddocsproject\/thegooddocsproject.github.io\/tree\/master\/images",
                "thumb_width": 400,
                "thumb_height": 400,
                "service_icon": "https:\/\/a.slack-edge.com\/80588\/img\/unfurl_icons\/github.png",
                "id": 1,
                "original_url": "https:\/\/github.com\/thegooddocsproject\/thegooddocsproject.github.io\/tree\/master\/images"
            }
        ]
    },
    {
        "client_msg_id": "f8e9e960-bcc5-48cb-9109-93e6712b588e",
        "type": "message",
        "text": "I would put it in a separate repo because the website will probably change, and because the website and printer versions will be very different",
        "user": "UL2AA1FF1",
        "ts": "1572809195.045000",
        "team": "TKFJE6LDR",
        "user_team": "TKFJE6LDR",
        "source_team": "TKFJE6LDR",
        "user_profile": {
            "avatar_hash": "22135067b36d",
            "image_72": "https:\/\/avatars.slack-edge.com\/2019-10-23\/805254797908_22135067b36dfb715e99_72.jpg",
            "first_name": "",
            "real_name": "Erin McKean",
            "display_name": "Erin McKean",
            "team": "TKFJE6LDR",
            "name": "emckean",
            "is_restricted": false,
            "is_ultra_restricted": false
        }
    },
    {
        "client_msg_id": "87c361c4-b518-4a4b-9cb0-6202e2a4f411",
        "type": "message",
        "text": "the mascot is different from the logo :slightly_smiling_face:",
        "user": "UL2AA1FF1",
        "ts": "1572809237.045500",
        "team": "TKFJE6LDR",
        "user_team": "TKFJE6LDR",
        "source_team": "TKFJE6LDR",
        "user_profile": {
            "avatar_hash": "22135067b36d",
            "image_72": "https:\/\/avatars.slack-edge.com\/2019-10-23\/805254797908_22135067b36dfb715e99_72.jpg",
            "first_name": "",
            "real_name": "Erin McKean",
            "display_name": "Erin McKean",
            "team": "TKFJE6LDR",
            "name": "emckean",
            "is_restricted": false,
            "is_ultra_restricted": false
        }
    },
    {
        "client_msg_id": "560aaa54-8823-49d9-9d43-1edd939b8045",
        "type": "message",
        "text": "We will probably need a BSD0 licenced version of the logo later for our templates.",
        "user": "UKTGLQNGG",
        "ts": "1572809270.045900",
        "team": "TKFJE6LDR",
        "user_team": "TKFJE6LDR",
        "source_team": "TKFJE6LDR",
        "user_profile": {
            "avatar_hash": "ge03fcb118b0",
            "image_72": "https:\/\/secure.gravatar.com\/avatar\/9e03fcb118b0853a3fedfdee2367779d.jpg?s=72&d=https%3A%2F%2Fa.slack-edge.com%2Fdf10d%2Fimg%2Favatars%2Fava_0021-72.png",
            "first_name": "Cameron",
            "real_name": "Cameron Shorter",
            "display_name": "cameronshorter",
            "team": "TKFJE6LDR",
            "name": "cameron.shorter",
            "is_restricted": false,
            "is_ultra_restricted": false
        },
        "edited": {
            "user": "UKTGLQNGG",
            "ts": "1572809293.000000"
        }
    },
    {
        "client_msg_id": "d77a4ac1-a63c-4831-9efa-0cbd84c52819",
        "type": "message",
        "text": "I’d be interested to hear other people’s thoughts on this, I’m a little nervous about creating too many repositories, and then ending up with multiple (out of date) versions of mascots\/logos.",
        "user": "UKTGLQNGG",
        "ts": "1572809392.047500",
        "team": "TKFJE6LDR",
        "user_team": "TKFJE6LDR",
        "source_team": "TKFJE6LDR",
        "user_profile": {
            "avatar_hash": "ge03fcb118b0",
            "image_72": "https:\/\/secure.gravatar.com\/avatar\/9e03fcb118b0853a3fedfdee2367779d.jpg?s=72&d=https%3A%2F%2Fa.slack-edge.com%2Fdf10d%2Fimg%2Favatars%2Fava_0021-72.png",
            "first_name": "Cameron",
            "real_name": "Cameron Shorter",
            "display_name": "cameronshorter",
            "team": "TKFJE6LDR",
            "name": "cameron.shorter",
            "is_restricted": false,
            "is_ultra_restricted": false
        }
    },
    {
        "client_msg_id": "7409c5d6-e9b1-4e98-ae42-626236eff81c",
        "type": "message",
        "text": "Could you send the request as an email, so we can discuss.",
        "user": "UKTGLQNGG",
        "ts": "1572809415.047900",
        "team": "TKFJE6LDR",
        "user_team": "TKFJE6LDR",
        "source_team": "TKFJE6LDR",
        "user_profile": {
            "avatar_hash": "ge03fcb118b0",
            "image_72": "https:\/\/secure.gravatar.com\/avatar\/9e03fcb118b0853a3fedfdee2367779d.jpg?s=72&d=https%3A%2F%2Fa.slack-edge.com%2Fdf10d%2Fimg%2Favatars%2Fava_0021-72.png",
            "first_name": "Cameron",
            "real_name": "Cameron Shorter",
            "display_name": "cameronshorter",
            "team": "TKFJE6LDR",
            "name": "cameron.shorter",
            "is_restricted": false,
            "is_ultra_restricted": false
        }
    },
    {
        "client_msg_id": "ba402d96-246f-45a4-8858-a58f694d0040",
        "type": "message",
        "text": "sure",
        "user": "UL2AA1FF1",
        "ts": "1572809419.048100",
        "team": "TKFJE6LDR",
        "user_team": "TKFJE6LDR",
        "source_team": "TKFJE6LDR",
        "user_profile": {
            "avatar_hash": "22135067b36d",
            "image_72": "https:\/\/avatars.slack-edge.com\/2019-10-23\/805254797908_22135067b36dfb715e99_72.jpg",
            "first_name": "",
            "real_name": "Erin McKean",
            "display_name": "Erin McKean",
            "team": "TKFJE6LDR",
            "name": "emckean",
            "is_restricted": false,
            "is_ultra_restricted": false
        }
    },
    {
        "client_msg_id": "ed335054-3424-41c4-905d-670045c909c6",
        "type": "message",
        "text": "I'm not sure where we might have things get out of date, we can link directly to the files in the other repos, I believe? Will send email",
        "user": "UL2AA1FF1",
        "ts": "1572809527.049200",
        "team": "TKFJE6LDR",
        "user_team": "TKFJE6LDR",
        "source_team": "TKFJE6LDR",
        "user_profile": {
            "avatar_hash": "22135067b36d",
            "image_72": "https:\/\/avatars.slack-edge.com\/2019-10-23\/805254797908_22135067b36dfb715e99_72.jpg",
            "first_name": "",
            "real_name": "Erin McKean",
            "display_name": "Erin McKean",
            "team": "TKFJE6LDR",
            "name": "emckean",
            "is_restricted": false,
            "is_ultra_restricted": false
        }
    },
    {
        "client_msg_id": "0932d557-6228-42bf-b6f0-b0472b63645c",
        "type": "message",
        "text": "Would the Mascot and Logo be licensed differently?",
        "user": "UKVC4NB71",
        "ts": "1572821837.049700",
        "team": "TKFJE6LDR",
        "user_team": "TKFJE6LDR",
        "source_team": "TKFJE6LDR",
        "user_profile": {
            "avatar_hash": "c7d9788d4436",
            "image_72": "https:\/\/avatars.slack-edge.com\/2019-10-30\/814314609877_c7d9788d4436969613a7_72.jpg",
            "first_name": "Jared",
            "real_name": "Jared Morgan",
            "display_name": "jaredmorgs",
            "team": "TKFJE6LDR",
            "name": "jaredleonmorgan",
            "is_restricted": false,
            "is_ultra_restricted": false
        }
    },
    {
        "client_msg_id": "f671de39-c36d-4d27-9396-35c12ee47261",
        "type": "message",
        "text": "If yes, then we probably need a repo with applicable license.",
        "user": "UKVC4NB71",
        "ts": "1572821858.050200",
        "team": "TKFJE6LDR",
        "user_team": "TKFJE6LDR",
        "source_team": "TKFJE6LDR",
        "user_profile": {
            "avatar_hash": "c7d9788d4436",
            "image_72": "https:\/\/avatars.slack-edge.com\/2019-10-30\/814314609877_c7d9788d4436969613a7_72.jpg",
            "first_name": "Jared",
            "real_name": "Jared Morgan",
            "display_name": "jaredmorgs",
            "team": "TKFJE6LDR",
            "name": "jaredleonmorgan",
            "is_restricted": false,
            "is_ultra_restricted": false
        }
    },
    {
        "client_msg_id": "c0c6806f-7628-4a72-835f-f7363b8cb879",
        "type": "message",
        "text": "But if they are using the same license, then why not co-locate them in a Brand Assets repo. The repo has two directories:\n\n- Logo\n- Mascot",
        "user": "UKVC4NB71",
        "ts": "1572821905.051200",
        "team": "TKFJE6LDR",
        "user_team": "TKFJE6LDR",
        "source_team": "TKFJE6LDR",
        "user_profile": {
            "avatar_hash": "c7d9788d4436",
            "image_72": "https:\/\/avatars.slack-edge.com\/2019-10-30\/814314609877_c7d9788d4436969613a7_72.jpg",
            "first_name": "Jared",
            "real_name": "Jared Morgan",
            "display_name": "jaredmorgs",
            "team": "TKFJE6LDR",
            "name": "jaredleonmorgan",
            "is_restricted": false,
            "is_ultra_restricted": false
        }
    },
    {
        "client_msg_id": "c631e928-7685-4d95-9113-ea7842be989b",
        "type": "message",
        "text": "I'm definitely +1 for a single repo with all our brand assets in them as the canonical location.",
        "user": "UKVC4NB71",
        "ts": "1572822205.052000",
        "team": "TKFJE6LDR",
        "user_team": "TKFJE6LDR",
        "source_team": "TKFJE6LDR",
        "user_profile": {
            "avatar_hash": "c7d9788d4436",
            "image_72": "https:\/\/avatars.slack-edge.com\/2019-10-30\/814314609877_c7d9788d4436969613a7_72.jpg",
            "first_name": "Jared",
            "real_name": "Jared Morgan",
            "display_name": "jaredmorgs",
            "team": "TKFJE6LDR",
            "name": "jaredleonmorgan",
            "is_restricted": false,
            "is_ultra_restricted": false
        }
    }
]