[
    {
        "client_msg_id": "d36996a9-6ca4-4ec4-a3f8-3ec07c523143",
        "type": "message",
        "text": "Welcome <@UQCGMRB6F> to the group. He's keen to help burn through some issues once we sort then out.",
        "user": "UKVC4NB71",
        "ts": "1574156692.007800",
        "team": "TKFJE6LDR",
        "user_team": "TKFJE6LDR",
        "source_team": "TKFJE6LDR",
        "user_profile": {
            "avatar_hash": "c7d9788d4436",
            "image_72": "https:\/\/avatars.slack-edge.com\/2019-10-30\/814314609877_c7d9788d4436969613a7_72.jpg",
            "first_name": "Jared",
            "real_name": "Jared Morgan",
            "display_name": "jaredmorgs",
            "team": "TKFJE6LDR",
            "name": "jaredleonmorgan",
            "is_restricted": false,
            "is_ultra_restricted": false
        }
    },
    {
        "type": "message",
        "subtype": "me_message",
        "text": "waves",
        "user": "UQCGMRB6F",
        "ts": "1574161447.007900"
    },
    {
        "client_msg_id": "50d04dfb-bdda-4520-ba48-991341c0987a",
        "type": "message",
        "text": "Probably won't make the 5.30am meeting tomorrow. Transport home is broken from the city tonight. See the groups email for my take on working through the feedback.",
        "user": "UKVC4NB71",
        "ts": "1574170096.008700",
        "team": "TKFJE6LDR",
        "user_team": "TKFJE6LDR",
        "source_team": "TKFJE6LDR",
        "user_profile": {
            "avatar_hash": "c7d9788d4436",
            "image_72": "https:\/\/avatars.slack-edge.com\/2019-10-30\/814314609877_c7d9788d4436969613a7_72.jpg",
            "first_name": "Jared",
            "real_name": "Jared Morgan",
            "display_name": "jaredmorgs",
            "team": "TKFJE6LDR",
            "name": "jaredleonmorgan",
            "is_restricted": false,
            "is_ultra_restricted": false
        }
    },
    {
        "client_msg_id": "e1184d1e-6a6a-4230-b693-8883c62064b2",
        "type": "message",
        "text": "Welcome <@UQCGMRB6F>, if you haven’t already done so, I suggest joining our email list. Due to our volunteer and international user base quite a bit of our work happens on the email list cadence. Details here: <https:\/\/thegooddocsproject.dev\/contribute.html>",
        "user": "UKTGLQNGG",
        "ts": "1574198610.010400",
        "team": "TKFJE6LDR",
        "user_team": "TKFJE6LDR",
        "source_team": "TKFJE6LDR",
        "user_profile": {
            "avatar_hash": "ge03fcb118b0",
            "image_72": "https:\/\/secure.gravatar.com\/avatar\/9e03fcb118b0853a3fedfdee2367779d.jpg?s=72&d=https%3A%2F%2Fa.slack-edge.com%2Fdf10d%2Fimg%2Favatars%2Fava_0021-72.png",
            "first_name": "Cameron",
            "real_name": "Cameron Shorter",
            "display_name": "cameronshorter",
            "team": "TKFJE6LDR",
            "name": "cameron.shorter",
            "is_restricted": false,
            "is_ultra_restricted": false
        },
        "attachments": [
            {
                "service_name": "The Good Docs Project",
                "title": "How to Contribute",
                "title_link": "https:\/\/thegooddocsproject.dev\/contribute.html",
                "text": "Templates to make good docs.",
                "fallback": "The Good Docs Project: How to Contribute",
                "from_url": "https:\/\/thegooddocsproject.dev\/contribute.html",
                "id": 1,
                "original_url": "https:\/\/thegooddocsproject.dev\/contribute.html"
            }
        ],
        "blocks": [
            {
                "type": "rich_text",
                "block_id": "iZui",
                "elements": [
                    {
                        "type": "rich_text_section",
                        "elements": [
                            {
                                "type": "text",
                                "text": "Welcome "
                            },
                            {
                                "type": "user",
                                "user_id": "UQCGMRB6F"
                            },
                            {
                                "type": "text",
                                "text": ", if you haven’t already done so, I suggest joining our email list. Due to our volunteer and international user base quite a bit of our work happens on the email list cadence. Details here: "
                            },
                            {
                                "type": "link",
                                "url": "https:\/\/thegooddocsproject.dev\/contribute.html"
                            }
                        ]
                    }
                ]
            }
        ]
    }
]