[
    {
        "client_msg_id": "A5782695-AF8C-45C9-A741-8FA45C0ADC22",
        "type": "message",
        "text": "<#CQ31FU5C2|docfixit2019> ",
        "user": "UL9F82XL3",
        "ts": "1573591997.000200",
        "team": "TKFJE6LDR",
        "user_team": "TKFJE6LDR",
        "source_team": "TKFJE6LDR",
        "user_profile": {
            "avatar_hash": "431cbc5b0797",
            "image_72": "https:\/\/avatars.slack-edge.com\/2019-07-23\/702616820016_431cbc5b0797a8cc9f24_72.jpg",
            "first_name": "Sanket",
            "real_name": "Sanket Totewar",
            "display_name": "",
            "team": "TKFJE6LDR",
            "name": "sanket.totewar",
            "is_restricted": false,
            "is_ultra_restricted": false
        }
    },
    {
        "client_msg_id": "b2355816-3c06-4384-8982-4392f72a4352",
        "type": "message",
        "text": "<!here> checking the correct URL to share for anyone wanting to join this slack workspace? Has <@UL2AA1FF1> been given appropriate DNS access to make the join link friendly?",
        "user": "UKVC4NB71",
        "ts": "1573598845.001300",
        "team": "TKFJE6LDR",
        "user_team": "TKFJE6LDR",
        "source_team": "TKFJE6LDR",
        "user_profile": {
            "avatar_hash": "c7d9788d4436",
            "image_72": "https:\/\/avatars.slack-edge.com\/2019-10-30\/814314609877_c7d9788d4436969613a7_72.jpg",
            "first_name": "Jared",
            "real_name": "Jared Morgan",
            "display_name": "jaredmorgs",
            "team": "TKFJE6LDR",
            "name": "jaredleonmorgan",
            "is_restricted": false,
            "is_ultra_restricted": false
        }
    },
    {
        "client_msg_id": "1343e819-fddc-4b33-84ea-dc7c57f8b7c1",
        "type": "message",
        "text": "I think so. Lemme check...Hang five",
        "user": "UKV4ZPEFQ",
        "ts": "1573598973.001500",
        "team": "TKFJE6LDR",
        "user_team": "TKFJE6LDR",
        "source_team": "TKFJE6LDR",
        "user_profile": {
            "avatar_hash": "g854c628ef64",
            "image_72": "https:\/\/secure.gravatar.com\/avatar\/6854c628ef64a4c129a994522e17cdf2.jpg?s=72&d=https%3A%2F%2Fa.slack-edge.com%2Fdf10d%2Fimg%2Favatars%2Fava_0007-72.png",
            "first_name": "felicitybrand",
            "real_name": "felicitybrand",
            "display_name": "flicstar",
            "team": "TKFJE6LDR",
            "name": "felicitybrand",
            "is_restricted": false,
            "is_ultra_restricted": false
        }
    },
    {
        "client_msg_id": "2c82a870-ff2f-4a01-afe8-7d5241f2d9bb",
        "type": "message",
        "text": "<https:\/\/slack.thegooddocsproject.dev\/>",
        "user": "UKV4ZPEFQ",
        "ts": "1573599001.001700",
        "team": "TKFJE6LDR",
        "user_team": "TKFJE6LDR",
        "source_team": "TKFJE6LDR",
        "user_profile": {
            "avatar_hash": "g854c628ef64",
            "image_72": "https:\/\/secure.gravatar.com\/avatar\/6854c628ef64a4c129a994522e17cdf2.jpg?s=72&d=https%3A%2F%2Fa.slack-edge.com%2Fdf10d%2Fimg%2Favatars%2Fava_0007-72.png",
            "first_name": "felicitybrand",
            "real_name": "felicitybrand",
            "display_name": "flicstar",
            "team": "TKFJE6LDR",
            "name": "felicitybrand",
            "is_restricted": false,
            "is_ultra_restricted": false
        }
    },
    {
        "client_msg_id": "11e459d0-3180-4b12-b04a-ea4b21156c50",
        "type": "message",
        "text": "very nice!",
        "user": "UKVC4NB71",
        "ts": "1573599167.002200",
        "team": "TKFJE6LDR",
        "user_team": "TKFJE6LDR",
        "source_team": "TKFJE6LDR",
        "user_profile": {
            "avatar_hash": "c7d9788d4436",
            "image_72": "https:\/\/avatars.slack-edge.com\/2019-10-30\/814314609877_c7d9788d4436969613a7_72.jpg",
            "first_name": "Jared",
            "real_name": "Jared Morgan",
            "display_name": "jaredmorgs",
            "team": "TKFJE6LDR",
            "name": "jaredleonmorgan",
            "is_restricted": false,
            "is_ultra_restricted": false
        }
    },
    {
        "client_msg_id": "9da961b6-3011-4f99-ae0e-7e6756e70ea8",
        "type": "message",
        "text": "woo! I didn't have a chance to check it yesterday b\/c the DNS TTL was &gt; 1hr",
        "user": "UL2AA1FF1",
        "ts": "1573599864.002800",
        "team": "TKFJE6LDR",
        "user_team": "TKFJE6LDR",
        "source_team": "TKFJE6LDR",
        "user_profile": {
            "avatar_hash": "22135067b36d",
            "image_72": "https:\/\/avatars.slack-edge.com\/2019-10-23\/805254797908_22135067b36dfb715e99_72.jpg",
            "first_name": "",
            "real_name": "Erin McKean",
            "display_name": "Erin McKean",
            "team": "TKFJE6LDR",
            "name": "emckean",
            "is_restricted": false,
            "is_ultra_restricted": false
        }
    }
]