[
    {
        "client_msg_id": "4f4065b0-1fdf-4784-b188-37ebf889e52d",
        "type": "message",
        "text": "I’ve created a 0.1 release of TheGoodDocsProject templates. <https:\/\/github.com\/thegooddocsproject\/templates\/releases\/tag\/v0.1>",
        "user": "UKTGLQNGG",
        "ts": "1573468772.031900",
        "team": "TKFJE6LDR",
        "user_team": "TKFJE6LDR",
        "source_team": "TKFJE6LDR",
        "user_profile": {
            "avatar_hash": "ge03fcb118b0",
            "image_72": "https:\/\/secure.gravatar.com\/avatar\/9e03fcb118b0853a3fedfdee2367779d.jpg?s=72&d=https%3A%2F%2Fa.slack-edge.com%2Fdf10d%2Fimg%2Favatars%2Fava_0021-72.png",
            "first_name": "Cameron",
            "real_name": "Cameron Shorter",
            "display_name": "cameronshorter",
            "team": "TKFJE6LDR",
            "name": "cameron.shorter",
            "is_restricted": false,
            "is_ultra_restricted": false
        },
        "attachments": [
            {
                "service_name": "GitHub",
                "title": "thegooddocsproject\/templates",
                "title_link": "https:\/\/github.com\/thegooddocsproject\/templates\/releases\/tag\/v0.1",
                "text": "Templates created by The Good Docs Project - for all your tech writing needs. - thegooddocsproject\/templates",
                "fallback": "GitHub: thegooddocsproject\/templates",
                "thumb_url": "https:\/\/avatars1.githubusercontent.com\/u\/52089481?s=400&v=4",
                "from_url": "https:\/\/github.com\/thegooddocsproject\/templates\/releases\/tag\/v0.1",
                "thumb_width": 400,
                "thumb_height": 400,
                "service_icon": "https:\/\/a.slack-edge.com\/80588\/img\/unfurl_icons\/github.png",
                "id": 1,
                "original_url": "https:\/\/github.com\/thegooddocsproject\/templates\/releases\/tag\/v0.1"
            }
        ]
    },
    {
        "client_msg_id": "9aa09a98-3ded-4c3b-9619-9242b4773747",
        "type": "message",
        "text": "Want to make a channel (called #docfixit or something) to use during the session? Perhaps folk will have questions or want to share links or something. Might be a good forum for that.",
        "user": "UKV4ZPEFQ",
        "ts": "1573526691.001000",
        "team": "TKFJE6LDR",
        "user_team": "TKFJE6LDR",
        "source_team": "TKFJE6LDR",
        "user_profile": {
            "avatar_hash": "g854c628ef64",
            "image_72": "https:\/\/secure.gravatar.com\/avatar\/6854c628ef64a4c129a994522e17cdf2.jpg?s=72&d=https%3A%2F%2Fa.slack-edge.com%2Fdf10d%2Fimg%2Favatars%2Fava_0007-72.png",
            "first_name": "felicitybrand",
            "real_name": "felicitybrand",
            "display_name": "flicstar",
            "team": "TKFJE6LDR",
            "name": "felicitybrand",
            "is_restricted": false,
            "is_ultra_restricted": false
        },
        "thread_ts": "1573526691.001000",
        "reply_count": 2,
        "reply_users_count": 2,
        "latest_reply": "1573635733.002900",
        "reply_users": [
            "UL9F82XL3",
            "UKTGLQNGG"
        ],
        "replies": [
            {
                "user": "UL9F82XL3",
                "ts": "1573529902.001700"
            },
            {
                "user": "UKTGLQNGG",
                "ts": "1573635733.002900"
            }
        ],
        "subscribed": true,
        "last_read": "1573640025.967398",
        "reactions": [
            {
                "name": "heavy_plus_sign",
                "users": [
                    "UL2AA1FF1",
                    "UL9F82XL3",
                    "UKVC4NB71"
                ],
                "count": 3
            }
        ]
    },
    {
        "client_msg_id": "56DEBCCD-E8AF-46AF-B0D1-E1DF071D66BC",
        "type": "message",
        "text": "Maybe #docfixit2019?",
        "user": "UL9F82XL3",
        "ts": "1573529902.001700",
        "team": "TKFJE6LDR",
        "user_team": "TKFJE6LDR",
        "source_team": "TKFJE6LDR",
        "user_profile": {
            "avatar_hash": "431cbc5b0797",
            "image_72": "https:\/\/avatars.slack-edge.com\/2019-07-23\/702616820016_431cbc5b0797a8cc9f24_72.jpg",
            "first_name": "Sanket",
            "real_name": "Sanket Totewar",
            "display_name": "",
            "team": "TKFJE6LDR",
            "name": "sanket.totewar",
            "is_restricted": false,
            "is_ultra_restricted": false
        },
        "thread_ts": "1573526691.001000",
        "parent_user_id": "UKV4ZPEFQ"
    }
]