[
    {
        "client_msg_id": "efdac7b9-d7f1-46a2-b414-caac6547edf0",
        "type": "message",
        "text": "I’m mildly against creating a new channel. I’d suggest train people to use our existing <#CPXECK804|templates> channel.",
        "user": "UKTGLQNGG",
        "ts": "1573635733.002900",
        "team": "TKFJE6LDR",
        "user_team": "TKFJE6LDR",
        "source_team": "TKFJE6LDR",
        "user_profile": {
            "avatar_hash": "ge03fcb118b0",
            "image_72": "https:\/\/secure.gravatar.com\/avatar\/9e03fcb118b0853a3fedfdee2367779d.jpg?s=72&d=https%3A%2F%2Fa.slack-edge.com%2Fdf10d%2Fimg%2Favatars%2Fava_0021-72.png",
            "first_name": "Cameron",
            "real_name": "Cameron Shorter",
            "display_name": "cameronshorter",
            "team": "TKFJE6LDR",
            "name": "cameron.shorter",
            "is_restricted": false,
            "is_ultra_restricted": false
        },
        "thread_ts": "1573526691.001000",
        "parent_user_id": "UKV4ZPEFQ"
    },
    {
        "client_msg_id": "8C537BF7-A727-41B9-B18D-5BA66E512B05",
        "type": "message",
        "text": ":wave: ",
        "user": "UL9F82XL3",
        "ts": "1573683311.000200",
        "team": "TKFJE6LDR",
        "user_team": "TKFJE6LDR",
        "source_team": "TKFJE6LDR",
        "user_profile": {
            "avatar_hash": "431cbc5b0797",
            "image_72": "https:\/\/avatars.slack-edge.com\/2019-07-23\/702616820016_431cbc5b0797a8cc9f24_72.jpg",
            "first_name": "Sanket",
            "real_name": "Sanket Totewar",
            "display_name": "",
            "team": "TKFJE6LDR",
            "name": "sanket.totewar",
            "is_restricted": false,
            "is_ultra_restricted": false
        }
    },
    {
        "client_msg_id": "b07a7488-6f91-4c1a-9da3-e2c899d4577f",
        "type": "message",
        "text": "<@UKV4ZPEFQ> I’ve created a hangout for you to sign into at 13:00 <https:\/\/hangouts.google.com\/call\/calendar\/Y2FtZXJvbi5zaG9ydGVyQGdtYWlsLmNvbQ.6hfso5b5l4j4rausr03th06u86?no_rd>",
        "user": "UKTGLQNGG",
        "ts": "1573689446.000700",
        "team": "TKFJE6LDR",
        "user_team": "TKFJE6LDR",
        "source_team": "TKFJE6LDR",
        "user_profile": {
            "avatar_hash": "ge03fcb118b0",
            "image_72": "https:\/\/secure.gravatar.com\/avatar\/9e03fcb118b0853a3fedfdee2367779d.jpg?s=72&d=https%3A%2F%2Fa.slack-edge.com%2Fdf10d%2Fimg%2Favatars%2Fava_0021-72.png",
            "first_name": "Cameron",
            "real_name": "Cameron Shorter",
            "display_name": "cameronshorter",
            "team": "TKFJE6LDR",
            "name": "cameron.shorter",
            "is_restricted": false,
            "is_ultra_restricted": false
        }
    },
    {
        "client_msg_id": "a30a89af-b949-41e2-b498-5d7cac269d9e",
        "type": "message",
        "text": "Thanks. I had a bit of a daylight saving moment where I wasn't sure of the time. Good to know :thumbsup:",
        "user": "UKV4ZPEFQ",
        "ts": "1573689892.001200",
        "team": "TKFJE6LDR",
        "user_team": "TKFJE6LDR",
        "source_team": "TKFJE6LDR",
        "user_profile": {
            "avatar_hash": "g854c628ef64",
            "image_72": "https:\/\/secure.gravatar.com\/avatar\/6854c628ef64a4c129a994522e17cdf2.jpg?s=72&d=https%3A%2F%2Fa.slack-edge.com%2Fdf10d%2Fimg%2Favatars%2Fava_0007-72.png",
            "first_name": "felicitybrand",
            "real_name": "felicitybrand",
            "display_name": "flicstar",
            "team": "TKFJE6LDR",
            "name": "felicitybrand",
            "is_restricted": false,
            "is_ultra_restricted": false
        }
    },
    {
        "type": "message",
        "text": "Peeps aren’t able to sign up",
        "files": [
            {
                "id": "FQ6D12D99",
                "created": 1573698280,
                "timestamp": 1573698280,
                "name": "Screen Shot 2019-11-14 at 13.24.19.png",
                "title": "Screen Shot 2019-11-14 at 13.24.19.png",
                "mimetype": "image\/png",
                "filetype": "png",
                "pretty_type": "PNG",
                "user": "UL9F82XL3",
                "editable": false,
                "size": 160895,
                "mode": "hosted",
                "is_external": false,
                "external_type": "",
                "is_public": true,
                "public_url_shared": false,
                "display_as_bot": false,
                "username": "",
                "url_private": "https:\/\/files.slack.com\/files-pri\/TKFJE6LDR-FQ6D12D99\/screen_shot_2019-11-14_at_13.24.19.png?t=xoxe-661626224467-1176889373458-1189513059441-ae8bad2fa75b08bee478ccbaefddd7f6",
                "url_private_download": "https:\/\/files.slack.com\/files-pri\/TKFJE6LDR-FQ6D12D99\/download\/screen_shot_2019-11-14_at_13.24.19.png?t=xoxe-661626224467-1176889373458-1189513059441-ae8bad2fa75b08bee478ccbaefddd7f6",
                "thumb_64": "https:\/\/files.slack.com\/files-tmb\/TKFJE6LDR-FQ6D12D99-bfebf612dd\/screen_shot_2019-11-14_at_13.24.19_64.png?t=xoxe-661626224467-1176889373458-1189513059441-ae8bad2fa75b08bee478ccbaefddd7f6",
                "thumb_80": "https:\/\/files.slack.com\/files-tmb\/TKFJE6LDR-FQ6D12D99-bfebf612dd\/screen_shot_2019-11-14_at_13.24.19_80.png?t=xoxe-661626224467-1176889373458-1189513059441-ae8bad2fa75b08bee478ccbaefddd7f6",
                "thumb_360": "https:\/\/files.slack.com\/files-tmb\/TKFJE6LDR-FQ6D12D99-bfebf612dd\/screen_shot_2019-11-14_at_13.24.19_360.png?t=xoxe-661626224467-1176889373458-1189513059441-ae8bad2fa75b08bee478ccbaefddd7f6",
                "thumb_360_w": 360,
                "thumb_360_h": 331,
                "thumb_480": "https:\/\/files.slack.com\/files-tmb\/TKFJE6LDR-FQ6D12D99-bfebf612dd\/screen_shot_2019-11-14_at_13.24.19_480.png?t=xoxe-661626224467-1176889373458-1189513059441-ae8bad2fa75b08bee478ccbaefddd7f6",
                "thumb_480_w": 480,
                "thumb_480_h": 442,
                "thumb_160": "https:\/\/files.slack.com\/files-tmb\/TKFJE6LDR-FQ6D12D99-bfebf612dd\/screen_shot_2019-11-14_at_13.24.19_160.png?t=xoxe-661626224467-1176889373458-1189513059441-ae8bad2fa75b08bee478ccbaefddd7f6",
                "thumb_720": "https:\/\/files.slack.com\/files-tmb\/TKFJE6LDR-FQ6D12D99-bfebf612dd\/screen_shot_2019-11-14_at_13.24.19_720.png?t=xoxe-661626224467-1176889373458-1189513059441-ae8bad2fa75b08bee478ccbaefddd7f6",
                "thumb_720_w": 720,
                "thumb_720_h": 662,
                "thumb_800": "https:\/\/files.slack.com\/files-tmb\/TKFJE6LDR-FQ6D12D99-bfebf612dd\/screen_shot_2019-11-14_at_13.24.19_800.png?t=xoxe-661626224467-1176889373458-1189513059441-ae8bad2fa75b08bee478ccbaefddd7f6",
                "thumb_800_w": 800,
                "thumb_800_h": 736,
                "thumb_960": "https:\/\/files.slack.com\/files-tmb\/TKFJE6LDR-FQ6D12D99-bfebf612dd\/screen_shot_2019-11-14_at_13.24.19_960.png?t=xoxe-661626224467-1176889373458-1189513059441-ae8bad2fa75b08bee478ccbaefddd7f6",
                "thumb_960_w": 960,
                "thumb_960_h": 883,
                "thumb_1024": "https:\/\/files.slack.com\/files-tmb\/TKFJE6LDR-FQ6D12D99-bfebf612dd\/screen_shot_2019-11-14_at_13.24.19_1024.png?t=xoxe-661626224467-1176889373458-1189513059441-ae8bad2fa75b08bee478ccbaefddd7f6",
                "thumb_1024_w": 1024,
                "thumb_1024_h": 942,
                "image_exif_rotation": 1,
                "original_w": 1376,
                "original_h": 1266,
                "thumb_tiny": "AwAsADDTpm9ckc8e1PpCTntQA3ePRvyo8xf9r8jS4JPQfnQAc9BQAm9c4+bP0NPooNABUbyorYZlB9zUlRSQxu+5lyfqaADzov8Anov50vnxf89F\/OmC3iHO0j6E0fZoT\/CfzNAtSRJEc4RgfoaeajjhjjJKLjNSGgYlIWxS0Y9zQAm8e9JvHvS49zRj3NAChs9KKMY70UAf\/9k=",
                "permalink": "https:\/\/thegooddocs.slack.com\/files\/UL9F82XL3\/FQ6D12D99\/screen_shot_2019-11-14_at_13.24.19.png",
                "permalink_public": "https:\/\/slack-files.com\/TKFJE6LDR-FQ6D12D99-dba5b91cfd",
                "is_starred": false,
                "has_rich_preview": false
            }
        ],
        "upload": true,
        "user": "UL9F82XL3",
        "display_as_bot": false,
        "ts": "1573698285.001300",
        "client_msg_id": "84171abb-af6a-40fa-aa74-58dfe03ead49"
    },
    {
        "client_msg_id": "480f530c-8626-4017-b229-9b565527e6a7",
        "type": "message",
        "text": "I sent our nice signup link to the mailing list. For when folks can get on to Slack again...",
        "user": "UKV4ZPEFQ",
        "ts": "1573698454.002100",
        "team": "TKFJE6LDR",
        "user_team": "TKFJE6LDR",
        "source_team": "TKFJE6LDR",
        "user_profile": {
            "avatar_hash": "g854c628ef64",
            "image_72": "https:\/\/secure.gravatar.com\/avatar\/6854c628ef64a4c129a994522e17cdf2.jpg?s=72&d=https%3A%2F%2Fa.slack-edge.com%2Fdf10d%2Fimg%2Favatars%2Fava_0007-72.png",
            "first_name": "felicitybrand",
            "real_name": "felicitybrand",
            "display_name": "flicstar",
            "team": "TKFJE6LDR",
            "name": "felicitybrand",
            "is_restricted": false,
            "is_ultra_restricted": false
        }
    },
    {
        "type": "message",
        "text": "",
        "files": [
            {
                "id": "FQHTY17UG",
                "created": 1573701331,
                "timestamp": 1573701331,
                "name": "Image from iOS.jpg",
                "title": "Image from iOS",
                "mimetype": "image\/jpeg",
                "filetype": "jpg",
                "pretty_type": "JPEG",
                "user": "UL9F82XL3",
                "editable": false,
                "size": 782663,
                "mode": "hosted",
                "is_external": false,
                "external_type": "",
                "is_public": true,
                "public_url_shared": false,
                "display_as_bot": false,
                "username": "",
                "url_private": "https:\/\/files.slack.com\/files-pri\/TKFJE6LDR-FQHTY17UG\/image_from_ios.jpg?t=xoxe-661626224467-1176889373458-1189513059441-ae8bad2fa75b08bee478ccbaefddd7f6",
                "url_private_download": "https:\/\/files.slack.com\/files-pri\/TKFJE6LDR-FQHTY17UG\/download\/image_from_ios.jpg?t=xoxe-661626224467-1176889373458-1189513059441-ae8bad2fa75b08bee478ccbaefddd7f6",
                "thumb_64": "https:\/\/files.slack.com\/files-tmb\/TKFJE6LDR-FQHTY17UG-271aba8b70\/image_from_ios_64.jpg?t=xoxe-661626224467-1176889373458-1189513059441-ae8bad2fa75b08bee478ccbaefddd7f6",
                "thumb_80": "https:\/\/files.slack.com\/files-tmb\/TKFJE6LDR-FQHTY17UG-271aba8b70\/image_from_ios_80.jpg?t=xoxe-661626224467-1176889373458-1189513059441-ae8bad2fa75b08bee478ccbaefddd7f6",
                "thumb_360": "https:\/\/files.slack.com\/files-tmb\/TKFJE6LDR-FQHTY17UG-271aba8b70\/image_from_ios_360.jpg?t=xoxe-661626224467-1176889373458-1189513059441-ae8bad2fa75b08bee478ccbaefddd7f6",
                "thumb_360_w": 270,
                "thumb_360_h": 360,
                "thumb_480": "https:\/\/files.slack.com\/files-tmb\/TKFJE6LDR-FQHTY17UG-271aba8b70\/image_from_ios_480.jpg?t=xoxe-661626224467-1176889373458-1189513059441-ae8bad2fa75b08bee478ccbaefddd7f6",
                "thumb_480_w": 360,
                "thumb_480_h": 480,
                "thumb_160": "https:\/\/files.slack.com\/files-tmb\/TKFJE6LDR-FQHTY17UG-271aba8b70\/image_from_ios_160.jpg?t=xoxe-661626224467-1176889373458-1189513059441-ae8bad2fa75b08bee478ccbaefddd7f6",
                "thumb_720": "https:\/\/files.slack.com\/files-tmb\/TKFJE6LDR-FQHTY17UG-271aba8b70\/image_from_ios_720.jpg?t=xoxe-661626224467-1176889373458-1189513059441-ae8bad2fa75b08bee478ccbaefddd7f6",
                "thumb_720_w": 540,
                "thumb_720_h": 720,
                "thumb_800": "https:\/\/files.slack.com\/files-tmb\/TKFJE6LDR-FQHTY17UG-271aba8b70\/image_from_ios_800.jpg?t=xoxe-661626224467-1176889373458-1189513059441-ae8bad2fa75b08bee478ccbaefddd7f6",
                "thumb_800_w": 800,
                "thumb_800_h": 1066,
                "thumb_960": "https:\/\/files.slack.com\/files-tmb\/TKFJE6LDR-FQHTY17UG-271aba8b70\/image_from_ios_960.jpg?t=xoxe-661626224467-1176889373458-1189513059441-ae8bad2fa75b08bee478ccbaefddd7f6",
                "thumb_960_w": 720,
                "thumb_960_h": 960,
                "thumb_1024": "https:\/\/files.slack.com\/files-tmb\/TKFJE6LDR-FQHTY17UG-271aba8b70\/image_from_ios_1024.jpg?t=xoxe-661626224467-1176889373458-1189513059441-ae8bad2fa75b08bee478ccbaefddd7f6",
                "thumb_1024_w": 768,
                "thumb_1024_h": 1024,
                "image_exif_rotation": 1,
                "original_w": 2906,
                "original_h": 3874,
                "thumb_tiny": "AwAwACSXTxi2z6satZqCzGLVPcZ\/Wp+\/WgBc\/SkIozRQBkXq7Lp\/fmq+a1Lm286QMB2xUP2I+lAFuEFYEHooqXNRjgCloAfn3oz700\/Sj8KAHZoptH40AMB96CQBy2KpC6Qdcj8KWS4jbHzUAXlIYcHNLwKoJdog6k\/QU1r5j9xQPrQBobh60bh61km4lJzvI+lHny\/3zQB\/\/9k=",
                "permalink": "https:\/\/thegooddocs.slack.com\/files\/UL9F82XL3\/FQHTY17UG\/image_from_ios.jpg",
                "permalink_public": "https:\/\/slack-files.com\/TKFJE6LDR-FQHTY17UG-dd31356a7c",
                "is_starred": false,
                "has_rich_preview": false
            }
        ],
        "upload": true,
        "user": "UL9F82XL3",
        "display_as_bot": false,
        "ts": "1573701337.002300",
        "client_msg_id": "B0C5F9AF-2FC2-4674-B216-D40E13A3511D"
    },
    {
        "type": "message",
        "subtype": "channel_join",
        "ts": "1573701345.002600",
        "user": "UQHTJTYM6",
        "text": "<@UQHTJTYM6> has joined the channel"
    },
    {
        "type": "message",
        "subtype": "channel_join",
        "ts": "1573702011.002800",
        "user": "UQ54YNUPL",
        "text": "<@UQ54YNUPL> has joined the channel"
    },
    {
        "type": "message",
        "subtype": "channel_join",
        "ts": "1573702938.003000",
        "user": "UQ553K7DY",
        "text": "<@UQ553K7DY> has joined the channel"
    },
    {
        "client_msg_id": "b7b0e8c6-e236-4972-b932-96b5bc208bae",
        "type": "message",
        "text": "US or proper spelling?",
        "user": "UQHTJTYM6",
        "ts": "1573703890.003200",
        "team": "TKFJE6LDR",
        "user_team": "TKFJE6LDR",
        "source_team": "TKFJE6LDR",
        "user_profile": {
            "avatar_hash": "g65080694902",
            "image_72": "https:\/\/secure.gravatar.com\/avatar\/650806949023f752870363ad7de45188.jpg?s=72&d=https%3A%2F%2Fa.slack-edge.com%2Fdf10d%2Fimg%2Favatars%2Fava_0023-72.png",
            "first_name": "",
            "real_name": "Alec Clews",
            "display_name": "Alec Clews",
            "team": "TKFJE6LDR",
            "name": "alecclews",
            "is_restricted": false,
            "is_ultra_restricted": false
        },
        "reactions": [
            {
                "name": "joy",
                "users": [
                    "UL2AA1FF1"
                ],
                "count": 1
            }
        ]
    }
]