[
    {
        "client_msg_id": "974a6aea-9637-4259-a633-43c867f321a5",
        "type": "message",
        "text": "She looks great!",
        "user": "UKVC4NB71",
        "ts": "1572405282.000400",
        "team": "TKFJE6LDR",
        "user_team": "TKFJE6LDR",
        "source_team": "TKFJE6LDR",
        "user_profile": {
            "avatar_hash": "c7d9788d4436",
            "image_72": "https:\/\/avatars.slack-edge.com\/2019-10-30\/814314609877_c7d9788d4436969613a7_72.jpg",
            "first_name": "Jared",
            "real_name": "Jared Morgan",
            "display_name": "jaredmorgs",
            "team": "TKFJE6LDR",
            "name": "jaredleonmorgan",
            "is_restricted": false,
            "is_ultra_restricted": false
        }
    },
    {
        "client_msg_id": "76B4C3D5-0841-44E5-9CAD-69F5DFF86FF9",
        "type": "message",
        "text": ":thinking_face: what makes you think it’s a girl? <https:\/\/accellahk.com\/2017\/01\/17\/is-your-octopus-a-boy-or-a-girl\/>",
        "user": "UKV4ZPEFQ",
        "ts": "1572412191.000600",
        "team": "TKFJE6LDR",
        "user_team": "TKFJE6LDR",
        "source_team": "TKFJE6LDR",
        "user_profile": {
            "avatar_hash": "g854c628ef64",
            "image_72": "https:\/\/secure.gravatar.com\/avatar\/6854c628ef64a4c129a994522e17cdf2.jpg?s=72&d=https%3A%2F%2Fa.slack-edge.com%2Fdf10d%2Fimg%2Favatars%2Fava_0007-72.png",
            "first_name": "felicitybrand",
            "real_name": "felicitybrand",
            "display_name": "flicstar",
            "team": "TKFJE6LDR",
            "name": "felicitybrand",
            "is_restricted": false,
            "is_ultra_restricted": false
        },
        "attachments": [
            {
                "title": "Is your octopus a boy or a girl? Here’s what you need to know to figure it out!",
                "title_link": "https:\/\/accellahk.com\/2017\/01\/17\/is-your-octopus-a-boy-or-a-girl\/",
                "text": "We've just finished our reading of The Octopus Scientists. Before diving into our next book, we gave our students a chance to put some of the information they'd gleaned from the final three chapte",
                "fallback": "Is your octopus a boy or a girl? Here’s what you need to know to figure it out!",
                "thumb_url": "http:\/\/accellahk.com\/accella-images\/20170115\/checking-octopus-gender-isabellay-750x1050h.q75.jpg",
                "from_url": "https:\/\/accellahk.com\/2017\/01\/17\/is-your-octopus-a-boy-or-a-girl\/",
                "thumb_width": 750,
                "thumb_height": 1050,
                "service_icon": "https:\/\/accellahk.com\/wp-content\/uploads\/2017\/03\/cropped-ACC-NG-favicon-A-515x515h.24-1-180x180.png",
                "service_name": "accellahk.com",
                "id": 1,
                "original_url": "https:\/\/accellahk.com\/2017\/01\/17\/is-your-octopus-a-boy-or-a-girl\/"
            }
        ]
    },
    {
        "client_msg_id": "e9855c7f-168d-4c5c-8505-471f276f6adc",
        "type": "message",
        "text": "Lol\n\n&gt; but a male has one arm (called the hectocotylus and usually its third right appendage) that is quite unlike the rest. Some distance from the tip, the suckers stop and that arm ends in *something quite different*.",
        "user": "UKVC4NB71",
        "ts": "1572412550.001400",
        "team": "TKFJE6LDR",
        "user_team": "TKFJE6LDR",
        "source_team": "TKFJE6LDR",
        "user_profile": {
            "avatar_hash": "c7d9788d4436",
            "image_72": "https:\/\/avatars.slack-edge.com\/2019-10-30\/814314609877_c7d9788d4436969613a7_72.jpg",
            "first_name": "Jared",
            "real_name": "Jared Morgan",
            "display_name": "jaredmorgs",
            "team": "TKFJE6LDR",
            "name": "jaredleonmorgan",
            "is_restricted": false,
            "is_ultra_restricted": false
        }
    },
    {
        "client_msg_id": "99cc2191-dc85-4c7b-a470-a5b151f8a19b",
        "type": "message",
        "text": "Our cephalopod only has 5 arms, so I'm not sure which side to examine to determine the gender. :stuck_out_tongue:",
        "user": "UKVC4NB71",
        "ts": "1572412641.002600",
        "team": "TKFJE6LDR",
        "user_team": "TKFJE6LDR",
        "source_team": "TKFJE6LDR",
        "user_profile": {
            "avatar_hash": "c7d9788d4436",
            "image_72": "https:\/\/avatars.slack-edge.com\/2019-10-30\/814314609877_c7d9788d4436969613a7_72.jpg",
            "first_name": "Jared",
            "real_name": "Jared Morgan",
            "display_name": "jaredmorgs",
            "team": "TKFJE6LDR",
            "name": "jaredleonmorgan",
            "is_restricted": false,
            "is_ultra_restricted": false
        }
    }
]