[
    {
        "client_msg_id": "589e0738-d467-40e3-bf14-e4caac9673c4",
        "type": "message",
        "text": "At the moment, it looks like I can attend the meeting on Thursday. I have a lot going on, but I hope no new meetings will be happening for the last half of the week.",
        "user": "UL3UNUMK6",
        "ts": "1572857160.053700",
        "team": "TKFJE6LDR",
        "user_team": "TKFJE6LDR",
        "source_team": "TKFJE6LDR",
        "user_profile": {
            "avatar_hash": "g886aa2ab03e",
            "image_72": "https:\/\/secure.gravatar.com\/avatar\/1886aa2ab03e30db78524e761889e101.jpg?s=72&d=https%3A%2F%2Fa.slack-edge.com%2Fdf10d%2Fimg%2Favatars%2Fava_0005-72.png",
            "first_name": "",
            "real_name": "Clarence Cromwell",
            "display_name": "",
            "team": "TKFJE6LDR",
            "name": "clarencewcromwell",
            "is_restricted": false,
            "is_ultra_restricted": false
        },
        "thread_ts": "1572773439.028800",
        "parent_user_id": "UKTGLQNGG"
    },
    {
        "client_msg_id": "3d7c9f16-383b-4f80-86f1-c1d447e4a472",
        "type": "message",
        "text": "thank you! I think they should both be CC-BY as we want to have a bit more control over logos &amp; mascots than over the templates",
        "user": "UL2AA1FF1",
        "ts": "1572874573.054900",
        "team": "TKFJE6LDR",
        "user_team": "TKFJE6LDR",
        "source_team": "TKFJE6LDR",
        "user_profile": {
            "avatar_hash": "22135067b36d",
            "image_72": "https:\/\/avatars.slack-edge.com\/2019-10-23\/805254797908_22135067b36dfb715e99_72.jpg",
            "first_name": "",
            "real_name": "Erin McKean",
            "display_name": "Erin McKean",
            "team": "TKFJE6LDR",
            "name": "emckean",
            "is_restricted": false,
            "is_ultra_restricted": false
        }
    },
    {
        "client_msg_id": "0413d016-dca7-4c83-8877-4364f751ae66",
        "type": "message",
        "text": "did I share that the stickers for WtD have shipped? <https:\/\/www.stickergiant.com\/share?oid=455385.274736>",
        "user": "UL2AA1FF1",
        "ts": "1572876190.055200",
        "team": "TKFJE6LDR",
        "user_team": "TKFJE6LDR",
        "source_team": "TKFJE6LDR",
        "user_profile": {
            "avatar_hash": "22135067b36d",
            "image_72": "https:\/\/avatars.slack-edge.com\/2019-10-23\/805254797908_22135067b36dfb715e99_72.jpg",
            "first_name": "",
            "real_name": "Erin McKean",
            "display_name": "Erin McKean",
            "team": "TKFJE6LDR",
            "name": "emckean",
            "is_restricted": false,
            "is_ultra_restricted": false
        }
    },
    {
        "client_msg_id": "c6b768d4-1a52-4ce4-a9ca-72980afcd912",
        "type": "message",
        "text": "<http:\/\/gph.is\/2nE54dj>",
        "user": "UKVC4NB71",
        "ts": "1572905703.000300",
        "team": "TKFJE6LDR",
        "user_team": "TKFJE6LDR",
        "source_team": "TKFJE6LDR",
        "user_profile": {
            "avatar_hash": "c7d9788d4436",
            "image_72": "https:\/\/avatars.slack-edge.com\/2019-10-30\/814314609877_c7d9788d4436969613a7_72.jpg",
            "first_name": "Jared",
            "real_name": "Jared Morgan",
            "display_name": "jaredmorgs",
            "team": "TKFJE6LDR",
            "name": "jaredleonmorgan",
            "is_restricted": false,
            "is_ultra_restricted": false
        },
        "attachments": [
            {
                "service_name": "Giphy",
                "service_url": "https:\/\/giphy.com\/",
                "image_url": "https:\/\/media2.giphy.com\/media\/xUA7bfh0vgtmNlm4a4\/giphy.gif?cid=6104955e43a6c9bd82fc0c53137d2a018c3f806712032ae2&rid=giphy.gif",
                "image_width": 480,
                "image_height": 480,
                "image_bytes": 937050,
                "fallback": "giphy: https:\/\/giphy.com\/gifs\/happy-birthday-xUA7bfh0vgtmNlm4a4",
                "service_icon": "https:\/\/a.slack-edge.com\/80588\/img\/unfurl_icons\/giphy.png",
                "id": 1,
                "original_url": "https:\/\/giphy.com\/gifs\/happy-birthday-xUA7bfh0vgtmNlm4a4"
            }
        ],
        "reactions": [
            {
                "name": "heart",
                "users": [
                    "UL2AA1FF1"
                ],
                "count": 1
            }
        ]
    }
]