[
    {
        "client_msg_id": "ff265405-1896-4c2e-b31d-41ccb8e6c8d2",
        "type": "message",
        "text": "<@UL2AA1FF1> Do you have any draft logo designs to share?",
        "user": "UKV4ZPEFQ",
        "ts": "1574115511.005800",
        "team": "TKFJE6LDR",
        "user_team": "TKFJE6LDR",
        "source_team": "TKFJE6LDR",
        "user_profile": {
            "avatar_hash": "g854c628ef64",
            "image_72": "https:\/\/secure.gravatar.com\/avatar\/6854c628ef64a4c129a994522e17cdf2.jpg?s=72&d=https%3A%2F%2Fa.slack-edge.com%2Fdf10d%2Fimg%2Favatars%2Fava_0007-72.png",
            "first_name": "felicitybrand",
            "real_name": "felicitybrand",
            "display_name": "flicstar",
            "team": "TKFJE6LDR",
            "name": "felicitybrand",
            "is_restricted": false,
            "is_ultra_restricted": false
        },
        "blocks": [
            {
                "type": "rich_text",
                "block_id": "apW",
                "elements": [
                    {
                        "type": "rich_text_section",
                        "elements": [
                            {
                                "type": "user",
                                "user_id": "UL2AA1FF1"
                            },
                            {
                                "type": "text",
                                "text": " Do you have any draft logo designs to share?"
                            }
                        ]
                    }
                ]
            }
        ]
    },
    {
        "client_msg_id": "b2bf8288-8117-43a1-98d2-a87ce1298577",
        "type": "message",
        "text": "not yet! Sanket expressed interest in working on it end of last week  ... <@UL9F82XL3>",
        "user": "UL2AA1FF1",
        "ts": "1574121282.006300",
        "team": "TKFJE6LDR",
        "user_team": "TKFJE6LDR",
        "source_team": "TKFJE6LDR",
        "user_profile": {
            "avatar_hash": "22135067b36d",
            "image_72": "https:\/\/avatars.slack-edge.com\/2019-10-23\/805254797908_22135067b36dfb715e99_72.jpg",
            "first_name": "",
            "real_name": "Erin McKean",
            "display_name": "Erin McKean",
            "team": "TKFJE6LDR",
            "name": "emckean",
            "is_restricted": false,
            "is_ultra_restricted": false
        }
    }
]