[
    {
        "type": "message",
        "subtype": "channel_name",
        "ts": "1574277450.010600",
        "user": "UL2AA1FF1",
        "text": "<@UL2AA1FF1> has renamed the channel from \"general\" to \"announcements\"",
        "old_name": "general",
        "name": "announcements"
    },
    {
        "type": "message",
        "subtype": "channel_topic",
        "ts": "1574277471.010700",
        "user": "UL2AA1FF1",
        "text": "<@UL2AA1FF1> set the channel topic: project announcements only -- want to chat? join #general",
        "topic": "project announcements only -- want to chat? join #general"
    }
]