[
    {
        "client_msg_id": "5aaf9cfc-73ee-4753-8862-6d91b5f1ab0c",
        "type": "message",
        "text": "<!here> TheGoodDocsProject weekly meeting is on now: <https:\/\/hangouts.google.com\/call\/FvGOPtJxxBw9NGZyMcTHAEEM?no_rd>",
        "user": "UKTGLQNGG",
        "ts": "1570563096.000800",
        "team": "TKFJE6LDR",
        "user_team": "TKFJE6LDR",
        "source_team": "TKFJE6LDR",
        "user_profile": {
            "avatar_hash": "ge03fcb118b0",
            "image_72": "https:\/\/secure.gravatar.com\/avatar\/9e03fcb118b0853a3fedfdee2367779d.jpg?s=72&d=https%3A%2F%2Fa.slack-edge.com%2Fdf10d%2Fimg%2Favatars%2Fava_0021-72.png",
            "first_name": "Cameron",
            "real_name": "Cameron Shorter",
            "display_name": "cameronshorter",
            "team": "TKFJE6LDR",
            "name": "cameron.shorter",
            "is_restricted": false,
            "is_ultra_restricted": false
        }
    }
]