[
    {
        "client_msg_id": "2327324f-baee-47e3-bb6d-36a59071eb85",
        "type": "message",
        "text": "2020 Season of Docs is now live! <https:\/\/developers.google.com\/season-of-docs>",
        "user": "UL2AA1FF1",
        "ts": "1584990580.000300",
        "team": "TKFJE6LDR",
        "user_team": "TKFJE6LDR",
        "source_team": "TKFJE6LDR",
        "user_profile": {
            "avatar_hash": "22135067b36d",
            "image_72": "https:\/\/avatars.slack-edge.com\/2019-10-23\/805254797908_22135067b36dfb715e99_72.jpg",
            "first_name": "",
            "real_name": "Erin McKean",
            "display_name": "Erin McKean",
            "team": "TKFJE6LDR",
            "name": "emckean",
            "is_restricted": false,
            "is_ultra_restricted": false
        },
        "attachments": [
            {
                "service_name": "Google Developers",
                "title": "Season of Docs  |  Google Developers",
                "title_link": "https:\/\/developers.google.com\/season-of-docs",
                "text": "Fostering open source collaboration with technical writers.",
                "fallback": "Google Developers: Season of Docs  |  Google Developers",
                "from_url": "https:\/\/developers.google.com\/season-of-docs",
                "service_icon": "https:\/\/www.gstatic.com\/devrel-devsite\/prod\/vf4743e4237527d72f4be8582639e4a529166b52e9bb628e797b1ed38800b278b\/developers\/images\/touchicon-180.png",
                "id": 1,
                "original_url": "https:\/\/developers.google.com\/season-of-docs"
            }
        ],
        "blocks": [
            {
                "type": "rich_text",
                "block_id": "JKw",
                "elements": [
                    {
                        "type": "rich_text_section",
                        "elements": [
                            {
                                "type": "text",
                                "text": "2020 Season of Docs is now live! "
                            },
                            {
                                "type": "link",
                                "url": "https:\/\/developers.google.com\/season-of-docs"
                            }
                        ]
                    }
                ]
            }
        ]
    },
    {
        "client_msg_id": "07706347-c490-4066-a117-55d88f7cbadf",
        "type": "message",
        "text": "I would love to have us be able to recommend templates as a project, or even have GDP apply to be an org :slightly_smiling_face:",
        "user": "UL2AA1FF1",
        "ts": "1584990597.000900",
        "team": "TKFJE6LDR",
        "user_team": "TKFJE6LDR",
        "source_team": "TKFJE6LDR",
        "user_profile": {
            "avatar_hash": "22135067b36d",
            "image_72": "https:\/\/avatars.slack-edge.com\/2019-10-23\/805254797908_22135067b36dfb715e99_72.jpg",
            "first_name": "",
            "real_name": "Erin McKean",
            "display_name": "Erin McKean",
            "team": "TKFJE6LDR",
            "name": "emckean",
            "is_restricted": false,
            "is_ultra_restricted": false
        },
        "blocks": [
            {
                "type": "rich_text",
                "block_id": "0AEX",
                "elements": [
                    {
                        "type": "rich_text_section",
                        "elements": [
                            {
                                "type": "text",
                                "text": "I would love to have us be able to recommend templates as a project, or even have GDP apply to be an org "
                            },
                            {
                                "type": "emoji",
                                "name": "slightly_smiling_face"
                            }
                        ]
                    }
                ]
            }
        ]
    },
    {
        "client_msg_id": "99368dbe-8df7-4439-a9eb-1534e5f01a8e",
        "type": "message",
        "text": "<@UL2AA1FF1> yes, I reckon we'd certainly amplify the effectiveness of the open source community. I'm wondering though if there are conflict of interest clauses we need to be mindful of - having Googlers involved in the project?",
        "user": "UKTGLQNGG",
        "ts": "1584992608.003000",
        "team": "TKFJE6LDR",
        "user_team": "TKFJE6LDR",
        "source_team": "TKFJE6LDR",
        "user_profile": {
            "avatar_hash": "ge03fcb118b0",
            "image_72": "https:\/\/secure.gravatar.com\/avatar\/9e03fcb118b0853a3fedfdee2367779d.jpg?s=72&d=https%3A%2F%2Fa.slack-edge.com%2Fdf10d%2Fimg%2Favatars%2Fava_0021-72.png",
            "first_name": "Cameron",
            "real_name": "Cameron Shorter",
            "display_name": "cameronshorter",
            "team": "TKFJE6LDR",
            "name": "cameron.shorter",
            "is_restricted": false,
            "is_ultra_restricted": false
        },
        "blocks": [
            {
                "type": "rich_text",
                "block_id": "cQd",
                "elements": [
                    {
                        "type": "rich_text_section",
                        "elements": [
                            {
                                "type": "user",
                                "user_id": "UL2AA1FF1"
                            },
                            {
                                "type": "text",
                                "text": " yes, I reckon we'd certainly amplify the effectiveness of the open source community. I'm wondering though if there are conflict of interest clauses we need to be mindful of - having Googlers involved in the project?"
                            }
                        ]
                    }
                ]
            }
        ]
    },
    {
        "client_msg_id": "07f5b067-85f9-442f-bf60-ae24ea07e090",
        "type": "message",
        "text": "nope! Googlers are 100% free to act as mentors for Season of Docs projects :slightly_smiling_face: Last year we had a couple of Google-backed projects, even!",
        "user": "UL2AA1FF1",
        "ts": "1584992644.003600",
        "team": "TKFJE6LDR",
        "user_team": "TKFJE6LDR",
        "source_team": "TKFJE6LDR",
        "user_profile": {
            "avatar_hash": "22135067b36d",
            "image_72": "https:\/\/avatars.slack-edge.com\/2019-10-23\/805254797908_22135067b36dfb715e99_72.jpg",
            "first_name": "",
            "real_name": "Erin McKean",
            "display_name": "Erin McKean",
            "team": "TKFJE6LDR",
            "name": "emckean",
            "is_restricted": false,
            "is_ultra_restricted": false
        },
        "blocks": [
            {
                "type": "rich_text",
                "block_id": "MF2",
                "elements": [
                    {
                        "type": "rich_text_section",
                        "elements": [
                            {
                                "type": "text",
                                "text": "nope! Googlers are 100% free to act as mentors for Season of Docs projects "
                            },
                            {
                                "type": "emoji",
                                "name": "slightly_smiling_face"
                            },
                            {
                                "type": "text",
                                "text": " Last year we had a couple of Google-backed projects, even!"
                            }
                        ]
                    }
                ]
            }
        ],
        "reactions": [
            {
                "name": "heavy_check_mark",
                "users": [
                    "UR1VBKHD1"
                ],
                "count": 1
            }
        ]
    }
]