[
    {
        "type": "message",
        "subtype": "channel_join",
        "ts": "1598477445.000200",
        "user": "U015W4HK0HL",
        "text": "<@U015W4HK0HL> has joined the channel"
    },
    {
        "type": "message",
        "subtype": "channel_purpose",
        "ts": "1598477445.000300",
        "user": "U015W4HK0HL",
        "text": "<@U015W4HK0HL> set the channel purpose: Chat to coordinate migrating to use Hugo instead of Jekyll",
        "purpose": "Chat to coordinate migrating to use Hugo instead of Jekyll"
    },
    {
        "type": "message",
        "subtype": "channel_join",
        "ts": "1598477476.000500",
        "user": "UKV4ZPEFQ",
        "text": "<@UKV4ZPEFQ> has joined the channel"
    },
    {
        "type": "message",
        "subtype": "channel_join",
        "ts": "1598477521.000700",
        "user": "UKTGLQNGG",
        "text": "<@UKTGLQNGG> has joined the channel",
        "inviter": "U015W4HK0HL"
    },
    {
        "type": "message",
        "subtype": "channel_join",
        "ts": "1598477521.000900",
        "user": "U012Y26QWNA",
        "text": "<@U012Y26QWNA> has joined the channel",
        "inviter": "U015W4HK0HL"
    },
    {
        "type": "message",
        "subtype": "channel_join",
        "ts": "1598477521.001100",
        "user": "U0174BRV404",
        "text": "<@U0174BRV404> has joined the channel",
        "inviter": "U015W4HK0HL"
    },
    {
        "type": "message",
        "subtype": "channel_join",
        "ts": "1598477521.001300",
        "user": "U013XPC8Q9Z",
        "text": "<@U013XPC8Q9Z> has joined the channel",
        "inviter": "U015W4HK0HL"
    },
    {
        "client_msg_id": "af2726b0-a272-4384-91e2-79f850269f95",
        "type": "message",
        "text": ":+1:",
        "user": "U013XPC8Q9Z",
        "ts": "1598477544.001500",
        "team": "TKFJE6LDR",
        "user_team": "TKFJE6LDR",
        "source_team": "TKFJE6LDR",
        "user_profile": {
            "avatar_hash": "g014a14c2e81",
            "image_72": "https:\/\/secure.gravatar.com\/avatar\/014a14c2e812ad8e54d4dfc6615761ec.jpg?s=72&d=https%3A%2F%2Fa.slack-edge.com%2Fdf10d%2Fimg%2Favatars%2Fava_0014-72.png",
            "first_name": "",
            "real_name": "Aaron Peters",
            "display_name": "Aaron Peters",
            "team": "TKFJE6LDR",
            "name": "acpkendo",
            "is_restricted": false,
            "is_ultra_restricted": false
        },
        "blocks": [
            {
                "type": "rich_text",
                "block_id": "G\/d8",
                "elements": [
                    {
                        "type": "rich_text_section",
                        "elements": [
                            {
                                "type": "emoji",
                                "name": "+1"
                            }
                        ]
                    }
                ]
            }
        ]
    },
    {
        "type": "message",
        "subtype": "channel_join",
        "ts": "1598477617.001700",
        "user": "U019868JEQ0",
        "text": "<@U019868JEQ0> has joined the channel",
        "inviter": "U015W4HK0HL"
    },
    {
        "type": "message",
        "subtype": "channel_join",
        "ts": "1598478513.001900",
        "user": "U012KCMPP0V",
        "text": "<@U012KCMPP0V> has joined the channel"
    },
    {
        "client_msg_id": "e9ac08ee-4992-4316-89ee-4cdcc84544ba",
        "type": "message",
        "text": "I'm not particularly familiar with Hugo, but I do have a front-end engineering background before becoming a tech writer so I may be able to help with some tasks for this group.",
        "user": "U019868JEQ0",
        "ts": "1598480073.002700",
        "team": "TKFJE6LDR",
        "user_team": "TKFJE6LDR",
        "source_team": "TKFJE6LDR",
        "user_profile": {
            "avatar_hash": "966d941975ff",
            "image_72": "https:\/\/avatars.slack-edge.com\/2020-08-09\/1275632926935_966d941975ff884d0fa4_72.jpg",
            "first_name": "",
            "real_name": "Aidan Doherty",
            "display_name": "Aidan Doherty",
            "team": "TKFJE6LDR",
            "name": "contact",
            "is_restricted": false,
            "is_ultra_restricted": false
        },
        "blocks": [
            {
                "type": "rich_text",
                "block_id": "\/jEw",
                "elements": [
                    {
                        "type": "rich_text_section",
                        "elements": [
                            {
                                "type": "text",
                                "text": "I'm not particularly familiar with Hugo, but I do have a front-end engineering background before becoming a tech writer so I may be able to help with some tasks for this group."
                            }
                        ]
                    }
                ]
            }
        ]
    },
    {
        "type": "message",
        "subtype": "channel_join",
        "ts": "1598480582.002900",
        "user": "UL2AA1FF1",
        "text": "<@UL2AA1FF1> has joined the channel"
    }
]