[
    {
        "client_msg_id": "95b35be4-e354-4c45-b401-0332d75b1198",
        "type": "message",
        "text": "This pull request is merged. Over to you hugo migration folks to do your magic. :slightly_smiling_face:",
        "user": "UKTGLQNGG",
        "ts": "1598958540.021100",
        "team": "TKFJE6LDR",
        "user_team": "TKFJE6LDR",
        "source_team": "TKFJE6LDR",
        "user_profile": {
            "avatar_hash": "d6f4de222bb1",
            "image_72": "https:\/\/avatars.slack-edge.com\/2020-07-20\/1235580478119_d6f4de222bb1ed6b5960_72.jpg",
            "first_name": "Cameron",
            "real_name": "Cameron Shorter",
            "display_name": "cameronshorter",
            "team": "TKFJE6LDR",
            "name": "cameron.shorter",
            "is_restricted": false,
            "is_ultra_restricted": false
        },
        "blocks": [
            {
                "type": "rich_text",
                "block_id": "WfOD",
                "elements": [
                    {
                        "type": "rich_text_section",
                        "elements": [
                            {
                                "type": "text",
                                "text": "This pull request is merged. Over to you hugo migration folks to do your magic. "
                            },
                            {
                                "type": "emoji",
                                "name": "slightly_smiling_face"
                            }
                        ]
                    }
                ]
            }
        ]
    },
    {
        "client_msg_id": "0fc6d2eb-9f59-4441-9a00-2a6716457f7d",
        "type": "message",
        "text": "<@U018BJR6JQN> I'm not sure if you have been following our email list? I suggest look at this thread: <https:\/\/thegooddocsproject.groups.io\/g\/main\/topic\/proposal_use_docsy_as_the\/76309612?p=,,,20,0,0,0::recentpostdate%2Fsticky,,,20,2,0,76309612>",
        "user": "UKTGLQNGG",
        "ts": "1598958885.021900",
        "team": "TKFJE6LDR",
        "user_team": "TKFJE6LDR",
        "source_team": "TKFJE6LDR",
        "user_profile": {
            "avatar_hash": "d6f4de222bb1",
            "image_72": "https:\/\/avatars.slack-edge.com\/2020-07-20\/1235580478119_d6f4de222bb1ed6b5960_72.jpg",
            "first_name": "Cameron",
            "real_name": "Cameron Shorter",
            "display_name": "cameronshorter",
            "team": "TKFJE6LDR",
            "name": "cameron.shorter",
            "is_restricted": false,
            "is_ultra_restricted": false
        },
        "blocks": [
            {
                "type": "rich_text",
                "block_id": "VS4CZ",
                "elements": [
                    {
                        "type": "rich_text_section",
                        "elements": [
                            {
                                "type": "user",
                                "user_id": "U018BJR6JQN"
                            },
                            {
                                "type": "text",
                                "text": " I'm not sure if you have been following our email list? I suggest look at this thread: "
                            },
                            {
                                "type": "link",
                                "url": "https:\/\/thegooddocsproject.groups.io\/g\/main\/topic\/proposal_use_docsy_as_the\/76309612?p=,,,20,0,0,0::recentpostdate%2Fsticky,,,20,2,0,76309612"
                            }
                        ]
                    }
                ]
            }
        ]
    },
    {
        "client_msg_id": "c7293c84-b042-4255-b289-73c8c540fa69",
        "type": "message",
        "text": "I was not, thank you for the link.\nI'm swamped at the moment preparing for this event we are hosting. <http:\/\/www.femtc.com|www.femtc.com> but after September 11th I'll be available to dig in and help. In the meantime, is the plan to work on the site in the branch of the current site repo and then merge it to the main branch when it is ready? Or will there be a new repo to work in?",
        "user": "U018BJR6JQN",
        "ts": "1598967297.027300",
        "team": "TKFJE6LDR",
        "user_team": "TKFJE6LDR",
        "source_team": "TKFJE6LDR",
        "user_profile": {
            "avatar_hash": "97b8f5caa203",
            "image_72": "https:\/\/avatars.slack-edge.com\/2020-08-09\/1283637239046_97b8f5caa203a559ac3e_72.jpg",
            "first_name": "",
            "real_name": "Bryan Klein",
            "display_name": "Bryan Klein",
            "team": "TKFJE6LDR",
            "name": "klein",
            "is_restricted": false,
            "is_ultra_restricted": false
        },
        "blocks": [
            {
                "type": "rich_text",
                "block_id": "f0j",
                "elements": [
                    {
                        "type": "rich_text_section",
                        "elements": [
                            {
                                "type": "text",
                                "text": "I was not, thank you for the link.\nI'm swamped at the moment preparing for this event we are hosting. "
                            },
                            {
                                "type": "link",
                                "url": "http:\/\/www.femtc.com",
                                "text": "www.femtc.com"
                            },
                            {
                                "type": "text",
                                "text": " but after September 11th I'll be available to dig in and help. In the meantime, is the plan to work on the site in the branch of the current site repo and then merge it to the main branch when it is ready? Or will there be a new repo to work in?"
                            }
                        ]
                    }
                ]
            }
        ]
    }
]