[
    {
        "client_msg_id": "7fffdbff-5284-4c52-8a3a-a21d6483f150",
        "type": "message",
        "text": "I’ll take a look at the images when I get a chance, thanks <@U018BJR6JQN>",
        "user": "U015W4HK0HL",
        "ts": "1599581188.000400",
        "team": "TKFJE6LDR",
        "user_team": "TKFJE6LDR",
        "source_team": "TKFJE6LDR",
        "user_profile": {
            "avatar_hash": "gcfe00a65e02",
            "image_72": "https:\/\/secure.gravatar.com\/avatar\/cfe00a65e02072b85ad937ab0e735882.jpg?s=72&d=https%3A%2F%2Fa.slack-edge.com%2Fdf10d%2Fimg%2Favatars%2Fava_0002-72.png",
            "first_name": "",
            "real_name": "Rigs Caballero",
            "display_name": "Rigs Caballero",
            "team": "TKFJE6LDR",
            "name": "grca",
            "is_restricted": false,
            "is_ultra_restricted": false
        },
        "blocks": [
            {
                "type": "rich_text",
                "block_id": "79W2",
                "elements": [
                    {
                        "type": "rich_text_section",
                        "elements": [
                            {
                                "type": "text",
                                "text": "I’ll take a look at the images when I get a chance, thanks "
                            },
                            {
                                "type": "user",
                                "user_id": "U018BJR6JQN"
                            }
                        ]
                    }
                ]
            }
        ]
    },
    {
        "client_msg_id": "7023d269-355a-46e6-98f5-2aa5b2c53891",
        "type": "message",
        "text": "It looks like a good minimal set to use as a base in a docker container and then only add in anything extra needed for a specific project.",
        "user": "U018BJR6JQN",
        "ts": "1599581835.001200",
        "team": "TKFJE6LDR",
        "user_team": "TKFJE6LDR",
        "source_team": "TKFJE6LDR",
        "user_profile": {
            "avatar_hash": "97b8f5caa203",
            "image_72": "https:\/\/avatars.slack-edge.com\/2020-08-09\/1283637239046_97b8f5caa203a559ac3e_72.jpg",
            "first_name": "",
            "real_name": "Bryan Klein",
            "display_name": "Bryan Klein",
            "team": "TKFJE6LDR",
            "name": "klein",
            "is_restricted": false,
            "is_ultra_restricted": false
        },
        "blocks": [
            {
                "type": "rich_text",
                "block_id": "PF0",
                "elements": [
                    {
                        "type": "rich_text_section",
                        "elements": [
                            {
                                "type": "text",
                                "text": "It looks like a good minimal set to use as a base in a docker container and then only add in anything extra needed for a specific project."
                            }
                        ]
                    }
                ]
            }
        ]
    },
    {
        "client_msg_id": "c3a2547e-ffd2-494f-80aa-dd900e770711",
        "type": "message",
        "text": "I am going to test them in my own docs project.",
        "user": "U018BJR6JQN",
        "ts": "1599586376.001500",
        "team": "TKFJE6LDR",
        "user_team": "TKFJE6LDR",
        "source_team": "TKFJE6LDR",
        "user_profile": {
            "avatar_hash": "97b8f5caa203",
            "image_72": "https:\/\/avatars.slack-edge.com\/2020-08-09\/1283637239046_97b8f5caa203a559ac3e_72.jpg",
            "first_name": "",
            "real_name": "Bryan Klein",
            "display_name": "Bryan Klein",
            "team": "TKFJE6LDR",
            "name": "klein",
            "is_restricted": false,
            "is_ultra_restricted": false
        },
        "blocks": [
            {
                "type": "rich_text",
                "block_id": "uGp",
                "elements": [
                    {
                        "type": "rich_text_section",
                        "elements": [
                            {
                                "type": "text",
                                "text": "I am going to test them in my own docs project."
                            }
                        ]
                    }
                ]
            }
        ]
    },
    {
        "client_msg_id": "473ef1d0-71d4-4765-993a-ca1f4538cabf",
        "type": "message",
        "text": "I built a custom docker container that I will modify with one of these as the base image.",
        "user": "U018BJR6JQN",
        "ts": "1599586491.002100",
        "team": "TKFJE6LDR",
        "user_team": "TKFJE6LDR",
        "source_team": "TKFJE6LDR",
        "user_profile": {
            "avatar_hash": "97b8f5caa203",
            "image_72": "https:\/\/avatars.slack-edge.com\/2020-08-09\/1283637239046_97b8f5caa203a559ac3e_72.jpg",
            "first_name": "",
            "real_name": "Bryan Klein",
            "display_name": "Bryan Klein",
            "team": "TKFJE6LDR",
            "name": "klein",
            "is_restricted": false,
            "is_ultra_restricted": false
        },
        "blocks": [
            {
                "type": "rich_text",
                "block_id": "sbHWb",
                "elements": [
                    {
                        "type": "rich_text_section",
                        "elements": [
                            {
                                "type": "text",
                                "text": "I built a custom docker container that I will modify with one of these as the base image."
                            }
                        ]
                    }
                ]
            }
        ]
    }
]