[
    {
        "client_msg_id": "5694468d-49a9-4117-ae91-e80049cd8c4e",
        "type": "message",
        "text": "Hi I'm in as well.. know a bit of Hugo, believe I can learn and help, when needed! Sorry I'm late with following the Slack channel updates - don't get to log on frequently!",
        "user": "U0174BRV404",
        "ts": "1598867581.014100",
        "team": "TKFJE6LDR",
        "user_team": "TKFJE6LDR",
        "source_team": "TKFJE6LDR",
        "user_profile": {
            "avatar_hash": "g573d72c0bca",
            "image_72": "https:\/\/secure.gravatar.com\/avatar\/573d72c0bca8a54e4b8d8ef24ddf8f10.jpg?s=72&d=https%3A%2F%2Fa.slack-edge.com%2Fdf10d%2Fimg%2Favatars%2Fava_0022-72.png",
            "first_name": "",
            "real_name": "Viraji Ogodapola",
            "display_name": "Viraji Ogodapola",
            "team": "TKFJE6LDR",
            "name": "viraji",
            "is_restricted": false,
            "is_ultra_restricted": false
        },
        "blocks": [
            {
                "type": "rich_text",
                "block_id": "v5v",
                "elements": [
                    {
                        "type": "rich_text_section",
                        "elements": [
                            {
                                "type": "text",
                                "text": "Hi I'm in as well.. know a bit of Hugo, believe I can learn and help, when needed! Sorry I'm late with following the Slack channel updates - don't get to log on frequently!"
                            }
                        ]
                    }
                ]
            }
        ]
    },
    {
        "client_msg_id": "48a7071d-a3ea-43ef-a722-bf4cdacbf6f5",
        "type": "message",
        "text": "Hi folks, it is great to see so much experience and offers for help here. It appears we have lots of workers but everyone is waiting for someone to take charge? Please don't be shy in stepping forward - even for those of you who are new hear. I know <@U015W4HK0HL> was \"hoping\" to find time to coordinate, but also know that he is super busy, so if someone can step up and offer to take the lead, I'm sure Rigs will be super thankful.",
        "user": "UKTGLQNGG",
        "ts": "1598906018.017100",
        "team": "TKFJE6LDR",
        "user_team": "TKFJE6LDR",
        "source_team": "TKFJE6LDR",
        "user_profile": {
            "avatar_hash": "d6f4de222bb1",
            "image_72": "https:\/\/avatars.slack-edge.com\/2020-07-20\/1235580478119_d6f4de222bb1ed6b5960_72.jpg",
            "first_name": "Cameron",
            "real_name": "Cameron Shorter",
            "display_name": "cameronshorter",
            "team": "TKFJE6LDR",
            "name": "cameron.shorter",
            "is_restricted": false,
            "is_ultra_restricted": false
        },
        "blocks": [
            {
                "type": "rich_text",
                "block_id": "o30",
                "elements": [
                    {
                        "type": "rich_text_section",
                        "elements": [
                            {
                                "type": "text",
                                "text": "Hi folks, it is great to see so much experience and offers for help here. It appears we have lots of workers but everyone is waiting for someone to take charge? Please don't be shy in stepping forward - even for those of you who are new hear. I know "
                            },
                            {
                                "type": "user",
                                "user_id": "U015W4HK0HL"
                            },
                            {
                                "type": "text",
                                "text": " was \"hoping\" to find time to coordinate, but also know that he is super busy, so if someone can step up and offer to take the lead, I'm sure Rigs will be super thankful."
                            }
                        ]
                    }
                ]
            }
        ]
    },
    {
        "client_msg_id": "035b41f0-940a-45c8-a837-71dc1eaacb5c",
        "type": "message",
        "text": "If you'd like to have a go, speak up here, suggest a plan, which likely will involve creating a branch, start working in it, and invite others to participate.",
        "user": "UKTGLQNGG",
        "ts": "1598906091.018300",
        "team": "TKFJE6LDR",
        "user_team": "TKFJE6LDR",
        "source_team": "TKFJE6LDR",
        "user_profile": {
            "avatar_hash": "d6f4de222bb1",
            "image_72": "https:\/\/avatars.slack-edge.com\/2020-07-20\/1235580478119_d6f4de222bb1ed6b5960_72.jpg",
            "first_name": "Cameron",
            "real_name": "Cameron Shorter",
            "display_name": "cameronshorter",
            "team": "TKFJE6LDR",
            "name": "cameron.shorter",
            "is_restricted": false,
            "is_ultra_restricted": false
        },
        "blocks": [
            {
                "type": "rich_text",
                "block_id": "4EP",
                "elements": [
                    {
                        "type": "rich_text_section",
                        "elements": [
                            {
                                "type": "text",
                                "text": "If you'd like to have a go, speak up here, suggest a plan, which likely will involve creating a branch, start working in it, and invite others to participate."
                            }
                        ]
                    }
                ]
            }
        ]
    },
    {
        "client_msg_id": "02e97005-3dbb-42b5-8bb9-9aa416baefef",
        "type": "message",
        "text": "All I suggest is that you wait until the big <https:\/\/github.com\/thegooddocsproject\/thegooddocsproject.github.io\/pull\/43|processes pull request> is approved, which should happen within 24 hours.",
        "user": "UKTGLQNGG",
        "ts": "1598906199.019900",
        "team": "TKFJE6LDR",
        "user_team": "TKFJE6LDR",
        "source_team": "TKFJE6LDR",
        "user_profile": {
            "avatar_hash": "d6f4de222bb1",
            "image_72": "https:\/\/avatars.slack-edge.com\/2020-07-20\/1235580478119_d6f4de222bb1ed6b5960_72.jpg",
            "first_name": "Cameron",
            "real_name": "Cameron Shorter",
            "display_name": "cameronshorter",
            "team": "TKFJE6LDR",
            "name": "cameron.shorter",
            "is_restricted": false,
            "is_ultra_restricted": false
        },
        "attachments": [
            {
                "author_name": "camerons",
                "fallback": "[thegooddocsproject\/thegooddocsproject.github.io] #43 Add community processes 2.0: ",
                "text": "Updates processes for: decisions, prioritization, proposal-selection, roles.  \nFixes <https:\/\/github.com\/thegooddocsproject\/thegooddocsproject.github.io\/issues\/42|#42>\n\nAs this is a significant update to processes, we should endevour to get +1 votes from all PSC members.\n\n• Cameron Shorter (person raising this pull request, voting +1)\n• Felicity Brand\n• Jo Cook\n• Jared Morgan\n• Erin McKean\n• Clarence Cromwell\n\nReview and comments from other community members are welcomed.\n\nNote 1: I'm hoping most feedback will be captured as a separate issue, and applied to a future version of these docs. That way we can get working processes in place, and start promoting community members into roles.\n\nNote 2: We don't yet have a Code of Conduct Committee role. That is something which was postponed to a future version so we can get these processes in place without being blocked.\n\nNote 3: I'm ashamed to admit that I haven't managed to get a working local environment stood up, and hence have only visually checked links in this update. It would be great if someone could check that for me.",
                "title": "#43 Add community processes 2.0: ",
                "footer": "<https:\/\/github.com\/thegooddocsproject\/thegooddocsproject.github.io|thegooddocsproject\/thegooddocsproject.github.io>",
                "id": 1,
                "title_link": "https:\/\/github.com\/thegooddocsproject\/thegooddocsproject.github.io\/pull\/43",
                "author_link": "https:\/\/github.com\/camerons",
                "author_icon": "https:\/\/avatars0.githubusercontent.com\/u\/1243535?v=4",
                "footer_icon": "https:\/\/github.githubassets.com\/favicon.ico",
                "ts": 1598223017,
                "color": "36a64f",
                "fields": [
                    {
                        "title": "Comments",
                        "value": "5",
                        "short": true
                    },
                    {
                        "title": "Reviewers",
                        "value": "@emckean, @cwcromwell",
                        "short": true
                    }
                ],
                "mrkdwn_in": [
                    "text"
                ],
                "bot_id": "BU8U6P6AH",
                "app_unfurl_url": "https:\/\/github.com\/thegooddocsproject\/thegooddocsproject.github.io\/pull\/43",
                "is_app_unfurl": true
            }
        ],
        "blocks": [
            {
                "type": "rich_text",
                "block_id": "w6QHZ",
                "elements": [
                    {
                        "type": "rich_text_section",
                        "elements": [
                            {
                                "type": "text",
                                "text": "All I suggest is that you wait until the big "
                            },
                            {
                                "type": "link",
                                "url": "https:\/\/github.com\/thegooddocsproject\/thegooddocsproject.github.io\/pull\/43",
                                "text": "processes pull request"
                            },
                            {
                                "type": "text",
                                "text": " is approved, which should happen within 24 hours."
                            }
                        ]
                    }
                ]
            }
        ]
    }
]