[
    {
        "client_msg_id": "cef19140-641f-4606-ad81-d78491d8a0db",
        "type": "message",
        "text": "Great set of images to build upon. <https:\/\/github.com\/klakegg\/docker-hugo>",
        "user": "U018BJR6JQN",
        "ts": "1599261860.037200",
        "team": "TKFJE6LDR",
        "user_team": "TKFJE6LDR",
        "source_team": "TKFJE6LDR",
        "user_profile": {
            "avatar_hash": "97b8f5caa203",
            "image_72": "https:\/\/avatars.slack-edge.com\/2020-08-09\/1283637239046_97b8f5caa203a559ac3e_72.jpg",
            "first_name": "",
            "real_name": "Bryan Klein",
            "display_name": "Bryan Klein",
            "team": "TKFJE6LDR",
            "name": "klein",
            "is_restricted": false,
            "is_ultra_restricted": false
        },
        "edited": {
            "user": "U018BJR6JQN",
            "ts": "1599265882.000000"
        },
        "blocks": [
            {
                "type": "rich_text",
                "block_id": "MjP81",
                "elements": [
                    {
                        "type": "rich_text_section",
                        "elements": [
                            {
                                "type": "text",
                                "text": "Great set of images to build upon. "
                            },
                            {
                                "type": "link",
                                "url": "https:\/\/github.com\/klakegg\/docker-hugo"
                            }
                        ]
                    }
                ]
            }
        ]
    }
]