[
    {
        "client_msg_id": "f16b3e53-70d6-4de5-8f60-e5bb5a921168",
        "type": "message",
        "text": "For those interested in the Hugo Migration <#C019Y7ZCKR7|hugo-migration> effort. Please see this google document and add yourself to the table at the top. <https:\/\/docs.google.com\/document\/d\/1IgWPP-4ON0MSk7d04Vgne0ZgWtrpQqPMOi9XwJ4hwN0\/edit?usp=sharing>",
        "user": "U018BJR6JQN",
        "ts": "1599688562.002300",
        "team": "TKFJE6LDR",
        "user_team": "TKFJE6LDR",
        "source_team": "TKFJE6LDR",
        "user_profile": {
            "avatar_hash": "97b8f5caa203",
            "image_72": "https:\/\/avatars.slack-edge.com\/2020-08-09\/1283637239046_97b8f5caa203a559ac3e_72.jpg",
            "first_name": "",
            "real_name": "Bryan Klein",
            "display_name": "Bryan Klein",
            "team": "TKFJE6LDR",
            "name": "klein",
            "is_restricted": false,
            "is_ultra_restricted": false
        },
        "blocks": [
            {
                "type": "rich_text",
                "block_id": "sr4u+",
                "elements": [
                    {
                        "type": "rich_text_section",
                        "elements": [
                            {
                                "type": "text",
                                "text": "For those interested in the Hugo Migration "
                            },
                            {
                                "type": "channel",
                                "channel_id": "C019Y7ZCKR7"
                            },
                            {
                                "type": "text",
                                "text": " effort. Please see this google document and add yourself to the table at the top. "
                            },
                            {
                                "type": "link",
                                "url": "https:\/\/docs.google.com\/document\/d\/1IgWPP-4ON0MSk7d04Vgne0ZgWtrpQqPMOi9XwJ4hwN0\/edit?usp=sharing"
                            }
                        ]
                    }
                ]
            }
        ]
    }
]