[
    {
        "client_msg_id": "c4c85060-6d20-4832-bc60-ae5556d82d41",
        "type": "message",
        "text": "IMO, we don’t need to create a new repo for the migration given that both sites will use the same markdown files as source, albeit modified. Having a folder for the modified files within the same repo allows the version control to keep track of it all. <@U018BJR6JQN> Does that answer your question?",
        "user": "U015W4HK0HL",
        "ts": "1599153948.029200",
        "team": "TKFJE6LDR",
        "user_team": "TKFJE6LDR",
        "source_team": "TKFJE6LDR",
        "user_profile": {
            "avatar_hash": "gcfe00a65e02",
            "image_72": "https:\/\/secure.gravatar.com\/avatar\/cfe00a65e02072b85ad937ab0e735882.jpg?s=72&d=https%3A%2F%2Fa.slack-edge.com%2Fdf10d%2Fimg%2Favatars%2Fava_0002-72.png",
            "first_name": "",
            "real_name": "Rigs Caballero",
            "display_name": "Rigs Caballero",
            "team": "TKFJE6LDR",
            "name": "grca",
            "is_restricted": false,
            "is_ultra_restricted": false
        },
        "blocks": [
            {
                "type": "rich_text",
                "block_id": "ZZls",
                "elements": [
                    {
                        "type": "rich_text_section",
                        "elements": [
                            {
                                "type": "text",
                                "text": "IMO, we don’t need to create a new repo for the migration given that both sites will use the same markdown files as source, albeit modified. Having a folder for the modified files within the same repo allows the version control to keep track of it all. "
                            },
                            {
                                "type": "user",
                                "user_id": "U018BJR6JQN"
                            },
                            {
                                "type": "text",
                                "text": " Does that answer your question?"
                            }
                        ]
                    }
                ]
            }
        ]
    },
    {
        "client_msg_id": "217849b0-1827-4009-bd68-1e2cf5be9c16",
        "type": "message",
        "text": "<@U015W4HK0HL> I agree, I haven't dug around in the repository yet, but if there isn't already a 'content' directory this will work well with Hugo as we can move files for the Hugo site into that folder as we migrate them.",
        "user": "U018BJR6JQN",
        "ts": "1599154254.030400",
        "team": "TKFJE6LDR",
        "user_team": "TKFJE6LDR",
        "source_team": "TKFJE6LDR",
        "user_profile": {
            "avatar_hash": "97b8f5caa203",
            "image_72": "https:\/\/avatars.slack-edge.com\/2020-08-09\/1283637239046_97b8f5caa203a559ac3e_72.jpg",
            "first_name": "",
            "real_name": "Bryan Klein",
            "display_name": "Bryan Klein",
            "team": "TKFJE6LDR",
            "name": "klein",
            "is_restricted": false,
            "is_ultra_restricted": false
        },
        "blocks": [
            {
                "type": "rich_text",
                "block_id": "iQE",
                "elements": [
                    {
                        "type": "rich_text_section",
                        "elements": [
                            {
                                "type": "user",
                                "user_id": "U015W4HK0HL"
                            },
                            {
                                "type": "text",
                                "text": " I agree, I haven't dug around in the repository yet, but if there isn't already a 'content' directory this will work well with Hugo as we can move files for the Hugo site into that folder as we migrate them."
                            }
                        ]
                    }
                ]
            }
        ]
    },
    {
        "client_msg_id": "fffeed83-d3fa-4d9c-99a3-58e042564e62",
        "type": "message",
        "text": "I just looked and we can add in all the hugo folders around the Jekyll stuff so they can both live in the same repository as we migrate.  It's nice that they use a different folder structure.",
        "user": "U018BJR6JQN",
        "ts": "1599154403.032100",
        "team": "TKFJE6LDR",
        "user_team": "TKFJE6LDR",
        "source_team": "TKFJE6LDR",
        "user_profile": {
            "avatar_hash": "97b8f5caa203",
            "image_72": "https:\/\/avatars.slack-edge.com\/2020-08-09\/1283637239046_97b8f5caa203a559ac3e_72.jpg",
            "first_name": "",
            "real_name": "Bryan Klein",
            "display_name": "Bryan Klein",
            "team": "TKFJE6LDR",
            "name": "klein",
            "is_restricted": false,
            "is_ultra_restricted": false
        },
        "edited": {
            "user": "U018BJR6JQN",
            "ts": "1599154418.000000"
        },
        "blocks": [
            {
                "type": "rich_text",
                "block_id": "0Tl",
                "elements": [
                    {
                        "type": "rich_text_section",
                        "elements": [
                            {
                                "type": "text",
                                "text": "I just looked and we can add in all the hugo folders around the Jekyll stuff so they can both live in the same repository as we migrate.  It's nice that they use a different folder structure."
                            }
                        ]
                    }
                ]
            }
        ],
        "reactions": [
            {
                "name": "+1",
                "users": [
                    "U015W4HK0HL",
                    "UL2AA1FF1"
                ],
                "count": 2
            }
        ]
    },
    {
        "client_msg_id": "2f4372d2-94ab-41f7-a1d6-ae837c4b2b4e",
        "type": "message",
        "text": "For clarity, I would put all Hugo files in a `hugo` folder though.",
        "user": "U015W4HK0HL",
        "ts": "1599155000.034100",
        "team": "TKFJE6LDR",
        "user_team": "TKFJE6LDR",
        "source_team": "TKFJE6LDR",
        "user_profile": {
            "avatar_hash": "gcfe00a65e02",
            "image_72": "https:\/\/secure.gravatar.com\/avatar\/cfe00a65e02072b85ad937ab0e735882.jpg?s=72&d=https%3A%2F%2Fa.slack-edge.com%2Fdf10d%2Fimg%2Favatars%2Fava_0002-72.png",
            "first_name": "",
            "real_name": "Rigs Caballero",
            "display_name": "Rigs Caballero",
            "team": "TKFJE6LDR",
            "name": "grca",
            "is_restricted": false,
            "is_ultra_restricted": false
        },
        "blocks": [
            {
                "type": "rich_text",
                "block_id": "fnou",
                "elements": [
                    {
                        "type": "rich_text_section",
                        "elements": [
                            {
                                "type": "text",
                                "text": "For clarity, I would put all Hugo files in a "
                            },
                            {
                                "type": "text",
                                "text": "hugo",
                                "style": {
                                    "code": true
                                }
                            },
                            {
                                "type": "text",
                                "text": " folder though."
                            }
                        ]
                    }
                ]
            }
        ]
    },
    {
        "client_msg_id": "cc5ab28c-7645-4164-8a59-7d0ccf6c54b1",
        "type": "message",
        "text": "Why?",
        "user": "U018BJR6JQN",
        "ts": "1599156904.034300",
        "team": "TKFJE6LDR",
        "user_team": "TKFJE6LDR",
        "source_team": "TKFJE6LDR",
        "user_profile": {
            "avatar_hash": "97b8f5caa203",
            "image_72": "https:\/\/avatars.slack-edge.com\/2020-08-09\/1283637239046_97b8f5caa203a559ac3e_72.jpg",
            "first_name": "",
            "real_name": "Bryan Klein",
            "display_name": "Bryan Klein",
            "team": "TKFJE6LDR",
            "name": "klein",
            "is_restricted": false,
            "is_ultra_restricted": false
        },
        "blocks": [
            {
                "type": "rich_text",
                "block_id": "y76mC",
                "elements": [
                    {
                        "type": "rich_text_section",
                        "elements": [
                            {
                                "type": "text",
                                "text": "Why?"
                            }
                        ]
                    }
                ]
            }
        ]
    },
    {
        "client_msg_id": "4e726fca-649b-4499-8c62-493f97fc201f",
        "type": "message",
        "text": "Not everyone knows what folders are part of jekyll and which ones are part of hugo by looking. It would also hint at our long-term goal of supporting multiple site builders.",
        "user": "U015W4HK0HL",
        "ts": "1599157010.035600",
        "team": "TKFJE6LDR",
        "user_team": "TKFJE6LDR",
        "source_team": "TKFJE6LDR",
        "user_profile": {
            "avatar_hash": "gcfe00a65e02",
            "image_72": "https:\/\/secure.gravatar.com\/avatar\/cfe00a65e02072b85ad937ab0e735882.jpg?s=72&d=https%3A%2F%2Fa.slack-edge.com%2Fdf10d%2Fimg%2Favatars%2Fava_0002-72.png",
            "first_name": "",
            "real_name": "Rigs Caballero",
            "display_name": "Rigs Caballero",
            "team": "TKFJE6LDR",
            "name": "grca",
            "is_restricted": false,
            "is_ultra_restricted": false
        },
        "blocks": [
            {
                "type": "rich_text",
                "block_id": "+hzy",
                "elements": [
                    {
                        "type": "rich_text_section",
                        "elements": [
                            {
                                "type": "text",
                                "text": "Not everyone knows what folders are part of jekyll and which ones are part of hugo by looking. It would also hint at our long-term goal of supporting multiple site builders."
                            }
                        ]
                    }
                ]
            }
        ]
    },
    {
        "client_msg_id": "fc1f628b-b350-40cb-91de-4d8059c975b3",
        "type": "message",
        "text": "I was thinking that it's going to be a bit of a pain to root the Hugo site in a folder of a github repo.  But, Hugo doesn't really care and we can move everything from there to the project root when it is ready.  I'm ok with that.",
        "user": "U018BJR6JQN",
        "ts": "1599170106.036900",
        "team": "TKFJE6LDR",
        "user_team": "TKFJE6LDR",
        "source_team": "TKFJE6LDR",
        "user_profile": {
            "avatar_hash": "97b8f5caa203",
            "image_72": "https:\/\/avatars.slack-edge.com\/2020-08-09\/1283637239046_97b8f5caa203a559ac3e_72.jpg",
            "first_name": "",
            "real_name": "Bryan Klein",
            "display_name": "Bryan Klein",
            "team": "TKFJE6LDR",
            "name": "klein",
            "is_restricted": false,
            "is_ultra_restricted": false
        },
        "blocks": [
            {
                "type": "rich_text",
                "block_id": "gtJ4",
                "elements": [
                    {
                        "type": "rich_text_section",
                        "elements": [
                            {
                                "type": "text",
                                "text": "I was thinking that it's going to be a bit of a pain to root the Hugo site in a folder of a github repo.  But, Hugo doesn't really care and we can move everything from there to the project root when it is ready.  I'm ok with that."
                            }
                        ]
                    }
                ]
            }
        ]
    }
]