[
    {
        "type": "message",
        "subtype": "channel_join",
        "ts": "1598622065.005300",
        "user": "U018BJR6JQN",
        "text": "<@U018BJR6JQN> has joined the channel"
    },
    {
        "client_msg_id": "a16d4246-4897-4d05-b160-af8216184c96",
        "type": "message",
        "text": "I'm very familiar with Hugo and Docsy, in addition to other themes and styling with tailwindcss and tailwindui",
        "user": "U018BJR6JQN",
        "ts": "1598622138.007000",
        "team": "TKFJE6LDR",
        "user_team": "TKFJE6LDR",
        "source_team": "TKFJE6LDR",
        "user_profile": {
            "avatar_hash": "97b8f5caa203",
            "image_72": "https:\/\/avatars.slack-edge.com\/2020-08-09\/1283637239046_97b8f5caa203a559ac3e_72.jpg",
            "first_name": "",
            "real_name": "Bryan Klein",
            "display_name": "Bryan Klein",
            "team": "TKFJE6LDR",
            "name": "klein",
            "is_restricted": false,
            "is_ultra_restricted": false
        },
        "blocks": [
            {
                "type": "rich_text",
                "block_id": "DOfm",
                "elements": [
                    {
                        "type": "rich_text_section",
                        "elements": [
                            {
                                "type": "text",
                                "text": "I'm very familiar with Hugo and Docsy, in addition to other themes and styling with tailwindcss and tailwindui"
                            }
                        ]
                    }
                ]
            }
        ]
    },
    {
        "client_msg_id": "41c5dce9-5870-4e33-8e17-f9dd9879512c",
        "type": "message",
        "text": "Is there a repo?",
        "user": "U018BJR6JQN",
        "ts": "1598622426.007400",
        "team": "TKFJE6LDR",
        "user_team": "TKFJE6LDR",
        "source_team": "TKFJE6LDR",
        "user_profile": {
            "avatar_hash": "97b8f5caa203",
            "image_72": "https:\/\/avatars.slack-edge.com\/2020-08-09\/1283637239046_97b8f5caa203a559ac3e_72.jpg",
            "first_name": "",
            "real_name": "Bryan Klein",
            "display_name": "Bryan Klein",
            "team": "TKFJE6LDR",
            "name": "klein",
            "is_restricted": false,
            "is_ultra_restricted": false
        },
        "blocks": [
            {
                "type": "rich_text",
                "block_id": "v0D",
                "elements": [
                    {
                        "type": "rich_text_section",
                        "elements": [
                            {
                                "type": "text",
                                "text": "Is there a repo?"
                            }
                        ]
                    }
                ]
            }
        ]
    },
    {
        "client_msg_id": "bc0d57bf-f77f-4157-8aba-67481564560f",
        "type": "message",
        "text": "Welcome <@U018BJR6JQN>. Yes, our current jekyll repo is here: <https:\/\/github.com\/thegooddocsproject\/thegooddocsproject.github.io>",
        "user": "UKTGLQNGG",
        "ts": "1598622586.008100",
        "team": "TKFJE6LDR",
        "user_team": "TKFJE6LDR",
        "source_team": "TKFJE6LDR",
        "user_profile": {
            "avatar_hash": "d6f4de222bb1",
            "image_72": "https:\/\/avatars.slack-edge.com\/2020-07-20\/1235580478119_d6f4de222bb1ed6b5960_72.jpg",
            "first_name": "Cameron",
            "real_name": "Cameron Shorter",
            "display_name": "cameronshorter",
            "team": "TKFJE6LDR",
            "name": "cameron.shorter",
            "is_restricted": false,
            "is_ultra_restricted": false
        },
        "attachments": [
            {
                "fallback": "thegooddocsproject\/thegooddocsproject.github.io",
                "text": "The Good Docs Project website",
                "title": "thegooddocsproject\/thegooddocsproject.github.io",
                "footer": "<https:\/\/github.com\/thegooddocsproject\/thegooddocsproject.github.io|thegooddocsproject\/thegooddocsproject.github.io>",
                "id": 1,
                "footer_icon": "https:\/\/github.githubassets.com\/favicon.ico",
                "ts": 1563666883,
                "color": "24292f",
                "fields": [
                    {
                        "title": "Website",
                        "value": "<https:\/\/thegooddocsproject.dev\/>",
                        "short": true
                    },
                    {
                        "title": "Stars",
                        "value": "10",
                        "short": true
                    }
                ],
                "mrkdwn_in": [
                    "text",
                    "fields"
                ],
                "bot_id": "BU8U6P6AH",
                "app_unfurl_url": "https:\/\/github.com\/thegooddocsproject\/thegooddocsproject.github.io",
                "is_app_unfurl": true
            }
        ],
        "blocks": [
            {
                "type": "rich_text",
                "block_id": "Z+M",
                "elements": [
                    {
                        "type": "rich_text_section",
                        "elements": [
                            {
                                "type": "text",
                                "text": "Welcome "
                            },
                            {
                                "type": "user",
                                "user_id": "U018BJR6JQN"
                            },
                            {
                                "type": "text",
                                "text": ". Yes, our current jekyll repo is here: "
                            },
                            {
                                "type": "link",
                                "url": "https:\/\/github.com\/thegooddocsproject\/thegooddocsproject.github.io"
                            }
                        ]
                    }
                ]
            }
        ]
    },
    {
        "client_msg_id": "b14ce84a-ca71-4a53-8c0c-8c056cfd9911",
        "type": "message",
        "text": "<@U018BJR6JQN>, you might also want to check the minutes from our last 3 meetings, which bullet points under \"Website\" talking about a Hugo migration. Your help would be welcomed. <https:\/\/docs.google.com\/document\/d\/13xr5PLMMqm6Rz_yXzxl5WMOwY9H6liB1abU_i0-ws60\/edit#heading=h.cznesotejxe8>",
        "user": "UKTGLQNGG",
        "ts": "1598622901.009800",
        "team": "TKFJE6LDR",
        "user_team": "TKFJE6LDR",
        "source_team": "TKFJE6LDR",
        "user_profile": {
            "avatar_hash": "d6f4de222bb1",
            "image_72": "https:\/\/avatars.slack-edge.com\/2020-07-20\/1235580478119_d6f4de222bb1ed6b5960_72.jpg",
            "first_name": "Cameron",
            "real_name": "Cameron Shorter",
            "display_name": "cameronshorter",
            "team": "TKFJE6LDR",
            "name": "cameron.shorter",
            "is_restricted": false,
            "is_ultra_restricted": false
        },
        "blocks": [
            {
                "type": "rich_text",
                "block_id": "v+MGu",
                "elements": [
                    {
                        "type": "rich_text_section",
                        "elements": [
                            {
                                "type": "user",
                                "user_id": "U018BJR6JQN"
                            },
                            {
                                "type": "text",
                                "text": ", you might also want to check the minutes from our last 3 meetings, which bullet points under \"Website\" talking about a Hugo migration. Your help would be welcomed. "
                            },
                            {
                                "type": "link",
                                "url": "https:\/\/docs.google.com\/document\/d\/13xr5PLMMqm6Rz_yXzxl5WMOwY9H6liB1abU_i0-ws60\/edit#heading=h.cznesotejxe8"
                            }
                        ]
                    }
                ]
            }
        ]
    },
    {
        "client_msg_id": "0b9dfb44-b8de-47a1-bd68-fa69e76c1872",
        "type": "message",
        "text": "Looks good, thank you.  Is there a lead person for the migration work to be done? Or, an issue tracker on the new site project repo?",
        "user": "U018BJR6JQN",
        "ts": "1598623663.011700",
        "team": "TKFJE6LDR",
        "user_team": "TKFJE6LDR",
        "source_team": "TKFJE6LDR",
        "user_profile": {
            "avatar_hash": "97b8f5caa203",
            "image_72": "https:\/\/avatars.slack-edge.com\/2020-08-09\/1283637239046_97b8f5caa203a559ac3e_72.jpg",
            "first_name": "",
            "real_name": "Bryan Klein",
            "display_name": "Bryan Klein",
            "team": "TKFJE6LDR",
            "name": "klein",
            "is_restricted": false,
            "is_ultra_restricted": false
        },
        "blocks": [
            {
                "type": "rich_text",
                "block_id": "ouVy3",
                "elements": [
                    {
                        "type": "rich_text_section",
                        "elements": [
                            {
                                "type": "text",
                                "text": "Looks good, thank you.  Is there a lead person for the migration work to be done? Or, an issue tracker on the new site project repo?"
                            }
                        ]
                    }
                ]
            }
        ]
    },
    {
        "client_msg_id": "65befd4d-4bb1-4525-a9f1-75b8935bc3b6",
        "type": "message",
        "text": "Morgan and Rigs?",
        "user": "U018BJR6JQN",
        "ts": "1598623878.012300",
        "team": "TKFJE6LDR",
        "user_team": "TKFJE6LDR",
        "source_team": "TKFJE6LDR",
        "user_profile": {
            "avatar_hash": "97b8f5caa203",
            "image_72": "https:\/\/avatars.slack-edge.com\/2020-08-09\/1283637239046_97b8f5caa203a559ac3e_72.jpg",
            "first_name": "",
            "real_name": "Bryan Klein",
            "display_name": "Bryan Klein",
            "team": "TKFJE6LDR",
            "name": "klein",
            "is_restricted": false,
            "is_ultra_restricted": false
        },
        "blocks": [
            {
                "type": "rich_text",
                "block_id": "isZnp",
                "elements": [
                    {
                        "type": "rich_text_section",
                        "elements": [
                            {
                                "type": "text",
                                "text": "Morgan and Rigs?"
                            }
                        ]
                    }
                ]
            }
        ]
    },
    {
        "type": "message",
        "subtype": "channel_join",
        "ts": "1598636797.012500",
        "user": "U015GARCR8X",
        "text": "<@U015GARCR8X> has joined the channel"
    }
]