[
    {
        "type": "message",
        "subtype": "channel_join",
        "ts": "1598523766.003100",
        "user": "U018ZJ0H27Q",
        "text": "<@U018ZJ0H27Q> has joined the channel"
    },
    {
        "client_msg_id": "e0cb4f04-4a46-4fc7-9ff0-2ab2f5e16647",
        "type": "message",
        "text": "I've dealt with docsy theme for hugo without any prior knowledge, it went good and almost smooth! <https:\/\/github.com\/google\/docsy>",
        "user": "U018ZJ0H27Q",
        "ts": "1598523839.003900",
        "team": "TKFJE6LDR",
        "user_team": "TKFJE6LDR",
        "source_team": "TKFJE6LDR",
        "user_profile": {
            "avatar_hash": "e80151a85b42",
            "image_72": "https:\/\/avatars.slack-edge.com\/2020-08-20\/1312343146786_e80151a85b42c5dd4733_72.jpg",
            "first_name": "",
            "real_name": "Nikita Demchenko",
            "display_name": "Nikita Demchenko",
            "team": "TKFJE6LDR",
            "name": "omfgnuts",
            "is_restricted": false,
            "is_ultra_restricted": false
        },
        "attachments": [
            {
                "fallback": "google\/docsy",
                "text": "A set of Hugo doc templates for launching open source content.",
                "title": "google\/docsy",
                "footer": "<https:\/\/github.com\/google\/docsy|google\/docsy>",
                "id": 1,
                "footer_icon": "https:\/\/github.githubassets.com\/favicon.ico",
                "ts": 1539637187,
                "color": "24292f",
                "fields": [
                    {
                        "title": "Stars",
                        "value": "886",
                        "short": true
                    },
                    {
                        "title": "Language",
                        "value": "HTML",
                        "short": true
                    }
                ],
                "mrkdwn_in": [
                    "text",
                    "fields"
                ],
                "bot_id": "BU8U6P6AH",
                "app_unfurl_url": "https:\/\/github.com\/google\/docsy",
                "is_app_unfurl": true
            }
        ],
        "blocks": [
            {
                "type": "rich_text",
                "block_id": "2hp",
                "elements": [
                    {
                        "type": "rich_text_section",
                        "elements": [
                            {
                                "type": "text",
                                "text": "I've dealt with docsy theme for hugo without any prior knowledge, it went good and almost smooth! "
                            },
                            {
                                "type": "link",
                                "url": "https:\/\/github.com\/google\/docsy"
                            }
                        ]
                    }
                ]
            }
        ]
    },
    {
        "client_msg_id": "167f1879-3bf5-484c-9868-b2b66caa1c8d",
        "type": "message",
        "text": "I’m very happy both of you want to help <@U019868JEQ0> and <@U018ZJ0H27Q>!",
        "user": "U015W4HK0HL",
        "ts": "1598549345.005100",
        "team": "TKFJE6LDR",
        "user_team": "TKFJE6LDR",
        "source_team": "TKFJE6LDR",
        "user_profile": {
            "avatar_hash": "gcfe00a65e02",
            "image_72": "https:\/\/secure.gravatar.com\/avatar\/cfe00a65e02072b85ad937ab0e735882.jpg?s=72&d=https%3A%2F%2Fa.slack-edge.com%2Fdf10d%2Fimg%2Favatars%2Fava_0002-72.png",
            "first_name": "",
            "real_name": "Rigs Caballero",
            "display_name": "Rigs Caballero",
            "team": "TKFJE6LDR",
            "name": "grca",
            "is_restricted": false,
            "is_ultra_restricted": false
        },
        "blocks": [
            {
                "type": "rich_text",
                "block_id": "sgZPQ",
                "elements": [
                    {
                        "type": "rich_text_section",
                        "elements": [
                            {
                                "type": "text",
                                "text": "I’m very happy both of you want to help "
                            },
                            {
                                "type": "user",
                                "user_id": "U019868JEQ0"
                            },
                            {
                                "type": "text",
                                "text": " and "
                            },
                            {
                                "type": "user",
                                "user_id": "U018ZJ0H27Q"
                            },
                            {
                                "type": "text",
                                "text": "!"
                            }
                        ]
                    }
                ]
            }
        ]
    }
]