[
{
    "id": "CKT0VDP5E",
    "name": "random",
    "created": 1561157771,
    "creator": "UKV4ZPEFQ",
    "is_archived": false,
    "is_general": false,
    "members": [
        "UKG4RHGBD",
        "UKTGLQNGG",
        "UKU2JGKEV",
        "UKU4BJ57T",
        "UKV4ZPEFQ",
        "UKVC4NB71",
        "UKZUE07MJ",
        "UL0EZ6PHT",
        "UL0EZ6PRT",
        "UL2AA1FF1",
        "UL2JX2QNA",
        "UL3UNUMK6",
        "UL9F82XL3",
        "UPYT37Z9R",
        "UQ54YNUPL",
        "UQ553K7DY",
        "UQ5FCQXT4",
        "UQC84A5AB",
        "UQCGMRB6F",
        "UQHTJTYM6",
        "UQJ67EXK7",
        "UQJBJ8LN4",
        "UQM1Q4ECF",
        "UQRF7PA95",
        "UR1VBKHD1",
        "UR4BU4WBE",
        "UR4F409LG",
        "UR4R8T23F",
        "URLL4613P",
        "US8HX4K1A",
        "USJNU4UKV",
        "UTCCCN999",
        "UTCKDLXJ9",
        "UU6A8MCQ6",
        "UUKDDFDLM",
        "UV68NG0C8",
        "U011ES0SQP8",
        "U011GCVJFQF",
        "U012DTT9FLM",
        "U012H2D0YP4",
        "U012J5AMMEY",
        "U012KCMPP0V",
        "U012MGCK4GG",
        "U012Y26QWNA",
        "U013523JM71",
        "U01363C3QMD",
        "U0137ALL8DC",
        "U013BQ7KEVD",
        "U013BQLMX8F",
        "U013DDEU5PF",
        "U013GUU67QA",
        "U013H0D2BST",
        "U013H808CCS",
        "U013K5XP1PF",
        "U013KJBAZT8",
        "U013L2JPQNS",
        "U013QJBQR1V",
        "U013R98JA31",
        "U013SP763UH",
        "U013TBTETME",
        "U013TMMSPDK",
        "U013U5JASUR",
        "U013XPC8Q9Z",
        "U013YACL944",
        "U013YECC3HS",
        "U0145JAQHBJ",
        "U0145NJUYQ2",
        "U01474W7A6L",
        "U01488L9F4Y",
        "U0149891D4J",
        "U014J4MHWT1",
        "U014QGGM03W",
        "U014V7JDGPM",
        "U014YSK0DL2",
        "U01535DPG31",
        "U0156H180JF",
        "U01593CCKLN",
        "U015GARCR8X",
        "U015JHMGW7J",
        "U015UGJ9Q9L",
        "U015W4HK0HL",
        "U015ZA95M7S",
        "U016114NNTF",
        "U0166MHUBR6",
        "U016DSVDUKT",
        "U016KJ3NZHP",
        "U016S9F2LTC",
        "U0170HMB87K",
        "U0174BRV404",
        "U017RR903PW",
        "U0183JDL2PR",
        "U0188HAAL4X",
        "U0188RXH77Z",
        "U018AKSEY7R",
        "U018B8R02GN",
        "U018BJR6JQN",
        "U018BMTQNSJ",
        "U018GVAH3FX",
        "U018H7LGMK9",
        "U018JA3SDC2",
        "U018JBDM7KL",
        "U018JGWJT1T",
        "U018JGX940K",
        "U018JLMCDNX",
        "U018MTGTQUW",
        "U018MUJMLVB",
        "U018N3RS4F7",
        "U018NF60RP1",
        "U018QHYEAEQ",
        "U018QS4M276",
        "U018SGYTLDR",
        "U018WFSFJJD",
        "U018WSZN4MP",
        "U018ZJ0H27Q",
        "U019174D26A",
        "U019252DK0F",
        "U01935RCAFL",
        "U01935T4GPL",
        "U0193EXNPED",
        "U0193MRQ6KC",
        "U019639624W",
        "U01984CQ8U8",
        "U01984HDY1W",
        "U019868JEQ0",
        "U019AEWP2CE",
        "U019E2F5R55",
        "U019FQ2KY1F",
        "U019M3A5MFV",
        "U019YA7SD0U",
        "U01A1CBD0CC",
        "U01A243HGHF",
        "U01A3NR03E1",
        "U01A8JXNZDW",
        "U01ABLZMV7E",
        "U01AJ7NJ5HN",
        "U01AUM71U2H",
        "U01AYHSAAMV",
        "U01B01BCME3",
        "U01BGCZ42GJ",
        "U01BH20SXHC",
        "U01BTHCL6JZ",
        "U01C8E33D0W",
        "U01CM7UHNRY",
        "U01CPEPLPFX",
        "U01DYRWG43X",
        "U01FM5N1ZAT",
        "U01FV5E1TPY",
        "U01FWFHAD5L",
        "U01FZ4QEZ6Z",
        "U01G825C49J",
        "U01G82UEWF6",
        "U01G8A1LLA0",
        "U01G9RAQ5T6",
        "U01GAG971A8",
        "U01GEGKBZB3",
        "U01GEMDKM4Z",
        "U01GHC71XUZ",
        "U01GQ3L9M7B",
        "U01GRUCTR1N"
    ],
    "topic": {
        "value": "Non-work banter and water cooler conversation",
        "creator": "UKV4ZPEFQ",
        "last_set": 1561157771
    },
    "purpose": {
        "value": "A place for non-work-related flimflam, faffing, hodge-podge or jibber-jabber you'd prefer to keep out of more focused work-related channels.",
        "creator": "UKV4ZPEFQ",
        "last_set": 1561157771
    }
},
{
    "id": "CQ31FU5C2",
    "name": "docfixit2019",
    "created": 1573591985,
    "creator": "UL9F82XL3",
    "is_archived": true,
    "is_general": false,
    "members": [],
    "topic": {
        "value": "<https:\/\/slack.thegooddocsproject.dev\/> | <https:\/\/github.com\/thegooddocsproject\/templates>",
        "creator": "UKVC4NB71",
        "last_set": 1573599233
    },
    "purpose": {
        "value": "Channel for all peeps who are taking part in the activity during WTD Conference 2019",
        "creator": "UL9F82XL3",
        "last_set": 1573591986
    }
},
{
    "id": "CQT6T04CW",
    "name": "general",
    "created": 1574192675,
    "creator": "UL2AA1FF1",
    "is_archived": false,
    "is_general": false,
    "members": [
        "UKG4RHGBD",
        "UKTGLQNGG",
        "UKU2JGKEV",
        "UKU4BJ57T",
        "UKV4ZPEFQ",
        "UKVC4NB71",
        "UKZUE07MJ",
        "UL0EZ6PHT",
        "UL0EZ6PRT",
        "UL2AA1FF1",
        "UL2JX2QNA",
        "UL3UNUMK6",
        "UL9F82XL3",
        "UQ54YNUPL",
        "UQ553K7DY",
        "UQ5FCQXT4",
        "UQCGMRB6F",
        "UQHTJTYM6",
        "UQJ67EXK7",
        "UQJBJ8LN4",
        "UR1VBKHD1",
        "UR4F409LG",
        "URLL4613P",
        "USJNU4UKV",
        "UTCCCN999",
        "UTCKDLXJ9",
        "UU6A8MCQ6",
        "UUKDDFDLM",
        "UV68NG0C8",
        "U011ES0SQP8",
        "U011GCVJFQF",
        "U012DTT9FLM",
        "U012H2D0YP4",
        "U012J5AMMEY",
        "U012KCMPP0V",
        "U012MGCK4GG",
        "U012Y26QWNA",
        "U013523JM71",
        "U01363C3QMD",
        "U0137ALL8DC",
        "U013BQ7KEVD",
        "U013BQLMX8F",
        "U013DDEU5PF",
        "U013GUU67QA",
        "U013H0D2BST",
        "U013H808CCS",
        "U013K5XP1PF",
        "U013KJBAZT8",
        "U013L2JPQNS",
        "U013QJBQR1V",
        "U013R98JA31",
        "U013SP763UH",
        "U013TBTETME",
        "U013TMMSPDK",
        "U013U5JASUR",
        "U013XPC8Q9Z",
        "U013YACL944",
        "U013YECC3HS",
        "U0145JAQHBJ",
        "U0145NJUYQ2",
        "U01474W7A6L",
        "U01488L9F4Y",
        "U0149891D4J",
        "U014J4MHWT1",
        "U014QGGM03W",
        "U014V7JDGPM",
        "U014YSK0DL2",
        "U01535DPG31",
        "U0156H180JF",
        "U01593CCKLN",
        "U015GARCR8X",
        "U015JHMGW7J",
        "U015UGJ9Q9L",
        "U015W4HK0HL",
        "U015ZA95M7S",
        "U016114NNTF",
        "U0166MHUBR6",
        "U016DSVDUKT",
        "U016KJ3NZHP",
        "U016S9F2LTC",
        "U0170HMB87K",
        "U0174BRV404",
        "U017RR903PW",
        "U0183JDL2PR",
        "U0188HAAL4X",
        "U0188RXH77Z",
        "U018AKSEY7R",
        "U018B8R02GN",
        "U018BJR6JQN",
        "U018BMTQNSJ",
        "U018GVAH3FX",
        "U018H7LGMK9",
        "U018JA3SDC2",
        "U018JBDM7KL",
        "U018JGWJT1T",
        "U018JGX940K",
        "U018JLMCDNX",
        "U018MTGTQUW",
        "U018MUJMLVB",
        "U018N3RS4F7",
        "U018NF60RP1",
        "U018QHYEAEQ",
        "U018QS4M276",
        "U018SGYTLDR",
        "U018WFSFJJD",
        "U018WSZN4MP",
        "U018ZJ0H27Q",
        "U019174D26A",
        "U019252DK0F",
        "U01935RCAFL",
        "U01935T4GPL",
        "U0193EXNPED",
        "U0193MRQ6KC",
        "U019639624W",
        "U01984CQ8U8",
        "U01984HDY1W",
        "U019868JEQ0",
        "U019AEWP2CE",
        "U019E2F5R55",
        "U019FQ2KY1F",
        "U019M3A5MFV",
        "U019YA7SD0U",
        "U01A1CBD0CC",
        "U01A243HGHF",
        "U01A3NR03E1",
        "U01A8JXNZDW",
        "U01ABLZMV7E",
        "U01AJ7NJ5HN",
        "U01AUM71U2H",
        "U01AYHSAAMV",
        "U01B01BCME3",
        "U01BGCZ42GJ",
        "U01BH20SXHC",
        "U01BTHCL6JZ",
        "U01CM7UHNRY",
        "U01CPEPLPFX",
        "U01DYRWG43X",
        "U01FM5N1ZAT",
        "U01FV5E1TPY",
        "U01FWFHAD5L",
        "U01FZ4QEZ6Z",
        "U01G825C49J",
        "U01G82UEWF6",
        "U01G8A1LLA0",
        "U01G9RAQ5T6",
        "U01GAG971A8",
        "U01GEGKBZB3",
        "U01GEMDKM4Z",
        "U01GHC71XUZ",
        "U01GQ3L9M7B",
        "U01GRUCTR1N"
    ],
    "topic": {
        "value": "the shiny new general discussion channel!",
        "creator": "UL2AA1FF1",
        "last_set": 1574277560
    },
    "purpose": {
        "value": "Good Docs Project Announcements",
        "creator": "UL2AA1FF1",
        "last_set": 1574192675
    }
},
{
    "id": "C016L3962CU",
    "name": "chronologue-docs",
    "created": 1593637985,
    "creator": "UL2AA1FF1",
    "is_archived": false,
    "is_general": false,
    "members": [
        "UKTGLQNGG",
        "UKV4ZPEFQ",
        "UKVC4NB71",
        "UL2AA1FF1",
        "UQ553K7DY",
        "U011GCVJFQF",
        "U012KCMPP0V",
        "U015GARCR8X",
        "U0170HMB87K",
        "U018JGX940K",
        "U018JLMCDNX",
        "U018MTGTQUW",
        "U0193EXNPED",
        "U019868JEQ0",
        "U01AYHSAAMV",
        "U01CM7UHNRY",
        "U01G8A1LLA0",
        "U01GEGKBZB3",
        "U01GHC71XUZ",
        "U01GRUCTR1N"
    ],
    "pins": [
        {
            "id": "1607293989.006600",
            "type": "C",
            "created": 1607293993,
            "user": "UKV4ZPEFQ",
            "owner": "UKV4ZPEFQ"
        }
    ],
    "topic": {
        "value": "",
        "creator": "",
        "last_set": 0
    },
    "purpose": {
        "value": "time travel",
        "creator": "UL2AA1FF1",
        "last_set": 1593637986
    }
}
]