[
    {
        "client_msg_id": "14256118-8e87-4ae6-a8ab-2d6a2ef48640",
        "type": "message",
        "text": "This is so true to my experience working on my company's open source project: <https:\/\/twitter.com\/EmilyKager\/status\/1321603336051789824>",
        "user": "U012KCMPP0V",
        "ts": "1603981748.004900",
        "team": "TKFJE6LDR",
        "user_team": "TKFJE6LDR",
        "source_team": "TKFJE6LDR",
        "user_profile": {
            "avatar_hash": "b26729f0b5f2",
            "image_72": "https:\/\/avatars.slack-edge.com\/2020-04-27\/1089031639347_b26729f0b5f2375494a1_72.png",
            "first_name": "Alyssa",
            "real_name": "Alyssa",
            "display_name": "Alyssa",
            "team": "TKFJE6LDR",
            "name": "alyssa.rock.biz",
            "is_restricted": false,
            "is_ultra_restricted": false
        },
        "edited": {
            "user": "U012KCMPP0V",
            "ts": "1603981770.000000"
        },
        "attachments": [
            {
                "fallback": "<https:\/\/twitter.com\/EmilyKager|@EmilyKager>: Based on some life experience <https:\/\/pbs.twimg.com\/ext_tw_video_thumb\/1321603250387214337\/pu\/img\/faOtLDWFMskNnwAo.jpg>",
                "ts": 1603929764,
                "author_name": "Emily",
                "author_link": "https:\/\/twitter.com\/EmilyKager\/status\/1321603336051789824",
                "author_icon": "https:\/\/pbs.twimg.com\/profile_images\/1296572390252716034\/jTxFoueZ_normal.jpg",
                "author_subname": "@EmilyKager",
                "text": "Based on some life experience",
                "service_name": "twitter",
                "service_url": "https:\/\/twitter.com\/",
                "from_url": "https:\/\/twitter.com\/EmilyKager\/status\/1321603336051789824",
                "thumb_url": "https:\/\/pbs.twimg.com\/ext_tw_video_thumb\/1321603250387214337\/pu\/img\/faOtLDWFMskNnwAo.jpg",
                "thumb_width": 681,
                "thumb_height": 1200,
                "video_html_width": 681,
                "video_html_height": 1200,
                "video_html": "<video controls poster=\"https:\/\/pbs.twimg.com\/ext_tw_video_thumb\/1321603250387214337\/pu\/img\/faOtLDWFMskNnwAo.jpg\" width=\"681\" height=\"1200\"><source type=\"video\/mp4\" src=\"https:\/\/video.twimg.com\/ext_tw_video\/1321603250387214337\/pu\/vid\/720x1268\/EuJ5nOMCJrrLdS0Q.mp4?tag=10\"><\/video>",
                "id": 1,
                "original_url": "https:\/\/twitter.com\/EmilyKager\/status\/1321603336051789824",
                "footer": "Twitter",
                "footer_icon": "https:\/\/a.slack-edge.com\/80588\/img\/services\/twitter_pixel_snapped_32.png"
            }
        ],
        "blocks": [
            {
                "type": "rich_text",
                "block_id": "oiH7",
                "elements": [
                    {
                        "type": "rich_text_section",
                        "elements": [
                            {
                                "type": "text",
                                "text": "This is so true to my experience working on my company's open source project: "
                            },
                            {
                                "type": "link",
                                "url": "https:\/\/twitter.com\/EmilyKager\/status\/1321603336051789824"
                            }
                        ]
                    }
                ]
            }
        ],
        "reactions": [
            {
                "name": "joy",
                "users": [
                    "UL2AA1FF1",
                    "UQ553K7DY"
                ],
                "count": 2
            },
            {
                "name": "skull",
                "users": [
                    "UQ553K7DY"
                ],
                "count": 1
            }
        ]
    },
    {
        "client_msg_id": "274ee2c1-ac30-4503-a3a0-927878728ba8",
        "type": "message",
        "text": "<https:\/\/github.com\/writethedocs\/www\/issues\/1370> to try and get a canonical reference started for companies who want to search for and remove non-inclusive and biased language from their docs. Any comments or thoughts appreciated.",
        "user": "UKVC4NB71",
        "ts": "1604023501.006600",
        "team": "TKFJE6LDR",
        "user_team": "TKFJE6LDR",
        "source_team": "TKFJE6LDR",
        "user_profile": {
            "avatar_hash": "c7d9788d4436",
            "image_72": "https:\/\/avatars.slack-edge.com\/2019-10-30\/814314609877_c7d9788d4436969613a7_72.jpg",
            "first_name": "Jared",
            "real_name": "Jared Morgan",
            "display_name": "jaredmorgs",
            "team": "TKFJE6LDR",
            "name": "jaredleonmorgan",
            "is_restricted": false,
            "is_ultra_restricted": false
        },
        "attachments": [
            {
                "fallback": "[writethedocs\/www] #1370 Create a \"Exclusive and biased language replacement\" reference for technical documentation",
                "image_url": "https:\/\/user-images.githubusercontent.com\/952793\/97649752-db874980-1aa3-11eb-91ea-2f154af1e3bb.png",
                "image_width": 1200,
                "image_height": 1097,
                "image_bytes": 42729,
                "author_name": "jaredmorgs",
                "text": "*Background*\n\nI think many resources about this topic were captured in a PR to <https:\/\/www.writethedocs.org\/guide\/writing\/style-guides\/#thinking-about-accessibility-and-bias|https:\/\/www.writethedocs.org\/guide\/writing\/style-guides\/#thinking-about-accessibility-and-bias>\n\nThe problem is that this is not canonical enough.  \nWhat I need right now is a list of non-inclusive, biased words found in tech all with suggested replacements that an organization can grep for when auditing their codebases.\n\n*Research*\n\nI've scoured the internet the last day trying to find a resource like this, but to my surprise, it doesn't exist.\n\nFolks in the slack thread have offered these additional resources which are also great:\n\n<https:\/\/user-images.githubusercontent.com\/952793\/97649752-db874980-1aa3-11eb-91ea-2f154af1e3bb.png|master-slave-decision-tree>\n\n<https:\/\/github.com\/retextjs\/retext-equality\/blob\/main\/rules.md|https:\/\/github.com\/retextjs\/retext-equality\/blob\/main\/rules.md>\n\n<https:\/\/mysqlhighavailability.com\/mysql-terminology-updates\/|https:\/\/mysqlhighavailability.com\/mysql-terminology-updates\/>\n\n*Goal*\n\nAs a collective group we fix this problem for everyone by adding such a resource to WTD.\n\nThe minimum terminology we should specify as no longer acceptable in a technical document is the combination of:\n\n• Blacklist\/Whitelist\n• Master\/Slave\n\nThe included image shows some excellent decision tree style guidelines for eradicating Master\/Slave and Whitelist\/Blacklist which could be worthwhile adding into the guide with proper attribution.\n\nAnother thing worth considering is not only specifying acceptable alternatives to these terms but some approaches you should take when searching for and replacing them in your products, and their supporting docs.\n\nFor (a very terse) example:\n\n1. Identify the terms in your products and work out a plan to remove them.\n2. Decide what terms to apply to your product and under what context to apply them (if necessary)\n3. Development team removes terms from the product.\n4. Update agreed-upon terms in your documentation.",
                "title": "#1370 Create a \"Exclusive and biased language replacement\" reference for technical documentation",
                "footer": "<https:\/\/github.com\/writethedocs\/www|writethedocs\/www>",
                "id": 1,
                "title_link": "https:\/\/github.com\/writethedocs\/www\/issues\/1370",
                "author_link": "https:\/\/github.com\/jaredmorgs",
                "author_icon": "https:\/\/avatars1.githubusercontent.com\/u\/952793?v=4",
                "footer_icon": "https:\/\/github.githubassets.com\/favicon.ico",
                "ts": 1604022067,
                "color": "36a64f",
                "mrkdwn_in": [
                    "text"
                ],
                "bot_id": "BU8U6P6AH",
                "app_unfurl_url": "https:\/\/github.com\/writethedocs\/www\/issues\/1370",
                "is_app_unfurl": true
            }
        ],
        "blocks": [
            {
                "type": "rich_text",
                "block_id": "=O=n",
                "elements": [
                    {
                        "type": "rich_text_section",
                        "elements": [
                            {
                                "type": "link",
                                "url": "https:\/\/github.com\/writethedocs\/www\/issues\/1370"
                            },
                            {
                                "type": "text",
                                "text": " to try and get a canonical reference started for companies who want to search for and remove non-inclusive and biased language from their docs. Any comments or thoughts appreciated."
                            }
                        ]
                    }
                ]
            }
        ],
        "reactions": [
            {
                "name": "sparkling_heart",
                "users": [
                    "UQ553K7DY",
                    "UL2AA1FF1",
                    "UKV4ZPEFQ"
                ],
                "count": 3
            }
        ]
    }
]