[
    {
        "client_msg_id": "085539f3-9e2a-414a-bb16-3350b1c12f40",
        "type": "message",
        "text": "<https:\/\/www.youtube.com\/watch?v=j9zKGW5l7zg&amp;feature=emb_title> (yay <@UL3UNUMK6>!)",
        "user": "UL2AA1FF1",
        "ts": "1603730286.001900",
        "team": "TKFJE6LDR",
        "user_team": "TKFJE6LDR",
        "source_team": "TKFJE6LDR",
        "user_profile": {
            "avatar_hash": "22135067b36d",
            "image_72": "https:\/\/avatars.slack-edge.com\/2019-10-23\/805254797908_22135067b36dfb715e99_72.jpg",
            "first_name": "",
            "real_name": "Erin McKean",
            "display_name": "Erin McKean",
            "team": "TKFJE6LDR",
            "name": "emckean",
            "is_restricted": false,
            "is_ultra_restricted": false
        },
        "attachments": [
            {
                "service_name": "YouTube",
                "service_url": "https:\/\/www.youtube.com\/",
                "title": "Templates for API Documentation [TC Dojo Open Session]",
                "title_link": "https:\/\/www.youtube.com\/watch?v=j9zKGW5l7zg&amp;feature=emb_title",
                "author_name": "TC Dojo by Single-Sourcing Solutions",
                "author_link": "https:\/\/www.youtube.com\/channel\/UCA0uRih4-Z1Hl19lMzlFQow",
                "thumb_url": "https:\/\/i.ytimg.com\/vi\/j9zKGW5l7zg\/hqdefault.jpg",
                "thumb_width": 480,
                "thumb_height": 360,
                "fallback": "YouTube Video: Templates for API Documentation [TC Dojo Open Session]",
                "video_html": "<iframe width=\"400\" height=\"225\" src=\"https:\/\/www.youtube.com\/embed\/j9zKGW5l7zg?feature=oembed&autoplay=1&iv_load_policy=3\" frameborder=\"0\" allow=\"accelerometer; autoplay; clipboard-write; encrypted-media; gyroscope; picture-in-picture\" allowfullscreen><\/iframe>",
                "video_html_width": 400,
                "video_html_height": 225,
                "from_url": "https:\/\/www.youtube.com\/watch?v=j9zKGW5l7zg&amp;feature=emb_title",
                "service_icon": "https:\/\/a.slack-edge.com\/80588\/img\/unfurl_icons\/youtube.png",
                "id": 1,
                "original_url": "https:\/\/www.youtube.com\/watch?v=j9zKGW5l7zg&amp;feature=emb_title"
            }
        ],
        "blocks": [
            {
                "type": "rich_text",
                "block_id": "4RYr",
                "elements": [
                    {
                        "type": "rich_text_section",
                        "elements": [
                            {
                                "type": "link",
                                "url": "https:\/\/www.youtube.com\/watch?v=j9zKGW5l7zg&feature=emb_title"
                            },
                            {
                                "type": "text",
                                "text": " (yay "
                            },
                            {
                                "type": "user",
                                "user_id": "UL3UNUMK6"
                            },
                            {
                                "type": "text",
                                "text": "!)"
                            }
                        ]
                    }
                ]
            }
        ]
    },
    {
        "type": "message",
        "subtype": "channel_join",
        "ts": "1603730293.002200",
        "user": "UL3UNUMK6",
        "text": "<@UL3UNUMK6> has joined the channel",
        "inviter": "UL2AA1FF1"
    }
]