[
    {
        "client_msg_id": "29852b1c-a669-4062-9862-118763548152",
        "type": "message",
        "text": "huge fan of Stephanie Morillo, nice post from her here on 7 things to include in technical blog posts: <https:\/\/www.stephaniemorillo.co\/post\/7-pieces-of-information-to-include-in-technical-blog-posts>",
        "user": "UL2AA1FF1",
        "ts": "1602531814.000700",
        "team": "TKFJE6LDR",
        "user_team": "TKFJE6LDR",
        "source_team": "TKFJE6LDR",
        "user_profile": {
            "avatar_hash": "22135067b36d",
            "image_72": "https:\/\/avatars.slack-edge.com\/2019-10-23\/805254797908_22135067b36dfb715e99_72.jpg",
            "first_name": "",
            "real_name": "Erin McKean",
            "display_name": "Erin McKean",
            "team": "TKFJE6LDR",
            "name": "emckean",
            "is_restricted": false,
            "is_ultra_restricted": false
        },
        "attachments": [
            {
                "service_name": "Stephanie Morillo",
                "title": "7 Pieces of Information to Include in Technical Blog Posts",
                "title_link": "https:\/\/www.stephaniemorillo.co\/post\/7-pieces-of-information-to-include-in-technical-blog-posts",
                "text": "In this post, I will share seven crucial pieces of information that should be included in technical blog posts based on feedback from developers on Twitter.",
                "fallback": "Stephanie Morillo: 7 Pieces of Information to Include in Technical Blog Posts",
                "image_url": "https:\/\/static.wixstatic.com\/media\/1ff14f_9e3f076df9f74195ad61c6466f67a548~mv2.jpg\/v1\/fit\/w_799,h_534,al_c,q_80\/file.png",
                "image_width": 374,
                "image_height": 250,
                "ts": 1601854144,
                "from_url": "https:\/\/www.stephaniemorillo.co\/post\/7-pieces-of-information-to-include-in-technical-blog-posts",
                "image_bytes": 444189,
                "service_icon": "https:\/\/static.parastorage.com\/client\/pfavico.ico",
                "id": 1,
                "original_url": "https:\/\/www.stephaniemorillo.co\/post\/7-pieces-of-information-to-include-in-technical-blog-posts"
            }
        ],
        "blocks": [
            {
                "type": "rich_text",
                "block_id": "GN4",
                "elements": [
                    {
                        "type": "rich_text_section",
                        "elements": [
                            {
                                "type": "text",
                                "text": "huge fan of Stephanie Morillo, nice post from her here on 7 things to include in technical blog posts: "
                            },
                            {
                                "type": "link",
                                "url": "https:\/\/www.stephaniemorillo.co\/post\/7-pieces-of-information-to-include-in-technical-blog-posts"
                            }
                        ]
                    }
                ]
            }
        ]
    },
    {
        "client_msg_id": "09c691e3-fcfd-4661-8c94-67b1ea9c162a",
        "type": "message",
        "text": "Okay so I've only just seen this: <https:\/\/www.digitalocean.com\/community\/tutorials\/digitalocean-s-technical-writing-guidelines>",
        "user": "UKV4ZPEFQ",
        "ts": "1602536060.001100",
        "team": "TKFJE6LDR",
        "user_team": "TKFJE6LDR",
        "source_team": "TKFJE6LDR",
        "user_profile": {
            "avatar_hash": "g854c628ef64",
            "image_72": "https:\/\/secure.gravatar.com\/avatar\/6854c628ef64a4c129a994522e17cdf2.jpg?s=72&d=https%3A%2F%2Fa.slack-edge.com%2Fdf10d%2Fimg%2Favatars%2Fava_0007-72.png",
            "first_name": "felicitybrand",
            "real_name": "felicitybrand",
            "display_name": "flicstar",
            "team": "TKFJE6LDR",
            "name": "felicitybrand",
            "is_restricted": false,
            "is_ultra_restricted": false
        },
        "edited": {
            "user": "UKV4ZPEFQ",
            "ts": "1602536125.000000"
        },
        "blocks": [
            {
                "type": "rich_text",
                "block_id": "59w",
                "elements": [
                    {
                        "type": "rich_text_section",
                        "elements": [
                            {
                                "type": "text",
                                "text": "Okay so I've only just seen this: "
                            },
                            {
                                "type": "link",
                                "url": "https:\/\/www.digitalocean.com\/community\/tutorials\/digitalocean-s-technical-writing-guidelines"
                            }
                        ]
                    }
                ]
            }
        ]
    },
    {
        "client_msg_id": "fd79f855-4b3d-4946-bde2-dc9bd3020d0f",
        "type": "message",
        "text": "If you copy the content from their template <https:\/\/github.com\/do-community\/do-article-templates\/blob\/master\/do-article-template.md.txt>",
        "user": "UKV4ZPEFQ",
        "ts": "1602536088.001600",
        "team": "TKFJE6LDR",
        "user_team": "TKFJE6LDR",
        "source_team": "TKFJE6LDR",
        "user_profile": {
            "avatar_hash": "g854c628ef64",
            "image_72": "https:\/\/secure.gravatar.com\/avatar\/6854c628ef64a4c129a994522e17cdf2.jpg?s=72&d=https%3A%2F%2Fa.slack-edge.com%2Fdf10d%2Fimg%2Favatars%2Fava_0007-72.png",
            "first_name": "felicitybrand",
            "real_name": "felicitybrand",
            "display_name": "flicstar",
            "team": "TKFJE6LDR",
            "name": "felicitybrand",
            "is_restricted": false,
            "is_ultra_restricted": false
        },
        "attachments": [
            {
                "fallback": "[do-community\/do-article-templates] do-article-template.md.txt",
                "text": "```\n&lt;!--\nThis is an article template you can use as a quick starting point when writing DigitalOcean tutorials. Once you've reviewed the template, delete the comments and begin writing your outline or article. You'll find some examples of our custom Markdown at the very bottom of the template.\n\nAs you write, refer to our style and formatting guidelines for more detailed explanations:\n\n- [do.co\/style](https:\/\/do.co\/style)\n\nUse our [Markdown previewer](https:\/\/www.digitalocean.com\/community\/markdown) to review your article's formatting.\n\nReaders should be able to follow your tutorial from the beginning to the end on a DigitalOcean Droplet. Before submitting your article to the editorial team, please be sure to create a new Droplet and test your article from start to finish on it exactly as written. Cut and paste commands from the article into your terminal to make sure there aren't typos in the commands. If you find yourself executing a command that isn't in the article, incorporate it into the article to make sure the reader gets the exact same results. We will test your article and send it back to you if we run into technical problems, which significantly slows down the publication process.\n--&gt;\n\n\n# How To [Install\/Configure\/Do Something] on [Distribution]\n\n&lt;!-- Use Title Case for all Titles --&gt;\n\n&lt;!-- Learn about the title, introduction, and Goals sections at https:\/\/do.co\/style#title-introduction-and-goals --&gt;\n\n&lt;!-- Learn about formatting headers at https:\/\/do.co\/style#headers --&gt;\n\n### Introduction\n\n&lt;!-- Our articles have a specific structure. Learn more at https:\/\/do.co\/style\/structure --&gt;\n\nIntroductory paragraph about the topic that explains what this topic is about and why the reader should care; what problem does it solve?\n\nIn this guide, you will [configure\/set up\/build\/deploy] [some thing]...\n\nWhen you're finished, you'll be able to...\n\n## Prerequisites\n\n&lt;!-- Prerequisites let you leverage existing tutorials so you don't have to repeat installation or setup steps in your tutorial.  Learn more at https:\/\/do.co\/style#prerequisites --&gt;\n\nBefore you begin this guide you'll need the following:\n\n- [number of servers] &lt;OS and OS Version&gt; server(s) &lt;!-- Also specify the amount of RAM the server needs if relevant. --&gt;\n- A non-root user with sudo privileges (&lt;insert link to Initial Server Setup article for the OS used in this tutorial&gt;) explains how to set this up.)\n- (Optional) If software such as Nginx needs to be installed, link to the proper article describing how to install it.\n- (Optional) If the reader needs a fully-qualified domain name (FQDN), mention it here as well.\n- (Optional) List any other accounts needed, such as GitHub, Facebook,  or other services.\n\n&lt;!-- Example:\n* One Ubuntu 18.04 server with at least 1GB of RAM set up by following [the Ubuntu 18.04 initial server setup guide](https:\/\/www.digitalocean.com\/community\/tutorials\/initial-server-setup-with-ubuntu-18-04), including a sudo non-root user and a firewall.\n* Nginx installed on your server, as shown in [How To Install Nginx on Ubuntu 16.04](https:\/\/www.digitalocean.com\/community\/tutorials\/how-to-install-nginx-on-ubuntu-16-04).\n* A domain name configured to point to your server. You can learn how to point domains to DigitalOcean Droplets by following the [How To Set Up a Host Name with DigitalOcean](https:\/\/www.digitalocean.com\/community\/tutorials\/how-to-set-up-a-host-name-with-digitalocean) tutorial.\n--&gt;\n\n## Step 1 — Doing Something\n\n&lt;!-- For more information on steps, see https:\/\/do.co\/style\/#steps --&gt;\n\nIntroduction to the step. What are we going to do and why are we doing it?\n\nFirst....\n\nNext...\n\nFinally...\n\n&lt;!--\nIf showing a command, explain the command first by talking about what it does. Then show the command.\n\nIf showing a configuration file, try to show only the relevant parts and explain what needs to change.\n--&gt;\n\nNow transition to the next step by telling the reader what's next.\n\n## Step 2 — Title Case\n\nAnother introduction\n\nYour content\n\nTransition to the next step.\n\n## Step 3 — Title Case\n\nAnother introduction\n\nYour content\n\nTransition to the next step.\n\n## Conclusion\n\nIn this article you [configured\/set up\/built\/deployed] [something]. Now you can....\n\n&lt;!-- Speak  to reader benefits of this technique or procedure and optionally provide places for further exploration. --&gt;\n\n\n\n&lt;!-- Some examples of how to mark up various things\n\nThis is _italics_ and this is **bold**.\n\nOnly use italics and bold for specific things. Learn more at <https:\/\/do.co\/style#bold-and-italics>\n\nThis is `inline code`. Use it for referencing package names and commands.\n\nHere's a command someone types in the Terminal:\n\n```command\nsudo nano \/etc\/nginx\/sites-available\/default\n```\n\nHere's a configuration file. The label on the first line lets you clearly state the file that's being shown or modified:\n\n```nginx\n[label \/etc\/nginx\/sites-available\/default]\nserver {\n    listen 80 default_server;\n    listen [::]:80 default_server ipv6only=on;\n\n    root &lt;^&gt;\/usr\/share\/nginx\/html&lt;^&gt;;\n    index index.html index.htm;\n\n    server_name localhost;\n\n    location \/ {\n        try_files $uri $uri\/ =404;\n    }\n}\n```\n\nHere's output from a command:\n\n```\n[secondary_label Output]\nCould not connect to Redis at 127.0.0.1:6379: Connection refused\n```\n\nLearn about formatting commands and terminal output at <https:\/\/do.co\/style#code>\n\nKey presses should be written in ALLCAPS with in-line code formatting: `ENTER`.\n\nUse a plus symbol (+) if keys need to be pressed simultaneously: `CTRL+C`.\n\nThis is a &lt;^&gt;variable&lt;^&gt;.\n\nThis is an `&lt;^&gt;in-line code variable&lt;^&gt;`\n\nLearn more about how to use variables to highlight important items at <https:\/\/do.co\/style#variables>\n\nUse `&lt;^&gt;your_server_ip&lt;^&gt;` when referencing the IP of the server.  Use `111.111.111.111` and `222.222.222.222` if you need other IP addresses in examples.\n\nLearn more about host names and domains at <https:\/\/do.co\/style#users-hostnames-and-domains>\n\n&lt;$&gt;[note]\n**Note:** This is a note.\n&lt;$&gt;\n\n&lt;$&gt;[warning]\n**Warning:** This is a warning.\n&lt;$&gt;\n\nLearn more about notes at <https:\/\/do.co\/style#notes-and-warnings>\n\nScreenshots should be in PNG format and hosted on imgur. Embed them in the article using the following format:\n\n![Alt text for screen readers](\/path\/to\/img.png)\n\nLearn more about images at <https:\/\/do.co\/style#images-and-other-assets>\n--&gt;\n\n```",
                "title": "do-article-template.md.txt",
                "footer": "<https:\/\/github.com\/do-community\/do-article-templates|do-community\/do-article-templates>",
                "id": 1,
                "title_link": "https:\/\/github.com\/do-community\/do-article-templates\/blob\/master\/do-article-template.md.txt",
                "footer_icon": "https:\/\/github.githubassets.com\/favicon.ico",
                "color": "24292f",
                "mrkdwn_in": [
                    "text"
                ],
                "bot_id": "BU8U6P6AH",
                "app_unfurl_url": "https:\/\/github.com\/do-community\/do-article-templates\/blob\/master\/do-article-template.md.txt",
                "is_app_unfurl": true
            }
        ],
        "blocks": [
            {
                "type": "rich_text",
                "block_id": "C5HNM",
                "elements": [
                    {
                        "type": "rich_text_section",
                        "elements": [
                            {
                                "type": "text",
                                "text": "If you copy the content from their template "
                            },
                            {
                                "type": "link",
                                "url": "https:\/\/github.com\/do-community\/do-article-templates\/blob\/master\/do-article-template.md.txt"
                            }
                        ]
                    }
                ]
            }
        ]
    },
    {
        "client_msg_id": "842b0811-d31b-40ed-b394-84f807801cb7",
        "type": "message",
        "text": "And paste it in their markdown preview tool <https:\/\/www.digitalocean.com\/community\/markdown>",
        "user": "UKV4ZPEFQ",
        "ts": "1602536115.002200",
        "team": "TKFJE6LDR",
        "user_team": "TKFJE6LDR",
        "source_team": "TKFJE6LDR",
        "user_profile": {
            "avatar_hash": "g854c628ef64",
            "image_72": "https:\/\/secure.gravatar.com\/avatar\/6854c628ef64a4c129a994522e17cdf2.jpg?s=72&d=https%3A%2F%2Fa.slack-edge.com%2Fdf10d%2Fimg%2Favatars%2Fava_0007-72.png",
            "first_name": "felicitybrand",
            "real_name": "felicitybrand",
            "display_name": "flicstar",
            "team": "TKFJE6LDR",
            "name": "felicitybrand",
            "is_restricted": false,
            "is_ultra_restricted": false
        },
        "edited": {
            "user": "UKV4ZPEFQ",
            "ts": "1602536121.000000"
        },
        "blocks": [
            {
                "type": "rich_text",
                "block_id": "w20CY",
                "elements": [
                    {
                        "type": "rich_text_section",
                        "elements": [
                            {
                                "type": "text",
                                "text": "And paste it in their markdown preview tool "
                            },
                            {
                                "type": "link",
                                "url": "https:\/\/www.digitalocean.com\/community\/markdown"
                            }
                        ]
                    }
                ]
            }
        ]
    },
    {
        "client_msg_id": "df28c830-29ce-4b14-ae1d-946b5bcbab73",
        "type": "message",
        "text": "You'll see how they handle templates, specifically embedding the instructions into the document. Pretty topical for what we're trying to do as a project.",
        "user": "UKV4ZPEFQ",
        "ts": "1602536197.003200",
        "team": "TKFJE6LDR",
        "user_team": "TKFJE6LDR",
        "source_team": "TKFJE6LDR",
        "user_profile": {
            "avatar_hash": "g854c628ef64",
            "image_72": "https:\/\/secure.gravatar.com\/avatar\/6854c628ef64a4c129a994522e17cdf2.jpg?s=72&d=https%3A%2F%2Fa.slack-edge.com%2Fdf10d%2Fimg%2Favatars%2Fava_0007-72.png",
            "first_name": "felicitybrand",
            "real_name": "felicitybrand",
            "display_name": "flicstar",
            "team": "TKFJE6LDR",
            "name": "felicitybrand",
            "is_restricted": false,
            "is_ultra_restricted": false
        },
        "blocks": [
            {
                "type": "rich_text",
                "block_id": "YFG",
                "elements": [
                    {
                        "type": "rich_text_section",
                        "elements": [
                            {
                                "type": "text",
                                "text": "You'll see how they handle templates, specifically embedding the instructions into the document. Pretty topical for what we're trying to do as a project."
                            }
                        ]
                    }
                ]
            }
        ],
        "reactions": [
            {
                "name": "sparkling_heart",
                "users": [
                    "UQ553K7DY"
                ],
                "count": 1
            }
        ]
    }
]