[
    {
        "client_msg_id": "6aa13b3d-c001-4a87-b344-30db0caad62c",
        "type": "message",
        "text": "<https:\/\/maximevaillancourt.com\/blog\/github-email-notifications-gmail-filters>",
        "user": "UL2AA1FF1",
        "ts": "1604352620.007200",
        "team": "TKFJE6LDR",
        "user_team": "TKFJE6LDR",
        "source_team": "TKFJE6LDR",
        "user_profile": {
            "avatar_hash": "22135067b36d",
            "image_72": "https:\/\/avatars.slack-edge.com\/2019-10-23\/805254797908_22135067b36dfb715e99_72.jpg",
            "first_name": "",
            "real_name": "Erin McKean",
            "display_name": "Erin McKean",
            "team": "TKFJE6LDR",
            "name": "emckean",
            "is_restricted": false,
            "is_ultra_restricted": false
        },
        "attachments": [
            {
                "service_name": "Maxime Vaillancourt",
                "title": "Automatically labeling GitHub notification emails with Gmail filters",
                "title_link": "https:\/\/maximevaillancourt.com\/blog\/github-email-notifications-gmail-filters",
                "text": "Cut through the noise and identify what's important.",
                "fallback": "Maxime Vaillancourt: Automatically labeling GitHub notification emails with Gmail filters",
                "image_url": "https:\/\/maximevaillancourt.com\/assets\/github-labels.png",
                "ts": 1602720000,
                "from_url": "https:\/\/maximevaillancourt.com\/blog\/github-email-notifications-gmail-filters",
                "image_width": 467,
                "image_height": 250,
                "image_bytes": 27263,
                "service_icon": "https:\/\/maximevaillancourt.com\/favicon.ico",
                "id": 1,
                "original_url": "https:\/\/maximevaillancourt.com\/blog\/github-email-notifications-gmail-filters"
            }
        ],
        "blocks": [
            {
                "type": "rich_text",
                "block_id": "pG+v",
                "elements": [
                    {
                        "type": "rich_text_section",
                        "elements": [
                            {
                                "type": "link",
                                "url": "https:\/\/maximevaillancourt.com\/blog\/github-email-notifications-gmail-filters"
                            }
                        ]
                    }
                ]
            }
        ],
        "reactions": [
            {
                "name": "trophy",
                "users": [
                    "UKV4ZPEFQ"
                ],
                "count": 1
            }
        ]
    }
]