[
    {
        "client_msg_id": "4b864ede-8922-4747-af1e-a7f034f38645",
        "type": "message",
        "text": "<https:\/\/blog.postman.com\/postman-good-documentation-checklist\/|https:\/\/blog.postman.com\/postman-good-documentation-checklist\/>",
        "user": "UKVC4NB71",
        "ts": "1603928284.002400",
        "team": "TKFJE6LDR",
        "user_team": "TKFJE6LDR",
        "source_team": "TKFJE6LDR",
        "user_profile": {
            "avatar_hash": "c7d9788d4436",
            "image_72": "https:\/\/avatars.slack-edge.com\/2019-10-30\/814314609877_c7d9788d4436969613a7_72.jpg",
            "first_name": "Jared",
            "real_name": "Jared Morgan",
            "display_name": "jaredmorgs",
            "team": "TKFJE6LDR",
            "name": "jaredleonmorgan",
            "is_restricted": false,
            "is_ultra_restricted": false
        },
        "attachments": [
            {
                "service_name": "Postman Blog",
                "title": "The Good Documentation Checklist | Postman",
                "title_link": "https:\/\/blog.postman.com\/postman-good-documentation-checklist\/",
                "text": "Postman documentation is widely used because it enables better collaboration and API adoption. Use The Good Documentation Checklist to make your documentation more effective.",
                "fallback": "Postman Blog: The Good Documentation Checklist | Postman",
                "thumb_url": "https:\/\/edit.blog.postman.com\/wp-content\/uploads\/2020\/10\/create-quick-documentation.png",
                "from_url": "https:\/\/blog.postman.com\/postman-good-documentation-checklist\/",
                "thumb_width": 3022,
                "thumb_height": 2888,
                "service_icon": "https:\/\/blog.postman.com\/icons\/icon-48x48.png?v=13d51aa1bbfaacb557bf41b85783e441",
                "id": 1,
                "original_url": "https:\/\/blog.postman.com\/postman-good-documentation-checklist\/"
            }
        ],
        "blocks": [
            {
                "type": "rich_text",
                "block_id": "kP9as",
                "elements": [
                    {
                        "type": "rich_text_section",
                        "elements": [
                            {
                                "type": "link",
                                "url": "https:\/\/blog.postman.com\/postman-good-documentation-checklist\/",
                                "text": "https:\/\/blog.postman.com\/postman-good-documentation-checklist\/"
                            }
                        ]
                    }
                ]
            }
        ]
    },
    {
        "client_msg_id": "36fdaec5-d7c5-428d-93a3-b642ec9fccbb",
        "type": "message",
        "text": "The name alone makes this topical",
        "user": "UKVC4NB71",
        "ts": "1603928307.003000",
        "team": "TKFJE6LDR",
        "user_team": "TKFJE6LDR",
        "source_team": "TKFJE6LDR",
        "user_profile": {
            "avatar_hash": "c7d9788d4436",
            "image_72": "https:\/\/avatars.slack-edge.com\/2019-10-30\/814314609877_c7d9788d4436969613a7_72.jpg",
            "first_name": "Jared",
            "real_name": "Jared Morgan",
            "display_name": "jaredmorgs",
            "team": "TKFJE6LDR",
            "name": "jaredleonmorgan",
            "is_restricted": false,
            "is_ultra_restricted": false
        },
        "blocks": [
            {
                "type": "rich_text",
                "block_id": "a6=",
                "elements": [
                    {
                        "type": "rich_text_section",
                        "elements": [
                            {
                                "type": "text",
                                "text": "The name alone makes this topical"
                            }
                        ]
                    }
                ]
            }
        ]
    },
    {
        "client_msg_id": "afd4e05c-7aad-4904-ae2b-f7fca897b51f",
        "type": "message",
        "text": "And after watching <https:\/\/www.youtube.com\/watch?v=Udy1-gzdcig&amp;list=PLZAeFn6dfHpmRWZJaUwQzsdagW2TtRI2x&amp;index=22|How to be an Avante-Garde Guinea Pig> from Write the Docs conferences, I stumbled upon their template efforts <https:\/\/community.aimms.com\/aimms-developer-12\/writing-documentation-for-your-team-and-end-users-730>",
        "user": "UKV4ZPEFQ",
        "ts": "1603931405.003900",
        "team": "TKFJE6LDR",
        "user_team": "TKFJE6LDR",
        "source_team": "TKFJE6LDR",
        "user_profile": {
            "avatar_hash": "g854c628ef64",
            "image_72": "https:\/\/secure.gravatar.com\/avatar\/6854c628ef64a4c129a994522e17cdf2.jpg?s=72&d=https%3A%2F%2Fa.slack-edge.com%2Fdf10d%2Fimg%2Favatars%2Fava_0007-72.png",
            "first_name": "felicitybrand",
            "real_name": "felicitybrand",
            "display_name": "flicstar",
            "team": "TKFJE6LDR",
            "name": "felicitybrand",
            "is_restricted": false,
            "is_ultra_restricted": false
        },
        "edited": {
            "user": "UKV4ZPEFQ",
            "ts": "1603931411.000000"
        },
        "attachments": [
            {
                "title": "Writing documentation for your team and end users | AIMMS Community",
                "title_link": "https:\/\/community.aimms.com\/aimms-developer-12\/writing-documentation-for-your-team-and-end-users-730",
                "text": "Why do we need docs?  You may be thinking – I’ve got a million things to do before I can deliver an app to my client, I don’t have time to write documentation!But consider a time you’ve downloaded a tool, or tried to connect with a component library, or even tried to put together a piece of furnitur...",
                "fallback": "Writing documentation for your team and end users | AIMMS Community",
                "from_url": "https:\/\/community.aimms.com\/aimms-developer-12\/writing-documentation-for-your-team-and-end-users-730",
                "service_icon": "https:\/\/uploads-eu-west-1.insided.com\/aimms-en\/attachment\/3848b967-1966-4cea-ba50-757aa4836f7b_thumb.png",
                "service_name": "community.aimms.com",
                "id": 2,
                "original_url": "https:\/\/community.aimms.com\/aimms-developer-12\/writing-documentation-for-your-team-and-end-users-730"
            }
        ],
        "blocks": [
            {
                "type": "rich_text",
                "block_id": "CV\/R7",
                "elements": [
                    {
                        "type": "rich_text_section",
                        "elements": [
                            {
                                "type": "text",
                                "text": "And after watching "
                            },
                            {
                                "type": "link",
                                "url": "https:\/\/www.youtube.com\/watch?v=Udy1-gzdcig&list=PLZAeFn6dfHpmRWZJaUwQzsdagW2TtRI2x&index=22",
                                "text": "How to be an Avante-Garde Guinea Pig"
                            },
                            {
                                "type": "text",
                                "text": " from Write the Docs conferences, I stumbled upon their template efforts "
                            },
                            {
                                "type": "link",
                                "url": "https:\/\/community.aimms.com\/aimms-developer-12\/writing-documentation-for-your-team-and-end-users-730"
                            }
                        ]
                    }
                ]
            }
        ]
    }
]