[
    {
        "client_msg_id": "c9b0597d-e67d-4add-b33b-2da31761a03a",
        "type": "message",
        "text": "has everyone seen the writeup of the new Github docs? <https:\/\/github.blog\/2020-10-14-how-we-open-sourced-docs-github-com\/>",
        "user": "UL2AA1FF1",
        "ts": "1603043399.000400",
        "team": "TKFJE6LDR",
        "user_team": "TKFJE6LDR",
        "source_team": "TKFJE6LDR",
        "user_profile": {
            "avatar_hash": "22135067b36d",
            "image_72": "https:\/\/avatars.slack-edge.com\/2019-10-23\/805254797908_22135067b36dfb715e99_72.jpg",
            "first_name": "",
            "real_name": "Erin McKean",
            "display_name": "Erin McKean",
            "team": "TKFJE6LDR",
            "name": "emckean",
            "is_restricted": false,
            "is_ultra_restricted": false
        },
        "attachments": [
            {
                "service_name": "The GitHub Blog",
                "title": "How we open sourced docs.github.com - The GitHub Blog",
                "title_link": "https:\/\/github.blog\/2020-10-14-how-we-open-sourced-docs-github-com\/",
                "text": "A lot of work went into figuring out how to sync a public and private docs repo.",
                "fallback": "The GitHub Blog: How we open sourced docs.github.com - The GitHub Blog",
                "image_url": "https:\/\/github.blog\/wp-content\/uploads\/2019\/03\/community-twitter.png?fit=1201%2C630",
                "image_width": 477,
                "image_height": 250,
                "ts": 1602694428,
                "from_url": "https:\/\/github.blog\/2020-10-14-how-we-open-sourced-docs-github-com\/",
                "image_bytes": 97003,
                "service_icon": "https:\/\/github.blog\/wp-content\/uploads\/2019\/01\/cropped-github-favicon-512.png?fit=180%2C180",
                "id": 1,
                "original_url": "https:\/\/github.blog\/2020-10-14-how-we-open-sourced-docs-github-com\/"
            }
        ],
        "blocks": [
            {
                "type": "rich_text",
                "block_id": "zSK",
                "elements": [
                    {
                        "type": "rich_text_section",
                        "elements": [
                            {
                                "type": "text",
                                "text": "has everyone seen the writeup of the new Github docs? "
                            },
                            {
                                "type": "link",
                                "url": "https:\/\/github.blog\/2020-10-14-how-we-open-sourced-docs-github-com\/"
                            }
                        ]
                    }
                ]
            }
        ]
    },
    {
        "client_msg_id": "06259e38-504e-4392-a0db-43a3c7174d47",
        "type": "message",
        "text": "Yes! This could be a really cool experiment. I'll be really interested to hear their perspectives on it over time too.",
        "user": "U012KCMPP0V",
        "ts": "1603057391.001300",
        "team": "TKFJE6LDR",
        "user_team": "TKFJE6LDR",
        "source_team": "TKFJE6LDR",
        "user_profile": {
            "avatar_hash": "b26729f0b5f2",
            "image_72": "https:\/\/avatars.slack-edge.com\/2020-04-27\/1089031639347_b26729f0b5f2375494a1_72.png",
            "first_name": "Alyssa",
            "real_name": "Alyssa",
            "display_name": "Alyssa",
            "team": "TKFJE6LDR",
            "name": "alyssa.rock.biz",
            "is_restricted": false,
            "is_ultra_restricted": false
        },
        "blocks": [
            {
                "type": "rich_text",
                "block_id": "9d8gL",
                "elements": [
                    {
                        "type": "rich_text_section",
                        "elements": [
                            {
                                "type": "text",
                                "text": "Yes! This could be a really cool experiment. I'll be really interested to hear their perspectives on it over time too."
                            }
                        ]
                    }
                ]
            }
        ]
    }
]