[
    {
        "type": "message",
        "subtype": "channel_join",
        "ts": "1601504837.000200",
        "user": "UKV4ZPEFQ",
        "text": "<@UKV4ZPEFQ> has joined the channel"
    },
    {
        "client_msg_id": "069842ec-7b77-42a8-b886-7f89885e91cb",
        "type": "message",
        "text": "Created this channel for a place for folks to share links to any useful resources they come across for The Good Docs Project.\nIf a resource is deemed to be particularly relevant, we'll capture it for posterity in our wiki.",
        "user": "UKV4ZPEFQ",
        "ts": "1601505053.002600",
        "team": "TKFJE6LDR",
        "user_team": "TKFJE6LDR",
        "source_team": "TKFJE6LDR",
        "user_profile": {
            "avatar_hash": "g854c628ef64",
            "image_72": "https:\/\/secure.gravatar.com\/avatar\/6854c628ef64a4c129a994522e17cdf2.jpg?s=72&d=https%3A%2F%2Fa.slack-edge.com%2Fdf10d%2Fimg%2Favatars%2Fava_0007-72.png",
            "first_name": "felicitybrand",
            "real_name": "felicitybrand",
            "display_name": "flicstar",
            "team": "TKFJE6LDR",
            "name": "felicitybrand",
            "is_restricted": false,
            "is_ultra_restricted": false
        },
        "blocks": [
            {
                "type": "rich_text",
                "block_id": "aVKYk",
                "elements": [
                    {
                        "type": "rich_text_section",
                        "elements": [
                            {
                                "type": "text",
                                "text": "Created this channel for a place for folks to share links to any useful resources they come across for The Good Docs Project.\nIf a resource is deemed to be particularly relevant, we'll capture it for posterity in our wiki."
                            }
                        ]
                    }
                ]
            }
        ]
    },
    {
        "client_msg_id": "bfd9866d-bc93-414c-a7e1-8c3aa921cc56",
        "type": "message",
        "text": "<https:\/\/thegooddocs.slack.com\/archives\/CQT6T04CW\/p1600796008016900>",
        "user": "UKV4ZPEFQ",
        "ts": "1601505115.002800",
        "team": "TKFJE6LDR",
        "user_team": "TKFJE6LDR",
        "source_team": "TKFJE6LDR",
        "user_profile": {
            "avatar_hash": "g854c628ef64",
            "image_72": "https:\/\/secure.gravatar.com\/avatar\/6854c628ef64a4c129a994522e17cdf2.jpg?s=72&d=https%3A%2F%2Fa.slack-edge.com%2Fdf10d%2Fimg%2Favatars%2Fava_0007-72.png",
            "first_name": "felicitybrand",
            "real_name": "felicitybrand",
            "display_name": "flicstar",
            "team": "TKFJE6LDR",
            "name": "felicitybrand",
            "is_restricted": false,
            "is_ultra_restricted": false
        },
        "attachments": [
            {
                "from_url": "https:\/\/thegooddocs.slack.com\/archives\/CQT6T04CW\/p1600796008016900",
                "fallback": "[September 22nd, 2020 10:33 AM] emckean: WOW: <https:\/\/www.zotero.org\/groups\/2310183\/foss_governance\/library>",
                "ts": "1600796008.016900",
                "author_id": "UL2AA1FF1",
                "author_subname": "Erin McKean",
                "channel_id": "CQT6T04CW",
                "channel_name": "general",
                "is_msg_unfurl": true,
                "text": "WOW: <https:\/\/www.zotero.org\/groups\/2310183\/foss_governance\/library>",
                "author_name": "Erin McKean",
                "author_link": "https:\/\/thegooddocs.slack.com\/team\/UL2AA1FF1",
                "author_icon": "https:\/\/avatars.slack-edge.com\/2019-10-23\/805254797908_22135067b36dfb715e99_48.jpg",
                "mrkdwn_in": [
                    "text"
                ],
                "id": 1,
                "original_url": "https:\/\/thegooddocs.slack.com\/archives\/CQT6T04CW\/p1600796008016900",
                "footer": "Posted in #general"
            }
        ],
        "blocks": [
            {
                "type": "rich_text",
                "block_id": "3Lp",
                "elements": [
                    {
                        "type": "rich_text_section",
                        "elements": [
                            {
                                "type": "link",
                                "url": "https:\/\/thegooddocs.slack.com\/archives\/CQT6T04CW\/p1600796008016900"
                            }
                        ]
                    }
                ]
            }
        ]
    },
    {
        "client_msg_id": "97347101-9711-4546-b49a-8c3fcebd7a38",
        "type": "message",
        "text": "<https:\/\/thegooddocs.slack.com\/archives\/CQT6T04CW\/p1600708030010500>",
        "user": "UKV4ZPEFQ",
        "ts": "1601505132.003100",
        "team": "TKFJE6LDR",
        "user_team": "TKFJE6LDR",
        "source_team": "TKFJE6LDR",
        "user_profile": {
            "avatar_hash": "g854c628ef64",
            "image_72": "https:\/\/secure.gravatar.com\/avatar\/6854c628ef64a4c129a994522e17cdf2.jpg?s=72&d=https%3A%2F%2Fa.slack-edge.com%2Fdf10d%2Fimg%2Favatars%2Fava_0007-72.png",
            "first_name": "felicitybrand",
            "real_name": "felicitybrand",
            "display_name": "flicstar",
            "team": "TKFJE6LDR",
            "name": "felicitybrand",
            "is_restricted": false,
            "is_ultra_restricted": false
        },
        "attachments": [
            {
                "from_url": "https:\/\/thegooddocs.slack.com\/archives\/CQT6T04CW\/p1600708030010500",
                "fallback": "[September 21st, 2020 10:07 AM] emckean: this idea is great: <https:\/\/conventionalcomments.org\/>",
                "ts": "1600708030.010500",
                "author_id": "UL2AA1FF1",
                "author_subname": "Erin McKean",
                "channel_id": "CQT6T04CW",
                "channel_name": "general",
                "is_msg_unfurl": true,
                "is_thread_root_unfurl": true,
                "text": "this idea is great: <https:\/\/conventionalcomments.org\/>",
                "author_name": "Erin McKean",
                "author_link": "https:\/\/thegooddocs.slack.com\/team\/UL2AA1FF1",
                "author_icon": "https:\/\/avatars.slack-edge.com\/2019-10-23\/805254797908_22135067b36dfb715e99_48.jpg",
                "mrkdwn_in": [
                    "text"
                ],
                "id": 1,
                "original_url": "https:\/\/thegooddocs.slack.com\/archives\/CQT6T04CW\/p1600708030010500",
                "footer": "Thread in #general"
            }
        ],
        "blocks": [
            {
                "type": "rich_text",
                "block_id": "LPR",
                "elements": [
                    {
                        "type": "rich_text_section",
                        "elements": [
                            {
                                "type": "link",
                                "url": "https:\/\/thegooddocs.slack.com\/archives\/CQT6T04CW\/p1600708030010500"
                            }
                        ]
                    }
                ]
            }
        ]
    },
    {
        "client_msg_id": "c9d0f958-9086-4078-9659-9353c0f1e2d8",
        "type": "message",
        "text": "<https:\/\/thegooddocs.slack.com\/archives\/CQT6T04CW\/p1599852213043900>",
        "user": "UKV4ZPEFQ",
        "ts": "1601505155.003400",
        "team": "TKFJE6LDR",
        "user_team": "TKFJE6LDR",
        "source_team": "TKFJE6LDR",
        "user_profile": {
            "avatar_hash": "g854c628ef64",
            "image_72": "https:\/\/secure.gravatar.com\/avatar\/6854c628ef64a4c129a994522e17cdf2.jpg?s=72&d=https%3A%2F%2Fa.slack-edge.com%2Fdf10d%2Fimg%2Favatars%2Fava_0007-72.png",
            "first_name": "felicitybrand",
            "real_name": "felicitybrand",
            "display_name": "flicstar",
            "team": "TKFJE6LDR",
            "name": "felicitybrand",
            "is_restricted": false,
            "is_ultra_restricted": false
        },
        "attachments": [
            {
                "service_name": "about:community",
                "title": "Weaving Safety into the Fabric of Open Source Collaboration – about:community",
                "title_link": "https:\/\/blog.mozilla.org\/community\/2020\/09\/10\/weaving-safety-into-the-fabric-of-open-source\/",
                "text": "At Mozilla, with over 400 staff in community-facing roles, and thousands of volunteer contributors across multiple projects: we believe that everyone deserves the right to work, contribute and convene with ...",
                "fallback": "about:community: Weaving Safety into the Fabric of Open Source Collaboration – about:community",
                "image_url": "https:\/\/blog.mozilla.org\/community\/files\/2020\/09\/matthew-waring-MJAoiige14E-unsplash-1400x770.jpg",
                "from_url": "https:\/\/blog.mozilla.org\/community\/2020\/09\/10\/weaving-safety-into-the-fabric-of-open-source\/",
                "image_width": 455,
                "image_height": 250,
                "image_bytes": 104044,
                "service_icon": "https:\/\/ffp4g1ylyit3jdyti1hqcvtb-wpengine.netdna-ssl.com\/community\/wp-content\/themes\/frontierline\/img\/favicon.png",
                "id": 1,
                "original_url": "https:\/\/thegooddocs.slack.com\/archives\/CQT6T04CW\/p1599852213043900"
            }
        ],
        "blocks": [
            {
                "type": "rich_text",
                "block_id": "2KY",
                "elements": [
                    {
                        "type": "rich_text_section",
                        "elements": [
                            {
                                "type": "link",
                                "url": "https:\/\/thegooddocs.slack.com\/archives\/CQT6T04CW\/p1599852213043900"
                            }
                        ]
                    }
                ]
            }
        ]
    },
    {
        "client_msg_id": "1ebbb285-5f95-459b-b71c-80d613c7211f",
        "type": "message",
        "text": "<https:\/\/thegooddocs.slack.com\/archives\/CQT6T04CW\/p1601412189006400>",
        "user": "UKV4ZPEFQ",
        "ts": "1601505193.003700",
        "team": "TKFJE6LDR",
        "user_team": "TKFJE6LDR",
        "source_team": "TKFJE6LDR",
        "user_profile": {
            "avatar_hash": "g854c628ef64",
            "image_72": "https:\/\/secure.gravatar.com\/avatar\/6854c628ef64a4c129a994522e17cdf2.jpg?s=72&d=https%3A%2F%2Fa.slack-edge.com%2Fdf10d%2Fimg%2Favatars%2Fava_0007-72.png",
            "first_name": "felicitybrand",
            "real_name": "felicitybrand",
            "display_name": "flicstar",
            "team": "TKFJE6LDR",
            "name": "felicitybrand",
            "is_restricted": false,
            "is_ultra_restricted": false
        },
        "attachments": [
            {
                "from_url": "https:\/\/thegooddocs.slack.com\/archives\/CQT6T04CW\/p1601412189006400",
                "fallback": "[September 29th, 2020 1:43 PM] felicitybrand: Some light reading: <https:\/\/dl.acm.org\/doi\/abs\/10.1145\/3359224>\nI haven't read it yet. This is a research paper with the title \"The Signals that Potential Contributors Look for When Choosing Open-source Projects.\"",
                "ts": "1601412189.006400",
                "author_id": "UKV4ZPEFQ",
                "author_subname": "felicitybrand",
                "channel_id": "CQT6T04CW",
                "channel_name": "general",
                "is_msg_unfurl": true,
                "text": "Some light reading: <https:\/\/dl.acm.org\/doi\/abs\/10.1145\/3359224>\nI haven't read it yet. This is a research paper with the title \"The Signals that Potential Contributors Look for When Choosing Open-source Projects.\"",
                "author_name": "felicitybrand",
                "author_link": "https:\/\/thegooddocs.slack.com\/team\/UKV4ZPEFQ",
                "author_icon": "https:\/\/secure.gravatar.com\/avatar\/6854c628ef64a4c129a994522e17cdf2.jpg?s=48&d=https%3A%2F%2Fa.slack-edge.com%2Fdf10d%2Fimg%2Favatars%2Fava_0007-48.png",
                "mrkdwn_in": [
                    "text"
                ],
                "id": 1,
                "original_url": "https:\/\/thegooddocs.slack.com\/archives\/CQT6T04CW\/p1601412189006400",
                "footer": "Posted in #general"
            }
        ],
        "blocks": [
            {
                "type": "rich_text",
                "block_id": "G=mS",
                "elements": [
                    {
                        "type": "rich_text_section",
                        "elements": [
                            {
                                "type": "link",
                                "url": "https:\/\/thegooddocs.slack.com\/archives\/CQT6T04CW\/p1601412189006400"
                            }
                        ]
                    }
                ]
            }
        ]
    },
    {
        "client_msg_id": "4daffadd-0ab2-47d8-94e9-efd0a03b60eb",
        "type": "message",
        "text": "I can recommend this <https:\/\/www.perell.com\/podcast\/nadia-eghbal-open-source-software|podcast episode> with author Nadia Eghbal which I listened to because I was contemplating buying her new book \"Working in Public: The Making and Maintenance of Open Source Software\" - which I have now done!",
        "user": "UKV4ZPEFQ",
        "ts": "1601505326.004200",
        "team": "TKFJE6LDR",
        "user_team": "TKFJE6LDR",
        "source_team": "TKFJE6LDR",
        "user_profile": {
            "avatar_hash": "g854c628ef64",
            "image_72": "https:\/\/secure.gravatar.com\/avatar\/6854c628ef64a4c129a994522e17cdf2.jpg?s=72&d=https%3A%2F%2Fa.slack-edge.com%2Fdf10d%2Fimg%2Favatars%2Fava_0007-72.png",
            "first_name": "felicitybrand",
            "real_name": "felicitybrand",
            "display_name": "flicstar",
            "team": "TKFJE6LDR",
            "name": "felicitybrand",
            "is_restricted": false,
            "is_ultra_restricted": false
        },
        "edited": {
            "user": "UKV4ZPEFQ",
            "ts": "1601505440.000000"
        },
        "blocks": [
            {
                "type": "rich_text",
                "block_id": "uNy",
                "elements": [
                    {
                        "type": "rich_text_section",
                        "elements": [
                            {
                                "type": "text",
                                "text": "I can recommend this "
                            },
                            {
                                "type": "link",
                                "url": "https:\/\/www.perell.com\/podcast\/nadia-eghbal-open-source-software",
                                "text": "podcast episode"
                            },
                            {
                                "type": "text",
                                "text": " with author Nadia Eghbal which I listened to because I was contemplating buying her new book \"Working in Public: The Making and Maintenance of Open Source Software\" - which I have now done!"
                            }
                        ]
                    }
                ]
            }
        ],
        "thread_ts": "1601505326.004200",
        "reply_count": 3,
        "reply_users_count": 2,
        "latest_reply": "1601539470.009800",
        "reply_users": [
            "U01AYHSAAMV",
            "UKV4ZPEFQ"
        ],
        "replies": [
            {
                "user": "U01AYHSAAMV",
                "ts": "1601538699.008100"
            },
            {
                "user": "UKV4ZPEFQ",
                "ts": "1601538947.009600"
            },
            {
                "user": "U01AYHSAAMV",
                "ts": "1601539470.009800"
            }
        ],
        "subscribed": true,
        "last_read": "1601539470.009800"
    },
    {
        "client_msg_id": "bd72ff21-86f7-4cac-9341-454b1b9b433f",
        "type": "message",
        "text": "<https:\/\/www.goodreads.com\/book\/show\/54140556-working-in-public>",
        "user": "UKV4ZPEFQ",
        "ts": "1601505409.005000",
        "team": "TKFJE6LDR",
        "user_team": "TKFJE6LDR",
        "source_team": "TKFJE6LDR",
        "user_profile": {
            "avatar_hash": "g854c628ef64",
            "image_72": "https:\/\/secure.gravatar.com\/avatar\/6854c628ef64a4c129a994522e17cdf2.jpg?s=72&d=https%3A%2F%2Fa.slack-edge.com%2Fdf10d%2Fimg%2Favatars%2Fava_0007-72.png",
            "first_name": "felicitybrand",
            "real_name": "felicitybrand",
            "display_name": "flicstar",
            "team": "TKFJE6LDR",
            "name": "felicitybrand",
            "is_restricted": false,
            "is_ultra_restricted": false
        },
        "attachments": [
            {
                "title": "Working in Public",
                "title_link": "https:\/\/www.goodreads.com\/book\/show\/54140556-working-in-public",
                "text": "An inside look at modern open source software developers--and their applications to, and influence on, our online social world. \"Nadia i...",
                "fallback": "Working in Public",
                "thumb_url": "https:\/\/i.gr-assets.com\/images\/S\/compressed.photo.goodreads.com\/books\/1592447742i\/54140556._SR1200,630_.jpg",
                "from_url": "https:\/\/www.goodreads.com\/book\/show\/54140556-working-in-public",
                "thumb_width": 1200,
                "thumb_height": 630,
                "service_icon": "https:\/\/www.goodreads.com\/favicon.ico",
                "service_name": "goodreads.com",
                "id": 1,
                "original_url": "https:\/\/www.goodreads.com\/book\/show\/54140556-working-in-public"
            }
        ],
        "blocks": [
            {
                "type": "rich_text",
                "block_id": "sW\/",
                "elements": [
                    {
                        "type": "rich_text_section",
                        "elements": [
                            {
                                "type": "link",
                                "url": "https:\/\/www.goodreads.com\/book\/show\/54140556-working-in-public"
                            }
                        ]
                    }
                ]
            }
        ]
    },
    {
        "type": "message",
        "subtype": "channel_join",
        "ts": "1601505472.005400",
        "user": "UL2AA1FF1",
        "text": "<@UL2AA1FF1> has joined the channel",
        "inviter": "UKV4ZPEFQ"
    },
    {
        "type": "message",
        "subtype": "channel_join",
        "ts": "1601505522.005600",
        "user": "UKTGLQNGG",
        "text": "<@UKTGLQNGG> has joined the channel",
        "inviter": "UKV4ZPEFQ"
    },
    {
        "type": "message",
        "subtype": "channel_join",
        "ts": "1601505523.005800",
        "user": "U012KCMPP0V",
        "text": "<@U012KCMPP0V> has joined the channel",
        "inviter": "UKV4ZPEFQ"
    },
    {
        "type": "message",
        "subtype": "channel_join",
        "ts": "1601505523.006000",
        "user": "UQ553K7DY",
        "text": "<@UQ553K7DY> has joined the channel",
        "inviter": "UKV4ZPEFQ"
    },
    {
        "type": "message",
        "subtype": "channel_join",
        "ts": "1601505523.006200",
        "user": "UKVC4NB71",
        "text": "<@UKVC4NB71> has joined the channel",
        "inviter": "UKV4ZPEFQ"
    },
    {
        "client_msg_id": "2d07473f-edc7-497f-b702-85f26a8739ba",
        "type": "message",
        "text": "Thanks for creating this channel! It will be fun!",
        "user": "U012KCMPP0V",
        "ts": "1601505546.006500",
        "team": "TKFJE6LDR",
        "user_team": "TKFJE6LDR",
        "source_team": "TKFJE6LDR",
        "user_profile": {
            "avatar_hash": "b26729f0b5f2",
            "image_72": "https:\/\/avatars.slack-edge.com\/2020-04-27\/1089031639347_b26729f0b5f2375494a1_72.png",
            "first_name": "Alyssa",
            "real_name": "Alyssa",
            "display_name": "Alyssa",
            "team": "TKFJE6LDR",
            "name": "alyssa.rock.biz",
            "is_restricted": false,
            "is_ultra_restricted": false
        },
        "blocks": [
            {
                "type": "rich_text",
                "block_id": "OLBa+",
                "elements": [
                    {
                        "type": "rich_text_section",
                        "elements": [
                            {
                                "type": "text",
                                "text": "Thanks for creating this channel! It will be fun!"
                            }
                        ]
                    }
                ]
            }
        ]
    },
    {
        "client_msg_id": "c0d600d9-4627-49ee-b117-33687129d322",
        "type": "message",
        "text": "I went a little way back through <#CQT6T04CW|general> and pasted some links here from there. <@UL2AA1FF1> finds a lot of good stuff in her daily travels.",
        "user": "UKV4ZPEFQ",
        "ts": "1601505674.007300",
        "team": "TKFJE6LDR",
        "user_team": "TKFJE6LDR",
        "source_team": "TKFJE6LDR",
        "user_profile": {
            "avatar_hash": "g854c628ef64",
            "image_72": "https:\/\/secure.gravatar.com\/avatar\/6854c628ef64a4c129a994522e17cdf2.jpg?s=72&d=https%3A%2F%2Fa.slack-edge.com%2Fdf10d%2Fimg%2Favatars%2Fava_0007-72.png",
            "first_name": "felicitybrand",
            "real_name": "felicitybrand",
            "display_name": "flicstar",
            "team": "TKFJE6LDR",
            "name": "felicitybrand",
            "is_restricted": false,
            "is_ultra_restricted": false
        },
        "blocks": [
            {
                "type": "rich_text",
                "block_id": "6g5l",
                "elements": [
                    {
                        "type": "rich_text_section",
                        "elements": [
                            {
                                "type": "text",
                                "text": "I went a little way back through "
                            },
                            {
                                "type": "channel",
                                "channel_id": "CQT6T04CW"
                            },
                            {
                                "type": "text",
                                "text": " and pasted some links here from there. "
                            },
                            {
                                "type": "user",
                                "user_id": "UL2AA1FF1"
                            },
                            {
                                "type": "text",
                                "text": " finds a lot of good stuff in her daily travels."
                            }
                        ]
                    }
                ]
            }
        ],
        "reactions": [
            {
                "name": "thankyou",
                "users": [
                    "UL2AA1FF1"
                ],
                "count": 1
            }
        ]
    },
    {
        "type": "message",
        "subtype": "channel_join",
        "ts": "1601506738.007500",
        "user": "U019868JEQ0",
        "text": "<@U019868JEQ0> has joined the channel"
    },
    {
        "type": "message",
        "subtype": "channel_join",
        "ts": "1601516152.007800",
        "user": "U018GVAH3FX",
        "text": "<@U018GVAH3FX> has joined the channel"
    }
]