[
    {
        "type": "message",
        "subtype": "channel_join",
        "ts": "1601538437.008000",
        "user": "U01AYHSAAMV",
        "text": "<@U01AYHSAAMV> has joined the channel"
    },
    {
        "client_msg_id": "656b61c2-c8a3-4833-8967-12ab99d8a3cd",
        "type": "message",
        "text": "I just finished reading the book. It's really interesting and I'd recommend it to anyone who is contributing to or maintaining open source.",
        "user": "U01AYHSAAMV",
        "ts": "1601538699.008100",
        "team": "TKFJE6LDR",
        "user_team": "TKFJE6LDR",
        "source_team": "TKFJE6LDR",
        "user_profile": {
            "avatar_hash": "512a5d55f0e8",
            "image_72": "https:\/\/avatars.slack-edge.com\/2020-10-01\/1405879571988_512a5d55f0e89a4a5c28_72.jpg",
            "first_name": "Ian",
            "real_name": "Ian",
            "display_name": "Ian",
            "team": "TKFJE6LDR",
            "name": "icowley621",
            "is_restricted": false,
            "is_ultra_restricted": false
        },
        "blocks": [
            {
                "type": "rich_text",
                "block_id": "heH",
                "elements": [
                    {
                        "type": "rich_text_section",
                        "elements": [
                            {
                                "type": "text",
                                "text": "I just finished reading the book. It's really interesting and I'd recommend it to anyone who is contributing to or maintaining open source."
                            }
                        ]
                    }
                ]
            }
        ],
        "thread_ts": "1601505326.004200",
        "parent_user_id": "UKV4ZPEFQ"
    },
    {
        "client_msg_id": "A842E031-C925-44D6-B964-B573E01B5365",
        "type": "message",
        "text": "Cool! I have to wait for the book to ship to from the US. Might take a while with our covid restrictions here in Melbourne :white_frowning_face:",
        "user": "UKV4ZPEFQ",
        "ts": "1601538947.009600",
        "team": "TKFJE6LDR",
        "user_team": "TKFJE6LDR",
        "source_team": "TKFJE6LDR",
        "user_profile": {
            "avatar_hash": "g854c628ef64",
            "image_72": "https:\/\/secure.gravatar.com\/avatar\/6854c628ef64a4c129a994522e17cdf2.jpg?s=72&d=https%3A%2F%2Fa.slack-edge.com%2Fdf10d%2Fimg%2Favatars%2Fava_0007-72.png",
            "first_name": "felicitybrand",
            "real_name": "felicitybrand",
            "display_name": "flicstar",
            "team": "TKFJE6LDR",
            "name": "felicitybrand",
            "is_restricted": false,
            "is_ultra_restricted": false
        },
        "blocks": [
            {
                "type": "rich_text",
                "block_id": "bSmn",
                "elements": [
                    {
                        "type": "rich_text_section",
                        "elements": [
                            {
                                "type": "text",
                                "text": "Cool! I have to wait for the book to ship to from the US. Might take a while with our covid restrictions here in Melbourne "
                            },
                            {
                                "type": "emoji",
                                "name": "white_frowning_face"
                            }
                        ]
                    }
                ]
            }
        ],
        "thread_ts": "1601505326.004200",
        "parent_user_id": "UKV4ZPEFQ"
    },
    {
        "client_msg_id": "5d0999d1-f1b4-4a91-b451-9228b6ca37c1",
        "type": "message",
        "text": "I ordered from the US too and it didn't take too long to ship to Europe. Happy reading when it gets there!",
        "user": "U01AYHSAAMV",
        "ts": "1601539470.009800",
        "team": "TKFJE6LDR",
        "user_team": "TKFJE6LDR",
        "source_team": "TKFJE6LDR",
        "user_profile": {
            "avatar_hash": "512a5d55f0e8",
            "image_72": "https:\/\/avatars.slack-edge.com\/2020-10-01\/1405879571988_512a5d55f0e89a4a5c28_72.jpg",
            "first_name": "Ian",
            "real_name": "Ian",
            "display_name": "Ian",
            "team": "TKFJE6LDR",
            "name": "icowley621",
            "is_restricted": false,
            "is_ultra_restricted": false
        },
        "blocks": [
            {
                "type": "rich_text",
                "block_id": "tkA",
                "elements": [
                    {
                        "type": "rich_text_section",
                        "elements": [
                            {
                                "type": "text",
                                "text": "I ordered from the US too and it didn't take too long to ship to Europe. Happy reading when it gets there!"
                            }
                        ]
                    }
                ]
            }
        ],
        "thread_ts": "1601505326.004200",
        "parent_user_id": "UKV4ZPEFQ"
    },
    {
        "type": "message",
        "subtype": "channel_join",
        "ts": "1601560386.010100",
        "user": "U013XPC8Q9Z",
        "text": "<@U013XPC8Q9Z> has joined the channel"
    }
]