[
    {
        "client_msg_id": "b0f51839-f663-4000-b7b1-be8b10154381",
        "type": "message",
        "text": "<@U019252DK0F> When you mentioned \"synthesizing multiple definitions\", did you mean building a \"dictionary\" which contains concepts with relationships, where each concept can be referred with an IRI, and that each concept in this dictionary links to the source of the definition? Sorry maybe I'm misunderstanding? :sweat_smile:",
        "user": "U01A1CBD0CC",
        "ts": "1599117306.113800",
        "team": "TKFJE6LDR",
        "user_team": "TKFJE6LDR",
        "source_team": "TKFJE6LDR",
        "user_profile": {
            "avatar_hash": "gd11b0590c62",
            "image_72": "https:\/\/secure.gravatar.com\/avatar\/d11b0590c62fd7eac8ff41b3cadd7b26.jpg?s=72&d=https%3A%2F%2Fa.slack-edge.com%2Fdf10d%2Fimg%2Favatars%2Fava_0025-72.png",
            "first_name": "",
            "real_name": "Ronald Tse",
            "display_name": "Ronald Tse",
            "team": "TKFJE6LDR",
            "name": "tse",
            "is_restricted": false,
            "is_ultra_restricted": false
        },
        "blocks": [
            {
                "type": "rich_text",
                "block_id": "e3=n",
                "elements": [
                    {
                        "type": "rich_text_section",
                        "elements": [
                            {
                                "type": "user",
                                "user_id": "U019252DK0F"
                            },
                            {
                                "type": "text",
                                "text": " When you mentioned \"synthesizing multiple definitions\", did you mean building a \"dictionary\" which contains concepts with relationships, where each concept can be referred with an IRI, and that each concept in this dictionary links to the source of the definition? Sorry maybe I'm misunderstanding? "
                            },
                            {
                                "type": "emoji",
                                "name": "sweat_smile"
                            }
                        ]
                    }
                ]
            }
        ]
    },
    {
        "client_msg_id": "1aeeb1b0-3210-40a0-8db4-7b32e8a8565f",
        "type": "message",
        "text": "<@U01A1CBD0CC> thanks for your explanation.  I don't have a stake in which tools are used.  My comments and questions yesterday were my trying to understand geolexica and glossarist, w.r.t. the perceived scope of this project.  When I was searching yesterday, I hit this page <https:\/\/isotc211.geolexica.org\/> but in my haste completely missed the search box.  I then was digging around in the github repos.  I went back, noticed the search, and now see what <@U019YA7SD0U> was referring to yesterday.   After a few searches, the terms returned on the geolexica page is essentially what I was envisioning for this group.  Unfortunately, I have only recently been made aware of this resource.  In hindsight, my comments seem silly.  :)",
        "user": "U019252DK0F",
        "ts": "1599170599.119200",
        "team": "TKFJE6LDR",
        "user_team": "TKFJE6LDR",
        "source_team": "TKFJE6LDR",
        "user_profile": {
            "avatar_hash": "33a3d3a9190d",
            "image_72": "https:\/\/avatars.slack-edge.com\/2020-09-09\/1347808982341_33a3d3a9190d60e700de_72.jpg",
            "first_name": "brandon",
            "real_name": "brandon whitehead",
            "display_name": "brandon",
            "team": "TKFJE6LDR",
            "name": "brandonnodnarb",
            "is_restricted": false,
            "is_ultra_restricted": false
        },
        "attachments": [
            {
                "title": "Index — The authoritative geographic information terminology database",
                "title_link": "https:\/\/isotc211.geolexica.org\/",
                "text": "The authoritative glossary for geographic information technology from ISO\/TC 211.",
                "fallback": "Index — The authoritative geographic information terminology database",
                "from_url": "https:\/\/isotc211.geolexica.org\/",
                "service_icon": "https:\/\/isotc211.geolexica.org\/favicon.ico",
                "service_name": "isotc211.geolexica.org",
                "id": 1,
                "original_url": "https:\/\/isotc211.geolexica.org\/"
            }
        ],
        "blocks": [
            {
                "type": "rich_text",
                "block_id": "YC9",
                "elements": [
                    {
                        "type": "rich_text_section",
                        "elements": [
                            {
                                "type": "user",
                                "user_id": "U01A1CBD0CC"
                            },
                            {
                                "type": "text",
                                "text": " thanks for your explanation.  I don't have a stake in which tools are used.  My comments and questions yesterday were my trying to understand geolexica and glossarist, w.r.t. the perceived scope of this project.  When I was searching yesterday, I hit this page "
                            },
                            {
                                "type": "link",
                                "url": "https:\/\/isotc211.geolexica.org\/"
                            },
                            {
                                "type": "text",
                                "text": " but in my haste completely missed the search box.  I then was digging around in the github repos.  I went back, noticed the search, and now see what "
                            },
                            {
                                "type": "user",
                                "user_id": "U019YA7SD0U"
                            },
                            {
                                "type": "text",
                                "text": " was referring to yesterday.   After a few searches, the terms returned on the geolexica page is essentially what I was envisioning for this group.  Unfortunately, I have only recently been made aware of this resource.  In hindsight, my comments seem silly.  :)"
                            }
                        ]
                    }
                ]
            }
        ],
        "thread_ts": "1599170599.119200",
        "reply_count": 2,
        "reply_users_count": 2,
        "latest_reply": "1599233216.128500",
        "reply_users": [
            "U019YA7SD0U",
            "U01A1CBD0CC"
        ],
        "replies": [
            {
                "user": "U019YA7SD0U",
                "ts": "1599171708.120500"
            },
            {
                "user": "U01A1CBD0CC",
                "ts": "1599233216.128500"
            }
        ],
        "subscribed": false
    },
    {
        "client_msg_id": "872fb6e4-0d31-457a-b777-346a27836796",
        "type": "message",
        "text": "I'll need to revisit the gdocs now that I have seen the geolexica resource.",
        "user": "U019252DK0F",
        "ts": "1599170717.120400",
        "team": "TKFJE6LDR",
        "user_team": "TKFJE6LDR",
        "source_team": "TKFJE6LDR",
        "user_profile": {
            "avatar_hash": "33a3d3a9190d",
            "image_72": "https:\/\/avatars.slack-edge.com\/2020-09-09\/1347808982341_33a3d3a9190d60e700de_72.jpg",
            "first_name": "brandon",
            "real_name": "brandon whitehead",
            "display_name": "brandon",
            "team": "TKFJE6LDR",
            "name": "brandonnodnarb",
            "is_restricted": false,
            "is_ultra_restricted": false
        },
        "blocks": [
            {
                "type": "rich_text",
                "block_id": "qF=",
                "elements": [
                    {
                        "type": "rich_text_section",
                        "elements": [
                            {
                                "type": "text",
                                "text": "I'll need to revisit the gdocs now that I have seen the geolexica resource."
                            }
                        ]
                    }
                ]
            }
        ]
    },
    {
        "client_msg_id": "cd6732b8-7be3-4d46-86f1-61a3a8e5d0ec",
        "type": "message",
        "text": "hi <@U019252DK0F> glad you found the geolexica site. we are happy to clarify any questions you may have. none of your discussions or comments are silly, this is a learning process - everything helps in understanding some way or another.  if you want to get geolexica up and running in your own github repo, please reach out to <@U01A1CBD0CC>.",
        "user": "U019YA7SD0U",
        "ts": "1599171708.120500",
        "team": "TKFJE6LDR",
        "user_team": "TKFJE6LDR",
        "source_team": "TKFJE6LDR",
        "user_profile": {
            "avatar_hash": "gd927840085e",
            "image_72": "https:\/\/secure.gravatar.com\/avatar\/d927840085e81f89fb210807b02ee5bc.jpg?s=72&d=https%3A%2F%2Fa.slack-edge.com%2Fdf10d%2Fimg%2Favatars%2Fava_0007-72.png",
            "first_name": "Reese",
            "real_name": "Reese Plews",
            "display_name": "Reese Plews (TC211 TMG)",
            "team": "TKFJE6LDR",
            "name": "rplews",
            "is_restricted": false,
            "is_ultra_restricted": false
        },
        "blocks": [
            {
                "type": "rich_text",
                "block_id": "h4fZx",
                "elements": [
                    {
                        "type": "rich_text_section",
                        "elements": [
                            {
                                "type": "text",
                                "text": "hi "
                            },
                            {
                                "type": "user",
                                "user_id": "U019252DK0F"
                            },
                            {
                                "type": "text",
                                "text": " glad you found the geolexica site. we are happy to clarify any questions you may have. none of your discussions or comments are silly, this is a learning process - everything helps in understanding some way or another.  if you want to get geolexica up and running in your own github repo, please reach out to "
                            },
                            {
                                "type": "user",
                                "user_id": "U01A1CBD0CC"
                            },
                            {
                                "type": "text",
                                "text": "."
                            }
                        ]
                    }
                ]
            }
        ],
        "thread_ts": "1599170599.119200",
        "parent_user_id": "U019252DK0F"
    },
    {
        "client_msg_id": "869ad049-0b62-46d7-b6d3-024b17c87247",
        "type": "message",
        "text": "hi brandon  - joining this thread late, but your concerns seem closer to the OGC ones - we are seeking interoperability across terminology of different types.  Interoperability works at different levels, including best practices for terminology description content, style and metadata.  To date I've been focused on interoperability in Linked Data contexts - making SKOS work at finer grain than downloadable files, but also avoiding disassociating terminology from the interoperability resources they derive from, or are needed to describe - particularly data models and standards.  Perhaps we need a separate channel here focussed on interoperability and federation use cases?",
        "user": "U019E2F5R55",
        "ts": "1599178187.126000",
        "team": "TKFJE6LDR",
        "user_team": "TKFJE6LDR",
        "source_team": "TKFJE6LDR",
        "user_profile": {
            "avatar_hash": "bed541050c6a",
            "image_72": "https:\/\/avatars.slack-edge.com\/2020-08-31\/1334826334434_bed541050c6aee8f3d7e_72.png",
            "first_name": "",
            "real_name": "Rob Atkinson",
            "display_name": "Rob Atkinson",
            "team": "TKFJE6LDR",
            "name": "ratkinson",
            "is_restricted": false,
            "is_ultra_restricted": false
        },
        "blocks": [
            {
                "type": "rich_text",
                "block_id": "2eLh",
                "elements": [
                    {
                        "type": "rich_text_section",
                        "elements": [
                            {
                                "type": "text",
                                "text": "hi brandon  - joining this thread late, but your concerns seem closer to the OGC ones - we are seeking interoperability across terminology of different types.  Interoperability works at different levels, including best practices for terminology description content, style and metadata.  To date I've been focused on interoperability in Linked Data contexts - making SKOS work at finer grain than downloadable files, but also avoiding disassociating terminology from the interoperability resources they derive from, or are needed to describe - particularly data models and standards.  Perhaps we need a separate channel here focussed on interoperability and federation use cases?"
                            }
                        ]
                    }
                ]
            }
        ]
    },
    {
        "client_msg_id": "6aa16178-4b44-4a29-80ba-d77edae0ef5e",
        "type": "message",
        "text": "Weekly meeting in 5 mins. <https:\/\/meet.google.com\/xpw-djtk-apv?authuser=0|Meetup link>. Focus is on quick \"standup\" status. Long conversations can move to end of meeting or into a separate small group meeting. Everyone should be updating the <https:\/\/docs.google.com\/document\/d\/1yzncnQB7uYktPnAQ4DqZYVPDdYnqDrWmqHzcpXrjkPg\/edit#|minutes> as we go.",
        "user": "UKTGLQNGG",
        "ts": "1599182629.128300",
        "team": "TKFJE6LDR",
        "user_team": "TKFJE6LDR",
        "source_team": "TKFJE6LDR",
        "user_profile": {
            "avatar_hash": "d6f4de222bb1",
            "image_72": "https:\/\/avatars.slack-edge.com\/2020-07-20\/1235580478119_d6f4de222bb1ed6b5960_72.jpg",
            "first_name": "Cameron",
            "real_name": "Cameron Shorter",
            "display_name": "cameronshorter",
            "team": "TKFJE6LDR",
            "name": "cameron.shorter",
            "is_restricted": false,
            "is_ultra_restricted": false
        },
        "attachments": [
            {
                "title": "Meet",
                "title_link": "https:\/\/meet.google.com\/xpw-djtk-apv?authuser=0",
                "text": "Real-time meetings by Google. Using your browser, share your video, desktop, and presentations with teammates and customers.",
                "fallback": "Meet",
                "thumb_url": "https:\/\/www.gstatic.com\/images\/branding\/product\/2x\/meet_96dp.png",
                "from_url": "https:\/\/meet.google.com\/xpw-djtk-apv?authuser=0",
                "thumb_width": 192,
                "thumb_height": 192,
                "service_icon": "http:\/\/www.gstatic.com\/images\/branding\/product\/1x\/meet_16dp.png",
                "service_name": "meet.google.com",
                "id": 1,
                "original_url": "https:\/\/meet.google.com\/xpw-djtk-apv?authuser=0"
            }
        ],
        "blocks": [
            {
                "type": "rich_text",
                "block_id": "YT2",
                "elements": [
                    {
                        "type": "rich_text_section",
                        "elements": [
                            {
                                "type": "text",
                                "text": "Weekly meeting in 5 mins. "
                            },
                            {
                                "type": "link",
                                "url": "https:\/\/meet.google.com\/xpw-djtk-apv?authuser=0",
                                "text": "Meetup link"
                            },
                            {
                                "type": "text",
                                "text": ". Focus is on quick \"standup\" status. Long conversations can move to end of meeting or into a separate small group meeting. Everyone should be updating the "
                            },
                            {
                                "type": "link",
                                "url": "https:\/\/docs.google.com\/document\/d\/1yzncnQB7uYktPnAQ4DqZYVPDdYnqDrWmqHzcpXrjkPg\/edit#",
                                "text": "minutes"
                            },
                            {
                                "type": "text",
                                "text": " as we go."
                            }
                        ]
                    }
                ]
            }
        ]
    }
]