[
    {
        "client_msg_id": "5f7ba9ad-4c33-4952-b524-b2a8df99dfa5",
        "type": "message",
        "text": "Hi <@U019252DK0F>, great to rub shoulders with you again. There is definitely space for you, and your skillset is exactly what we need to help answer questions in this project. If you are able to make one of our kickoff meeting timeslots, then feel free to add a slide for yourself (give yourself 2 to 3 mins to present it). Otherwise, please share your ideas on <https:\/\/docs.google.com\/presentation\/d\/1fZxe4YRXKfYU5rAjk5GPRNyDRbwqT9NV406jjX8nB4k\/edit#slide=id.p|slides> and\/or <https:\/\/docs.google.com\/document\/d\/1Fjrl34ErnYammel9WmvXJ3rMWFANjoSiiGyyNSYOXUg\/edit|manifesto> on email list (preferable) or here.",
        "user": "UKTGLQNGG",
        "ts": "1598517114.004800",
        "team": "TKFJE6LDR",
        "user_team": "TKFJE6LDR",
        "source_team": "TKFJE6LDR",
        "user_profile": {
            "avatar_hash": "d6f4de222bb1",
            "image_72": "https:\/\/avatars.slack-edge.com\/2020-07-20\/1235580478119_d6f4de222bb1ed6b5960_72.jpg",
            "first_name": "Cameron",
            "real_name": "Cameron Shorter",
            "display_name": "cameronshorter",
            "team": "TKFJE6LDR",
            "name": "cameron.shorter",
            "is_restricted": false,
            "is_ultra_restricted": false
        },
        "edited": {
            "user": "UKTGLQNGG",
            "ts": "1598517415.000000"
        },
        "blocks": [
            {
                "type": "rich_text",
                "block_id": "6hzF=",
                "elements": [
                    {
                        "type": "rich_text_section",
                        "elements": [
                            {
                                "type": "text",
                                "text": "Hi "
                            },
                            {
                                "type": "user",
                                "user_id": "U019252DK0F"
                            },
                            {
                                "type": "text",
                                "text": ", great to rub shoulders with you again. There is definitely space for you, and your skillset is exactly what we need to help answer questions in this project. If you are able to make one of our kickoff meeting timeslots, then feel free to add a slide for yourself (give yourself 2 to 3 mins to present it). Otherwise, please share your ideas on "
                            },
                            {
                                "type": "link",
                                "url": "https:\/\/docs.google.com\/presentation\/d\/1fZxe4YRXKfYU5rAjk5GPRNyDRbwqT9NV406jjX8nB4k\/edit#slide=id.p",
                                "text": "slides"
                            },
                            {
                                "type": "text",
                                "text": " and\/or "
                            },
                            {
                                "type": "link",
                                "url": "https:\/\/docs.google.com\/document\/d\/1Fjrl34ErnYammel9WmvXJ3rMWFANjoSiiGyyNSYOXUg\/edit",
                                "text": "manifesto"
                            },
                            {
                                "type": "text",
                                "text": " on email list (preferable) or here."
                            }
                        ]
                    }
                ]
            }
        ],
        "reactions": [
            {
                "name": "+1",
                "users": [
                    "U019252DK0F"
                ],
                "count": 1
            }
        ]
    },
    {
        "client_msg_id": "3a6c7907-11c6-40f7-84f4-0ec806a08a99",
        "type": "message",
        "text": "<@UKTGLQNGG>, just letting you know that I've edited my portion of the Slide deck for tonight's meeting. See  you there!",
        "user": "U012KCMPP0V",
        "ts": "1598539591.005800",
        "team": "TKFJE6LDR",
        "user_team": "TKFJE6LDR",
        "source_team": "TKFJE6LDR",
        "user_profile": {
            "avatar_hash": "b26729f0b5f2",
            "image_72": "https:\/\/avatars.slack-edge.com\/2020-04-27\/1089031639347_b26729f0b5f2375494a1_72.png",
            "first_name": "Alyssa",
            "real_name": "Alyssa",
            "display_name": "Alyssa",
            "team": "TKFJE6LDR",
            "name": "alyssa.rock.biz",
            "is_restricted": false,
            "is_ultra_restricted": false
        },
        "blocks": [
            {
                "type": "rich_text",
                "block_id": "YKd",
                "elements": [
                    {
                        "type": "rich_text_section",
                        "elements": [
                            {
                                "type": "user",
                                "user_id": "UKTGLQNGG"
                            },
                            {
                                "type": "text",
                                "text": ", just letting you know that I've edited my portion of the Slide deck for tonight's meeting. See  you there!"
                            }
                        ]
                    }
                ]
            }
        ]
    },
    {
        "client_msg_id": "ad6620f4-4a38-4209-a21a-0a0578f208c3",
        "type": "message",
        "text": "<@U012KCMPP0V> <@U0170HMB87K> <@U018GVAH3FX> I've shuffled your slides slightly, and put your names against: <https:\/\/docs.google.com\/presentation\/d\/1fZxe4YRXKfYU5rAjk5GPRNyDRbwqT9NV406jjX8nB4k\/edit#slide=id.g94625946e7_1_19|slide 5> &amp; 6, <https:\/\/docs.google.com\/presentation\/d\/1fZxe4YRXKfYU5rAjk5GPRNyDRbwqT9NV406jjX8nB4k\/edit#slide=id.g94d63542fb_3_8|slide 20>. Also put names against a couple of other slides.",
        "user": "UKTGLQNGG",
        "ts": "1598577804.007700",
        "team": "TKFJE6LDR",
        "user_team": "TKFJE6LDR",
        "source_team": "TKFJE6LDR",
        "user_profile": {
            "avatar_hash": "d6f4de222bb1",
            "image_72": "https:\/\/avatars.slack-edge.com\/2020-07-20\/1235580478119_d6f4de222bb1ed6b5960_72.jpg",
            "first_name": "Cameron",
            "real_name": "Cameron Shorter",
            "display_name": "cameronshorter",
            "team": "TKFJE6LDR",
            "name": "cameron.shorter",
            "is_restricted": false,
            "is_ultra_restricted": false
        },
        "blocks": [
            {
                "type": "rich_text",
                "block_id": "qYtc",
                "elements": [
                    {
                        "type": "rich_text_section",
                        "elements": [
                            {
                                "type": "user",
                                "user_id": "U012KCMPP0V"
                            },
                            {
                                "type": "text",
                                "text": " "
                            },
                            {
                                "type": "user",
                                "user_id": "U0170HMB87K"
                            },
                            {
                                "type": "text",
                                "text": " "
                            },
                            {
                                "type": "user",
                                "user_id": "U018GVAH3FX"
                            },
                            {
                                "type": "text",
                                "text": " I've shuffled your slides slightly, and put your names against: "
                            },
                            {
                                "type": "link",
                                "url": "https:\/\/docs.google.com\/presentation\/d\/1fZxe4YRXKfYU5rAjk5GPRNyDRbwqT9NV406jjX8nB4k\/edit#slide=id.g94625946e7_1_19",
                                "text": "slide 5"
                            },
                            {
                                "type": "text",
                                "text": " & 6, "
                            },
                            {
                                "type": "link",
                                "url": "https:\/\/docs.google.com\/presentation\/d\/1fZxe4YRXKfYU5rAjk5GPRNyDRbwqT9NV406jjX8nB4k\/edit#slide=id.g94d63542fb_3_8",
                                "text": "slide 20"
                            },
                            {
                                "type": "text",
                                "text": ". Also put names against a couple of other slides."
                            }
                        ]
                    }
                ]
            }
        ],
        "reactions": [
            {
                "name": "+1",
                "users": [
                    "U012KCMPP0V"
                ],
                "count": 1
            }
        ]
    },
    {
        "client_msg_id": "198c39b1-25aa-4e2e-8da9-08f5c3feb03b",
        "type": "message",
        "text": "Yes, I see the changes. I'm hoping that the kick-off meeting will clarify a few things for me and then I can identify a few other areas where I can contribute.",
        "user": "U018GVAH3FX",
        "ts": "1598578134.009800",
        "team": "TKFJE6LDR",
        "user_team": "TKFJE6LDR",
        "source_team": "TKFJE6LDR",
        "user_profile": {
            "avatar_hash": "ge5dc7096981",
            "image_72": "https:\/\/secure.gravatar.com\/avatar\/e5dc709698120b8f32e53b9472f12064.jpg?s=72&d=https%3A%2F%2Fa.slack-edge.com%2Fdf10d%2Fimg%2Favatars%2Fava_0015-72.png",
            "first_name": "",
            "real_name": "Naini",
            "display_name": "Naini",
            "team": "TKFJE6LDR",
            "name": "khajanchi.naini",
            "is_restricted": false,
            "is_ultra_restricted": false
        },
        "blocks": [
            {
                "type": "rich_text",
                "block_id": "v2s",
                "elements": [
                    {
                        "type": "rich_text_section",
                        "elements": [
                            {
                                "type": "text",
                                "text": "Yes, I see the changes. I'm hoping that the kick-off meeting will clarify a few things for me and then I can identify a few other areas where I can contribute."
                            }
                        ]
                    }
                ]
            }
        ]
    },
    {
        "client_msg_id": "71c64938-3a07-42b6-94a7-b1382ba3c17a",
        "type": "message",
        "text": "First meeting now: <https:\/\/meet.google.com\/xpw-djtk-apv?authuser=0>",
        "user": "UKTGLQNGG",
        "ts": "1598580031.010200",
        "team": "TKFJE6LDR",
        "user_team": "TKFJE6LDR",
        "source_team": "TKFJE6LDR",
        "user_profile": {
            "avatar_hash": "d6f4de222bb1",
            "image_72": "https:\/\/avatars.slack-edge.com\/2020-07-20\/1235580478119_d6f4de222bb1ed6b5960_72.jpg",
            "first_name": "Cameron",
            "real_name": "Cameron Shorter",
            "display_name": "cameronshorter",
            "team": "TKFJE6LDR",
            "name": "cameron.shorter",
            "is_restricted": false,
            "is_ultra_restricted": false
        },
        "attachments": [
            {
                "title": "Meet",
                "title_link": "https:\/\/meet.google.com\/xpw-djtk-apv?authuser=0",
                "text": "Real-time meetings by Google. Using your browser, share your video, desktop, and presentations with teammates and customers.",
                "fallback": "Meet",
                "thumb_url": "https:\/\/www.gstatic.com\/images\/branding\/product\/2x\/meet_96dp.png",
                "from_url": "https:\/\/meet.google.com\/xpw-djtk-apv?authuser=0",
                "thumb_width": 192,
                "thumb_height": 192,
                "service_icon": "http:\/\/www.gstatic.com\/images\/branding\/product\/1x\/meet_16dp.png",
                "service_name": "meet.google.com",
                "id": 1,
                "original_url": "https:\/\/meet.google.com\/xpw-djtk-apv?authuser=0"
            }
        ],
        "blocks": [
            {
                "type": "rich_text",
                "block_id": "+OAmE",
                "elements": [
                    {
                        "type": "rich_text_section",
                        "elements": [
                            {
                                "type": "text",
                                "text": "First meeting now: "
                            },
                            {
                                "type": "link",
                                "url": "https:\/\/meet.google.com\/xpw-djtk-apv?authuser=0"
                            }
                        ]
                    }
                ]
            }
        ]
    },
    {
        "client_msg_id": "30b6ef43-9ee6-413f-896e-34735c27d39d",
        "type": "message",
        "text": "Tech Writers: For glossary structure, we can take some inspiration from <https:\/\/docs.squiz.net\/matrix\/version\/latest\/glossary\/index.html> (suggested by Jared). I am looking up for more options. Will keep updating the Google Sheet.",
        "user": "U0170HMB87K",
        "ts": "1598593767.011400",
        "team": "TKFJE6LDR",
        "user_team": "TKFJE6LDR",
        "source_team": "TKFJE6LDR",
        "user_profile": {
            "avatar_hash": "f39553b0636b",
            "image_72": "https:\/\/avatars.slack-edge.com\/2020-07-22\/1249269540710_f39553b0636b29704992_72.jpg",
            "first_name": "",
            "real_name": "Ankita",
            "display_name": "Ankita",
            "team": "TKFJE6LDR",
            "name": "ankitatripathi.2312",
            "is_restricted": false,
            "is_ultra_restricted": false
        },
        "blocks": [
            {
                "type": "rich_text",
                "block_id": "ytk",
                "elements": [
                    {
                        "type": "rich_text_section",
                        "elements": [
                            {
                                "type": "text",
                                "text": "Tech Writers: For glossary structure, we can take some inspiration from "
                            },
                            {
                                "type": "link",
                                "url": "https:\/\/docs.squiz.net\/matrix\/version\/latest\/glossary\/index.html"
                            },
                            {
                                "type": "text",
                                "text": " (suggested by Jared). I am looking up for more options. Will keep updating the Google Sheet."
                            }
                        ]
                    }
                ]
            }
        ]
    }
]