[
    {
        "client_msg_id": "cc556654-d1f8-4683-882a-bc88e2947768",
        "type": "message",
        "text": "thank you <@U0170HMB87K> i could not see your comments in the previous link, can you highlight them someway.  due to my schedule this week, i probably will not be able to start preparing some content (list of standards, update of terminology drafting rules, list of attributes -schema- from my terminology repository) for my action items until later this week. will that match your schedule or were you expecting some of that content sooner? please let me know. thank you.",
        "user": "U019YA7SD0U",
        "ts": "1598944274.021000",
        "team": "TKFJE6LDR",
        "user_team": "TKFJE6LDR",
        "source_team": "TKFJE6LDR",
        "user_profile": {
            "avatar_hash": "gd927840085e",
            "image_72": "https:\/\/secure.gravatar.com\/avatar\/d927840085e81f89fb210807b02ee5bc.jpg?s=72&d=https%3A%2F%2Fa.slack-edge.com%2Fdf10d%2Fimg%2Favatars%2Fava_0007-72.png",
            "first_name": "Reese",
            "real_name": "Reese Plews",
            "display_name": "Reese Plews (TC211 TMG)",
            "team": "TKFJE6LDR",
            "name": "rplews",
            "is_restricted": false,
            "is_ultra_restricted": false
        },
        "blocks": [
            {
                "type": "rich_text",
                "block_id": "+1P",
                "elements": [
                    {
                        "type": "rich_text_section",
                        "elements": [
                            {
                                "type": "text",
                                "text": "thank you "
                            },
                            {
                                "type": "user",
                                "user_id": "U0170HMB87K"
                            },
                            {
                                "type": "text",
                                "text": " i could not see your comments in the previous link, can you highlight them someway.  due to my schedule this week, i probably will not be able to start preparing some content (list of standards, update of terminology drafting rules, list of attributes -schema- from my terminology repository) for my action items until later this week. will that match your schedule or were you expecting some of that content sooner? please let me know. thank you."
                            }
                        ]
                    }
                ]
            }
        ],
        "thread_ts": "1598944274.021000",
        "reply_count": 2,
        "reply_users_count": 2,
        "latest_reply": "1598948954.036100",
        "reply_users": [
            "U0170HMB87K",
            "U019YA7SD0U"
        ],
        "replies": [
            {
                "user": "U0170HMB87K",
                "ts": "1598948722.033800"
            },
            {
                "user": "U019YA7SD0U",
                "ts": "1598948954.036100"
            }
        ],
        "subscribed": false
    },
    {
        "client_msg_id": "7b9710a0-e395-43f6-b121-3774c89a4fd1",
        "type": "message",
        "text": "Hi <@U0170HMB87K> - made a comment. otherwise all good.   Something to note for all however - OGC terms is a function of a \"naming\" process - the definition and documentation is very patchy - so if there are specific parts of the OGC domain you want to document better, then \"adopting\" - improving using glossarist - and submitting back to OGC (using the original URIs, as valid SKOS in TTL or JSON-LD syntax) seems like a very good idea indeed - nice to do a small amount of high value work and get the OGC used to accepting updates rather than a lot of detail up front though.",
        "user": "U019E2F5R55",
        "ts": "1598945340.024900",
        "team": "TKFJE6LDR",
        "user_team": "TKFJE6LDR",
        "source_team": "TKFJE6LDR",
        "user_profile": {
            "avatar_hash": "bed541050c6a",
            "image_72": "https:\/\/avatars.slack-edge.com\/2020-08-31\/1334826334434_bed541050c6aee8f3d7e_72.png",
            "first_name": "",
            "real_name": "Rob Atkinson",
            "display_name": "Rob Atkinson",
            "team": "TKFJE6LDR",
            "name": "ratkinson",
            "is_restricted": false,
            "is_ultra_restricted": false
        },
        "blocks": [
            {
                "type": "rich_text",
                "block_id": "uci",
                "elements": [
                    {
                        "type": "rich_text_section",
                        "elements": [
                            {
                                "type": "text",
                                "text": "Hi "
                            },
                            {
                                "type": "user",
                                "user_id": "U0170HMB87K"
                            },
                            {
                                "type": "text",
                                "text": " - made a comment. otherwise all good.   Something to note for all however - OGC terms is a function of a \"naming\" process - the definition and documentation is very patchy - so if there are specific parts of the OGC domain you want to document better, then \"adopting\" - improving using glossarist - and submitting back to OGC (using the original URIs, as valid SKOS in TTL or JSON-LD syntax) seems like a very good idea indeed - nice to do a small amount of high value work and get the OGC used to accepting updates rather than a lot of detail up front though."
                            }
                        ]
                    }
                ]
            }
        ]
    },
    {
        "type": "message",
        "subtype": "channel_join",
        "ts": "1598947859.025100",
        "user": "U01A1CBD0CC",
        "text": "<@U01A1CBD0CC> has joined the channel",
        "inviter": "UKTGLQNGG"
    },
    {
        "type": "message",
        "subtype": "channel_join",
        "ts": "1598947962.025300",
        "user": "U01AJ7NJ5HN",
        "text": "<@U01AJ7NJ5HN> has joined the channel",
        "inviter": "UKTGLQNGG"
    },
    {
        "client_msg_id": "b4aebe16-05b6-42b1-9d5c-369034467d0a",
        "type": "message",
        "text": "We have our core team on slack and in this channel now. Welcome.",
        "user": "UKTGLQNGG",
        "ts": "1598948072.026400",
        "team": "TKFJE6LDR",
        "user_team": "TKFJE6LDR",
        "source_team": "TKFJE6LDR",
        "user_profile": {
            "avatar_hash": "d6f4de222bb1",
            "image_72": "https:\/\/avatars.slack-edge.com\/2020-07-20\/1235580478119_d6f4de222bb1ed6b5960_72.jpg",
            "first_name": "Cameron",
            "real_name": "Cameron Shorter",
            "display_name": "cameronshorter",
            "team": "TKFJE6LDR",
            "name": "cameron.shorter",
            "is_restricted": false,
            "is_ultra_restricted": false
        },
        "blocks": [
            {
                "type": "rich_text",
                "block_id": "Kyg26",
                "elements": [
                    {
                        "type": "rich_text_section",
                        "elements": [
                            {
                                "type": "text",
                                "text": "We have our core team on slack and in this channel now. Welcome."
                            }
                        ]
                    }
                ]
            }
        ]
    },
    {
        "client_msg_id": "6a6b825c-88fd-4b97-b1fc-1e9497c8344a",
        "type": "message",
        "text": "Hi <@UKTGLQNGG> <@U019YA7SD0U>!",
        "user": "U01A1CBD0CC",
        "ts": "1598948075.026500",
        "team": "TKFJE6LDR",
        "user_team": "TKFJE6LDR",
        "source_team": "TKFJE6LDR",
        "user_profile": {
            "avatar_hash": "gd11b0590c62",
            "image_72": "https:\/\/secure.gravatar.com\/avatar\/d11b0590c62fd7eac8ff41b3cadd7b26.jpg?s=72&d=https%3A%2F%2Fa.slack-edge.com%2Fdf10d%2Fimg%2Favatars%2Fava_0025-72.png",
            "first_name": "",
            "real_name": "Ronald Tse",
            "display_name": "Ronald Tse",
            "team": "TKFJE6LDR",
            "name": "tse",
            "is_restricted": false,
            "is_ultra_restricted": false
        },
        "blocks": [
            {
                "type": "rich_text",
                "block_id": "Isb2",
                "elements": [
                    {
                        "type": "rich_text_section",
                        "elements": [
                            {
                                "type": "text",
                                "text": "Hi "
                            },
                            {
                                "type": "user",
                                "user_id": "UKTGLQNGG"
                            },
                            {
                                "type": "text",
                                "text": " "
                            },
                            {
                                "type": "user",
                                "user_id": "U019YA7SD0U"
                            },
                            {
                                "type": "text",
                                "text": "!"
                            }
                        ]
                    }
                ]
            }
        ]
    },
    {
        "client_msg_id": "4593256b-9b11-473f-8447-d75b3c7fa436",
        "type": "message",
        "text": "<@U01A1CBD0CC> I'm hoping you will be able to set up training sessions for your software. I'm not sure how feasibly it will be to get a timeslot for everyone. <@U01A8JXNZDW> (EU) <@U0170HMB87K> (IN) <@U018GVAH3FX> (CA) <@U012KCMPP0V> (US) <@U019252DK0F> (NZ) should learn how to use as users.\n<@U019252DK0F> has volunteered to learn how to install a separate instance, which I'd suggest is a separate conversation. Would potentially be valuable to have a tech writer to shadow that meeting too, to help with future doc review.",
        "user": "UKTGLQNGG",
        "ts": "1598948499.032100",
        "team": "TKFJE6LDR",
        "user_team": "TKFJE6LDR",
        "source_team": "TKFJE6LDR",
        "user_profile": {
            "avatar_hash": "d6f4de222bb1",
            "image_72": "https:\/\/avatars.slack-edge.com\/2020-07-20\/1235580478119_d6f4de222bb1ed6b5960_72.jpg",
            "first_name": "Cameron",
            "real_name": "Cameron Shorter",
            "display_name": "cameronshorter",
            "team": "TKFJE6LDR",
            "name": "cameron.shorter",
            "is_restricted": false,
            "is_ultra_restricted": false
        },
        "edited": {
            "user": "UKTGLQNGG",
            "ts": "1598948611.000000"
        },
        "blocks": [
            {
                "type": "rich_text",
                "block_id": "T9SQ",
                "elements": [
                    {
                        "type": "rich_text_section",
                        "elements": [
                            {
                                "type": "user",
                                "user_id": "U01A1CBD0CC"
                            },
                            {
                                "type": "text",
                                "text": " I'm hoping you will be able to set up training sessions for your software. I'm not sure how feasibly it will be to get a timeslot for everyone. "
                            },
                            {
                                "type": "user",
                                "user_id": "U01A8JXNZDW"
                            },
                            {
                                "type": "text",
                                "text": " (EU) "
                            },
                            {
                                "type": "user",
                                "user_id": "U0170HMB87K"
                            },
                            {
                                "type": "text",
                                "text": " (IN) "
                            },
                            {
                                "type": "user",
                                "user_id": "U018GVAH3FX"
                            },
                            {
                                "type": "text",
                                "text": " (CA) "
                            },
                            {
                                "type": "user",
                                "user_id": "U012KCMPP0V"
                            },
                            {
                                "type": "text",
                                "text": " (US) "
                            },
                            {
                                "type": "user",
                                "user_id": "U019252DK0F"
                            },
                            {
                                "type": "text",
                                "text": " (NZ) should learn how to use as users.\n"
                            },
                            {
                                "type": "user",
                                "user_id": "U019252DK0F"
                            },
                            {
                                "type": "text",
                                "text": " has volunteered to learn how to install a separate instance, which I'd suggest is a separate conversation. Would potentially be valuable to have a tech writer to shadow that meeting too, to help with future doc review."
                            }
                        ]
                    }
                ]
            }
        ]
    },
    {
        "client_msg_id": "f86d26be-548c-423b-884f-4ca16f946b99",
        "type": "message",
        "text": "<@UKTGLQNGG> Certainly happy to do so. Let me set up a Doodle poll. I believe at least 2 slots (Europe\/Asia, US) will be necessary due to time differences.",
        "user": "U01A1CBD0CC",
        "ts": "1598948580.033300",
        "team": "TKFJE6LDR",
        "user_team": "TKFJE6LDR",
        "source_team": "TKFJE6LDR",
        "user_profile": {
            "avatar_hash": "gd11b0590c62",
            "image_72": "https:\/\/secure.gravatar.com\/avatar\/d11b0590c62fd7eac8ff41b3cadd7b26.jpg?s=72&d=https%3A%2F%2Fa.slack-edge.com%2Fdf10d%2Fimg%2Favatars%2Fava_0025-72.png",
            "first_name": "",
            "real_name": "Ronald Tse",
            "display_name": "Ronald Tse",
            "team": "TKFJE6LDR",
            "name": "tse",
            "is_restricted": false,
            "is_ultra_restricted": false
        },
        "blocks": [
            {
                "type": "rich_text",
                "block_id": "pCTRa",
                "elements": [
                    {
                        "type": "rich_text_section",
                        "elements": [
                            {
                                "type": "user",
                                "user_id": "UKTGLQNGG"
                            },
                            {
                                "type": "text",
                                "text": " Certainly happy to do so. Let me set up a Doodle poll. I believe at least 2 slots (Europe\/Asia, US) will be necessary due to time differences."
                            }
                        ]
                    }
                ]
            }
        ],
        "thread_ts": "1598948580.033300",
        "reply_count": 1,
        "reply_users_count": 1,
        "latest_reply": "1598948918.035900",
        "reply_users": [
            "U0170HMB87K"
        ],
        "replies": [
            {
                "user": "U0170HMB87K",
                "ts": "1598948918.035900"
            }
        ],
        "subscribed": false
    },
    {
        "client_msg_id": "676af0f9-800d-4aeb-9491-45b0410589ec",
        "type": "message",
        "text": "This might help: <https:\/\/www.timeanddate.com\/worldclock\/meetingtime.html?day=4&amp;month=9&amp;year=2020&amp;p1=22&amp;p2=240&amp;p3=248&amp;p4=102&amp;p5=44&amp;p6=26&amp;p7=136&amp;p8=179&amp;p9=224&amp;iv=0>",
        "user": "UKTGLQNGG",
        "ts": "1598948619.033600",
        "team": "TKFJE6LDR",
        "user_team": "TKFJE6LDR",
        "source_team": "TKFJE6LDR",
        "user_profile": {
            "avatar_hash": "d6f4de222bb1",
            "image_72": "https:\/\/avatars.slack-edge.com\/2020-07-20\/1235580478119_d6f4de222bb1ed6b5960_72.jpg",
            "first_name": "Cameron",
            "real_name": "Cameron Shorter",
            "display_name": "cameronshorter",
            "team": "TKFJE6LDR",
            "name": "cameron.shorter",
            "is_restricted": false,
            "is_ultra_restricted": false
        },
        "attachments": [
            {
                "title": "The World Clock Meeting Planner - Results",
                "title_link": "https:\/\/www.timeanddate.com\/worldclock\/meetingtime.html?day=4&month=9&year=2020&p1=22&p2=240&p3=248&p4=102&p5=44&p6=26&p7=136&p8=179&p9=224&iv=0",
                "text": "Results from the Meeting Planner that finds a suitable time to call or meet with people from around the world.",
                "fallback": "The World Clock Meeting Planner - Results",
                "image_url": "https:\/\/c.tadst.com\/gfx\/og\/tadlogo-facebook.png",
                "from_url": "https:\/\/www.timeanddate.com\/worldclock\/meetingtime.html?day=4&month=9&year=2020&p1=22&p2=240&p3=248&p4=102&p5=44&p6=26&p7=136&p8=179&p9=224&iv=0",
                "image_width": 476,
                "image_height": 250,
                "image_bytes": 55884,
                "service_icon": "https:\/\/www.timeanddate.com\/favicon.ico",
                "service_name": "timeanddate.com",
                "id": 1,
                "original_url": "https:\/\/www.timeanddate.com\/worldclock\/meetingtime.html?day=4&amp;month=9&amp;year=2020&amp;p1=22&amp;p2=240&amp;p3=248&amp;p4=102&amp;p5=44&amp;p6=26&amp;p7=136&amp;p8=179&amp;p9=224&amp;iv=0"
            }
        ],
        "blocks": [
            {
                "type": "rich_text",
                "block_id": "okokj",
                "elements": [
                    {
                        "type": "rich_text_section",
                        "elements": [
                            {
                                "type": "text",
                                "text": "This might help: "
                            },
                            {
                                "type": "link",
                                "url": "https:\/\/www.timeanddate.com\/worldclock\/meetingtime.html?day=4&month=9&year=2020&p1=22&p2=240&p3=248&p4=102&p5=44&p6=26&p7=136&p8=179&p9=224&iv=0"
                            }
                        ]
                    }
                ]
            }
        ],
        "thread_ts": "1598948619.033600",
        "reply_count": 2,
        "reply_users_count": 2,
        "latest_reply": "1598949841.037000",
        "reply_users": [
            "U0170HMB87K",
            "U019YA7SD0U"
        ],
        "replies": [
            {
                "user": "U0170HMB87K",
                "ts": "1598948960.036300"
            },
            {
                "user": "U019YA7SD0U",
                "ts": "1598949841.037000"
            }
        ],
        "subscribed": false
    },
    {
        "client_msg_id": "0bd6a2d2-c7ea-4845-b172-2e3984199289",
        "type": "message",
        "text": "Sorry for that <@U019YA7SD0U>. Added *Ankita's Notes* as the heading. Beneath that are the meeting notes that I took that day.\nAs far as the content preparation is concerned, We (Tech Writers) can work on other sections until we have your update. So, I guess that would be totally fine. :hugging_face:",
        "user": "U0170HMB87K",
        "ts": "1598948722.033800",
        "team": "TKFJE6LDR",
        "user_team": "TKFJE6LDR",
        "source_team": "TKFJE6LDR",
        "user_profile": {
            "avatar_hash": "f39553b0636b",
            "image_72": "https:\/\/avatars.slack-edge.com\/2020-07-22\/1249269540710_f39553b0636b29704992_72.jpg",
            "first_name": "",
            "real_name": "Ankita",
            "display_name": "Ankita",
            "team": "TKFJE6LDR",
            "name": "ankitatripathi.2312",
            "is_restricted": false,
            "is_ultra_restricted": false
        },
        "edited": {
            "user": "U0170HMB87K",
            "ts": "1598949002.000000"
        },
        "blocks": [
            {
                "type": "rich_text",
                "block_id": "+Tx4u",
                "elements": [
                    {
                        "type": "rich_text_section",
                        "elements": [
                            {
                                "type": "text",
                                "text": "Sorry for that "
                            },
                            {
                                "type": "user",
                                "user_id": "U019YA7SD0U"
                            },
                            {
                                "type": "text",
                                "text": ". Added "
                            },
                            {
                                "type": "text",
                                "text": "Ankita's Notes",
                                "style": {
                                    "bold": true
                                }
                            },
                            {
                                "type": "text",
                                "text": " as the heading. Beneath that are the meeting notes that I took that day.\nAs far as the content preparation is concerned, We (Tech Writers) can work on other sections until we have your update. So, I guess that would be totally fine. "
                            },
                            {
                                "type": "emoji",
                                "name": "hugging_face"
                            }
                        ]
                    }
                ]
            }
        ],
        "thread_ts": "1598944274.021000",
        "parent_user_id": "U019YA7SD0U"
    },
    {
        "client_msg_id": "28a798ba-70f6-42e3-a64b-2a4fcda946ef",
        "type": "message",
        "text": "Welcome <@U01A1CBD0CC> Finally we have you here! :star-struck:",
        "user": "U0170HMB87K",
        "ts": "1598948809.034500",
        "team": "TKFJE6LDR",
        "user_team": "TKFJE6LDR",
        "source_team": "TKFJE6LDR",
        "user_profile": {
            "avatar_hash": "f39553b0636b",
            "image_72": "https:\/\/avatars.slack-edge.com\/2020-07-22\/1249269540710_f39553b0636b29704992_72.jpg",
            "first_name": "",
            "real_name": "Ankita",
            "display_name": "Ankita",
            "team": "TKFJE6LDR",
            "name": "ankitatripathi.2312",
            "is_restricted": false,
            "is_ultra_restricted": false
        },
        "blocks": [
            {
                "type": "rich_text",
                "block_id": "1da",
                "elements": [
                    {
                        "type": "rich_text_section",
                        "elements": [
                            {
                                "type": "text",
                                "text": "Welcome "
                            },
                            {
                                "type": "user",
                                "user_id": "U01A1CBD0CC"
                            },
                            {
                                "type": "text",
                                "text": " Finally we have you here! "
                            },
                            {
                                "type": "emoji",
                                "name": "star-struck"
                            }
                        ]
                    }
                ]
            }
        ]
    },
    {
        "client_msg_id": "4dc82a09-3773-4cdc-8cef-17db3d33acce",
        "type": "message",
        "text": "Thanks <@U0170HMB87K> :slightly_smiling_face:",
        "user": "U01A1CBD0CC",
        "ts": "1598948818.034700",
        "team": "TKFJE6LDR",
        "user_team": "TKFJE6LDR",
        "source_team": "TKFJE6LDR",
        "user_profile": {
            "avatar_hash": "gd11b0590c62",
            "image_72": "https:\/\/secure.gravatar.com\/avatar\/d11b0590c62fd7eac8ff41b3cadd7b26.jpg?s=72&d=https%3A%2F%2Fa.slack-edge.com%2Fdf10d%2Fimg%2Favatars%2Fava_0025-72.png",
            "first_name": "",
            "real_name": "Ronald Tse",
            "display_name": "Ronald Tse",
            "team": "TKFJE6LDR",
            "name": "tse",
            "is_restricted": false,
            "is_ultra_restricted": false
        },
        "blocks": [
            {
                "type": "rich_text",
                "block_id": "Fbr8",
                "elements": [
                    {
                        "type": "rich_text_section",
                        "elements": [
                            {
                                "type": "text",
                                "text": "Thanks "
                            },
                            {
                                "type": "user",
                                "user_id": "U0170HMB87K"
                            },
                            {
                                "type": "text",
                                "text": " "
                            },
                            {
                                "type": "emoji",
                                "name": "slightly_smiling_face"
                            }
                        ]
                    }
                ]
            }
        ]
    },
    {
        "client_msg_id": "115a1834-7a5b-4521-93e3-92a44c8bd3c8",
        "type": "message",
        "text": "<@U01A1CBD0CC> You might also want to check the notes from that day's meeting which I have curated here: <https:\/\/docs.google.com\/document\/d\/1yzncnQB7uYktPnAQ4DqZYVPDdYnqDrWmqHzcpXrjkPg\/edit?usp=sharing>\nLet me know if we can add something here.",
        "user": "U0170HMB87K",
        "ts": "1598948906.035700",
        "team": "TKFJE6LDR",
        "user_team": "TKFJE6LDR",
        "source_team": "TKFJE6LDR",
        "user_profile": {
            "avatar_hash": "f39553b0636b",
            "image_72": "https:\/\/avatars.slack-edge.com\/2020-07-22\/1249269540710_f39553b0636b29704992_72.jpg",
            "first_name": "",
            "real_name": "Ankita",
            "display_name": "Ankita",
            "team": "TKFJE6LDR",
            "name": "ankitatripathi.2312",
            "is_restricted": false,
            "is_ultra_restricted": false
        },
        "blocks": [
            {
                "type": "rich_text",
                "block_id": "CNe",
                "elements": [
                    {
                        "type": "rich_text_section",
                        "elements": [
                            {
                                "type": "user",
                                "user_id": "U01A1CBD0CC"
                            },
                            {
                                "type": "text",
                                "text": " You might also want to check the notes from that day's meeting which I have curated here: "
                            },
                            {
                                "type": "link",
                                "url": "https:\/\/docs.google.com\/document\/d\/1yzncnQB7uYktPnAQ4DqZYVPDdYnqDrWmqHzcpXrjkPg\/edit?usp=sharing"
                            },
                            {
                                "type": "text",
                                "text": "\nLet me know if we can add something here."
                            }
                        ]
                    }
                ]
            }
        ]
    },
    {
        "client_msg_id": "0db51a69-1fc2-4e0d-ac8d-11bb2756916e",
        "type": "message",
        "text": "Sounds good!",
        "user": "U0170HMB87K",
        "ts": "1598948918.035900",
        "team": "TKFJE6LDR",
        "user_team": "TKFJE6LDR",
        "source_team": "TKFJE6LDR",
        "user_profile": {
            "avatar_hash": "f39553b0636b",
            "image_72": "https:\/\/avatars.slack-edge.com\/2020-07-22\/1249269540710_f39553b0636b29704992_72.jpg",
            "first_name": "",
            "real_name": "Ankita",
            "display_name": "Ankita",
            "team": "TKFJE6LDR",
            "name": "ankitatripathi.2312",
            "is_restricted": false,
            "is_ultra_restricted": false
        },
        "blocks": [
            {
                "type": "rich_text",
                "block_id": "tcdT",
                "elements": [
                    {
                        "type": "rich_text_section",
                        "elements": [
                            {
                                "type": "text",
                                "text": "Sounds good!"
                            }
                        ]
                    }
                ]
            }
        ],
        "thread_ts": "1598948580.033300",
        "parent_user_id": "U01A1CBD0CC"
    },
    {
        "client_msg_id": "16a9792d-7f00-4d60-bca4-784ca171f6de",
        "type": "message",
        "text": "thank you <@U0170HMB87K> that is very clear now.",
        "user": "U019YA7SD0U",
        "ts": "1598948954.036100",
        "team": "TKFJE6LDR",
        "user_team": "TKFJE6LDR",
        "source_team": "TKFJE6LDR",
        "user_profile": {
            "avatar_hash": "gd927840085e",
            "image_72": "https:\/\/secure.gravatar.com\/avatar\/d927840085e81f89fb210807b02ee5bc.jpg?s=72&d=https%3A%2F%2Fa.slack-edge.com%2Fdf10d%2Fimg%2Favatars%2Fava_0007-72.png",
            "first_name": "Reese",
            "real_name": "Reese Plews",
            "display_name": "Reese Plews (TC211 TMG)",
            "team": "TKFJE6LDR",
            "name": "rplews",
            "is_restricted": false,
            "is_ultra_restricted": false
        },
        "blocks": [
            {
                "type": "rich_text",
                "block_id": "vsy+e",
                "elements": [
                    {
                        "type": "rich_text_section",
                        "elements": [
                            {
                                "type": "text",
                                "text": "thank you "
                            },
                            {
                                "type": "user",
                                "user_id": "U0170HMB87K"
                            },
                            {
                                "type": "text",
                                "text": " that is very clear now."
                            }
                        ]
                    }
                ]
            }
        ],
        "thread_ts": "1598944274.021000",
        "parent_user_id": "U019YA7SD0U",
        "reactions": [
            {
                "name": "raised_hands",
                "users": [
                    "U0170HMB87K"
                ],
                "count": 1
            }
        ]
    },
    {
        "client_msg_id": "4637734f-ca21-461a-8222-b653d13756fc",
        "type": "message",
        "text": "You have a tool for everything! I have so much to learn from you each day. :hugging_face:",
        "user": "U0170HMB87K",
        "ts": "1598948960.036300",
        "team": "TKFJE6LDR",
        "user_team": "TKFJE6LDR",
        "source_team": "TKFJE6LDR",
        "user_profile": {
            "avatar_hash": "f39553b0636b",
            "image_72": "https:\/\/avatars.slack-edge.com\/2020-07-22\/1249269540710_f39553b0636b29704992_72.jpg",
            "first_name": "",
            "real_name": "Ankita",
            "display_name": "Ankita",
            "team": "TKFJE6LDR",
            "name": "ankitatripathi.2312",
            "is_restricted": false,
            "is_ultra_restricted": false
        },
        "blocks": [
            {
                "type": "rich_text",
                "block_id": "a0NA=",
                "elements": [
                    {
                        "type": "rich_text_section",
                        "elements": [
                            {
                                "type": "text",
                                "text": "You have a tool for everything! I have so much to learn from you each day. "
                            },
                            {
                                "type": "emoji",
                                "name": "hugging_face"
                            }
                        ]
                    }
                ]
            }
        ],
        "thread_ts": "1598948619.033600",
        "parent_user_id": "UKTGLQNGG"
    },
    {
        "client_msg_id": "d65d4b11-ddad-4cfd-9c98-60d36d7a05b6",
        "type": "message",
        "text": "if i dont have other things scheduled i can handle UTC 21:00 - 14:00",
        "user": "U019YA7SD0U",
        "ts": "1598949841.037000",
        "team": "TKFJE6LDR",
        "user_team": "TKFJE6LDR",
        "source_team": "TKFJE6LDR",
        "user_profile": {
            "avatar_hash": "gd927840085e",
            "image_72": "https:\/\/secure.gravatar.com\/avatar\/d927840085e81f89fb210807b02ee5bc.jpg?s=72&d=https%3A%2F%2Fa.slack-edge.com%2Fdf10d%2Fimg%2Favatars%2Fava_0007-72.png",
            "first_name": "Reese",
            "real_name": "Reese Plews",
            "display_name": "Reese Plews (TC211 TMG)",
            "team": "TKFJE6LDR",
            "name": "rplews",
            "is_restricted": false,
            "is_ultra_restricted": false
        },
        "blocks": [
            {
                "type": "rich_text",
                "block_id": "mht3q",
                "elements": [
                    {
                        "type": "rich_text_section",
                        "elements": [
                            {
                                "type": "text",
                                "text": "if i dont have other things scheduled i can handle UTC 21:00 - 14:00"
                            }
                        ]
                    }
                ]
            }
        ],
        "thread_ts": "1598948619.033600",
        "parent_user_id": "UKTGLQNGG"
    },
    {
        "client_msg_id": "7c38f66b-ddba-42ec-97ff-9190a401b1bd",
        "type": "message",
        "text": "Appreciate it <@U0170HMB87K>, I've been going through that and the notes look good.",
        "user": "U01A1CBD0CC",
        "ts": "1598950634.037200",
        "team": "TKFJE6LDR",
        "user_team": "TKFJE6LDR",
        "source_team": "TKFJE6LDR",
        "user_profile": {
            "avatar_hash": "gd11b0590c62",
            "image_72": "https:\/\/secure.gravatar.com\/avatar\/d11b0590c62fd7eac8ff41b3cadd7b26.jpg?s=72&d=https%3A%2F%2Fa.slack-edge.com%2Fdf10d%2Fimg%2Favatars%2Fava_0025-72.png",
            "first_name": "",
            "real_name": "Ronald Tse",
            "display_name": "Ronald Tse",
            "team": "TKFJE6LDR",
            "name": "tse",
            "is_restricted": false,
            "is_ultra_restricted": false
        },
        "blocks": [
            {
                "type": "rich_text",
                "block_id": "F98A",
                "elements": [
                    {
                        "type": "rich_text_section",
                        "elements": [
                            {
                                "type": "text",
                                "text": "Appreciate it "
                            },
                            {
                                "type": "user",
                                "user_id": "U0170HMB87K"
                            },
                            {
                                "type": "text",
                                "text": ", I've been going through that and the notes look good."
                            }
                        ]
                    }
                ]
            }
        ],
        "reactions": [
            {
                "name": "raised_hands",
                "users": [
                    "U0170HMB87K"
                ],
                "count": 1
            }
        ]
    },
    {
        "client_msg_id": "6ed14052-5e0c-4a10-b95e-bac7cf01ec40",
        "type": "message",
        "text": "<@U018GVAH3FX> and I just attended the OSGeoLive fortnightly meeting, introduced the glossary project, and have been provided with their blessing to include our glossary within <https:\/\/live.osgeolive.org> docs (which will be a key point doc source for OSGeoLive terms). We've also received blessing and offer of help to reach out to the points of contact within each project.",
        "user": "UKTGLQNGG",
        "ts": "1598990409.040000",
        "team": "TKFJE6LDR",
        "user_team": "TKFJE6LDR",
        "source_team": "TKFJE6LDR",
        "user_profile": {
            "avatar_hash": "d6f4de222bb1",
            "image_72": "https:\/\/avatars.slack-edge.com\/2020-07-20\/1235580478119_d6f4de222bb1ed6b5960_72.jpg",
            "first_name": "Cameron",
            "real_name": "Cameron Shorter",
            "display_name": "cameronshorter",
            "team": "TKFJE6LDR",
            "name": "cameron.shorter",
            "is_restricted": false,
            "is_ultra_restricted": false
        },
        "blocks": [
            {
                "type": "rich_text",
                "block_id": "Rs+",
                "elements": [
                    {
                        "type": "rich_text_section",
                        "elements": [
                            {
                                "type": "user",
                                "user_id": "U018GVAH3FX"
                            },
                            {
                                "type": "text",
                                "text": " and I just attended the OSGeoLive fortnightly meeting, introduced the glossary project, and have been provided with their blessing to include our glossary within "
                            },
                            {
                                "type": "link",
                                "url": "https:\/\/live.osgeolive.org"
                            },
                            {
                                "type": "text",
                                "text": " docs (which will be a key point doc source for OSGeoLive terms). We've also received blessing and offer of help to reach out to the points of contact within each project."
                            }
                        ]
                    }
                ]
            }
        ],
        "thread_ts": "1598990409.040000",
        "reply_count": 1,
        "reply_users_count": 1,
        "latest_reply": "1599005453.049600",
        "reply_users": [
            "U019YA7SD0U"
        ],
        "replies": [
            {
                "user": "U019YA7SD0U",
                "ts": "1599005453.049600"
            }
        ],
        "subscribed": false
    },
    {
        "client_msg_id": "70b9ee8a-90d4-4618-8b75-799cbcd53714",
        "type": "message",
        "text": "From osgeolive meeting. The docs are built in RST format, and it was suggested that we provide docs in the glossary format offered by RST: <https:\/\/sublime-and-sphinx-guide.readthedocs.io\/en\/latest\/glossary.html>",
        "user": "UKTGLQNGG",
        "ts": "1598992849.041000",
        "team": "TKFJE6LDR",
        "user_team": "TKFJE6LDR",
        "source_team": "TKFJE6LDR",
        "user_profile": {
            "avatar_hash": "d6f4de222bb1",
            "image_72": "https:\/\/avatars.slack-edge.com\/2020-07-20\/1235580478119_d6f4de222bb1ed6b5960_72.jpg",
            "first_name": "Cameron",
            "real_name": "Cameron Shorter",
            "display_name": "cameronshorter",
            "team": "TKFJE6LDR",
            "name": "cameron.shorter",
            "is_restricted": false,
            "is_ultra_restricted": false
        },
        "blocks": [
            {
                "type": "rich_text",
                "block_id": "PHzj",
                "elements": [
                    {
                        "type": "rich_text_section",
                        "elements": [
                            {
                                "type": "text",
                                "text": "From osgeolive meeting. The docs are built in RST format, and it was suggested that we provide docs in the glossary format offered by RST: "
                            },
                            {
                                "type": "link",
                                "url": "https:\/\/sublime-and-sphinx-guide.readthedocs.io\/en\/latest\/glossary.html"
                            }
                        ]
                    }
                ]
            }
        ]
    },
    {
        "client_msg_id": "559b7e39-ab2a-43f2-ac2f-45329b4db80e",
        "type": "message",
        "text": "Re meetings. I see there being a logical subgroups around\n1. OSGeo term definitions (most people in EU\/US), and\n2. Core infrastructure \/ processes \/ schema definitions (APEC\/US)\nI think it would be valuable to have a quick status checkin with APEC\/US once per week. Not everyone need attend. We should keep it tight to help people allocate time. I'm suggesting 30 min timeslot on Friday (Thursday in US) at <https:\/\/www.timeanddate.com\/worldclock\/meetingdetails.html?year=2020&amp;month=9&amp;day=4&amp;hour=1&amp;min=30&amp;sec=0&amp;p1=22&amp;p2=240&amp;p3=248&amp;p4=102&amp;p5=44&amp;p6=26&amp;p7=136&amp;p8=179&amp;p9=224>. I'll send a meeting invite. Speak up if you want to shuffle this timeslot.\nEU\/US can probably take a few weeks to get started, and probably should pick a timeslot I won't be awake for.",
        "user": "UKTGLQNGG",
        "ts": "1598995253.049400",
        "team": "TKFJE6LDR",
        "user_team": "TKFJE6LDR",
        "source_team": "TKFJE6LDR",
        "user_profile": {
            "avatar_hash": "d6f4de222bb1",
            "image_72": "https:\/\/avatars.slack-edge.com\/2020-07-20\/1235580478119_d6f4de222bb1ed6b5960_72.jpg",
            "first_name": "Cameron",
            "real_name": "Cameron Shorter",
            "display_name": "cameronshorter",
            "team": "TKFJE6LDR",
            "name": "cameron.shorter",
            "is_restricted": false,
            "is_ultra_restricted": false
        },
        "attachments": [
            {
                "title": "The World Clock Meeting Planner - Details",
                "title_link": "https:\/\/www.timeanddate.com\/worldclock\/meetingdetails.html?year=2020&month=9&day=4&hour=1&min=30&sec=0&p1=22&p2=240&p3=248&p4=102&p5=44&p6=26&p7=136&p8=179&p9=224",
                "text": "Local time for a meeting, in user selected locations.",
                "fallback": "The World Clock Meeting Planner - Details",
                "image_url": "https:\/\/c.tadst.com\/gfx\/og\/tadlogo-facebook.png",
                "from_url": "https:\/\/www.timeanddate.com\/worldclock\/meetingdetails.html?year=2020&month=9&day=4&hour=1&min=30&sec=0&p1=22&p2=240&p3=248&p4=102&p5=44&p6=26&p7=136&p8=179&p9=224",
                "image_width": 476,
                "image_height": 250,
                "image_bytes": 55884,
                "service_icon": "https:\/\/www.timeanddate.com\/favicon.ico",
                "service_name": "timeanddate.com",
                "id": 1,
                "original_url": "https:\/\/www.timeanddate.com\/worldclock\/meetingdetails.html?year=2020&amp;month=9&amp;day=4&amp;hour=1&amp;min=30&amp;sec=0&amp;p1=22&amp;p2=240&amp;p3=248&amp;p4=102&amp;p5=44&amp;p6=26&amp;p7=136&amp;p8=179&amp;p9=224"
            }
        ],
        "blocks": [
            {
                "type": "rich_text",
                "block_id": "=q0",
                "elements": [
                    {
                        "type": "rich_text_section",
                        "elements": [
                            {
                                "type": "text",
                                "text": "Re meetings. I see there being a logical subgroups around\n"
                            }
                        ]
                    },
                    {
                        "type": "rich_text_list",
                        "elements": [
                            {
                                "type": "rich_text_section",
                                "elements": [
                                    {
                                        "type": "text",
                                        "text": "OSGeo term definitions (most people in EU\/US), and"
                                    }
                                ]
                            },
                            {
                                "type": "rich_text_section",
                                "elements": [
                                    {
                                        "type": "text",
                                        "text": "Core infrastructure \/ processes \/ schema definitions (APEC\/US)"
                                    }
                                ]
                            }
                        ],
                        "style": "ordered",
                        "indent": 0
                    },
                    {
                        "type": "rich_text_section",
                        "elements": [
                            {
                                "type": "text",
                                "text": "I think it would be valuable to have a quick status checkin with APEC\/US once per week. Not everyone need attend. We should keep it tight to help people allocate time. I'm suggesting 30 min timeslot on Friday (Thursday in US) at "
                            },
                            {
                                "type": "link",
                                "url": "https:\/\/www.timeanddate.com\/worldclock\/meetingdetails.html?year=2020&month=9&day=4&hour=1&min=30&sec=0&p1=22&p2=240&p3=248&p4=102&p5=44&p6=26&p7=136&p8=179&p9=224"
                            },
                            {
                                "type": "text",
                                "text": ". I'll send a meeting invite. Speak up if you want to shuffle this timeslot.\nEU\/US can probably take a few weeks to get started, and probably should pick a timeslot I won't be awake for."
                            }
                        ]
                    }
                ]
            }
        ]
    },
    {
        "client_msg_id": "58c94dd9-7187-4bc5-be62-a600dd32d101",
        "type": "message",
        "text": "<@UKTGLQNGG> what is the deliverable schedule for this?",
        "user": "U019YA7SD0U",
        "ts": "1599005453.049600",
        "team": "TKFJE6LDR",
        "user_team": "TKFJE6LDR",
        "source_team": "TKFJE6LDR",
        "user_profile": {
            "avatar_hash": "gd927840085e",
            "image_72": "https:\/\/secure.gravatar.com\/avatar\/d927840085e81f89fb210807b02ee5bc.jpg?s=72&d=https%3A%2F%2Fa.slack-edge.com%2Fdf10d%2Fimg%2Favatars%2Fava_0007-72.png",
            "first_name": "Reese",
            "real_name": "Reese Plews",
            "display_name": "Reese Plews (TC211 TMG)",
            "team": "TKFJE6LDR",
            "name": "rplews",
            "is_restricted": false,
            "is_ultra_restricted": false
        },
        "edited": {
            "user": "U019YA7SD0U",
            "ts": "1599007222.000000"
        },
        "blocks": [
            {
                "type": "rich_text",
                "block_id": "\/BMp",
                "elements": [
                    {
                        "type": "rich_text_section",
                        "elements": [
                            {
                                "type": "user",
                                "user_id": "UKTGLQNGG"
                            },
                            {
                                "type": "text",
                                "text": " what is the deliverable schedule for this?"
                            }
                        ]
                    }
                ]
            }
        ],
        "thread_ts": "1598990409.040000",
        "parent_user_id": "UKTGLQNGG"
    }
]