[
    {
        "client_msg_id": "a70c1217-e066-448f-a33b-05ea4216cc66",
        "type": "message",
        "text": "<@UKTGLQNGG> the proposed time slots sound good, let's do that. So it's <https:\/\/www.timeanddate.com\/worldclock\/meetingdetails.html?year=2020&amp;month=9&amp;day=9&amp;hour=1&amp;min=30&amp;sec=0&amp;p1=22&amp;p2=240&amp;p3=248&amp;p4=102&amp;p5=44&amp;p6=26&amp;p7=136&amp;p8=179&amp;p9=224|01:30 UTC>, and <https:\/\/www.timeanddate.com\/worldclock\/meetingdetails.html?year=2020&amp;month=9&amp;day=9&amp;hour=11&amp;min=0&amp;sec=0&amp;p1=22&amp;p2=240&amp;p3=248&amp;p4=102&amp;p5=44&amp;p6=26&amp;p7=136&amp;p8=179&amp;p9=224|11:00 UTC>.",
        "user": "U01A1CBD0CC",
        "ts": "1599562066.160200",
        "team": "TKFJE6LDR",
        "user_team": "TKFJE6LDR",
        "source_team": "TKFJE6LDR",
        "user_profile": {
            "avatar_hash": "gd11b0590c62",
            "image_72": "https:\/\/secure.gravatar.com\/avatar\/d11b0590c62fd7eac8ff41b3cadd7b26.jpg?s=72&d=https%3A%2F%2Fa.slack-edge.com%2Fdf10d%2Fimg%2Favatars%2Fava_0025-72.png",
            "first_name": "",
            "real_name": "Ronald Tse",
            "display_name": "Ronald Tse",
            "team": "TKFJE6LDR",
            "name": "tse",
            "is_restricted": false,
            "is_ultra_restricted": false
        },
        "attachments": [
            {
                "title": "The World Clock Meeting Planner - Details",
                "title_link": "https:\/\/www.timeanddate.com\/worldclock\/meetingdetails.html?year=2020&month=9&day=9&hour=1&min=30&sec=0&p1=22&p2=240&p3=248&p4=102&p5=44&p6=26&p7=136&p8=179&p9=224",
                "text": "Local time for a meeting, in user selected locations.",
                "fallback": "The World Clock Meeting Planner - Details",
                "image_url": "https:\/\/c.tadst.com\/gfx\/og\/tadlogo-facebook.png",
                "from_url": "https:\/\/www.timeanddate.com\/worldclock\/meetingdetails.html?year=2020&month=9&day=9&hour=1&min=30&sec=0&p1=22&p2=240&p3=248&p4=102&p5=44&p6=26&p7=136&p8=179&p9=224",
                "image_width": 476,
                "image_height": 250,
                "image_bytes": 55884,
                "service_icon": "https:\/\/www.timeanddate.com\/favicon.ico",
                "service_name": "timeanddate.com",
                "id": 1,
                "original_url": "https:\/\/www.timeanddate.com\/worldclock\/meetingdetails.html?year=2020&amp;month=9&amp;day=9&amp;hour=1&amp;min=30&amp;sec=0&amp;p1=22&amp;p2=240&amp;p3=248&amp;p4=102&amp;p5=44&amp;p6=26&amp;p7=136&amp;p8=179&amp;p9=224"
            },
            {
                "title": "The World Clock Meeting Planner - Details",
                "title_link": "https:\/\/www.timeanddate.com\/worldclock\/meetingdetails.html?year=2020&month=9&day=9&hour=11&min=0&sec=0&p1=22&p2=240&p3=248&p4=102&p5=44&p6=26&p7=136&p8=179&p9=224",
                "text": "Local time for a meeting, in user selected locations.",
                "fallback": "The World Clock Meeting Planner - Details",
                "image_url": "https:\/\/c.tadst.com\/gfx\/og\/tadlogo-facebook.png",
                "from_url": "https:\/\/www.timeanddate.com\/worldclock\/meetingdetails.html?year=2020&month=9&day=9&hour=11&min=0&sec=0&p1=22&p2=240&p3=248&p4=102&p5=44&p6=26&p7=136&p8=179&p9=224",
                "image_width": 476,
                "image_height": 250,
                "image_bytes": 55884,
                "service_icon": "https:\/\/www.timeanddate.com\/favicon.ico",
                "service_name": "timeanddate.com",
                "id": 2,
                "original_url": "https:\/\/www.timeanddate.com\/worldclock\/meetingdetails.html?year=2020&amp;month=9&amp;day=9&amp;hour=11&amp;min=0&amp;sec=0&amp;p1=22&amp;p2=240&amp;p3=248&amp;p4=102&amp;p5=44&amp;p6=26&amp;p7=136&amp;p8=179&amp;p9=224"
            }
        ],
        "blocks": [
            {
                "type": "rich_text",
                "block_id": "kf40=",
                "elements": [
                    {
                        "type": "rich_text_section",
                        "elements": [
                            {
                                "type": "user",
                                "user_id": "UKTGLQNGG"
                            },
                            {
                                "type": "text",
                                "text": " the proposed time slots sound good, let's do that. So it's "
                            },
                            {
                                "type": "link",
                                "url": "https:\/\/www.timeanddate.com\/worldclock\/meetingdetails.html?year=2020&month=9&day=9&hour=1&min=30&sec=0&p1=22&p2=240&p3=248&p4=102&p5=44&p6=26&p7=136&p8=179&p9=224",
                                "text": "01:30 UTC"
                            },
                            {
                                "type": "text",
                                "text": ", and "
                            },
                            {
                                "type": "link",
                                "url": "https:\/\/www.timeanddate.com\/worldclock\/meetingdetails.html?year=2020&month=9&day=9&hour=11&min=0&sec=0&p1=22&p2=240&p3=248&p4=102&p5=44&p6=26&p7=136&p8=179&p9=224",
                                "text": "11:00 UTC"
                            },
                            {
                                "type": "text",
                                "text": "."
                            }
                        ]
                    }
                ]
            }
        ]
    },
    {
        "client_msg_id": "013f5446-94ad-4e63-bc7b-5d1704710533",
        "type": "message",
        "text": "<@U01A1CBD0CC> and <@UKTGLQNGG> Thank you for the opportunity for a demonstration of Glossarist software Wed 9th 11:00 UTC. I will be ready (Danish time 13.00), but if no other show up, it is ok with me to postpone the demonstration a bit.\n<@U019YA7SD0U> Thanks; found your ..n2_Proc..terminology_..",
        "user": "U01AJ7NJ5HN",
        "ts": "1599579368.165300",
        "team": "TKFJE6LDR",
        "user_team": "TKFJE6LDR",
        "source_team": "TKFJE6LDR",
        "user_profile": {
            "avatar_hash": "g3170143ce3d",
            "image_72": "https:\/\/secure.gravatar.com\/avatar\/3170143ce3da3f3fa9d9b180f43d9104.jpg?s=72&d=https%3A%2F%2Fa.slack-edge.com%2Fdf10d%2Fimg%2Favatars%2Fava_0002-72.png",
            "first_name": "",
            "real_name": "Erik Stubkjær",
            "display_name": "Erik Stubkjær",
            "team": "TKFJE6LDR",
            "name": "est",
            "is_restricted": false,
            "is_ultra_restricted": false
        },
        "blocks": [
            {
                "type": "rich_text",
                "block_id": "b+mwe",
                "elements": [
                    {
                        "type": "rich_text_section",
                        "elements": [
                            {
                                "type": "user",
                                "user_id": "U01A1CBD0CC"
                            },
                            {
                                "type": "text",
                                "text": " and "
                            },
                            {
                                "type": "user",
                                "user_id": "UKTGLQNGG"
                            },
                            {
                                "type": "text",
                                "text": " Thank you for the opportunity for a demonstration of Glossarist software Wed 9th 11:00 UTC. I will be ready (Danish time 13.00), but if no other show up, it is ok with me to postpone the demonstration a bit.\n"
                            },
                            {
                                "type": "user",
                                "user_id": "U019YA7SD0U"
                            },
                            {
                                "type": "text",
                                "text": " Thanks; found your ..n2_Proc..terminology_.."
                            }
                        ]
                    }
                ]
            }
        ],
        "thread_ts": "1599579368.165300",
        "reply_count": 8,
        "reply_users_count": 6,
        "latest_reply": "1599634191.170700",
        "reply_users": [
            "U012KCMPP0V",
            "UKTGLQNGG",
            "U018GVAH3FX",
            "U019252DK0F",
            "U0170HMB87K",
            "U01ABLZMV7E"
        ],
        "replies": [
            {
                "user": "U012KCMPP0V",
                "ts": "1599599809.165400"
            },
            {
                "user": "UKTGLQNGG",
                "ts": "1599600101.165600"
            },
            {
                "user": "U018GVAH3FX",
                "ts": "1599608462.166000"
            },
            {
                "user": "U019252DK0F",
                "ts": "1599611876.167800"
            },
            {
                "user": "U0170HMB87K",
                "ts": "1599614070.169800"
            },
            {
                "user": "U01ABLZMV7E",
                "ts": "1599633193.170300"
            },
            {
                "user": "UKTGLQNGG",
                "ts": "1599634061.170500"
            },
            {
                "user": "U01ABLZMV7E",
                "ts": "1599634191.170700"
            }
        ],
        "subscribed": false
    },
    {
        "client_msg_id": "8227fbb1-6cdb-4310-b11b-cb832267cd64",
        "type": "message",
        "text": "Are you asking me to reschedule the upcoming demo we have in a few hours?",
        "user": "U012KCMPP0V",
        "ts": "1599599809.165400",
        "team": "TKFJE6LDR",
        "user_team": "TKFJE6LDR",
        "source_team": "TKFJE6LDR",
        "user_profile": {
            "avatar_hash": "b26729f0b5f2",
            "image_72": "https:\/\/avatars.slack-edge.com\/2020-04-27\/1089031639347_b26729f0b5f2375494a1_72.png",
            "first_name": "Alyssa",
            "real_name": "Alyssa",
            "display_name": "Alyssa",
            "team": "TKFJE6LDR",
            "name": "alyssa.rock.biz",
            "is_restricted": false,
            "is_ultra_restricted": false
        },
        "blocks": [
            {
                "type": "rich_text",
                "block_id": "gZwO",
                "elements": [
                    {
                        "type": "rich_text_section",
                        "elements": [
                            {
                                "type": "text",
                                "text": "Are you asking me to reschedule the upcoming demo we have in a few hours?"
                            }
                        ]
                    }
                ]
            }
        ],
        "thread_ts": "1599579368.165300",
        "parent_user_id": "U01AJ7NJ5HN"
    },
    {
        "client_msg_id": "fa87710a-1725-4ca7-a592-ef0ee6f0ebcb",
        "type": "message",
        "text": "No, I'm proposing setting up a second demo for EU, however, if everyone in next meeting is okay to attend the second timeslot, (which seems like a possibility), we can move it. <@U018GVAH3FX>, <@U0170HMB87K> <@U019252DK0F>, can you make <https:\/\/www.timeanddate.com\/worldclock\/meetingdetails.html?year=2020&amp;month=9&amp;day=9&amp;hour=11&amp;min=0&amp;sec=0&amp;p1=22&amp;p2=240&amp;p3=248&amp;p4=102&amp;p5=44&amp;p6=26&amp;p7=136&amp;p8=179&amp;p9=224|11:00 UTC> (in half a day)",
        "user": "UKTGLQNGG",
        "ts": "1599600101.165600",
        "team": "TKFJE6LDR",
        "user_team": "TKFJE6LDR",
        "source_team": "TKFJE6LDR",
        "user_profile": {
            "avatar_hash": "d6f4de222bb1",
            "image_72": "https:\/\/avatars.slack-edge.com\/2020-07-20\/1235580478119_d6f4de222bb1ed6b5960_72.jpg",
            "first_name": "Cameron",
            "real_name": "Cameron Shorter",
            "display_name": "cameronshorter",
            "team": "TKFJE6LDR",
            "name": "cameron.shorter",
            "is_restricted": false,
            "is_ultra_restricted": false
        },
        "attachments": [
            {
                "title": "The World Clock Meeting Planner - Details",
                "title_link": "https:\/\/www.timeanddate.com\/worldclock\/meetingdetails.html?year=2020&month=9&day=9&hour=11&min=0&sec=0&p1=22&p2=240&p3=248&p4=102&p5=44&p6=26&p7=136&p8=179&p9=224",
                "text": "Local time for a meeting, in user selected locations.",
                "fallback": "The World Clock Meeting Planner - Details",
                "image_url": "https:\/\/c.tadst.com\/gfx\/og\/tadlogo-facebook.png",
                "from_url": "https:\/\/www.timeanddate.com\/worldclock\/meetingdetails.html?year=2020&month=9&day=9&hour=11&min=0&sec=0&p1=22&p2=240&p3=248&p4=102&p5=44&p6=26&p7=136&p8=179&p9=224",
                "image_width": 476,
                "image_height": 250,
                "image_bytes": 55884,
                "service_icon": "https:\/\/www.timeanddate.com\/favicon.ico",
                "service_name": "timeanddate.com",
                "id": 1,
                "original_url": "https:\/\/www.timeanddate.com\/worldclock\/meetingdetails.html?year=2020&amp;month=9&amp;day=9&amp;hour=11&amp;min=0&amp;sec=0&amp;p1=22&amp;p2=240&amp;p3=248&amp;p4=102&amp;p5=44&amp;p6=26&amp;p7=136&amp;p8=179&amp;p9=224"
            }
        ],
        "blocks": [
            {
                "type": "rich_text",
                "block_id": "p8n",
                "elements": [
                    {
                        "type": "rich_text_section",
                        "elements": [
                            {
                                "type": "text",
                                "text": "No, I'm proposing setting up a second demo for EU, however, if everyone in next meeting is okay to attend the second timeslot, (which seems like a possibility), we can move it. "
                            },
                            {
                                "type": "user",
                                "user_id": "U018GVAH3FX"
                            },
                            {
                                "type": "text",
                                "text": ", "
                            },
                            {
                                "type": "user",
                                "user_id": "U0170HMB87K"
                            },
                            {
                                "type": "text",
                                "text": " "
                            },
                            {
                                "type": "user",
                                "user_id": "U019252DK0F"
                            },
                            {
                                "type": "text",
                                "text": ", can you make "
                            },
                            {
                                "type": "link",
                                "url": "https:\/\/www.timeanddate.com\/worldclock\/meetingdetails.html?year=2020&month=9&day=9&hour=11&min=0&sec=0&p1=22&p2=240&p3=248&p4=102&p5=44&p6=26&p7=136&p8=179&p9=224",
                                "text": "11:00 UTC"
                            },
                            {
                                "type": "text",
                                "text": " (in half a day)"
                            }
                        ]
                    }
                ]
            }
        ],
        "thread_ts": "1599579368.165300",
        "parent_user_id": "U01AJ7NJ5HN",
        "reactions": [
            {
                "name": "heavy_check_mark",
                "users": [
                    "U012KCMPP0V",
                    "U0170HMB87K"
                ],
                "count": 2
            }
        ]
    },
    {
        "client_msg_id": "fc266326-173c-4839-b880-2fe505a22ce0",
        "type": "message",
        "text": "<@UKTGLQNGG> I can attend the UTC 1:30. And, the one at UTC 11:00 too if needed.",
        "user": "U018GVAH3FX",
        "ts": "1599608462.166000",
        "team": "TKFJE6LDR",
        "user_team": "TKFJE6LDR",
        "source_team": "TKFJE6LDR",
        "user_profile": {
            "avatar_hash": "ge5dc7096981",
            "image_72": "https:\/\/secure.gravatar.com\/avatar\/e5dc709698120b8f32e53b9472f12064.jpg?s=72&d=https%3A%2F%2Fa.slack-edge.com%2Fdf10d%2Fimg%2Favatars%2Fava_0015-72.png",
            "first_name": "",
            "real_name": "Naini",
            "display_name": "Naini",
            "team": "TKFJE6LDR",
            "name": "khajanchi.naini",
            "is_restricted": false,
            "is_ultra_restricted": false
        },
        "edited": {
            "user": "U018GVAH3FX",
            "ts": "1599608625.000000"
        },
        "blocks": [
            {
                "type": "rich_text",
                "block_id": "=fbI",
                "elements": [
                    {
                        "type": "rich_text_section",
                        "elements": [
                            {
                                "type": "user",
                                "user_id": "UKTGLQNGG"
                            },
                            {
                                "type": "text",
                                "text": " I can attend the UTC 1:30. And, the one at UTC 11:00 too if needed."
                            }
                        ]
                    }
                ]
            }
        ],
        "thread_ts": "1599579368.165300",
        "parent_user_id": "U01AJ7NJ5HN"
    },
    {
        "client_msg_id": "b8fe840c-540c-44f2-9bd0-46c68340db8b",
        "type": "message",
        "text": "<@U012KCMPP0V> has kindly shared a link for today's demonstration meetings, details below. Thanks <@U012KCMPP0V> and <@U0170HMB87K>!\n\nJoin Zoom Meeting\n<https:\/\/us02web.zoom.us\/j\/86776005213?pwd=VWpyeHM0anBuUE5MMzdjc01xblJWdz09>\n\nMeeting ID: 867 7600 5213\nPasscode: 691774\nOne tap mobile\n<tel:+12532158782,,86776005213#,,,,,,0#,,691774#|+12532158782,,86776005213#,,,,,,0#,,691774#> US (Tacoma)\n<tel:+13462487799,,86776005213#,,,,,,0#,,691774#|+13462487799,,86776005213#,,,,,,0#,,691774#> US (Houston)",
        "user": "U01A1CBD0CC",
        "ts": "1599609122.167400",
        "team": "TKFJE6LDR",
        "user_team": "TKFJE6LDR",
        "source_team": "TKFJE6LDR",
        "user_profile": {
            "avatar_hash": "gd11b0590c62",
            "image_72": "https:\/\/secure.gravatar.com\/avatar\/d11b0590c62fd7eac8ff41b3cadd7b26.jpg?s=72&d=https%3A%2F%2Fa.slack-edge.com%2Fdf10d%2Fimg%2Favatars%2Fava_0025-72.png",
            "first_name": "",
            "real_name": "Ronald Tse",
            "display_name": "Ronald Tse",
            "team": "TKFJE6LDR",
            "name": "tse",
            "is_restricted": false,
            "is_ultra_restricted": false
        },
        "blocks": [
            {
                "type": "rich_text",
                "block_id": "UzA1",
                "elements": [
                    {
                        "type": "rich_text_section",
                        "elements": [
                            {
                                "type": "user",
                                "user_id": "U012KCMPP0V"
                            },
                            {
                                "type": "text",
                                "text": " has kindly shared a link for today's demonstration meetings, details below. Thanks "
                            },
                            {
                                "type": "user",
                                "user_id": "U012KCMPP0V"
                            },
                            {
                                "type": "text",
                                "text": " and "
                            },
                            {
                                "type": "user",
                                "user_id": "U0170HMB87K"
                            },
                            {
                                "type": "text",
                                "text": "!\n\nJoin Zoom Meeting\n"
                            },
                            {
                                "type": "link",
                                "url": "https:\/\/us02web.zoom.us\/j\/86776005213?pwd=VWpyeHM0anBuUE5MMzdjc01xblJWdz09"
                            },
                            {
                                "type": "text",
                                "text": "\n\nMeeting ID: 867 7600 5213\nPasscode: 691774\nOne tap mobile\n"
                            },
                            {
                                "type": "link",
                                "url": "tel:+12532158782,,86776005213#,,,,,,0#,,691774#",
                                "text": "+12532158782,,86776005213#,,,,,,0#,,691774#"
                            },
                            {
                                "type": "text",
                                "text": " US (Tacoma)\n"
                            },
                            {
                                "type": "link",
                                "url": "tel:+13462487799,,86776005213#,,,,,,0#,,691774#",
                                "text": "+13462487799,,86776005213#,,,,,,0#,,691774#"
                            },
                            {
                                "type": "text",
                                "text": " US (Houston)"
                            }
                        ]
                    }
                ]
            }
        ],
        "thread_ts": "1599609122.167400",
        "reply_count": 2,
        "reply_users_count": 2,
        "latest_reply": "1599613102.168800",
        "reply_users": [
            "U012KCMPP0V",
            "UKTGLQNGG"
        ],
        "replies": [
            {
                "user": "U012KCMPP0V",
                "ts": "1599611636.167600"
            },
            {
                "user": "UKTGLQNGG",
                "ts": "1599613102.168800"
            }
        ],
        "subscribed": false
    },
    {
        "client_msg_id": "73c7a2af-1cff-404e-bff7-e22fd8af4168",
        "type": "message",
        "text": "Thanks for sharing the post, Ron! And yes, anyone who is free is welcome to attend. :slightly_smiling_face:",
        "user": "U012KCMPP0V",
        "ts": "1599611636.167600",
        "team": "TKFJE6LDR",
        "user_team": "TKFJE6LDR",
        "source_team": "TKFJE6LDR",
        "user_profile": {
            "avatar_hash": "b26729f0b5f2",
            "image_72": "https:\/\/avatars.slack-edge.com\/2020-04-27\/1089031639347_b26729f0b5f2375494a1_72.png",
            "first_name": "Alyssa",
            "real_name": "Alyssa",
            "display_name": "Alyssa",
            "team": "TKFJE6LDR",
            "name": "alyssa.rock.biz",
            "is_restricted": false,
            "is_ultra_restricted": false
        },
        "blocks": [
            {
                "type": "rich_text",
                "block_id": "J62OS",
                "elements": [
                    {
                        "type": "rich_text_section",
                        "elements": [
                            {
                                "type": "text",
                                "text": "Thanks for sharing the post, Ron! And yes, anyone who is free is welcome to attend. "
                            },
                            {
                                "type": "emoji",
                                "name": "slightly_smiling_face"
                            }
                        ]
                    }
                ]
            }
        ],
        "thread_ts": "1599609122.167400",
        "parent_user_id": "U01A1CBD0CC"
    },
    {
        "client_msg_id": "21919cab-f78f-42a6-8d65-cf3ba2206c08",
        "type": "message",
        "text": "<@UKTGLQNGG> I will not be able to attend the demo in ~1hr.  I *may* be able to attend the 11:00 UTC.  Again, if it's recorded I am happy to follow up afterward.",
        "user": "U019252DK0F",
        "ts": "1599611876.167800",
        "team": "TKFJE6LDR",
        "user_team": "TKFJE6LDR",
        "source_team": "TKFJE6LDR",
        "user_profile": {
            "avatar_hash": "33a3d3a9190d",
            "image_72": "https:\/\/avatars.slack-edge.com\/2020-09-09\/1347808982341_33a3d3a9190d60e700de_72.jpg",
            "first_name": "brandon",
            "real_name": "brandon whitehead",
            "display_name": "brandon",
            "team": "TKFJE6LDR",
            "name": "brandonnodnarb",
            "is_restricted": false,
            "is_ultra_restricted": false
        },
        "blocks": [
            {
                "type": "rich_text",
                "block_id": "2Cimx",
                "elements": [
                    {
                        "type": "rich_text_section",
                        "elements": [
                            {
                                "type": "user",
                                "user_id": "UKTGLQNGG"
                            },
                            {
                                "type": "text",
                                "text": " I will not be able to attend the demo in ~1hr.  I "
                            },
                            {
                                "type": "text",
                                "text": "may",
                                "style": {
                                    "bold": true
                                }
                            },
                            {
                                "type": "text",
                                "text": " be able to attend the 11:00 UTC.  Again, if it's recorded I am happy to follow up afterward."
                            }
                        ]
                    }
                ]
            }
        ],
        "thread_ts": "1599579368.165300",
        "parent_user_id": "U01AJ7NJ5HN"
    },
    {
        "client_msg_id": "bde19b00-51ea-4f63-97bc-4f92620f2a59",
        "type": "message",
        "text": "I get messages from the listserv on <mailto:brandonnodnarb@gmail.com|brandonnodnarb@gmail.com>  as well as <mailto:whiteheadb@landcareresearch.co.nz|whiteheadb@landcareresearch.co.nz> as those are the  email addresses I registered with the list.  However, the invites have been sent to <mailto:b.whitehead@auckland.ac.nz|b.whitehead@auckland.ac.nz> which I have not used to register for *anything* in some time.  I can certainly send an email to the list, but as I'm already registered (twice) this appears to be an issue with someone's address book.",
        "user": "U019252DK0F",
        "ts": "1599612243.168000",
        "team": "TKFJE6LDR",
        "user_team": "TKFJE6LDR",
        "source_team": "TKFJE6LDR",
        "user_profile": {
            "avatar_hash": "33a3d3a9190d",
            "image_72": "https:\/\/avatars.slack-edge.com\/2020-09-09\/1347808982341_33a3d3a9190d60e700de_72.jpg",
            "first_name": "brandon",
            "real_name": "brandon whitehead",
            "display_name": "brandon",
            "team": "TKFJE6LDR",
            "name": "brandonnodnarb",
            "is_restricted": false,
            "is_ultra_restricted": false
        },
        "blocks": [
            {
                "type": "rich_text",
                "block_id": "RXhoM",
                "elements": [
                    {
                        "type": "rich_text_section",
                        "elements": [
                            {
                                "type": "text",
                                "text": "I get messages from the listserv on "
                            },
                            {
                                "type": "link",
                                "url": "mailto:brandonnodnarb@gmail.com",
                                "text": "brandonnodnarb@gmail.com"
                            },
                            {
                                "type": "text",
                                "text": "  as well as "
                            },
                            {
                                "type": "link",
                                "url": "mailto:whiteheadb@landcareresearch.co.nz",
                                "text": "whiteheadb@landcareresearch.co.nz"
                            },
                            {
                                "type": "text",
                                "text": " as those are the  email addresses I registered with the list.  However, the invites have been sent to "
                            },
                            {
                                "type": "link",
                                "url": "mailto:b.whitehead@auckland.ac.nz",
                                "text": "b.whitehead@auckland.ac.nz"
                            },
                            {
                                "type": "text",
                                "text": " which I have not used to register for "
                            },
                            {
                                "type": "text",
                                "text": "anything",
                                "style": {
                                    "bold": true
                                }
                            },
                            {
                                "type": "text",
                                "text": " in some time.  I can certainly send an email to the list, but as I'm already registered (twice) this appears to be an issue with someone's address book."
                            }
                        ]
                    }
                ]
            }
        ],
        "thread_ts": "1599515658.157800",
        "parent_user_id": "U019252DK0F"
    },
    {
        "client_msg_id": "de74fa92-54ff-43f4-99a8-bd88fc2eb3b9",
        "type": "message",
        "text": "<@U019252DK0F> that would be my address book that needs updating, and <@U012KCMPP0V> to add an invite to meeting.",
        "user": "UKTGLQNGG",
        "ts": "1599612484.168200",
        "team": "TKFJE6LDR",
        "user_team": "TKFJE6LDR",
        "source_team": "TKFJE6LDR",
        "user_profile": {
            "avatar_hash": "d6f4de222bb1",
            "image_72": "https:\/\/avatars.slack-edge.com\/2020-07-20\/1235580478119_d6f4de222bb1ed6b5960_72.jpg",
            "first_name": "Cameron",
            "real_name": "Cameron Shorter",
            "display_name": "cameronshorter",
            "team": "TKFJE6LDR",
            "name": "cameron.shorter",
            "is_restricted": false,
            "is_ultra_restricted": false
        },
        "blocks": [
            {
                "type": "rich_text",
                "block_id": "BkS",
                "elements": [
                    {
                        "type": "rich_text_section",
                        "elements": [
                            {
                                "type": "user",
                                "user_id": "U019252DK0F"
                            },
                            {
                                "type": "text",
                                "text": " that would be my address book that needs updating, and "
                            },
                            {
                                "type": "user",
                                "user_id": "U012KCMPP0V"
                            },
                            {
                                "type": "text",
                                "text": " to add an invite to meeting."
                            }
                        ]
                    }
                ]
            }
        ],
        "thread_ts": "1599515658.157800",
        "parent_user_id": "U019252DK0F"
    },
    {
        "client_msg_id": "0582f37e-03a4-4bf2-8a04-af9e39b5f328",
        "type": "message",
        "text": "I had assumed so <@UKTGLQNGG>, but it seems like these are all things that could be sent via the list, no?",
        "user": "U019252DK0F",
        "ts": "1599612754.168400",
        "team": "TKFJE6LDR",
        "user_team": "TKFJE6LDR",
        "source_team": "TKFJE6LDR",
        "user_profile": {
            "avatar_hash": "33a3d3a9190d",
            "image_72": "https:\/\/avatars.slack-edge.com\/2020-09-09\/1347808982341_33a3d3a9190d60e700de_72.jpg",
            "first_name": "brandon",
            "real_name": "brandon whitehead",
            "display_name": "brandon",
            "team": "TKFJE6LDR",
            "name": "brandonnodnarb",
            "is_restricted": false,
            "is_ultra_restricted": false
        },
        "blocks": [
            {
                "type": "rich_text",
                "block_id": "nX5",
                "elements": [
                    {
                        "type": "rich_text_section",
                        "elements": [
                            {
                                "type": "text",
                                "text": "I had assumed so "
                            },
                            {
                                "type": "user",
                                "user_id": "UKTGLQNGG"
                            },
                            {
                                "type": "text",
                                "text": ", but it seems like these are all things that could be sent via the list, no?"
                            }
                        ]
                    }
                ]
            }
        ],
        "thread_ts": "1599515658.157800",
        "parent_user_id": "U019252DK0F"
    },
    {
        "client_msg_id": "41d188a4-80f4-4a35-a52b-cb9e212c2958",
        "type": "message",
        "text": "Both work, I'm slowly accepting that there are valid use cases where people's preference for slack sometimes makes sense.",
        "user": "UKTGLQNGG",
        "ts": "1599613026.168600",
        "team": "TKFJE6LDR",
        "user_team": "TKFJE6LDR",
        "source_team": "TKFJE6LDR",
        "user_profile": {
            "avatar_hash": "d6f4de222bb1",
            "image_72": "https:\/\/avatars.slack-edge.com\/2020-07-20\/1235580478119_d6f4de222bb1ed6b5960_72.jpg",
            "first_name": "Cameron",
            "real_name": "Cameron Shorter",
            "display_name": "cameronshorter",
            "team": "TKFJE6LDR",
            "name": "cameron.shorter",
            "is_restricted": false,
            "is_ultra_restricted": false
        },
        "blocks": [
            {
                "type": "rich_text",
                "block_id": "0j=",
                "elements": [
                    {
                        "type": "rich_text_section",
                        "elements": [
                            {
                                "type": "text",
                                "text": "Both work, I'm slowly accepting that there are valid use cases where people's preference for slack sometimes makes sense."
                            }
                        ]
                    }
                ]
            }
        ],
        "thread_ts": "1599515658.157800",
        "parent_user_id": "U019252DK0F"
    },
    {
        "client_msg_id": "2ecdd105-77aa-4c74-8500-926ac7ec6086",
        "type": "message",
        "text": "First question I think we should ask in meeting in 30 mins is whether we should postpone and join EU meeting time.",
        "user": "UKTGLQNGG",
        "ts": "1599613102.168800",
        "team": "TKFJE6LDR",
        "user_team": "TKFJE6LDR",
        "source_team": "TKFJE6LDR",
        "user_profile": {
            "avatar_hash": "d6f4de222bb1",
            "image_72": "https:\/\/avatars.slack-edge.com\/2020-07-20\/1235580478119_d6f4de222bb1ed6b5960_72.jpg",
            "first_name": "Cameron",
            "real_name": "Cameron Shorter",
            "display_name": "cameronshorter",
            "team": "TKFJE6LDR",
            "name": "cameron.shorter",
            "is_restricted": false,
            "is_ultra_restricted": false
        },
        "blocks": [
            {
                "type": "rich_text",
                "block_id": "dEDHP",
                "elements": [
                    {
                        "type": "rich_text_section",
                        "elements": [
                            {
                                "type": "text",
                                "text": "First question I think we should ask in meeting in 30 mins is whether we should postpone and join EU meeting time."
                            }
                        ]
                    }
                ]
            }
        ],
        "thread_ts": "1599609122.167400",
        "parent_user_id": "U01A1CBD0CC"
    },
    {
        "client_msg_id": "29843A12-6289-4995-8F6C-173127DDC150",
        "type": "message",
        "text": "<@UKTGLQNGG> For me it would be the perfect time! 11:00 UTC\nBut I guess I am awake now so can join the meeting in another 15 mins as well. :grinning:",
        "user": "U0170HMB87K",
        "ts": "1599614070.169800",
        "team": "TKFJE6LDR",
        "user_team": "TKFJE6LDR",
        "source_team": "TKFJE6LDR",
        "user_profile": {
            "avatar_hash": "f39553b0636b",
            "image_72": "https:\/\/avatars.slack-edge.com\/2020-07-22\/1249269540710_f39553b0636b29704992_72.jpg",
            "first_name": "",
            "real_name": "Ankita",
            "display_name": "Ankita",
            "team": "TKFJE6LDR",
            "name": "ankitatripathi.2312",
            "is_restricted": false,
            "is_ultra_restricted": false
        },
        "edited": {
            "user": "U0170HMB87K",
            "ts": "1599614212.000000"
        },
        "blocks": [
            {
                "type": "rich_text",
                "block_id": "=7I9",
                "elements": [
                    {
                        "type": "rich_text_section",
                        "elements": [
                            {
                                "type": "user",
                                "user_id": "UKTGLQNGG"
                            },
                            {
                                "type": "text",
                                "text": " For me it would be the perfect time! 11:00 UTC\n"
                            },
                            {
                                "type": "text",
                                "text": "But I guess I am awake now so can join the meeting in another 15 mins as well. "
                            },
                            {
                                "type": "emoji",
                                "name": "grinning"
                            }
                        ]
                    }
                ]
            }
        ],
        "thread_ts": "1599579368.165300",
        "parent_user_id": "U01AJ7NJ5HN"
    },
    {
        "client_msg_id": "16a9a112-5f93-4fa4-b550-0d6546d96920",
        "type": "message",
        "text": "Hi, all! I apologise, I didn’t understand when the Glossarist sw demo will take place, in the end. Is it Wed 9th 11:00 UTC? I can participate at that time.",
        "user": "U01ABLZMV7E",
        "ts": "1599633193.170300",
        "team": "TKFJE6LDR",
        "user_team": "TKFJE6LDR",
        "source_team": "TKFJE6LDR",
        "user_profile": {
            "avatar_hash": "322d8ad14d52",
            "image_72": "https:\/\/avatars.slack-edge.com\/2020-09-05\/1351713799684_322d8ad14d5229ae723a_72.jpg",
            "first_name": "",
            "real_name": "Codrina Maria Ilie",
            "display_name": "Codrina Maria Ilie",
            "team": "TKFJE6LDR",
            "name": "codrinamariailie",
            "is_restricted": false,
            "is_ultra_restricted": false
        },
        "blocks": [
            {
                "type": "rich_text",
                "block_id": "rwy",
                "elements": [
                    {
                        "type": "rich_text_section",
                        "elements": [
                            {
                                "type": "text",
                                "text": "Hi, all! I apologise, I didn’t understand when the Glossarist sw demo will take place, in the end. Is it Wed 9th 11:00 UTC? I can participate at that time."
                            }
                        ]
                    }
                ]
            }
        ],
        "thread_ts": "1599579368.165300",
        "parent_user_id": "U01AJ7NJ5HN"
    },
    {
        "client_msg_id": "1dc35dc4-f286-4be0-8c63-fe63ed52c7c6",
        "type": "message",
        "text": "<@U01ABLZMV7E>, hopefully you have a calendar invite? If not, send your email address to <@U012KCMPP0V>. The meeting was proposed to be moved back by 2 hours, to 13:00 UTC. <@U019YA7SD0U> or <@U01A1CBD0CC> may have the meeting details and be able to share.",
        "user": "UKTGLQNGG",
        "ts": "1599634061.170500",
        "team": "TKFJE6LDR",
        "user_team": "TKFJE6LDR",
        "source_team": "TKFJE6LDR",
        "user_profile": {
            "avatar_hash": "d6f4de222bb1",
            "image_72": "https:\/\/avatars.slack-edge.com\/2020-07-20\/1235580478119_d6f4de222bb1ed6b5960_72.jpg",
            "first_name": "Cameron",
            "real_name": "Cameron Shorter",
            "display_name": "cameronshorter",
            "team": "TKFJE6LDR",
            "name": "cameron.shorter",
            "is_restricted": false,
            "is_ultra_restricted": false
        },
        "blocks": [
            {
                "type": "rich_text",
                "block_id": "upesH",
                "elements": [
                    {
                        "type": "rich_text_section",
                        "elements": [
                            {
                                "type": "user",
                                "user_id": "U01ABLZMV7E"
                            },
                            {
                                "type": "text",
                                "text": ", hopefully you have a calendar invite? If not, send your email address to "
                            },
                            {
                                "type": "user",
                                "user_id": "U012KCMPP0V"
                            },
                            {
                                "type": "text",
                                "text": ". The meeting was proposed to be moved back by 2 hours, to 13:00 UTC. "
                            },
                            {
                                "type": "user",
                                "user_id": "U019YA7SD0U"
                            },
                            {
                                "type": "text",
                                "text": " or "
                            },
                            {
                                "type": "user",
                                "user_id": "U01A1CBD0CC"
                            },
                            {
                                "type": "text",
                                "text": " may have the meeting details and be able to share."
                            }
                        ]
                    }
                ]
            }
        ],
        "thread_ts": "1599579368.165300",
        "parent_user_id": "U01AJ7NJ5HN"
    },
    {
        "client_msg_id": "dc6dddd8-034f-4259-94c6-90dc90ae460a",
        "type": "message",
        "text": "Hi, Cameron! I didn’t get the invite, I’ll send <@U012KCMPP0V> my email address. Ah, 13:00 UTC works as well for me! thanks!",
        "user": "U01ABLZMV7E",
        "ts": "1599634191.170700",
        "team": "TKFJE6LDR",
        "user_team": "TKFJE6LDR",
        "source_team": "TKFJE6LDR",
        "user_profile": {
            "avatar_hash": "322d8ad14d52",
            "image_72": "https:\/\/avatars.slack-edge.com\/2020-09-05\/1351713799684_322d8ad14d5229ae723a_72.jpg",
            "first_name": "",
            "real_name": "Codrina Maria Ilie",
            "display_name": "Codrina Maria Ilie",
            "team": "TKFJE6LDR",
            "name": "codrinamariailie",
            "is_restricted": false,
            "is_ultra_restricted": false
        },
        "blocks": [
            {
                "type": "rich_text",
                "block_id": "yJFj",
                "elements": [
                    {
                        "type": "rich_text_section",
                        "elements": [
                            {
                                "type": "text",
                                "text": "Hi, Cameron! I didn’t get the invite, I’ll send "
                            },
                            {
                                "type": "user",
                                "user_id": "U012KCMPP0V"
                            },
                            {
                                "type": "text",
                                "text": " my email address. Ah, 13:00 UTC works as well for me! thanks!"
                            }
                        ]
                    }
                ]
            }
        ],
        "thread_ts": "1599579368.165300",
        "parent_user_id": "U01AJ7NJ5HN"
    }
]