[
    {
        "type": "message",
        "subtype": "channel_join",
        "ts": "1598385362.000200",
        "user": "UKTGLQNGG",
        "text": "<@UKTGLQNGG> has joined the channel"
    },
    {
        "type": "message",
        "subtype": "channel_purpose",
        "ts": "1598385363.000300",
        "user": "UKTGLQNGG",
        "text": "<@UKTGLQNGG> set the channel purpose: Discussion about the cross-domain management of glossaries project",
        "purpose": "Discussion about the cross-domain management of glossaries project"
    },
    {
        "type": "message",
        "subtype": "channel_join",
        "ts": "1598385387.000500",
        "user": "U012KCMPP0V",
        "text": "<@U012KCMPP0V> has joined the channel",
        "inviter": "UKTGLQNGG"
    },
    {
        "type": "message",
        "subtype": "channel_join",
        "ts": "1598385387.000700",
        "user": "U018GVAH3FX",
        "text": "<@U018GVAH3FX> has joined the channel",
        "inviter": "UKTGLQNGG"
    },
    {
        "type": "message",
        "subtype": "channel_join",
        "ts": "1598385387.000900",
        "user": "U0170HMB87K",
        "text": "<@U0170HMB87K> has joined the channel",
        "inviter": "UKTGLQNGG"
    },
    {
        "client_msg_id": "2de41574-07a3-4e7c-a80f-28a86fde4b8e",
        "type": "message",
        "text": "I've created this channel for those of us who are contributing to the cross-domain management of glossaries pilot.",
        "user": "UKTGLQNGG",
        "ts": "1598385550.002100",
        "team": "TKFJE6LDR",
        "user_team": "TKFJE6LDR",
        "source_team": "TKFJE6LDR",
        "user_profile": {
            "avatar_hash": "d6f4de222bb1",
            "image_72": "https:\/\/avatars.slack-edge.com\/2020-07-20\/1235580478119_d6f4de222bb1ed6b5960_72.jpg",
            "first_name": "Cameron",
            "real_name": "Cameron Shorter",
            "display_name": "cameronshorter",
            "team": "TKFJE6LDR",
            "name": "cameron.shorter",
            "is_restricted": false,
            "is_ultra_restricted": false
        },
        "blocks": [
            {
                "type": "rich_text",
                "block_id": "E+kR",
                "elements": [
                    {
                        "type": "rich_text_section",
                        "elements": [
                            {
                                "type": "text",
                                "text": "I've created this channel for those of us who are contributing to the cross-domain management of glossaries pilot."
                            }
                        ]
                    }
                ]
            }
        ]
    },
    {
        "client_msg_id": "7bdab2ff-ef70-441d-88b9-7f54ee2f7abf",
        "type": "message",
        "text": "<https:\/\/app.slack.com\/team\/U0170HMB87K|Ankita>  [10:25 PM]\nHey <@U018GVAH3FX>\nReese has shared the OSGeo Glossary doc with us. I have updated the link here: <https:\/\/docs.google.com\/spreadsheets\/d\/1YySAeNGZYdsffcSo3-MY7D4JZI3GT1S5aArM8QFLB5s\/edit#gid=66685673>\n\nHe has given us write access so that we can discuss and start putting stuff.\nWe need to come up with. a strategy as well. I am going through a lot of material around it. Will share it in the same sheet. And I guess, we will be more clear after our Friday meeting! :hugging_face:\nAnd do let me know how do we go about it?",
        "user": "UKTGLQNGG",
        "ts": "1598385721.002300",
        "team": "TKFJE6LDR",
        "user_team": "TKFJE6LDR",
        "source_team": "TKFJE6LDR",
        "user_profile": {
            "avatar_hash": "d6f4de222bb1",
            "image_72": "https:\/\/avatars.slack-edge.com\/2020-07-20\/1235580478119_d6f4de222bb1ed6b5960_72.jpg",
            "first_name": "Cameron",
            "real_name": "Cameron Shorter",
            "display_name": "cameronshorter",
            "team": "TKFJE6LDR",
            "name": "cameron.shorter",
            "is_restricted": false,
            "is_ultra_restricted": false
        },
        "blocks": [
            {
                "type": "rich_text",
                "block_id": "+cNl",
                "elements": [
                    {
                        "type": "rich_text_section",
                        "elements": [
                            {
                                "type": "link",
                                "url": "https:\/\/app.slack.com\/team\/U0170HMB87K",
                                "text": "Ankita"
                            },
                            {
                                "type": "text",
                                "text": "  [10:25 PM]\nHey "
                            },
                            {
                                "type": "user",
                                "user_id": "U018GVAH3FX"
                            },
                            {
                                "type": "text",
                                "text": "\nReese has shared the OSGeo Glossary doc with us. I have updated the link here: "
                            },
                            {
                                "type": "link",
                                "url": "https:\/\/docs.google.com\/spreadsheets\/d\/1YySAeNGZYdsffcSo3-MY7D4JZI3GT1S5aArM8QFLB5s\/edit#gid=66685673"
                            },
                            {
                                "type": "text",
                                "text": "\n\nHe has given us write access so that we can discuss and start putting stuff.\nWe need to come up with. a strategy as well. I am going through a lot of material around it. Will share it in the same sheet. And I guess, we will be more clear after our Friday meeting! "
                            },
                            {
                                "type": "emoji",
                                "name": "hugging_face"
                            },
                            {
                                "type": "text",
                                "text": "\nAnd do let me know how do we go about it?"
                            }
                        ]
                    }
                ]
            }
        ]
    },
    {
        "type": "message",
        "subtype": "channel_join",
        "ts": "1598388977.002500",
        "user": "U019252DK0F",
        "text": "<@U019252DK0F> has joined the channel"
    },
    {
        "type": "message",
        "subtype": "channel_join",
        "ts": "1598389355.002700",
        "user": "UKV4ZPEFQ",
        "text": "<@UKV4ZPEFQ> has joined the channel"
    }
]