[
    {
        "client_msg_id": "88b61da6-e8c2-4b78-9e1c-5d2e3752b526",
        "type": "message",
        "text": "Yes, thank you!",
        "user": "U012KCMPP0V",
        "ts": "1599497713.146000",
        "team": "TKFJE6LDR",
        "user_team": "TKFJE6LDR",
        "source_team": "TKFJE6LDR",
        "user_profile": {
            "avatar_hash": "b26729f0b5f2",
            "image_72": "https:\/\/avatars.slack-edge.com\/2020-04-27\/1089031639347_b26729f0b5f2375494a1_72.png",
            "first_name": "Alyssa",
            "real_name": "Alyssa",
            "display_name": "Alyssa",
            "team": "TKFJE6LDR",
            "name": "alyssa.rock.biz",
            "is_restricted": false,
            "is_ultra_restricted": false
        },
        "blocks": [
            {
                "type": "rich_text",
                "block_id": "jyRo",
                "elements": [
                    {
                        "type": "rich_text_section",
                        "elements": [
                            {
                                "type": "text",
                                "text": "Yes, thank you!"
                            }
                        ]
                    }
                ]
            }
        ],
        "thread_ts": "1599346485.133700",
        "parent_user_id": "UKTGLQNGG"
    },
    {
        "client_msg_id": "297d74f2-af8a-4185-aa6e-d93da4d89560",
        "type": "message",
        "text": "Tomorrow at <https:\/\/www.timeanddate.com\/worldclock\/meetingdetails.html?year=2020&amp;month=9&amp;day=9&amp;hour=1&amp;min=30&amp;sec=0&amp;p1=22&amp;p2=240&amp;p3=248&amp;p4=102&amp;p5=44&amp;p6=26&amp;p7=136&amp;p8=179&amp;p9=224|01:30 UTC>,  <@U01A1CBD0CC> is demoing the GeoLexia\/Glossarist software in US\/NZ\/AU\/HK\/IN timezone. This is the software we are planning to use to update OSGeo terms. <@U019252DK0F> I'm wondering if you'd want to sit in on this? <@U012KCMPP0V> has set up the meeting and will record it.\n<@U01A1CBD0CC>, would you mind picking a timeslot that works for your HK timezone and EU? I think most of the OSGeo term contributors will be EU based: <@U01ABLZMV7E>, <@U01AJ7NJ5HN>, <@U01A3NR03E1>, <@U01AJ7NJ5HN>. I suggest a timeslot at <https:\/\/www.timeanddate.com\/worldclock\/meetingdetails.html?year=2020&amp;month=9&amp;day=9&amp;hour=11&amp;min=0&amp;sec=0&amp;p1=22&amp;p2=240&amp;p3=248&amp;p4=102&amp;p5=44&amp;p6=26&amp;p7=136&amp;p8=179&amp;p9=224|11:00 UTC> tomorrow (Wed), plus or minus an hour. (This should will likely work for most timezones). Who would like to attend? Can you make this timeslot, and if not, would you like to move it forward or back a little?",
        "user": "UKTGLQNGG",
        "ts": "1599507654.154600",
        "team": "TKFJE6LDR",
        "user_team": "TKFJE6LDR",
        "source_team": "TKFJE6LDR",
        "user_profile": {
            "avatar_hash": "d6f4de222bb1",
            "image_72": "https:\/\/avatars.slack-edge.com\/2020-07-20\/1235580478119_d6f4de222bb1ed6b5960_72.jpg",
            "first_name": "Cameron",
            "real_name": "Cameron Shorter",
            "display_name": "cameronshorter",
            "team": "TKFJE6LDR",
            "name": "cameron.shorter",
            "is_restricted": false,
            "is_ultra_restricted": false
        },
        "attachments": [
            {
                "title": "The World Clock Meeting Planner - Details",
                "title_link": "https:\/\/www.timeanddate.com\/worldclock\/meetingdetails.html?year=2020&month=9&day=9&hour=1&min=30&sec=0&p1=22&p2=240&p3=248&p4=102&p5=44&p6=26&p7=136&p8=179&p9=224",
                "text": "Local time for a meeting, in user selected locations.",
                "fallback": "The World Clock Meeting Planner - Details",
                "image_url": "https:\/\/c.tadst.com\/gfx\/og\/tadlogo-facebook.png",
                "from_url": "https:\/\/www.timeanddate.com\/worldclock\/meetingdetails.html?year=2020&month=9&day=9&hour=1&min=30&sec=0&p1=22&p2=240&p3=248&p4=102&p5=44&p6=26&p7=136&p8=179&p9=224",
                "image_width": 476,
                "image_height": 250,
                "image_bytes": 55884,
                "service_icon": "https:\/\/www.timeanddate.com\/favicon.ico",
                "service_name": "timeanddate.com",
                "id": 1,
                "original_url": "https:\/\/www.timeanddate.com\/worldclock\/meetingdetails.html?year=2020&amp;month=9&amp;day=9&amp;hour=1&amp;min=30&amp;sec=0&amp;p1=22&amp;p2=240&amp;p3=248&amp;p4=102&amp;p5=44&amp;p6=26&amp;p7=136&amp;p8=179&amp;p9=224"
            },
            {
                "title": "The World Clock Meeting Planner - Details",
                "title_link": "https:\/\/www.timeanddate.com\/worldclock\/meetingdetails.html?year=2020&month=9&day=9&hour=11&min=0&sec=0&p1=22&p2=240&p3=248&p4=102&p5=44&p6=26&p7=136&p8=179&p9=224",
                "text": "Local time for a meeting, in user selected locations.",
                "fallback": "The World Clock Meeting Planner - Details",
                "image_url": "https:\/\/c.tadst.com\/gfx\/og\/tadlogo-facebook.png",
                "from_url": "https:\/\/www.timeanddate.com\/worldclock\/meetingdetails.html?year=2020&month=9&day=9&hour=11&min=0&sec=0&p1=22&p2=240&p3=248&p4=102&p5=44&p6=26&p7=136&p8=179&p9=224",
                "image_width": 476,
                "image_height": 250,
                "image_bytes": 55884,
                "service_icon": "https:\/\/www.timeanddate.com\/favicon.ico",
                "service_name": "timeanddate.com",
                "id": 2,
                "original_url": "https:\/\/www.timeanddate.com\/worldclock\/meetingdetails.html?year=2020&amp;month=9&amp;day=9&amp;hour=11&amp;min=0&amp;sec=0&amp;p1=22&amp;p2=240&amp;p3=248&amp;p4=102&amp;p5=44&amp;p6=26&amp;p7=136&amp;p8=179&amp;p9=224"
            }
        ],
        "blocks": [
            {
                "type": "rich_text",
                "block_id": "rS9U1",
                "elements": [
                    {
                        "type": "rich_text_section",
                        "elements": [
                            {
                                "type": "text",
                                "text": "Tomorrow at "
                            },
                            {
                                "type": "link",
                                "url": "https:\/\/www.timeanddate.com\/worldclock\/meetingdetails.html?year=2020&month=9&day=9&hour=1&min=30&sec=0&p1=22&p2=240&p3=248&p4=102&p5=44&p6=26&p7=136&p8=179&p9=224",
                                "text": "01:30 UTC"
                            },
                            {
                                "type": "text",
                                "text": ",  "
                            },
                            {
                                "type": "user",
                                "user_id": "U01A1CBD0CC"
                            },
                            {
                                "type": "text",
                                "text": " is demoing the GeoLexia\/Glossarist software in US\/NZ\/AU\/HK\/IN timezone. This is the software we are planning to use to update OSGeo terms. "
                            },
                            {
                                "type": "user",
                                "user_id": "U019252DK0F"
                            },
                            {
                                "type": "text",
                                "text": " I'm wondering if you'd want to sit in on this? "
                            },
                            {
                                "type": "user",
                                "user_id": "U012KCMPP0V"
                            },
                            {
                                "type": "text",
                                "text": " has set up the meeting and will record it.\n"
                            },
                            {
                                "type": "user",
                                "user_id": "U01A1CBD0CC"
                            },
                            {
                                "type": "text",
                                "text": ", would you mind picking a timeslot that works for your HK timezone and EU? I think most of the OSGeo term contributors will be EU based: "
                            },
                            {
                                "type": "user",
                                "user_id": "U01ABLZMV7E"
                            },
                            {
                                "type": "text",
                                "text": ", "
                            },
                            {
                                "type": "user",
                                "user_id": "U01AJ7NJ5HN"
                            },
                            {
                                "type": "text",
                                "text": ", "
                            },
                            {
                                "type": "user",
                                "user_id": "U01A3NR03E1"
                            },
                            {
                                "type": "text",
                                "text": ", "
                            },
                            {
                                "type": "user",
                                "user_id": "U01AJ7NJ5HN"
                            },
                            {
                                "type": "text",
                                "text": ". I suggest a timeslot at "
                            },
                            {
                                "type": "link",
                                "url": "https:\/\/www.timeanddate.com\/worldclock\/meetingdetails.html?year=2020&month=9&day=9&hour=11&min=0&sec=0&p1=22&p2=240&p3=248&p4=102&p5=44&p6=26&p7=136&p8=179&p9=224",
                                "text": "11:00 UTC"
                            },
                            {
                                "type": "text",
                                "text": " tomorrow (Wed), plus or minus an hour. (This should will likely work for most timezones). Who would like to attend? Can you make this timeslot, and if not, would you like to move it forward or back a little?"
                            }
                        ]
                    }
                ]
            }
        ]
    },
    {
        "type": "message",
        "subtype": "channel_join",
        "ts": "1599507661.154900",
        "user": "U01A3NR03E1",
        "text": "<@U01A3NR03E1> has joined the channel",
        "inviter": "UKTGLQNGG"
    },
    {
        "client_msg_id": "0e4857de-23ea-450a-85bd-f6f5ecf4d281",
        "type": "message",
        "text": "<@UKTGLQNGG> <@U012KCMPP0V> I will try to attend, but I'm conducting interviews all week.  I will follow up with the recording after the fact if I am not able to attend.",
        "user": "U019252DK0F",
        "ts": "1599515505.155800",
        "team": "TKFJE6LDR",
        "user_team": "TKFJE6LDR",
        "source_team": "TKFJE6LDR",
        "user_profile": {
            "avatar_hash": "33a3d3a9190d",
            "image_72": "https:\/\/avatars.slack-edge.com\/2020-09-09\/1347808982341_33a3d3a9190d60e700de_72.jpg",
            "first_name": "brandon",
            "real_name": "brandon whitehead",
            "display_name": "brandon",
            "team": "TKFJE6LDR",
            "name": "brandonnodnarb",
            "is_restricted": false,
            "is_ultra_restricted": false
        },
        "blocks": [
            {
                "type": "rich_text",
                "block_id": "acw",
                "elements": [
                    {
                        "type": "rich_text_section",
                        "elements": [
                            {
                                "type": "user",
                                "user_id": "UKTGLQNGG"
                            },
                            {
                                "type": "text",
                                "text": " "
                            },
                            {
                                "type": "user",
                                "user_id": "U012KCMPP0V"
                            },
                            {
                                "type": "text",
                                "text": " I will try to attend, but I'm conducting interviews all week.  I will follow up with the recording after the fact if I am not able to attend."
                            }
                        ]
                    }
                ]
            }
        ],
        "reactions": [
            {
                "name": "+1",
                "users": [
                    "U012KCMPP0V",
                    "U01A1CBD0CC"
                ],
                "count": 2
            }
        ]
    },
    {
        "client_msg_id": "1f9e65da-c399-460d-9af2-257d9f2635f4",
        "type": "message",
        "text": "Also, <@UKTGLQNGG> <@U012KCMPP0V> you are sending things to my auckland uni email address --- I assume this is from previous correspondence with <@UKTGLQNGG> (otherwise I'm not sure how you would have that address).  I do not check that account as often so please do update your list(s).",
        "user": "U019252DK0F",
        "ts": "1599515658.157800",
        "team": "TKFJE6LDR",
        "user_team": "TKFJE6LDR",
        "source_team": "TKFJE6LDR",
        "user_profile": {
            "avatar_hash": "33a3d3a9190d",
            "image_72": "https:\/\/avatars.slack-edge.com\/2020-09-09\/1347808982341_33a3d3a9190d60e700de_72.jpg",
            "first_name": "brandon",
            "real_name": "brandon whitehead",
            "display_name": "brandon",
            "team": "TKFJE6LDR",
            "name": "brandonnodnarb",
            "is_restricted": false,
            "is_ultra_restricted": false
        },
        "blocks": [
            {
                "type": "rich_text",
                "block_id": "3viGm",
                "elements": [
                    {
                        "type": "rich_text_section",
                        "elements": [
                            {
                                "type": "text",
                                "text": "Also, "
                            },
                            {
                                "type": "user",
                                "user_id": "UKTGLQNGG"
                            },
                            {
                                "type": "text",
                                "text": " "
                            },
                            {
                                "type": "user",
                                "user_id": "U012KCMPP0V"
                            },
                            {
                                "type": "text",
                                "text": " you are sending things to my auckland uni email address --- I assume this is from previous correspondence with "
                            },
                            {
                                "type": "user",
                                "user_id": "UKTGLQNGG"
                            },
                            {
                                "type": "text",
                                "text": " (otherwise I'm not sure how you would have that address).  I do not check that account as often so please do update your list(s)."
                            }
                        ]
                    }
                ]
            }
        ],
        "thread_ts": "1599515658.157800",
        "reply_count": 5,
        "reply_users_count": 2,
        "latest_reply": "1599613026.168600",
        "reply_users": [
            "UKTGLQNGG",
            "U019252DK0F"
        ],
        "replies": [
            {
                "user": "UKTGLQNGG",
                "ts": "1599546494.159500"
            },
            {
                "user": "U019252DK0F",
                "ts": "1599612243.168000"
            },
            {
                "user": "UKTGLQNGG",
                "ts": "1599612484.168200"
            },
            {
                "user": "U019252DK0F",
                "ts": "1599612754.168400"
            },
            {
                "user": "UKTGLQNGG",
                "ts": "1599613026.168600"
            }
        ],
        "subscribed": false,
        "reactions": [
            {
                "name": "heavy_check_mark",
                "users": [
                    "U012KCMPP0V"
                ],
                "count": 1
            }
        ]
    },
    {
        "client_msg_id": "b95cf08b-c7ee-4ac0-acea-26efaca51dbb",
        "type": "message",
        "text": "<@U019252DK0F> I suggest you share the email address you'd like people to contact you on, either in this chat, or send a message to <mailto:lexicon@lists.osgeo.org|lexicon@lists.osgeo.org> from the email address you'd like to receive emails from.",
        "user": "UKTGLQNGG",
        "ts": "1599546494.159500",
        "team": "TKFJE6LDR",
        "user_team": "TKFJE6LDR",
        "source_team": "TKFJE6LDR",
        "user_profile": {
            "avatar_hash": "d6f4de222bb1",
            "image_72": "https:\/\/avatars.slack-edge.com\/2020-07-20\/1235580478119_d6f4de222bb1ed6b5960_72.jpg",
            "first_name": "Cameron",
            "real_name": "Cameron Shorter",
            "display_name": "cameronshorter",
            "team": "TKFJE6LDR",
            "name": "cameron.shorter",
            "is_restricted": false,
            "is_ultra_restricted": false
        },
        "blocks": [
            {
                "type": "rich_text",
                "block_id": "vG3O6",
                "elements": [
                    {
                        "type": "rich_text_section",
                        "elements": [
                            {
                                "type": "user",
                                "user_id": "U019252DK0F"
                            },
                            {
                                "type": "text",
                                "text": " I suggest you share the email address you'd like people to contact you on, either in this chat, or send a message to "
                            },
                            {
                                "type": "link",
                                "url": "mailto:lexicon@lists.osgeo.org",
                                "text": "lexicon@lists.osgeo.org"
                            },
                            {
                                "type": "text",
                                "text": " from the email address you'd like to receive emails from."
                            }
                        ]
                    }
                ]
            }
        ],
        "thread_ts": "1599515658.157800",
        "parent_user_id": "U019252DK0F"
    }
]