[
    {
        "type": "message",
        "subtype": "channel_join",
        "ts": "1598831947.000200",
        "user": "U019YA7SD0U",
        "text": "<@U019YA7SD0U> has joined the channel"
    },
    {
        "client_msg_id": "430e3468-4240-4aff-bba1-ad2cdac34d9e",
        "type": "message",
        "text": "I believe there is an OSGeoLive fortnightly meeting tomorrow on IRC. I'll try and wake up for it. OSGeoLive is where I'd like to get our glossaries published, and where we can connect with other OSGeoLive projects. <@U0170HMB87K> it will likely be a bad timeslot for you, but if you want to join, details are here: <https:\/\/trac.osgeo.org\/osgeolive>",
        "user": "UKTGLQNGG",
        "ts": "1598845634.003900",
        "team": "TKFJE6LDR",
        "user_team": "TKFJE6LDR",
        "source_team": "TKFJE6LDR",
        "user_profile": {
            "avatar_hash": "d6f4de222bb1",
            "image_72": "https:\/\/avatars.slack-edge.com\/2020-07-20\/1235580478119_d6f4de222bb1ed6b5960_72.jpg",
            "first_name": "Cameron",
            "real_name": "Cameron Shorter",
            "display_name": "cameronshorter",
            "team": "TKFJE6LDR",
            "name": "cameron.shorter",
            "is_restricted": false,
            "is_ultra_restricted": false
        },
        "blocks": [
            {
                "type": "rich_text",
                "block_id": "sDy",
                "elements": [
                    {
                        "type": "rich_text_section",
                        "elements": [
                            {
                                "type": "text",
                                "text": "I believe there is an OSGeoLive fortnightly meeting tomorrow on IRC. I'll try and wake up for it. OSGeoLive is where I'd like to get our glossaries published, and where we can connect with other OSGeoLive projects. "
                            },
                            {
                                "type": "user",
                                "user_id": "U0170HMB87K"
                            },
                            {
                                "type": "text",
                                "text": " it will likely be a bad timeslot for you, but if you want to join, details are here: "
                            },
                            {
                                "type": "link",
                                "url": "https:\/\/trac.osgeo.org\/osgeolive"
                            }
                        ]
                    }
                ]
            }
        ],
        "thread_ts": "1598845634.003900",
        "reply_count": 12,
        "reply_users_count": 2,
        "latest_reply": "1598869919.006200",
        "reply_users": [
            "U0170HMB87K",
            "UKTGLQNGG"
        ],
        "replies": [
            {
                "user": "U0170HMB87K",
                "ts": "1598853334.004000"
            },
            {
                "user": "UKTGLQNGG",
                "ts": "1598857259.004200"
            },
            {
                "user": "U0170HMB87K",
                "ts": "1598857552.004400"
            },
            {
                "user": "UKTGLQNGG",
                "ts": "1598857583.004600"
            },
            {
                "user": "UKTGLQNGG",
                "ts": "1598857598.004800"
            },
            {
                "user": "U0170HMB87K",
                "ts": "1598857675.005000"
            },
            {
                "user": "U0170HMB87K",
                "ts": "1598857681.005200"
            },
            {
                "user": "UKTGLQNGG",
                "ts": "1598857710.005400"
            },
            {
                "user": "U0170HMB87K",
                "ts": "1598858057.005600"
            },
            {
                "user": "UKTGLQNGG",
                "ts": "1598858232.005800"
            },
            {
                "user": "U0170HMB87K",
                "ts": "1598858710.006000"
            },
            {
                "user": "UKTGLQNGG",
                "ts": "1598869919.006200"
            }
        ],
        "subscribed": false
    },
    {
        "client_msg_id": "277a121e-8b91-4a83-8c24-8f81c8eb2a46",
        "type": "message",
        "text": "Oh! I will check it out",
        "user": "U0170HMB87K",
        "ts": "1598853334.004000",
        "team": "TKFJE6LDR",
        "user_team": "TKFJE6LDR",
        "source_team": "TKFJE6LDR",
        "user_profile": {
            "avatar_hash": "f39553b0636b",
            "image_72": "https:\/\/avatars.slack-edge.com\/2020-07-22\/1249269540710_f39553b0636b29704992_72.jpg",
            "first_name": "",
            "real_name": "Ankita",
            "display_name": "Ankita",
            "team": "TKFJE6LDR",
            "name": "ankitatripathi.2312",
            "is_restricted": false,
            "is_ultra_restricted": false
        },
        "blocks": [
            {
                "type": "rich_text",
                "block_id": "eDq4",
                "elements": [
                    {
                        "type": "rich_text_section",
                        "elements": [
                            {
                                "type": "text",
                                "text": "Oh! I will check it out"
                            }
                        ]
                    }
                ]
            }
        ],
        "thread_ts": "1598845634.003900",
        "parent_user_id": "UKTGLQNGG"
    }
]