[
    {
        "client_msg_id": "8a94f967-70d4-4bad-9d5b-cf0079fd44ec",
        "type": "message",
        "text": "Hi participants in second demonstration:\nThe proposed Wed 9th 11:00 UTC has been shifted to 13:00 UTC",
        "user": "U01AJ7NJ5HN",
        "ts": "1599641286.172500",
        "team": "TKFJE6LDR",
        "user_team": "TKFJE6LDR",
        "source_team": "TKFJE6LDR",
        "user_profile": {
            "avatar_hash": "g3170143ce3d",
            "image_72": "https:\/\/secure.gravatar.com\/avatar\/3170143ce3da3f3fa9d9b180f43d9104.jpg?s=72&d=https%3A%2F%2Fa.slack-edge.com%2Fdf10d%2Fimg%2Favatars%2Fava_0002-72.png",
            "first_name": "",
            "real_name": "Erik Stubkjær",
            "display_name": "Erik Stubkjær",
            "team": "TKFJE6LDR",
            "name": "est",
            "is_restricted": false,
            "is_ultra_restricted": false
        },
        "blocks": [
            {
                "type": "rich_text",
                "block_id": "=0rB",
                "elements": [
                    {
                        "type": "rich_text_section",
                        "elements": [
                            {
                                "type": "text",
                                "text": "Hi participants in second demonstration:\nThe proposed Wed 9th 11:00 UTC has been shifted to 13:00 UTC"
                            }
                        ]
                    }
                ]
            }
        ],
        "thread_ts": "1599641286.172500",
        "reply_count": 5,
        "reply_users_count": 3,
        "latest_reply": "1599643890.173400",
        "reply_users": [
            "UKTGLQNGG",
            "U01ABLZMV7E",
            "U01AJ7NJ5HN"
        ],
        "replies": [
            {
                "user": "UKTGLQNGG",
                "ts": "1599641432.172600"
            },
            {
                "user": "UKTGLQNGG",
                "ts": "1599641522.172800"
            },
            {
                "user": "U01ABLZMV7E",
                "ts": "1599643768.173000"
            },
            {
                "user": "U01AJ7NJ5HN",
                "ts": "1599643842.173200"
            },
            {
                "user": "U01ABLZMV7E",
                "ts": "1599643890.173400"
            }
        ],
        "subscribed": false
    },
    {
        "client_msg_id": "71e188dc-06b6-42ed-9ddc-e426623cdfba",
        "type": "message",
        "text": "Yes Erik, the meeting was moved back to give the US people for the call time to wake up and attend. Hopefully you have an invite from Alyssa?",
        "user": "UKTGLQNGG",
        "ts": "1599641432.172600",
        "team": "TKFJE6LDR",
        "user_team": "TKFJE6LDR",
        "source_team": "TKFJE6LDR",
        "user_profile": {
            "avatar_hash": "d6f4de222bb1",
            "image_72": "https:\/\/avatars.slack-edge.com\/2020-07-20\/1235580478119_d6f4de222bb1ed6b5960_72.jpg",
            "first_name": "Cameron",
            "real_name": "Cameron Shorter",
            "display_name": "cameronshorter",
            "team": "TKFJE6LDR",
            "name": "cameron.shorter",
            "is_restricted": false,
            "is_ultra_restricted": false
        },
        "blocks": [
            {
                "type": "rich_text",
                "block_id": "7pv2j",
                "elements": [
                    {
                        "type": "rich_text_section",
                        "elements": [
                            {
                                "type": "text",
                                "text": "Yes Erik, the meeting was moved back to give the US people for the call time to wake up and attend. Hopefully you have an invite from Alyssa?"
                            }
                        ]
                    }
                ]
            }
        ],
        "thread_ts": "1599641286.172500",
        "parent_user_id": "U01AJ7NJ5HN"
    },
    {
        "client_msg_id": "233c7e13-b16f-4956-bac6-5b842f25a92a",
        "type": "message",
        "text": "<@U01AJ7NJ5HN> if you have the meeting details, could you please share with Codrina. It seems she doesn't have them.",
        "user": "UKTGLQNGG",
        "ts": "1599641522.172800",
        "team": "TKFJE6LDR",
        "user_team": "TKFJE6LDR",
        "source_team": "TKFJE6LDR",
        "user_profile": {
            "avatar_hash": "d6f4de222bb1",
            "image_72": "https:\/\/avatars.slack-edge.com\/2020-07-20\/1235580478119_d6f4de222bb1ed6b5960_72.jpg",
            "first_name": "Cameron",
            "real_name": "Cameron Shorter",
            "display_name": "cameronshorter",
            "team": "TKFJE6LDR",
            "name": "cameron.shorter",
            "is_restricted": false,
            "is_ultra_restricted": false
        },
        "blocks": [
            {
                "type": "rich_text",
                "block_id": "osWuU",
                "elements": [
                    {
                        "type": "rich_text_section",
                        "elements": [
                            {
                                "type": "user",
                                "user_id": "U01AJ7NJ5HN"
                            },
                            {
                                "type": "text",
                                "text": " if you have the meeting details, could you please share with Codrina. It seems she doesn't have them."
                            }
                        ]
                    }
                ]
            }
        ],
        "thread_ts": "1599641286.172500",
        "parent_user_id": "U01AJ7NJ5HN"
    },
    {
        "client_msg_id": "9f0c97cf-c8f6-4d89-9714-82646afd9c4e",
        "type": "message",
        "text": "Thank you, I didn’t have them.",
        "user": "U01ABLZMV7E",
        "ts": "1599643768.173000",
        "team": "TKFJE6LDR",
        "user_team": "TKFJE6LDR",
        "source_team": "TKFJE6LDR",
        "user_profile": {
            "avatar_hash": "322d8ad14d52",
            "image_72": "https:\/\/avatars.slack-edge.com\/2020-09-05\/1351713799684_322d8ad14d5229ae723a_72.jpg",
            "first_name": "",
            "real_name": "Codrina Maria Ilie",
            "display_name": "Codrina Maria Ilie",
            "team": "TKFJE6LDR",
            "name": "codrinamariailie",
            "is_restricted": false,
            "is_ultra_restricted": false
        },
        "blocks": [
            {
                "type": "rich_text",
                "block_id": "XZP2",
                "elements": [
                    {
                        "type": "rich_text_section",
                        "elements": [
                            {
                                "type": "text",
                                "text": "Thank you, I didn’t have them."
                            }
                        ]
                    }
                ]
            }
        ],
        "thread_ts": "1599641286.172500",
        "parent_user_id": "U01AJ7NJ5HN"
    },
    {
        "client_msg_id": "525efd33-471c-4d85-abf6-ab9bf21c81be",
        "type": "message",
        "text": "<@UKTGLQNGG> I got invitation fine and shared with Codrina",
        "user": "U01AJ7NJ5HN",
        "ts": "1599643842.173200",
        "team": "TKFJE6LDR",
        "user_team": "TKFJE6LDR",
        "source_team": "TKFJE6LDR",
        "user_profile": {
            "avatar_hash": "g3170143ce3d",
            "image_72": "https:\/\/secure.gravatar.com\/avatar\/3170143ce3da3f3fa9d9b180f43d9104.jpg?s=72&d=https%3A%2F%2Fa.slack-edge.com%2Fdf10d%2Fimg%2Favatars%2Fava_0002-72.png",
            "first_name": "",
            "real_name": "Erik Stubkjær",
            "display_name": "Erik Stubkjær",
            "team": "TKFJE6LDR",
            "name": "est",
            "is_restricted": false,
            "is_ultra_restricted": false
        },
        "blocks": [
            {
                "type": "rich_text",
                "block_id": "ir=R",
                "elements": [
                    {
                        "type": "rich_text_section",
                        "elements": [
                            {
                                "type": "user",
                                "user_id": "UKTGLQNGG"
                            },
                            {
                                "type": "text",
                                "text": " I got invitation fine and shared with Codrina"
                            }
                        ]
                    }
                ]
            }
        ],
        "thread_ts": "1599641286.172500",
        "parent_user_id": "U01AJ7NJ5HN"
    },
    {
        "client_msg_id": "25174adf-4f6a-4e15-9297-b0774e949591",
        "type": "message",
        "text": "received! thank you",
        "user": "U01ABLZMV7E",
        "ts": "1599643890.173400",
        "team": "TKFJE6LDR",
        "user_team": "TKFJE6LDR",
        "source_team": "TKFJE6LDR",
        "user_profile": {
            "avatar_hash": "322d8ad14d52",
            "image_72": "https:\/\/avatars.slack-edge.com\/2020-09-05\/1351713799684_322d8ad14d5229ae723a_72.jpg",
            "first_name": "",
            "real_name": "Codrina Maria Ilie",
            "display_name": "Codrina Maria Ilie",
            "team": "TKFJE6LDR",
            "name": "codrinamariailie",
            "is_restricted": false,
            "is_ultra_restricted": false
        },
        "blocks": [
            {
                "type": "rich_text",
                "block_id": "Qb+",
                "elements": [
                    {
                        "type": "rich_text_section",
                        "elements": [
                            {
                                "type": "text",
                                "text": "received! thank you"
                            }
                        ]
                    }
                ]
            }
        ],
        "thread_ts": "1599641286.172500",
        "parent_user_id": "U01AJ7NJ5HN"
    },
    {
        "client_msg_id": "797b6631-a0c9-4347-b4a0-2c1b5bfb7da8",
        "type": "message",
        "text": "<@U018GVAH3FX> on the quick scheduling call a few hours ago you mentioned the project summary\/scope document that you were writing. i think this is very valuable for a clear understanding and successful operation of the project. i hope you will share that when you are finished with it.  thank you.",
        "user": "U019YA7SD0U",
        "ts": "1599650439.175900",
        "team": "TKFJE6LDR",
        "user_team": "TKFJE6LDR",
        "source_team": "TKFJE6LDR",
        "user_profile": {
            "avatar_hash": "gd927840085e",
            "image_72": "https:\/\/secure.gravatar.com\/avatar\/d927840085e81f89fb210807b02ee5bc.jpg?s=72&d=https%3A%2F%2Fa.slack-edge.com%2Fdf10d%2Fimg%2Favatars%2Fava_0007-72.png",
            "first_name": "Reese",
            "real_name": "Reese Plews",
            "display_name": "Reese Plews (TC211 TMG)",
            "team": "TKFJE6LDR",
            "name": "rplews",
            "is_restricted": false,
            "is_ultra_restricted": false
        },
        "blocks": [
            {
                "type": "rich_text",
                "block_id": "eP9kA",
                "elements": [
                    {
                        "type": "rich_text_section",
                        "elements": [
                            {
                                "type": "user",
                                "user_id": "U018GVAH3FX"
                            },
                            {
                                "type": "text",
                                "text": " on the quick scheduling call a few hours ago you mentioned the project summary\/scope document that you were writing. i think this is very valuable for a clear understanding and successful operation of the project. i hope you will share that when you are finished with it.  thank you."
                            }
                        ]
                    }
                ]
            }
        ],
        "thread_ts": "1599650439.175900",
        "reply_count": 6,
        "reply_users_count": 3,
        "latest_reply": "1599720993.181300",
        "reply_users": [
            "U018GVAH3FX",
            "UKTGLQNGG",
            "U0170HMB87K"
        ],
        "replies": [
            {
                "user": "U018GVAH3FX",
                "ts": "1599666049.179000"
            },
            {
                "user": "UKTGLQNGG",
                "ts": "1599678487.179700"
            },
            {
                "user": "U018GVAH3FX",
                "ts": "1599683432.179900"
            },
            {
                "user": "U0170HMB87K",
                "ts": "1599714102.180900"
            },
            {
                "user": "UKTGLQNGG",
                "ts": "1599720509.181100"
            },
            {
                "user": "U0170HMB87K",
                "ts": "1599720993.181300"
            }
        ],
        "subscribed": false
    },
    {
        "client_msg_id": "1845ba7c-e6ca-481c-a5c5-ae9bfdbdcbff",
        "type": "message",
        "text": "Meeting for the demo of the Glossarist tool by <@U01A1CBD0CC> starting in another 30 minutes. Please join the Zoom meeting here:\n<https:\/\/us02web.zoom.us\/j\/81152124663?pwd=WlZjOTduMDZqQkptRHZHTWNlSVl4UT09>\n\nMeeting ID: 811 5212 4663\nPasscode: 630703\n\n\n<@U01ABLZMV7E> You can join the aforementioned link. Please let me know if that doesn't work. See you! :slightly_smiling_face:",
        "user": "U0170HMB87K",
        "ts": "1599654854.177400",
        "team": "TKFJE6LDR",
        "user_team": "TKFJE6LDR",
        "source_team": "TKFJE6LDR",
        "user_profile": {
            "avatar_hash": "f39553b0636b",
            "image_72": "https:\/\/avatars.slack-edge.com\/2020-07-22\/1249269540710_f39553b0636b29704992_72.jpg",
            "first_name": "",
            "real_name": "Ankita",
            "display_name": "Ankita",
            "team": "TKFJE6LDR",
            "name": "ankitatripathi.2312",
            "is_restricted": false,
            "is_ultra_restricted": false
        },
        "edited": {
            "user": "U0170HMB87K",
            "ts": "1599656479.000000"
        },
        "blocks": [
            {
                "type": "rich_text",
                "block_id": "F87s",
                "elements": [
                    {
                        "type": "rich_text_section",
                        "elements": [
                            {
                                "type": "text",
                                "text": "Meeting for the demo of the Glossarist tool by "
                            },
                            {
                                "type": "user",
                                "user_id": "U01A1CBD0CC"
                            },
                            {
                                "type": "text",
                                "text": " starting in another 30 minutes. Please join the Zoom meeting here:\n"
                            },
                            {
                                "type": "link",
                                "url": "https:\/\/us02web.zoom.us\/j\/81152124663?pwd=WlZjOTduMDZqQkptRHZHTWNlSVl4UT09"
                            },
                            {
                                "type": "text",
                                "text": "\n\nMeeting ID: 811 5212 4663\nPasscode: 630703\n\n\n"
                            },
                            {
                                "type": "user",
                                "user_id": "U01ABLZMV7E"
                            },
                            {
                                "type": "text",
                                "text": " You can join the aforementioned link. Please let me know if that doesn't work. See you! "
                            },
                            {
                                "type": "emoji",
                                "name": "slightly_smiling_face"
                            }
                        ]
                    }
                ]
            }
        ]
    },
    {
        "type": "message",
        "text": "Thanks to <@U01A1CBD0CC> for demoing the Glossarist project today! Here's the recording of the demo. <@UKTGLQNGG>, would you be willing to figure out the best way to distribute this recording through the mailing list?",
        "files": [
            {
                "id": "F01AC8H75EW",
                "created": 1599661887,
                "timestamp": 1599661887,
                "name": "Glossarist_demo.mp4",
                "title": "Glossarist_demo.mp4",
                "mimetype": "video\/mp4",
                "filetype": "mp4",
                "pretty_type": "MPEG 4 Video",
                "user": "U012KCMPP0V",
                "editable": false,
                "size": 113638304,
                "mode": "hosted",
                "is_external": false,
                "external_type": "",
                "is_public": true,
                "public_url_shared": false,
                "display_as_bot": false,
                "username": "",
                "url_private": "https:\/\/files.slack.com\/files-pri\/TKFJE6LDR-F01AC8H75EW\/glossarist_demo.mp4?t=xoxe-661626224467-1562611298038-1581972681841-65ee1aaab8778b70cf90365aafaf1f92",
                "url_private_download": "https:\/\/files.slack.com\/files-pri\/TKFJE6LDR-F01AC8H75EW\/download\/glossarist_demo.mp4?t=xoxe-661626224467-1562611298038-1581972681841-65ee1aaab8778b70cf90365aafaf1f92",
                "thumb_video": "https:\/\/files.slack.com\/files-tmb\/TKFJE6LDR-F01AC8H75EW-b7e886f47e\/glossarist_demo_thumb_video.jpeg?t=xoxe-661626224467-1562611298038-1581972681841-65ee1aaab8778b70cf90365aafaf1f92",
                "permalink": "https:\/\/thegooddocs.slack.com\/files\/U012KCMPP0V\/F01AC8H75EW\/glossarist_demo.mp4",
                "permalink_public": "https:\/\/slack-files.com\/TKFJE6LDR-F01AC8H75EW-5e507e16b9",
                "is_starred": false,
                "has_rich_preview": false
            }
        ],
        "upload": false,
        "blocks": [
            {
                "type": "rich_text",
                "block_id": "TQCuE",
                "elements": [
                    {
                        "type": "rich_text_section",
                        "elements": [
                            {
                                "type": "text",
                                "text": "Thanks to "
                            },
                            {
                                "type": "user",
                                "user_id": "U01A1CBD0CC"
                            },
                            {
                                "type": "text",
                                "text": " for demoing the Glossarist project today! Here's the recording of the demo. "
                            },
                            {
                                "type": "user",
                                "user_id": "UKTGLQNGG"
                            },
                            {
                                "type": "text",
                                "text": ", would you be willing to figure out the best way to distribute this recording through the mailing list?"
                            }
                        ]
                    }
                ]
            }
        ],
        "user": "U012KCMPP0V",
        "display_as_bot": false,
        "ts": "1599662072.178600",
        "thread_ts": "1599662072.178600",
        "reply_count": 8,
        "reply_users_count": 5,
        "latest_reply": "1599750531.183500",
        "reply_users": [
            "UKTGLQNGG",
            "U012KCMPP0V",
            "U019YA7SD0U",
            "U0170HMB87K",
            "U01A1CBD0CC"
        ],
        "replies": [
            {
                "user": "UKTGLQNGG",
                "ts": "1599677984.179500"
            },
            {
                "user": "U012KCMPP0V",
                "ts": "1599691530.180100"
            },
            {
                "user": "U019YA7SD0U",
                "ts": "1599700782.180300"
            },
            {
                "user": "U012KCMPP0V",
                "ts": "1599700837.180500"
            },
            {
                "user": "U019YA7SD0U",
                "ts": "1599701505.180700"
            },
            {
                "user": "U0170HMB87K",
                "ts": "1599721987.181500"
            },
            {
                "user": "U01A1CBD0CC",
                "ts": "1599732533.181900"
            },
            {
                "user": "U012KCMPP0V",
                "ts": "1599750531.183500"
            }
        ],
        "subscribed": false
    },
    {
        "client_msg_id": "ddbcaf4e-e4a7-4e10-b4df-79838ed44b8c",
        "type": "message",
        "text": "<@U019YA7SD0U> I was actually asking to gain a better understanding of what it is that we're trying to do. There's a lot of information to filter through. But, yes, that's a good idea. May be I should indeed write the scope and share it. Thank you for the idea!",
        "user": "U018GVAH3FX",
        "ts": "1599666049.179000",
        "team": "TKFJE6LDR",
        "user_team": "TKFJE6LDR",
        "source_team": "TKFJE6LDR",
        "user_profile": {
            "avatar_hash": "ge5dc7096981",
            "image_72": "https:\/\/secure.gravatar.com\/avatar\/e5dc709698120b8f32e53b9472f12064.jpg?s=72&d=https%3A%2F%2Fa.slack-edge.com%2Fdf10d%2Fimg%2Favatars%2Fava_0015-72.png",
            "first_name": "",
            "real_name": "Naini",
            "display_name": "Naini",
            "team": "TKFJE6LDR",
            "name": "khajanchi.naini",
            "is_restricted": false,
            "is_ultra_restricted": false
        },
        "edited": {
            "user": "U018GVAH3FX",
            "ts": "1599666114.000000"
        },
        "blocks": [
            {
                "type": "rich_text",
                "block_id": "YYR",
                "elements": [
                    {
                        "type": "rich_text_section",
                        "elements": [
                            {
                                "type": "user",
                                "user_id": "U019YA7SD0U"
                            },
                            {
                                "type": "text",
                                "text": " I was actually asking to gain a better understanding of what it is that we're trying to do. There's a lot of information to filter through. But, yes, that's a good idea. May be I should indeed write the scope and share it. Thank you for the idea!"
                            }
                        ]
                    }
                ]
            }
        ],
        "thread_ts": "1599650439.175900",
        "parent_user_id": "U019YA7SD0U"
    },
    {
        "client_msg_id": "1185a69d-ec21-4bca-b3ac-4f40b1c998be",
        "type": "message",
        "text": "I don't think we want to keep large videos in our github repository as it is too big. Nor do we want it in someone's google drive, which will blow out their storage quota and may get deleted. Probably we should upload to Youtube, then link back to it from an email to our list, and also from our meeting notes.",
        "user": "UKTGLQNGG",
        "ts": "1599677984.179500",
        "team": "TKFJE6LDR",
        "user_team": "TKFJE6LDR",
        "source_team": "TKFJE6LDR",
        "user_profile": {
            "avatar_hash": "d6f4de222bb1",
            "image_72": "https:\/\/avatars.slack-edge.com\/2020-07-20\/1235580478119_d6f4de222bb1ed6b5960_72.jpg",
            "first_name": "Cameron",
            "real_name": "Cameron Shorter",
            "display_name": "cameronshorter",
            "team": "TKFJE6LDR",
            "name": "cameron.shorter",
            "is_restricted": false,
            "is_ultra_restricted": false
        },
        "blocks": [
            {
                "type": "rich_text",
                "block_id": "zkS",
                "elements": [
                    {
                        "type": "rich_text_section",
                        "elements": [
                            {
                                "type": "text",
                                "text": "I don't think we want to keep large videos in our github repository as it is too big. Nor do we want it in someone's google drive, which will blow out their storage quota and may get deleted. Probably we should upload to Youtube, then link back to it from an email to our list, and also from our meeting notes."
                            }
                        ]
                    }
                ]
            }
        ],
        "thread_ts": "1599662072.178600",
        "parent_user_id": "U012KCMPP0V"
    },
    {
        "client_msg_id": "fcb9a963-b0ab-4f77-a6e7-24907f3a2777",
        "type": "message",
        "text": "<@U018GVAH3FX> I haven't done a good job of answering this question of yours yet. <@U0170HMB87K> and I discussed it a bit more yesterday and I think she has some ideas for your project scope idea. I'd be happy to try and answer better for you - maybe after our weekly meeting this week. I'm hoping to get a speaking slot for The Good Docs Project at the Australia\/India Write The Docs conference in December. I'm proposing to split into multiple lightning talks, with glossaries being one topic. Maybe consider writing that lightning talk as a way to present this information.",
        "user": "UKTGLQNGG",
        "ts": "1599678487.179700",
        "team": "TKFJE6LDR",
        "user_team": "TKFJE6LDR",
        "source_team": "TKFJE6LDR",
        "user_profile": {
            "avatar_hash": "d6f4de222bb1",
            "image_72": "https:\/\/avatars.slack-edge.com\/2020-07-20\/1235580478119_d6f4de222bb1ed6b5960_72.jpg",
            "first_name": "Cameron",
            "real_name": "Cameron Shorter",
            "display_name": "cameronshorter",
            "team": "TKFJE6LDR",
            "name": "cameron.shorter",
            "is_restricted": false,
            "is_ultra_restricted": false
        },
        "blocks": [
            {
                "type": "rich_text",
                "block_id": "ks1=",
                "elements": [
                    {
                        "type": "rich_text_section",
                        "elements": [
                            {
                                "type": "user",
                                "user_id": "U018GVAH3FX"
                            },
                            {
                                "type": "text",
                                "text": " I haven't done a good job of answering this question of yours yet. "
                            },
                            {
                                "type": "user",
                                "user_id": "U0170HMB87K"
                            },
                            {
                                "type": "text",
                                "text": " and I discussed it a bit more yesterday and I think she has some ideas for your project scope idea. I'd be happy to try and answer better for you - maybe after our weekly meeting this week. I'm hoping to get a speaking slot for The Good Docs Project at the Australia\/India Write The Docs conference in December. I'm proposing to split into multiple lightning talks, with glossaries being one topic. Maybe consider writing that lightning talk as a way to present this information."
                            }
                        ]
                    }
                ]
            }
        ],
        "thread_ts": "1599650439.175900",
        "parent_user_id": "U019YA7SD0U"
    },
    {
        "client_msg_id": "9284a0a0-0c28-4577-a7ca-c6657d5198cf",
        "type": "message",
        "text": "Sure, we can do that. As for the lightning talk, yes, that's a good idea",
        "user": "U018GVAH3FX",
        "ts": "1599683432.179900",
        "team": "TKFJE6LDR",
        "user_team": "TKFJE6LDR",
        "source_team": "TKFJE6LDR",
        "user_profile": {
            "avatar_hash": "ge5dc7096981",
            "image_72": "https:\/\/secure.gravatar.com\/avatar\/e5dc709698120b8f32e53b9472f12064.jpg?s=72&d=https%3A%2F%2Fa.slack-edge.com%2Fdf10d%2Fimg%2Favatars%2Fava_0015-72.png",
            "first_name": "",
            "real_name": "Naini",
            "display_name": "Naini",
            "team": "TKFJE6LDR",
            "name": "khajanchi.naini",
            "is_restricted": false,
            "is_ultra_restricted": false
        },
        "blocks": [
            {
                "type": "rich_text",
                "block_id": "diGNS",
                "elements": [
                    {
                        "type": "rich_text_section",
                        "elements": [
                            {
                                "type": "text",
                                "text": "Sure, we can do that. As for the lightning talk, yes, that's a good idea"
                            }
                        ]
                    }
                ]
            }
        ],
        "thread_ts": "1599650439.175900",
        "parent_user_id": "U019YA7SD0U"
    },
    {
        "client_msg_id": "a919c6a4-537f-48ee-8335-b0e85e1466a6",
        "type": "message",
        "text": "Per our meeting, I'll upload this to YouTube and distribute it that way",
        "user": "U012KCMPP0V",
        "ts": "1599691530.180100",
        "team": "TKFJE6LDR",
        "user_team": "TKFJE6LDR",
        "source_team": "TKFJE6LDR",
        "user_profile": {
            "avatar_hash": "b26729f0b5f2",
            "image_72": "https:\/\/avatars.slack-edge.com\/2020-04-27\/1089031639347_b26729f0b5f2375494a1_72.png",
            "first_name": "Alyssa",
            "real_name": "Alyssa",
            "display_name": "Alyssa",
            "team": "TKFJE6LDR",
            "name": "alyssa.rock.biz",
            "is_restricted": false,
            "is_ultra_restricted": false
        },
        "blocks": [
            {
                "type": "rich_text",
                "block_id": "bcF",
                "elements": [
                    {
                        "type": "rich_text_section",
                        "elements": [
                            {
                                "type": "text",
                                "text": "Per our meeting, I'll upload this to YouTube and distribute it that way"
                            }
                        ]
                    }
                ]
            }
        ],
        "thread_ts": "1599662072.178600",
        "parent_user_id": "U012KCMPP0V"
    },
    {
        "client_msg_id": "b22e92bc-41e7-4e37-835f-15fa6552172a",
        "type": "message",
        "text": "<@U012KCMPP0V> thanks for making the video. however maybe the comments at the end can be removed. and it may be better to ask <@U01A1CBD0CC> before uploading to youtube.",
        "user": "U019YA7SD0U",
        "ts": "1599700782.180300",
        "team": "TKFJE6LDR",
        "user_team": "TKFJE6LDR",
        "source_team": "TKFJE6LDR",
        "user_profile": {
            "avatar_hash": "gd927840085e",
            "image_72": "https:\/\/secure.gravatar.com\/avatar\/d927840085e81f89fb210807b02ee5bc.jpg?s=72&d=https%3A%2F%2Fa.slack-edge.com%2Fdf10d%2Fimg%2Favatars%2Fava_0007-72.png",
            "first_name": "Reese",
            "real_name": "Reese Plews",
            "display_name": "Reese Plews (TC211 TMG)",
            "team": "TKFJE6LDR",
            "name": "rplews",
            "is_restricted": false,
            "is_ultra_restricted": false
        },
        "blocks": [
            {
                "type": "rich_text",
                "block_id": "zmRy",
                "elements": [
                    {
                        "type": "rich_text_section",
                        "elements": [
                            {
                                "type": "user",
                                "user_id": "U012KCMPP0V"
                            },
                            {
                                "type": "text",
                                "text": " thanks for making the video. however maybe the comments at the end can be removed. and it may be better to ask "
                            },
                            {
                                "type": "user",
                                "user_id": "U01A1CBD0CC"
                            },
                            {
                                "type": "text",
                                "text": " before uploading to youtube."
                            }
                        ]
                    }
                ]
            }
        ],
        "thread_ts": "1599662072.178600",
        "parent_user_id": "U012KCMPP0V"
    },
    {
        "client_msg_id": "38e77930-badc-4584-a093-232a691676ba",
        "type": "message",
        "text": "I'm not sure I have the ability to edit these videos, but I'll do my best",
        "user": "U012KCMPP0V",
        "ts": "1599700837.180500",
        "team": "TKFJE6LDR",
        "user_team": "TKFJE6LDR",
        "source_team": "TKFJE6LDR",
        "user_profile": {
            "avatar_hash": "b26729f0b5f2",
            "image_72": "https:\/\/avatars.slack-edge.com\/2020-04-27\/1089031639347_b26729f0b5f2375494a1_72.png",
            "first_name": "Alyssa",
            "real_name": "Alyssa",
            "display_name": "Alyssa",
            "team": "TKFJE6LDR",
            "name": "alyssa.rock.biz",
            "is_restricted": false,
            "is_ultra_restricted": false
        },
        "blocks": [
            {
                "type": "rich_text",
                "block_id": "ZyJ1",
                "elements": [
                    {
                        "type": "rich_text_section",
                        "elements": [
                            {
                                "type": "text",
                                "text": "I'm not sure I have the ability to edit these videos, but I'll do my best"
                            }
                        ]
                    }
                ]
            }
        ],
        "thread_ts": "1599662072.178600",
        "parent_user_id": "U012KCMPP0V"
    },
    {
        "client_msg_id": "f89983fe-9001-4b9f-ae20-de73d9a25058",
        "type": "message",
        "text": "<@U012KCMPP0V> it was just a thought... perhaps discuss with <@U01A1CBD0CC> first before you spend your time...",
        "user": "U019YA7SD0U",
        "ts": "1599701505.180700",
        "team": "TKFJE6LDR",
        "user_team": "TKFJE6LDR",
        "source_team": "TKFJE6LDR",
        "user_profile": {
            "avatar_hash": "gd927840085e",
            "image_72": "https:\/\/secure.gravatar.com\/avatar\/d927840085e81f89fb210807b02ee5bc.jpg?s=72&d=https%3A%2F%2Fa.slack-edge.com%2Fdf10d%2Fimg%2Favatars%2Fava_0007-72.png",
            "first_name": "Reese",
            "real_name": "Reese Plews",
            "display_name": "Reese Plews (TC211 TMG)",
            "team": "TKFJE6LDR",
            "name": "rplews",
            "is_restricted": false,
            "is_ultra_restricted": false
        },
        "blocks": [
            {
                "type": "rich_text",
                "block_id": "9\/GNA",
                "elements": [
                    {
                        "type": "rich_text_section",
                        "elements": [
                            {
                                "type": "user",
                                "user_id": "U012KCMPP0V"
                            },
                            {
                                "type": "text",
                                "text": " it was just a thought... perhaps discuss with "
                            },
                            {
                                "type": "user",
                                "user_id": "U01A1CBD0CC"
                            },
                            {
                                "type": "text",
                                "text": " first before you spend your time..."
                            }
                        ]
                    }
                ]
            }
        ],
        "thread_ts": "1599662072.178600",
        "parent_user_id": "U012KCMPP0V"
    },
    {
        "client_msg_id": "7fddba69-52f6-473d-90f1-6d7988a08a0e",
        "type": "message",
        "text": "Sure <@UKTGLQNGG>. After our discussion yesterday, planning something on it. Also, this reminds me that the last date for CFP for WTD Aus\/Ind is 14th Spet (since I have been handling that:grinning:). Are we preparing to send our proposal by that date?\nIf yes, then are we sending the presentation that you had shared for Glossaries project or we need to prepare one?",
        "user": "U0170HMB87K",
        "ts": "1599714102.180900",
        "team": "TKFJE6LDR",
        "user_team": "TKFJE6LDR",
        "source_team": "TKFJE6LDR",
        "user_profile": {
            "avatar_hash": "f39553b0636b",
            "image_72": "https:\/\/avatars.slack-edge.com\/2020-07-22\/1249269540710_f39553b0636b29704992_72.jpg",
            "first_name": "",
            "real_name": "Ankita",
            "display_name": "Ankita",
            "team": "TKFJE6LDR",
            "name": "ankitatripathi.2312",
            "is_restricted": false,
            "is_ultra_restricted": false
        },
        "blocks": [
            {
                "type": "rich_text",
                "block_id": "8FEH",
                "elements": [
                    {
                        "type": "rich_text_section",
                        "elements": [
                            {
                                "type": "text",
                                "text": "Sure "
                            },
                            {
                                "type": "user",
                                "user_id": "UKTGLQNGG"
                            },
                            {
                                "type": "text",
                                "text": ". After our discussion yesterday, planning something on it. Also, this reminds me that the last date for CFP for WTD Aus\/Ind is 14th Spet (since I have been handling that"
                            },
                            {
                                "type": "emoji",
                                "name": "grinning"
                            },
                            {
                                "type": "text",
                                "text": "). Are we preparing to send our proposal by that date?\nIf yes, then are we sending the presentation that you had shared for Glossaries project or we need to prepare one?"
                            }
                        ]
                    }
                ]
            }
        ],
        "thread_ts": "1599650439.175900",
        "parent_user_id": "U019YA7SD0U"
    },
    {
        "client_msg_id": "ab015869-e855-4754-9cc1-c9c5104586e8",
        "type": "message",
        "text": "Ankita, I submitted a proposal to the Australian\/Indian Write the Docs conference a few weeks back. I've just forwarded a copy to the list. If it is selected, I'll like to share the presentation with multiple people.",
        "user": "UKTGLQNGG",
        "ts": "1599720509.181100",
        "team": "TKFJE6LDR",
        "user_team": "TKFJE6LDR",
        "source_team": "TKFJE6LDR",
        "user_profile": {
            "avatar_hash": "d6f4de222bb1",
            "image_72": "https:\/\/avatars.slack-edge.com\/2020-07-20\/1235580478119_d6f4de222bb1ed6b5960_72.jpg",
            "first_name": "Cameron",
            "real_name": "Cameron Shorter",
            "display_name": "cameronshorter",
            "team": "TKFJE6LDR",
            "name": "cameron.shorter",
            "is_restricted": false,
            "is_ultra_restricted": false
        },
        "blocks": [
            {
                "type": "rich_text",
                "block_id": "pFtGH",
                "elements": [
                    {
                        "type": "rich_text_section",
                        "elements": [
                            {
                                "type": "text",
                                "text": "Ankita, I submitted a proposal to the Australian\/Indian Write the Docs conference a few weeks back. I've just forwarded a copy to the list. If it is selected, I'll like to share the presentation with multiple people."
                            }
                        ]
                    }
                ]
            }
        ],
        "thread_ts": "1599650439.175900",
        "parent_user_id": "U019YA7SD0U"
    },
    {
        "client_msg_id": "e26e4aa3-4ca1-4633-9282-c3c10c55eab5",
        "type": "message",
        "text": "Awesome! Thanks Cameron. Will have a look :star-struck:",
        "user": "U0170HMB87K",
        "ts": "1599720993.181300",
        "team": "TKFJE6LDR",
        "user_team": "TKFJE6LDR",
        "source_team": "TKFJE6LDR",
        "user_profile": {
            "avatar_hash": "f39553b0636b",
            "image_72": "https:\/\/avatars.slack-edge.com\/2020-07-22\/1249269540710_f39553b0636b29704992_72.jpg",
            "first_name": "",
            "real_name": "Ankita",
            "display_name": "Ankita",
            "team": "TKFJE6LDR",
            "name": "ankitatripathi.2312",
            "is_restricted": false,
            "is_ultra_restricted": false
        },
        "blocks": [
            {
                "type": "rich_text",
                "block_id": "Wx3Q",
                "elements": [
                    {
                        "type": "rich_text_section",
                        "elements": [
                            {
                                "type": "text",
                                "text": "Awesome! Thanks Cameron. Will have a look "
                            },
                            {
                                "type": "emoji",
                                "name": "star-struck"
                            }
                        ]
                    }
                ]
            }
        ],
        "thread_ts": "1599650439.175900",
        "parent_user_id": "U019YA7SD0U"
    }
]