[
    {
        "client_msg_id": "b6fe070f-8a12-4578-a6b5-514461686532",
        "type": "message",
        "text": "Hi all,\n\nI commented on 'Suggested Actions (by Cameron):' in the Meeting minutes, but repeat it here:\n\nWhat fields and word structure should be in a term definition?\no Action: (OGC\/ISO folks. Reese, Ron, Erik?) Please provide URLs ..\n\tI would suggest 17 specifications from the Land Division part of the OGC Land and Infrastructure Conceptual Model Standard (LandInfra), available at <http:\/\/docs.opengeospatial.org\/is\/15-111r1\/15-111r1.html#13>. When these are done, we could continue with (a selection of) surveying terms, and others\n\no Action (Tech Writers Naini?) Review, collate, simplify terms\/rules.\n \tI would like to join.\n\nTest\/learn Ron’s software\n\tI would like to learn and use\n\nForgive me that I have not yet apprehended the potential of this variety of communication channels\nErik",
        "user": "U01AJ7NJ5HN",
        "ts": "1599040115.050300",
        "team": "TKFJE6LDR",
        "user_team": "TKFJE6LDR",
        "source_team": "TKFJE6LDR",
        "user_profile": {
            "avatar_hash": "g3170143ce3d",
            "image_72": "https:\/\/secure.gravatar.com\/avatar\/3170143ce3da3f3fa9d9b180f43d9104.jpg?s=72&d=https%3A%2F%2Fa.slack-edge.com%2Fdf10d%2Fimg%2Favatars%2Fava_0002-72.png",
            "first_name": "",
            "real_name": "Erik Stubkjær",
            "display_name": "Erik Stubkjær",
            "team": "TKFJE6LDR",
            "name": "est",
            "is_restricted": false,
            "is_ultra_restricted": false
        },
        "blocks": [
            {
                "type": "rich_text",
                "block_id": "4uI",
                "elements": [
                    {
                        "type": "rich_text_section",
                        "elements": [
                            {
                                "type": "text",
                                "text": "Hi all,\n\nI commented on 'Suggested Actions (by Cameron):' in the Meeting minutes, but repeat it here:\n\nWhat fields and word structure should be in a term definition?\no Action: (OGC\/ISO folks. Reese, Ron, Erik?) Please provide URLs ..\n\tI would suggest 17 specifications from the Land Division part of the OGC Land and Infrastructure Conceptual Model Standard (LandInfra), available at "
                            },
                            {
                                "type": "link",
                                "url": "http:\/\/docs.opengeospatial.org\/is\/15-111r1\/15-111r1.html#13"
                            },
                            {
                                "type": "text",
                                "text": ". When these are done, we could continue with (a selection of) surveying terms, and others\n\no Action (Tech Writers Naini?) Review, collate, simplify terms\/rules.\n \tI would like to join.\n\nTest\/learn Ron’s software\n\tI would like to learn and use\n\nForgive me that I have not yet apprehended the potential of this variety of communication channels\nErik"
                            }
                        ]
                    }
                ]
            }
        ],
        "thread_ts": "1599040115.050300",
        "reply_count": 3,
        "reply_users_count": 2,
        "latest_reply": "1599084186.050800",
        "reply_users": [
            "U019YA7SD0U",
            "U01AJ7NJ5HN"
        ],
        "replies": [
            {
                "user": "U019YA7SD0U",
                "ts": "1599043294.050400"
            },
            {
                "user": "U01AJ7NJ5HN",
                "ts": "1599075582.050600"
            },
            {
                "user": "U019YA7SD0U",
                "ts": "1599084186.050800"
            }
        ],
        "subscribed": false
    },
    {
        "client_msg_id": "13137077-0864-471f-8bb5-b3d453d25f71",
        "type": "message",
        "text": "hello <@U01AJ7NJ5HN> thank you for joining the group. Slack is an interesting communication too. regarding \"What fields and word structure should be in a term definition\" you mentioned the Landinfra standard. which clauses from that should we look at, only terminology? i am editing the original lexicon groups drafting procedures that i shared with the group some months back. it will be ready for discussion during the meeting Cameron scheduled. those drafting procedures list up information from the iso directives for drafting terminology entries. i am hoping we can discuss those rules and that they will be easy for the technical writers to work with. in my opinion our terminology entries should be structured based on ISO rules. at this time, i am not so concerned about the \"fields or domains\" of terms we want to work with. OSGEO is rather large with many different domains. TC211 is not really categorizing the terms into respective fields either.  in some cases there would be significant overlap.",
        "user": "U019YA7SD0U",
        "ts": "1599043294.050400",
        "team": "TKFJE6LDR",
        "user_team": "TKFJE6LDR",
        "source_team": "TKFJE6LDR",
        "user_profile": {
            "avatar_hash": "gd927840085e",
            "image_72": "https:\/\/secure.gravatar.com\/avatar\/d927840085e81f89fb210807b02ee5bc.jpg?s=72&d=https%3A%2F%2Fa.slack-edge.com%2Fdf10d%2Fimg%2Favatars%2Fava_0007-72.png",
            "first_name": "Reese",
            "real_name": "Reese Plews",
            "display_name": "Reese Plews (TC211 TMG)",
            "team": "TKFJE6LDR",
            "name": "rplews",
            "is_restricted": false,
            "is_ultra_restricted": false
        },
        "blocks": [
            {
                "type": "rich_text",
                "block_id": "G1jDn",
                "elements": [
                    {
                        "type": "rich_text_section",
                        "elements": [
                            {
                                "type": "text",
                                "text": "hello "
                            },
                            {
                                "type": "user",
                                "user_id": "U01AJ7NJ5HN"
                            },
                            {
                                "type": "text",
                                "text": " thank you for joining the group. Slack is an interesting communication too. regarding \"What fields and word structure should be in a term definition\" you mentioned the Landinfra standard. which clauses from that should we look at, only terminology? i am editing the original lexicon groups drafting procedures that i shared with the group some months back. it will be ready for discussion during the meeting Cameron scheduled. those drafting procedures list up information from the iso directives for drafting terminology entries. i am hoping we can discuss those rules and that they will be easy for the technical writers to work with. in my opinion our terminology entries should be structured based on ISO rules. at this time, i am not so concerned about the \"fields or domains\" of terms we want to work with. OSGEO is rather large with many different domains. TC211 is not really categorizing the terms into respective fields either.  in some cases there would be significant overlap."
                            }
                        ]
                    }
                ]
            }
        ],
        "thread_ts": "1599040115.050300",
        "parent_user_id": "U01AJ7NJ5HN"
    },
    {
        "client_msg_id": "e6ad71f4-6d8a-4cd4-bcda-d2acf6bb8096",
        "type": "message",
        "text": "hello <@U019YA7SD0U> I propose at the outset to focus on the <http:\/\/docs.opengeospatial.org\/is\/15-111r1\/15-111r1.html#13|4.8   Land Division Terms> section of LandInfra, because this is what I can manage and contribute to in the o Action Review.. - I want to contribute to a rephrasing of these definitions, etc to comply with the ISO rules you mention; please give me a link to your mentioned terminology entry drafting advises. - The meeting Cameron sheduled 'suggesting 30 min timeslot on Friday' is  between 2 and 3 night here in Denmark, so I am not participating. When I have read your advises, and tried to apply them, I hope to have an opportunity to discuss with you in the context of <#C019A1EQJMC|glossaries>",
        "user": "U01AJ7NJ5HN",
        "ts": "1599075582.050600",
        "team": "TKFJE6LDR",
        "user_team": "TKFJE6LDR",
        "source_team": "TKFJE6LDR",
        "user_profile": {
            "avatar_hash": "g3170143ce3d",
            "image_72": "https:\/\/secure.gravatar.com\/avatar\/3170143ce3da3f3fa9d9b180f43d9104.jpg?s=72&d=https%3A%2F%2Fa.slack-edge.com%2Fdf10d%2Fimg%2Favatars%2Fava_0002-72.png",
            "first_name": "",
            "real_name": "Erik Stubkjær",
            "display_name": "Erik Stubkjær",
            "team": "TKFJE6LDR",
            "name": "est",
            "is_restricted": false,
            "is_ultra_restricted": false
        },
        "blocks": [
            {
                "type": "rich_text",
                "block_id": "4Gnf",
                "elements": [
                    {
                        "type": "rich_text_section",
                        "elements": [
                            {
                                "type": "text",
                                "text": "hello "
                            },
                            {
                                "type": "user",
                                "user_id": "U019YA7SD0U"
                            },
                            {
                                "type": "text",
                                "text": " I propose at the outset to focus on the "
                            },
                            {
                                "type": "link",
                                "url": "http:\/\/docs.opengeospatial.org\/is\/15-111r1\/15-111r1.html#13",
                                "text": "4.8   Land Division Terms"
                            },
                            {
                                "type": "text",
                                "text": " section of LandInfra, because this is what I can manage and contribute to in the o Action Review.. - I want to contribute to a rephrasing of these definitions, etc to comply with the ISO rules you mention; please give me a link to your mentioned terminology entry drafting advises. - The meeting Cameron sheduled 'suggesting 30 min timeslot on Friday' is  between 2 and 3 night here in Denmark, so I am not participating. When I have read your advises, and tried to apply them, I hope to have an opportunity to discuss with you in the context of "
                            },
                            {
                                "type": "channel",
                                "channel_id": "C019A1EQJMC"
                            }
                        ]
                    }
                ]
            }
        ],
        "thread_ts": "1599040115.050300",
        "parent_user_id": "U01AJ7NJ5HN"
    },
    {
        "client_msg_id": "a59387e0-414a-40bd-8faa-a0d2adf850f8",
        "type": "message",
        "text": "thank you <@U01AJ7NJ5HN> i understand, and i  know the meeting time is not possible. alternate special meetings can be planned as needed. links to the documents i am revising will be posted here. you also have editor access to that document (osglex_doc_n2_Procedures_for_drafting_terminology_entries_2020-01-14) through your google drive account.",
        "user": "U019YA7SD0U",
        "ts": "1599084186.050800",
        "team": "TKFJE6LDR",
        "user_team": "TKFJE6LDR",
        "source_team": "TKFJE6LDR",
        "user_profile": {
            "avatar_hash": "gd927840085e",
            "image_72": "https:\/\/secure.gravatar.com\/avatar\/d927840085e81f89fb210807b02ee5bc.jpg?s=72&d=https%3A%2F%2Fa.slack-edge.com%2Fdf10d%2Fimg%2Favatars%2Fava_0007-72.png",
            "first_name": "Reese",
            "real_name": "Reese Plews",
            "display_name": "Reese Plews (TC211 TMG)",
            "team": "TKFJE6LDR",
            "name": "rplews",
            "is_restricted": false,
            "is_ultra_restricted": false
        },
        "blocks": [
            {
                "type": "rich_text",
                "block_id": "K2o+",
                "elements": [
                    {
                        "type": "rich_text_section",
                        "elements": [
                            {
                                "type": "text",
                                "text": "thank you "
                            },
                            {
                                "type": "user",
                                "user_id": "U01AJ7NJ5HN"
                            },
                            {
                                "type": "text",
                                "text": " i understand, and i  know the meeting time is not possible. alternate special meetings can be planned as needed. links to the documents i am revising will be posted here. you also have editor access to that document (osglex_doc_n2_Procedures_for_drafting_terminology_entries_2020-01-14) through your google drive account."
                            }
                        ]
                    }
                ]
            }
        ],
        "thread_ts": "1599040115.050300",
        "parent_user_id": "U01AJ7NJ5HN"
    },
    {
        "client_msg_id": "11dd517e-0057-4ea9-ade8-1fa7cbcf9181",
        "type": "message",
        "text": "in anticipation of the testing Nikos and Ron will do, i received an update from Nikos and added it to the <https:\/\/docs.google.com\/spreadsheets\/d\/1nFOa7qE309C6rbnhJXd0EjUKEiqCDYvgpCJpyTjbhmo\/edit?usp=sharing|abbreviated terms spreadsheet (osglex_doc_n3_OSGeo_Abbreviations_and_Acronyms_working)>\nthere are still a number of issues with the content in the sheet - such as categories, reference source identifiers, etc; tc211 does not manage abbreviated terms that well so there is need to improve how these would be handled inside of the geolexica framework. i think some of the code lists that Rob is working on could be used here but more discussion, in my opinion, is needed. the updated form is suitable for the testing that Ron and Nikos will do.",
        "user": "U019YA7SD0U",
        "ts": "1599095700.054400",
        "team": "TKFJE6LDR",
        "user_team": "TKFJE6LDR",
        "source_team": "TKFJE6LDR",
        "user_profile": {
            "avatar_hash": "gd927840085e",
            "image_72": "https:\/\/secure.gravatar.com\/avatar\/d927840085e81f89fb210807b02ee5bc.jpg?s=72&d=https%3A%2F%2Fa.slack-edge.com%2Fdf10d%2Fimg%2Favatars%2Fava_0007-72.png",
            "first_name": "Reese",
            "real_name": "Reese Plews",
            "display_name": "Reese Plews (TC211 TMG)",
            "team": "TKFJE6LDR",
            "name": "rplews",
            "is_restricted": false,
            "is_ultra_restricted": false
        },
        "blocks": [
            {
                "type": "rich_text",
                "block_id": "zdaC",
                "elements": [
                    {
                        "type": "rich_text_section",
                        "elements": [
                            {
                                "type": "text",
                                "text": "in anticipation of the testing Nikos and Ron will do, i received an update from Nikos and added it to the "
                            },
                            {
                                "type": "link",
                                "url": "https:\/\/docs.google.com\/spreadsheets\/d\/1nFOa7qE309C6rbnhJXd0EjUKEiqCDYvgpCJpyTjbhmo\/edit?usp=sharing",
                                "text": "abbreviated terms spreadsheet (osglex_doc_n3_OSGeo_Abbreviations_and_Acronyms_working)"
                            },
                            {
                                "type": "text",
                                "text": "\nthere are still a number of issues with the content in the sheet - such as categories, reference source identifiers, etc; tc211 does not manage abbreviated terms that well so there is need to improve how these would be handled inside of the geolexica framework. i think some of the code lists that Rob is working on could be used here but more discussion, in my opinion, is needed. the updated form is suitable for the testing that Ron and Nikos will do."
                            }
                        ]
                    }
                ]
            }
        ]
    },
    {
        "client_msg_id": "3f5b69cd-d1c7-4ed2-89ea-842c3ee700f7",
        "type": "message",
        "text": "hello <@U019252DK0F> Cameron told us a bit about the work you were doing in LandCare NZ, however i cannot find a link to the data that was proposed to be added to geolexica, can you provide a link to that data\/file. i wanted to take a quick look before discussion with Ron on import. thank you.",
        "user": "U019YA7SD0U",
        "ts": "1599096476.056900",
        "team": "TKFJE6LDR",
        "user_team": "TKFJE6LDR",
        "source_team": "TKFJE6LDR",
        "user_profile": {
            "avatar_hash": "gd927840085e",
            "image_72": "https:\/\/secure.gravatar.com\/avatar\/d927840085e81f89fb210807b02ee5bc.jpg?s=72&d=https%3A%2F%2Fa.slack-edge.com%2Fdf10d%2Fimg%2Favatars%2Fava_0007-72.png",
            "first_name": "Reese",
            "real_name": "Reese Plews",
            "display_name": "Reese Plews (TC211 TMG)",
            "team": "TKFJE6LDR",
            "name": "rplews",
            "is_restricted": false,
            "is_ultra_restricted": false
        },
        "blocks": [
            {
                "type": "rich_text",
                "block_id": "IxHMy",
                "elements": [
                    {
                        "type": "rich_text_section",
                        "elements": [
                            {
                                "type": "text",
                                "text": "hello "
                            },
                            {
                                "type": "user",
                                "user_id": "U019252DK0F"
                            },
                            {
                                "type": "text",
                                "text": " Cameron told us a bit about the work you were doing in LandCare NZ, however i cannot find a link to the data that was proposed to be added to geolexica, can you provide a link to that data\/file. i wanted to take a quick look before discussion with Ron on import. thank you."
                            }
                        ]
                    }
                ]
            }
        ]
    },
    {
        "client_msg_id": "cfa70f11-9be2-440a-8054-3edbb4c48e35",
        "type": "message",
        "text": "Hi <@U019YA7SD0U>, I'm not sure I follow.  I thought geolexica was more of a...vocabulary server\/service.  My most relevant previous work is probably the <https:\/\/www.nature.com\/articles\/s41538-019-0048-6|Global Agricultural Concept Space>  (paper has relevant links).",
        "user": "U019252DK0F",
        "ts": "1599096729.059700",
        "team": "TKFJE6LDR",
        "user_team": "TKFJE6LDR",
        "source_team": "TKFJE6LDR",
        "user_profile": {
            "avatar_hash": "33a3d3a9190d",
            "image_72": "https:\/\/avatars.slack-edge.com\/2020-09-09\/1347808982341_33a3d3a9190d60e700de_72.jpg",
            "first_name": "brandon",
            "real_name": "brandon whitehead",
            "display_name": "brandon",
            "team": "TKFJE6LDR",
            "name": "brandonnodnarb",
            "is_restricted": false,
            "is_ultra_restricted": false
        },
        "edited": {
            "user": "U019252DK0F",
            "ts": "1599096751.000000"
        },
        "attachments": [
            {
                "service_name": "npj Science of Food",
                "title": "Global agricultural concept space: lightweight semantics for pragmatic interoperability",
                "title_link": "https:\/\/www.nature.com\/articles\/s41538-019-0048-6",
                "text": "Progress on research and innovation in food technology depends increasingly on the use of structured vocabularies—concept schemes, thesauri, and ontologies—for discovering and re-using a diversity of data sources. Here, we report on GACS Core, a concept scheme in the larger Global Agricultural Concept Space (GACS), which was formed by mapping between the most frequently used concepts of AGROVOC, CAB Thesaurus, and NAL Thesaurus and serves as a target for mapping near-equivalent concepts from other vocabularies. It provides globally unique identifiers, which can be used as keywords in bibliographic databases, tags for web content, for building lightweight facet schemes, and for annotating spreadsheets, databases, and image metadata using synonyms and variant labels in 25 languages. The minimal semantics of GACS allows terms defined with more precision in ontologies, or less precision in controlled vocabularies, to be linked together making it easier to discover and integrate semantically diverse data sources.",
                "fallback": "npj Science of Food: Global agricultural concept space: lightweight semantics for pragmatic interoperability",
                "thumb_url": "https:\/\/media.springernature.com\/m685\/springer-static\/image\/art%3A10.1038%2Fs41538-019-0048-6\/MediaObjects\/41538_2019_48_Fig1_HTML.png",
                "from_url": "https:\/\/www.nature.com\/articles\/s41538-019-0048-6",
                "thumb_width": 685,
                "thumb_height": 175,
                "id": 1,
                "original_url": "https:\/\/www.nature.com\/articles\/s41538-019-0048-6"
            }
        ],
        "blocks": [
            {
                "type": "rich_text",
                "block_id": "gbp",
                "elements": [
                    {
                        "type": "rich_text_section",
                        "elements": [
                            {
                                "type": "text",
                                "text": "Hi "
                            },
                            {
                                "type": "user",
                                "user_id": "U019YA7SD0U"
                            },
                            {
                                "type": "text",
                                "text": ", I'm not sure I follow.  I thought geolexica was more of a...vocabulary server\/service.  My most relevant previous work is probably the "
                            },
                            {
                                "type": "link",
                                "url": "https:\/\/www.nature.com\/articles\/s41538-019-0048-6",
                                "text": "Global Agricultural Concept Space"
                            },
                            {
                                "type": "text",
                                "text": "  (paper has relevant links)."
                            }
                        ]
                    }
                ]
            }
        ]
    },
    {
        "client_msg_id": "0d4ba5d6-7760-463a-9870-52670816faab",
        "type": "message",
        "text": "The comment I made to <@UKTGLQNGG> was intending to be more along the lines of how the vocabulary\/glossary\/terms fit with the data available from Manaaki Whenua --- <https:\/\/www.landcareresearch.co.nz\/tools-and-resources\/databases\/>",
        "user": "U019252DK0F",
        "ts": "1599096857.061200",
        "team": "TKFJE6LDR",
        "user_team": "TKFJE6LDR",
        "source_team": "TKFJE6LDR",
        "user_profile": {
            "avatar_hash": "33a3d3a9190d",
            "image_72": "https:\/\/avatars.slack-edge.com\/2020-09-09\/1347808982341_33a3d3a9190d60e700de_72.jpg",
            "first_name": "brandon",
            "real_name": "brandon whitehead",
            "display_name": "brandon",
            "team": "TKFJE6LDR",
            "name": "brandonnodnarb",
            "is_restricted": false,
            "is_ultra_restricted": false
        },
        "attachments": [
            {
                "service_name": "Manaaki Whenua",
                "title": "Data &amp; databases",
                "title_link": "https:\/\/www.landcareresearch.co.nz\/tools-and-resources\/databases\/",
                "text": "Manaaki Whenua is the custodian of a number of nationally significant biological and resource collections and databases.",
                "fallback": "Manaaki Whenua: Data &amp; databases",
                "image_url": "https:\/\/www.landcareresearch.co.nz\/uploads\/public\/Tools-And-Resources\/Tools\/soiltrim__FitMaxWzEyMDAsNjMwXQ.jpg",
                "image_width": 926,
                "image_height": 250,
                "from_url": "https:\/\/www.landcareresearch.co.nz\/tools-and-resources\/databases\/",
                "image_bytes": 89967,
                "service_icon": "https:\/\/www.landcareresearch.co.nz\/_resources\/themes\/default\/images\/favicons\/apple-touch-icon.png?m=1598845318",
                "id": 1,
                "original_url": "https:\/\/www.landcareresearch.co.nz\/tools-and-resources\/databases\/"
            }
        ],
        "blocks": [
            {
                "type": "rich_text",
                "block_id": "+Pm",
                "elements": [
                    {
                        "type": "rich_text_section",
                        "elements": [
                            {
                                "type": "text",
                                "text": "The comment I made to "
                            },
                            {
                                "type": "user",
                                "user_id": "UKTGLQNGG"
                            },
                            {
                                "type": "text",
                                "text": " was intending to be more along the lines of how the vocabulary\/glossary\/terms fit with the data available from Manaaki Whenua --- "
                            },
                            {
                                "type": "link",
                                "url": "https:\/\/www.landcareresearch.co.nz\/tools-and-resources\/databases\/"
                            }
                        ]
                    }
                ]
            }
        ]
    },
    {
        "client_msg_id": "a9a89c72-20a6-412f-a05a-449e6c15ad6c",
        "type": "message",
        "text": "Sorry.  By \"fit\" I mean does it cover topics which would be appropriate to tag resource metadata.",
        "user": "U019252DK0F",
        "ts": "1599096966.062500",
        "team": "TKFJE6LDR",
        "user_team": "TKFJE6LDR",
        "source_team": "TKFJE6LDR",
        "user_profile": {
            "avatar_hash": "33a3d3a9190d",
            "image_72": "https:\/\/avatars.slack-edge.com\/2020-09-09\/1347808982341_33a3d3a9190d60e700de_72.jpg",
            "first_name": "brandon",
            "real_name": "brandon whitehead",
            "display_name": "brandon",
            "team": "TKFJE6LDR",
            "name": "brandonnodnarb",
            "is_restricted": false,
            "is_ultra_restricted": false
        },
        "blocks": [
            {
                "type": "rich_text",
                "block_id": "A=uk6",
                "elements": [
                    {
                        "type": "rich_text_section",
                        "elements": [
                            {
                                "type": "text",
                                "text": "Sorry.  By \"fit\" I mean does it cover topics which would be appropriate to tag resource metadata."
                            }
                        ]
                    }
                ]
            }
        ]
    },
    {
        "client_msg_id": "e271b66a-67eb-4728-bedf-4c8dfdd2db55",
        "type": "message",
        "text": "Does that help?",
        "user": "U019252DK0F",
        "ts": "1599096993.062700",
        "team": "TKFJE6LDR",
        "user_team": "TKFJE6LDR",
        "source_team": "TKFJE6LDR",
        "user_profile": {
            "avatar_hash": "33a3d3a9190d",
            "image_72": "https:\/\/avatars.slack-edge.com\/2020-09-09\/1347808982341_33a3d3a9190d60e700de_72.jpg",
            "first_name": "brandon",
            "real_name": "brandon whitehead",
            "display_name": "brandon",
            "team": "TKFJE6LDR",
            "name": "brandonnodnarb",
            "is_restricted": false,
            "is_ultra_restricted": false
        },
        "blocks": [
            {
                "type": "rich_text",
                "block_id": "iE7",
                "elements": [
                    {
                        "type": "rich_text_section",
                        "elements": [
                            {
                                "type": "text",
                                "text": "Does that help?"
                            }
                        ]
                    }
                ]
            }
        ]
    },
    {
        "client_msg_id": "53d841c0-7e64-4114-b762-dbbd7209a9b4",
        "type": "message",
        "text": "...or hurt?  :slightly_smiling_face:",
        "user": "U019252DK0F",
        "ts": "1599097001.062900",
        "team": "TKFJE6LDR",
        "user_team": "TKFJE6LDR",
        "source_team": "TKFJE6LDR",
        "user_profile": {
            "avatar_hash": "33a3d3a9190d",
            "image_72": "https:\/\/avatars.slack-edge.com\/2020-09-09\/1347808982341_33a3d3a9190d60e700de_72.jpg",
            "first_name": "brandon",
            "real_name": "brandon whitehead",
            "display_name": "brandon",
            "team": "TKFJE6LDR",
            "name": "brandonnodnarb",
            "is_restricted": false,
            "is_ultra_restricted": false
        },
        "blocks": [
            {
                "type": "rich_text",
                "block_id": "1GP",
                "elements": [
                    {
                        "type": "rich_text_section",
                        "elements": [
                            {
                                "type": "text",
                                "text": "...or hurt?  "
                            },
                            {
                                "type": "emoji",
                                "name": "slightly_smiling_face"
                            }
                        ]
                    }
                ]
            }
        ]
    },
    {
        "client_msg_id": "91a61c3b-696b-481a-be07-6718c370290b",
        "type": "message",
        "text": "hi <@U019252DK0F> thank you, let me  check this link... tools-and-resoruces\/databases  if those databases have glossaries then they would \"fit\" within the current \"terminology entry -- thinking\"... however",
        "user": "U019YA7SD0U",
        "ts": "1599097353.064900",
        "team": "TKFJE6LDR",
        "user_team": "TKFJE6LDR",
        "source_team": "TKFJE6LDR",
        "user_profile": {
            "avatar_hash": "gd927840085e",
            "image_72": "https:\/\/secure.gravatar.com\/avatar\/d927840085e81f89fb210807b02ee5bc.jpg?s=72&d=https%3A%2F%2Fa.slack-edge.com%2Fdf10d%2Fimg%2Favatars%2Fava_0007-72.png",
            "first_name": "Reese",
            "real_name": "Reese Plews",
            "display_name": "Reese Plews (TC211 TMG)",
            "team": "TKFJE6LDR",
            "name": "rplews",
            "is_restricted": false,
            "is_ultra_restricted": false
        },
        "blocks": [
            {
                "type": "rich_text",
                "block_id": "HZJ\/",
                "elements": [
                    {
                        "type": "rich_text_section",
                        "elements": [
                            {
                                "type": "text",
                                "text": "hi "
                            },
                            {
                                "type": "user",
                                "user_id": "U019252DK0F"
                            },
                            {
                                "type": "text",
                                "text": " thank you, let me  check this link... tools-and-resoruces\/databases  if those databases have glossaries then they would \"fit\" within the current \"terminology entry -- thinking\"... however"
                            }
                        ]
                    }
                ]
            }
        ]
    },
    {
        "client_msg_id": "96e3ccb9-5e6e-424d-826c-62a98588289b",
        "type": "message",
        "text": "They don't.  At least not publicly available ones.",
        "user": "U019252DK0F",
        "ts": "1599097384.065800",
        "team": "TKFJE6LDR",
        "user_team": "TKFJE6LDR",
        "source_team": "TKFJE6LDR",
        "user_profile": {
            "avatar_hash": "33a3d3a9190d",
            "image_72": "https:\/\/avatars.slack-edge.com\/2020-09-09\/1347808982341_33a3d3a9190d60e700de_72.jpg",
            "first_name": "brandon",
            "real_name": "brandon whitehead",
            "display_name": "brandon",
            "team": "TKFJE6LDR",
            "name": "brandonnodnarb",
            "is_restricted": false,
            "is_ultra_restricted": false
        },
        "blocks": [
            {
                "type": "rich_text",
                "block_id": "ygxNV",
                "elements": [
                    {
                        "type": "rich_text_section",
                        "elements": [
                            {
                                "type": "text",
                                "text": "They don't.  At least not publicly available ones."
                            }
                        ]
                    }
                ]
            }
        ]
    },
    {
        "client_msg_id": "7c5cb9bf-b9c0-42e2-b432-60eba1ddab6e",
        "type": "message",
        "text": "if these \"databases\" are more like feature catalogs... some additional discussion is needed",
        "user": "U019YA7SD0U",
        "ts": "1599097386.065900",
        "team": "TKFJE6LDR",
        "user_team": "TKFJE6LDR",
        "source_team": "TKFJE6LDR",
        "user_profile": {
            "avatar_hash": "gd927840085e",
            "image_72": "https:\/\/secure.gravatar.com\/avatar\/d927840085e81f89fb210807b02ee5bc.jpg?s=72&d=https%3A%2F%2Fa.slack-edge.com%2Fdf10d%2Fimg%2Favatars%2Fava_0007-72.png",
            "first_name": "Reese",
            "real_name": "Reese Plews",
            "display_name": "Reese Plews (TC211 TMG)",
            "team": "TKFJE6LDR",
            "name": "rplews",
            "is_restricted": false,
            "is_ultra_restricted": false
        },
        "blocks": [
            {
                "type": "rich_text",
                "block_id": "scU1q",
                "elements": [
                    {
                        "type": "rich_text_section",
                        "elements": [
                            {
                                "type": "text",
                                "text": "if these \"databases\" are more like feature catalogs... some additional discussion is needed"
                            }
                        ]
                    }
                ]
            }
        ]
    },
    {
        "client_msg_id": "a0ee5296-7e98-4e50-af7f-959eaa3299ac",
        "type": "message",
        "text": "so i visited the tools and resources link, and selected NVS... is there a glossary within that dataset or only the feature catalogs of vegetation?",
        "user": "U019YA7SD0U",
        "ts": "1599097525.067000",
        "team": "TKFJE6LDR",
        "user_team": "TKFJE6LDR",
        "source_team": "TKFJE6LDR",
        "user_profile": {
            "avatar_hash": "gd927840085e",
            "image_72": "https:\/\/secure.gravatar.com\/avatar\/d927840085e81f89fb210807b02ee5bc.jpg?s=72&d=https%3A%2F%2Fa.slack-edge.com%2Fdf10d%2Fimg%2Favatars%2Fava_0007-72.png",
            "first_name": "Reese",
            "real_name": "Reese Plews",
            "display_name": "Reese Plews (TC211 TMG)",
            "team": "TKFJE6LDR",
            "name": "rplews",
            "is_restricted": false,
            "is_ultra_restricted": false
        },
        "blocks": [
            {
                "type": "rich_text",
                "block_id": "Rak",
                "elements": [
                    {
                        "type": "rich_text_section",
                        "elements": [
                            {
                                "type": "text",
                                "text": "so i visited the tools and resources link, and selected NVS... is there a glossary within that dataset or only the feature catalogs of vegetation?"
                            }
                        ]
                    }
                ]
            }
        ]
    },
    {
        "client_msg_id": "8fc8ebaf-5eb9-49d2-976d-a2e99a16e2ce",
        "type": "message",
        "text": "is there one specific \"public\" data set that you thought may be suitable for using in the geolexica framework?  please show me and i could check and discuss with Ron, then we could schedule a telecon with you for more discussion.\nor possibly... what about a glossary of \"landcare\" terminology, perhaps something exists in English with Māori terms... another possibility.\nwhen you are ready we are happy to discuss more with you. looks like your group has complied a wealth of natural resources data",
        "user": "U019YA7SD0U",
        "ts": "1599098543.071100",
        "team": "TKFJE6LDR",
        "user_team": "TKFJE6LDR",
        "source_team": "TKFJE6LDR",
        "user_profile": {
            "avatar_hash": "gd927840085e",
            "image_72": "https:\/\/secure.gravatar.com\/avatar\/d927840085e81f89fb210807b02ee5bc.jpg?s=72&d=https%3A%2F%2Fa.slack-edge.com%2Fdf10d%2Fimg%2Favatars%2Fava_0007-72.png",
            "first_name": "Reese",
            "real_name": "Reese Plews",
            "display_name": "Reese Plews (TC211 TMG)",
            "team": "TKFJE6LDR",
            "name": "rplews",
            "is_restricted": false,
            "is_ultra_restricted": false
        },
        "blocks": [
            {
                "type": "rich_text",
                "block_id": "Hrm",
                "elements": [
                    {
                        "type": "rich_text_section",
                        "elements": [
                            {
                                "type": "text",
                                "text": "is there one specific \"public\" data set that you thought may be suitable for using in the geolexica framework?  please show me and i could check and discuss with Ron, then we could schedule a telecon with you for more discussion.\nor possibly... what about a glossary of \"landcare\" terminology, perhaps something exists in English with Māori terms... another possibility.\nwhen you are ready we are happy to discuss more with you. looks like your group has complied a wealth of natural resources data"
                            }
                        ]
                    }
                ]
            }
        ]
    },
    {
        "client_msg_id": "85b1d94a-1c92-41d7-bd7b-061eac885dae",
        "type": "message",
        "text": "i am checking the <http:\/\/nature.com|nature.com> paper you sent...",
        "user": "U019YA7SD0U",
        "ts": "1599099272.071800",
        "team": "TKFJE6LDR",
        "user_team": "TKFJE6LDR",
        "source_team": "TKFJE6LDR",
        "user_profile": {
            "avatar_hash": "gd927840085e",
            "image_72": "https:\/\/secure.gravatar.com\/avatar\/d927840085e81f89fb210807b02ee5bc.jpg?s=72&d=https%3A%2F%2Fa.slack-edge.com%2Fdf10d%2Fimg%2Favatars%2Fava_0007-72.png",
            "first_name": "Reese",
            "real_name": "Reese Plews",
            "display_name": "Reese Plews (TC211 TMG)",
            "team": "TKFJE6LDR",
            "name": "rplews",
            "is_restricted": false,
            "is_ultra_restricted": false
        },
        "blocks": [
            {
                "type": "rich_text",
                "block_id": "Ifq",
                "elements": [
                    {
                        "type": "rich_text_section",
                        "elements": [
                            {
                                "type": "text",
                                "text": "i am checking the "
                            },
                            {
                                "type": "link",
                                "url": "http:\/\/nature.com",
                                "text": "nature.com"
                            },
                            {
                                "type": "text",
                                "text": " paper you sent..."
                            }
                        ]
                    }
                ]
            }
        ]
    },
    {
        "client_msg_id": "93735403-ffc9-4c0f-97fe-f9ddef4129f4",
        "type": "message",
        "text": "My suggestion to <@U019252DK0F> was that the scientific terms he has a list of shouldn't be put into the same Geolexia instance as spatial terms. Instead I think a separate instance of the software should be installed, ideally on a separate service. Maybe call it AgLexia (for agricultural terms). The value we'd gain is by having Brandon going through the painful process of being the first person to test and end-to-end install in a different domain, and collecting the lessons learned and document the process as we go.",
        "user": "UKTGLQNGG",
        "ts": "1599099594.076000",
        "team": "TKFJE6LDR",
        "user_team": "TKFJE6LDR",
        "source_team": "TKFJE6LDR",
        "user_profile": {
            "avatar_hash": "d6f4de222bb1",
            "image_72": "https:\/\/avatars.slack-edge.com\/2020-07-20\/1235580478119_d6f4de222bb1ed6b5960_72.jpg",
            "first_name": "Cameron",
            "real_name": "Cameron Shorter",
            "display_name": "cameronshorter",
            "team": "TKFJE6LDR",
            "name": "cameron.shorter",
            "is_restricted": false,
            "is_ultra_restricted": false
        },
        "blocks": [
            {
                "type": "rich_text",
                "block_id": "hf7",
                "elements": [
                    {
                        "type": "rich_text_section",
                        "elements": [
                            {
                                "type": "text",
                                "text": "My suggestion to "
                            },
                            {
                                "type": "user",
                                "user_id": "U019252DK0F"
                            },
                            {
                                "type": "text",
                                "text": " was that the scientific terms he has a list of shouldn't be put into the same Geolexia instance as spatial terms. Instead I think a separate instance of the software should be installed, ideally on a separate service. Maybe call it AgLexia (for agricultural terms). The value we'd gain is by having Brandon going through the painful process of being the first person to test and end-to-end install in a different domain, and collecting the lessons learned and document the process as we go."
                            }
                        ]
                    }
                ]
            }
        ]
    },
    {
        "client_msg_id": "3b4512a3-2511-4571-a006-7e7f1c17f635",
        "type": "message",
        "text": "<@UKTGLQNGG> and <@U019YA7SD0U> --- w.r.t. 'AgLexia' it already exists: <http:\/\/browser.agrisemantics.org\/gacs\/en\/>   I put the link to the paper because that has context which I think is important.  However, the vocabulary (SKOS) is available as a download or browsable via the html pages at the above link.   I think part of my current confusion is around what geolixica is and does as well as the use of the term 'install'.    I wouldn't 'install' GACS, it's a vocabulary available as a service (or download) --- similar, I think, to the OGC definitions server: <https:\/\/www.ogc.org\/def-server>.",
        "user": "U019252DK0F",
        "ts": "1599100425.079800",
        "team": "TKFJE6LDR",
        "user_team": "TKFJE6LDR",
        "source_team": "TKFJE6LDR",
        "user_profile": {
            "avatar_hash": "33a3d3a9190d",
            "image_72": "https:\/\/avatars.slack-edge.com\/2020-09-09\/1347808982341_33a3d3a9190d60e700de_72.jpg",
            "first_name": "brandon",
            "real_name": "brandon whitehead",
            "display_name": "brandon",
            "team": "TKFJE6LDR",
            "name": "brandonnodnarb",
            "is_restricted": false,
            "is_ultra_restricted": false
        },
        "blocks": [
            {
                "type": "rich_text",
                "block_id": "CejzN",
                "elements": [
                    {
                        "type": "rich_text_section",
                        "elements": [
                            {
                                "type": "user",
                                "user_id": "UKTGLQNGG"
                            },
                            {
                                "type": "text",
                                "text": " and "
                            },
                            {
                                "type": "user",
                                "user_id": "U019YA7SD0U"
                            },
                            {
                                "type": "text",
                                "text": " --- w.r.t. 'AgLexia' it already exists: "
                            },
                            {
                                "type": "link",
                                "url": "http:\/\/browser.agrisemantics.org\/gacs\/en\/"
                            },
                            {
                                "type": "text",
                                "text": "   I put the link to the paper because that has context which I think is important.  However, the vocabulary (SKOS) is available as a download or browsable via the html pages at the above link.   I think part of my current confusion is around what geolixica is and does as well as the use of the term 'install'.    I wouldn't 'install' GACS, it's a vocabulary available as a service (or download) --- similar, I think, to the OGC definitions server: "
                            },
                            {
                                "type": "link",
                                "url": "https:\/\/www.ogc.org\/def-server"
                            },
                            {
                                "type": "text",
                                "text": "."
                            }
                        ]
                    }
                ]
            }
        ]
    },
    {
        "client_msg_id": "c2d2a8e2-ae8c-4f49-aa71-7d4eaaeeb07a",
        "type": "message",
        "text": "If I understand correctly, geolixica is now actually glossarist which is an application for glossary management.  Is that accurate?",
        "user": "U019252DK0F",
        "ts": "1599100500.080900",
        "team": "TKFJE6LDR",
        "user_team": "TKFJE6LDR",
        "source_team": "TKFJE6LDR",
        "user_profile": {
            "avatar_hash": "33a3d3a9190d",
            "image_72": "https:\/\/avatars.slack-edge.com\/2020-09-09\/1347808982341_33a3d3a9190d60e700de_72.jpg",
            "first_name": "brandon",
            "real_name": "brandon whitehead",
            "display_name": "brandon",
            "team": "TKFJE6LDR",
            "name": "brandonnodnarb",
            "is_restricted": false,
            "is_ultra_restricted": false
        },
        "blocks": [
            {
                "type": "rich_text",
                "block_id": "vFtHZ",
                "elements": [
                    {
                        "type": "rich_text_section",
                        "elements": [
                            {
                                "type": "text",
                                "text": "If I understand correctly, geolixica is now actually glossarist which is an application for glossary management.  Is that accurate?"
                            }
                        ]
                    }
                ]
            }
        ]
    },
    {
        "client_msg_id": "b30a2de4-48d8-4404-982f-a7dc5694e75c",
        "type": "message",
        "text": "<@UKTGLQNGG> yes, that was the idea but we were\/are not sure of what content Brandon's group has.",
        "user": "U019YA7SD0U",
        "ts": "1599100607.082300",
        "team": "TKFJE6LDR",
        "user_team": "TKFJE6LDR",
        "source_team": "TKFJE6LDR",
        "user_profile": {
            "avatar_hash": "gd927840085e",
            "image_72": "https:\/\/secure.gravatar.com\/avatar\/d927840085e81f89fb210807b02ee5bc.jpg?s=72&d=https%3A%2F%2Fa.slack-edge.com%2Fdf10d%2Fimg%2Favatars%2Fava_0007-72.png",
            "first_name": "Reese",
            "real_name": "Reese Plews",
            "display_name": "Reese Plews (TC211 TMG)",
            "team": "TKFJE6LDR",
            "name": "rplews",
            "is_restricted": false,
            "is_ultra_restricted": false
        },
        "blocks": [
            {
                "type": "rich_text",
                "block_id": "Swu",
                "elements": [
                    {
                        "type": "rich_text_section",
                        "elements": [
                            {
                                "type": "user",
                                "user_id": "UKTGLQNGG"
                            },
                            {
                                "type": "text",
                                "text": " yes, that was the idea but we were\/are not sure of what content Brandon's group has."
                            }
                        ]
                    }
                ]
            }
        ]
    },
    {
        "client_msg_id": "816dfc7d-e7f0-403f-bb5e-60ac09895b9b",
        "type": "message",
        "text": "So if you have <http:\/\/browser.agrisemantics.org\/gacs\/en\/>, lets see if it addresses proposed <https:\/\/docs.google.com\/document\/d\/1Fjrl34ErnYammel9WmvXJ3rMWFANjoSiiGyyNSYOXUg\/edit#heading=h.m6r0k9egnjrj|use cases>, and can connect with other glossary services (as per what we are in the process of defining). A test could be: Can I stand up a new glossary which sources terms from GeoLexia and AgLexia?",
        "user": "UKTGLQNGG",
        "ts": "1599100746.086300",
        "team": "TKFJE6LDR",
        "user_team": "TKFJE6LDR",
        "source_team": "TKFJE6LDR",
        "user_profile": {
            "avatar_hash": "d6f4de222bb1",
            "image_72": "https:\/\/avatars.slack-edge.com\/2020-07-20\/1235580478119_d6f4de222bb1ed6b5960_72.jpg",
            "first_name": "Cameron",
            "real_name": "Cameron Shorter",
            "display_name": "cameronshorter",
            "team": "TKFJE6LDR",
            "name": "cameron.shorter",
            "is_restricted": false,
            "is_ultra_restricted": false
        },
        "edited": {
            "user": "UKTGLQNGG",
            "ts": "1599100803.000000"
        },
        "blocks": [
            {
                "type": "rich_text",
                "block_id": "awdmd",
                "elements": [
                    {
                        "type": "rich_text_section",
                        "elements": [
                            {
                                "type": "text",
                                "text": "So if you have "
                            },
                            {
                                "type": "link",
                                "url": "http:\/\/browser.agrisemantics.org\/gacs\/en\/"
                            },
                            {
                                "type": "text",
                                "text": ", lets see if it addresses proposed "
                            },
                            {
                                "type": "link",
                                "url": "https:\/\/docs.google.com\/document\/d\/1Fjrl34ErnYammel9WmvXJ3rMWFANjoSiiGyyNSYOXUg\/edit#heading=h.m6r0k9egnjrj",
                                "text": "use cases"
                            },
                            {
                                "type": "text",
                                "text": ", and can connect with other glossary services (as per what we are in the process of defining). A test could be: Can I stand up a new glossary which sources terms from GeoLexia and AgLexia?"
                            }
                        ]
                    }
                ]
            }
        ]
    },
    {
        "client_msg_id": "2308e959-37e5-44ab-b22f-f00c49deb372",
        "type": "message",
        "text": "yes.",
        "user": "U019252DK0F",
        "ts": "1599100894.089000",
        "team": "TKFJE6LDR",
        "user_team": "TKFJE6LDR",
        "source_team": "TKFJE6LDR",
        "user_profile": {
            "avatar_hash": "33a3d3a9190d",
            "image_72": "https:\/\/avatars.slack-edge.com\/2020-09-09\/1347808982341_33a3d3a9190d60e700de_72.jpg",
            "first_name": "brandon",
            "real_name": "brandon whitehead",
            "display_name": "brandon",
            "team": "TKFJE6LDR",
            "name": "brandonnodnarb",
            "is_restricted": false,
            "is_ultra_restricted": false
        },
        "blocks": [
            {
                "type": "rich_text",
                "block_id": "3yIY",
                "elements": [
                    {
                        "type": "rich_text_section",
                        "elements": [
                            {
                                "type": "text",
                                "text": "yes."
                            }
                        ]
                    }
                ]
            }
        ]
    },
    {
        "client_msg_id": "ac192cc1-cc5c-47ca-ba4b-f8beb9c269f7",
        "type": "message",
        "text": "That's why I think GACS is appropriate; it sources terms from CABT, NALT and AGROVOC, respectively.",
        "user": "U019252DK0F",
        "ts": "1599100925.089600",
        "team": "TKFJE6LDR",
        "user_team": "TKFJE6LDR",
        "source_team": "TKFJE6LDR",
        "user_profile": {
            "avatar_hash": "33a3d3a9190d",
            "image_72": "https:\/\/avatars.slack-edge.com\/2020-09-09\/1347808982341_33a3d3a9190d60e700de_72.jpg",
            "first_name": "brandon",
            "real_name": "brandon whitehead",
            "display_name": "brandon",
            "team": "TKFJE6LDR",
            "name": "brandonnodnarb",
            "is_restricted": false,
            "is_ultra_restricted": false
        },
        "blocks": [
            {
                "type": "rich_text",
                "block_id": "QGdN",
                "elements": [
                    {
                        "type": "rich_text_section",
                        "elements": [
                            {
                                "type": "text",
                                "text": "That's why I think GACS is appropriate; it sources terms from CABT, NALT and AGROVOC, respectively."
                            }
                        ]
                    }
                ]
            }
        ]
    },
    {
        "client_msg_id": "abbd747c-3854-4053-bbe0-e46b5933cc83",
        "type": "message",
        "text": "<@U019252DK0F> geolexica is a web framework for \"exploring\" a glossary. it supports search, and has an api. currently we call it geolexica but that necessarily does not mean geospatial anymore. geolexica is not an application. glossarist is an app, that works with content in a geolexia site. presently geolexica is used by tc211 for entry translation efforts. other work that Ron is doing with glossarist is to expand that functionality. <@U01A1CBD0CC> is the person to describe it better.  Presently Ron and I are working to extend glossarist to fully support a better online version the tc211 terminology repository that was built with excel and macros and has been managed for close to 20 years within tc211.",
        "user": "U019YA7SD0U",
        "ts": "1599100944.090100",
        "team": "TKFJE6LDR",
        "user_team": "TKFJE6LDR",
        "source_team": "TKFJE6LDR",
        "user_profile": {
            "avatar_hash": "gd927840085e",
            "image_72": "https:\/\/secure.gravatar.com\/avatar\/d927840085e81f89fb210807b02ee5bc.jpg?s=72&d=https%3A%2F%2Fa.slack-edge.com%2Fdf10d%2Fimg%2Favatars%2Fava_0007-72.png",
            "first_name": "Reese",
            "real_name": "Reese Plews",
            "display_name": "Reese Plews (TC211 TMG)",
            "team": "TKFJE6LDR",
            "name": "rplews",
            "is_restricted": false,
            "is_ultra_restricted": false
        },
        "edited": {
            "user": "U019YA7SD0U",
            "ts": "1599102228.000000"
        },
        "blocks": [
            {
                "type": "rich_text",
                "block_id": "K6SXi",
                "elements": [
                    {
                        "type": "rich_text_section",
                        "elements": [
                            {
                                "type": "user",
                                "user_id": "U019252DK0F"
                            },
                            {
                                "type": "text",
                                "text": " geolexica is a web framework for \"exploring\" a glossary. it supports search, and has an api. currently we call it geolexica but that necessarily does not mean geospatial anymore. geolexica is not an application. glossarist is an app, that works with content in a geolexia site. presently geolexica is used by tc211 for entry translation efforts. other work that Ron is doing with glossarist is to expand that functionality. "
                            },
                            {
                                "type": "user",
                                "user_id": "U01A1CBD0CC"
                            },
                            {
                                "type": "text",
                                "text": " is the person to describe it better.  Presently Ron and I are working to extend glossarist to fully support a better online version the tc211 terminology repository that was built with excel and macros and has been managed for close to 20 years within tc211."
                            }
                        ]
                    }
                ]
            }
        ]
    },
    {
        "client_msg_id": "88c693fc-8225-46e0-b49e-3216c9857098",
        "type": "message",
        "text": "It's a different domain, but it is a valid analog.",
        "user": "U019252DK0F",
        "ts": "1599100949.090300",
        "team": "TKFJE6LDR",
        "user_team": "TKFJE6LDR",
        "source_team": "TKFJE6LDR",
        "user_profile": {
            "avatar_hash": "33a3d3a9190d",
            "image_72": "https:\/\/avatars.slack-edge.com\/2020-09-09\/1347808982341_33a3d3a9190d60e700de_72.jpg",
            "first_name": "brandon",
            "real_name": "brandon whitehead",
            "display_name": "brandon",
            "team": "TKFJE6LDR",
            "name": "brandonnodnarb",
            "is_restricted": false,
            "is_ultra_restricted": false
        },
        "blocks": [
            {
                "type": "rich_text",
                "block_id": "\/Fs",
                "elements": [
                    {
                        "type": "rich_text_section",
                        "elements": [
                            {
                                "type": "text",
                                "text": "It's a different domain, but it is a valid analog."
                            }
                        ]
                    }
                ]
            }
        ]
    },
    {
        "client_msg_id": "5fa98e2b-3903-4e11-bfee-2006c985c3a5",
        "type": "message",
        "text": "Ok, so Geolexica is a tool (or web framework) more along the lines of a VocBench.  Thanks.  That's helpful.",
        "user": "U019252DK0F",
        "ts": "1599101146.091500",
        "team": "TKFJE6LDR",
        "user_team": "TKFJE6LDR",
        "source_team": "TKFJE6LDR",
        "user_profile": {
            "avatar_hash": "33a3d3a9190d",
            "image_72": "https:\/\/avatars.slack-edge.com\/2020-09-09\/1347808982341_33a3d3a9190d60e700de_72.jpg",
            "first_name": "brandon",
            "real_name": "brandon whitehead",
            "display_name": "brandon",
            "team": "TKFJE6LDR",
            "name": "brandonnodnarb",
            "is_restricted": false,
            "is_ultra_restricted": false
        },
        "blocks": [
            {
                "type": "rich_text",
                "block_id": "wRuYW",
                "elements": [
                    {
                        "type": "rich_text_section",
                        "elements": [
                            {
                                "type": "text",
                                "text": "Ok, so Geolexica is a tool (or web framework) more along the lines of a VocBench.  Thanks.  That's helpful."
                            }
                        ]
                    }
                ]
            }
        ],
        "thread_ts": "1599101146.091500",
        "reply_count": 1,
        "reply_users_count": 1,
        "latest_reply": "1599104165.111600",
        "reply_users": [
            "U01A1CBD0CC"
        ],
        "replies": [
            {
                "user": "U01A1CBD0CC",
                "ts": "1599104165.111600"
            }
        ],
        "subscribed": false
    },
    {
        "client_msg_id": "40a52737-bcc5-4a6a-9825-7be0775a7aea",
        "type": "message",
        "text": "i have edited the statement about geolexica to clarify. i have not heard of vocbench, sorry i will need to check it.",
        "user": "U019YA7SD0U",
        "ts": "1599101479.093400",
        "team": "TKFJE6LDR",
        "user_team": "TKFJE6LDR",
        "source_team": "TKFJE6LDR",
        "user_profile": {
            "avatar_hash": "gd927840085e",
            "image_72": "https:\/\/secure.gravatar.com\/avatar\/d927840085e81f89fb210807b02ee5bc.jpg?s=72&d=https%3A%2F%2Fa.slack-edge.com%2Fdf10d%2Fimg%2Favatars%2Fava_0007-72.png",
            "first_name": "Reese",
            "real_name": "Reese Plews",
            "display_name": "Reese Plews (TC211 TMG)",
            "team": "TKFJE6LDR",
            "name": "rplews",
            "is_restricted": false,
            "is_ultra_restricted": false
        },
        "blocks": [
            {
                "type": "rich_text",
                "block_id": "OinI",
                "elements": [
                    {
                        "type": "rich_text_section",
                        "elements": [
                            {
                                "type": "text",
                                "text": "i have edited the statement about geolexica to clarify. i have not heard of vocbench, sorry i will need to check it."
                            }
                        ]
                    }
                ]
            }
        ]
    },
    {
        "client_msg_id": "981a8629-dfb5-4a9e-97ac-c06827cefdad",
        "type": "message",
        "text": "I'm not overly interested in the geolexica framework at present.  I am interested in synthensizing multiple definitions of geospatial terms into one web enabled (e.g. persistent IRIs) dictionary\/glossary\/thesaurus...whatever.",
        "user": "U019252DK0F",
        "ts": "1599101573.094800",
        "team": "TKFJE6LDR",
        "user_team": "TKFJE6LDR",
        "source_team": "TKFJE6LDR",
        "user_profile": {
            "avatar_hash": "33a3d3a9190d",
            "image_72": "https:\/\/avatars.slack-edge.com\/2020-09-09\/1347808982341_33a3d3a9190d60e700de_72.jpg",
            "first_name": "brandon",
            "real_name": "brandon whitehead",
            "display_name": "brandon",
            "team": "TKFJE6LDR",
            "name": "brandonnodnarb",
            "is_restricted": false,
            "is_ultra_restricted": false
        },
        "blocks": [
            {
                "type": "rich_text",
                "block_id": "3jdM",
                "elements": [
                    {
                        "type": "rich_text_section",
                        "elements": [
                            {
                                "type": "text",
                                "text": "I'm not overly interested in the geolexica framework at present.  I am interested in synthensizing multiple definitions of geospatial terms into one web enabled (e.g. persistent IRIs) dictionary\/glossary\/thesaurus...whatever."
                            }
                        ]
                    }
                ]
            }
        ]
    },
    {
        "client_msg_id": "b745ca1c-5275-41a2-9389-7c4d67a17d58",
        "type": "message",
        "text": "Apologies if I have completely misunderstood this group. :slightly_smiling_face:",
        "user": "U019252DK0F",
        "ts": "1599101598.095400",
        "team": "TKFJE6LDR",
        "user_team": "TKFJE6LDR",
        "source_team": "TKFJE6LDR",
        "user_profile": {
            "avatar_hash": "33a3d3a9190d",
            "image_72": "https:\/\/avatars.slack-edge.com\/2020-09-09\/1347808982341_33a3d3a9190d60e700de_72.jpg",
            "first_name": "brandon",
            "real_name": "brandon whitehead",
            "display_name": "brandon",
            "team": "TKFJE6LDR",
            "name": "brandonnodnarb",
            "is_restricted": false,
            "is_ultra_restricted": false
        },
        "blocks": [
            {
                "type": "rich_text",
                "block_id": "Y8n2",
                "elements": [
                    {
                        "type": "rich_text_section",
                        "elements": [
                            {
                                "type": "text",
                                "text": "Apologies if I have completely misunderstood this group. "
                            },
                            {
                                "type": "emoji",
                                "name": "slightly_smiling_face"
                            }
                        ]
                    }
                ]
            }
        ]
    },
    {
        "client_msg_id": "b4a427b5-a03f-4c17-a25e-00bea254916d",
        "type": "message",
        "text": "i dont think you have misunderstood the intentions of the group. i think we have the same end vision as you have described, but with different methods of getting there. i would not leave yet, i think your insight will be important as we move forward.",
        "user": "U019YA7SD0U",
        "ts": "1599102895.105700",
        "team": "TKFJE6LDR",
        "user_team": "TKFJE6LDR",
        "source_team": "TKFJE6LDR",
        "user_profile": {
            "avatar_hash": "gd927840085e",
            "image_72": "https:\/\/secure.gravatar.com\/avatar\/d927840085e81f89fb210807b02ee5bc.jpg?s=72&d=https%3A%2F%2Fa.slack-edge.com%2Fdf10d%2Fimg%2Favatars%2Fava_0007-72.png",
            "first_name": "Reese",
            "real_name": "Reese Plews",
            "display_name": "Reese Plews (TC211 TMG)",
            "team": "TKFJE6LDR",
            "name": "rplews",
            "is_restricted": false,
            "is_ultra_restricted": false
        },
        "blocks": [
            {
                "type": "rich_text",
                "block_id": "Z6fCX",
                "elements": [
                    {
                        "type": "rich_text_section",
                        "elements": [
                            {
                                "type": "text",
                                "text": "i dont think you have misunderstood the intentions of the group. i think we have the same end vision as you have described, but with different methods of getting there. i would not leave yet, i think your insight will be important as we move forward."
                            }
                        ]
                    }
                ]
            }
        ]
    },
    {
        "client_msg_id": "73b11524-46ad-42a1-88a4-b6e14fd5a1b0",
        "type": "message",
        "text": "Sorry for not responding earlier. <@U019252DK0F> thanks for sharing your work. We are indeed working towards a web-enabled dictionary\/thesaurus\/ontology that works with SKOS but goes beyond. For simplicity, let's consider Glossarist\/Geolexica the same thing. ISO\/TC 184\/SC 4 is also working with us on to create industrial data ontologies, so I don't see that from being far from what you are trying to achieve. Mind you we are not fully there yet, e.g. if you use Protege there's no reason for you to switch, but soon Glossarist will be an easier way to work with relationships compared to Protege.",
        "user": "U01A1CBD0CC",
        "ts": "1599103648.109600",
        "team": "TKFJE6LDR",
        "user_team": "TKFJE6LDR",
        "source_team": "TKFJE6LDR",
        "user_profile": {
            "avatar_hash": "gd11b0590c62",
            "image_72": "https:\/\/secure.gravatar.com\/avatar\/d11b0590c62fd7eac8ff41b3cadd7b26.jpg?s=72&d=https%3A%2F%2Fa.slack-edge.com%2Fdf10d%2Fimg%2Favatars%2Fava_0025-72.png",
            "first_name": "",
            "real_name": "Ronald Tse",
            "display_name": "Ronald Tse",
            "team": "TKFJE6LDR",
            "name": "tse",
            "is_restricted": false,
            "is_ultra_restricted": false
        },
        "blocks": [
            {
                "type": "rich_text",
                "block_id": "+5nP",
                "elements": [
                    {
                        "type": "rich_text_section",
                        "elements": [
                            {
                                "type": "text",
                                "text": "Sorry for not responding earlier. "
                            },
                            {
                                "type": "user",
                                "user_id": "U019252DK0F"
                            },
                            {
                                "type": "text",
                                "text": " thanks for sharing your work. We are indeed working towards a web-enabled dictionary\/thesaurus\/ontology that works with SKOS but goes beyond. For simplicity, let's consider Glossarist\/Geolexica the same thing. ISO\/TC 184\/SC 4 is also working with us on to create industrial data ontologies, so I don't see that from being far from what you are trying to achieve. Mind you we are not fully there yet, e.g. if you use Protege there's no reason for you to switch, but soon Glossarist will be an easier way to work with relationships compared to Protege."
                            }
                        ]
                    }
                ]
            }
        ]
    },
    {
        "client_msg_id": "3a5a64a2-6da3-4201-8eec-85f59af11d27",
        "type": "message",
        "text": "<@U019252DK0F> a question for you: based on the goal you've mentioned about synthesizing multiple definitions, what sort of deliverables do you want to create (or what goals do you want to achieve)? We are happy to support that as much as possible.",
        "user": "U01A1CBD0CC",
        "ts": "1599103831.111500",
        "team": "TKFJE6LDR",
        "user_team": "TKFJE6LDR",
        "source_team": "TKFJE6LDR",
        "user_profile": {
            "avatar_hash": "gd11b0590c62",
            "image_72": "https:\/\/secure.gravatar.com\/avatar\/d11b0590c62fd7eac8ff41b3cadd7b26.jpg?s=72&d=https%3A%2F%2Fa.slack-edge.com%2Fdf10d%2Fimg%2Favatars%2Fava_0025-72.png",
            "first_name": "",
            "real_name": "Ronald Tse",
            "display_name": "Ronald Tse",
            "team": "TKFJE6LDR",
            "name": "tse",
            "is_restricted": false,
            "is_ultra_restricted": false
        },
        "blocks": [
            {
                "type": "rich_text",
                "block_id": "3Avf",
                "elements": [
                    {
                        "type": "rich_text_section",
                        "elements": [
                            {
                                "type": "user",
                                "user_id": "U019252DK0F"
                            },
                            {
                                "type": "text",
                                "text": " a question for you: based on the goal you've mentioned about synthesizing multiple definitions, what sort of deliverables do you want to create (or what goals do you want to achieve)? We are happy to support that as much as possible."
                            }
                        ]
                    }
                ]
            }
        ]
    },
    {
        "client_msg_id": "552dbf0c-d654-4fae-b19a-9866366707d7",
        "type": "message",
        "text": "In terms of VocBench having edit and view interfaces for terms, yes. Except that the Glossarist editing app works on the desktop, Glossarist server creates a static site, there is no backend to run.",
        "user": "U01A1CBD0CC",
        "ts": "1599104165.111600",
        "team": "TKFJE6LDR",
        "user_team": "TKFJE6LDR",
        "source_team": "TKFJE6LDR",
        "user_profile": {
            "avatar_hash": "gd11b0590c62",
            "image_72": "https:\/\/secure.gravatar.com\/avatar\/d11b0590c62fd7eac8ff41b3cadd7b26.jpg?s=72&d=https%3A%2F%2Fa.slack-edge.com%2Fdf10d%2Fimg%2Favatars%2Fava_0025-72.png",
            "first_name": "",
            "real_name": "Ronald Tse",
            "display_name": "Ronald Tse",
            "team": "TKFJE6LDR",
            "name": "tse",
            "is_restricted": false,
            "is_ultra_restricted": false
        },
        "blocks": [
            {
                "type": "rich_text",
                "block_id": "gGo8",
                "elements": [
                    {
                        "type": "rich_text_section",
                        "elements": [
                            {
                                "type": "text",
                                "text": "In terms of VocBench having edit and view interfaces for terms, yes. Except that the Glossarist editing app works on the desktop, Glossarist server creates a static site, there is no backend to run."
                            }
                        ]
                    }
                ]
            }
        ],
        "thread_ts": "1599101146.091500",
        "parent_user_id": "U019252DK0F"
    }
]