[
    {
        "type": "message",
        "subtype": "channel_join",
        "ts": "1598457749.000200",
        "user": "U01A8JXNZDW",
        "text": "<@U01A8JXNZDW> has joined the channel"
    },
    {
        "client_msg_id": "15811880-53a3-47f8-bed3-74187ba7c9ce",
        "type": "message",
        "text": "Hello",
        "user": "U01A8JXNZDW",
        "ts": "1598457762.000500",
        "team": "TKFJE6LDR",
        "user_team": "TKFJE6LDR",
        "source_team": "TKFJE6LDR",
        "user_profile": {
            "avatar_hash": "bc6e1adc4c76",
            "image_72": "https:\/\/avatars.slack-edge.com\/2020-08-26\/1318106179014_bc6e1adc4c769be56ccf_72.jpg",
            "first_name": "",
            "real_name": "Nikos Lambrinos",
            "display_name": "Nikos Lambrinos",
            "team": "TKFJE6LDR",
            "name": "labrinos",
            "is_restricted": false,
            "is_ultra_restricted": false
        },
        "blocks": [
            {
                "type": "rich_text",
                "block_id": "=50q",
                "elements": [
                    {
                        "type": "rich_text_section",
                        "elements": [
                            {
                                "type": "text",
                                "text": "Hello"
                            }
                        ]
                    }
                ]
            }
        ]
    },
    {
        "client_msg_id": "6863f643-a327-4b7d-a0f4-4e74c93df2e3",
        "type": "message",
        "text": "Hi <@U01A8JXNZDW> and <@U019252DK0F>, welcome.",
        "user": "UKTGLQNGG",
        "ts": "1598472651.001000",
        "team": "TKFJE6LDR",
        "user_team": "TKFJE6LDR",
        "source_team": "TKFJE6LDR",
        "user_profile": {
            "avatar_hash": "d6f4de222bb1",
            "image_72": "https:\/\/avatars.slack-edge.com\/2020-07-20\/1235580478119_d6f4de222bb1ed6b5960_72.jpg",
            "first_name": "Cameron",
            "real_name": "Cameron Shorter",
            "display_name": "cameronshorter",
            "team": "TKFJE6LDR",
            "name": "cameron.shorter",
            "is_restricted": false,
            "is_ultra_restricted": false
        },
        "blocks": [
            {
                "type": "rich_text",
                "block_id": "XUb\/",
                "elements": [
                    {
                        "type": "rich_text_section",
                        "elements": [
                            {
                                "type": "text",
                                "text": "Hi "
                            },
                            {
                                "type": "user",
                                "user_id": "U01A8JXNZDW"
                            },
                            {
                                "type": "text",
                                "text": " and "
                            },
                            {
                                "type": "user",
                                "user_id": "U019252DK0F"
                            },
                            {
                                "type": "text",
                                "text": ", welcome."
                            }
                        ]
                    }
                ]
            }
        ]
    },
    {
        "client_msg_id": "7aec3ad6-2128-4b7c-b1c8-3df38e4edd13",
        "type": "message",
        "text": "<https:\/\/meet.google.com\/nuj-qvxw-vvt?authuser=0>",
        "user": "UKTGLQNGG",
        "ts": "1598475622.001300",
        "team": "TKFJE6LDR",
        "user_team": "TKFJE6LDR",
        "source_team": "TKFJE6LDR",
        "user_profile": {
            "avatar_hash": "d6f4de222bb1",
            "image_72": "https:\/\/avatars.slack-edge.com\/2020-07-20\/1235580478119_d6f4de222bb1ed6b5960_72.jpg",
            "first_name": "Cameron",
            "real_name": "Cameron Shorter",
            "display_name": "cameronshorter",
            "team": "TKFJE6LDR",
            "name": "cameron.shorter",
            "is_restricted": false,
            "is_ultra_restricted": false
        },
        "attachments": [
            {
                "title": "Meet",
                "title_link": "https:\/\/meet.google.com\/nuj-qvxw-vvt?authuser=0",
                "text": "Real-time meetings by Google. Using your browser, share your video, desktop, and presentations with teammates and customers.",
                "fallback": "Meet",
                "thumb_url": "https:\/\/www.gstatic.com\/images\/branding\/product\/2x\/meet_96dp.png",
                "from_url": "https:\/\/meet.google.com\/nuj-qvxw-vvt?authuser=0",
                "thumb_width": 192,
                "thumb_height": 192,
                "service_icon": "http:\/\/www.gstatic.com\/images\/branding\/product\/1x\/meet_16dp.png",
                "service_name": "meet.google.com",
                "id": 1,
                "original_url": "https:\/\/meet.google.com\/nuj-qvxw-vvt?authuser=0"
            }
        ],
        "blocks": [
            {
                "type": "rich_text",
                "block_id": "ts8PV",
                "elements": [
                    {
                        "type": "rich_text_section",
                        "elements": [
                            {
                                "type": "link",
                                "url": "https:\/\/meet.google.com\/nuj-qvxw-vvt?authuser=0"
                            }
                        ]
                    }
                ]
            }
        ]
    },
    {
        "client_msg_id": "266afef5-3847-4df1-a8da-8b1c35fe0676",
        "type": "message",
        "text": "oops, that is for the weekly good docs meeting",
        "user": "UKTGLQNGG",
        "ts": "1598475683.001800",
        "team": "TKFJE6LDR",
        "user_team": "TKFJE6LDR",
        "source_team": "TKFJE6LDR",
        "user_profile": {
            "avatar_hash": "d6f4de222bb1",
            "image_72": "https:\/\/avatars.slack-edge.com\/2020-07-20\/1235580478119_d6f4de222bb1ed6b5960_72.jpg",
            "first_name": "Cameron",
            "real_name": "Cameron Shorter",
            "display_name": "cameronshorter",
            "team": "TKFJE6LDR",
            "name": "cameron.shorter",
            "is_restricted": false,
            "is_ultra_restricted": false
        },
        "blocks": [
            {
                "type": "rich_text",
                "block_id": "Pr8",
                "elements": [
                    {
                        "type": "rich_text_section",
                        "elements": [
                            {
                                "type": "text",
                                "text": "oops, that is for the weekly good docs meeting"
                            }
                        ]
                    }
                ]
            }
        ]
    },
    {
        "client_msg_id": "eaa31446-edaa-4ebb-be61-a0eb5663e137",
        "type": "message",
        "text": "Welcome <@U01A8JXNZDW> &amp; <@U019252DK0F>\n*Nikos* has been involved with the project previously as well. He is the Professor of Geography Teaching, Director of the Sector of Science and New Technologies, President of the Hellenic digital earth Centre of Excellence, Faculty of Education, Dept. of Science and New Technologies, Aristotle University of Thessaloniki, Greece.\n\nWhile *Brandon* is an Environmental Data Scientist at Manaaki Whenua -- Landcare Research in New Zealand. He has experience building vocabularies --- from glossaries to full logical models (ontologies) and would like to see if there is space for contribution.",
        "user": "U0170HMB87K",
        "ts": "1598508387.003300",
        "team": "TKFJE6LDR",
        "user_team": "TKFJE6LDR",
        "source_team": "TKFJE6LDR",
        "user_profile": {
            "avatar_hash": "f39553b0636b",
            "image_72": "https:\/\/avatars.slack-edge.com\/2020-07-22\/1249269540710_f39553b0636b29704992_72.jpg",
            "first_name": "",
            "real_name": "Ankita",
            "display_name": "Ankita",
            "team": "TKFJE6LDR",
            "name": "ankitatripathi.2312",
            "is_restricted": false,
            "is_ultra_restricted": false
        },
        "blocks": [
            {
                "type": "rich_text",
                "block_id": "HpU",
                "elements": [
                    {
                        "type": "rich_text_section",
                        "elements": [
                            {
                                "type": "text",
                                "text": "Welcome "
                            },
                            {
                                "type": "user",
                                "user_id": "U01A8JXNZDW"
                            },
                            {
                                "type": "text",
                                "text": " & "
                            },
                            {
                                "type": "user",
                                "user_id": "U019252DK0F"
                            },
                            {
                                "type": "text",
                                "text": "\n"
                            },
                            {
                                "type": "text",
                                "text": "Nikos",
                                "style": {
                                    "bold": true
                                }
                            },
                            {
                                "type": "text",
                                "text": " has been involved with the project previously as well. He is the Professor of Geography Teaching, Director of the Sector of Science and New Technologies, President of the Hellenic digital earth Centre of Excellence, Faculty of Education, Dept. of Science and New Technologies, Aristotle University of Thessaloniki, Greece.\n\nWhile"
                            },
                            {
                                "type": "text",
                                "text": " Brandon",
                                "style": {
                                    "bold": true
                                }
                            },
                            {
                                "type": "text",
                                "text": " is an Environmental Data Scientist at Manaaki Whenua -- Landcare Research in New Zealand. He has experience building vocabularies --- from glossaries to full logical models (ontologies) and would like to see if there is space for contribution."
                            }
                        ]
                    }
                ]
            }
        ]
    }
]