[
    {
        "client_msg_id": "9e5832df-0603-4ea1-804c-a973c05a956c",
        "type": "message",
        "text": "<@U019252DK0F> thanks for checking out the site -- apologies that the search box wasn't easy to find, clearly an UI issue which we should fix... In any case would love to discuss with you on how to aid with your use cases in managing relationships between concepts and the networks of them.",
        "user": "U01A1CBD0CC",
        "ts": "1599233216.128500",
        "team": "TKFJE6LDR",
        "user_team": "TKFJE6LDR",
        "source_team": "TKFJE6LDR",
        "user_profile": {
            "avatar_hash": "gd11b0590c62",
            "image_72": "https:\/\/secure.gravatar.com\/avatar\/d11b0590c62fd7eac8ff41b3cadd7b26.jpg?s=72&d=https%3A%2F%2Fa.slack-edge.com%2Fdf10d%2Fimg%2Favatars%2Fava_0025-72.png",
            "first_name": "",
            "real_name": "Ronald Tse",
            "display_name": "Ronald Tse",
            "team": "TKFJE6LDR",
            "name": "tse",
            "is_restricted": false,
            "is_ultra_restricted": false
        },
        "blocks": [
            {
                "type": "rich_text",
                "block_id": "XPSVV",
                "elements": [
                    {
                        "type": "rich_text_section",
                        "elements": [
                            {
                                "type": "user",
                                "user_id": "U019252DK0F"
                            },
                            {
                                "type": "text",
                                "text": " thanks for checking out the site -- apologies that the search box wasn't easy to find, clearly an UI issue which we should fix... In any case would love to discuss with you on how to aid with your use cases in managing relationships between concepts and the networks of them."
                            }
                        ]
                    }
                ]
            }
        ],
        "thread_ts": "1599170599.119200",
        "parent_user_id": "U019252DK0F"
    }
]