[
    {
        "client_msg_id": "52548ae9-beb8-49e2-b4aa-a2a0c593a315",
        "type": "message",
        "text": "I'm going to try and connect to OSGeoLive people over the next few hours, as Europe wakes up. You might want to log on and watch.",
        "user": "UKTGLQNGG",
        "ts": "1598857259.004200",
        "team": "TKFJE6LDR",
        "user_team": "TKFJE6LDR",
        "source_team": "TKFJE6LDR",
        "user_profile": {
            "avatar_hash": "d6f4de222bb1",
            "image_72": "https:\/\/avatars.slack-edge.com\/2020-07-20\/1235580478119_d6f4de222bb1ed6b5960_72.jpg",
            "first_name": "Cameron",
            "real_name": "Cameron Shorter",
            "display_name": "cameronshorter",
            "team": "TKFJE6LDR",
            "name": "cameron.shorter",
            "is_restricted": false,
            "is_ultra_restricted": false
        },
        "blocks": [
            {
                "type": "rich_text",
                "block_id": "tt5",
                "elements": [
                    {
                        "type": "rich_text_section",
                        "elements": [
                            {
                                "type": "text",
                                "text": "I'm going to try and connect to OSGeoLive people over the next few hours, as Europe wakes up. You might want to log on and watch."
                            }
                        ]
                    }
                ]
            }
        ],
        "thread_ts": "1598845634.003900",
        "parent_user_id": "UKTGLQNGG"
    },
    {
        "client_msg_id": "a8455d99-5b35-4c61-8381-e07cb9b52a4d",
        "type": "message",
        "text": "Definitely! Count me in",
        "user": "U0170HMB87K",
        "ts": "1598857552.004400",
        "team": "TKFJE6LDR",
        "user_team": "TKFJE6LDR",
        "source_team": "TKFJE6LDR",
        "user_profile": {
            "avatar_hash": "f39553b0636b",
            "image_72": "https:\/\/avatars.slack-edge.com\/2020-07-22\/1249269540710_f39553b0636b29704992_72.jpg",
            "first_name": "",
            "real_name": "Ankita",
            "display_name": "Ankita",
            "team": "TKFJE6LDR",
            "name": "ankitatripathi.2312",
            "is_restricted": false,
            "is_ultra_restricted": false
        },
        "blocks": [
            {
                "type": "rich_text",
                "block_id": "gTKgE",
                "elements": [
                    {
                        "type": "rich_text_section",
                        "elements": [
                            {
                                "type": "text",
                                "text": "Definitely! Count me in"
                            }
                        ]
                    }
                ]
            }
        ],
        "thread_ts": "1598845634.003900",
        "parent_user_id": "UKTGLQNGG"
    },
    {
        "client_msg_id": "9c51a48e-6130-458d-af4b-633af12f0417",
        "type": "message",
        "text": "Are you familiar with using IRC?",
        "user": "UKTGLQNGG",
        "ts": "1598857583.004600",
        "team": "TKFJE6LDR",
        "user_team": "TKFJE6LDR",
        "source_team": "TKFJE6LDR",
        "user_profile": {
            "avatar_hash": "d6f4de222bb1",
            "image_72": "https:\/\/avatars.slack-edge.com\/2020-07-20\/1235580478119_d6f4de222bb1ed6b5960_72.jpg",
            "first_name": "Cameron",
            "real_name": "Cameron Shorter",
            "display_name": "cameronshorter",
            "team": "TKFJE6LDR",
            "name": "cameron.shorter",
            "is_restricted": false,
            "is_ultra_restricted": false
        },
        "blocks": [
            {
                "type": "rich_text",
                "block_id": "ztqPc",
                "elements": [
                    {
                        "type": "rich_text_section",
                        "elements": [
                            {
                                "type": "text",
                                "text": "Are you familiar with using IRC?"
                            }
                        ]
                    }
                ]
            }
        ],
        "thread_ts": "1598845634.003900",
        "parent_user_id": "UKTGLQNGG"
    },
    {
        "client_msg_id": "f4f9c2f0-3795-4c1e-9b6c-b4e9b346a957",
        "type": "message",
        "text": "(It is like slack, you just need another client)",
        "user": "UKTGLQNGG",
        "ts": "1598857598.004800",
        "team": "TKFJE6LDR",
        "user_team": "TKFJE6LDR",
        "source_team": "TKFJE6LDR",
        "user_profile": {
            "avatar_hash": "d6f4de222bb1",
            "image_72": "https:\/\/avatars.slack-edge.com\/2020-07-20\/1235580478119_d6f4de222bb1ed6b5960_72.jpg",
            "first_name": "Cameron",
            "real_name": "Cameron Shorter",
            "display_name": "cameronshorter",
            "team": "TKFJE6LDR",
            "name": "cameron.shorter",
            "is_restricted": false,
            "is_ultra_restricted": false
        },
        "blocks": [
            {
                "type": "rich_text",
                "block_id": "zc6",
                "elements": [
                    {
                        "type": "rich_text_section",
                        "elements": [
                            {
                                "type": "text",
                                "text": "(It is like slack, you just need another client)"
                            }
                        ]
                    }
                ]
            }
        ],
        "thread_ts": "1598845634.003900",
        "parent_user_id": "UKTGLQNGG"
    },
    {
        "client_msg_id": "f681c51b-f93b-4aab-b558-2b232b7fe6ab",
        "type": "message",
        "text": "Umm no",
        "user": "U0170HMB87K",
        "ts": "1598857675.005000",
        "team": "TKFJE6LDR",
        "user_team": "TKFJE6LDR",
        "source_team": "TKFJE6LDR",
        "user_profile": {
            "avatar_hash": "f39553b0636b",
            "image_72": "https:\/\/avatars.slack-edge.com\/2020-07-22\/1249269540710_f39553b0636b29704992_72.jpg",
            "first_name": "",
            "real_name": "Ankita",
            "display_name": "Ankita",
            "team": "TKFJE6LDR",
            "name": "ankitatripathi.2312",
            "is_restricted": false,
            "is_ultra_restricted": false
        },
        "blocks": [
            {
                "type": "rich_text",
                "block_id": "2Ce",
                "elements": [
                    {
                        "type": "rich_text_section",
                        "elements": [
                            {
                                "type": "text",
                                "text": "Umm no"
                            }
                        ]
                    }
                ]
            }
        ],
        "thread_ts": "1598845634.003900",
        "parent_user_id": "UKTGLQNGG"
    },
    {
        "client_msg_id": "495a9f27-d13b-4c32-94ff-f833fad2f313",
        "type": "message",
        "text": "I will look for it",
        "user": "U0170HMB87K",
        "ts": "1598857681.005200",
        "team": "TKFJE6LDR",
        "user_team": "TKFJE6LDR",
        "source_team": "TKFJE6LDR",
        "user_profile": {
            "avatar_hash": "f39553b0636b",
            "image_72": "https:\/\/avatars.slack-edge.com\/2020-07-22\/1249269540710_f39553b0636b29704992_72.jpg",
            "first_name": "",
            "real_name": "Ankita",
            "display_name": "Ankita",
            "team": "TKFJE6LDR",
            "name": "ankitatripathi.2312",
            "is_restricted": false,
            "is_ultra_restricted": false
        },
        "blocks": [
            {
                "type": "rich_text",
                "block_id": "TDHJG",
                "elements": [
                    {
                        "type": "rich_text_section",
                        "elements": [
                            {
                                "type": "text",
                                "text": "I will look for it"
                            }
                        ]
                    }
                ]
            }
        ],
        "thread_ts": "1598845634.003900",
        "parent_user_id": "UKTGLQNGG"
    },
    {
        "client_msg_id": "00ef1e2f-fa9e-4654-b2a1-689a68dbf0ec",
        "type": "message",
        "text": "what operating system do you use?",
        "user": "UKTGLQNGG",
        "ts": "1598857710.005400",
        "team": "TKFJE6LDR",
        "user_team": "TKFJE6LDR",
        "source_team": "TKFJE6LDR",
        "user_profile": {
            "avatar_hash": "d6f4de222bb1",
            "image_72": "https:\/\/avatars.slack-edge.com\/2020-07-20\/1235580478119_d6f4de222bb1ed6b5960_72.jpg",
            "first_name": "Cameron",
            "real_name": "Cameron Shorter",
            "display_name": "cameronshorter",
            "team": "TKFJE6LDR",
            "name": "cameron.shorter",
            "is_restricted": false,
            "is_ultra_restricted": false
        },
        "blocks": [
            {
                "type": "rich_text",
                "block_id": "CkA",
                "elements": [
                    {
                        "type": "rich_text_section",
                        "elements": [
                            {
                                "type": "text",
                                "text": "what operating system do you use?"
                            }
                        ]
                    }
                ]
            }
        ],
        "thread_ts": "1598845634.003900",
        "parent_user_id": "UKTGLQNGG"
    },
    {
        "client_msg_id": "57836560-198f-4fb7-8a91-491f6fb81a78",
        "type": "message",
        "text": "Mac",
        "user": "U0170HMB87K",
        "ts": "1598858057.005600",
        "team": "TKFJE6LDR",
        "user_team": "TKFJE6LDR",
        "source_team": "TKFJE6LDR",
        "user_profile": {
            "avatar_hash": "f39553b0636b",
            "image_72": "https:\/\/avatars.slack-edge.com\/2020-07-22\/1249269540710_f39553b0636b29704992_72.jpg",
            "first_name": "",
            "real_name": "Ankita",
            "display_name": "Ankita",
            "team": "TKFJE6LDR",
            "name": "ankitatripathi.2312",
            "is_restricted": false,
            "is_ultra_restricted": false
        },
        "blocks": [
            {
                "type": "rich_text",
                "block_id": "630no",
                "elements": [
                    {
                        "type": "rich_text_section",
                        "elements": [
                            {
                                "type": "text",
                                "text": "Mac"
                            }
                        ]
                    }
                ]
            }
        ],
        "thread_ts": "1598845634.003900",
        "parent_user_id": "UKTGLQNGG"
    },
    {
        "client_msg_id": "04311e50-0eff-4707-aaf4-0cc996fc33e2",
        "type": "message",
        "text": "I used to use <https:\/\/www.pidgin.im\/> when I was using a mac. I'm now on ChromeOS, and have found a couple of Chrome browser plugins which seem to work well. I've just install Byrd.",
        "user": "UKTGLQNGG",
        "ts": "1598858232.005800",
        "team": "TKFJE6LDR",
        "user_team": "TKFJE6LDR",
        "source_team": "TKFJE6LDR",
        "user_profile": {
            "avatar_hash": "d6f4de222bb1",
            "image_72": "https:\/\/avatars.slack-edge.com\/2020-07-20\/1235580478119_d6f4de222bb1ed6b5960_72.jpg",
            "first_name": "Cameron",
            "real_name": "Cameron Shorter",
            "display_name": "cameronshorter",
            "team": "TKFJE6LDR",
            "name": "cameron.shorter",
            "is_restricted": false,
            "is_ultra_restricted": false
        },
        "blocks": [
            {
                "type": "rich_text",
                "block_id": "aiy",
                "elements": [
                    {
                        "type": "rich_text_section",
                        "elements": [
                            {
                                "type": "text",
                                "text": "I used to use "
                            },
                            {
                                "type": "link",
                                "url": "https:\/\/www.pidgin.im\/"
                            },
                            {
                                "type": "text",
                                "text": " when I was using a mac. I'm now on ChromeOS, and have found a couple of Chrome browser plugins which seem to work well. I've just install Byrd."
                            }
                        ]
                    }
                ]
            }
        ],
        "thread_ts": "1598845634.003900",
        "parent_user_id": "UKTGLQNGG"
    },
    {
        "client_msg_id": "73de5e0d-576d-4122-b88c-d33cecd4f96c",
        "type": "message",
        "text": "Okay. I will check too in a couple of minutes.",
        "user": "U0170HMB87K",
        "ts": "1598858710.006000",
        "team": "TKFJE6LDR",
        "user_team": "TKFJE6LDR",
        "source_team": "TKFJE6LDR",
        "user_profile": {
            "avatar_hash": "f39553b0636b",
            "image_72": "https:\/\/avatars.slack-edge.com\/2020-07-22\/1249269540710_f39553b0636b29704992_72.jpg",
            "first_name": "",
            "real_name": "Ankita",
            "display_name": "Ankita",
            "team": "TKFJE6LDR",
            "name": "ankitatripathi.2312",
            "is_restricted": false,
            "is_ultra_restricted": false
        },
        "blocks": [
            {
                "type": "rich_text",
                "block_id": "x7KJ+",
                "elements": [
                    {
                        "type": "rich_text_section",
                        "elements": [
                            {
                                "type": "text",
                                "text": "Okay. I will check too in a couple of minutes."
                            }
                        ]
                    }
                ]
            }
        ],
        "thread_ts": "1598845634.003900",
        "parent_user_id": "UKTGLQNGG"
    },
    {
        "client_msg_id": "2fef2248-4e0e-4a48-9eb6-b887e712d480",
        "type": "message",
        "text": "Angelos replied to confirm that the osgelive meeting is on as planned at 19 UTC.",
        "user": "UKTGLQNGG",
        "ts": "1598869919.006200",
        "team": "TKFJE6LDR",
        "user_team": "TKFJE6LDR",
        "source_team": "TKFJE6LDR",
        "user_profile": {
            "avatar_hash": "d6f4de222bb1",
            "image_72": "https:\/\/avatars.slack-edge.com\/2020-07-20\/1235580478119_d6f4de222bb1ed6b5960_72.jpg",
            "first_name": "Cameron",
            "real_name": "Cameron Shorter",
            "display_name": "cameronshorter",
            "team": "TKFJE6LDR",
            "name": "cameron.shorter",
            "is_restricted": false,
            "is_ultra_restricted": false
        },
        "blocks": [
            {
                "type": "rich_text",
                "block_id": "0Oz+",
                "elements": [
                    {
                        "type": "rich_text_section",
                        "elements": [
                            {
                                "type": "text",
                                "text": "Angelos replied to confirm that the osgelive meeting is on as planned at 19 UTC."
                            }
                        ]
                    }
                ]
            }
        ],
        "thread_ts": "1598845634.003900",
        "parent_user_id": "UKTGLQNGG"
    },
    {
        "client_msg_id": "9ee057a2-0e13-424a-8189-ee455af62f04",
        "type": "message",
        "text": "I was a day early for the OSGeoLive meeting, <https:\/\/trac.osgeo.org\/osgeolive|it is on tomorrow on IRC>. It is very late for <@U0170HMB87K>. <@U018GVAH3FX> (and <@U012KCMPP0V>?) if you have time to meet the OSGeoLive team I think they would be good people for you to meet and build connections with. <@U01A8JXNZDW>, you might want to come too.",
        "user": "UKTGLQNGG",
        "ts": "1598906568.010000",
        "team": "TKFJE6LDR",
        "user_team": "TKFJE6LDR",
        "source_team": "TKFJE6LDR",
        "user_profile": {
            "avatar_hash": "d6f4de222bb1",
            "image_72": "https:\/\/avatars.slack-edge.com\/2020-07-20\/1235580478119_d6f4de222bb1ed6b5960_72.jpg",
            "first_name": "Cameron",
            "real_name": "Cameron Shorter",
            "display_name": "cameronshorter",
            "team": "TKFJE6LDR",
            "name": "cameron.shorter",
            "is_restricted": false,
            "is_ultra_restricted": false
        },
        "blocks": [
            {
                "type": "rich_text",
                "block_id": "0XJa0",
                "elements": [
                    {
                        "type": "rich_text_section",
                        "elements": [
                            {
                                "type": "text",
                                "text": "I was a day early for the OSGeoLive meeting, "
                            },
                            {
                                "type": "link",
                                "url": "https:\/\/trac.osgeo.org\/osgeolive",
                                "text": "it is on tomorrow on IRC"
                            },
                            {
                                "type": "text",
                                "text": ". It is very late for "
                            },
                            {
                                "type": "user",
                                "user_id": "U0170HMB87K"
                            },
                            {
                                "type": "text",
                                "text": ". "
                            },
                            {
                                "type": "user",
                                "user_id": "U018GVAH3FX"
                            },
                            {
                                "type": "text",
                                "text": " (and "
                            },
                            {
                                "type": "user",
                                "user_id": "U012KCMPP0V"
                            },
                            {
                                "type": "text",
                                "text": "?) if you have time to meet the OSGeoLive team I think they would be good people for you to meet and build connections with. "
                            },
                            {
                                "type": "user",
                                "user_id": "U01A8JXNZDW"
                            },
                            {
                                "type": "text",
                                "text": ", you might want to come too."
                            }
                        ]
                    }
                ]
            }
        ],
        "thread_ts": "1598906568.010000",
        "reply_count": 2,
        "reply_users_count": 2,
        "latest_reply": "1598907342.010300",
        "reply_users": [
            "U012KCMPP0V",
            "UKTGLQNGG"
        ],
        "replies": [
            {
                "user": "U012KCMPP0V",
                "ts": "1598906741.010100"
            },
            {
                "user": "UKTGLQNGG",
                "ts": "1598907342.010300"
            }
        ],
        "subscribed": false,
        "reactions": [
            {
                "name": "thankyou",
                "users": [
                    "U018GVAH3FX"
                ],
                "count": 1
            }
        ]
    },
    {
        "client_msg_id": "44d48614-b30a-4da4-b709-a49a2e0576d9",
        "type": "message",
        "text": "Sounds good, but I'm not seeing it on my calendar. Do you want to send me an invite?",
        "user": "U012KCMPP0V",
        "ts": "1598906741.010100",
        "team": "TKFJE6LDR",
        "user_team": "TKFJE6LDR",
        "source_team": "TKFJE6LDR",
        "user_profile": {
            "avatar_hash": "b26729f0b5f2",
            "image_72": "https:\/\/avatars.slack-edge.com\/2020-04-27\/1089031639347_b26729f0b5f2375494a1_72.png",
            "first_name": "Alyssa",
            "real_name": "Alyssa",
            "display_name": "Alyssa",
            "team": "TKFJE6LDR",
            "name": "alyssa.rock.biz",
            "is_restricted": false,
            "is_ultra_restricted": false
        },
        "blocks": [
            {
                "type": "rich_text",
                "block_id": "IUzs",
                "elements": [
                    {
                        "type": "rich_text_section",
                        "elements": [
                            {
                                "type": "text",
                                "text": "Sounds good, but I'm not seeing it on my calendar. Do you want to send me an invite?"
                            }
                        ]
                    }
                ]
            }
        ],
        "thread_ts": "1598906568.010000",
        "parent_user_id": "UKTGLQNGG"
    },
    {
        "client_msg_id": "6411a8d2-3928-4a05-a289-f92a20c1fa59",
        "type": "message",
        "text": "<@U012KCMPP0V> <@U018GVAH3FX> <@U0170HMB87K>, I've looped you in on my personal reminder for this event. Note, it is on IRC, not Google Chat. It would be a good idea to get your client set up in advance. For a once off, <https:\/\/webchat.freenode.net\/> is okay.",
        "user": "UKTGLQNGG",
        "ts": "1598907342.010300",
        "team": "TKFJE6LDR",
        "user_team": "TKFJE6LDR",
        "source_team": "TKFJE6LDR",
        "user_profile": {
            "avatar_hash": "d6f4de222bb1",
            "image_72": "https:\/\/avatars.slack-edge.com\/2020-07-20\/1235580478119_d6f4de222bb1ed6b5960_72.jpg",
            "first_name": "Cameron",
            "real_name": "Cameron Shorter",
            "display_name": "cameronshorter",
            "team": "TKFJE6LDR",
            "name": "cameron.shorter",
            "is_restricted": false,
            "is_ultra_restricted": false
        },
        "blocks": [
            {
                "type": "rich_text",
                "block_id": "cm6c",
                "elements": [
                    {
                        "type": "rich_text_section",
                        "elements": [
                            {
                                "type": "user",
                                "user_id": "U012KCMPP0V"
                            },
                            {
                                "type": "text",
                                "text": " "
                            },
                            {
                                "type": "user",
                                "user_id": "U018GVAH3FX"
                            },
                            {
                                "type": "text",
                                "text": " "
                            },
                            {
                                "type": "user",
                                "user_id": "U0170HMB87K"
                            },
                            {
                                "type": "text",
                                "text": ", I've looped you in on my personal reminder for this event. Note, it is on IRC, not Google Chat. It would be a good idea to get your client set up in advance. For a once off, "
                            },
                            {
                                "type": "link",
                                "url": "https:\/\/webchat.freenode.net\/"
                            },
                            {
                                "type": "text",
                                "text": " is okay."
                            }
                        ]
                    }
                ]
            }
        ],
        "thread_ts": "1598906568.010000",
        "parent_user_id": "UKTGLQNGG",
        "reactions": [
            {
                "name": "heavy_check_mark",
                "users": [
                    "U012KCMPP0V",
                    "U018GVAH3FX",
                    "U0170HMB87K"
                ],
                "count": 3
            }
        ]
    },
    {
        "client_msg_id": "8456082e-a60a-488d-8eca-57a1a94f6175",
        "type": "message",
        "text": "Hi <@U019YA7SD0U> <@U01A8JXNZDW> <@U019E2F5R55> I have added my comments from the last meeting that we had on Friday. Please have a look. I have transcribed to the best of my knowledge that was discussed in the meeting. Please feel free to add comments, if I've missed out on something.\n<@U012KCMPP0V> <@U018GVAH3FX> You can have a look as well, since you were not in the meeting. I guess we have a lot to cover and was wondering if we could settle at a time slot to discuss the strategies we are going to imbibe upon. Let me know your best day &amp; time. I am okay with having an early morning meeting (IST), if that time slot feels comfortable in your time zone. Looking forward to it:hugging_face:\n\nHere is the document link:\n<https:\/\/docs.google.com\/document\/d\/1yzncnQB7uYktPnAQ4DqZYVPDdYnqDrWmqHzcpXrjkPg\/edit?usp=sharing>",
        "user": "U0170HMB87K",
        "ts": "1598937846.015500",
        "team": "TKFJE6LDR",
        "user_team": "TKFJE6LDR",
        "source_team": "TKFJE6LDR",
        "user_profile": {
            "avatar_hash": "f39553b0636b",
            "image_72": "https:\/\/avatars.slack-edge.com\/2020-07-22\/1249269540710_f39553b0636b29704992_72.jpg",
            "first_name": "",
            "real_name": "Ankita",
            "display_name": "Ankita",
            "team": "TKFJE6LDR",
            "name": "ankitatripathi.2312",
            "is_restricted": false,
            "is_ultra_restricted": false
        },
        "blocks": [
            {
                "type": "rich_text",
                "block_id": "BVmf2",
                "elements": [
                    {
                        "type": "rich_text_section",
                        "elements": [
                            {
                                "type": "text",
                                "text": "Hi "
                            },
                            {
                                "type": "user",
                                "user_id": "U019YA7SD0U"
                            },
                            {
                                "type": "text",
                                "text": " "
                            },
                            {
                                "type": "user",
                                "user_id": "U01A8JXNZDW"
                            },
                            {
                                "type": "text",
                                "text": " "
                            },
                            {
                                "type": "user",
                                "user_id": "U019E2F5R55"
                            },
                            {
                                "type": "text",
                                "text": " I have added my comments from the last meeting that we had on Friday. Please have a look. I have transcribed to the best of my knowledge that was discussed in the meeting. Please feel free to add comments, if I've missed out on something.\n"
                            },
                            {
                                "type": "user",
                                "user_id": "U012KCMPP0V"
                            },
                            {
                                "type": "text",
                                "text": " "
                            },
                            {
                                "type": "user",
                                "user_id": "U018GVAH3FX"
                            },
                            {
                                "type": "text",
                                "text": " You can have a look as well, since you were not in the meeting. I guess we have a lot to cover and was wondering if we could settle at a time slot to discuss the strategies we are going to imbibe upon. Let me know your best day & time. I am okay with having an early morning meeting (IST), if that time slot feels comfortable in your time zone. Looking forward to it"
                            },
                            {
                                "type": "emoji",
                                "name": "hugging_face"
                            },
                            {
                                "type": "text",
                                "text": "\n\nHere is the document link:\n"
                            },
                            {
                                "type": "link",
                                "url": "https:\/\/docs.google.com\/document\/d\/1yzncnQB7uYktPnAQ4DqZYVPDdYnqDrWmqHzcpXrjkPg\/edit?usp=sharing"
                            }
                        ]
                    }
                ]
            }
        ]
    },
    {
        "type": "message",
        "subtype": "channel_join",
        "ts": "1598937854.015800",
        "user": "U019E2F5R55",
        "text": "<@U019E2F5R55> has joined the channel",
        "inviter": "U0170HMB87K"
    }
]