[
    {
        "client_msg_id": "5d5dd2af-a660-4259-a398-0b173781e3d3",
        "type": "message",
        "text": "Hi, all! I am Codrina Ilie, a technical geographer and an open source GIS\/RS power user. I work at a Romanian based SME working in Earth Observation\/GIS - Terrasigna - and also doing a PhD in urban hydrogeology with an emphasis on geospatial data interoperability and standardization. \nI think the most valuable contribution I can bring to the Lexicon Committee is helping define OSGeo terms and building connections with the OSGeo people. I was the Program Chair for FOSS4G 2019 [<https:\/\/2019.foss4g.org\/>] - the global flagship conference of the organization. I have been an OSGeo charter member since 2013 and starting with November 2019, I also serve in the Board of Directors, thus I am pretty knowledgable of OSGeo projects, committees and people.\nI live in Bucharest, Romania (UTC +3).",
        "user": "U01ABLZMV7E",
        "ts": "1599400079.139000",
        "team": "TKFJE6LDR",
        "user_team": "TKFJE6LDR",
        "source_team": "TKFJE6LDR",
        "user_profile": {
            "avatar_hash": "322d8ad14d52",
            "image_72": "https:\/\/avatars.slack-edge.com\/2020-09-05\/1351713799684_322d8ad14d5229ae723a_72.jpg",
            "first_name": "",
            "real_name": "Codrina Maria Ilie",
            "display_name": "Codrina Maria Ilie",
            "team": "TKFJE6LDR",
            "name": "codrinamariailie",
            "is_restricted": false,
            "is_ultra_restricted": false
        },
        "blocks": [
            {
                "type": "rich_text",
                "block_id": "vB86",
                "elements": [
                    {
                        "type": "rich_text_section",
                        "elements": [
                            {
                                "type": "text",
                                "text": "Hi, all! I am Codrina Ilie, a technical geographer and an open source GIS\/RS power user. I work at a Romanian based SME working in Earth Observation\/GIS - Terrasigna - and also doing a PhD in urban hydrogeology with an emphasis on geospatial data interoperability and standardization. \nI think the most valuable contribution I can bring to the Lexicon Committee is helping define OSGeo terms and building connections with the OSGeo people. I was the Program Chair for FOSS4G 2019 ["
                            },
                            {
                                "type": "link",
                                "url": "https:\/\/2019.foss4g.org\/"
                            },
                            {
                                "type": "text",
                                "text": "] - the global flagship conference of the organization. I have been an OSGeo charter member since 2013 and starting with November 2019, I also serve in the Board of Directors, thus I am pretty knowledgable of OSGeo projects, committees and people.\nI live in Bucharest, Romania (UTC +3)."
                            }
                        ]
                    }
                ]
            }
        ],
        "thread_ts": "1599400079.139000",
        "reply_count": 2,
        "reply_users_count": 2,
        "latest_reply": "1599457978.145500",
        "reply_users": [
            "U019YA7SD0U",
            "U01ABLZMV7E"
        ],
        "replies": [
            {
                "user": "U019YA7SD0U",
                "ts": "1599401952.139100"
            },
            {
                "user": "U01ABLZMV7E",
                "ts": "1599457978.145500"
            }
        ],
        "subscribed": false,
        "reactions": [
            {
                "name": "star-struck",
                "users": [
                    "U0170HMB87K"
                ],
                "count": 1
            }
        ]
    },
    {
        "client_msg_id": "0d4a963e-55ff-48a5-aef8-95d2c15d5917",
        "type": "message",
        "text": "very good Codrina, looking forward to your participation.",
        "user": "U019YA7SD0U",
        "ts": "1599401952.139100",
        "team": "TKFJE6LDR",
        "user_team": "TKFJE6LDR",
        "source_team": "TKFJE6LDR",
        "user_profile": {
            "avatar_hash": "gd927840085e",
            "image_72": "https:\/\/secure.gravatar.com\/avatar\/d927840085e81f89fb210807b02ee5bc.jpg?s=72&d=https%3A%2F%2Fa.slack-edge.com%2Fdf10d%2Fimg%2Favatars%2Fava_0007-72.png",
            "first_name": "Reese",
            "real_name": "Reese Plews",
            "display_name": "Reese Plews (TC211 TMG)",
            "team": "TKFJE6LDR",
            "name": "rplews",
            "is_restricted": false,
            "is_ultra_restricted": false
        },
        "blocks": [
            {
                "type": "rich_text",
                "block_id": "cg=VZ",
                "elements": [
                    {
                        "type": "rich_text_section",
                        "elements": [
                            {
                                "type": "text",
                                "text": "very good Codrina, looking forward to your participation."
                            }
                        ]
                    }
                ]
            }
        ],
        "thread_ts": "1599400079.139000",
        "parent_user_id": "U01ABLZMV7E"
    },
    {
        "client_msg_id": "2b909bf4-b9d8-4009-a797-44c6f7c86cd2",
        "type": "message",
        "text": "Hello everyone,  as I discussed in our meeting last week on Sept 4, I have now finished my revision of the \"Procedures for drafting terminology entries\" document: (<https:\/\/docs.google.com\/document\/d\/1cvfOthTBufkVeR85oA1CYPTHFrZDRZgykU24SZMV3ME\/edit?usp=sharing|osglex_doc_n5_Procedures_for_drafting_terminology_entries_2020-09-07>)\nThis link should provide you with commenting access. Let me know if you would like editing access.\n\nThere is now an introduction describing the reasons behind writing this document. The structure has been revised based on feedback earlier this spring and there are more examples. All comments received were very constructive, but a couple were, in my opinion, out of scope. I have tried to clarify the scope better in the revised document.\n\nI hope the tech writers will find this clear and helpful. I look forward to questions and discussion.\n\nWhen terminology entries are developed in OSGEO, I hope they will be drafted (written) according to the procedures presented in this document.",
        "user": "U019YA7SD0U",
        "ts": "1599414394.142100",
        "team": "TKFJE6LDR",
        "user_team": "TKFJE6LDR",
        "source_team": "TKFJE6LDR",
        "user_profile": {
            "avatar_hash": "gd927840085e",
            "image_72": "https:\/\/secure.gravatar.com\/avatar\/d927840085e81f89fb210807b02ee5bc.jpg?s=72&d=https%3A%2F%2Fa.slack-edge.com%2Fdf10d%2Fimg%2Favatars%2Fava_0007-72.png",
            "first_name": "Reese",
            "real_name": "Reese Plews",
            "display_name": "Reese Plews (TC211 TMG)",
            "team": "TKFJE6LDR",
            "name": "rplews",
            "is_restricted": false,
            "is_ultra_restricted": false
        },
        "blocks": [
            {
                "type": "rich_text",
                "block_id": "BXJJT",
                "elements": [
                    {
                        "type": "rich_text_section",
                        "elements": [
                            {
                                "type": "text",
                                "text": "Hello everyone,  as I discussed in our meeting last week on Sept 4, I have now finished my revision of the \"Procedures for drafting terminology entries\" document: ("
                            },
                            {
                                "type": "link",
                                "url": "https:\/\/docs.google.com\/document\/d\/1cvfOthTBufkVeR85oA1CYPTHFrZDRZgykU24SZMV3ME\/edit?usp=sharing",
                                "text": "osglex_doc_n5_Procedures_for_drafting_terminology_entries_2020-09-07"
                            },
                            {
                                "type": "text",
                                "text": ")\nThis link should provide you with commenting access. Let me know if you would like editing access.\n\nThere is now an introduction describing the reasons behind writing this document. The structure has been revised based on feedback earlier this spring and there are more examples. All comments received were very constructive, but a couple were, in my opinion, out of scope. I have tried to clarify the scope better in the revised document.\n\nI hope the tech writers will find this clear and helpful. I look forward to questions and discussion.\n\nWhen terminology entries are developed in OSGEO, I hope they will be drafted (written) according to the procedures presented in this document."
                            }
                        ]
                    }
                ]
            }
        ]
    },
    {
        "client_msg_id": "7211d072-a343-4108-863b-a4e48641e95e",
        "type": "message",
        "text": "Also, during the Sept 4th meeting was a discussion about templates that the technical writers could use when they prepare the terminology entries.\n\nPerhaps my view of a template is different from that of other members. I have added another document to show some examples of how TC211 is using spreadsheets as simple templates for terminology entries.\n\n\"Terminology Template Examples\" document:  (<https:\/\/docs.google.com\/spreadsheets\/d\/1cjTb8O8C4fWZaFVNbsCgPyLnlmLl-rwbo5is755L5x4\/edit?usp=sharing|osglex_doc_n7_terminology_template_examples>)\nThis link should provide you with commenting access. Let me know if you would like editing access.\n\nLet me know if there are any questions and I look forward to your feedback and discussion. Thank you.",
        "user": "U019YA7SD0U",
        "ts": "1599414746.144400",
        "team": "TKFJE6LDR",
        "user_team": "TKFJE6LDR",
        "source_team": "TKFJE6LDR",
        "user_profile": {
            "avatar_hash": "gd927840085e",
            "image_72": "https:\/\/secure.gravatar.com\/avatar\/d927840085e81f89fb210807b02ee5bc.jpg?s=72&d=https%3A%2F%2Fa.slack-edge.com%2Fdf10d%2Fimg%2Favatars%2Fava_0007-72.png",
            "first_name": "Reese",
            "real_name": "Reese Plews",
            "display_name": "Reese Plews (TC211 TMG)",
            "team": "TKFJE6LDR",
            "name": "rplews",
            "is_restricted": false,
            "is_ultra_restricted": false
        },
        "blocks": [
            {
                "type": "rich_text",
                "block_id": "6Hb",
                "elements": [
                    {
                        "type": "rich_text_section",
                        "elements": [
                            {
                                "type": "text",
                                "text": "Also, during the Sept 4th meeting was a discussion about templates that the technical writers could use when they prepare the terminology entries.\n\nPerhaps my view of a template is different from that of other members. I have added another document to show some examples of how TC211 is using spreadsheets as simple templates for terminology entries.\n\n\"Terminology Template Examples\" document:  ("
                            },
                            {
                                "type": "link",
                                "url": "https:\/\/docs.google.com\/spreadsheets\/d\/1cjTb8O8C4fWZaFVNbsCgPyLnlmLl-rwbo5is755L5x4\/edit?usp=sharing",
                                "text": "osglex_doc_n7_terminology_template_examples"
                            },
                            {
                                "type": "text",
                                "text": ")\nThis link should provide you with commenting access. Let me know if you would like editing access.\n\nLet me know if there are any questions and I look forward to your feedback and discussion. Thank you."
                            }
                        ]
                    }
                ]
            }
        ]
    },
    {
        "type": "message",
        "text": "Hey <@U012KCMPP0V>, I made you and Cameron maintainers of the `glossaries` repo so you should be able to add new members as they request access.",
        "files": [
            {
                "id": "F019RN76A5D",
                "created": 1599435223,
                "timestamp": 1599435223,
                "name": "image.png",
                "title": "image.png",
                "mimetype": "image\/png",
                "filetype": "png",
                "pretty_type": "PNG",
                "user": "UKV4ZPEFQ",
                "editable": false,
                "size": 37921,
                "mode": "hosted",
                "is_external": false,
                "external_type": "",
                "is_public": true,
                "public_url_shared": false,
                "display_as_bot": false,
                "username": "",
                "url_private": "https:\/\/files.slack.com\/files-pri\/TKFJE6LDR-F019RN76A5D\/image.png?t=xoxe-661626224467-1562611298038-1581972681841-65ee1aaab8778b70cf90365aafaf1f92",
                "url_private_download": "https:\/\/files.slack.com\/files-pri\/TKFJE6LDR-F019RN76A5D\/download\/image.png?t=xoxe-661626224467-1562611298038-1581972681841-65ee1aaab8778b70cf90365aafaf1f92",
                "thumb_64": "https:\/\/files.slack.com\/files-tmb\/TKFJE6LDR-F019RN76A5D-4db1a57ad7\/image_64.png?t=xoxe-661626224467-1562611298038-1581972681841-65ee1aaab8778b70cf90365aafaf1f92",
                "thumb_80": "https:\/\/files.slack.com\/files-tmb\/TKFJE6LDR-F019RN76A5D-4db1a57ad7\/image_80.png?t=xoxe-661626224467-1562611298038-1581972681841-65ee1aaab8778b70cf90365aafaf1f92",
                "thumb_360": "https:\/\/files.slack.com\/files-tmb\/TKFJE6LDR-F019RN76A5D-4db1a57ad7\/image_360.png?t=xoxe-661626224467-1562611298038-1581972681841-65ee1aaab8778b70cf90365aafaf1f92",
                "thumb_360_w": 328,
                "thumb_360_h": 360,
                "thumb_480": "https:\/\/files.slack.com\/files-tmb\/TKFJE6LDR-F019RN76A5D-4db1a57ad7\/image_480.png?t=xoxe-661626224467-1562611298038-1581972681841-65ee1aaab8778b70cf90365aafaf1f92",
                "thumb_480_w": 438,
                "thumb_480_h": 480,
                "thumb_160": "https:\/\/files.slack.com\/files-tmb\/TKFJE6LDR-F019RN76A5D-4db1a57ad7\/image_160.png?t=xoxe-661626224467-1562611298038-1581972681841-65ee1aaab8778b70cf90365aafaf1f92",
                "original_w": 495,
                "original_h": 543,
                "thumb_tiny": "AwAwACvSOfWj5vUU2TYEJc4FOwOP8aADmjmjj\/JpaACiiigCOdkEZ8wZUnGKcCpAx6ccU24k8uItsL+1PBJAOCMigBcCikz7GloAKKKKAEOccYo59qSRWZcK2DS8+tAC0UnPr+lHPr+lAC0UUUAf\/9k=",
                "permalink": "https:\/\/thegooddocs.slack.com\/files\/UKV4ZPEFQ\/F019RN76A5D\/image.png",
                "permalink_public": "https:\/\/slack-files.com\/TKFJE6LDR-F019RN76A5D-d14762f164",
                "is_starred": false,
                "has_rich_preview": false
            }
        ],
        "upload": false,
        "blocks": [
            {
                "type": "rich_text",
                "block_id": "2uL7T",
                "elements": [
                    {
                        "type": "rich_text_section",
                        "elements": [
                            {
                                "type": "text",
                                "text": "Hey "
                            },
                            {
                                "type": "user",
                                "user_id": "U012KCMPP0V"
                            },
                            {
                                "type": "text",
                                "text": ", I made you and Cameron maintainers of the "
                            },
                            {
                                "type": "text",
                                "text": "glossaries",
                                "style": {
                                    "code": true
                                }
                            },
                            {
                                "type": "text",
                                "text": " repo so you should be able to add new members as they request access."
                            }
                        ]
                    }
                ]
            }
        ],
        "user": "UKV4ZPEFQ",
        "display_as_bot": false,
        "ts": "1599435235.144700",
        "thread_ts": "1599346485.133700",
        "parent_user_id": "UKTGLQNGG"
    },
    {
        "client_msg_id": "991f3716-f230-4a79-89c4-3bc5403b2b2f",
        "type": "message",
        "text": "This feels like a clunky process to me, but upon reading, I think it's the only way. Ideally we'd have some kind of 'request access' button in GitHub but the onus is on the maintainer to invite the contributor. Oh well :woman-shrugging:",
        "user": "UKV4ZPEFQ",
        "ts": "1599435359.145100",
        "team": "TKFJE6LDR",
        "user_team": "TKFJE6LDR",
        "source_team": "TKFJE6LDR",
        "user_profile": {
            "avatar_hash": "g854c628ef64",
            "image_72": "https:\/\/secure.gravatar.com\/avatar\/6854c628ef64a4c129a994522e17cdf2.jpg?s=72&d=https%3A%2F%2Fa.slack-edge.com%2Fdf10d%2Fimg%2Favatars%2Fava_0007-72.png",
            "first_name": "felicitybrand",
            "real_name": "felicitybrand",
            "display_name": "flicstar",
            "team": "TKFJE6LDR",
            "name": "felicitybrand",
            "is_restricted": false,
            "is_ultra_restricted": false
        },
        "blocks": [
            {
                "type": "rich_text",
                "block_id": "WOc\/=",
                "elements": [
                    {
                        "type": "rich_text_section",
                        "elements": [
                            {
                                "type": "text",
                                "text": "This feels like a clunky process to me, but upon reading, I think it's the only way. Ideally we'd have some kind of 'request access' button in GitHub but the onus is on the maintainer to invite the contributor. Oh well "
                            },
                            {
                                "type": "emoji",
                                "name": "woman-shrugging"
                            }
                        ]
                    }
                ]
            }
        ],
        "thread_ts": "1599346485.133700",
        "parent_user_id": "UKTGLQNGG"
    },
    {
        "client_msg_id": "b8fea66a-beb2-4f3d-9d56-7097320637a2",
        "type": "message",
        "text": "Thanks <@UKV4ZPEFQ> for setting this up.",
        "user": "UKTGLQNGG",
        "ts": "1599440972.145300",
        "team": "TKFJE6LDR",
        "user_team": "TKFJE6LDR",
        "source_team": "TKFJE6LDR",
        "user_profile": {
            "avatar_hash": "d6f4de222bb1",
            "image_72": "https:\/\/avatars.slack-edge.com\/2020-07-20\/1235580478119_d6f4de222bb1ed6b5960_72.jpg",
            "first_name": "Cameron",
            "real_name": "Cameron Shorter",
            "display_name": "cameronshorter",
            "team": "TKFJE6LDR",
            "name": "cameron.shorter",
            "is_restricted": false,
            "is_ultra_restricted": false
        },
        "blocks": [
            {
                "type": "rich_text",
                "block_id": "goWw",
                "elements": [
                    {
                        "type": "rich_text_section",
                        "elements": [
                            {
                                "type": "text",
                                "text": "Thanks "
                            },
                            {
                                "type": "user",
                                "user_id": "UKV4ZPEFQ"
                            },
                            {
                                "type": "text",
                                "text": " for setting this up."
                            }
                        ]
                    }
                ]
            }
        ],
        "thread_ts": "1599346485.133700",
        "parent_user_id": "UKTGLQNGG",
        "reactions": [
            {
                "name": "point_up",
                "users": [
                    "U012KCMPP0V"
                ],
                "count": 1
            },
            {
                "name": "100",
                "users": [
                    "U012KCMPP0V"
                ],
                "count": 1
            }
        ]
    },
    {
        "client_msg_id": "536aadd1-d1fd-4d51-8b56-51b7c92b32d6",
        "type": "message",
        "text": "Thank you, Reese.",
        "user": "U01ABLZMV7E",
        "ts": "1599457978.145500",
        "team": "TKFJE6LDR",
        "user_team": "TKFJE6LDR",
        "source_team": "TKFJE6LDR",
        "user_profile": {
            "avatar_hash": "322d8ad14d52",
            "image_72": "https:\/\/avatars.slack-edge.com\/2020-09-05\/1351713799684_322d8ad14d5229ae723a_72.jpg",
            "first_name": "",
            "real_name": "Codrina Maria Ilie",
            "display_name": "Codrina Maria Ilie",
            "team": "TKFJE6LDR",
            "name": "codrinamariailie",
            "is_restricted": false,
            "is_ultra_restricted": false
        },
        "blocks": [
            {
                "type": "rich_text",
                "block_id": "d9OY",
                "elements": [
                    {
                        "type": "rich_text_section",
                        "elements": [
                            {
                                "type": "text",
                                "text": "Thank you, Reese."
                            }
                        ]
                    }
                ]
            }
        ],
        "thread_ts": "1599400079.139000",
        "parent_user_id": "U01ABLZMV7E"
    }
]