[
    {
        "client_msg_id": "908edb04-86fe-490c-87ab-dae05cd0fcb3",
        "type": "message",
        "text": "I'm hoping you can all vote on the motion I've just sent to our email list: Motion: Set up a glossaries repository within The Good Docs Project.",
        "user": "UKTGLQNGG",
        "ts": "1598735029.001400",
        "team": "TKFJE6LDR",
        "user_team": "TKFJE6LDR",
        "source_team": "TKFJE6LDR",
        "user_profile": {
            "avatar_hash": "d6f4de222bb1",
            "image_72": "https:\/\/avatars.slack-edge.com\/2020-07-20\/1235580478119_d6f4de222bb1ed6b5960_72.jpg",
            "first_name": "Cameron",
            "real_name": "Cameron Shorter",
            "display_name": "cameronshorter",
            "team": "TKFJE6LDR",
            "name": "cameron.shorter",
            "is_restricted": false,
            "is_ultra_restricted": false
        },
        "blocks": [
            {
                "type": "rich_text",
                "block_id": "vlbpY",
                "elements": [
                    {
                        "type": "rich_text_section",
                        "elements": [
                            {
                                "type": "text",
                                "text": "I'm hoping you can all vote on the motion I've just sent to our email list: Motion: Set up a glossaries repository within The Good Docs Project."
                            }
                        ]
                    }
                ]
            }
        ]
    }
]