[
    {
        "type": "message",
        "subtype": "channel_join",
        "ts": "1599307267.128800",
        "user": "U01ABLZMV7E",
        "text": "<@U01ABLZMV7E> has joined the channel"
    },
    {
        "client_msg_id": "9fd88ddb-2000-44f6-a898-670afa365001",
        "type": "message",
        "text": "hello Codrina, happy to have you here!",
        "user": "U019YA7SD0U",
        "ts": "1599319245.129800",
        "team": "TKFJE6LDR",
        "user_team": "TKFJE6LDR",
        "source_team": "TKFJE6LDR",
        "user_profile": {
            "avatar_hash": "gd927840085e",
            "image_72": "https:\/\/secure.gravatar.com\/avatar\/d927840085e81f89fb210807b02ee5bc.jpg?s=72&d=https%3A%2F%2Fa.slack-edge.com%2Fdf10d%2Fimg%2Favatars%2Fava_0007-72.png",
            "first_name": "Reese",
            "real_name": "Reese Plews",
            "display_name": "Reese Plews (TC211 TMG)",
            "team": "TKFJE6LDR",
            "name": "rplews",
            "is_restricted": false,
            "is_ultra_restricted": false
        },
        "blocks": [
            {
                "type": "rich_text",
                "block_id": "BO2jO",
                "elements": [
                    {
                        "type": "rich_text_section",
                        "elements": [
                            {
                                "type": "text",
                                "text": "hello Codrina, happy to have you here!"
                            }
                        ]
                    }
                ]
            }
        ]
    },
    {
        "type": "message",
        "subtype": "channel_join",
        "ts": "1599323606.130000",
        "user": "U01A243HGHF",
        "text": "<@U01A243HGHF> has joined the channel"
    },
    {
        "client_msg_id": "6d6e7e25-a3e7-4655-9312-0e0b1e59a6df",
        "type": "message",
        "text": "<https:\/\/github.com\/orgs\/thegooddocsproject\/teams\/glossaries\/members>",
        "user": "UKV4ZPEFQ",
        "ts": "1599345399.130200",
        "team": "TKFJE6LDR",
        "user_team": "TKFJE6LDR",
        "source_team": "TKFJE6LDR",
        "user_profile": {
            "avatar_hash": "g854c628ef64",
            "image_72": "https:\/\/secure.gravatar.com\/avatar\/6854c628ef64a4c129a994522e17cdf2.jpg?s=72&d=https%3A%2F%2Fa.slack-edge.com%2Fdf10d%2Fimg%2Favatars%2Fava_0007-72.png",
            "first_name": "felicitybrand",
            "real_name": "felicitybrand",
            "display_name": "flicstar",
            "team": "TKFJE6LDR",
            "name": "felicitybrand",
            "is_restricted": false,
            "is_ultra_restricted": false
        },
        "blocks": [
            {
                "type": "rich_text",
                "block_id": "9o490",
                "elements": [
                    {
                        "type": "rich_text_section",
                        "elements": [
                            {
                                "type": "link",
                                "url": "https:\/\/github.com\/orgs\/thegooddocsproject\/teams\/glossaries\/members"
                            }
                        ]
                    }
                ]
            }
        ]
    },
    {
        "client_msg_id": "9530a7ab-4f80-46dc-b21d-f1091aad68cf",
        "type": "message",
        "text": "We're at the stage where we can add members to the glossaries repo, but it's hard to correlate slack usernames with github usernames to invite the right members.",
        "user": "UKV4ZPEFQ",
        "ts": "1599345450.130700",
        "team": "TKFJE6LDR",
        "user_team": "TKFJE6LDR",
        "source_team": "TKFJE6LDR",
        "user_profile": {
            "avatar_hash": "g854c628ef64",
            "image_72": "https:\/\/secure.gravatar.com\/avatar\/6854c628ef64a4c129a994522e17cdf2.jpg?s=72&d=https%3A%2F%2Fa.slack-edge.com%2Fdf10d%2Fimg%2Favatars%2Fava_0007-72.png",
            "first_name": "felicitybrand",
            "real_name": "felicitybrand",
            "display_name": "flicstar",
            "team": "TKFJE6LDR",
            "name": "felicitybrand",
            "is_restricted": false,
            "is_ultra_restricted": false
        },
        "edited": {
            "user": "UKV4ZPEFQ",
            "ts": "1599345594.000000"
        },
        "blocks": [
            {
                "type": "rich_text",
                "block_id": "e0w",
                "elements": [
                    {
                        "type": "rich_text_section",
                        "elements": [
                            {
                                "type": "text",
                                "text": "We're at the stage where we can add members to the glossaries repo, but it's hard to correlate slack usernames with github usernames to invite the right members."
                            }
                        ]
                    }
                ]
            }
        ]
    },
    {
        "client_msg_id": "330a7daf-117b-4882-872f-5e0f16be7fc0",
        "type": "message",
        "text": "As per Cameron's message in general <https:\/\/thegooddocs.slack.com\/archives\/CQT6T04CW\/p1599272361025500>",
        "user": "UKV4ZPEFQ",
        "ts": "1599345507.131100",
        "team": "TKFJE6LDR",
        "user_team": "TKFJE6LDR",
        "source_team": "TKFJE6LDR",
        "user_profile": {
            "avatar_hash": "g854c628ef64",
            "image_72": "https:\/\/secure.gravatar.com\/avatar\/6854c628ef64a4c129a994522e17cdf2.jpg?s=72&d=https%3A%2F%2Fa.slack-edge.com%2Fdf10d%2Fimg%2Favatars%2Fava_0007-72.png",
            "first_name": "felicitybrand",
            "real_name": "felicitybrand",
            "display_name": "flicstar",
            "team": "TKFJE6LDR",
            "name": "felicitybrand",
            "is_restricted": false,
            "is_ultra_restricted": false
        },
        "attachments": [
            {
                "from_url": "https:\/\/thegooddocs.slack.com\/archives\/CQT6T04CW\/p1599272361025500",
                "fallback": "[September 4th, 2020 7:19 PM] cameron.shorter: I've set up an empty github glossaries repository: <https:\/\/github.com\/thegooddocsproject\/glossaries> where we can set up a kanban board, issue tracker and eventually store docs if need be. I'm hoping to hand over this management to our glossary tech writers <@U012KCMPP0V> <@U0170HMB87K> <@U018GVAH3FX> and am not sure if they have sufficient permissions yet? Hopefully one of the git wizards can suggest next steps.",
                "ts": "1599272361.025500",
                "author_id": "UKTGLQNGG",
                "author_subname": "Cameron Shorter",
                "channel_id": "CQT6T04CW",
                "channel_name": "general",
                "is_msg_unfurl": true,
                "text": "I've set up an empty github glossaries repository: <https:\/\/github.com\/thegooddocsproject\/glossaries> where we can set up a kanban board, issue tracker and eventually store docs if need be. I'm hoping to hand over this management to our glossary tech writers <@U012KCMPP0V> <@U0170HMB87K> <@U018GVAH3FX> and am not sure if they have sufficient permissions yet? Hopefully one of the git wizards can suggest next steps.",
                "author_name": "Cameron Shorter",
                "author_link": "https:\/\/thegooddocs.slack.com\/team\/UKTGLQNGG",
                "author_icon": "https:\/\/avatars.slack-edge.com\/2020-07-20\/1235580478119_d6f4de222bb1ed6b5960_48.jpg",
                "mrkdwn_in": [
                    "text"
                ],
                "id": 1,
                "original_url": "https:\/\/thegooddocs.slack.com\/archives\/CQT6T04CW\/p1599272361025500",
                "footer": "Posted in #general"
            }
        ],
        "blocks": [
            {
                "type": "rich_text",
                "block_id": "e4A",
                "elements": [
                    {
                        "type": "rich_text_section",
                        "elements": [
                            {
                                "type": "text",
                                "text": "As per Cameron's message in general "
                            },
                            {
                                "type": "link",
                                "url": "https:\/\/thegooddocs.slack.com\/archives\/CQT6T04CW\/p1599272361025500"
                            }
                        ]
                    }
                ]
            }
        ]
    },
    {
        "client_msg_id": "8ab98a35-f6cd-4f86-bccc-e4297ef68e7f",
        "type": "message",
        "text": "Thanks <@UKV4ZPEFQ>, so I suggest that we can\/should provide git access to all contributing to the glossary\/geolexia project. To get yourself added, you will need to share your github id, which I suggest you do in this thread.",
        "user": "UKTGLQNGG",
        "ts": "1599346485.133700",
        "team": "TKFJE6LDR",
        "user_team": "TKFJE6LDR",
        "source_team": "TKFJE6LDR",
        "user_profile": {
            "avatar_hash": "d6f4de222bb1",
            "image_72": "https:\/\/avatars.slack-edge.com\/2020-07-20\/1235580478119_d6f4de222bb1ed6b5960_72.jpg",
            "first_name": "Cameron",
            "real_name": "Cameron Shorter",
            "display_name": "cameronshorter",
            "team": "TKFJE6LDR",
            "name": "cameron.shorter",
            "is_restricted": false,
            "is_ultra_restricted": false
        },
        "blocks": [
            {
                "type": "rich_text",
                "block_id": "tHmb",
                "elements": [
                    {
                        "type": "rich_text_section",
                        "elements": [
                            {
                                "type": "text",
                                "text": "Thanks "
                            },
                            {
                                "type": "user",
                                "user_id": "UKV4ZPEFQ"
                            },
                            {
                                "type": "text",
                                "text": ", so I suggest that we can\/should provide git access to all contributing to the glossary\/geolexia project. To get yourself added, you will need to share your github id, which I suggest you do in this thread."
                            }
                        ]
                    }
                ]
            }
        ],
        "thread_ts": "1599346485.133700",
        "reply_count": 5,
        "reply_users_count": 3,
        "latest_reply": "1599497713.146000",
        "reply_users": [
            "UKTGLQNGG",
            "UKV4ZPEFQ",
            "U012KCMPP0V"
        ],
        "replies": [
            {
                "user": "UKTGLQNGG",
                "ts": "1599346544.133800"
            },
            {
                "user": "UKV4ZPEFQ",
                "ts": "1599435235.144700"
            },
            {
                "user": "UKV4ZPEFQ",
                "ts": "1599435359.145100"
            },
            {
                "user": "UKTGLQNGG",
                "ts": "1599440972.145300"
            },
            {
                "user": "U012KCMPP0V",
                "ts": "1599497713.146000"
            }
        ],
        "subscribed": true,
        "last_read": "1599497713.146000"
    },
    {
        "client_msg_id": "042318b2-502f-4adf-b67f-d2e63497e384",
        "type": "message",
        "text": "To start, my github id is <https:\/\/github.com\/camerons>",
        "user": "UKTGLQNGG",
        "ts": "1599346544.133800",
        "team": "TKFJE6LDR",
        "user_team": "TKFJE6LDR",
        "source_team": "TKFJE6LDR",
        "user_profile": {
            "avatar_hash": "d6f4de222bb1",
            "image_72": "https:\/\/avatars.slack-edge.com\/2020-07-20\/1235580478119_d6f4de222bb1ed6b5960_72.jpg",
            "first_name": "Cameron",
            "real_name": "Cameron Shorter",
            "display_name": "cameronshorter",
            "team": "TKFJE6LDR",
            "name": "cameron.shorter",
            "is_restricted": false,
            "is_ultra_restricted": false
        },
        "attachments": [
            {
                "fallback": "Cameron Shorter",
                "title": "Cameron Shorter",
                "footer": "<https:\/\/github.com\/camerons|@camerons>",
                "id": 1,
                "thumb_height": 96,
                "thumb_width": 96,
                "thumb_url": "https:\/\/avatars0.githubusercontent.com\/u\/1243535?v=4",
                "footer_icon": "https:\/\/github.githubassets.com\/favicon.ico",
                "ts": 1323144689,
                "color": "24292f",
                "fields": [
                    {
                        "title": "Location",
                        "value": "Sydney, Australia",
                        "short": true
                    },
                    {
                        "title": "URL",
                        "value": "<http:\/\/cameronshorter.blogspot.com>",
                        "short": true
                    },
                    {
                        "title": "Repositories",
                        "value": "16",
                        "short": true
                    },
                    {
                        "title": "Followers",
                        "value": "7",
                        "short": true
                    }
                ],
                "bot_id": "BU8U6P6AH",
                "app_unfurl_url": "https:\/\/github.com\/camerons",
                "is_app_unfurl": true
            }
        ],
        "blocks": [
            {
                "type": "rich_text",
                "block_id": "qDN2e",
                "elements": [
                    {
                        "type": "rich_text_section",
                        "elements": [
                            {
                                "type": "text",
                                "text": "To start, my github id is "
                            },
                            {
                                "type": "link",
                                "url": "https:\/\/github.com\/camerons"
                            }
                        ]
                    }
                ]
            }
        ],
        "thread_ts": "1599346485.133700",
        "parent_user_id": "UKTGLQNGG"
    },
    {
        "client_msg_id": "10CA3A62-55E0-417C-9123-6C836213D93E",
        "type": "message",
        "text": "Welcome <@U01ABLZMV7E> and <@U01A243HGHF> :hugging_face::hugging_face:",
        "user": "U0170HMB87K",
        "ts": "1599358777.134600",
        "team": "TKFJE6LDR",
        "user_team": "TKFJE6LDR",
        "source_team": "TKFJE6LDR",
        "user_profile": {
            "avatar_hash": "f39553b0636b",
            "image_72": "https:\/\/avatars.slack-edge.com\/2020-07-22\/1249269540710_f39553b0636b29704992_72.jpg",
            "first_name": "",
            "real_name": "Ankita",
            "display_name": "Ankita",
            "team": "TKFJE6LDR",
            "name": "ankitatripathi.2312",
            "is_restricted": false,
            "is_ultra_restricted": false
        },
        "blocks": [
            {
                "type": "rich_text",
                "block_id": "b2KE",
                "elements": [
                    {
                        "type": "rich_text_section",
                        "elements": [
                            {
                                "type": "text",
                                "text": "Welcome "
                            },
                            {
                                "type": "user",
                                "user_id": "U01ABLZMV7E"
                            },
                            {
                                "type": "text",
                                "text": " and "
                            },
                            {
                                "type": "user",
                                "user_id": "U01A243HGHF"
                            },
                            {
                                "type": "text",
                                "text": " "
                            },
                            {
                                "type": "emoji",
                                "name": "hugging_face"
                            },
                            {
                                "type": "emoji",
                                "name": "hugging_face"
                            }
                        ]
                    }
                ]
            }
        ]
    },
    {
        "client_msg_id": "cb3584eb-31d5-4efb-adb3-2d7ff3021463",
        "type": "message",
        "text": "hi <@U01A243HGHF> we appreciate your participation.",
        "user": "U019YA7SD0U",
        "ts": "1599359730.135500",
        "team": "TKFJE6LDR",
        "user_team": "TKFJE6LDR",
        "source_team": "TKFJE6LDR",
        "user_profile": {
            "avatar_hash": "gd927840085e",
            "image_72": "https:\/\/secure.gravatar.com\/avatar\/d927840085e81f89fb210807b02ee5bc.jpg?s=72&d=https%3A%2F%2Fa.slack-edge.com%2Fdf10d%2Fimg%2Favatars%2Fava_0007-72.png",
            "first_name": "Reese",
            "real_name": "Reese Plews",
            "display_name": "Reese Plews (TC211 TMG)",
            "team": "TKFJE6LDR",
            "name": "rplews",
            "is_restricted": false,
            "is_ultra_restricted": false
        },
        "blocks": [
            {
                "type": "rich_text",
                "block_id": "Jpja",
                "elements": [
                    {
                        "type": "rich_text_section",
                        "elements": [
                            {
                                "type": "text",
                                "text": "hi "
                            },
                            {
                                "type": "user",
                                "user_id": "U01A243HGHF"
                            },
                            {
                                "type": "text",
                                "text": " we appreciate your participation."
                            }
                        ]
                    }
                ]
            }
        ]
    },
    {
        "client_msg_id": "b11fb6de-f17c-486d-ab4f-b4f6b66d9fa3",
        "type": "message",
        "text": "<@UKV4ZPEFQ> can you add me to GitHub too? My handle is \"ronaldtse\" there. Thanks!",
        "user": "U01A1CBD0CC",
        "ts": "1599367412.136000",
        "team": "TKFJE6LDR",
        "user_team": "TKFJE6LDR",
        "source_team": "TKFJE6LDR",
        "user_profile": {
            "avatar_hash": "gd11b0590c62",
            "image_72": "https:\/\/secure.gravatar.com\/avatar\/d11b0590c62fd7eac8ff41b3cadd7b26.jpg?s=72&d=https%3A%2F%2Fa.slack-edge.com%2Fdf10d%2Fimg%2Favatars%2Fava_0025-72.png",
            "first_name": "",
            "real_name": "Ronald Tse",
            "display_name": "Ronald Tse",
            "team": "TKFJE6LDR",
            "name": "tse",
            "is_restricted": false,
            "is_ultra_restricted": false
        },
        "blocks": [
            {
                "type": "rich_text",
                "block_id": "sl5",
                "elements": [
                    {
                        "type": "rich_text_section",
                        "elements": [
                            {
                                "type": "user",
                                "user_id": "UKV4ZPEFQ"
                            },
                            {
                                "type": "text",
                                "text": " can you add me to GitHub too? My handle is \"ronaldtse\" there. Thanks!"
                            }
                        ]
                    }
                ]
            }
        ]
    },
    {
        "client_msg_id": "71d5e466-5d74-4440-9a43-23ad21682702",
        "type": "message",
        "text": "Welcome <@U01A243HGHF>!",
        "user": "U01A1CBD0CC",
        "ts": "1599367421.136200",
        "team": "TKFJE6LDR",
        "user_team": "TKFJE6LDR",
        "source_team": "TKFJE6LDR",
        "user_profile": {
            "avatar_hash": "gd11b0590c62",
            "image_72": "https:\/\/secure.gravatar.com\/avatar\/d11b0590c62fd7eac8ff41b3cadd7b26.jpg?s=72&d=https%3A%2F%2Fa.slack-edge.com%2Fdf10d%2Fimg%2Favatars%2Fava_0025-72.png",
            "first_name": "",
            "real_name": "Ronald Tse",
            "display_name": "Ronald Tse",
            "team": "TKFJE6LDR",
            "name": "tse",
            "is_restricted": false,
            "is_ultra_restricted": false
        },
        "blocks": [
            {
                "type": "rich_text",
                "block_id": "8khA\/",
                "elements": [
                    {
                        "type": "rich_text_section",
                        "elements": [
                            {
                                "type": "text",
                                "text": "Welcome "
                            },
                            {
                                "type": "user",
                                "user_id": "U01A243HGHF"
                            },
                            {
                                "type": "text",
                                "text": "!"
                            }
                        ]
                    }
                ]
            }
        ]
    }
]