[
    {
        "type": "message",
        "text": "Hi there, I have added a new slide, no.15,  at <https:\/\/docs.google.com\/presentation\/d\/1fZxe4YRXKfYU5rAjk5GPRNyDRbwqT9NV406jjX8nB4k\/edit#slide=id.g94625946e7_1_49>",
        "files": [
            {
                "id": "F01A1PX868H",
                "created": 1598607071,
                "timestamp": 1598607071,
                "name": "2020-08-28 Glossary Management Cross-domains Kickoff",
                "title": "2020-08-28 Kickoff - Glossary Management Cross-domains Kickoff",
                "mimetype": "application\/vnd.google-apps.presentation",
                "filetype": "gpres",
                "pretty_type": "G Suite Presentation",
                "user": "U01A8JXNZDW",
                "editable": false,
                "size": 5947,
                "mode": "external",
                "is_external": true,
                "external_type": "gdrive",
                "is_public": true,
                "public_url_shared": false,
                "display_as_bot": false,
                "username": "",
                "url_private": "https:\/\/docs.google.com\/presentation\/d\/1fZxe4YRXKfYU5rAjk5GPRNyDRbwqT9NV406jjX8nB4k\/edit#slide=id.g94625946e7_1_49",
                "thumb_64": "https:\/\/files.slack.com\/files-tmb\/TKFJE6LDR-F01A1PX868H-95c3e99a73\/2020-08-28_glossary_management_cross-domains_kickoff_64.png?t=xoxe-661626224467-1562611298038-1581972681841-65ee1aaab8778b70cf90365aafaf1f92",
                "thumb_80": "https:\/\/files.slack.com\/files-tmb\/TKFJE6LDR-F01A1PX868H-95c3e99a73\/2020-08-28_glossary_management_cross-domains_kickoff_80.png?t=xoxe-661626224467-1562611298038-1581972681841-65ee1aaab8778b70cf90365aafaf1f92",
                "thumb_360": "https:\/\/files.slack.com\/files-tmb\/TKFJE6LDR-F01A1PX868H-95c3e99a73\/2020-08-28_glossary_management_cross-domains_kickoff_360.png?t=xoxe-661626224467-1562611298038-1581972681841-65ee1aaab8778b70cf90365aafaf1f92",
                "thumb_360_w": 360,
                "thumb_360_h": 203,
                "thumb_480": "https:\/\/files.slack.com\/files-tmb\/TKFJE6LDR-F01A1PX868H-95c3e99a73\/2020-08-28_glossary_management_cross-domains_kickoff_480.png?t=xoxe-661626224467-1562611298038-1581972681841-65ee1aaab8778b70cf90365aafaf1f92",
                "thumb_480_w": 480,
                "thumb_480_h": 270,
                "thumb_160": "https:\/\/files.slack.com\/files-tmb\/TKFJE6LDR-F01A1PX868H-95c3e99a73\/2020-08-28_glossary_management_cross-domains_kickoff_160.png?t=xoxe-661626224467-1562611298038-1581972681841-65ee1aaab8778b70cf90365aafaf1f92",
                "thumb_720": "https:\/\/files.slack.com\/files-tmb\/TKFJE6LDR-F01A1PX868H-95c3e99a73\/2020-08-28_glossary_management_cross-domains_kickoff_720.png?t=xoxe-661626224467-1562611298038-1581972681841-65ee1aaab8778b70cf90365aafaf1f92",
                "thumb_720_w": 720,
                "thumb_720_h": 405,
                "thumb_800": "https:\/\/files.slack.com\/files-tmb\/TKFJE6LDR-F01A1PX868H-95c3e99a73\/2020-08-28_glossary_management_cross-domains_kickoff_800.png?t=xoxe-661626224467-1562611298038-1581972681841-65ee1aaab8778b70cf90365aafaf1f92",
                "thumb_800_w": 800,
                "thumb_800_h": 450,
                "image_exif_rotation": 1,
                "original_w": 800,
                "original_h": 450,
                "thumb_tiny": "AwAbADC8TgZNG5fUfnQRkYNMaMcbUX8aQh5ZQM7h+dG4eo\/OowhwR5agUhjOP9Wn50AS7l9R+dKDkZFRqg\/iRRjpingADA6UALRRRQAm0ego2j0FLRQAUUUUAf\/Z",
                "permalink": "https:\/\/thegooddocs.slack.com\/files\/U01A8JXNZDW\/F01A1PX868H\/2020-08-28_glossary_management_cross-domains_kickoff",
                "is_starred": false,
                "external_id": "1fZxe4YRXKfYU5rAjk5GPRNyDRbwqT9NV406jjX8nB4k",
                "external_url": "https:\/\/docs.google.com\/presentation\/d\/1fZxe4YRXKfYU5rAjk5GPRNyDRbwqT9NV406jjX8nB4k\/edit#slide=id.g94625946e7_1_49",
                "has_rich_preview": true
            }
        ],
        "upload": false,
        "blocks": [
            {
                "type": "rich_text",
                "block_id": "Z3H",
                "elements": [
                    {
                        "type": "rich_text_section",
                        "elements": [
                            {
                                "type": "text",
                                "text": "Hi there, I have added a new slide, no.15,  at "
                            },
                            {
                                "type": "link",
                                "url": "https:\/\/docs.google.com\/presentation\/d\/1fZxe4YRXKfYU5rAjk5GPRNyDRbwqT9NV406jjX8nB4k\/edit#slide=id.g94625946e7_1_49"
                            }
                        ]
                    }
                ]
            }
        ],
        "user": "U01A8JXNZDW",
        "display_as_bot": false,
        "x_files": [
            "F01A1PX868H"
        ],
        "ts": "1598606996.012200",
        "client_msg_id": "18e7b95a-dccb-4621-a0e8-09f61adcd30e"
    },
    {
        "client_msg_id": "1565c786-3765-408a-b158-29fb18ba9a28",
        "type": "message",
        "text": "Thanks <@U01A8JXNZDW>, are you okay with adding your name to that slide?",
        "user": "UKTGLQNGG",
        "ts": "1598607201.013400",
        "team": "TKFJE6LDR",
        "user_team": "TKFJE6LDR",
        "source_team": "TKFJE6LDR",
        "user_profile": {
            "avatar_hash": "d6f4de222bb1",
            "image_72": "https:\/\/avatars.slack-edge.com\/2020-07-20\/1235580478119_d6f4de222bb1ed6b5960_72.jpg",
            "first_name": "Cameron",
            "real_name": "Cameron Shorter",
            "display_name": "cameronshorter",
            "team": "TKFJE6LDR",
            "name": "cameron.shorter",
            "is_restricted": false,
            "is_ultra_restricted": false
        },
        "blocks": [
            {
                "type": "rich_text",
                "block_id": "ozC",
                "elements": [
                    {
                        "type": "rich_text_section",
                        "elements": [
                            {
                                "type": "text",
                                "text": "Thanks "
                            },
                            {
                                "type": "user",
                                "user_id": "U01A8JXNZDW"
                            },
                            {
                                "type": "text",
                                "text": ", are you okay with adding your name to that slide?"
                            }
                        ]
                    }
                ]
            }
        ]
    },
    {
        "client_msg_id": "e6384388-4d21-4b5c-b6fa-01c819a90406",
        "type": "message",
        "text": "Yes, please do so",
        "user": "U01A8JXNZDW",
        "ts": "1598607232.013800",
        "team": "TKFJE6LDR",
        "user_team": "TKFJE6LDR",
        "source_team": "TKFJE6LDR",
        "user_profile": {
            "avatar_hash": "bc6e1adc4c76",
            "image_72": "https:\/\/avatars.slack-edge.com\/2020-08-26\/1318106179014_bc6e1adc4c769be56ccf_72.jpg",
            "first_name": "",
            "real_name": "Nikos Lambrinos",
            "display_name": "Nikos Lambrinos",
            "team": "TKFJE6LDR",
            "name": "labrinos",
            "is_restricted": false,
            "is_ultra_restricted": false
        },
        "blocks": [
            {
                "type": "rich_text",
                "block_id": "pHkCa",
                "elements": [
                    {
                        "type": "rich_text_section",
                        "elements": [
                            {
                                "type": "text",
                                "text": "Yes, please do so"
                            }
                        ]
                    }
                ]
            }
        ]
    },
    {
        "client_msg_id": "dabf1a4c-d632-42c1-8f92-ddb2e593e3d8",
        "type": "message",
        "text": "<https:\/\/meet.google.com\/xpw-djtk-apv?authuser=0>",
        "user": "UKTGLQNGG",
        "ts": "1598614319.014000",
        "team": "TKFJE6LDR",
        "user_team": "TKFJE6LDR",
        "source_team": "TKFJE6LDR",
        "user_profile": {
            "avatar_hash": "d6f4de222bb1",
            "image_72": "https:\/\/avatars.slack-edge.com\/2020-07-20\/1235580478119_d6f4de222bb1ed6b5960_72.jpg",
            "first_name": "Cameron",
            "real_name": "Cameron Shorter",
            "display_name": "cameronshorter",
            "team": "TKFJE6LDR",
            "name": "cameron.shorter",
            "is_restricted": false,
            "is_ultra_restricted": false
        },
        "attachments": [
            {
                "title": "Meet",
                "title_link": "https:\/\/meet.google.com\/xpw-djtk-apv?authuser=0",
                "text": "Real-time meetings by Google. Using your browser, share your video, desktop, and presentations with teammates and customers.",
                "fallback": "Meet",
                "thumb_url": "https:\/\/www.gstatic.com\/images\/branding\/product\/2x\/meet_96dp.png",
                "from_url": "https:\/\/meet.google.com\/xpw-djtk-apv?authuser=0",
                "thumb_width": 192,
                "thumb_height": 192,
                "service_icon": "http:\/\/www.gstatic.com\/images\/branding\/product\/1x\/meet_16dp.png",
                "service_name": "meet.google.com",
                "id": 1,
                "original_url": "https:\/\/meet.google.com\/xpw-djtk-apv?authuser=0"
            }
        ],
        "blocks": [
            {
                "type": "rich_text",
                "block_id": "oOP",
                "elements": [
                    {
                        "type": "rich_text_section",
                        "elements": [
                            {
                                "type": "link",
                                "url": "https:\/\/meet.google.com\/xpw-djtk-apv?authuser=0"
                            }
                        ]
                    }
                ]
            }
        ]
    },
    {
        "client_msg_id": "523caefb-545b-45aa-b491-3f0e0a4d7365",
        "type": "message",
        "text": "<@U0170HMB87K> I've added Rob's use case into your OGC blog post. If you could accept changes then let Scott know that it is ready to publish.",
        "user": "UKTGLQNGG",
        "ts": "1598622510.015500",
        "team": "TKFJE6LDR",
        "user_team": "TKFJE6LDR",
        "source_team": "TKFJE6LDR",
        "user_profile": {
            "avatar_hash": "d6f4de222bb1",
            "image_72": "https:\/\/avatars.slack-edge.com\/2020-07-20\/1235580478119_d6f4de222bb1ed6b5960_72.jpg",
            "first_name": "Cameron",
            "real_name": "Cameron Shorter",
            "display_name": "cameronshorter",
            "team": "TKFJE6LDR",
            "name": "cameron.shorter",
            "is_restricted": false,
            "is_ultra_restricted": false
        },
        "blocks": [
            {
                "type": "rich_text",
                "block_id": "6+wtt",
                "elements": [
                    {
                        "type": "rich_text_section",
                        "elements": [
                            {
                                "type": "user",
                                "user_id": "U0170HMB87K"
                            },
                            {
                                "type": "text",
                                "text": " I've added Rob's use case into your OGC blog post. If you could accept changes then let Scott know that it is ready to publish."
                            }
                        ]
                    }
                ]
            }
        ]
    },
    {
        "client_msg_id": "53b4bd6d-9f33-4a06-a062-996a346031f1",
        "type": "message",
        "text": "Sure <@UKTGLQNGG>. I have accepted it. I will mail about it to Scott that we are good to go!",
        "user": "U0170HMB87K",
        "ts": "1598624496.016200",
        "team": "TKFJE6LDR",
        "user_team": "TKFJE6LDR",
        "source_team": "TKFJE6LDR",
        "user_profile": {
            "avatar_hash": "f39553b0636b",
            "image_72": "https:\/\/avatars.slack-edge.com\/2020-07-22\/1249269540710_f39553b0636b29704992_72.jpg",
            "first_name": "",
            "real_name": "Ankita",
            "display_name": "Ankita",
            "team": "TKFJE6LDR",
            "name": "ankitatripathi.2312",
            "is_restricted": false,
            "is_ultra_restricted": false
        },
        "blocks": [
            {
                "type": "rich_text",
                "block_id": "DcYKR",
                "elements": [
                    {
                        "type": "rich_text_section",
                        "elements": [
                            {
                                "type": "text",
                                "text": "Sure "
                            },
                            {
                                "type": "user",
                                "user_id": "UKTGLQNGG"
                            },
                            {
                                "type": "text",
                                "text": ". I have accepted it. I will mail about it to Scott that we are good to go!"
                            }
                        ]
                    }
                ]
            }
        ]
    }
]