[
    {
        "client_msg_id": "22cb7b43-d1f5-42a8-8959-45dbeaac238c",
        "type": "message",
        "text": "templates issue 50",
        "user": "U019868JEQ0",
        "ts": "1605042166.000200",
        "team": "TKFJE6LDR",
        "user_team": "TKFJE6LDR",
        "source_team": "TKFJE6LDR",
        "user_profile": {
            "avatar_hash": "966d941975ff",
            "image_72": "https:\/\/avatars.slack-edge.com\/2020-08-09\/1275632926935_966d941975ff884d0fa4_72.jpg",
            "first_name": "",
            "real_name": "Aidan Doherty",
            "display_name": "Aidan Doherty",
            "team": "TKFJE6LDR",
            "name": "contact",
            "is_restricted": false,
            "is_ultra_restricted": false
        },
        "blocks": [
            {
                "type": "rich_text",
                "block_id": "gH6M",
                "elements": [
                    {
                        "type": "rich_text_section",
                        "elements": [
                            {
                                "type": "text",
                                "text": "templates issue 50"
                            }
                        ]
                    }
                ]
            }
        ]
    },
    {
        "bot_id": "B01CMAXGNUU",
        "type": "message",
        "text": "See GitHub <https:\/\/github.com\/thegooddocsproject\/templates\/issues\/50|templates issue 50> that was just mentioned.\n",
        "user": "U01C8E33D0W",
        "ts": "1605042168.000300",
        "team": "TKFJE6LDR",
        "bot_profile": {
            "id": "B01CMAXGNUU",
            "deleted": false,
            "name": "gdpbot",
            "updated": 1602974955,
            "app_id": "A01C39T14KW",
            "icons": {
                "image_36": "https:\/\/a.slack-edge.com\/80588\/img\/plugins\/app\/bot_36.png",
                "image_48": "https:\/\/a.slack-edge.com\/80588\/img\/plugins\/app\/bot_48.png",
                "image_72": "https:\/\/a.slack-edge.com\/80588\/img\/plugins\/app\/service_72.png"
            },
            "team_id": "TKFJE6LDR"
        },
        "edited": {
            "user": "B01CMAXGNUU",
            "ts": "1605042169.000000"
        },
        "attachments": [
            {
                "author_name": "camerons",
                "fallback": "[thegooddocsproject\/templates] #50 Reword: If you have the concept ...",
                "text": "Louise Brooks  \n14:12 14 Nov  \nTemplate: about-logging\n\nRe: If you have the concept of mandatory and app-specific log properties,  \nSuggestion: not sure it makes sense to have this part of the sentence, I would delete it.",
                "title": "#50 Reword: If you have the concept ...",
                "footer": "<https:\/\/github.com\/thegooddocsproject\/templates|thegooddocsproject\/templates>",
                "id": 1,
                "title_link": "https:\/\/github.com\/thegooddocsproject\/templates\/issues\/50",
                "author_link": "https:\/\/github.com\/camerons",
                "author_icon": "https:\/\/avatars0.githubusercontent.com\/u\/1243535?v=4",
                "footer_icon": "https:\/\/github.githubassets.com\/favicon.ico",
                "ts": 1575143198,
                "color": "cb2431",
                "fields": [
                    {
                        "title": "Labels",
                        "value": "good first issue, improve, template-about-logging",
                        "short": true
                    }
                ],
                "mrkdwn_in": [
                    "text"
                ],
                "bot_id": "BU8U6P6AH",
                "app_unfurl_url": "https:\/\/github.com\/thegooddocsproject\/templates\/issues\/50",
                "is_app_unfurl": true
            }
        ]
    },
    {
        "client_msg_id": "e645cfa4-f2bc-48e0-9e4b-63d84726a57f",
        "type": "message",
        "text": "website-hugo issue 1",
        "user": "U019868JEQ0",
        "ts": "1605042234.000700",
        "team": "TKFJE6LDR",
        "user_team": "TKFJE6LDR",
        "source_team": "TKFJE6LDR",
        "user_profile": {
            "avatar_hash": "966d941975ff",
            "image_72": "https:\/\/avatars.slack-edge.com\/2020-08-09\/1275632926935_966d941975ff884d0fa4_72.jpg",
            "first_name": "",
            "real_name": "Aidan Doherty",
            "display_name": "Aidan Doherty",
            "team": "TKFJE6LDR",
            "name": "contact",
            "is_restricted": false,
            "is_ultra_restricted": false
        },
        "blocks": [
            {
                "type": "rich_text",
                "block_id": "uPjJ",
                "elements": [
                    {
                        "type": "rich_text_section",
                        "elements": [
                            {
                                "type": "text",
                                "text": "website-hugo issue 1"
                            }
                        ]
                    }
                ]
            }
        ]
    },
    {
        "bot_id": "B01CMAXGNUU",
        "type": "message",
        "text": "See GitHub <https:\/\/github.com\/thegooddocsproject\/website-hugo\/issues\/1|website-hugo issue 1> that was just mentioned.\n",
        "user": "U01C8E33D0W",
        "ts": "1605042234.000800",
        "team": "TKFJE6LDR",
        "bot_profile": {
            "id": "B01CMAXGNUU",
            "deleted": false,
            "name": "gdpbot",
            "updated": 1602974955,
            "app_id": "A01C39T14KW",
            "icons": {
                "image_36": "https:\/\/a.slack-edge.com\/80588\/img\/plugins\/app\/bot_36.png",
                "image_48": "https:\/\/a.slack-edge.com\/80588\/img\/plugins\/app\/bot_48.png",
                "image_72": "https:\/\/a.slack-edge.com\/80588\/img\/plugins\/app\/service_72.png"
            },
            "team_id": "TKFJE6LDR"
        },
        "edited": {
            "user": "B01CMAXGNUU",
            "ts": "1605042236.000000"
        },
        "attachments": [
            {
                "author_name": "bwklein",
                "fallback": "[thegooddocsproject\/website-hugo] #1 Updated the gitignore file.",
                "text": "*Purpose \/ why*\n\nUpdated the gitignore to add the .vscode file. Also a test of PR from my fork.\n\n*What changes were made?*\n\nThe .gitignore file was updated.\n\n*Verification*\n\nCheck that the .vscode file is ignored if it exists in the file system.",
                "title": "#1 Updated the gitignore file.",
                "footer": "<https:\/\/github.com\/thegooddocsproject\/website-hugo|thegooddocsproject\/website-hugo>",
                "id": 1,
                "title_link": "https:\/\/github.com\/thegooddocsproject\/website-hugo\/pull\/1",
                "author_link": "https:\/\/github.com\/bwklein",
                "author_icon": "https:\/\/avatars3.githubusercontent.com\/u\/12104446?v=4",
                "footer_icon": "https:\/\/github.githubassets.com\/favicon.ico",
                "ts": 1604346826,
                "color": "cb2431",
                "fields": [
                    {
                        "title": "Assignees",
                        "value": "emckean",
                        "short": true
                    }
                ],
                "mrkdwn_in": [
                    "text"
                ],
                "bot_id": "BU8U6P6AH",
                "app_unfurl_url": "https:\/\/github.com\/thegooddocsproject\/website-hugo\/issues\/1",
                "is_app_unfurl": true
            }
        ]
    },
    {
        "client_msg_id": "d87ed107-4b1d-4091-bf4c-0e78331a53b5",
        "type": "message",
        "text": ".github issue 1",
        "user": "U019868JEQ0",
        "ts": "1605042245.001100",
        "team": "TKFJE6LDR",
        "user_team": "TKFJE6LDR",
        "source_team": "TKFJE6LDR",
        "user_profile": {
            "avatar_hash": "966d941975ff",
            "image_72": "https:\/\/avatars.slack-edge.com\/2020-08-09\/1275632926935_966d941975ff884d0fa4_72.jpg",
            "first_name": "",
            "real_name": "Aidan Doherty",
            "display_name": "Aidan Doherty",
            "team": "TKFJE6LDR",
            "name": "contact",
            "is_restricted": false,
            "is_ultra_restricted": false
        },
        "blocks": [
            {
                "type": "rich_text",
                "block_id": "UQsl",
                "elements": [
                    {
                        "type": "rich_text_section",
                        "elements": [
                            {
                                "type": "text",
                                "text": ".github issue 1"
                            }
                        ]
                    }
                ]
            }
        ]
    },
    {
        "bot_id": "B01CMAXGNUU",
        "type": "message",
        "text": "See GitHub <https:\/\/github.com\/thegooddocsproject\/github\/issues\/1|github issue 1> that was just mentioned.\n",
        "user": "U01C8E33D0W",
        "ts": "1605042246.001200",
        "team": "TKFJE6LDR",
        "bot_profile": {
            "id": "B01CMAXGNUU",
            "deleted": false,
            "name": "gdpbot",
            "updated": 1602974955,
            "app_id": "A01C39T14KW",
            "icons": {
                "image_36": "https:\/\/a.slack-edge.com\/80588\/img\/plugins\/app\/bot_36.png",
                "image_48": "https:\/\/a.slack-edge.com\/80588\/img\/plugins\/app\/bot_48.png",
                "image_72": "https:\/\/a.slack-edge.com\/80588\/img\/plugins\/app\/service_72.png"
            },
            "team_id": "TKFJE6LDR"
        }
    },
    {
        "client_msg_id": "90baff92-cfde-4116-bd59-9486a5be6b0c",
        "type": "message",
        "text": "<https:\/\/github.com\/thegooddocsproject\/community-docs-proof-of-concept|community-docs-proof-of-concept> issue 1",
        "user": "U019868JEQ0",
        "ts": "1605042267.001500",
        "team": "TKFJE6LDR",
        "user_team": "TKFJE6LDR",
        "source_team": "TKFJE6LDR",
        "user_profile": {
            "avatar_hash": "966d941975ff",
            "image_72": "https:\/\/avatars.slack-edge.com\/2020-08-09\/1275632926935_966d941975ff884d0fa4_72.jpg",
            "first_name": "",
            "real_name": "Aidan Doherty",
            "display_name": "Aidan Doherty",
            "team": "TKFJE6LDR",
            "name": "contact",
            "is_restricted": false,
            "is_ultra_restricted": false
        },
        "attachments": [
            {
                "fallback": "thegooddocsproject\/community-docs-proof-of-concept",
                "text": "Proof of concept repo to see if documents get inherited from .github repo",
                "title": "thegooddocsproject\/community-docs-proof-of-concept",
                "footer": "<https:\/\/github.com\/thegooddocsproject\/community-docs-proof-of-concept|thegooddocsproject\/community-docs-proof-of-concept>",
                "id": 1,
                "footer_icon": "https:\/\/github.githubassets.com\/favicon.ico",
                "ts": 1604267666,
                "color": "24292f",
                "fields": [
                    {
                        "title": "Last updated",
                        "value": "9 days ago",
                        "short": true
                    }
                ],
                "mrkdwn_in": [
                    "text",
                    "fields"
                ],
                "bot_id": "BU8U6P6AH",
                "app_unfurl_url": "https:\/\/github.com\/thegooddocsproject\/community-docs-proof-of-concept",
                "is_app_unfurl": true
            }
        ],
        "blocks": [
            {
                "type": "rich_text",
                "block_id": "+IYNe",
                "elements": [
                    {
                        "type": "rich_text_section",
                        "elements": [
                            {
                                "type": "link",
                                "url": "https:\/\/github.com\/thegooddocsproject\/community-docs-proof-of-concept",
                                "text": "community-docs-proof-of-concept"
                            },
                            {
                                "type": "text",
                                "text": " issue 1"
                            }
                        ]
                    }
                ]
            }
        ]
    },
    {
        "bot_id": "B01CMAXGNUU",
        "type": "message",
        "text": "See GitHub <https:\/\/github.com\/thegooddocsproject\/community-docs-proof-of-concept\/issues\/1|community-docs-proof-of-concept issue 1> that was just mentioned.\n",
        "user": "U01C8E33D0W",
        "ts": "1605042268.001600",
        "team": "TKFJE6LDR",
        "bot_profile": {
            "id": "B01CMAXGNUU",
            "deleted": false,
            "name": "gdpbot",
            "updated": 1602974955,
            "app_id": "A01C39T14KW",
            "icons": {
                "image_36": "https:\/\/a.slack-edge.com\/80588\/img\/plugins\/app\/bot_36.png",
                "image_48": "https:\/\/a.slack-edge.com\/80588\/img\/plugins\/app\/bot_48.png",
                "image_72": "https:\/\/a.slack-edge.com\/80588\/img\/plugins\/app\/service_72.png"
            },
            "team_id": "TKFJE6LDR"
        }
    },
    {
        "client_msg_id": "fa1da479-4c15-484e-b7cf-8b770cb64861",
        "type": "message",
        "text": "governance issue 1",
        "user": "U019868JEQ0",
        "ts": "1605042277.002000",
        "team": "TKFJE6LDR",
        "user_team": "TKFJE6LDR",
        "source_team": "TKFJE6LDR",
        "user_profile": {
            "avatar_hash": "966d941975ff",
            "image_72": "https:\/\/avatars.slack-edge.com\/2020-08-09\/1275632926935_966d941975ff884d0fa4_72.jpg",
            "first_name": "",
            "real_name": "Aidan Doherty",
            "display_name": "Aidan Doherty",
            "team": "TKFJE6LDR",
            "name": "contact",
            "is_restricted": false,
            "is_ultra_restricted": false
        },
        "blocks": [
            {
                "type": "rich_text",
                "block_id": "hDs7",
                "elements": [
                    {
                        "type": "rich_text_section",
                        "elements": [
                            {
                                "type": "text",
                                "text": "governance issue 1"
                            }
                        ]
                    }
                ]
            }
        ]
    },
    {
        "bot_id": "B01CMAXGNUU",
        "type": "message",
        "text": "See GitHub <https:\/\/github.com\/thegooddocsproject\/governance\/issues\/1|governance issue 1> that was just mentioned.\n",
        "user": "U01C8E33D0W",
        "ts": "1605042278.002100",
        "team": "TKFJE6LDR",
        "bot_profile": {
            "id": "B01CMAXGNUU",
            "deleted": false,
            "name": "gdpbot",
            "updated": 1602974955,
            "app_id": "A01C39T14KW",
            "icons": {
                "image_36": "https:\/\/a.slack-edge.com\/80588\/img\/plugins\/app\/bot_36.png",
                "image_48": "https:\/\/a.slack-edge.com\/80588\/img\/plugins\/app\/bot_48.png",
                "image_72": "https:\/\/a.slack-edge.com\/80588\/img\/plugins\/app\/service_72.png"
            },
            "team_id": "TKFJE6LDR"
        },
        "edited": {
            "user": "B01CMAXGNUU",
            "ts": "1605042279.000000"
        },
        "attachments": [
            {
                "author_name": "camerons",
                "fallback": "[thegooddocsproject\/governance] #1 Create ProjectSteeringCommittee.rst",
                "text": "Draft governance processes, waiting on selection of members.",
                "title": "#1 Create ProjectSteeringCommittee.rst",
                "footer": "<https:\/\/github.com\/thegooddocsproject\/governance|thegooddocsproject\/governance>",
                "id": 1,
                "title_link": "https:\/\/github.com\/thegooddocsproject\/governance\/pull\/1",
                "author_link": "https:\/\/github.com\/camerons",
                "author_icon": "https:\/\/avatars0.githubusercontent.com\/u\/1243535?v=4",
                "footer_icon": "https:\/\/github.githubassets.com\/favicon.ico",
                "ts": 1563095850,
                "color": "cb2431",
                "mrkdwn_in": [
                    "text"
                ],
                "bot_id": "BU8U6P6AH",
                "app_unfurl_url": "https:\/\/github.com\/thegooddocsproject\/governance\/issues\/1",
                "is_app_unfurl": true
            }
        ]
    }
]