[
    {
        "client_msg_id": "cf408ff5-d769-4b02-b1f6-af63d3f3016a",
        "type": "message",
        "text": "incubator issue 14",
        "user": "U019868JEQ0",
        "ts": "1607544577.000200",
        "team": "TKFJE6LDR",
        "user_team": "TKFJE6LDR",
        "source_team": "TKFJE6LDR",
        "user_profile": {
            "avatar_hash": "966d941975ff",
            "image_72": "https:\/\/avatars.slack-edge.com\/2020-08-09\/1275632926935_966d941975ff884d0fa4_72.jpg",
            "first_name": "",
            "real_name": "Aidan Doherty",
            "display_name": "Aidan Doherty",
            "team": "TKFJE6LDR",
            "name": "contact",
            "is_restricted": false,
            "is_ultra_restricted": false
        },
        "blocks": [
            {
                "type": "rich_text",
                "block_id": "ZRK",
                "elements": [
                    {
                        "type": "rich_text_section",
                        "elements": [
                            {
                                "type": "text",
                                "text": "incubator issue 14"
                            }
                        ]
                    }
                ]
            }
        ]
    },
    {
        "bot_id": "B01CMAXGNUU",
        "type": "message",
        "text": "See GitHub <https:\/\/github.com\/thegooddocsproject\/incubator\/issues\/14|incubator issue 14> that was just mentioned.\n",
        "user": "U01C8E33D0W",
        "ts": "1607544578.000300",
        "team": "TKFJE6LDR",
        "bot_profile": {
            "id": "B01CMAXGNUU",
            "deleted": false,
            "name": "gdpbot",
            "updated": 1602974955,
            "app_id": "A01C39T14KW",
            "icons": {
                "image_36": "https:\/\/a.slack-edge.com\/80588\/img\/plugins\/app\/bot_36.png",
                "image_48": "https:\/\/a.slack-edge.com\/80588\/img\/plugins\/app\/bot_48.png",
                "image_72": "https:\/\/a.slack-edge.com\/80588\/img\/plugins\/app\/service_72.png"
            },
            "team_id": "TKFJE6LDR"
        },
        "edited": {
            "user": "B01CMAXGNUU",
            "ts": "1607544579.000000"
        },
        "attachments": [
            {
                "author_name": "viraji",
                "fallback": "[thegooddocsproject\/incubator] #14 Base template - draft #2",
                "text": "*What changes were made?*\n\n&gt; _*base-template.md* - Added content for this._  \n&gt; _*about-base-template.md* - Modified slightly to reflect changes of the base template._\n\n*Please check:*\n\n• content of the base template.\n• Examples - whether they should be deleted, or moved to About base template. I included these use cases to demonstrate how the base template can be used in actual scenarios. But it could make the base template itself too long.",
                "title": "#14 Base template - draft #2",
                "footer": "<https:\/\/github.com\/thegooddocsproject\/incubator|thegooddocsproject\/incubator>",
                "id": 1,
                "title_link": "https:\/\/github.com\/thegooddocsproject\/incubator\/pull\/14",
                "author_link": "https:\/\/github.com\/viraji",
                "author_icon": "https:\/\/avatars1.githubusercontent.com\/u\/26591174?v=4",
                "footer_icon": "https:\/\/github.githubassets.com\/favicon.ico",
                "ts": 1605408487,
                "color": "cb2431",
                "fields": [
                    {
                        "title": "Assignees",
                        "value": "viraji",
                        "short": true
                    },
                    {
                        "title": "Comments",
                        "value": "2",
                        "short": true
                    }
                ],
                "mrkdwn_in": [
                    "text"
                ],
                "bot_id": "BU8U6P6AH",
                "app_unfurl_url": "https:\/\/github.com\/thegooddocsproject\/incubator\/issues\/14",
                "is_app_unfurl": true
            }
        ]
    },
    {
        "bot_id": "B01CMAXGNUU",
        "type": "message",
        "text": "See GitHub <https:\/\/github.com\/thegooddocsproject\/incubator\/issues\/14|incubator issue 14> that was just mentioned.\n",
        "user": "U01C8E33D0W",
        "ts": "1607544581.000500",
        "team": "TKFJE6LDR",
        "bot_profile": {
            "id": "B01CMAXGNUU",
            "deleted": false,
            "name": "gdpbot",
            "updated": 1602974955,
            "app_id": "A01C39T14KW",
            "icons": {
                "image_36": "https:\/\/a.slack-edge.com\/80588\/img\/plugins\/app\/bot_36.png",
                "image_48": "https:\/\/a.slack-edge.com\/80588\/img\/plugins\/app\/bot_48.png",
                "image_72": "https:\/\/a.slack-edge.com\/80588\/img\/plugins\/app\/service_72.png"
            },
            "team_id": "TKFJE6LDR"
        },
        "edited": {
            "user": "B01CMAXGNUU",
            "ts": "1607544582.000000"
        },
        "attachments": [
            {
                "author_name": "viraji",
                "fallback": "[thegooddocsproject\/incubator] #14 Base template - draft #2",
                "text": "*What changes were made?*\n\n&gt; _*base-template.md* - Added content for this._  \n&gt; _*about-base-template.md* - Modified slightly to reflect changes of the base template._\n\n*Please check:*\n\n• content of the base template.\n• Examples - whether they should be deleted, or moved to About base template. I included these use cases to demonstrate how the base template can be used in actual scenarios. But it could make the base template itself too long.",
                "title": "#14 Base template - draft #2",
                "footer": "<https:\/\/github.com\/thegooddocsproject\/incubator|thegooddocsproject\/incubator>",
                "id": 1,
                "title_link": "https:\/\/github.com\/thegooddocsproject\/incubator\/pull\/14",
                "author_link": "https:\/\/github.com\/viraji",
                "author_icon": "https:\/\/avatars1.githubusercontent.com\/u\/26591174?v=4",
                "footer_icon": "https:\/\/github.githubassets.com\/favicon.ico",
                "ts": 1605408487,
                "color": "cb2431",
                "fields": [
                    {
                        "title": "Assignees",
                        "value": "viraji",
                        "short": true
                    },
                    {
                        "title": "Comments",
                        "value": "2",
                        "short": true
                    }
                ],
                "mrkdwn_in": [
                    "text"
                ],
                "bot_id": "BU8U6P6AH",
                "app_unfurl_url": "https:\/\/github.com\/thegooddocsproject\/incubator\/issues\/14",
                "is_app_unfurl": true
            }
        ]
    },
    {
        "bot_id": "B01CMAXGNUU",
        "type": "message",
        "text": "See GitHub <https:\/\/github.com\/thegooddocsproject\/incubator\/issues\/14|incubator issue 14> that was just mentioned.\n",
        "user": "U01C8E33D0W",
        "ts": "1607544643.000700",
        "team": "TKFJE6LDR",
        "bot_profile": {
            "id": "B01CMAXGNUU",
            "deleted": false,
            "name": "gdpbot",
            "updated": 1602974955,
            "app_id": "A01C39T14KW",
            "icons": {
                "image_36": "https:\/\/a.slack-edge.com\/80588\/img\/plugins\/app\/bot_36.png",
                "image_48": "https:\/\/a.slack-edge.com\/80588\/img\/plugins\/app\/bot_48.png",
                "image_72": "https:\/\/a.slack-edge.com\/80588\/img\/plugins\/app\/service_72.png"
            },
            "team_id": "TKFJE6LDR"
        },
        "edited": {
            "user": "B01CMAXGNUU",
            "ts": "1607544644.000000"
        },
        "attachments": [
            {
                "author_name": "viraji",
                "fallback": "[thegooddocsproject\/incubator] #14 Base template - draft #2",
                "text": "*What changes were made?*\n\n&gt; _*base-template.md* - Added content for this._  \n&gt; _*about-base-template.md* - Modified slightly to reflect changes of the base template._\n\n*Please check:*\n\n• content of the base template.\n• Examples - whether they should be deleted, or moved to About base template. I included these use cases to demonstrate how the base template can be used in actual scenarios. But it could make the base template itself too long.",
                "title": "#14 Base template - draft #2",
                "footer": "<https:\/\/github.com\/thegooddocsproject\/incubator|thegooddocsproject\/incubator>",
                "id": 1,
                "title_link": "https:\/\/github.com\/thegooddocsproject\/incubator\/pull\/14",
                "author_link": "https:\/\/github.com\/viraji",
                "author_icon": "https:\/\/avatars1.githubusercontent.com\/u\/26591174?v=4",
                "footer_icon": "https:\/\/github.githubassets.com\/favicon.ico",
                "ts": 1605408487,
                "color": "cb2431",
                "fields": [
                    {
                        "title": "Assignees",
                        "value": "viraji",
                        "short": true
                    },
                    {
                        "title": "Comments",
                        "value": "2",
                        "short": true
                    }
                ],
                "mrkdwn_in": [
                    "text"
                ],
                "bot_id": "BU8U6P6AH",
                "app_unfurl_url": "https:\/\/github.com\/thegooddocsproject\/incubator\/issues\/14",
                "is_app_unfurl": true
            }
        ]
    },
    {
        "bot_id": "B01CMAXGNUU",
        "type": "message",
        "text": "See GitHub <https:\/\/github.com\/thegooddocsproject\/incubator\/issues\/14|incubator issue 14> that was just mentioned.\n",
        "user": "U01C8E33D0W",
        "ts": "1607544946.000900",
        "team": "TKFJE6LDR",
        "bot_profile": {
            "id": "B01CMAXGNUU",
            "deleted": false,
            "name": "gdpbot",
            "updated": 1602974955,
            "app_id": "A01C39T14KW",
            "icons": {
                "image_36": "https:\/\/a.slack-edge.com\/80588\/img\/plugins\/app\/bot_36.png",
                "image_48": "https:\/\/a.slack-edge.com\/80588\/img\/plugins\/app\/bot_48.png",
                "image_72": "https:\/\/a.slack-edge.com\/80588\/img\/plugins\/app\/service_72.png"
            },
            "team_id": "TKFJE6LDR"
        },
        "edited": {
            "user": "B01CMAXGNUU",
            "ts": "1607544947.000000"
        },
        "attachments": [
            {
                "author_name": "viraji",
                "fallback": "[thegooddocsproject\/incubator] #14 Base template - draft #2",
                "text": "*What changes were made?*\n\n&gt; _*base-template.md* - Added content for this._  \n&gt; _*about-base-template.md* - Modified slightly to reflect changes of the base template._\n\n*Please check:*\n\n• content of the base template.\n• Examples - whether they should be deleted, or moved to About base template. I included these use cases to demonstrate how the base template can be used in actual scenarios. But it could make the base template itself too long.",
                "title": "#14 Base template - draft #2",
                "footer": "<https:\/\/github.com\/thegooddocsproject\/incubator|thegooddocsproject\/incubator>",
                "id": 1,
                "title_link": "https:\/\/github.com\/thegooddocsproject\/incubator\/pull\/14",
                "author_link": "https:\/\/github.com\/viraji",
                "author_icon": "https:\/\/avatars1.githubusercontent.com\/u\/26591174?v=4",
                "footer_icon": "https:\/\/github.githubassets.com\/favicon.ico",
                "ts": 1605408487,
                "color": "cb2431",
                "fields": [
                    {
                        "title": "Assignees",
                        "value": "viraji",
                        "short": true
                    },
                    {
                        "title": "Comments",
                        "value": "2",
                        "short": true
                    }
                ],
                "mrkdwn_in": [
                    "text"
                ],
                "bot_id": "BU8U6P6AH",
                "app_unfurl_url": "https:\/\/github.com\/thegooddocsproject\/incubator\/issues\/14",
                "is_app_unfurl": true
            }
        ]
    },
    {
        "client_msg_id": "7b6e2675-6877-48fe-9791-ff1a1dd65036",
        "type": "message",
        "text": "incubator issue 15",
        "user": "U019868JEQ0",
        "ts": "1607545052.001200",
        "team": "TKFJE6LDR",
        "user_team": "TKFJE6LDR",
        "source_team": "TKFJE6LDR",
        "user_profile": {
            "avatar_hash": "966d941975ff",
            "image_72": "https:\/\/avatars.slack-edge.com\/2020-08-09\/1275632926935_966d941975ff884d0fa4_72.jpg",
            "first_name": "",
            "real_name": "Aidan Doherty",
            "display_name": "Aidan Doherty",
            "team": "TKFJE6LDR",
            "name": "contact",
            "is_restricted": false,
            "is_ultra_restricted": false
        },
        "blocks": [
            {
                "type": "rich_text",
                "block_id": "3qX",
                "elements": [
                    {
                        "type": "rich_text_section",
                        "elements": [
                            {
                                "type": "text",
                                "text": "incubator issue 15"
                            }
                        ]
                    }
                ]
            }
        ]
    },
    {
        "client_msg_id": "01cabe87-94a9-47b0-90af-b7d3872dadc8",
        "type": "message",
        "text": "incubator issue 16",
        "user": "U019868JEQ0",
        "ts": "1607545578.001400",
        "team": "TKFJE6LDR",
        "user_team": "TKFJE6LDR",
        "source_team": "TKFJE6LDR",
        "user_profile": {
            "avatar_hash": "966d941975ff",
            "image_72": "https:\/\/avatars.slack-edge.com\/2020-08-09\/1275632926935_966d941975ff884d0fa4_72.jpg",
            "first_name": "",
            "real_name": "Aidan Doherty",
            "display_name": "Aidan Doherty",
            "team": "TKFJE6LDR",
            "name": "contact",
            "is_restricted": false,
            "is_ultra_restricted": false
        },
        "blocks": [
            {
                "type": "rich_text",
                "block_id": "pJxR",
                "elements": [
                    {
                        "type": "rich_text_section",
                        "elements": [
                            {
                                "type": "text",
                                "text": "incubator issue 16"
                            }
                        ]
                    }
                ]
            }
        ]
    },
    {
        "client_msg_id": "a4fe5b22-dca4-4c01-ad33-6f2f468ff798",
        "type": "message",
        "text": "incubator issue 17",
        "user": "U019868JEQ0",
        "ts": "1607545801.001600",
        "team": "TKFJE6LDR",
        "user_team": "TKFJE6LDR",
        "source_team": "TKFJE6LDR",
        "user_profile": {
            "avatar_hash": "966d941975ff",
            "image_72": "https:\/\/avatars.slack-edge.com\/2020-08-09\/1275632926935_966d941975ff884d0fa4_72.jpg",
            "first_name": "",
            "real_name": "Aidan Doherty",
            "display_name": "Aidan Doherty",
            "team": "TKFJE6LDR",
            "name": "contact",
            "is_restricted": false,
            "is_ultra_restricted": false
        },
        "blocks": [
            {
                "type": "rich_text",
                "block_id": "08C",
                "elements": [
                    {
                        "type": "rich_text_section",
                        "elements": [
                            {
                                "type": "text",
                                "text": "incubator issue 17"
                            }
                        ]
                    }
                ]
            }
        ]
    },
    {
        "bot_id": "B01CMAXGNUU",
        "type": "message",
        "text": "See GitHub <https:\/\/github.com\/thegooddocsproject\/incubator\/issues\/17|incubator issue 17> that was just mentioned.\n",
        "user": "U01C8E33D0W",
        "ts": "1607545803.001700",
        "team": "TKFJE6LDR",
        "bot_profile": {
            "id": "B01CMAXGNUU",
            "deleted": false,
            "name": "gdpbot",
            "updated": 1602974955,
            "app_id": "A01C39T14KW",
            "icons": {
                "image_36": "https:\/\/a.slack-edge.com\/80588\/img\/plugins\/app\/bot_36.png",
                "image_48": "https:\/\/a.slack-edge.com\/80588\/img\/plugins\/app\/bot_48.png",
                "image_72": "https:\/\/a.slack-edge.com\/80588\/img\/plugins\/app\/service_72.png"
            },
            "team_id": "TKFJE6LDR"
        }
    },
    {
        "bot_id": "B01CMAXGNUU",
        "type": "message",
        "text": "See GitHub <https:\/\/github.com\/thegooddocsproject\/incubator\/issues\/17|incubator issue 17> that was just mentioned.\n",
        "user": "U01C8E33D0W",
        "ts": "1607545806.001800",
        "team": "TKFJE6LDR",
        "bot_profile": {
            "id": "B01CMAXGNUU",
            "deleted": false,
            "name": "gdpbot",
            "updated": 1602974955,
            "app_id": "A01C39T14KW",
            "icons": {
                "image_36": "https:\/\/a.slack-edge.com\/80588\/img\/plugins\/app\/bot_36.png",
                "image_48": "https:\/\/a.slack-edge.com\/80588\/img\/plugins\/app\/bot_48.png",
                "image_72": "https:\/\/a.slack-edge.com\/80588\/img\/plugins\/app\/service_72.png"
            },
            "team_id": "TKFJE6LDR"
        }
    },
    {
        "bot_id": "B01CMAXGNUU",
        "type": "message",
        "text": "See GitHub <https:\/\/github.com\/thegooddocsproject\/incubator\/issues\/17|incubator issue 17> that was just mentioned.\n",
        "user": "U01C8E33D0W",
        "ts": "1607545869.001900",
        "team": "TKFJE6LDR",
        "bot_profile": {
            "id": "B01CMAXGNUU",
            "deleted": false,
            "name": "gdpbot",
            "updated": 1602974955,
            "app_id": "A01C39T14KW",
            "icons": {
                "image_36": "https:\/\/a.slack-edge.com\/80588\/img\/plugins\/app\/bot_36.png",
                "image_48": "https:\/\/a.slack-edge.com\/80588\/img\/plugins\/app\/bot_48.png",
                "image_72": "https:\/\/a.slack-edge.com\/80588\/img\/plugins\/app\/service_72.png"
            },
            "team_id": "TKFJE6LDR"
        }
    },
    {
        "bot_id": "B01CMAXGNUU",
        "type": "message",
        "text": "See GitHub <https:\/\/github.com\/thegooddocsproject\/incubator\/issues\/16|incubator issue 16> that was just mentioned.\n",
        "user": "U01C8E33D0W",
        "ts": "1607545939.002000",
        "team": "TKFJE6LDR",
        "bot_profile": {
            "id": "B01CMAXGNUU",
            "deleted": false,
            "name": "gdpbot",
            "updated": 1602974955,
            "app_id": "A01C39T14KW",
            "icons": {
                "image_36": "https:\/\/a.slack-edge.com\/80588\/img\/plugins\/app\/bot_36.png",
                "image_48": "https:\/\/a.slack-edge.com\/80588\/img\/plugins\/app\/bot_48.png",
                "image_72": "https:\/\/a.slack-edge.com\/80588\/img\/plugins\/app\/service_72.png"
            },
            "team_id": "TKFJE6LDR"
        },
        "edited": {
            "user": "B01CMAXGNUU",
            "ts": "1607545940.000000"
        },
        "attachments": [
            {
                "author_name": "Loquacity",
                "fallback": "[thegooddocsproject\/incubator] #16 Clean Up after IA Guide merge",
                "text": "&gt; *ALL Pull-Requests require an associated <https:\/\/github.com\/thegooddocsproject\/templates\/issues?q=is%3Aissue+is%3Aopen+sort%3Aupdated-desc|Issue> as documented in <https:\/\/github.com\/thegooddocsproject\/templates\/blob\/master\/CONTRIBUTING.md#contributing|How to contribute>.*\n\n<https:\/\/github.com\/thegooddocsproject\/planning\/issues\/16|thegooddocsproject\/planning#16>\n\n*Purpose \/ why*\n\nNow that the IA Guide is published, this PR cleans up the Incubator repo.\n\n*What changes were made?*\n\nDeletes all working files from the Incubator repo.\n\n*Verification*\n\n☐ Check that all files are removed\n\n* * *\n\n*Checklist*\n\n&gt; *Pull-request reviewer* should ensure the following\n\n☐ Are issues linked correctly?\n☐ Is this PR labeled correctly?\n☐ If template updates: do they align with <https:\/\/developers.google.com\/style\/|developers.google.com\/style\/>?\n☐ Did the PR receive at least one :+1: and no :-1: from core-maintainers?\n☐ On merging, did you complete the merge using <https:\/\/help.github.com\/en\/github\/managing-your-work-on-github\/linking-a-pull-request-to-an-issue#manually-linking-a-pull-request-to-an-issue|keywords>?\n☐ On merging, did you add any applicable notes to a <https:\/\/github.com\/thegooddocsproject\/templates\/releases|draft release> and link to this PR?",
                "title": "#16 Clean Up after IA Guide merge",
                "footer": "<https:\/\/github.com\/thegooddocsproject\/incubator|thegooddocsproject\/incubator>",
                "id": 1,
                "title_link": "https:\/\/github.com\/thegooddocsproject\/incubator\/pull\/16",
                "author_link": "https:\/\/github.com\/Loquacity",
                "author_icon": "https:\/\/avatars3.githubusercontent.com\/u\/3914967?v=4",
                "footer_icon": "https:\/\/github.githubassets.com\/favicon.ico",
                "ts": 1606616176,
                "color": "36a64f",
                "mrkdwn_in": [
                    "text"
                ],
                "bot_id": "BU8U6P6AH",
                "app_unfurl_url": "https:\/\/github.com\/thegooddocsproject\/incubator\/issues\/16",
                "is_app_unfurl": true
            }
        ]
    },
    {
        "bot_id": "B01CMAXGNUU",
        "type": "message",
        "text": "See GitHub <https:\/\/github.com\/thegooddocsproject\/incubator\/issues\/17|incubator issue 17> that was just mentioned.\n",
        "user": "U01C8E33D0W",
        "ts": "1607546172.002200",
        "team": "TKFJE6LDR",
        "bot_profile": {
            "id": "B01CMAXGNUU",
            "deleted": false,
            "name": "gdpbot",
            "updated": 1602974955,
            "app_id": "A01C39T14KW",
            "icons": {
                "image_36": "https:\/\/a.slack-edge.com\/80588\/img\/plugins\/app\/bot_36.png",
                "image_48": "https:\/\/a.slack-edge.com\/80588\/img\/plugins\/app\/bot_48.png",
                "image_72": "https:\/\/a.slack-edge.com\/80588\/img\/plugins\/app\/service_72.png"
            },
            "team_id": "TKFJE6LDR"
        }
    },
    {
        "client_msg_id": "c5603998-3164-4e28-8cc4-20b81117f5bc",
        "type": "message",
        "text": "incubator issue 18",
        "user": "U019868JEQ0",
        "ts": "1607546348.002400",
        "team": "TKFJE6LDR",
        "user_team": "TKFJE6LDR",
        "source_team": "TKFJE6LDR",
        "user_profile": {
            "avatar_hash": "966d941975ff",
            "image_72": "https:\/\/avatars.slack-edge.com\/2020-08-09\/1275632926935_966d941975ff884d0fa4_72.jpg",
            "first_name": "",
            "real_name": "Aidan Doherty",
            "display_name": "Aidan Doherty",
            "team": "TKFJE6LDR",
            "name": "contact",
            "is_restricted": false,
            "is_ultra_restricted": false
        },
        "blocks": [
            {
                "type": "rich_text",
                "block_id": "plTb",
                "elements": [
                    {
                        "type": "rich_text_section",
                        "elements": [
                            {
                                "type": "text",
                                "text": "incubator issue 18"
                            }
                        ]
                    }
                ]
            }
        ]
    },
    {
        "bot_id": "B01CMAXGNUU",
        "type": "message",
        "text": "See GitHub <https:\/\/github.com\/thegooddocsproject\/incubator\/issues\/18|incubator issue 18> that was just mentioned.\n",
        "user": "U01C8E33D0W",
        "ts": "1607546348.002500",
        "team": "TKFJE6LDR",
        "bot_profile": {
            "id": "B01CMAXGNUU",
            "deleted": false,
            "name": "gdpbot",
            "updated": 1602974955,
            "app_id": "A01C39T14KW",
            "icons": {
                "image_36": "https:\/\/a.slack-edge.com\/80588\/img\/plugins\/app\/bot_36.png",
                "image_48": "https:\/\/a.slack-edge.com\/80588\/img\/plugins\/app\/bot_48.png",
                "image_72": "https:\/\/a.slack-edge.com\/80588\/img\/plugins\/app\/service_72.png"
            },
            "team_id": "TKFJE6LDR"
        }
    },
    {
        "bot_id": "B01CMAXGNUU",
        "type": "message",
        "text": "See GitHub <https:\/\/github.com\/thegooddocsproject\/incubator\/issues\/18|incubator issue 18> that was just mentioned.\n",
        "user": "U01C8E33D0W",
        "ts": "1607546351.002600",
        "team": "TKFJE6LDR",
        "bot_profile": {
            "id": "B01CMAXGNUU",
            "deleted": false,
            "name": "gdpbot",
            "updated": 1602974955,
            "app_id": "A01C39T14KW",
            "icons": {
                "image_36": "https:\/\/a.slack-edge.com\/80588\/img\/plugins\/app\/bot_36.png",
                "image_48": "https:\/\/a.slack-edge.com\/80588\/img\/plugins\/app\/bot_48.png",
                "image_72": "https:\/\/a.slack-edge.com\/80588\/img\/plugins\/app\/service_72.png"
            },
            "team_id": "TKFJE6LDR"
        }
    },
    {
        "client_msg_id": "1997f536-8ba9-4e8c-8f7b-322150e3c390",
        "type": "message",
        "text": "incubator issue 15",
        "user": "U019868JEQ0",
        "ts": "1607546405.002800",
        "team": "TKFJE6LDR",
        "user_team": "TKFJE6LDR",
        "source_team": "TKFJE6LDR",
        "user_profile": {
            "avatar_hash": "966d941975ff",
            "image_72": "https:\/\/avatars.slack-edge.com\/2020-08-09\/1275632926935_966d941975ff884d0fa4_72.jpg",
            "first_name": "",
            "real_name": "Aidan Doherty",
            "display_name": "Aidan Doherty",
            "team": "TKFJE6LDR",
            "name": "contact",
            "is_restricted": false,
            "is_ultra_restricted": false
        },
        "blocks": [
            {
                "type": "rich_text",
                "block_id": "hsl",
                "elements": [
                    {
                        "type": "rich_text_section",
                        "elements": [
                            {
                                "type": "text",
                                "text": "incubator issue 15"
                            }
                        ]
                    }
                ]
            }
        ]
    },
    {
        "bot_id": "B01CMAXGNUU",
        "type": "message",
        "text": "See GitHub <https:\/\/github.com\/thegooddocsproject\/incubator\/issues\/15|incubator issue 15> that was just mentioned.\n",
        "user": "U01C8E33D0W",
        "ts": "1607546406.002900",
        "team": "TKFJE6LDR",
        "bot_profile": {
            "id": "B01CMAXGNUU",
            "deleted": false,
            "name": "gdpbot",
            "updated": 1602974955,
            "app_id": "A01C39T14KW",
            "icons": {
                "image_36": "https:\/\/a.slack-edge.com\/80588\/img\/plugins\/app\/bot_36.png",
                "image_48": "https:\/\/a.slack-edge.com\/80588\/img\/plugins\/app\/bot_48.png",
                "image_72": "https:\/\/a.slack-edge.com\/80588\/img\/plugins\/app\/service_72.png"
            },
            "team_id": "TKFJE6LDR"
        },
        "edited": {
            "user": "B01CMAXGNUU",
            "ts": "1607546408.000000"
        },
        "attachments": [
            {
                "author_name": "Loquacity",
                "fallback": "[thegooddocsproject\/incubator] #15 Delete contrib guide",
                "text": "Removes Contributor Guide from Incubator repo (See <https:\/\/github.com\/thegooddocsproject\/templates\/issues\/171|thegooddocsproject\/templates#171> and <https:\/\/github.com\/thegooddocsproject\/templates\/pull\/172|thegooddocsproject\/templates#172>)",
                "title": "#15 Delete contrib guide",
                "footer": "<https:\/\/github.com\/thegooddocsproject\/incubator|thegooddocsproject\/incubator>",
                "id": 1,
                "title_link": "https:\/\/github.com\/thegooddocsproject\/incubator\/pull\/15",
                "author_link": "https:\/\/github.com\/Loquacity",
                "author_icon": "https:\/\/avatars3.githubusercontent.com\/u\/3914967?v=4",
                "footer_icon": "https:\/\/github.githubassets.com\/favicon.ico",
                "ts": 1606614020,
                "color": "cb2431",
                "mrkdwn_in": [
                    "text"
                ],
                "bot_id": "BU8U6P6AH",
                "app_unfurl_url": "https:\/\/github.com\/thegooddocsproject\/incubator\/issues\/15",
                "is_app_unfurl": true
            }
        ]
    },
    {
        "bot_id": "B01CMAXGNUU",
        "type": "message",
        "text": "See GitHub <https:\/\/github.com\/thegooddocsproject\/incubator\/issues\/15|incubator issue 15> that was just mentioned.\n",
        "user": "U01C8E33D0W",
        "ts": "1607546409.003100",
        "team": "TKFJE6LDR",
        "bot_profile": {
            "id": "B01CMAXGNUU",
            "deleted": false,
            "name": "gdpbot",
            "updated": 1602974955,
            "app_id": "A01C39T14KW",
            "icons": {
                "image_36": "https:\/\/a.slack-edge.com\/80588\/img\/plugins\/app\/bot_36.png",
                "image_48": "https:\/\/a.slack-edge.com\/80588\/img\/plugins\/app\/bot_48.png",
                "image_72": "https:\/\/a.slack-edge.com\/80588\/img\/plugins\/app\/service_72.png"
            },
            "team_id": "TKFJE6LDR"
        },
        "edited": {
            "user": "B01CMAXGNUU",
            "ts": "1607546410.000000"
        },
        "attachments": [
            {
                "author_name": "Loquacity",
                "fallback": "[thegooddocsproject\/incubator] #15 Delete contrib guide",
                "text": "Removes Contributor Guide from Incubator repo (See <https:\/\/github.com\/thegooddocsproject\/templates\/issues\/171|thegooddocsproject\/templates#171> and <https:\/\/github.com\/thegooddocsproject\/templates\/pull\/172|thegooddocsproject\/templates#172>)",
                "title": "#15 Delete contrib guide",
                "footer": "<https:\/\/github.com\/thegooddocsproject\/incubator|thegooddocsproject\/incubator>",
                "id": 1,
                "title_link": "https:\/\/github.com\/thegooddocsproject\/incubator\/pull\/15",
                "author_link": "https:\/\/github.com\/Loquacity",
                "author_icon": "https:\/\/avatars3.githubusercontent.com\/u\/3914967?v=4",
                "footer_icon": "https:\/\/github.githubassets.com\/favicon.ico",
                "ts": 1606614020,
                "color": "cb2431",
                "mrkdwn_in": [
                    "text"
                ],
                "bot_id": "BU8U6P6AH",
                "app_unfurl_url": "https:\/\/github.com\/thegooddocsproject\/incubator\/issues\/15",
                "is_app_unfurl": true
            }
        ]
    },
    {
        "bot_id": "B01CMAXGNUU",
        "type": "message",
        "text": "See GitHub <https:\/\/github.com\/thegooddocsproject\/incubator\/issues\/18|incubator issue 18> that was just mentioned.\n",
        "user": "U01C8E33D0W",
        "ts": "1607546414.003300",
        "team": "TKFJE6LDR",
        "bot_profile": {
            "id": "B01CMAXGNUU",
            "deleted": false,
            "name": "gdpbot",
            "updated": 1602974955,
            "app_id": "A01C39T14KW",
            "icons": {
                "image_36": "https:\/\/a.slack-edge.com\/80588\/img\/plugins\/app\/bot_36.png",
                "image_48": "https:\/\/a.slack-edge.com\/80588\/img\/plugins\/app\/bot_48.png",
                "image_72": "https:\/\/a.slack-edge.com\/80588\/img\/plugins\/app\/service_72.png"
            },
            "team_id": "TKFJE6LDR"
        }
    },
    {
        "bot_id": "B01CMAXGNUU",
        "type": "message",
        "text": "See GitHub <https:\/\/github.com\/thegooddocsproject\/incubator\/issues\/15|incubator issue 15> that was just mentioned.\n",
        "user": "U01C8E33D0W",
        "ts": "1607546472.003400",
        "team": "TKFJE6LDR",
        "bot_profile": {
            "id": "B01CMAXGNUU",
            "deleted": false,
            "name": "gdpbot",
            "updated": 1602974955,
            "app_id": "A01C39T14KW",
            "icons": {
                "image_36": "https:\/\/a.slack-edge.com\/80588\/img\/plugins\/app\/bot_36.png",
                "image_48": "https:\/\/a.slack-edge.com\/80588\/img\/plugins\/app\/bot_48.png",
                "image_72": "https:\/\/a.slack-edge.com\/80588\/img\/plugins\/app\/service_72.png"
            },
            "team_id": "TKFJE6LDR"
        },
        "edited": {
            "user": "B01CMAXGNUU",
            "ts": "1607546473.000000"
        },
        "attachments": [
            {
                "author_name": "Loquacity",
                "fallback": "[thegooddocsproject\/incubator] #15 Delete contrib guide",
                "text": "Removes Contributor Guide from Incubator repo (See <https:\/\/github.com\/thegooddocsproject\/templates\/issues\/171|thegooddocsproject\/templates#171> and <https:\/\/github.com\/thegooddocsproject\/templates\/pull\/172|thegooddocsproject\/templates#172>)",
                "title": "#15 Delete contrib guide",
                "footer": "<https:\/\/github.com\/thegooddocsproject\/incubator|thegooddocsproject\/incubator>",
                "id": 1,
                "title_link": "https:\/\/github.com\/thegooddocsproject\/incubator\/pull\/15",
                "author_link": "https:\/\/github.com\/Loquacity",
                "author_icon": "https:\/\/avatars3.githubusercontent.com\/u\/3914967?v=4",
                "footer_icon": "https:\/\/github.githubassets.com\/favicon.ico",
                "ts": 1606614020,
                "color": "cb2431",
                "mrkdwn_in": [
                    "text"
                ],
                "bot_id": "BU8U6P6AH",
                "app_unfurl_url": "https:\/\/github.com\/thegooddocsproject\/incubator\/issues\/15",
                "is_app_unfurl": true
            }
        ]
    },
    {
        "client_msg_id": "7640d14c-fdea-41b4-8073-b4d6b351f916",
        "type": "message",
        "text": "incubator issue 1",
        "user": "U019868JEQ0",
        "ts": "1607546534.003700",
        "team": "TKFJE6LDR",
        "user_team": "TKFJE6LDR",
        "source_team": "TKFJE6LDR",
        "user_profile": {
            "avatar_hash": "966d941975ff",
            "image_72": "https:\/\/avatars.slack-edge.com\/2020-08-09\/1275632926935_966d941975ff884d0fa4_72.jpg",
            "first_name": "",
            "real_name": "Aidan Doherty",
            "display_name": "Aidan Doherty",
            "team": "TKFJE6LDR",
            "name": "contact",
            "is_restricted": false,
            "is_ultra_restricted": false
        },
        "blocks": [
            {
                "type": "rich_text",
                "block_id": "wV9N5",
                "elements": [
                    {
                        "type": "rich_text_section",
                        "elements": [
                            {
                                "type": "text",
                                "text": "incubator issue 1"
                            }
                        ]
                    }
                ]
            }
        ]
    },
    {
        "bot_id": "B01CMAXGNUU",
        "type": "message",
        "text": "See GitHub <https:\/\/github.com\/thegooddocsproject\/incubator\/issues\/1|incubator issue 1> that was just mentioned.\n",
        "user": "U01C8E33D0W",
        "ts": "1607546535.003800",
        "team": "TKFJE6LDR",
        "bot_profile": {
            "id": "B01CMAXGNUU",
            "deleted": false,
            "name": "gdpbot",
            "updated": 1602974955,
            "app_id": "A01C39T14KW",
            "icons": {
                "image_36": "https:\/\/a.slack-edge.com\/80588\/img\/plugins\/app\/bot_36.png",
                "image_48": "https:\/\/a.slack-edge.com\/80588\/img\/plugins\/app\/bot_48.png",
                "image_72": "https:\/\/a.slack-edge.com\/80588\/img\/plugins\/app\/service_72.png"
            },
            "team_id": "TKFJE6LDR"
        },
        "edited": {
            "user": "B01CMAXGNUU",
            "ts": "1607546537.000000"
        },
        "attachments": [
            {
                "author_name": "emckean",
                "fallback": "[thegooddocsproject\/incubator] #1 add LICENSE.txt",
                "text": "adding Zero-BSD license (same as templates repo)",
                "title": "#1 add LICENSE.txt",
                "footer": "<https:\/\/github.com\/thegooddocsproject\/incubator|thegooddocsproject\/incubator>",
                "id": 1,
                "title_link": "https:\/\/github.com\/thegooddocsproject\/incubator\/pull\/1",
                "author_link": "https:\/\/github.com\/emckean",
                "author_icon": "https:\/\/avatars1.githubusercontent.com\/u\/225433?v=4",
                "footer_icon": "https:\/\/github.githubassets.com\/favicon.ico",
                "ts": 1589492194,
                "color": "cb2431",
                "fields": [
                    {
                        "title": "Assignees",
                        "value": "jaredmorgs, camerons",
                        "short": true
                    },
                    {
                        "title": "Comments",
                        "value": "3",
                        "short": true
                    }
                ],
                "mrkdwn_in": [
                    "text"
                ],
                "bot_id": "BU8U6P6AH",
                "app_unfurl_url": "https:\/\/github.com\/thegooddocsproject\/incubator\/issues\/1",
                "is_app_unfurl": true
            }
        ]
    },
    {
        "bot_id": "B01CMAXGNUU",
        "type": "message",
        "text": "See GitHub <https:\/\/github.com\/thegooddocsproject\/incubator\/issues\/1|incubator issue 1> that was just mentioned.\n",
        "user": "U01C8E33D0W",
        "ts": "1607546538.004000",
        "team": "TKFJE6LDR",
        "bot_profile": {
            "id": "B01CMAXGNUU",
            "deleted": false,
            "name": "gdpbot",
            "updated": 1602974955,
            "app_id": "A01C39T14KW",
            "icons": {
                "image_36": "https:\/\/a.slack-edge.com\/80588\/img\/plugins\/app\/bot_36.png",
                "image_48": "https:\/\/a.slack-edge.com\/80588\/img\/plugins\/app\/bot_48.png",
                "image_72": "https:\/\/a.slack-edge.com\/80588\/img\/plugins\/app\/service_72.png"
            },
            "team_id": "TKFJE6LDR"
        },
        "edited": {
            "user": "B01CMAXGNUU",
            "ts": "1607546540.000000"
        },
        "attachments": [
            {
                "author_name": "emckean",
                "fallback": "[thegooddocsproject\/incubator] #1 add LICENSE.txt",
                "text": "adding Zero-BSD license (same as templates repo)",
                "title": "#1 add LICENSE.txt",
                "footer": "<https:\/\/github.com\/thegooddocsproject\/incubator|thegooddocsproject\/incubator>",
                "id": 1,
                "title_link": "https:\/\/github.com\/thegooddocsproject\/incubator\/pull\/1",
                "author_link": "https:\/\/github.com\/emckean",
                "author_icon": "https:\/\/avatars1.githubusercontent.com\/u\/225433?v=4",
                "footer_icon": "https:\/\/github.githubassets.com\/favicon.ico",
                "ts": 1589492194,
                "color": "cb2431",
                "fields": [
                    {
                        "title": "Assignees",
                        "value": "jaredmorgs, camerons",
                        "short": true
                    },
                    {
                        "title": "Comments",
                        "value": "3",
                        "short": true
                    }
                ],
                "mrkdwn_in": [
                    "text"
                ],
                "bot_id": "BU8U6P6AH",
                "app_unfurl_url": "https:\/\/github.com\/thegooddocsproject\/incubator\/issues\/1",
                "is_app_unfurl": true
            }
        ]
    },
    {
        "bot_id": "B01CMAXGNUU",
        "type": "message",
        "text": "See GitHub <https:\/\/github.com\/thegooddocsproject\/incubator\/issues\/1|incubator issue 1> that was just mentioned.\n",
        "user": "U01C8E33D0W",
        "ts": "1607546602.004200",
        "team": "TKFJE6LDR",
        "bot_profile": {
            "id": "B01CMAXGNUU",
            "deleted": false,
            "name": "gdpbot",
            "updated": 1602974955,
            "app_id": "A01C39T14KW",
            "icons": {
                "image_36": "https:\/\/a.slack-edge.com\/80588\/img\/plugins\/app\/bot_36.png",
                "image_48": "https:\/\/a.slack-edge.com\/80588\/img\/plugins\/app\/bot_48.png",
                "image_72": "https:\/\/a.slack-edge.com\/80588\/img\/plugins\/app\/service_72.png"
            },
            "team_id": "TKFJE6LDR"
        },
        "edited": {
            "user": "B01CMAXGNUU",
            "ts": "1607546603.000000"
        },
        "attachments": [
            {
                "author_name": "emckean",
                "fallback": "[thegooddocsproject\/incubator] #1 add LICENSE.txt",
                "text": "adding Zero-BSD license (same as templates repo)",
                "title": "#1 add LICENSE.txt",
                "footer": "<https:\/\/github.com\/thegooddocsproject\/incubator|thegooddocsproject\/incubator>",
                "id": 1,
                "title_link": "https:\/\/github.com\/thegooddocsproject\/incubator\/pull\/1",
                "author_link": "https:\/\/github.com\/emckean",
                "author_icon": "https:\/\/avatars1.githubusercontent.com\/u\/225433?v=4",
                "footer_icon": "https:\/\/github.githubassets.com\/favicon.ico",
                "ts": 1589492194,
                "color": "cb2431",
                "fields": [
                    {
                        "title": "Assignees",
                        "value": "jaredmorgs, camerons",
                        "short": true
                    },
                    {
                        "title": "Comments",
                        "value": "3",
                        "short": true
                    }
                ],
                "mrkdwn_in": [
                    "text"
                ],
                "bot_id": "BU8U6P6AH",
                "app_unfurl_url": "https:\/\/github.com\/thegooddocsproject\/incubator\/issues\/1",
                "is_app_unfurl": true
            }
        ]
    },
    {
        "bot_id": "B01CMAXGNUU",
        "type": "message",
        "text": "See GitHub <https:\/\/github.com\/thegooddocsproject\/incubator\/issues\/18|incubator issue 18> that was just mentioned.\n",
        "user": "U01C8E33D0W",
        "ts": "1607546717.004400",
        "team": "TKFJE6LDR",
        "bot_profile": {
            "id": "B01CMAXGNUU",
            "deleted": false,
            "name": "gdpbot",
            "updated": 1602974955,
            "app_id": "A01C39T14KW",
            "icons": {
                "image_36": "https:\/\/a.slack-edge.com\/80588\/img\/plugins\/app\/bot_36.png",
                "image_48": "https:\/\/a.slack-edge.com\/80588\/img\/plugins\/app\/bot_48.png",
                "image_72": "https:\/\/a.slack-edge.com\/80588\/img\/plugins\/app\/service_72.png"
            },
            "team_id": "TKFJE6LDR"
        }
    },
    {
        "bot_id": "B01CMAXGNUU",
        "type": "message",
        "text": "See GitHub <https:\/\/github.com\/thegooddocsproject\/incubator\/issues\/15|incubator issue 15> that was just mentioned.\n",
        "user": "U01C8E33D0W",
        "ts": "1607546774.004500",
        "team": "TKFJE6LDR",
        "bot_profile": {
            "id": "B01CMAXGNUU",
            "deleted": false,
            "name": "gdpbot",
            "updated": 1602974955,
            "app_id": "A01C39T14KW",
            "icons": {
                "image_36": "https:\/\/a.slack-edge.com\/80588\/img\/plugins\/app\/bot_36.png",
                "image_48": "https:\/\/a.slack-edge.com\/80588\/img\/plugins\/app\/bot_48.png",
                "image_72": "https:\/\/a.slack-edge.com\/80588\/img\/plugins\/app\/service_72.png"
            },
            "team_id": "TKFJE6LDR"
        },
        "edited": {
            "user": "B01CMAXGNUU",
            "ts": "1607546775.000000"
        },
        "attachments": [
            {
                "author_name": "Loquacity",
                "fallback": "[thegooddocsproject\/incubator] #15 Delete contrib guide",
                "text": "Removes Contributor Guide from Incubator repo (See <https:\/\/github.com\/thegooddocsproject\/templates\/issues\/171|thegooddocsproject\/templates#171> and <https:\/\/github.com\/thegooddocsproject\/templates\/pull\/172|thegooddocsproject\/templates#172>)",
                "title": "#15 Delete contrib guide",
                "footer": "<https:\/\/github.com\/thegooddocsproject\/incubator|thegooddocsproject\/incubator>",
                "id": 1,
                "title_link": "https:\/\/github.com\/thegooddocsproject\/incubator\/pull\/15",
                "author_link": "https:\/\/github.com\/Loquacity",
                "author_icon": "https:\/\/avatars3.githubusercontent.com\/u\/3914967?v=4",
                "footer_icon": "https:\/\/github.githubassets.com\/favicon.ico",
                "ts": 1606614020,
                "color": "cb2431",
                "mrkdwn_in": [
                    "text"
                ],
                "bot_id": "BU8U6P6AH",
                "app_unfurl_url": "https:\/\/github.com\/thegooddocsproject\/incubator\/issues\/15",
                "is_app_unfurl": true
            }
        ]
    },
    {
        "bot_id": "B01CMAXGNUU",
        "type": "message",
        "text": "See GitHub <https:\/\/github.com\/thegooddocsproject\/incubator\/issues\/1|incubator issue 1> that was just mentioned.\n",
        "user": "U01C8E33D0W",
        "ts": "1607546905.004700",
        "team": "TKFJE6LDR",
        "bot_profile": {
            "id": "B01CMAXGNUU",
            "deleted": false,
            "name": "gdpbot",
            "updated": 1602974955,
            "app_id": "A01C39T14KW",
            "icons": {
                "image_36": "https:\/\/a.slack-edge.com\/80588\/img\/plugins\/app\/bot_36.png",
                "image_48": "https:\/\/a.slack-edge.com\/80588\/img\/plugins\/app\/bot_48.png",
                "image_72": "https:\/\/a.slack-edge.com\/80588\/img\/plugins\/app\/service_72.png"
            },
            "team_id": "TKFJE6LDR"
        },
        "edited": {
            "user": "B01CMAXGNUU",
            "ts": "1607546906.000000"
        },
        "attachments": [
            {
                "author_name": "emckean",
                "fallback": "[thegooddocsproject\/incubator] #1 add LICENSE.txt",
                "text": "adding Zero-BSD license (same as templates repo)",
                "title": "#1 add LICENSE.txt",
                "footer": "<https:\/\/github.com\/thegooddocsproject\/incubator|thegooddocsproject\/incubator>",
                "id": 1,
                "title_link": "https:\/\/github.com\/thegooddocsproject\/incubator\/pull\/1",
                "author_link": "https:\/\/github.com\/emckean",
                "author_icon": "https:\/\/avatars1.githubusercontent.com\/u\/225433?v=4",
                "footer_icon": "https:\/\/github.githubassets.com\/favicon.ico",
                "ts": 1589492194,
                "color": "cb2431",
                "fields": [
                    {
                        "title": "Assignees",
                        "value": "jaredmorgs, camerons",
                        "short": true
                    },
                    {
                        "title": "Comments",
                        "value": "3",
                        "short": true
                    }
                ],
                "mrkdwn_in": [
                    "text"
                ],
                "bot_id": "BU8U6P6AH",
                "app_unfurl_url": "https:\/\/github.com\/thegooddocsproject\/incubator\/issues\/1",
                "is_app_unfurl": true
            }
        ]
    },
    {
        "client_msg_id": "c3f30fc5-0cd3-4134-bd68-10b73d6e1ef6",
        "type": "message",
        "text": "templates issue 1",
        "user": "U019868JEQ0",
        "ts": "1607547044.005000",
        "team": "TKFJE6LDR",
        "user_team": "TKFJE6LDR",
        "source_team": "TKFJE6LDR",
        "user_profile": {
            "avatar_hash": "966d941975ff",
            "image_72": "https:\/\/avatars.slack-edge.com\/2020-08-09\/1275632926935_966d941975ff884d0fa4_72.jpg",
            "first_name": "",
            "real_name": "Aidan Doherty",
            "display_name": "Aidan Doherty",
            "team": "TKFJE6LDR",
            "name": "contact",
            "is_restricted": false,
            "is_ultra_restricted": false
        },
        "blocks": [
            {
                "type": "rich_text",
                "block_id": "IR+",
                "elements": [
                    {
                        "type": "rich_text_section",
                        "elements": [
                            {
                                "type": "text",
                                "text": "templates issue 1"
                            }
                        ]
                    }
                ]
            }
        ]
    },
    {
        "bot_id": "B01CMAXGNUU",
        "type": "message",
        "text": "See GitHub <https:\/\/github.com\/thegooddocsproject\/templates\/issues\/1|templates issue 1> that was just mentioned.\n",
        "user": "U01C8E33D0W",
        "ts": "1607547044.005100",
        "team": "TKFJE6LDR",
        "bot_profile": {
            "id": "B01CMAXGNUU",
            "deleted": false,
            "name": "gdpbot",
            "updated": 1602974955,
            "app_id": "A01C39T14KW",
            "icons": {
                "image_36": "https:\/\/a.slack-edge.com\/80588\/img\/plugins\/app\/bot_36.png",
                "image_48": "https:\/\/a.slack-edge.com\/80588\/img\/plugins\/app\/bot_48.png",
                "image_72": "https:\/\/a.slack-edge.com\/80588\/img\/plugins\/app\/service_72.png"
            },
            "team_id": "TKFJE6LDR"
        },
        "edited": {
            "user": "B01CMAXGNUU",
            "ts": "1607547045.000000"
        },
        "attachments": [
            {
                "author_name": "emckean",
                "fallback": "[thegooddocsproject\/templates] #1 Create DECISIONFILE_ENTRY.md",
                "text": "creating a template for Decision File entries that we can link to from our own decision file",
                "title": "#1 Create DECISIONFILE_ENTRY.md",
                "footer": "<https:\/\/github.com\/thegooddocsproject\/templates|thegooddocsproject\/templates>",
                "id": 1,
                "title_link": "https:\/\/github.com\/thegooddocsproject\/templates\/pull\/1",
                "author_link": "https:\/\/github.com\/emckean",
                "author_icon": "https:\/\/avatars1.githubusercontent.com\/u\/225433?v=4",
                "footer_icon": "https:\/\/github.githubassets.com\/favicon.ico",
                "ts": 1565720498,
                "color": "cb2431",
                "fields": [
                    {
                        "title": "Comments",
                        "value": "2",
                        "short": true
                    }
                ],
                "mrkdwn_in": [
                    "text"
                ],
                "bot_id": "BU8U6P6AH",
                "app_unfurl_url": "https:\/\/github.com\/thegooddocsproject\/templates\/issues\/1",
                "is_app_unfurl": true
            }
        ]
    },
    {
        "bot_id": "B01CMAXGNUU",
        "type": "message",
        "text": "See GitHub <https:\/\/github.com\/thegooddocsproject\/templates\/issues\/1|templates issue 1> that was just mentioned.\n",
        "user": "U01C8E33D0W",
        "ts": "1607547047.005300",
        "team": "TKFJE6LDR",
        "bot_profile": {
            "id": "B01CMAXGNUU",
            "deleted": false,
            "name": "gdpbot",
            "updated": 1602974955,
            "app_id": "A01C39T14KW",
            "icons": {
                "image_36": "https:\/\/a.slack-edge.com\/80588\/img\/plugins\/app\/bot_36.png",
                "image_48": "https:\/\/a.slack-edge.com\/80588\/img\/plugins\/app\/bot_48.png",
                "image_72": "https:\/\/a.slack-edge.com\/80588\/img\/plugins\/app\/service_72.png"
            },
            "team_id": "TKFJE6LDR"
        },
        "edited": {
            "user": "B01CMAXGNUU",
            "ts": "1607547048.000000"
        },
        "attachments": [
            {
                "author_name": "emckean",
                "fallback": "[thegooddocsproject\/templates] #1 Create DECISIONFILE_ENTRY.md",
                "text": "creating a template for Decision File entries that we can link to from our own decision file",
                "title": "#1 Create DECISIONFILE_ENTRY.md",
                "footer": "<https:\/\/github.com\/thegooddocsproject\/templates|thegooddocsproject\/templates>",
                "id": 1,
                "title_link": "https:\/\/github.com\/thegooddocsproject\/templates\/pull\/1",
                "author_link": "https:\/\/github.com\/emckean",
                "author_icon": "https:\/\/avatars1.githubusercontent.com\/u\/225433?v=4",
                "footer_icon": "https:\/\/github.githubassets.com\/favicon.ico",
                "ts": 1565720498,
                "color": "cb2431",
                "fields": [
                    {
                        "title": "Comments",
                        "value": "2",
                        "short": true
                    }
                ],
                "mrkdwn_in": [
                    "text"
                ],
                "bot_id": "BU8U6P6AH",
                "app_unfurl_url": "https:\/\/github.com\/thegooddocsproject\/templates\/issues\/1",
                "is_app_unfurl": true
            }
        ]
    },
    {
        "bot_id": "B01CMAXGNUU",
        "type": "message",
        "text": "See GitHub <https:\/\/github.com\/thegooddocsproject\/templates\/issues\/1|templates issue 1> that was just mentioned.\n",
        "user": "U01C8E33D0W",
        "ts": "1607547110.005500",
        "team": "TKFJE6LDR",
        "bot_profile": {
            "id": "B01CMAXGNUU",
            "deleted": false,
            "name": "gdpbot",
            "updated": 1602974955,
            "app_id": "A01C39T14KW",
            "icons": {
                "image_36": "https:\/\/a.slack-edge.com\/80588\/img\/plugins\/app\/bot_36.png",
                "image_48": "https:\/\/a.slack-edge.com\/80588\/img\/plugins\/app\/bot_48.png",
                "image_72": "https:\/\/a.slack-edge.com\/80588\/img\/plugins\/app\/service_72.png"
            },
            "team_id": "TKFJE6LDR"
        },
        "edited": {
            "user": "B01CMAXGNUU",
            "ts": "1607547112.000000"
        },
        "attachments": [
            {
                "author_name": "emckean",
                "fallback": "[thegooddocsproject\/templates] #1 Create DECISIONFILE_ENTRY.md",
                "text": "creating a template for Decision File entries that we can link to from our own decision file",
                "title": "#1 Create DECISIONFILE_ENTRY.md",
                "footer": "<https:\/\/github.com\/thegooddocsproject\/templates|thegooddocsproject\/templates>",
                "id": 1,
                "title_link": "https:\/\/github.com\/thegooddocsproject\/templates\/pull\/1",
                "author_link": "https:\/\/github.com\/emckean",
                "author_icon": "https:\/\/avatars1.githubusercontent.com\/u\/225433?v=4",
                "footer_icon": "https:\/\/github.githubassets.com\/favicon.ico",
                "ts": 1565720498,
                "color": "cb2431",
                "fields": [
                    {
                        "title": "Comments",
                        "value": "2",
                        "short": true
                    }
                ],
                "mrkdwn_in": [
                    "text"
                ],
                "bot_id": "BU8U6P6AH",
                "app_unfurl_url": "https:\/\/github.com\/thegooddocsproject\/templates\/issues\/1",
                "is_app_unfurl": true
            }
        ]
    },
    {
        "bot_id": "B01CMAXGNUU",
        "type": "message",
        "text": "See GitHub <https:\/\/github.com\/thegooddocsproject\/templates\/issues\/1|templates issue 1> that was just mentioned.\n",
        "user": "U01C8E33D0W",
        "ts": "1607547413.005700",
        "team": "TKFJE6LDR",
        "bot_profile": {
            "id": "B01CMAXGNUU",
            "deleted": false,
            "name": "gdpbot",
            "updated": 1602974955,
            "app_id": "A01C39T14KW",
            "icons": {
                "image_36": "https:\/\/a.slack-edge.com\/80588\/img\/plugins\/app\/bot_36.png",
                "image_48": "https:\/\/a.slack-edge.com\/80588\/img\/plugins\/app\/bot_48.png",
                "image_72": "https:\/\/a.slack-edge.com\/80588\/img\/plugins\/app\/service_72.png"
            },
            "team_id": "TKFJE6LDR"
        },
        "edited": {
            "user": "B01CMAXGNUU",
            "ts": "1607547414.000000"
        },
        "attachments": [
            {
                "author_name": "emckean",
                "fallback": "[thegooddocsproject\/templates] #1 Create DECISIONFILE_ENTRY.md",
                "text": "creating a template for Decision File entries that we can link to from our own decision file",
                "title": "#1 Create DECISIONFILE_ENTRY.md",
                "footer": "<https:\/\/github.com\/thegooddocsproject\/templates|thegooddocsproject\/templates>",
                "id": 1,
                "title_link": "https:\/\/github.com\/thegooddocsproject\/templates\/pull\/1",
                "author_link": "https:\/\/github.com\/emckean",
                "author_icon": "https:\/\/avatars1.githubusercontent.com\/u\/225433?v=4",
                "footer_icon": "https:\/\/github.githubassets.com\/favicon.ico",
                "ts": 1565720498,
                "color": "cb2431",
                "fields": [
                    {
                        "title": "Comments",
                        "value": "2",
                        "short": true
                    }
                ],
                "mrkdwn_in": [
                    "text"
                ],
                "bot_id": "BU8U6P6AH",
                "app_unfurl_url": "https:\/\/github.com\/thegooddocsproject\/templates\/issues\/1",
                "is_app_unfurl": true
            }
        ]
    },
    {
        "client_msg_id": "8125e392-b3c5-4dd9-9395-4d2325179b28",
        "type": "message",
        "text": "templates issue 2",
        "user": "U019868JEQ0",
        "ts": "1607547493.006000",
        "team": "TKFJE6LDR",
        "user_team": "TKFJE6LDR",
        "source_team": "TKFJE6LDR",
        "user_profile": {
            "avatar_hash": "966d941975ff",
            "image_72": "https:\/\/avatars.slack-edge.com\/2020-08-09\/1275632926935_966d941975ff884d0fa4_72.jpg",
            "first_name": "",
            "real_name": "Aidan Doherty",
            "display_name": "Aidan Doherty",
            "team": "TKFJE6LDR",
            "name": "contact",
            "is_restricted": false,
            "is_ultra_restricted": false
        },
        "blocks": [
            {
                "type": "rich_text",
                "block_id": "0=9",
                "elements": [
                    {
                        "type": "rich_text_section",
                        "elements": [
                            {
                                "type": "text",
                                "text": "templates issue 2"
                            }
                        ]
                    }
                ]
            }
        ]
    },
    {
        "bot_id": "B01CMAXGNUU",
        "type": "message",
        "text": "See GitHub <https:\/\/github.com\/thegooddocsproject\/templates\/issues\/2|templates 2> that was just mentioned.\n",
        "user": "U01C8E33D0W",
        "ts": "1607547493.006100",
        "team": "TKFJE6LDR",
        "bot_profile": {
            "id": "B01CMAXGNUU",
            "deleted": false,
            "name": "gdpbot",
            "updated": 1602974955,
            "app_id": "A01C39T14KW",
            "icons": {
                "image_36": "https:\/\/a.slack-edge.com\/80588\/img\/plugins\/app\/bot_36.png",
                "image_48": "https:\/\/a.slack-edge.com\/80588\/img\/plugins\/app\/bot_48.png",
                "image_72": "https:\/\/a.slack-edge.com\/80588\/img\/plugins\/app\/service_72.png"
            },
            "team_id": "TKFJE6LDR"
        },
        "edited": {
            "user": "B01CMAXGNUU",
            "ts": "1607547494.000000"
        },
        "attachments": [
            {
                "author_name": "archaeogeek",
                "fallback": "[thegooddocsproject\/templates] #2 Minor change to readme for testing probot",
                "text": "Testing without signature",
                "title": "#2 Minor change to readme for testing probot",
                "footer": "<https:\/\/github.com\/thegooddocsproject\/templates|thegooddocsproject\/templates>",
                "id": 1,
                "title_link": "https:\/\/github.com\/thegooddocsproject\/templates\/pull\/2",
                "author_link": "https:\/\/github.com\/archaeogeek",
                "author_icon": "https:\/\/avatars1.githubusercontent.com\/u\/1544849?v=4",
                "footer_icon": "https:\/\/github.githubassets.com\/favicon.ico",
                "ts": 1565949969,
                "color": "cb2431",
                "mrkdwn_in": [
                    "text"
                ],
                "bot_id": "BU8U6P6AH",
                "app_unfurl_url": "https:\/\/github.com\/thegooddocsproject\/templates\/issues\/2",
                "is_app_unfurl": true
            }
        ]
    },
    {
        "bot_id": "B01CMAXGNUU",
        "type": "message",
        "text": "See GitHub <https:\/\/github.com\/thegooddocsproject\/templates\/issues\/2|templates 2> that was just mentioned.\n",
        "user": "U01C8E33D0W",
        "ts": "1607547496.006300",
        "team": "TKFJE6LDR",
        "bot_profile": {
            "id": "B01CMAXGNUU",
            "deleted": false,
            "name": "gdpbot",
            "updated": 1602974955,
            "app_id": "A01C39T14KW",
            "icons": {
                "image_36": "https:\/\/a.slack-edge.com\/80588\/img\/plugins\/app\/bot_36.png",
                "image_48": "https:\/\/a.slack-edge.com\/80588\/img\/plugins\/app\/bot_48.png",
                "image_72": "https:\/\/a.slack-edge.com\/80588\/img\/plugins\/app\/service_72.png"
            },
            "team_id": "TKFJE6LDR"
        },
        "edited": {
            "user": "B01CMAXGNUU",
            "ts": "1607547497.000000"
        },
        "attachments": [
            {
                "author_name": "archaeogeek",
                "fallback": "[thegooddocsproject\/templates] #2 Minor change to readme for testing probot",
                "text": "Testing without signature",
                "title": "#2 Minor change to readme for testing probot",
                "footer": "<https:\/\/github.com\/thegooddocsproject\/templates|thegooddocsproject\/templates>",
                "id": 1,
                "title_link": "https:\/\/github.com\/thegooddocsproject\/templates\/pull\/2",
                "author_link": "https:\/\/github.com\/archaeogeek",
                "author_icon": "https:\/\/avatars1.githubusercontent.com\/u\/1544849?v=4",
                "footer_icon": "https:\/\/github.githubassets.com\/favicon.ico",
                "ts": 1565949969,
                "color": "cb2431",
                "mrkdwn_in": [
                    "text"
                ],
                "bot_id": "BU8U6P6AH",
                "app_unfurl_url": "https:\/\/github.com\/thegooddocsproject\/templates\/issues\/2",
                "is_app_unfurl": true
            }
        ]
    },
    {
        "bot_id": "B01CMAXGNUU",
        "type": "message",
        "text": "See GitHub <https:\/\/github.com\/thegooddocsproject\/templates\/issues\/2|templates 2> that was just mentioned.\n",
        "user": "U01C8E33D0W",
        "ts": "1607547559.006500",
        "team": "TKFJE6LDR",
        "bot_profile": {
            "id": "B01CMAXGNUU",
            "deleted": false,
            "name": "gdpbot",
            "updated": 1602974955,
            "app_id": "A01C39T14KW",
            "icons": {
                "image_36": "https:\/\/a.slack-edge.com\/80588\/img\/plugins\/app\/bot_36.png",
                "image_48": "https:\/\/a.slack-edge.com\/80588\/img\/plugins\/app\/bot_48.png",
                "image_72": "https:\/\/a.slack-edge.com\/80588\/img\/plugins\/app\/service_72.png"
            },
            "team_id": "TKFJE6LDR"
        },
        "edited": {
            "user": "B01CMAXGNUU",
            "ts": "1607547566.000000"
        },
        "attachments": [
            {
                "author_name": "archaeogeek",
                "fallback": "[thegooddocsproject\/templates] #2 Minor change to readme for testing probot",
                "text": "Testing without signature",
                "title": "#2 Minor change to readme for testing probot",
                "footer": "<https:\/\/github.com\/thegooddocsproject\/templates|thegooddocsproject\/templates>",
                "id": 1,
                "title_link": "https:\/\/github.com\/thegooddocsproject\/templates\/pull\/2",
                "author_link": "https:\/\/github.com\/archaeogeek",
                "author_icon": "https:\/\/avatars1.githubusercontent.com\/u\/1544849?v=4",
                "footer_icon": "https:\/\/github.githubassets.com\/favicon.ico",
                "ts": 1565949969,
                "color": "cb2431",
                "mrkdwn_in": [
                    "text"
                ],
                "bot_id": "BU8U6P6AH",
                "app_unfurl_url": "https:\/\/github.com\/thegooddocsproject\/templates\/issues\/2",
                "is_app_unfurl": true
            }
        ]
    }
]