[
    {
        "client_msg_id": "11709e84-bd3e-4672-8d5b-d4981659c1c1",
        "type": "message",
        "text": "templates issue 30",
        "user": "U019868JEQ0",
        "ts": "1607312701.000300",
        "team": "TKFJE6LDR",
        "user_team": "TKFJE6LDR",
        "source_team": "TKFJE6LDR",
        "user_profile": {
            "avatar_hash": "966d941975ff",
            "image_72": "https:\/\/avatars.slack-edge.com\/2020-08-09\/1275632926935_966d941975ff884d0fa4_72.jpg",
            "first_name": "",
            "real_name": "Aidan Doherty",
            "display_name": "Aidan Doherty",
            "team": "TKFJE6LDR",
            "name": "contact",
            "is_restricted": false,
            "is_ultra_restricted": false
        },
        "blocks": [
            {
                "type": "rich_text",
                "block_id": "kKQl",
                "elements": [
                    {
                        "type": "rich_text_section",
                        "elements": [
                            {
                                "type": "text",
                                "text": "templates issue 30"
                            }
                        ]
                    }
                ]
            }
        ]
    },
    {
        "client_msg_id": "67f6aa1b-174a-4f95-95d1-f23d759ddf67",
        "type": "message",
        "text": "incubator issue 10",
        "user": "U019868JEQ0",
        "ts": "1607314532.000500",
        "team": "TKFJE6LDR",
        "user_team": "TKFJE6LDR",
        "source_team": "TKFJE6LDR",
        "user_profile": {
            "avatar_hash": "966d941975ff",
            "image_72": "https:\/\/avatars.slack-edge.com\/2020-08-09\/1275632926935_966d941975ff884d0fa4_72.jpg",
            "first_name": "",
            "real_name": "Aidan Doherty",
            "display_name": "Aidan Doherty",
            "team": "TKFJE6LDR",
            "name": "contact",
            "is_restricted": false,
            "is_ultra_restricted": false
        },
        "blocks": [
            {
                "type": "rich_text",
                "block_id": "c84k",
                "elements": [
                    {
                        "type": "rich_text_section",
                        "elements": [
                            {
                                "type": "text",
                                "text": "incubator issue 10"
                            }
                        ]
                    }
                ]
            }
        ]
    },
    {
        "bot_id": "B01CMAXGNUU",
        "type": "message",
        "text": "See GitHub <https:\/\/github.com\/thegooddocsproject\/incubator\/issues\/10|incubator issue 10> that was just mentioned.\n",
        "user": "U01C8E33D0W",
        "ts": "1607314533.000600",
        "team": "TKFJE6LDR",
        "bot_profile": {
            "id": "B01CMAXGNUU",
            "deleted": false,
            "name": "gdpbot",
            "updated": 1602974955,
            "app_id": "A01C39T14KW",
            "icons": {
                "image_36": "https:\/\/a.slack-edge.com\/80588\/img\/plugins\/app\/bot_36.png",
                "image_48": "https:\/\/a.slack-edge.com\/80588\/img\/plugins\/app\/bot_48.png",
                "image_72": "https:\/\/a.slack-edge.com\/80588\/img\/plugins\/app\/service_72.png"
            },
            "team_id": "TKFJE6LDR"
        },
        "edited": {
            "user": "B01CMAXGNUU",
            "ts": "1607314535.000000"
        },
        "attachments": [
            {
                "author_name": "camerons",
                "fallback": "[thegooddocsproject\/incubator] #10 Switch to unambiguous use of dates YYYY-MM-DD",
                "text": "Note, in US dates are MM\/DD\/YY and in other areas it is DD\/MM\/YY  \nThis follows <https:\/\/en.wikipedia.org\/wiki\/ISO_8601|https:\/\/en.wikipedia.org\/wiki\/ISO_8601> standard",
                "title": "#10 Switch to unambiguous use of dates YYYY-MM-DD",
                "footer": "<https:\/\/github.com\/thegooddocsproject\/incubator|thegooddocsproject\/incubator>",
                "id": 1,
                "title_link": "https:\/\/github.com\/thegooddocsproject\/incubator\/pull\/10",
                "author_link": "https:\/\/github.com\/camerons",
                "author_icon": "https:\/\/avatars0.githubusercontent.com\/u\/1243535?v=4",
                "footer_icon": "https:\/\/github.githubassets.com\/favicon.ico",
                "ts": 1602616402,
                "color": "cb2431",
                "fields": [
                    {
                        "title": "Comments",
                        "value": "1",
                        "short": true
                    }
                ],
                "mrkdwn_in": [
                    "text"
                ],
                "bot_id": "BU8U6P6AH",
                "app_unfurl_url": "https:\/\/github.com\/thegooddocsproject\/incubator\/issues\/10",
                "is_app_unfurl": true
            }
        ]
    },
    {
        "bot_id": "B01CMAXGNUU",
        "type": "message",
        "text": "See GitHub <https:\/\/github.com\/thegooddocsproject\/incubator\/issues\/10|incubator issue 10> that was just mentioned.\n",
        "user": "U01C8E33D0W",
        "ts": "1607314536.000800",
        "team": "TKFJE6LDR",
        "bot_profile": {
            "id": "B01CMAXGNUU",
            "deleted": false,
            "name": "gdpbot",
            "updated": 1602974955,
            "app_id": "A01C39T14KW",
            "icons": {
                "image_36": "https:\/\/a.slack-edge.com\/80588\/img\/plugins\/app\/bot_36.png",
                "image_48": "https:\/\/a.slack-edge.com\/80588\/img\/plugins\/app\/bot_48.png",
                "image_72": "https:\/\/a.slack-edge.com\/80588\/img\/plugins\/app\/service_72.png"
            },
            "team_id": "TKFJE6LDR"
        }
    },
    {
        "bot_id": "B01CMAXGNUU",
        "type": "message",
        "text": "See GitHub <https:\/\/github.com\/thegooddocsproject\/incubator\/issues\/10|incubator issue 10> that was just mentioned.\n",
        "user": "U01C8E33D0W",
        "ts": "1607314599.000900",
        "team": "TKFJE6LDR",
        "bot_profile": {
            "id": "B01CMAXGNUU",
            "deleted": false,
            "name": "gdpbot",
            "updated": 1602974955,
            "app_id": "A01C39T14KW",
            "icons": {
                "image_36": "https:\/\/a.slack-edge.com\/80588\/img\/plugins\/app\/bot_36.png",
                "image_48": "https:\/\/a.slack-edge.com\/80588\/img\/plugins\/app\/bot_48.png",
                "image_72": "https:\/\/a.slack-edge.com\/80588\/img\/plugins\/app\/service_72.png"
            },
            "team_id": "TKFJE6LDR"
        }
    },
    {
        "bot_id": "B01CMAXGNUU",
        "type": "message",
        "text": "See GitHub <https:\/\/github.com\/thegooddocsproject\/incubator\/issues\/10|incubator issue 10> that was just mentioned.\n",
        "user": "U01C8E33D0W",
        "ts": "1607314902.001000",
        "team": "TKFJE6LDR",
        "bot_profile": {
            "id": "B01CMAXGNUU",
            "deleted": false,
            "name": "gdpbot",
            "updated": 1602974955,
            "app_id": "A01C39T14KW",
            "icons": {
                "image_36": "https:\/\/a.slack-edge.com\/80588\/img\/plugins\/app\/bot_36.png",
                "image_48": "https:\/\/a.slack-edge.com\/80588\/img\/plugins\/app\/bot_48.png",
                "image_72": "https:\/\/a.slack-edge.com\/80588\/img\/plugins\/app\/service_72.png"
            },
            "team_id": "TKFJE6LDR"
        }
    }
]