[
    {
        "client_msg_id": "1b9bb1ae-5ecf-48e0-8b99-07f2a8fc9a66",
        "type": "message",
        "text": "templates issue 30",
        "user": "U019868JEQ0",
        "ts": "1606796019.000300",
        "team": "TKFJE6LDR",
        "user_team": "TKFJE6LDR",
        "source_team": "TKFJE6LDR",
        "user_profile": {
            "avatar_hash": "966d941975ff",
            "image_72": "https:\/\/avatars.slack-edge.com\/2020-08-09\/1275632926935_966d941975ff884d0fa4_72.jpg",
            "first_name": "",
            "real_name": "Aidan Doherty",
            "display_name": "Aidan Doherty",
            "team": "TKFJE6LDR",
            "name": "contact",
            "is_restricted": false,
            "is_ultra_restricted": false
        },
        "blocks": [
            {
                "type": "rich_text",
                "block_id": "=\/m",
                "elements": [
                    {
                        "type": "rich_text_section",
                        "elements": [
                            {
                                "type": "text",
                                "text": "templates issue 30"
                            }
                        ]
                    }
                ]
            }
        ]
    },
    {
        "client_msg_id": "e8761864-cc5e-44d2-8a23-67d3d5ce72dc",
        "type": "message",
        "text": "templates issue 30",
        "user": "U019868JEQ0",
        "ts": "1606796051.000500",
        "team": "TKFJE6LDR",
        "user_team": "TKFJE6LDR",
        "source_team": "TKFJE6LDR",
        "user_profile": {
            "avatar_hash": "966d941975ff",
            "image_72": "https:\/\/avatars.slack-edge.com\/2020-08-09\/1275632926935_966d941975ff884d0fa4_72.jpg",
            "first_name": "",
            "real_name": "Aidan Doherty",
            "display_name": "Aidan Doherty",
            "team": "TKFJE6LDR",
            "name": "contact",
            "is_restricted": false,
            "is_ultra_restricted": false
        },
        "blocks": [
            {
                "type": "rich_text",
                "block_id": "MkDh",
                "elements": [
                    {
                        "type": "rich_text_section",
                        "elements": [
                            {
                                "type": "text",
                                "text": "templates issue 30"
                            }
                        ]
                    }
                ]
            }
        ]
    },
    {
        "bot_id": "B01CMAXGNUU",
        "type": "message",
        "text": "See GitHub <https:\/\/github.com\/thegooddocsproject\/templates\/issues\/30|templates issue 30> that was just mentioned.\n",
        "user": "U01C8E33D0W",
        "ts": "1606796381.000600",
        "team": "TKFJE6LDR",
        "bot_profile": {
            "id": "B01CMAXGNUU",
            "deleted": false,
            "name": "gdpbot",
            "updated": 1602974955,
            "app_id": "A01C39T14KW",
            "icons": {
                "image_36": "https:\/\/a.slack-edge.com\/80588\/img\/plugins\/app\/bot_36.png",
                "image_48": "https:\/\/a.slack-edge.com\/80588\/img\/plugins\/app\/bot_48.png",
                "image_72": "https:\/\/a.slack-edge.com\/80588\/img\/plugins\/app\/service_72.png"
            },
            "team_id": "TKFJE6LDR"
        },
        "edited": {
            "user": "B01CMAXGNUU",
            "ts": "1606796382.000000"
        },
        "attachments": [
            {
                "author_name": "alecthegeek",
                "fallback": "[thegooddocsproject\/templates] #30 Added new section on API security",
                "text": "Still needs a template -- want to make sure project is happy with this approach",
                "title": "#30 Added new section on API security",
                "footer": "<https:\/\/github.com\/thegooddocsproject\/templates|thegooddocsproject\/templates>",
                "id": 1,
                "title_link": "https:\/\/github.com\/thegooddocsproject\/templates\/pull\/30",
                "author_link": "https:\/\/github.com\/alecthegeek",
                "author_icon": "https:\/\/avatars3.githubusercontent.com\/u\/14003?v=4",
                "footer_icon": "https:\/\/github.githubassets.com\/favicon.ico",
                "ts": 1573699714,
                "color": "cb2431",
                "fields": [
                    {
                        "title": "Comments",
                        "value": "2",
                        "short": true
                    }
                ],
                "mrkdwn_in": [
                    "text"
                ],
                "bot_id": "BU8U6P6AH",
                "app_unfurl_url": "https:\/\/github.com\/thegooddocsproject\/templates\/issues\/30",
                "is_app_unfurl": true
            }
        ]
    },
    {
        "bot_id": "B01CMAXGNUU",
        "type": "message",
        "text": "See GitHub <https:\/\/github.com\/thegooddocsproject\/templates\/issues\/30|templates issue 30> that was just mentioned.\n",
        "user": "U01C8E33D0W",
        "ts": "1606796414.000800",
        "team": "TKFJE6LDR",
        "bot_profile": {
            "id": "B01CMAXGNUU",
            "deleted": false,
            "name": "gdpbot",
            "updated": 1602974955,
            "app_id": "A01C39T14KW",
            "icons": {
                "image_36": "https:\/\/a.slack-edge.com\/80588\/img\/plugins\/app\/bot_36.png",
                "image_48": "https:\/\/a.slack-edge.com\/80588\/img\/plugins\/app\/bot_48.png",
                "image_72": "https:\/\/a.slack-edge.com\/80588\/img\/plugins\/app\/service_72.png"
            },
            "team_id": "TKFJE6LDR"
        }
    },
    {
        "client_msg_id": "2583bcea-29e4-41ac-a75e-9951e08f046d",
        "type": "message",
        "text": "templates issue 31",
        "user": "U019868JEQ0",
        "ts": "1606799387.001200",
        "team": "TKFJE6LDR",
        "user_team": "TKFJE6LDR",
        "source_team": "TKFJE6LDR",
        "user_profile": {
            "avatar_hash": "966d941975ff",
            "image_72": "https:\/\/avatars.slack-edge.com\/2020-08-09\/1275632926935_966d941975ff884d0fa4_72.jpg",
            "first_name": "",
            "real_name": "Aidan Doherty",
            "display_name": "Aidan Doherty",
            "team": "TKFJE6LDR",
            "name": "contact",
            "is_restricted": false,
            "is_ultra_restricted": false
        },
        "blocks": [
            {
                "type": "rich_text",
                "block_id": "cVP8",
                "elements": [
                    {
                        "type": "rich_text_section",
                        "elements": [
                            {
                                "type": "text",
                                "text": "templates issue 31"
                            }
                        ]
                    }
                ]
            }
        ]
    },
    {
        "client_msg_id": "074d771b-c0d7-4503-a4b1-e00b5dc1c5aa",
        "type": "message",
        "text": "templates issue 1",
        "user": "U019868JEQ0",
        "ts": "1606799438.001500",
        "team": "TKFJE6LDR",
        "user_team": "TKFJE6LDR",
        "source_team": "TKFJE6LDR",
        "user_profile": {
            "avatar_hash": "966d941975ff",
            "image_72": "https:\/\/avatars.slack-edge.com\/2020-08-09\/1275632926935_966d941975ff884d0fa4_72.jpg",
            "first_name": "",
            "real_name": "Aidan Doherty",
            "display_name": "Aidan Doherty",
            "team": "TKFJE6LDR",
            "name": "contact",
            "is_restricted": false,
            "is_ultra_restricted": false
        },
        "blocks": [
            {
                "type": "rich_text",
                "block_id": "9eCB",
                "elements": [
                    {
                        "type": "rich_text_section",
                        "elements": [
                            {
                                "type": "text",
                                "text": "templates issue 1"
                            }
                        ]
                    }
                ]
            }
        ]
    }
]