[
    {
        "client_msg_id": "45c843aa-e4cb-4d70-ab9c-be4275a2f3a4",
        "type": "message",
        "text": "Hi, I had the feeling that we are having a meeting today. But maybe I am wrong.",
        "user": "U01A8JXNZDW",
        "ts": "1602855560.053500",
        "team": "TKFJE6LDR",
        "user_team": "TKFJE6LDR",
        "source_team": "TKFJE6LDR",
        "user_profile": {
            "avatar_hash": "bc6e1adc4c76",
            "image_72": "https:\/\/avatars.slack-edge.com\/2020-08-26\/1318106179014_bc6e1adc4c769be56ccf_72.jpg",
            "first_name": "",
            "real_name": "Nikos Lambrinos",
            "display_name": "Nikos Lambrinos",
            "team": "TKFJE6LDR",
            "name": "labrinos",
            "is_restricted": false,
            "is_ultra_restricted": false
        },
        "blocks": [
            {
                "type": "rich_text",
                "block_id": "Ne3",
                "elements": [
                    {
                        "type": "rich_text_section",
                        "elements": [
                            {
                                "type": "text",
                                "text": "Hi, I had the feeling that we are having a meeting today. But maybe I am wrong."
                            }
                        ]
                    }
                ]
            }
        ]
    },
    {
        "client_msg_id": "b401a962-ad43-4a0b-b34d-c829c4d2701f",
        "type": "message",
        "text": "Or maybe I have the wrong link",
        "user": "U01A8JXNZDW",
        "ts": "1602855596.053900",
        "team": "TKFJE6LDR",
        "user_team": "TKFJE6LDR",
        "source_team": "TKFJE6LDR",
        "user_profile": {
            "avatar_hash": "bc6e1adc4c76",
            "image_72": "https:\/\/avatars.slack-edge.com\/2020-08-26\/1318106179014_bc6e1adc4c769be56ccf_72.jpg",
            "first_name": "",
            "real_name": "Nikos Lambrinos",
            "display_name": "Nikos Lambrinos",
            "team": "TKFJE6LDR",
            "name": "labrinos",
            "is_restricted": false,
            "is_ultra_restricted": false
        },
        "blocks": [
            {
                "type": "rich_text",
                "block_id": "dfP",
                "elements": [
                    {
                        "type": "rich_text_section",
                        "elements": [
                            {
                                "type": "text",
                                "text": "Or maybe I have the wrong link"
                            }
                        ]
                    }
                ]
            }
        ]
    }
]