[
    {
        "client_msg_id": "ab76121e-ec59-4e25-a956-11c6b14f77e1",
        "type": "message",
        "text": "I can coordinate. And I'll give you back ownership for next week if that's okay. :slightly_smiling_face:",
        "user": "U012KCMPP0V",
        "ts": "1602772431.049100",
        "team": "TKFJE6LDR",
        "user_team": "TKFJE6LDR",
        "source_team": "TKFJE6LDR",
        "user_profile": {
            "avatar_hash": "b26729f0b5f2",
            "image_72": "https:\/\/avatars.slack-edge.com\/2020-04-27\/1089031639347_b26729f0b5f2375494a1_72.png",
            "first_name": "Alyssa",
            "real_name": "Alyssa",
            "display_name": "Alyssa",
            "team": "TKFJE6LDR",
            "name": "alyssa.rock.biz",
            "is_restricted": false,
            "is_ultra_restricted": false
        },
        "blocks": [
            {
                "type": "rich_text",
                "block_id": "aSM=",
                "elements": [
                    {
                        "type": "rich_text_section",
                        "elements": [
                            {
                                "type": "text",
                                "text": "I can coordinate. And I'll give you back ownership for next week if that's okay. "
                            },
                            {
                                "type": "emoji",
                                "name": "slightly_smiling_face"
                            }
                        ]
                    }
                ]
            }
        ],
        "thread_ts": "1602738471.048900",
        "parent_user_id": "UKTGLQNGG"
    },
    {
        "client_msg_id": "3398994c-fd5c-40b1-9261-c4e86dce478f",
        "type": "message",
        "text": "Yes, sure.",
        "user": "UKTGLQNGG",
        "ts": "1602795246.049300",
        "team": "TKFJE6LDR",
        "user_team": "TKFJE6LDR",
        "source_team": "TKFJE6LDR",
        "user_profile": {
            "avatar_hash": "d6f4de222bb1",
            "image_72": "https:\/\/avatars.slack-edge.com\/2020-07-20\/1235580478119_d6f4de222bb1ed6b5960_72.jpg",
            "first_name": "Cameron",
            "real_name": "Cameron Shorter",
            "display_name": "cameronshorter",
            "team": "TKFJE6LDR",
            "name": "cameron.shorter",
            "is_restricted": false,
            "is_ultra_restricted": false
        },
        "blocks": [
            {
                "type": "rich_text",
                "block_id": "CdO",
                "elements": [
                    {
                        "type": "rich_text_section",
                        "elements": [
                            {
                                "type": "text",
                                "text": "Yes, sure."
                            }
                        ]
                    }
                ]
            }
        ],
        "thread_ts": "1602738471.048900",
        "parent_user_id": "UKTGLQNGG"
    },
    {
        "client_msg_id": "16c0070e-4107-4f43-8334-e8d5de8a7b5b",
        "type": "message",
        "text": "<@U012KCMPP0V> is the link the same or will we be using your zoom account?",
        "user": "U019YA7SD0U",
        "ts": "1602810924.049500",
        "team": "TKFJE6LDR",
        "user_team": "TKFJE6LDR",
        "source_team": "TKFJE6LDR",
        "user_profile": {
            "avatar_hash": "gd927840085e",
            "image_72": "https:\/\/secure.gravatar.com\/avatar\/d927840085e81f89fb210807b02ee5bc.jpg?s=72&d=https%3A%2F%2Fa.slack-edge.com%2Fdf10d%2Fimg%2Favatars%2Fava_0007-72.png",
            "first_name": "Reese",
            "real_name": "Reese Plews",
            "display_name": "Reese Plews (TC211 TMG)",
            "team": "TKFJE6LDR",
            "name": "rplews",
            "is_restricted": false,
            "is_ultra_restricted": false
        },
        "blocks": [
            {
                "type": "rich_text",
                "block_id": "TLZ",
                "elements": [
                    {
                        "type": "rich_text_section",
                        "elements": [
                            {
                                "type": "user",
                                "user_id": "U012KCMPP0V"
                            },
                            {
                                "type": "text",
                                "text": " is the link the same or will we be using your zoom account?"
                            }
                        ]
                    }
                ]
            }
        ],
        "thread_ts": "1602738471.048900",
        "parent_user_id": "UKTGLQNGG"
    },
    {
        "client_msg_id": "3ef2f30f-b8e4-4d15-825c-7859cdd779a4",
        "type": "message",
        "text": "<@U019YA7SD0U>, we'll just use the link listed in the invitation unless it has some sort of technical problem. See you soon!",
        "user": "U012KCMPP0V",
        "ts": "1602810981.049700",
        "team": "TKFJE6LDR",
        "user_team": "TKFJE6LDR",
        "source_team": "TKFJE6LDR",
        "user_profile": {
            "avatar_hash": "b26729f0b5f2",
            "image_72": "https:\/\/avatars.slack-edge.com\/2020-04-27\/1089031639347_b26729f0b5f2375494a1_72.png",
            "first_name": "Alyssa",
            "real_name": "Alyssa",
            "display_name": "Alyssa",
            "team": "TKFJE6LDR",
            "name": "alyssa.rock.biz",
            "is_restricted": false,
            "is_ultra_restricted": false
        },
        "blocks": [
            {
                "type": "rich_text",
                "block_id": "5re",
                "elements": [
                    {
                        "type": "rich_text_section",
                        "elements": [
                            {
                                "type": "user",
                                "user_id": "U019YA7SD0U"
                            },
                            {
                                "type": "text",
                                "text": ", we'll just use the link listed in the invitation unless it has some sort of technical problem. See you soon!"
                            }
                        ]
                    }
                ]
            }
        ],
        "thread_ts": "1602738471.048900",
        "parent_user_id": "UKTGLQNGG"
    },
    {
        "client_msg_id": "62ee6ad9-ee36-458a-8e13-66eda4bb040a",
        "type": "message",
        "text": "<@U012KCMPP0V> no, the regular google link should be ok. thank you.",
        "user": "U019YA7SD0U",
        "ts": "1602811131.049900",
        "team": "TKFJE6LDR",
        "user_team": "TKFJE6LDR",
        "source_team": "TKFJE6LDR",
        "user_profile": {
            "avatar_hash": "gd927840085e",
            "image_72": "https:\/\/secure.gravatar.com\/avatar\/d927840085e81f89fb210807b02ee5bc.jpg?s=72&d=https%3A%2F%2Fa.slack-edge.com%2Fdf10d%2Fimg%2Favatars%2Fava_0007-72.png",
            "first_name": "Reese",
            "real_name": "Reese Plews",
            "display_name": "Reese Plews (TC211 TMG)",
            "team": "TKFJE6LDR",
            "name": "rplews",
            "is_restricted": false,
            "is_ultra_restricted": false
        },
        "blocks": [
            {
                "type": "rich_text",
                "block_id": "mA4",
                "elements": [
                    {
                        "type": "rich_text_section",
                        "elements": [
                            {
                                "type": "user",
                                "user_id": "U012KCMPP0V"
                            },
                            {
                                "type": "text",
                                "text": " no, the regular google link should be ok. thank you."
                            }
                        ]
                    }
                ]
            }
        ],
        "thread_ts": "1602738471.048900",
        "parent_user_id": "UKTGLQNGG"
    },
    {
        "client_msg_id": "db5f2f15-3baf-40e6-9d71-b7e14d227833",
        "type": "message",
        "text": "<@U012KCMPP0V> i have started the link and i am \"knocking at the door\" so to speak...",
        "user": "U019YA7SD0U",
        "ts": "1602811385.050100",
        "team": "TKFJE6LDR",
        "user_team": "TKFJE6LDR",
        "source_team": "TKFJE6LDR",
        "user_profile": {
            "avatar_hash": "gd927840085e",
            "image_72": "https:\/\/secure.gravatar.com\/avatar\/d927840085e81f89fb210807b02ee5bc.jpg?s=72&d=https%3A%2F%2Fa.slack-edge.com%2Fdf10d%2Fimg%2Favatars%2Fava_0007-72.png",
            "first_name": "Reese",
            "real_name": "Reese Plews",
            "display_name": "Reese Plews (TC211 TMG)",
            "team": "TKFJE6LDR",
            "name": "rplews",
            "is_restricted": false,
            "is_ultra_restricted": false
        },
        "blocks": [
            {
                "type": "rich_text",
                "block_id": "\/8d62",
                "elements": [
                    {
                        "type": "rich_text_section",
                        "elements": [
                            {
                                "type": "user",
                                "user_id": "U012KCMPP0V"
                            },
                            {
                                "type": "text",
                                "text": " i have started the link and i am \"knocking at the door\" so to speak..."
                            }
                        ]
                    }
                ]
            }
        ],
        "thread_ts": "1602738471.048900",
        "parent_user_id": "UKTGLQNGG"
    },
    {
        "client_msg_id": "25bdb1fa-f5ca-436a-a27b-17201c65f4c1",
        "type": "message",
        "text": "Sounds good. I'll see you when we start in 7 min",
        "user": "U012KCMPP0V",
        "ts": "1602811408.050300",
        "team": "TKFJE6LDR",
        "user_team": "TKFJE6LDR",
        "source_team": "TKFJE6LDR",
        "user_profile": {
            "avatar_hash": "b26729f0b5f2",
            "image_72": "https:\/\/avatars.slack-edge.com\/2020-04-27\/1089031639347_b26729f0b5f2375494a1_72.png",
            "first_name": "Alyssa",
            "real_name": "Alyssa",
            "display_name": "Alyssa",
            "team": "TKFJE6LDR",
            "name": "alyssa.rock.biz",
            "is_restricted": false,
            "is_ultra_restricted": false
        },
        "blocks": [
            {
                "type": "rich_text",
                "block_id": "qfdX",
                "elements": [
                    {
                        "type": "rich_text_section",
                        "elements": [
                            {
                                "type": "text",
                                "text": "Sounds good. I'll see you when we start in 7 min"
                            }
                        ]
                    }
                ]
            }
        ],
        "thread_ts": "1602738471.048900",
        "parent_user_id": "UKTGLQNGG"
    },
    {
        "client_msg_id": "8a4e67c8-42cf-4b2b-bcc6-a23d37057b74",
        "type": "message",
        "text": "Ok, I've dialed in, will be driving and talking. Hopefully won't have connection problems.",
        "user": "UKTGLQNGG",
        "ts": "1602811655.050500",
        "team": "TKFJE6LDR",
        "user_team": "TKFJE6LDR",
        "source_team": "TKFJE6LDR",
        "user_profile": {
            "avatar_hash": "d6f4de222bb1",
            "image_72": "https:\/\/avatars.slack-edge.com\/2020-07-20\/1235580478119_d6f4de222bb1ed6b5960_72.jpg",
            "first_name": "Cameron",
            "real_name": "Cameron Shorter",
            "display_name": "cameronshorter",
            "team": "TKFJE6LDR",
            "name": "cameron.shorter",
            "is_restricted": false,
            "is_ultra_restricted": false
        },
        "blocks": [
            {
                "type": "rich_text",
                "block_id": "TkVx",
                "elements": [
                    {
                        "type": "rich_text_section",
                        "elements": [
                            {
                                "type": "text",
                                "text": "Ok, I've dialed in, will be driving and talking. Hopefully won't have connection problems."
                            }
                        ]
                    }
                ]
            }
        ],
        "thread_ts": "1602738471.048900",
        "parent_user_id": "UKTGLQNGG"
    },
    {
        "client_msg_id": "880f51d0-b925-466f-8a28-2af7342ba93c",
        "type": "message",
        "text": "I am not able to get into the meeting either via meet or calling in.  Please accept my apologies.",
        "user": "U019252DK0F",
        "ts": "1602812204.051600",
        "team": "TKFJE6LDR",
        "user_team": "TKFJE6LDR",
        "source_team": "TKFJE6LDR",
        "user_profile": {
            "avatar_hash": "33a3d3a9190d",
            "image_72": "https:\/\/avatars.slack-edge.com\/2020-09-09\/1347808982341_33a3d3a9190d60e700de_72.jpg",
            "first_name": "brandon",
            "real_name": "brandon whitehead",
            "display_name": "brandon",
            "team": "TKFJE6LDR",
            "name": "brandonnodnarb",
            "is_restricted": false,
            "is_ultra_restricted": false
        },
        "blocks": [
            {
                "type": "rich_text",
                "block_id": "x+61",
                "elements": [
                    {
                        "type": "rich_text_section",
                        "elements": [
                            {
                                "type": "text",
                                "text": "I am not able to get into the meeting either via meet or calling in.  Please accept my apologies."
                            }
                        ]
                    }
                ]
            }
        ]
    },
    {
        "client_msg_id": "6f6e732d-765e-4030-b0ce-430d82536709",
        "type": "message",
        "text": "Sorry, got dropped out accidentally at the last minute.\nThanks <@U012KCMPP0V> for the notes.",
        "user": "U0170HMB87K",
        "ts": "1602824707.052700",
        "team": "TKFJE6LDR",
        "user_team": "TKFJE6LDR",
        "source_team": "TKFJE6LDR",
        "user_profile": {
            "avatar_hash": "f39553b0636b",
            "image_72": "https:\/\/avatars.slack-edge.com\/2020-07-22\/1249269540710_f39553b0636b29704992_72.jpg",
            "first_name": "",
            "real_name": "Ankita",
            "display_name": "Ankita",
            "team": "TKFJE6LDR",
            "name": "ankitatripathi.2312",
            "is_restricted": false,
            "is_ultra_restricted": false
        },
        "blocks": [
            {
                "type": "rich_text",
                "block_id": "1kS",
                "elements": [
                    {
                        "type": "rich_text_section",
                        "elements": [
                            {
                                "type": "text",
                                "text": "Sorry, got dropped out accidentally at the last minute.\nThanks "
                            },
                            {
                                "type": "user",
                                "user_id": "U012KCMPP0V"
                            },
                            {
                                "type": "text",
                                "text": " for the notes."
                            }
                        ]
                    }
                ]
            }
        ]
    }
]