[
    {
        "client_msg_id": "e8444e9d-5e5a-4401-80f6-d25a4c3c03f1",
        "type": "message",
        "text": "<@UKTGLQNGG> regarding your message on the lexicon list (Re: [Lexicon] invitation to check out a new initiative - OSGeo Geolexica  From <mailto:cameron.shorter@gmail.com|Cameron Shorter> on 2020-11-01 07:37) ... just a comment but i wonder if some groups would hesitate submitting terms for their own specific project if they only have a couple of them?  we have talked before about differences of one general osgeo glossary vs project independent glossaries... in my view, all terminology entries will have suitable \"metadata attributes\" (e.g. source project) that it will be possible to do a filter\/query to pull out only entries for a specific project. initially saying that there will be independent glossaries for each project may be preventing some project teams from submitting just a few terms.   what if the first sentence of your email was revised ... something like... \" Do you have terminology from ${\"Application Id\"} that you would like to see in an OSGeo Glossary of Terms? If so, we'd love to hear from you. ...\"   to me, the statement about an individual glossary is really a query function of the entire glossary.   &lt;&lt; sorry about the mis-send on the initial post &gt;&gt;",
        "user": "U019YA7SD0U",
        "ts": "1604279397.086500",
        "team": "TKFJE6LDR",
        "user_team": "TKFJE6LDR",
        "source_team": "TKFJE6LDR",
        "user_profile": {
            "avatar_hash": "gd927840085e",
            "image_72": "https:\/\/secure.gravatar.com\/avatar\/d927840085e81f89fb210807b02ee5bc.jpg?s=72&d=https%3A%2F%2Fa.slack-edge.com%2Fdf10d%2Fimg%2Favatars%2Fava_0007-72.png",
            "first_name": "Reese",
            "real_name": "Reese Plews",
            "display_name": "Reese Plews (TC211 TMG)",
            "team": "TKFJE6LDR",
            "name": "rplews",
            "is_restricted": false,
            "is_ultra_restricted": false
        },
        "edited": {
            "user": "U019YA7SD0U",
            "ts": "1604279761.000000"
        },
        "blocks": [
            {
                "type": "rich_text",
                "block_id": "mvD4",
                "elements": [
                    {
                        "type": "rich_text_section",
                        "elements": [
                            {
                                "type": "user",
                                "user_id": "UKTGLQNGG"
                            },
                            {
                                "type": "text",
                                "text": " regarding your message on the lexicon list (Re: [Lexicon] invitation to check out a new initiative - OSGeo Geolexica  From "
                            },
                            {
                                "type": "link",
                                "url": "mailto:cameron.shorter@gmail.com",
                                "text": "Cameron Shorter"
                            },
                            {
                                "type": "text",
                                "text": " on 2020-11-01 07:37) ... just a comment but i wonder if some groups would hesitate submitting terms for their own specific project if they only have a couple of them?  we have talked before about differences of one general osgeo glossary vs project independent glossaries... in my view, all terminology entries will have suitable \"metadata attributes\" (e.g. source project) that it will be possible to do a filter\/query to pull out only entries for a specific project. initially saying that there will be independent glossaries for each project may be preventing some project teams from submitting just a few terms.   what if the first sentence of your email was revised ... something like... \" Do you have terminology from ${\"Application Id\"} that you would like to see in an OSGeo Glossary of Terms? If so, we'd love to hear from you. ...\"   to me, the statement about an individual glossary is really a query function of the entire glossary.   << sorry about the mis-send on the initial post >>"
                            }
                        ]
                    }
                ]
            }
        ],
        "thread_ts": "1604279397.086500",
        "reply_count": 1,
        "reply_users_count": 1,
        "latest_reply": "1604349032.086900",
        "reply_users": [
            "UKTGLQNGG"
        ],
        "replies": [
            {
                "user": "UKTGLQNGG",
                "ts": "1604349032.086900"
            }
        ],
        "subscribed": false
    }
]