[
    {
        "client_msg_id": "2a717395-9856-4295-ad2d-0d669911b023",
        "type": "message",
        "text": "hello everyone, to <@U018GVAH3FX> and the other tech writers... do you have the questions ready for the meeting on Wed night (NA time) and Thurs (mid-day Asia time)? they do not need to be detailed or polished, just want to know what issues there are so <@U01A1CBD0CC> and i can prepare some reasonable responses for everyone. thank you.",
        "user": "U019YA7SD0U",
        "ts": "1603850913.062900",
        "team": "TKFJE6LDR",
        "user_team": "TKFJE6LDR",
        "source_team": "TKFJE6LDR",
        "user_profile": {
            "avatar_hash": "gd927840085e",
            "image_72": "https:\/\/secure.gravatar.com\/avatar\/d927840085e81f89fb210807b02ee5bc.jpg?s=72&d=https%3A%2F%2Fa.slack-edge.com%2Fdf10d%2Fimg%2Favatars%2Fava_0007-72.png",
            "first_name": "Reese",
            "real_name": "Reese Plews",
            "display_name": "Reese Plews (TC211 TMG)",
            "team": "TKFJE6LDR",
            "name": "rplews",
            "is_restricted": false,
            "is_ultra_restricted": false
        },
        "blocks": [
            {
                "type": "rich_text",
                "block_id": "vyNK5",
                "elements": [
                    {
                        "type": "rich_text_section",
                        "elements": [
                            {
                                "type": "text",
                                "text": "hello everyone, to "
                            },
                            {
                                "type": "user",
                                "user_id": "U018GVAH3FX"
                            },
                            {
                                "type": "text",
                                "text": " and the other tech writers... do you have the questions ready for the meeting on Wed night (NA time) and Thurs (mid-day Asia time)? they do not need to be detailed or polished, just want to know what issues there are so "
                            },
                            {
                                "type": "user",
                                "user_id": "U01A1CBD0CC"
                            },
                            {
                                "type": "text",
                                "text": " and i can prepare some reasonable responses for everyone. thank you."
                            }
                        ]
                    }
                ]
            }
        ]
    },
    {
        "client_msg_id": "4a147696-01c9-4620-b49d-8cea6cd970e4",
        "type": "message",
        "text": "Yes, we do. I think where I want to start the discussion is that I want to know more about the development of TC-211:\n• How was it developed and what was the process for developing it? For example, did they consult lexicographers and borrow best practices from that industry?\n• Who do they intend to use this method of defining terms? Do they hope it will become the primary standard for defining terms?\n• How does ISO adopt these standards and how are revisions made to the standards? (I'm trying to ascertain how flexible they are.)\n• What value do you think we as technical writers could add to this process? Do you see us taking TC-211 and building out examples of it in context or user guides that help people to adopt TC-211?\n• Is the Glossarist tool intended to enforce TC-211, meaning that if people use that tool they will need to adopt and use TC-211 standards?\nMostly I just want to understand the context better.",
        "user": "U012KCMPP0V",
        "ts": "1603854684.063600",
        "team": "TKFJE6LDR",
        "user_team": "TKFJE6LDR",
        "source_team": "TKFJE6LDR",
        "user_profile": {
            "avatar_hash": "b26729f0b5f2",
            "image_72": "https:\/\/avatars.slack-edge.com\/2020-04-27\/1089031639347_b26729f0b5f2375494a1_72.png",
            "first_name": "Alyssa",
            "real_name": "Alyssa",
            "display_name": "Alyssa",
            "team": "TKFJE6LDR",
            "name": "alyssa.rock.biz",
            "is_restricted": false,
            "is_ultra_restricted": false
        },
        "blocks": [
            {
                "type": "rich_text",
                "block_id": "OrIUd",
                "elements": [
                    {
                        "type": "rich_text_section",
                        "elements": [
                            {
                                "type": "text",
                                "text": "Yes, we do. I think where I want to start the discussion is that I want to know more about the development of TC-211:\n"
                            }
                        ]
                    },
                    {
                        "type": "rich_text_list",
                        "elements": [
                            {
                                "type": "rich_text_section",
                                "elements": [
                                    {
                                        "type": "text",
                                        "text": "How was it developed and what was the process for developing it? For example, did they consult lexicographers and borrow best practices from that industry?"
                                    }
                                ]
                            },
                            {
                                "type": "rich_text_section",
                                "elements": [
                                    {
                                        "type": "text",
                                        "text": "Who do they intend to use this method of defining terms? Do they hope it will become the primary standard for defining terms?"
                                    }
                                ]
                            },
                            {
                                "type": "rich_text_section",
                                "elements": [
                                    {
                                        "type": "text",
                                        "text": "How does ISO adopt these standards and how are revisions made to the standards? (I'm trying to ascertain how flexible they are.)"
                                    }
                                ]
                            },
                            {
                                "type": "rich_text_section",
                                "elements": [
                                    {
                                        "type": "text",
                                        "text": "What value do you think we as technical writers could add to this process? Do you see us taking TC-211 and building out examples of it in context or user guides that help people to adopt TC-211?"
                                    }
                                ]
                            },
                            {
                                "type": "rich_text_section",
                                "elements": [
                                    {
                                        "type": "text",
                                        "text": "Is the Glossarist tool intended to enforce TC-211, meaning that if people use that tool they will need to adopt and use TC-211 standards?"
                                    }
                                ]
                            }
                        ],
                        "style": "bullet",
                        "indent": 0
                    },
                    {
                        "type": "rich_text_section",
                        "elements": [
                            {
                                "type": "text",
                                "text": "\nMostly I just want to understand the context better."
                            }
                        ]
                    }
                ]
            }
        ]
    },
    {
        "client_msg_id": "f5cd3e25-dc97-4172-a587-e6dd91f46f1e",
        "type": "message",
        "text": "Naini would like to ask these questions (she asked me to post them for her):\nMy questions are more to do with the structure of the entries.\n• Why is metadata that Cameron pointed out not in the scope?\n• Also, why have separate entries for a term for different domains? Why not list the domain and domain specific meaning under the term itself?\n• What goes into the definition vs. what goes into the note? I would like some more clarity here.\n• Early on, it was mentioned that there are communities\/projects that don't follow the ISO structuring practices... From an interoperability perspective, what are things that we should keep in mind so as to make our content easily adoptable?",
        "user": "U012KCMPP0V",
        "ts": "1603854714.064000",
        "team": "TKFJE6LDR",
        "user_team": "TKFJE6LDR",
        "source_team": "TKFJE6LDR",
        "user_profile": {
            "avatar_hash": "b26729f0b5f2",
            "image_72": "https:\/\/avatars.slack-edge.com\/2020-04-27\/1089031639347_b26729f0b5f2375494a1_72.png",
            "first_name": "Alyssa",
            "real_name": "Alyssa",
            "display_name": "Alyssa",
            "team": "TKFJE6LDR",
            "name": "alyssa.rock.biz",
            "is_restricted": false,
            "is_ultra_restricted": false
        },
        "blocks": [
            {
                "type": "rich_text",
                "block_id": "Eh2ac",
                "elements": [
                    {
                        "type": "rich_text_section",
                        "elements": [
                            {
                                "type": "text",
                                "text": "Naini would like to ask these questions (she asked me to post them for her):\nMy questions are more to do with the structure of the entries.\n"
                            }
                        ]
                    },
                    {
                        "type": "rich_text_list",
                        "elements": [
                            {
                                "type": "rich_text_section",
                                "elements": [
                                    {
                                        "type": "text",
                                        "text": "Why is metadata that Cameron pointed out not in the scope?"
                                    }
                                ]
                            },
                            {
                                "type": "rich_text_section",
                                "elements": [
                                    {
                                        "type": "text",
                                        "text": "Also, why have separate entries for a term for different domains? Why not list the domain and domain specific meaning under the term itself?"
                                    }
                                ]
                            },
                            {
                                "type": "rich_text_section",
                                "elements": [
                                    {
                                        "type": "text",
                                        "text": "What goes into the definition vs. what goes into the note? I would like some more clarity here."
                                    }
                                ]
                            },
                            {
                                "type": "rich_text_section",
                                "elements": [
                                    {
                                        "type": "text",
                                        "text": "Early on, it was mentioned that there are communities\/projects that don't follow the ISO structuring practices... From an interoperability perspective, what are things that we should keep in mind so as to make our content easily adoptable?"
                                    }
                                ]
                            }
                        ],
                        "style": "bullet",
                        "indent": 0
                    }
                ]
            }
        ]
    },
    {
        "client_msg_id": "b23abe93-ba7b-4eb8-9d09-a011e7d0bd86",
        "type": "message",
        "text": "<@U0170HMB87K>, you're welcome to add any questions as well. Thanks!",
        "user": "U012KCMPP0V",
        "ts": "1603854734.064400",
        "team": "TKFJE6LDR",
        "user_team": "TKFJE6LDR",
        "source_team": "TKFJE6LDR",
        "user_profile": {
            "avatar_hash": "b26729f0b5f2",
            "image_72": "https:\/\/avatars.slack-edge.com\/2020-04-27\/1089031639347_b26729f0b5f2375494a1_72.png",
            "first_name": "Alyssa",
            "real_name": "Alyssa",
            "display_name": "Alyssa",
            "team": "TKFJE6LDR",
            "name": "alyssa.rock.biz",
            "is_restricted": false,
            "is_ultra_restricted": false
        },
        "blocks": [
            {
                "type": "rich_text",
                "block_id": "bQgb4",
                "elements": [
                    {
                        "type": "rich_text_section",
                        "elements": [
                            {
                                "type": "user",
                                "user_id": "U0170HMB87K"
                            },
                            {
                                "type": "text",
                                "text": ", you're welcome to add any questions as well. Thanks!"
                            }
                        ]
                    }
                ]
            }
        ]
    },
    {
        "client_msg_id": "a6b257c8-5969-48bf-b654-5229963271e4",
        "type": "message",
        "text": "thank you all very much, this is a very good grouping. i will go through and formulate some replies then i will loop in <@U01A1CBD0CC>. thanks!\n\n<@U012KCMPP0V> &amp; <@U018GVAH3FX> i have created a google doc that i will place my answers to the questions. <@U0170HMB87K> you can add your questions there.\n<https:\/\/docs.google.com\/document\/d\/12G2BqzpKYp4wy2Q-C93McTqbE2OaeRO1XH7zUqZSduM\/edit?usp=sharing|osglex_doc_n9_questions_from_the_tech_writers>",
        "user": "U019YA7SD0U",
        "ts": "1603859800.065600",
        "team": "TKFJE6LDR",
        "user_team": "TKFJE6LDR",
        "source_team": "TKFJE6LDR",
        "user_profile": {
            "avatar_hash": "gd927840085e",
            "image_72": "https:\/\/secure.gravatar.com\/avatar\/d927840085e81f89fb210807b02ee5bc.jpg?s=72&d=https%3A%2F%2Fa.slack-edge.com%2Fdf10d%2Fimg%2Favatars%2Fava_0007-72.png",
            "first_name": "Reese",
            "real_name": "Reese Plews",
            "display_name": "Reese Plews (TC211 TMG)",
            "team": "TKFJE6LDR",
            "name": "rplews",
            "is_restricted": false,
            "is_ultra_restricted": false
        },
        "edited": {
            "user": "U019YA7SD0U",
            "ts": "1603960681.000000"
        },
        "blocks": [
            {
                "type": "rich_text",
                "block_id": "TE=",
                "elements": [
                    {
                        "type": "rich_text_section",
                        "elements": [
                            {
                                "type": "text",
                                "text": "thank you all very much, this is a very good grouping. i will go through and formulate some replies then i will loop in "
                            },
                            {
                                "type": "user",
                                "user_id": "U01A1CBD0CC"
                            },
                            {
                                "type": "text",
                                "text": ". thanks!\n\n"
                            },
                            {
                                "type": "user",
                                "user_id": "U012KCMPP0V"
                            },
                            {
                                "type": "text",
                                "text": " & "
                            },
                            {
                                "type": "user",
                                "user_id": "U018GVAH3FX"
                            },
                            {
                                "type": "text",
                                "text": " i have created a google doc that i will place my answers to the questions. "
                            },
                            {
                                "type": "user",
                                "user_id": "U0170HMB87K"
                            },
                            {
                                "type": "text",
                                "text": " you can add your questions there.\n"
                            },
                            {
                                "type": "link",
                                "url": "https:\/\/docs.google.com\/document\/d\/12G2BqzpKYp4wy2Q-C93McTqbE2OaeRO1XH7zUqZSduM\/edit?usp=sharing",
                                "text": "osglex_doc_n9_questions_from_the_tech_writers"
                            }
                        ]
                    }
                ]
            }
        ],
        "reactions": [
            {
                "name": "thankyou",
                "users": [
                    "U018GVAH3FX"
                ],
                "count": 1
            }
        ]
    }
]