[
    {
        "client_msg_id": "6853ff3b-eb81-4ebe-b3fa-1c73ff13cc76",
        "type": "message",
        "text": "With pleasure! Hope it is of help!",
        "user": "U01ABLZMV7E",
        "ts": "1602451571.034200",
        "team": "TKFJE6LDR",
        "user_team": "TKFJE6LDR",
        "source_team": "TKFJE6LDR",
        "user_profile": {
            "avatar_hash": "322d8ad14d52",
            "image_72": "https:\/\/avatars.slack-edge.com\/2020-09-05\/1351713799684_322d8ad14d5229ae723a_72.jpg",
            "first_name": "",
            "real_name": "Codrina Maria Ilie",
            "display_name": "Codrina Maria Ilie",
            "team": "TKFJE6LDR",
            "name": "codrinamariailie",
            "is_restricted": false,
            "is_ultra_restricted": false
        },
        "blocks": [
            {
                "type": "rich_text",
                "block_id": "OZq",
                "elements": [
                    {
                        "type": "rich_text_section",
                        "elements": [
                            {
                                "type": "text",
                                "text": "With pleasure! Hope it is of help!"
                            }
                        ]
                    }
                ]
            }
        ]
    }
]