[
    {
        "client_msg_id": "8240de1c-8c69-4aac-97ab-68ed2b138cec",
        "type": "message",
        "text": "<@U019YA7SD0U>, I'd suggest that all OSGeo projects make use of at least 10 terms, and that is enough for a minimalistic glossary. For instance, there is probably 30 to 40 terms in the QGIS overview page alone: <https:\/\/live.osgeo.org\/en\/overview\/qgis_overview.html>",
        "user": "UKTGLQNGG",
        "ts": "1604349032.086900",
        "team": "TKFJE6LDR",
        "user_team": "TKFJE6LDR",
        "source_team": "TKFJE6LDR",
        "user_profile": {
            "avatar_hash": "d6f4de222bb1",
            "image_72": "https:\/\/avatars.slack-edge.com\/2020-07-20\/1235580478119_d6f4de222bb1ed6b5960_72.jpg",
            "first_name": "Cameron",
            "real_name": "Cameron Shorter",
            "display_name": "cameronshorter",
            "team": "TKFJE6LDR",
            "name": "cameron.shorter",
            "is_restricted": false,
            "is_ultra_restricted": false
        },
        "blocks": [
            {
                "type": "rich_text",
                "block_id": "5Rz",
                "elements": [
                    {
                        "type": "rich_text_section",
                        "elements": [
                            {
                                "type": "user",
                                "user_id": "U019YA7SD0U"
                            },
                            {
                                "type": "text",
                                "text": ", I'd suggest that all OSGeo projects make use of at least 10 terms, and that is enough for a minimalistic glossary. For instance, there is probably 30 to 40 terms in the QGIS overview page alone: "
                            },
                            {
                                "type": "link",
                                "url": "https:\/\/live.osgeo.org\/en\/overview\/qgis_overview.html"
                            }
                        ]
                    }
                ]
            }
        ],
        "thread_ts": "1604279397.086500",
        "parent_user_id": "U019YA7SD0U"
    }
]