[
    {
        "client_msg_id": "294fb9aa-c2e3-456d-b001-45e84b38810a",
        "type": "message",
        "text": "I'm recording a presentation promoting this glossaries pilot tomorrow for a Google internal writing conference. If anyone has bandwidth, I'd appreciate a review. <https:\/\/docs.google.com\/presentation\/d\/1WZw1_iAC8uWTqFo335i5h_q8IbEYLqzNRYYWBRNtkd0\/>",
        "user": "UKTGLQNGG",
        "ts": "1602641426.035600",
        "team": "TKFJE6LDR",
        "user_team": "TKFJE6LDR",
        "source_team": "TKFJE6LDR",
        "user_profile": {
            "avatar_hash": "d6f4de222bb1",
            "image_72": "https:\/\/avatars.slack-edge.com\/2020-07-20\/1235580478119_d6f4de222bb1ed6b5960_72.jpg",
            "first_name": "Cameron",
            "real_name": "Cameron Shorter",
            "display_name": "cameronshorter",
            "team": "TKFJE6LDR",
            "name": "cameron.shorter",
            "is_restricted": false,
            "is_ultra_restricted": false
        },
        "blocks": [
            {
                "type": "rich_text",
                "block_id": "NROz",
                "elements": [
                    {
                        "type": "rich_text_section",
                        "elements": [
                            {
                                "type": "text",
                                "text": "I'm recording a presentation promoting this glossaries pilot tomorrow for a Google internal writing conference. If anyone has bandwidth, I'd appreciate a review. "
                            },
                            {
                                "type": "link",
                                "url": "https:\/\/docs.google.com\/presentation\/d\/1WZw1_iAC8uWTqFo335i5h_q8IbEYLqzNRYYWBRNtkd0\/"
                            }
                        ]
                    }
                ]
            }
        ]
    },
    {
        "client_msg_id": "78481c9a-66fb-41ea-a61c-e69f42729389",
        "type": "message",
        "text": "Hi <@U01ABLZMV7E> have you made any progress in getting emails out to the OSGeo projects? (I appreciate you had a lot to send).",
        "user": "UKTGLQNGG",
        "ts": "1602653763.036900",
        "team": "TKFJE6LDR",
        "user_team": "TKFJE6LDR",
        "source_team": "TKFJE6LDR",
        "user_profile": {
            "avatar_hash": "d6f4de222bb1",
            "image_72": "https:\/\/avatars.slack-edge.com\/2020-07-20\/1235580478119_d6f4de222bb1ed6b5960_72.jpg",
            "first_name": "Cameron",
            "real_name": "Cameron Shorter",
            "display_name": "cameronshorter",
            "team": "TKFJE6LDR",
            "name": "cameron.shorter",
            "is_restricted": false,
            "is_ultra_restricted": false
        },
        "blocks": [
            {
                "type": "rich_text",
                "block_id": "B+bF",
                "elements": [
                    {
                        "type": "rich_text_section",
                        "elements": [
                            {
                                "type": "text",
                                "text": "Hi "
                            },
                            {
                                "type": "user",
                                "user_id": "U01ABLZMV7E"
                            },
                            {
                                "type": "text",
                                "text": " have you made any progress in getting emails out to the OSGeo projects? (I appreciate you had a lot to send)."
                            }
                        ]
                    }
                ]
            }
        ]
    }
]