[
    {
        "client_msg_id": "85b51a97-3671-46cb-ae6f-aba83a94e820",
        "type": "message",
        "text": "hello <@U012KCMPP0V> <@U018GVAH3FX> and <@U0170HMB87K> i am answering the questions directly into the google document (link above) if you have time please check that out before the telecon begins. thank you",
        "user": "U019YA7SD0U",
        "ts": "1603936571.067400",
        "team": "TKFJE6LDR",
        "user_team": "TKFJE6LDR",
        "source_team": "TKFJE6LDR",
        "user_profile": {
            "avatar_hash": "gd927840085e",
            "image_72": "https:\/\/secure.gravatar.com\/avatar\/d927840085e81f89fb210807b02ee5bc.jpg?s=72&d=https%3A%2F%2Fa.slack-edge.com%2Fdf10d%2Fimg%2Favatars%2Fava_0007-72.png",
            "first_name": "Reese",
            "real_name": "Reese Plews",
            "display_name": "Reese Plews (TC211 TMG)",
            "team": "TKFJE6LDR",
            "name": "rplews",
            "is_restricted": false,
            "is_ultra_restricted": false
        },
        "blocks": [
            {
                "type": "rich_text",
                "block_id": "TaK",
                "elements": [
                    {
                        "type": "rich_text_section",
                        "elements": [
                            {
                                "type": "text",
                                "text": "hello "
                            },
                            {
                                "type": "user",
                                "user_id": "U012KCMPP0V"
                            },
                            {
                                "type": "text",
                                "text": " "
                            },
                            {
                                "type": "user",
                                "user_id": "U018GVAH3FX"
                            },
                            {
                                "type": "text",
                                "text": " and "
                            },
                            {
                                "type": "user",
                                "user_id": "U0170HMB87K"
                            },
                            {
                                "type": "text",
                                "text": " i am answering the questions directly into the google document (link above) if you have time please check that out before the telecon begins. thank you"
                            }
                        ]
                    }
                ]
            }
        ]
    },
    {
        "client_msg_id": "aea07572-b94a-4a93-a1a8-d98714afbcae",
        "type": "message",
        "text": "Hi, here's the link to today's call:\n<https:\/\/okta.zoom.us\/j\/93272901887?pwd=ZWZXakc3aGJ1NUd5K1J4OGdFM284QT09>",
        "user": "U018GVAH3FX",
        "ts": "1603938368.067900",
        "team": "TKFJE6LDR",
        "user_team": "TKFJE6LDR",
        "source_team": "TKFJE6LDR",
        "user_profile": {
            "avatar_hash": "ge5dc7096981",
            "image_72": "https:\/\/secure.gravatar.com\/avatar\/e5dc709698120b8f32e53b9472f12064.jpg?s=72&d=https%3A%2F%2Fa.slack-edge.com%2Fdf10d%2Fimg%2Favatars%2Fava_0015-72.png",
            "first_name": "",
            "real_name": "Naini",
            "display_name": "Naini",
            "team": "TKFJE6LDR",
            "name": "khajanchi.naini",
            "is_restricted": false,
            "is_ultra_restricted": false
        },
        "edited": {
            "user": "U018GVAH3FX",
            "ts": "1603938468.000000"
        },
        "blocks": [
            {
                "type": "rich_text",
                "block_id": "66S",
                "elements": [
                    {
                        "type": "rich_text_section",
                        "elements": [
                            {
                                "type": "text",
                                "text": "Hi, here's the link to today's call:\n"
                            },
                            {
                                "type": "link",
                                "url": "https:\/\/okta.zoom.us\/j\/93272901887?pwd=ZWZXakc3aGJ1NUd5K1J4OGdFM284QT09"
                            }
                        ]
                    }
                ]
            }
        ]
    }
]