[
    {
        "client_msg_id": "9d948125-15d7-4899-ab75-5d20f106c664",
        "type": "message",
        "text": "Hi, Cameron! I didn’t get to yet, I want to send the individual emails right after the general one on the discuss list and for that I need to secure a few hours. I should be able to do it on Thursday evening.",
        "user": "U01ABLZMV7E",
        "ts": "1602663829.039400",
        "team": "TKFJE6LDR",
        "user_team": "TKFJE6LDR",
        "source_team": "TKFJE6LDR",
        "user_profile": {
            "avatar_hash": "322d8ad14d52",
            "image_72": "https:\/\/avatars.slack-edge.com\/2020-09-05\/1351713799684_322d8ad14d5229ae723a_72.jpg",
            "first_name": "",
            "real_name": "Codrina Maria Ilie",
            "display_name": "Codrina Maria Ilie",
            "team": "TKFJE6LDR",
            "name": "codrinamariailie",
            "is_restricted": false,
            "is_ultra_restricted": false
        },
        "blocks": [
            {
                "type": "rich_text",
                "block_id": "8aA7\/",
                "elements": [
                    {
                        "type": "rich_text_section",
                        "elements": [
                            {
                                "type": "text",
                                "text": "Hi, Cameron! I didn’t get to yet, I want to send the individual emails right after the general one on the discuss list and for that I need to secure a few hours. I should be able to do it on Thursday evening."
                            }
                        ]
                    }
                ]
            }
        ]
    },
    {
        "client_msg_id": "4477b7ef-3b2d-4b03-b115-d2b0346bdfce",
        "type": "message",
        "text": "Okay, <@U01ABLZMV7E>, but we shouldn't leave it much longer. We don't have too much wiggle room in our schedule. I'd suggest that you probably should send out an email to discuss today, to get things moving, then follow up on Thursday.",
        "user": "UKTGLQNGG",
        "ts": "1602664160.041000",
        "team": "TKFJE6LDR",
        "user_team": "TKFJE6LDR",
        "source_team": "TKFJE6LDR",
        "user_profile": {
            "avatar_hash": "d6f4de222bb1",
            "image_72": "https:\/\/avatars.slack-edge.com\/2020-07-20\/1235580478119_d6f4de222bb1ed6b5960_72.jpg",
            "first_name": "Cameron",
            "real_name": "Cameron Shorter",
            "display_name": "cameronshorter",
            "team": "TKFJE6LDR",
            "name": "cameron.shorter",
            "is_restricted": false,
            "is_ultra_restricted": false
        },
        "blocks": [
            {
                "type": "rich_text",
                "block_id": "LOl",
                "elements": [
                    {
                        "type": "rich_text_section",
                        "elements": [
                            {
                                "type": "text",
                                "text": "Okay, "
                            },
                            {
                                "type": "user",
                                "user_id": "U01ABLZMV7E"
                            },
                            {
                                "type": "text",
                                "text": ", but we shouldn't leave it much longer. We don't have too much wiggle room in our schedule. I'd suggest that you probably should send out an email to discuss today, to get things moving, then follow up on Thursday."
                            }
                        ]
                    }
                ]
            }
        ]
    },
    {
        "client_msg_id": "70f92594-2fe9-4d9e-9032-51e3f4df7755",
        "type": "message",
        "text": "OK, I’ll do that.",
        "user": "U01ABLZMV7E",
        "ts": "1602664312.042000",
        "team": "TKFJE6LDR",
        "user_team": "TKFJE6LDR",
        "source_team": "TKFJE6LDR",
        "user_profile": {
            "avatar_hash": "322d8ad14d52",
            "image_72": "https:\/\/avatars.slack-edge.com\/2020-09-05\/1351713799684_322d8ad14d5229ae723a_72.jpg",
            "first_name": "",
            "real_name": "Codrina Maria Ilie",
            "display_name": "Codrina Maria Ilie",
            "team": "TKFJE6LDR",
            "name": "codrinamariailie",
            "is_restricted": false,
            "is_ultra_restricted": false
        },
        "blocks": [
            {
                "type": "rich_text",
                "block_id": "Fc6zg",
                "elements": [
                    {
                        "type": "rich_text_section",
                        "elements": [
                            {
                                "type": "text",
                                "text": "OK, I’ll do that."
                            }
                        ]
                    }
                ]
            }
        ],
        "reactions": [
            {
                "name": "+1",
                "users": [
                    "UKTGLQNGG"
                ],
                "count": 1
            }
        ]
    },
    {
        "client_msg_id": "5d9515b3-63d1-4a99-8f3c-3135999c188a",
        "type": "message",
        "text": "Ankita <mailto:ankitatripathi.2312@gmail.com|ankitatripathi.2312@gmail.com> and Naini <mailto:khajanchi.naini@gmail.com|khajanchi.naini@gmail.com> . The email addresses are correct, right?",
        "user": "U01ABLZMV7E",
        "ts": "1602664728.043400",
        "team": "TKFJE6LDR",
        "user_team": "TKFJE6LDR",
        "source_team": "TKFJE6LDR",
        "user_profile": {
            "avatar_hash": "322d8ad14d52",
            "image_72": "https:\/\/avatars.slack-edge.com\/2020-09-05\/1351713799684_322d8ad14d5229ae723a_72.jpg",
            "first_name": "",
            "real_name": "Codrina Maria Ilie",
            "display_name": "Codrina Maria Ilie",
            "team": "TKFJE6LDR",
            "name": "codrinamariailie",
            "is_restricted": false,
            "is_ultra_restricted": false
        },
        "blocks": [
            {
                "type": "rich_text",
                "block_id": "mI4",
                "elements": [
                    {
                        "type": "rich_text_section",
                        "elements": [
                            {
                                "type": "text",
                                "text": "Ankita "
                            },
                            {
                                "type": "link",
                                "url": "mailto:ankitatripathi.2312@gmail.com",
                                "text": "ankitatripathi.2312@gmail.com"
                            },
                            {
                                "type": "text",
                                "text": " and Naini "
                            },
                            {
                                "type": "link",
                                "url": "mailto:khajanchi.naini@gmail.com",
                                "text": "khajanchi.naini@gmail.com"
                            },
                            {
                                "type": "text",
                                "text": " . The email addresses are correct, right?"
                            }
                        ]
                    }
                ]
            }
        ],
        "reactions": [
            {
                "name": "heavy_check_mark",
                "users": [
                    "U018GVAH3FX"
                ],
                "count": 1
            }
        ]
    },
    {
        "client_msg_id": "ae5bc4ca-f09d-43a7-a2b9-a12db48418ee",
        "type": "message",
        "text": "Yes, those are the email addresses Ankita and Naini have used to our public email list to date.",
        "user": "UKTGLQNGG",
        "ts": "1602664864.044400",
        "team": "TKFJE6LDR",
        "user_team": "TKFJE6LDR",
        "source_team": "TKFJE6LDR",
        "user_profile": {
            "avatar_hash": "d6f4de222bb1",
            "image_72": "https:\/\/avatars.slack-edge.com\/2020-07-20\/1235580478119_d6f4de222bb1ed6b5960_72.jpg",
            "first_name": "Cameron",
            "real_name": "Cameron Shorter",
            "display_name": "cameronshorter",
            "team": "TKFJE6LDR",
            "name": "cameron.shorter",
            "is_restricted": false,
            "is_ultra_restricted": false
        },
        "blocks": [
            {
                "type": "rich_text",
                "block_id": "MBR",
                "elements": [
                    {
                        "type": "rich_text_section",
                        "elements": [
                            {
                                "type": "text",
                                "text": "Yes, those are the email addresses Ankita and Naini have used to our public email list to date."
                            }
                        ]
                    }
                ]
            }
        ]
    },
    {
        "client_msg_id": "53becb73-91e0-486f-9c49-583ec35e4fd3",
        "type": "message",
        "text": "Yes <@U01ABLZMV7E>",
        "user": "U0170HMB87K",
        "ts": "1602664881.044600",
        "team": "TKFJE6LDR",
        "user_team": "TKFJE6LDR",
        "source_team": "TKFJE6LDR",
        "user_profile": {
            "avatar_hash": "f39553b0636b",
            "image_72": "https:\/\/avatars.slack-edge.com\/2020-07-22\/1249269540710_f39553b0636b29704992_72.jpg",
            "first_name": "",
            "real_name": "Ankita",
            "display_name": "Ankita",
            "team": "TKFJE6LDR",
            "name": "ankitatripathi.2312",
            "is_restricted": false,
            "is_ultra_restricted": false
        },
        "blocks": [
            {
                "type": "rich_text",
                "block_id": "FNRgu",
                "elements": [
                    {
                        "type": "rich_text_section",
                        "elements": [
                            {
                                "type": "text",
                                "text": "Yes "
                            },
                            {
                                "type": "user",
                                "user_id": "U01ABLZMV7E"
                            }
                        ]
                    }
                ]
            }
        ]
    },
    {
        "client_msg_id": "92d64fcf-938e-4ac6-acee-f53f01cc15ec",
        "type": "message",
        "text": "The email is out!  :rocket: I’ll get to the individual ones tomorrow evening.",
        "user": "U01ABLZMV7E",
        "ts": "1602665146.045700",
        "team": "TKFJE6LDR",
        "user_team": "TKFJE6LDR",
        "source_team": "TKFJE6LDR",
        "user_profile": {
            "avatar_hash": "322d8ad14d52",
            "image_72": "https:\/\/avatars.slack-edge.com\/2020-09-05\/1351713799684_322d8ad14d5229ae723a_72.jpg",
            "first_name": "",
            "real_name": "Codrina Maria Ilie",
            "display_name": "Codrina Maria Ilie",
            "team": "TKFJE6LDR",
            "name": "codrinamariailie",
            "is_restricted": false,
            "is_ultra_restricted": false
        },
        "blocks": [
            {
                "type": "rich_text",
                "block_id": "l9S",
                "elements": [
                    {
                        "type": "rich_text_section",
                        "elements": [
                            {
                                "type": "text",
                                "text": "The email is out!  "
                            },
                            {
                                "type": "emoji",
                                "name": "rocket"
                            },
                            {
                                "type": "text",
                                "text": " I’ll get to the individual ones tomorrow evening."
                            }
                        ]
                    }
                ]
            }
        ],
        "reactions": [
            {
                "name": "star-struck",
                "users": [
                    "U0170HMB87K",
                    "U012KCMPP0V"
                ],
                "count": 2
            }
        ]
    },
    {
        "client_msg_id": "13ed72e5-ab7e-475c-bb3c-37d5a5d7765b",
        "type": "message",
        "text": "Great, thanks Codrina",
        "user": "UKTGLQNGG",
        "ts": "1602665167.046000",
        "team": "TKFJE6LDR",
        "user_team": "TKFJE6LDR",
        "source_team": "TKFJE6LDR",
        "user_profile": {
            "avatar_hash": "d6f4de222bb1",
            "image_72": "https:\/\/avatars.slack-edge.com\/2020-07-20\/1235580478119_d6f4de222bb1ed6b5960_72.jpg",
            "first_name": "Cameron",
            "real_name": "Cameron Shorter",
            "display_name": "cameronshorter",
            "team": "TKFJE6LDR",
            "name": "cameron.shorter",
            "is_restricted": false,
            "is_ultra_restricted": false
        },
        "blocks": [
            {
                "type": "rich_text",
                "block_id": "xjD0k",
                "elements": [
                    {
                        "type": "rich_text_section",
                        "elements": [
                            {
                                "type": "text",
                                "text": "Great, thanks Codrina"
                            }
                        ]
                    }
                ]
            }
        ]
    },
    {
        "client_msg_id": "012ced2b-1c46-4d1f-b400-38f931988c1e",
        "type": "message",
        "text": "With pleasure! :slightly_smiling_face:",
        "user": "U01ABLZMV7E",
        "ts": "1602665239.046400",
        "team": "TKFJE6LDR",
        "user_team": "TKFJE6LDR",
        "source_team": "TKFJE6LDR",
        "user_profile": {
            "avatar_hash": "322d8ad14d52",
            "image_72": "https:\/\/avatars.slack-edge.com\/2020-09-05\/1351713799684_322d8ad14d5229ae723a_72.jpg",
            "first_name": "",
            "real_name": "Codrina Maria Ilie",
            "display_name": "Codrina Maria Ilie",
            "team": "TKFJE6LDR",
            "name": "codrinamariailie",
            "is_restricted": false,
            "is_ultra_restricted": false
        },
        "blocks": [
            {
                "type": "rich_text",
                "block_id": "n0t",
                "elements": [
                    {
                        "type": "rich_text_section",
                        "elements": [
                            {
                                "type": "text",
                                "text": "With pleasure! "
                            },
                            {
                                "type": "emoji",
                                "name": "slightly_smiling_face"
                            }
                        ]
                    }
                ]
            }
        ]
    },
    {
        "client_msg_id": "72ffa406-ea4d-418d-bec4-e29dd91d2b71",
        "type": "message",
        "text": "I'm going to be on the road tomorrow during our weekly meeting slot, and am not sure how good my internet connection will be. If I drop out, I'm hoping someone else will be able to coordinate. Alyssa you did a good job last time.",
        "user": "UKTGLQNGG",
        "ts": "1602738471.048900",
        "team": "TKFJE6LDR",
        "user_team": "TKFJE6LDR",
        "source_team": "TKFJE6LDR",
        "user_profile": {
            "avatar_hash": "d6f4de222bb1",
            "image_72": "https:\/\/avatars.slack-edge.com\/2020-07-20\/1235580478119_d6f4de222bb1ed6b5960_72.jpg",
            "first_name": "Cameron",
            "real_name": "Cameron Shorter",
            "display_name": "cameronshorter",
            "team": "TKFJE6LDR",
            "name": "cameron.shorter",
            "is_restricted": false,
            "is_ultra_restricted": false
        },
        "blocks": [
            {
                "type": "rich_text",
                "block_id": "Wce8",
                "elements": [
                    {
                        "type": "rich_text_section",
                        "elements": [
                            {
                                "type": "text",
                                "text": "I'm going to be on the road tomorrow during our weekly meeting slot, and am not sure how good my internet connection will be. If I drop out, I'm hoping someone else will be able to coordinate. Alyssa you did a good job last time."
                            }
                        ]
                    }
                ]
            }
        ],
        "thread_ts": "1602738471.048900",
        "reply_count": 8,
        "reply_users_count": 3,
        "latest_reply": "1602811655.050500",
        "reply_users": [
            "U012KCMPP0V",
            "UKTGLQNGG",
            "U019YA7SD0U"
        ],
        "replies": [
            {
                "user": "U012KCMPP0V",
                "ts": "1602772431.049100"
            },
            {
                "user": "UKTGLQNGG",
                "ts": "1602795246.049300"
            },
            {
                "user": "U019YA7SD0U",
                "ts": "1602810924.049500"
            },
            {
                "user": "U012KCMPP0V",
                "ts": "1602810981.049700"
            },
            {
                "user": "U019YA7SD0U",
                "ts": "1602811131.049900"
            },
            {
                "user": "U019YA7SD0U",
                "ts": "1602811385.050100"
            },
            {
                "user": "U012KCMPP0V",
                "ts": "1602811408.050300"
            },
            {
                "user": "UKTGLQNGG",
                "ts": "1602811655.050500"
            }
        ],
        "subscribed": false,
        "reactions": [
            {
                "name": "raised_hands",
                "users": [
                    "U0170HMB87K"
                ],
                "count": 1
            }
        ]
    }
]