[
    {
        "client_msg_id": "41c29342-cf90-4f77-a01f-5fcc74330ecb",
        "type": "message",
        "text": "sorry for the long silence, but have had some good discussions with the International Hydrographic Organisation (IHO) to further explore best practices on registry maintenance and governance as well as the means to link our respective registries so that users can find original sources of definitions and related terms\/concepts. Seems that ISO, IHO, and OGC all have the right infrastructures in place to do some fun experimentation.",
        "user": "U01A243HGHF",
        "ts": "1604533076.089400",
        "team": "TKFJE6LDR",
        "user_team": "TKFJE6LDR",
        "source_team": "TKFJE6LDR",
        "user_profile": {
            "avatar_hash": "0d0cc3deab0d",
            "image_72": "https:\/\/avatars.slack-edge.com\/2020-08-28\/1329719548931_0d0cc3deab0d3091a37e_72.jpg",
            "first_name": "",
            "real_name": "Scott Simmons",
            "display_name": "Scott Simmons",
            "team": "TKFJE6LDR",
            "name": "ssimmons",
            "is_restricted": false,
            "is_ultra_restricted": false
        },
        "blocks": [
            {
                "type": "rich_text",
                "block_id": "ofsCB",
                "elements": [
                    {
                        "type": "rich_text_section",
                        "elements": [
                            {
                                "type": "text",
                                "text": "sorry for the long silence, but have had some good discussions with the International Hydrographic Organisation (IHO) to further explore best practices on registry maintenance and governance as well as the means to link our respective registries so that users can find original sources of definitions and related terms\/concepts. Seems that ISO, IHO, and OGC all have the right infrastructures in place to do some fun experimentation."
                            }
                        ]
                    }
                ]
            }
        ]
    },
    {
        "client_msg_id": "b30af370-f967-4237-a172-3ff08f239e4b",
        "type": "message",
        "text": "That is great to hear <@U01A243HGHF>. Would you like to invite them into this community and see how they might want to collaborate?",
        "user": "UKTGLQNGG",
        "ts": "1604538851.090400",
        "team": "TKFJE6LDR",
        "user_team": "TKFJE6LDR",
        "source_team": "TKFJE6LDR",
        "user_profile": {
            "avatar_hash": "d6f4de222bb1",
            "image_72": "https:\/\/avatars.slack-edge.com\/2020-07-20\/1235580478119_d6f4de222bb1ed6b5960_72.jpg",
            "first_name": "Cameron",
            "real_name": "Cameron Shorter",
            "display_name": "cameronshorter",
            "team": "TKFJE6LDR",
            "name": "cameron.shorter",
            "is_restricted": false,
            "is_ultra_restricted": false
        },
        "blocks": [
            {
                "type": "rich_text",
                "block_id": "opqxh",
                "elements": [
                    {
                        "type": "rich_text_section",
                        "elements": [
                            {
                                "type": "text",
                                "text": "That is great to hear "
                            },
                            {
                                "type": "user",
                                "user_id": "U01A243HGHF"
                            },
                            {
                                "type": "text",
                                "text": ". Would you like to invite them into this community and see how they might want to collaborate?"
                            }
                        ]
                    }
                ]
            }
        ]
    },
    {
        "client_msg_id": "631461e7-ae54-4ab6-b761-212fe9bb3a7c",
        "type": "message",
        "text": "<@UKTGLQNGG> I will - finalizing some scoping and making sure the IHO folks have a little time to contribute!",
        "user": "U01A243HGHF",
        "ts": "1604539364.090900",
        "team": "TKFJE6LDR",
        "user_team": "TKFJE6LDR",
        "source_team": "TKFJE6LDR",
        "user_profile": {
            "avatar_hash": "0d0cc3deab0d",
            "image_72": "https:\/\/avatars.slack-edge.com\/2020-08-28\/1329719548931_0d0cc3deab0d3091a37e_72.jpg",
            "first_name": "",
            "real_name": "Scott Simmons",
            "display_name": "Scott Simmons",
            "team": "TKFJE6LDR",
            "name": "ssimmons",
            "is_restricted": false,
            "is_ultra_restricted": false
        },
        "blocks": [
            {
                "type": "rich_text",
                "block_id": "zEZ9M",
                "elements": [
                    {
                        "type": "rich_text_section",
                        "elements": [
                            {
                                "type": "user",
                                "user_id": "UKTGLQNGG"
                            },
                            {
                                "type": "text",
                                "text": " I will - finalizing some scoping and making sure the IHO folks have a little time to contribute!"
                            }
                        ]
                    }
                ]
            }
        ],
        "reactions": [
            {
                "name": "+1",
                "users": [
                    "UKTGLQNGG",
                    "U01A1CBD0CC"
                ],
                "count": 2
            }
        ]
    },
    {
        "client_msg_id": "d3461a4e-ca29-4a3a-8e34-873a99c56542",
        "type": "message",
        "text": "Thanks <@U01A243HGHF> for bringing the IHO in! (IHO is also a supporter of Metanorma...)\n\nP.S. IEEE SA Open has just adopted Glossarist as their glossary management solution for their projects.",
        "user": "U01A1CBD0CC",
        "ts": "1604540834.092800",
        "team": "TKFJE6LDR",
        "user_team": "TKFJE6LDR",
        "source_team": "TKFJE6LDR",
        "user_profile": {
            "avatar_hash": "gd11b0590c62",
            "image_72": "https:\/\/secure.gravatar.com\/avatar\/d11b0590c62fd7eac8ff41b3cadd7b26.jpg?s=72&d=https%3A%2F%2Fa.slack-edge.com%2Fdf10d%2Fimg%2Favatars%2Fava_0025-72.png",
            "first_name": "",
            "real_name": "Ronald Tse",
            "display_name": "Ronald Tse",
            "team": "TKFJE6LDR",
            "name": "tse",
            "is_restricted": false,
            "is_ultra_restricted": false
        },
        "blocks": [
            {
                "type": "rich_text",
                "block_id": "bcPK",
                "elements": [
                    {
                        "type": "rich_text_section",
                        "elements": [
                            {
                                "type": "text",
                                "text": "Thanks "
                            },
                            {
                                "type": "user",
                                "user_id": "U01A243HGHF"
                            },
                            {
                                "type": "text",
                                "text": " for bringing the IHO in! (IHO is also a supporter of Metanorma...)\n\nP.S. IEEE SA Open has just adopted Glossarist as their glossary management solution for their projects."
                            }
                        ]
                    }
                ]
            }
        ]
    },
    {
        "client_msg_id": "e3955413-0dd3-4ecd-877b-7cc0b0cee37c",
        "type": "message",
        "text": "HI folks, here's the link to tonight's meeting <https:\/\/okta.zoom.us\/j\/98831846633?pwd=R0liZWtGMW9zVTdoaHZVSFZhM1psQT09>",
        "user": "U018GVAH3FX",
        "ts": "1604543391.093200",
        "team": "TKFJE6LDR",
        "user_team": "TKFJE6LDR",
        "source_team": "TKFJE6LDR",
        "user_profile": {
            "avatar_hash": "ge5dc7096981",
            "image_72": "https:\/\/secure.gravatar.com\/avatar\/e5dc709698120b8f32e53b9472f12064.jpg?s=72&d=https%3A%2F%2Fa.slack-edge.com%2Fdf10d%2Fimg%2Favatars%2Fava_0015-72.png",
            "first_name": "",
            "real_name": "Naini",
            "display_name": "Naini",
            "team": "TKFJE6LDR",
            "name": "khajanchi.naini",
            "is_restricted": false,
            "is_ultra_restricted": false
        },
        "edited": {
            "user": "U018GVAH3FX",
            "ts": "1604543451.000000"
        },
        "blocks": [
            {
                "type": "rich_text",
                "block_id": "SbsY",
                "elements": [
                    {
                        "type": "rich_text_section",
                        "elements": [
                            {
                                "type": "text",
                                "text": "HI folks, here's the link to tonight's meeting "
                            },
                            {
                                "type": "link",
                                "url": "https:\/\/okta.zoom.us\/j\/98831846633?pwd=R0liZWtGMW9zVTdoaHZVSFZhM1psQT09"
                            }
                        ]
                    }
                ]
            }
        ]
    }
]