[
    {
        "client_msg_id": "dbe98c99-9d55-4149-90fc-efc0f08c11b5",
        "type": "message",
        "text": "The US has flipped daylight saving last weekend. Not sure about the rest of the world? As such, you might have noticed our weekly meeting timeslot has changed.  It is currently scheduled to be in 30 mins. See you soon.",
        "user": "UKTGLQNGG",
        "ts": "1604624244.095300",
        "team": "TKFJE6LDR",
        "user_team": "TKFJE6LDR",
        "source_team": "TKFJE6LDR",
        "user_profile": {
            "avatar_hash": "d6f4de222bb1",
            "image_72": "https:\/\/avatars.slack-edge.com\/2020-07-20\/1235580478119_d6f4de222bb1ed6b5960_72.jpg",
            "first_name": "Cameron",
            "real_name": "Cameron Shorter",
            "display_name": "cameronshorter",
            "team": "TKFJE6LDR",
            "name": "cameron.shorter",
            "is_restricted": false,
            "is_ultra_restricted": false
        },
        "blocks": [
            {
                "type": "rich_text",
                "block_id": "w02",
                "elements": [
                    {
                        "type": "rich_text_section",
                        "elements": [
                            {
                                "type": "text",
                                "text": "The US has flipped daylight saving last weekend. Not sure about the rest of the world? As such, you might have noticed our weekly meeting timeslot has changed.  It is currently scheduled to be in 30 mins. See you soon."
                            }
                        ]
                    }
                ]
            }
        ]
    },
    {
        "client_msg_id": "10e36c5b-e2df-472f-8e06-b6e72933d12a",
        "type": "message",
        "text": "Meeting now: <https:\/\/meet.google.com\/xpw-djtk-apv?authuser=0>",
        "user": "UKTGLQNGG",
        "ts": "1604626338.095500",
        "team": "TKFJE6LDR",
        "user_team": "TKFJE6LDR",
        "source_team": "TKFJE6LDR",
        "user_profile": {
            "avatar_hash": "d6f4de222bb1",
            "image_72": "https:\/\/avatars.slack-edge.com\/2020-07-20\/1235580478119_d6f4de222bb1ed6b5960_72.jpg",
            "first_name": "Cameron",
            "real_name": "Cameron Shorter",
            "display_name": "cameronshorter",
            "team": "TKFJE6LDR",
            "name": "cameron.shorter",
            "is_restricted": false,
            "is_ultra_restricted": false
        },
        "attachments": [
            {
                "title": "Meet",
                "title_link": "https:\/\/meet.google.com\/xpw-djtk-apv?authuser=0",
                "text": "Real-time meetings by Google. Using your browser, share your video, desktop, and presentations with teammates and customers.",
                "fallback": "Meet",
                "thumb_url": "https:\/\/fonts.gstatic.com\/s\/i\/productlogos\/meet_2020q4\/v1\/web-96dp\/logo_meet_2020q4_color_2x_web_96dp.png",
                "from_url": "https:\/\/meet.google.com\/xpw-djtk-apv?authuser=0",
                "thumb_width": 192,
                "thumb_height": 192,
                "service_icon": "http:\/\/fonts.gstatic.com\/s\/i\/productlogos\/meet_2020q4\/v1\/web-24dp\/logo_meet_2020q4_color_1x_web_24dp.png",
                "service_name": "meet.google.com",
                "id": 1,
                "original_url": "https:\/\/meet.google.com\/xpw-djtk-apv?authuser=0"
            }
        ],
        "blocks": [
            {
                "type": "rich_text",
                "block_id": "K3MN",
                "elements": [
                    {
                        "type": "rich_text_section",
                        "elements": [
                            {
                                "type": "text",
                                "text": "Meeting now: "
                            },
                            {
                                "type": "link",
                                "url": "https:\/\/meet.google.com\/xpw-djtk-apv?authuser=0"
                            }
                        ]
                    }
                ]
            }
        ]
    }
]