[
    {
        "type": "message",
        "subtype": "channel_join",
        "ts": "1603457957.057500",
        "user": "U01CM7UHNRY",
        "text": "<@U01CM7UHNRY> has joined the channel",
        "reactions": [
            {
                "name": "wave",
                "users": [
                    "U012KCMPP0V"
                ],
                "count": 1
            }
        ]
    },
    {
        "client_msg_id": "23f75f11-9ddd-4e7d-a47f-4a0a4921ffe1",
        "type": "message",
        "text": "Hi everyone, based on yesterday's discussion in the meeting, here's the <https:\/\/docs.google.com\/document\/d\/1qxazDfJh9AWcmPW_NcafDy8VnlYvd-v0wFAdYxIFSD0\/edit?usp=sharing|OGC Definitions Server Google doc> for your review.",
        "user": "U018GVAH3FX",
        "ts": "1603497243.058500",
        "team": "TKFJE6LDR",
        "user_team": "TKFJE6LDR",
        "source_team": "TKFJE6LDR",
        "user_profile": {
            "avatar_hash": "ge5dc7096981",
            "image_72": "https:\/\/secure.gravatar.com\/avatar\/e5dc709698120b8f32e53b9472f12064.jpg?s=72&d=https%3A%2F%2Fa.slack-edge.com%2Fdf10d%2Fimg%2Favatars%2Fava_0015-72.png",
            "first_name": "",
            "real_name": "Naini",
            "display_name": "Naini",
            "team": "TKFJE6LDR",
            "name": "khajanchi.naini",
            "is_restricted": false,
            "is_ultra_restricted": false
        },
        "blocks": [
            {
                "type": "rich_text",
                "block_id": "UM=Wi",
                "elements": [
                    {
                        "type": "rich_text_section",
                        "elements": [
                            {
                                "type": "text",
                                "text": "Hi everyone, based on yesterday's discussion in the meeting, here's the "
                            },
                            {
                                "type": "link",
                                "url": "https:\/\/docs.google.com\/document\/d\/1qxazDfJh9AWcmPW_NcafDy8VnlYvd-v0wFAdYxIFSD0\/edit?usp=sharing",
                                "text": "OGC Definitions Server Google doc"
                            },
                            {
                                "type": "text",
                                "text": " for your review."
                            }
                        ]
                    }
                ]
            }
        ],
        "reactions": [
            {
                "name": "raised_hands",
                "users": [
                    "U0170HMB87K"
                ],
                "count": 1
            }
        ]
    },
    {
        "client_msg_id": "4bfd8002-6424-4ddb-8ef6-0f3ab3b62703",
        "type": "message",
        "text": "Btw, sorry I couldn't make it last night! My internet was dead during the entire meeting slot time. I need to add this workspace to my phone so that I can let people know in the future!",
        "user": "U012KCMPP0V",
        "ts": "1603497602.059500",
        "team": "TKFJE6LDR",
        "user_team": "TKFJE6LDR",
        "source_team": "TKFJE6LDR",
        "user_profile": {
            "avatar_hash": "b26729f0b5f2",
            "image_72": "https:\/\/avatars.slack-edge.com\/2020-04-27\/1089031639347_b26729f0b5f2375494a1_72.png",
            "first_name": "Alyssa",
            "real_name": "Alyssa",
            "display_name": "Alyssa",
            "team": "TKFJE6LDR",
            "name": "alyssa.rock.biz",
            "is_restricted": false,
            "is_ultra_restricted": false
        },
        "blocks": [
            {
                "type": "rich_text",
                "block_id": "tdNoc",
                "elements": [
                    {
                        "type": "rich_text_section",
                        "elements": [
                            {
                                "type": "text",
                                "text": "Btw, sorry I couldn't make it last night! My internet was dead during the entire meeting slot time. I need to add this workspace to my phone so that I can let people know in the future!"
                            }
                        ]
                    }
                ]
            }
        ],
        "reactions": [
            {
                "name": "cry",
                "users": [
                    "UKTGLQNGG"
                ],
                "count": 1
            }
        ]
    }
]