[
    {
        "client_msg_id": "8da6bb59-0d5d-46ea-8527-580ed38d9906",
        "type": "message",
        "text": "<@U01A8JXNZDW>, we currently meet weekly at <https:\/\/www.timeanddate.com\/worldclock\/meetingdetails.html?year=2020&amp;month=10&amp;day=23&amp;hour=1&amp;min=30&amp;sec=0&amp;p1=22&amp;p2=240&amp;p3=47&amp;p4=248&amp;p5=102&amp;p6=44&amp;p7=26&amp;p8=136&amp;p9=179&amp;p10=220&amp;p11=224> which is hard for EU participants. I'm thinking that within the next 3 to 4 weeks, we probably should start a meeting timeslot for those writing definitions of terms, which works for EU timezones. Let's see who from OSGeo projects responds and would like to be involved, and then pick a timeslot.",
        "user": "UKTGLQNGG",
        "ts": "1603057960.057200",
        "team": "TKFJE6LDR",
        "user_team": "TKFJE6LDR",
        "source_team": "TKFJE6LDR",
        "user_profile": {
            "avatar_hash": "d6f4de222bb1",
            "image_72": "https:\/\/avatars.slack-edge.com\/2020-07-20\/1235580478119_d6f4de222bb1ed6b5960_72.jpg",
            "first_name": "Cameron",
            "real_name": "Cameron Shorter",
            "display_name": "cameronshorter",
            "team": "TKFJE6LDR",
            "name": "cameron.shorter",
            "is_restricted": false,
            "is_ultra_restricted": false
        },
        "attachments": [
            {
                "title": "The World Clock Meeting Planner - Details",
                "title_link": "https:\/\/www.timeanddate.com\/worldclock\/meetingdetails.html?year=2020&month=10&day=23&hour=1&min=30&sec=0&p1=22&p2=240&p3=47&p4=248&p5=102&p6=44&p7=26&p8=136&p9=179&p10=220&p11=224",
                "text": "Local time for a meeting, in user selected locations.",
                "fallback": "The World Clock Meeting Planner - Details",
                "image_url": "https:\/\/c.tadst.com\/gfx\/og\/tadlogo-facebook.png",
                "from_url": "https:\/\/www.timeanddate.com\/worldclock\/meetingdetails.html?year=2020&month=10&day=23&hour=1&min=30&sec=0&p1=22&p2=240&p3=47&p4=248&p5=102&p6=44&p7=26&p8=136&p9=179&p10=220&p11=224",
                "image_width": 476,
                "image_height": 250,
                "image_bytes": 55884,
                "service_icon": "https:\/\/www.timeanddate.com\/favicon.ico",
                "service_name": "timeanddate.com",
                "id": 1,
                "original_url": "https:\/\/www.timeanddate.com\/worldclock\/meetingdetails.html?year=2020&amp;month=10&amp;day=23&amp;hour=1&amp;min=30&amp;sec=0&amp;p1=22&amp;p2=240&amp;p3=47&amp;p4=248&amp;p5=102&amp;p6=44&amp;p7=26&amp;p8=136&amp;p9=179&amp;p10=220&amp;p11=224"
            }
        ],
        "blocks": [
            {
                "type": "rich_text",
                "block_id": "ws=5O",
                "elements": [
                    {
                        "type": "rich_text_section",
                        "elements": [
                            {
                                "type": "user",
                                "user_id": "U01A8JXNZDW"
                            },
                            {
                                "type": "text",
                                "text": ", we currently meet weekly at "
                            },
                            {
                                "type": "link",
                                "url": "https:\/\/www.timeanddate.com\/worldclock\/meetingdetails.html?year=2020&month=10&day=23&hour=1&min=30&sec=0&p1=22&p2=240&p3=47&p4=248&p5=102&p6=44&p7=26&p8=136&p9=179&p10=220&p11=224"
                            },
                            {
                                "type": "text",
                                "text": " which is hard for EU participants. I'm thinking that within the next 3 to 4 weeks, we probably should start a meeting timeslot for those writing definitions of terms, which works for EU timezones. Let's see who from OSGeo projects responds and would like to be involved, and then pick a timeslot."
                            }
                        ]
                    }
                ]
            }
        ]
    }
]