[
    {
        "client_msg_id": "e894a0cf-a874-4297-9c4c-ee3e4d2e6aac",
        "type": "message",
        "text": "Thank you <@U012KCMPP0V>, <@U018GVAH3FX>, and <@U0170HMB87K> for a very good meeting earlier today to discuss your questions. I have updated the earlier <https:\/\/docs.google.com\/document\/d\/12G2BqzpKYp4wy2Q-C93McTqbE2OaeRO1XH7zUqZSduM\/edit?usp=sharing|document>, please see the legend in the header for color codes. i hope that <@U01ABLZMV7E> and <@U01A8JXNZDW> will be able to help formulate ideas for a process flow that will engage the OSGeo project teams and community to be involved with terminology development.",
        "user": "U019YA7SD0U",
        "ts": "1603960430.071200",
        "team": "TKFJE6LDR",
        "user_team": "TKFJE6LDR",
        "source_team": "TKFJE6LDR",
        "user_profile": {
            "avatar_hash": "gd927840085e",
            "image_72": "https:\/\/secure.gravatar.com\/avatar\/d927840085e81f89fb210807b02ee5bc.jpg?s=72&d=https%3A%2F%2Fa.slack-edge.com%2Fdf10d%2Fimg%2Favatars%2Fava_0007-72.png",
            "first_name": "Reese",
            "real_name": "Reese Plews",
            "display_name": "Reese Plews (TC211 TMG)",
            "team": "TKFJE6LDR",
            "name": "rplews",
            "is_restricted": false,
            "is_ultra_restricted": false
        },
        "edited": {
            "user": "U019YA7SD0U",
            "ts": "1603960659.000000"
        },
        "blocks": [
            {
                "type": "rich_text",
                "block_id": "\/d21b",
                "elements": [
                    {
                        "type": "rich_text_section",
                        "elements": [
                            {
                                "type": "text",
                                "text": "Thank you "
                            },
                            {
                                "type": "user",
                                "user_id": "U012KCMPP0V"
                            },
                            {
                                "type": "text",
                                "text": ", "
                            },
                            {
                                "type": "user",
                                "user_id": "U018GVAH3FX"
                            },
                            {
                                "type": "text",
                                "text": ", and "
                            },
                            {
                                "type": "user",
                                "user_id": "U0170HMB87K"
                            },
                            {
                                "type": "text",
                                "text": " for a very good meeting earlier today to discuss your questions. I have updated the earlier "
                            },
                            {
                                "type": "link",
                                "url": "https:\/\/docs.google.com\/document\/d\/12G2BqzpKYp4wy2Q-C93McTqbE2OaeRO1XH7zUqZSduM\/edit?usp=sharing",
                                "text": "document"
                            },
                            {
                                "type": "text",
                                "text": ", please see the legend in the header for color codes. i hope that "
                            },
                            {
                                "type": "user",
                                "user_id": "U01ABLZMV7E"
                            },
                            {
                                "type": "text",
                                "text": " and "
                            },
                            {
                                "type": "user",
                                "user_id": "U01A8JXNZDW"
                            },
                            {
                                "type": "text",
                                "text": " will be able to help formulate ideas for a process flow that will engage the OSGeo project teams and community to be involved with terminology development."
                            }
                        ]
                    }
                ]
            }
        ],
        "thread_ts": "1603960430.071200",
        "reply_count": 3,
        "reply_users_count": 3,
        "latest_reply": "1603981273.072400",
        "reply_users": [
            "U0170HMB87K",
            "U019YA7SD0U",
            "U012KCMPP0V"
        ],
        "replies": [
            {
                "user": "U0170HMB87K",
                "ts": "1603960971.071900"
            },
            {
                "user": "U019YA7SD0U",
                "ts": "1603961039.072100"
            },
            {
                "user": "U012KCMPP0V",
                "ts": "1603981273.072400"
            }
        ],
        "subscribed": false,
        "reactions": [
            {
                "name": "thankyou",
                "users": [
                    "U0170HMB87K"
                ],
                "count": 1
            }
        ]
    },
    {
        "client_msg_id": "284e5b48-01aa-421d-94e0-c856aeec4183",
        "type": "message",
        "text": "Thanks <@U019YA7SD0U> for clearing out a major chunk of our doubts.",
        "user": "U0170HMB87K",
        "ts": "1603960971.071900",
        "team": "TKFJE6LDR",
        "user_team": "TKFJE6LDR",
        "source_team": "TKFJE6LDR",
        "user_profile": {
            "avatar_hash": "f39553b0636b",
            "image_72": "https:\/\/avatars.slack-edge.com\/2020-07-22\/1249269540710_f39553b0636b29704992_72.jpg",
            "first_name": "",
            "real_name": "Ankita",
            "display_name": "Ankita",
            "team": "TKFJE6LDR",
            "name": "ankitatripathi.2312",
            "is_restricted": false,
            "is_ultra_restricted": false
        },
        "blocks": [
            {
                "type": "rich_text",
                "block_id": "Ma79",
                "elements": [
                    {
                        "type": "rich_text_section",
                        "elements": [
                            {
                                "type": "text",
                                "text": "Thanks "
                            },
                            {
                                "type": "user",
                                "user_id": "U019YA7SD0U"
                            },
                            {
                                "type": "text",
                                "text": " for clearing out a major chunk of our doubts."
                            }
                        ]
                    }
                ]
            }
        ],
        "thread_ts": "1603960430.071200",
        "parent_user_id": "U019YA7SD0U"
    },
    {
        "client_msg_id": "64e34b1d-df4b-40a4-9209-22b563406f90",
        "type": "message",
        "text": "Anytime Ankita, i am happy that my information was clear and useful to you and the other members. see you tomorrow.",
        "user": "U019YA7SD0U",
        "ts": "1603961039.072100",
        "team": "TKFJE6LDR",
        "user_team": "TKFJE6LDR",
        "source_team": "TKFJE6LDR",
        "user_profile": {
            "avatar_hash": "gd927840085e",
            "image_72": "https:\/\/secure.gravatar.com\/avatar\/d927840085e81f89fb210807b02ee5bc.jpg?s=72&d=https%3A%2F%2Fa.slack-edge.com%2Fdf10d%2Fimg%2Favatars%2Fava_0007-72.png",
            "first_name": "Reese",
            "real_name": "Reese Plews",
            "display_name": "Reese Plews (TC211 TMG)",
            "team": "TKFJE6LDR",
            "name": "rplews",
            "is_restricted": false,
            "is_ultra_restricted": false
        },
        "blocks": [
            {
                "type": "rich_text",
                "block_id": "f8E4U",
                "elements": [
                    {
                        "type": "rich_text_section",
                        "elements": [
                            {
                                "type": "text",
                                "text": "Anytime Ankita, i am happy that my information was clear and useful to you and the other members. see you tomorrow."
                            }
                        ]
                    }
                ]
            }
        ],
        "thread_ts": "1603960430.071200",
        "parent_user_id": "U019YA7SD0U",
        "reactions": [
            {
                "name": "raised_hands",
                "users": [
                    "U0170HMB87K"
                ],
                "count": 1
            }
        ]
    },
    {
        "client_msg_id": "f766ae4d-456a-467d-9e4f-15ffa87a74f5",
        "type": "message",
        "text": "Yes, I'm so glad we had this session. Thanks to <@U01A1CBD0CC> too! This all helped immensely to get us aligned.",
        "user": "U012KCMPP0V",
        "ts": "1603981273.072400",
        "team": "TKFJE6LDR",
        "user_team": "TKFJE6LDR",
        "source_team": "TKFJE6LDR",
        "user_profile": {
            "avatar_hash": "b26729f0b5f2",
            "image_72": "https:\/\/avatars.slack-edge.com\/2020-04-27\/1089031639347_b26729f0b5f2375494a1_72.png",
            "first_name": "Alyssa",
            "real_name": "Alyssa",
            "display_name": "Alyssa",
            "team": "TKFJE6LDR",
            "name": "alyssa.rock.biz",
            "is_restricted": false,
            "is_ultra_restricted": false
        },
        "blocks": [
            {
                "type": "rich_text",
                "block_id": "qy52f",
                "elements": [
                    {
                        "type": "rich_text_section",
                        "elements": [
                            {
                                "type": "text",
                                "text": "Yes, I'm so glad we had this session. Thanks to "
                            },
                            {
                                "type": "user",
                                "user_id": "U01A1CBD0CC"
                            },
                            {
                                "type": "text",
                                "text": " too! This all helped immensely to get us aligned."
                            }
                        ]
                    }
                ]
            }
        ],
        "thread_ts": "1603960430.071200",
        "parent_user_id": "U019YA7SD0U"
    },
    {
        "client_msg_id": "0602d4b9-11d5-4a44-b495-68050268d483",
        "type": "message",
        "text": "Meeting now: <https:\/\/meet.google.com\/xpw-djtk-apv?authuser=0>",
        "user": "UKTGLQNGG",
        "ts": "1604021391.072700",
        "team": "TKFJE6LDR",
        "user_team": "TKFJE6LDR",
        "source_team": "TKFJE6LDR",
        "user_profile": {
            "avatar_hash": "d6f4de222bb1",
            "image_72": "https:\/\/avatars.slack-edge.com\/2020-07-20\/1235580478119_d6f4de222bb1ed6b5960_72.jpg",
            "first_name": "Cameron",
            "real_name": "Cameron Shorter",
            "display_name": "cameronshorter",
            "team": "TKFJE6LDR",
            "name": "cameron.shorter",
            "is_restricted": false,
            "is_ultra_restricted": false
        },
        "attachments": [
            {
                "title": "Meet",
                "title_link": "https:\/\/meet.google.com\/xpw-djtk-apv?authuser=0",
                "text": "Real-time meetings by Google. Using your browser, share your video, desktop, and presentations with teammates and customers.",
                "fallback": "Meet",
                "thumb_url": "https:\/\/fonts.gstatic.com\/s\/i\/productlogos\/meet_2020q4\/v1\/web-96dp\/logo_meet_2020q4_color_2x_web_96dp.png",
                "from_url": "https:\/\/meet.google.com\/xpw-djtk-apv?authuser=0",
                "thumb_width": 192,
                "thumb_height": 192,
                "service_icon": "http:\/\/fonts.gstatic.com\/s\/i\/productlogos\/meet_2020q4\/v1\/web-24dp\/logo_meet_2020q4_color_1x_web_24dp.png",
                "service_name": "meet.google.com",
                "id": 1,
                "original_url": "https:\/\/meet.google.com\/xpw-djtk-apv?authuser=0"
            }
        ],
        "blocks": [
            {
                "type": "rich_text",
                "block_id": "OWSWO",
                "elements": [
                    {
                        "type": "rich_text_section",
                        "elements": [
                            {
                                "type": "text",
                                "text": "Meeting now: "
                            },
                            {
                                "type": "link",
                                "url": "https:\/\/meet.google.com\/xpw-djtk-apv?authuser=0"
                            }
                        ]
                    }
                ]
            }
        ]
    },
    {
        "client_msg_id": "b33b485c-eaf8-4c2b-8eb6-3c2b359e2554",
        "type": "message",
        "text": "Switching to zoom for tonight's meeting.  <@U019YA7SD0U> and everyone.\nTo join Zoom Meeting.\n<https:\/\/okta.zoom.us\/j\/93434419942?pwd=UzF2VGl4d3FldmRxYjJFMDI5bGdEUT09>",
        "user": "U018GVAH3FX",
        "ts": "1604021886.073600",
        "team": "TKFJE6LDR",
        "user_team": "TKFJE6LDR",
        "source_team": "TKFJE6LDR",
        "user_profile": {
            "avatar_hash": "ge5dc7096981",
            "image_72": "https:\/\/secure.gravatar.com\/avatar\/e5dc709698120b8f32e53b9472f12064.jpg?s=72&d=https%3A%2F%2Fa.slack-edge.com%2Fdf10d%2Fimg%2Favatars%2Fava_0015-72.png",
            "first_name": "",
            "real_name": "Naini",
            "display_name": "Naini",
            "team": "TKFJE6LDR",
            "name": "khajanchi.naini",
            "is_restricted": false,
            "is_ultra_restricted": false
        },
        "edited": {
            "user": "U018GVAH3FX",
            "ts": "1604022510.000000"
        },
        "blocks": [
            {
                "type": "rich_text",
                "block_id": "3ck",
                "elements": [
                    {
                        "type": "rich_text_section",
                        "elements": [
                            {
                                "type": "text",
                                "text": "Switching to zoom for tonight's meeting.  "
                            },
                            {
                                "type": "user",
                                "user_id": "U019YA7SD0U"
                            },
                            {
                                "type": "text",
                                "text": " and everyone.\nTo join Zoom Meeting.\n"
                            },
                            {
                                "type": "link",
                                "url": "https:\/\/okta.zoom.us\/j\/93434419942?pwd=UzF2VGl4d3FldmRxYjJFMDI5bGdEUT09"
                            }
                        ]
                    }
                ]
            }
        ]
    },
    {
        "client_msg_id": "6E4C7255-8BA0-41D1-865B-512651F6B03D",
        "type": "message",
        "text": "Oh god. I am sorry guys I overslept and couldn’t join :confused:\nI will go through the meeting notes and add my tasks",
        "user": "U0170HMB87K",
        "ts": "1604024073.075700",
        "team": "TKFJE6LDR",
        "user_team": "TKFJE6LDR",
        "source_team": "TKFJE6LDR",
        "user_profile": {
            "avatar_hash": "f39553b0636b",
            "image_72": "https:\/\/avatars.slack-edge.com\/2020-07-22\/1249269540710_f39553b0636b29704992_72.jpg",
            "first_name": "",
            "real_name": "Ankita",
            "display_name": "Ankita",
            "team": "TKFJE6LDR",
            "name": "ankitatripathi.2312",
            "is_restricted": false,
            "is_ultra_restricted": false
        },
        "blocks": [
            {
                "type": "rich_text",
                "block_id": "+gPq",
                "elements": [
                    {
                        "type": "rich_text_section",
                        "elements": [
                            {
                                "type": "text",
                                "text": "Oh god. I am sorry guys I overslept and couldn’t join "
                            },
                            {
                                "type": "emoji",
                                "name": "confused"
                            },
                            {
                                "type": "text",
                                "text": "\nI will go through the meeting notes and add my tasks"
                            }
                        ]
                    }
                ]
            }
        ]
    },
    {
        "client_msg_id": "b3790045-c0f9-4c23-b46b-ebc0b9dc0e28",
        "type": "message",
        "text": "Highlights from <https:\/\/docs.google.com\/document\/d\/1yzncnQB7uYktPnAQ4DqZYVPDdYnqDrWmqHzcpXrjkPg\/edit#|meeting notes>:\n• Actions:\n• Ron will add OSGeo terms to GeoLexicia\n• We will create collections for each OSGeo project for the terms each project is interested in.\n• Ron will write a draft (bullet level) howto, targeted at OSGeo project owners, telling them how they can select the OSGeo terms they’d like included. (In next day or 2)\n• Naini will review howto \n• Meet next week, same time, between Ron\/Reese\/Tech Writers to continue scrubbing terms.\n",
        "user": "UKTGLQNGG",
        "ts": "1604024625.076200",
        "team": "TKFJE6LDR",
        "user_team": "TKFJE6LDR",
        "source_team": "TKFJE6LDR",
        "user_profile": {
            "avatar_hash": "d6f4de222bb1",
            "image_72": "https:\/\/avatars.slack-edge.com\/2020-07-20\/1235580478119_d6f4de222bb1ed6b5960_72.jpg",
            "first_name": "Cameron",
            "real_name": "Cameron Shorter",
            "display_name": "cameronshorter",
            "team": "TKFJE6LDR",
            "name": "cameron.shorter",
            "is_restricted": false,
            "is_ultra_restricted": false
        },
        "blocks": [
            {
                "type": "rich_text",
                "block_id": "YpN",
                "elements": [
                    {
                        "type": "rich_text_section",
                        "elements": [
                            {
                                "type": "text",
                                "text": "Highlights from "
                            },
                            {
                                "type": "link",
                                "url": "https:\/\/docs.google.com\/document\/d\/1yzncnQB7uYktPnAQ4DqZYVPDdYnqDrWmqHzcpXrjkPg\/edit#",
                                "text": "meeting notes"
                            },
                            {
                                "type": "text",
                                "text": ":\n"
                            }
                        ]
                    },
                    {
                        "type": "rich_text_list",
                        "elements": [
                            {
                                "type": "rich_text_section",
                                "elements": [
                                    {
                                        "type": "text",
                                        "text": "Actions:"
                                    }
                                ]
                            },
                            {
                                "type": "rich_text_section",
                                "elements": [
                                    {
                                        "type": "text",
                                        "text": "Ron will add OSGeo terms to GeoLexicia"
                                    }
                                ]
                            },
                            {
                                "type": "rich_text_section",
                                "elements": [
                                    {
                                        "type": "text",
                                        "text": "We will create collections for each OSGeo project for the terms each project is interested in."
                                    }
                                ]
                            },
                            {
                                "type": "rich_text_section",
                                "elements": [
                                    {
                                        "type": "text",
                                        "text": "Ron will write a draft (bullet level) howto, targeted at OSGeo project owners, telling them how they can select the OSGeo terms they’d like included. (In next day or 2)"
                                    }
                                ]
                            },
                            {
                                "type": "rich_text_section",
                                "elements": [
                                    {
                                        "type": "text",
                                        "text": "Naini will review howto "
                                    }
                                ]
                            },
                            {
                                "type": "rich_text_section",
                                "elements": [
                                    {
                                        "type": "text",
                                        "text": "Meet next week, same time, between Ron\/Reese\/Tech Writers to continue scrubbing terms."
                                    }
                                ]
                            }
                        ],
                        "style": "bullet",
                        "indent": 0
                    },
                    {
                        "type": "rich_text_section",
                        "elements": []
                    }
                ]
            }
        ],
        "reactions": [
            {
                "name": "raised_hands",
                "users": [
                    "U0170HMB87K"
                ],
                "count": 1
            }
        ]
    },
    {
        "client_msg_id": "9dd88e92-5ca6-41bc-865f-c89790a40982",
        "type": "message",
        "text": "For the meeting next week, we'll have to account for the switch from daylight saving hours to standard time. <https:\/\/www.timeanddate.com\/worldclock\/meetingtime.html?iso=20201104&amp;p1=1206&amp;p2=102&amp;p3=248&amp;p4=220&amp;p5=47&amp;p6=240&amp;p7=44>",
        "user": "U018GVAH3FX",
        "ts": "1604025157.077000",
        "team": "TKFJE6LDR",
        "user_team": "TKFJE6LDR",
        "source_team": "TKFJE6LDR",
        "user_profile": {
            "avatar_hash": "ge5dc7096981",
            "image_72": "https:\/\/secure.gravatar.com\/avatar\/e5dc709698120b8f32e53b9472f12064.jpg?s=72&d=https%3A%2F%2Fa.slack-edge.com%2Fdf10d%2Fimg%2Favatars%2Fava_0015-72.png",
            "first_name": "",
            "real_name": "Naini",
            "display_name": "Naini",
            "team": "TKFJE6LDR",
            "name": "khajanchi.naini",
            "is_restricted": false,
            "is_ultra_restricted": false
        },
        "edited": {
            "user": "U018GVAH3FX",
            "ts": "1604025423.000000"
        },
        "attachments": [
            {
                "title": "The World Clock Meeting Planner - Results",
                "title_link": "https:\/\/www.timeanddate.com\/worldclock\/meetingtime.html?iso=20201104&p1=1206&p2=102&p3=248&p4=220&p5=47&p6=240&p7=44",
                "text": "Results from the Meeting Planner that finds a suitable time to call or meet with people from around the world.",
                "fallback": "The World Clock Meeting Planner - Results",
                "image_url": "https:\/\/c.tadst.com\/gfx\/og\/tadlogo-facebook.png",
                "from_url": "https:\/\/www.timeanddate.com\/worldclock\/meetingtime.html?iso=20201104&p1=1206&p2=102&p3=248&p4=220&p5=47&p6=240&p7=44",
                "image_width": 476,
                "image_height": 250,
                "image_bytes": 55884,
                "service_icon": "https:\/\/www.timeanddate.com\/favicon.ico",
                "service_name": "timeanddate.com",
                "id": 1,
                "original_url": "https:\/\/www.timeanddate.com\/worldclock\/meetingtime.html?iso=20201104&amp;p1=1206&amp;p2=102&amp;p3=248&amp;p4=220&amp;p5=47&amp;p6=240&amp;p7=44"
            }
        ],
        "blocks": [
            {
                "type": "rich_text",
                "block_id": "P1=\/",
                "elements": [
                    {
                        "type": "rich_text_section",
                        "elements": [
                            {
                                "type": "text",
                                "text": "For the meeting next week, we'll have to account for the switch from daylight saving hours to standard time. "
                            },
                            {
                                "type": "link",
                                "url": "https:\/\/www.timeanddate.com\/worldclock\/meetingtime.html?iso=20201104&p1=1206&p2=102&p3=248&p4=220&p5=47&p6=240&p7=44"
                            }
                        ]
                    }
                ]
            }
        ]
    },
    {
        "client_msg_id": "2C5C099A-E586-4FF3-9E58-4FF049B4E6FB",
        "type": "message",
        "text": "Awesome <@UKTGLQNGG> \nFrom my side:\n• I had reviewed OGC doc by Rob. I would appreciate other tech writers as well to come onboard.\n• Codrina is in the process of exchanging mails and will get us an answer of the interested communities soon",
        "user": "U0170HMB87K",
        "ts": "1604025262.079800",
        "team": "TKFJE6LDR",
        "user_team": "TKFJE6LDR",
        "source_team": "TKFJE6LDR",
        "user_profile": {
            "avatar_hash": "f39553b0636b",
            "image_72": "https:\/\/avatars.slack-edge.com\/2020-07-22\/1249269540710_f39553b0636b29704992_72.jpg",
            "first_name": "",
            "real_name": "Ankita",
            "display_name": "Ankita",
            "team": "TKFJE6LDR",
            "name": "ankitatripathi.2312",
            "is_restricted": false,
            "is_ultra_restricted": false
        },
        "blocks": [
            {
                "type": "rich_text",
                "block_id": "U38",
                "elements": [
                    {
                        "type": "rich_text_section",
                        "elements": [
                            {
                                "type": "text",
                                "text": "Awesome "
                            },
                            {
                                "type": "user",
                                "user_id": "UKTGLQNGG"
                            },
                            {
                                "type": "text",
                                "text": " \nFrom my side:\n"
                            }
                        ]
                    },
                    {
                        "type": "rich_text_list",
                        "elements": [
                            {
                                "type": "rich_text_section",
                                "elements": [
                                    {
                                        "type": "text",
                                        "text": "I had reviewed OGC doc by Rob. I would appreciate other tech writers as well to come onboard."
                                    }
                                ]
                            },
                            {
                                "type": "rich_text_section",
                                "elements": [
                                    {
                                        "type": "text",
                                        "text": "Codrina is in the process of exchanging mails and will get us an answer of the interested communities soon"
                                    }
                                ]
                            }
                        ],
                        "style": "bullet",
                        "indent": 0
                    }
                ]
            }
        ]
    }
]