[
    {
        "client_msg_id": "3988a3b3-2a7f-4208-b67f-6c2b30307e14",
        "type": "message",
        "text": "hi all. was just talking to some folks at the weekly GDP status meeting and wondering if what we need next for this is like a one-page requirements document, as if for an actual product, so we have a more concrete sense of what the documentation should be written about? it might say list the functions that the device performs, whether it has an API for programmatic use, what buttons need to be on it and what they do, etc. <@UL2AA1FF1>, I think we were trying to identify what the next step is for this",
        "user": "U019868JEQ0",
        "ts": "1599689210.004200",
        "team": "TKFJE6LDR",
        "user_team": "TKFJE6LDR",
        "source_team": "TKFJE6LDR",
        "user_profile": {
            "avatar_hash": "966d941975ff",
            "image_72": "https:\/\/avatars.slack-edge.com\/2020-08-09\/1275632926935_966d941975ff884d0fa4_72.jpg",
            "first_name": "",
            "real_name": "Aidan Doherty",
            "display_name": "Aidan Doherty",
            "team": "TKFJE6LDR",
            "name": "contact",
            "is_restricted": false,
            "is_ultra_restricted": false
        },
        "blocks": [
            {
                "type": "rich_text",
                "block_id": "5PP",
                "elements": [
                    {
                        "type": "rich_text_section",
                        "elements": [
                            {
                                "type": "text",
                                "text": "hi all. was just talking to some folks at the weekly GDP status meeting and wondering if what we need next for this is like a one-page requirements document, as if for an actual product, so we have a more concrete sense of what the documentation should be written about? it might say list the functions that the device performs, whether it has an API for programmatic use, what buttons need to be on it and what they do, etc. "
                            },
                            {
                                "type": "user",
                                "user_id": "UL2AA1FF1"
                            },
                            {
                                "type": "text",
                                "text": ", I think we were trying to identify what the next step is for this"
                            }
                        ]
                    }
                ]
            }
        ],
        "reactions": [
            {
                "name": "+1",
                "users": [
                    "UL2AA1FF1"
                ],
                "count": 1
            }
        ]
    },
    {
        "client_msg_id": "0597d2db-31a0-4b74-999f-f37bbbf699a5",
        "type": "message",
        "text": "oh sure that sounds fun :slightly_smiling_face:",
        "user": "UL2AA1FF1",
        "ts": "1599690895.004600",
        "team": "TKFJE6LDR",
        "user_team": "TKFJE6LDR",
        "source_team": "TKFJE6LDR",
        "user_profile": {
            "avatar_hash": "22135067b36d",
            "image_72": "https:\/\/avatars.slack-edge.com\/2019-10-23\/805254797908_22135067b36dfb715e99_72.jpg",
            "first_name": "",
            "real_name": "Erin McKean",
            "display_name": "Erin McKean",
            "team": "TKFJE6LDR",
            "name": "emckean",
            "is_restricted": false,
            "is_ultra_restricted": false
        },
        "blocks": [
            {
                "type": "rich_text",
                "block_id": "gWNP",
                "elements": [
                    {
                        "type": "rich_text_section",
                        "elements": [
                            {
                                "type": "text",
                                "text": "oh sure that sounds fun "
                            },
                            {
                                "type": "emoji",
                                "name": "slightly_smiling_face"
                            }
                        ]
                    }
                ]
            }
        ]
    },
    {
        "client_msg_id": "24af79cb-da7c-42e5-94e0-e170a53577c0",
        "type": "message",
        "text": "I think my PR is still hanging fire, let me check :slightly_smiling_face:",
        "user": "UL2AA1FF1",
        "ts": "1599690909.005000",
        "team": "TKFJE6LDR",
        "user_team": "TKFJE6LDR",
        "source_team": "TKFJE6LDR",
        "user_profile": {
            "avatar_hash": "22135067b36d",
            "image_72": "https:\/\/avatars.slack-edge.com\/2019-10-23\/805254797908_22135067b36dfb715e99_72.jpg",
            "first_name": "",
            "real_name": "Erin McKean",
            "display_name": "Erin McKean",
            "team": "TKFJE6LDR",
            "name": "emckean",
            "is_restricted": false,
            "is_ultra_restricted": false
        },
        "blocks": [
            {
                "type": "rich_text",
                "block_id": "19Q",
                "elements": [
                    {
                        "type": "rich_text_section",
                        "elements": [
                            {
                                "type": "text",
                                "text": "I think my PR is still hanging fire, let me check "
                            },
                            {
                                "type": "emoji",
                                "name": "slightly_smiling_face"
                            }
                        ]
                    }
                ]
            }
        ]
    },
    {
        "client_msg_id": "157e8924-f3ed-42af-bb4e-a6b891664095",
        "type": "message",
        "text": "To Aidan's point, I was wondering if any of us wanted to form an ad-hoc committee to talk about how to solve the problem of needing to document a fake project and decide 1) If the Chronologue is the way to go, 2) If not, decide how else will solve the problem. If we do decide to move forward with the Chronologue, I'm wondering if anyone would be interested in doing a 1-2 hour \"Chronologue jam\" where we flesh out the details of this fake project with the goal of coming up with Aidan's proposed requirements list and 1-page definition of the project?",
        "user": "U012KCMPP0V",
        "ts": "1599691490.008800",
        "team": "TKFJE6LDR",
        "user_team": "TKFJE6LDR",
        "source_team": "TKFJE6LDR",
        "user_profile": {
            "avatar_hash": "b26729f0b5f2",
            "image_72": "https:\/\/avatars.slack-edge.com\/2020-04-27\/1089031639347_b26729f0b5f2375494a1_72.png",
            "first_name": "Alyssa",
            "real_name": "Alyssa",
            "display_name": "Alyssa",
            "team": "TKFJE6LDR",
            "name": "alyssa.rock.biz",
            "is_restricted": false,
            "is_ultra_restricted": false
        },
        "edited": {
            "user": "U012KCMPP0V",
            "ts": "1599691551.000000"
        },
        "blocks": [
            {
                "type": "rich_text",
                "block_id": "=nTt",
                "elements": [
                    {
                        "type": "rich_text_section",
                        "elements": [
                            {
                                "type": "text",
                                "text": "To Aidan's point, I was wondering if any of us wanted to form an ad-hoc committee to talk about how to solve the problem of needing to document a fake project and decide 1) If the Chronologue is the way to go, 2) If not, decide how else will solve the problem. If we do decide to move forward with the Chronologue, I'm wondering if anyone would be interested in doing a 1-2 hour \"Chronologue jam\" where we flesh out the details of this fake project with the goal of coming up with Aidan's proposed requirements list and 1-page definition of the project?"
                            }
                        ]
                    }
                ]
            }
        ],
        "reactions": [
            {
                "name": "100",
                "users": [
                    "UL2AA1FF1"
                ],
                "count": 1
            }
        ]
    },
    {
        "client_msg_id": "0ceaa1c0-7e73-4ec8-a0ad-379a5e0ec2e2",
        "type": "message",
        "text": "I love the idea of a jam or a sprint.",
        "user": "UKV4ZPEFQ",
        "ts": "1599691527.009000",
        "team": "TKFJE6LDR",
        "user_team": "TKFJE6LDR",
        "source_team": "TKFJE6LDR",
        "user_profile": {
            "avatar_hash": "g854c628ef64",
            "image_72": "https:\/\/secure.gravatar.com\/avatar\/6854c628ef64a4c129a994522e17cdf2.jpg?s=72&d=https%3A%2F%2Fa.slack-edge.com%2Fdf10d%2Fimg%2Favatars%2Fava_0007-72.png",
            "first_name": "felicitybrand",
            "real_name": "felicitybrand",
            "display_name": "flicstar",
            "team": "TKFJE6LDR",
            "name": "felicitybrand",
            "is_restricted": false,
            "is_ultra_restricted": false
        },
        "blocks": [
            {
                "type": "rich_text",
                "block_id": "YsC",
                "elements": [
                    {
                        "type": "rich_text_section",
                        "elements": [
                            {
                                "type": "text",
                                "text": "I love the idea of a jam or a sprint."
                            }
                        ]
                    }
                ]
            }
        ],
        "reactions": [
            {
                "name": "heavy_plus_sign",
                "users": [
                    "UL2AA1FF1"
                ],
                "count": 1
            }
        ]
    },
    {
        "client_msg_id": "22008612-95b8-44e9-b610-691a30d60e16",
        "type": "message",
        "text": "I'd join.",
        "user": "UKTGLQNGG",
        "ts": "1599691553.009600",
        "team": "TKFJE6LDR",
        "user_team": "TKFJE6LDR",
        "source_team": "TKFJE6LDR",
        "user_profile": {
            "avatar_hash": "d6f4de222bb1",
            "image_72": "https:\/\/avatars.slack-edge.com\/2020-07-20\/1235580478119_d6f4de222bb1ed6b5960_72.jpg",
            "first_name": "Cameron",
            "real_name": "Cameron Shorter",
            "display_name": "cameronshorter",
            "team": "TKFJE6LDR",
            "name": "cameron.shorter",
            "is_restricted": false,
            "is_ultra_restricted": false
        },
        "blocks": [
            {
                "type": "rich_text",
                "block_id": "NKc",
                "elements": [
                    {
                        "type": "rich_text_section",
                        "elements": [
                            {
                                "type": "text",
                                "text": "I'd join."
                            }
                        ]
                    }
                ]
            }
        ]
    },
    {
        "client_msg_id": "0affa15f-8cd8-4dba-a92c-34178f85838e",
        "type": "message",
        "text": "I just updated to resolve Daniel's comments on the first PR, if someone can review and merge that might be a good start",
        "user": "UL2AA1FF1",
        "ts": "1599692671.010200",
        "team": "TKFJE6LDR",
        "user_team": "TKFJE6LDR",
        "source_team": "TKFJE6LDR",
        "user_profile": {
            "avatar_hash": "22135067b36d",
            "image_72": "https:\/\/avatars.slack-edge.com\/2019-10-23\/805254797908_22135067b36dfb715e99_72.jpg",
            "first_name": "",
            "real_name": "Erin McKean",
            "display_name": "Erin McKean",
            "team": "TKFJE6LDR",
            "name": "emckean",
            "is_restricted": false,
            "is_ultra_restricted": false
        },
        "blocks": [
            {
                "type": "rich_text",
                "block_id": "HSpb",
                "elements": [
                    {
                        "type": "rich_text_section",
                        "elements": [
                            {
                                "type": "text",
                                "text": "I just updated to resolve Daniel's comments on the first PR, if someone can review and merge that might be a good start"
                            }
                        ]
                    }
                ]
            }
        ]
    },
    {
        "client_msg_id": "8c8c9ced-878e-4247-b3b0-b273c1125d76",
        "type": "message",
        "text": "I'll dump my notes into a gist as well",
        "user": "UL2AA1FF1",
        "ts": "1599692728.010500",
        "team": "TKFJE6LDR",
        "user_team": "TKFJE6LDR",
        "source_team": "TKFJE6LDR",
        "user_profile": {
            "avatar_hash": "22135067b36d",
            "image_72": "https:\/\/avatars.slack-edge.com\/2019-10-23\/805254797908_22135067b36dfb715e99_72.jpg",
            "first_name": "",
            "real_name": "Erin McKean",
            "display_name": "Erin McKean",
            "team": "TKFJE6LDR",
            "name": "emckean",
            "is_restricted": false,
            "is_ultra_restricted": false
        },
        "blocks": [
            {
                "type": "rich_text",
                "block_id": "1K0",
                "elements": [
                    {
                        "type": "rich_text_section",
                        "elements": [
                            {
                                "type": "text",
                                "text": "I'll dump my notes into a gist as well"
                            }
                        ]
                    }
                ]
            }
        ]
    },
    {
        "client_msg_id": "cacfb399-589d-427d-811b-a654760c54e8",
        "type": "message",
        "text": "I merged it. Let's get this party started.\n<https:\/\/github.com\/thegooddocsproject\/chronologue>",
        "user": "UKV4ZPEFQ",
        "ts": "1599693139.010900",
        "team": "TKFJE6LDR",
        "user_team": "TKFJE6LDR",
        "source_team": "TKFJE6LDR",
        "user_profile": {
            "avatar_hash": "g854c628ef64",
            "image_72": "https:\/\/secure.gravatar.com\/avatar\/6854c628ef64a4c129a994522e17cdf2.jpg?s=72&d=https%3A%2F%2Fa.slack-edge.com%2Fdf10d%2Fimg%2Favatars%2Fava_0007-72.png",
            "first_name": "felicitybrand",
            "real_name": "felicitybrand",
            "display_name": "flicstar",
            "team": "TKFJE6LDR",
            "name": "felicitybrand",
            "is_restricted": false,
            "is_ultra_restricted": false
        },
        "attachments": [
            {
                "fallback": "thegooddocsproject\/chronologue",
                "text": "Fictional project for writing examples in The Good Docs templates.",
                "title": "thegooddocsproject\/chronologue",
                "footer": "<https:\/\/github.com\/thegooddocsproject\/chronologue|thegooddocsproject\/chronologue>",
                "id": 1,
                "footer_icon": "https:\/\/github.githubassets.com\/favicon.ico",
                "ts": 1576714645,
                "color": "24292f",
                "fields": [
                    {
                        "title": "Last updated",
                        "value": "a few seconds ago",
                        "short": true
                    },
                    {
                        "title": "Forks",
                        "value": "1",
                        "short": true
                    }
                ],
                "mrkdwn_in": [
                    "text",
                    "fields"
                ],
                "bot_id": "BU8U6P6AH",
                "app_unfurl_url": "https:\/\/github.com\/thegooddocsproject\/chronologue",
                "is_app_unfurl": true
            }
        ],
        "blocks": [
            {
                "type": "rich_text",
                "block_id": "8EPz",
                "elements": [
                    {
                        "type": "rich_text_section",
                        "elements": [
                            {
                                "type": "text",
                                "text": "I merged it. Let's get this party started.\n"
                            },
                            {
                                "type": "link",
                                "url": "https:\/\/github.com\/thegooddocsproject\/chronologue"
                            }
                        ]
                    }
                ]
            }
        ],
        "reactions": [
            {
                "name": "thankyou",
                "users": [
                    "UL2AA1FF1"
                ],
                "count": 1
            }
        ]
    },
    {
        "client_msg_id": "6863d82f-d78d-40b6-9fe0-909c1c7b7cf6",
        "type": "message",
        "text": "my random project notes are here: <https:\/\/gist.github.com\/emckean\/f2ac6a910d8a52ca949b1b6540741cd4>",
        "user": "UL2AA1FF1",
        "ts": "1599693276.011300",
        "team": "TKFJE6LDR",
        "user_team": "TKFJE6LDR",
        "source_team": "TKFJE6LDR",
        "user_profile": {
            "avatar_hash": "22135067b36d",
            "image_72": "https:\/\/avatars.slack-edge.com\/2019-10-23\/805254797908_22135067b36dfb715e99_72.jpg",
            "first_name": "",
            "real_name": "Erin McKean",
            "display_name": "Erin McKean",
            "team": "TKFJE6LDR",
            "name": "emckean",
            "is_restricted": false,
            "is_ultra_restricted": false
        },
        "blocks": [
            {
                "type": "rich_text",
                "block_id": "QRr0P",
                "elements": [
                    {
                        "type": "rich_text_section",
                        "elements": [
                            {
                                "type": "text",
                                "text": "my random project notes are here: "
                            },
                            {
                                "type": "link",
                                "url": "https:\/\/gist.github.com\/emckean\/f2ac6a910d8a52ca949b1b6540741cd4"
                            }
                        ]
                    }
                ]
            }
        ]
    }
]