[
    {
        "client_msg_id": "077dc134-9e40-4b35-ab2d-18dafdbdfe0f",
        "type": "message",
        "text": "Some minimum labels that come to mind are:\n\n• first-commit (or whatever that label was from the mailing list that filters good first commit issues for new folks)\n• bug\n• improve\n\nThen if we want to get more narrow with the labels, we can create a bug and improvement per template type. That will let us batch together fixes and allow us to focus on nailing work per template type.\n\nSuggested values are:\n\n• template-api\n• docs-api\n• template-howto\n• template-reference\n• etc...\n\nYou can then combine multiple labels to indicate the type of work the bug is. For an improvement to the API template docs you could add the following label combination:\n\n• improve\n• docs-api\n\nWhat do you think about this labelling taxonomy idea?\n\n[08:46]\n(this is a quick brain dump done before I get into work for the day)",
        "user": "UKVC4NB71",
        "ts": "1574932734.003100",
        "team": "TKFJE6LDR",
        "user_team": "TKFJE6LDR",
        "source_team": "TKFJE6LDR",
        "user_profile": {
            "avatar_hash": "c7d9788d4436",
            "image_72": "https:\/\/avatars.slack-edge.com\/2019-10-30\/814314609877_c7d9788d4436969613a7_72.jpg",
            "first_name": "Jared",
            "real_name": "Jared Morgan",
            "display_name": "jaredmorgs",
            "team": "TKFJE6LDR",
            "name": "jaredleonmorgan",
            "is_restricted": false,
            "is_ultra_restricted": false
        },
        "blocks": [
            {
                "type": "rich_text",
                "block_id": "abJ",
                "elements": [
                    {
                        "type": "rich_text_section",
                        "elements": [
                            {
                                "type": "text",
                                "text": "Some minimum labels that come to mind are:\n\n"
                            }
                        ]
                    },
                    {
                        "type": "rich_text_list",
                        "elements": [
                            {
                                "type": "rich_text_section",
                                "elements": [
                                    {
                                        "type": "text",
                                        "text": "first-commit (or whatever that label was from the mailing list that filters good first commit issues for new folks)"
                                    }
                                ]
                            },
                            {
                                "type": "rich_text_section",
                                "elements": [
                                    {
                                        "type": "text",
                                        "text": "bug"
                                    }
                                ]
                            },
                            {
                                "type": "rich_text_section",
                                "elements": [
                                    {
                                        "type": "text",
                                        "text": "improve"
                                    }
                                ]
                            }
                        ],
                        "style": "bullet",
                        "indent": 0
                    },
                    {
                        "type": "rich_text_section",
                        "elements": [
                            {
                                "type": "text",
                                "text": "\n\nThen if we want to get more narrow with the labels, we can create a bug and improvement per template type. That will let us batch together fixes and allow us to focus on nailing work per template type.\n\nSuggested values are:\n\n"
                            }
                        ]
                    },
                    {
                        "type": "rich_text_list",
                        "elements": [
                            {
                                "type": "rich_text_section",
                                "elements": [
                                    {
                                        "type": "text",
                                        "text": "template-api"
                                    }
                                ]
                            },
                            {
                                "type": "rich_text_section",
                                "elements": [
                                    {
                                        "type": "text",
                                        "text": "docs-api"
                                    }
                                ]
                            },
                            {
                                "type": "rich_text_section",
                                "elements": [
                                    {
                                        "type": "text",
                                        "text": "template-howto"
                                    }
                                ]
                            },
                            {
                                "type": "rich_text_section",
                                "elements": [
                                    {
                                        "type": "text",
                                        "text": "template-reference"
                                    }
                                ]
                            },
                            {
                                "type": "rich_text_section",
                                "elements": [
                                    {
                                        "type": "text",
                                        "text": "etc..."
                                    }
                                ]
                            }
                        ],
                        "style": "bullet",
                        "indent": 0
                    },
                    {
                        "type": "rich_text_section",
                        "elements": [
                            {
                                "type": "text",
                                "text": "\n\nYou can then combine multiple labels to indicate the type of work the bug is. For an improvement to the API template docs you could add the following label combination:\n\n"
                            }
                        ]
                    },
                    {
                        "type": "rich_text_list",
                        "elements": [
                            {
                                "type": "rich_text_section",
                                "elements": [
                                    {
                                        "type": "text",
                                        "text": "improve"
                                    }
                                ]
                            },
                            {
                                "type": "rich_text_section",
                                "elements": [
                                    {
                                        "type": "text",
                                        "text": "docs-api"
                                    }
                                ]
                            }
                        ],
                        "style": "bullet",
                        "indent": 0
                    },
                    {
                        "type": "rich_text_section",
                        "elements": [
                            {
                                "type": "text",
                                "text": "\n\nWhat do you think about this labelling taxonomy idea?\n\n[08:46]\n(this is a quick brain dump done before I get into work for the day)"
                            }
                        ]
                    }
                ]
            }
        ]
    },
    {
        "client_msg_id": "bf2af764-79e1-4570-be31-7be196b0d007",
        "type": "message",
        "text": "Here's how we're going to slice up the feedback extraction from the Google Docs.",
        "user": "UKVC4NB71",
        "ts": "1574933314.003800",
        "team": "TKFJE6LDR",
        "user_team": "TKFJE6LDR",
        "source_team": "TKFJE6LDR",
        "user_profile": {
            "avatar_hash": "c7d9788d4436",
            "image_72": "https:\/\/avatars.slack-edge.com\/2019-10-30\/814314609877_c7d9788d4436969613a7_72.jpg",
            "first_name": "Jared",
            "real_name": "Jared Morgan",
            "display_name": "jaredmorgs",
            "team": "TKFJE6LDR",
            "name": "jaredleonmorgan",
            "is_restricted": false,
            "is_ultra_restricted": false
        },
        "blocks": [
            {
                "type": "rich_text",
                "block_id": "WIs+F",
                "elements": [
                    {
                        "type": "rich_text_section",
                        "elements": [
                            {
                                "type": "text",
                                "text": "Here's how we're going to slice up the feedback extraction from the Google Docs."
                            }
                        ]
                    }
                ]
            }
        ]
    },
    {
        "client_msg_id": "bb551c9d-292b-4273-a29d-eb6aabaf5078",
        "type": "message",
        "text": "Each of us will take one or two directories in the <https:\/\/github.com\/thegooddocsproject\/templates> repo",
        "user": "UKVC4NB71",
        "ts": "1574933342.004300",
        "team": "TKFJE6LDR",
        "user_team": "TKFJE6LDR",
        "source_team": "TKFJE6LDR",
        "user_profile": {
            "avatar_hash": "c7d9788d4436",
            "image_72": "https:\/\/avatars.slack-edge.com\/2019-10-30\/814314609877_c7d9788d4436969613a7_72.jpg",
            "first_name": "Jared",
            "real_name": "Jared Morgan",
            "display_name": "jaredmorgs",
            "team": "TKFJE6LDR",
            "name": "jaredleonmorgan",
            "is_restricted": false,
            "is_ultra_restricted": false
        },
        "attachments": [
            {
                "service_name": "GitHub",
                "title": "thegooddocsproject\/templates",
                "title_link": "https:\/\/github.com\/thegooddocsproject\/templates",
                "text": "Templates created by The Good Docs Project - for all your tech writing needs. - thegooddocsproject\/templates",
                "fallback": "GitHub: thegooddocsproject\/templates",
                "thumb_url": "https:\/\/avatars1.githubusercontent.com\/u\/52089481?s=400&v=4",
                "from_url": "https:\/\/github.com\/thegooddocsproject\/templates",
                "thumb_width": 400,
                "thumb_height": 400,
                "service_icon": "https:\/\/a.slack-edge.com\/80588\/img\/unfurl_icons\/github.png",
                "id": 1,
                "original_url": "https:\/\/github.com\/thegooddocsproject\/templates"
            }
        ],
        "blocks": [
            {
                "type": "rich_text",
                "block_id": "2s4",
                "elements": [
                    {
                        "type": "rich_text_section",
                        "elements": [
                            {
                                "type": "text",
                                "text": "Each of us will take one or two directories in the "
                            },
                            {
                                "type": "link",
                                "url": "https:\/\/github.com\/thegooddocsproject\/templates"
                            },
                            {
                                "type": "text",
                                "text": " repo"
                            }
                        ]
                    }
                ]
            }
        ]
    },
    {
        "client_msg_id": "C9BBA924-865C-4726-B81C-22EFC2FC09C8",
        "type": "message",
        "text": "Yeah, I think it’s a good idea to split it up like that. How will we mark when a doc has been completely dealt with?",
        "user": "UKV4ZPEFQ",
        "ts": "1574933385.006600",
        "team": "TKFJE6LDR",
        "user_team": "TKFJE6LDR",
        "source_team": "TKFJE6LDR",
        "user_profile": {
            "avatar_hash": "g854c628ef64",
            "image_72": "https:\/\/secure.gravatar.com\/avatar\/6854c628ef64a4c129a994522e17cdf2.jpg?s=72&d=https%3A%2F%2Fa.slack-edge.com%2Fdf10d%2Fimg%2Favatars%2Fava_0007-72.png",
            "first_name": "felicitybrand",
            "real_name": "felicitybrand",
            "display_name": "flicstar",
            "team": "TKFJE6LDR",
            "name": "felicitybrand",
            "is_restricted": false,
            "is_ultra_restricted": false
        }
    },
    {
        "client_msg_id": "5ae4abf2-e226-4f56-a26f-b583a549d937",
        "type": "message",
        "text": "We will then extract comments out of <https:\/\/drive.google.com\/drive\/u\/0\/folders\/1He_WbY7qEzCVs1ub9nLQhrL8GOoogy5d> in each folder and then convert them into GitHub Issues in the Templates repo",
        "user": "UKVC4NB71",
        "ts": "1574933389.006700",
        "team": "TKFJE6LDR",
        "user_team": "TKFJE6LDR",
        "source_team": "TKFJE6LDR",
        "user_profile": {
            "avatar_hash": "c7d9788d4436",
            "image_72": "https:\/\/avatars.slack-edge.com\/2019-10-30\/814314609877_c7d9788d4436969613a7_72.jpg",
            "first_name": "Jared",
            "real_name": "Jared Morgan",
            "display_name": "jaredmorgs",
            "team": "TKFJE6LDR",
            "name": "jaredleonmorgan",
            "is_restricted": false,
            "is_ultra_restricted": false
        },
        "blocks": [
            {
                "type": "rich_text",
                "block_id": "cXI1w",
                "elements": [
                    {
                        "type": "rich_text_section",
                        "elements": [
                            {
                                "type": "text",
                                "text": "We will then extract comments out of "
                            },
                            {
                                "type": "link",
                                "url": "https:\/\/drive.google.com\/drive\/u\/0\/folders\/1He_WbY7qEzCVs1ub9nLQhrL8GOoogy5d"
                            },
                            {
                                "type": "text",
                                "text": " in each folder and then convert them into GitHub Issues in the Templates repo"
                            }
                        ]
                    }
                ]
            }
        ]
    },
    {
        "client_msg_id": "3cc61157-cb26-49ea-b28e-4f01b295f216",
        "type": "message",
        "text": "We resolve all the comments <@UKV4ZPEFQ>",
        "user": "UKVC4NB71",
        "ts": "1574933401.007100",
        "team": "TKFJE6LDR",
        "user_team": "TKFJE6LDR",
        "source_team": "TKFJE6LDR",
        "user_profile": {
            "avatar_hash": "c7d9788d4436",
            "image_72": "https:\/\/avatars.slack-edge.com\/2019-10-30\/814314609877_c7d9788d4436969613a7_72.jpg",
            "first_name": "Jared",
            "real_name": "Jared Morgan",
            "display_name": "jaredmorgs",
            "team": "TKFJE6LDR",
            "name": "jaredleonmorgan",
            "is_restricted": false,
            "is_ultra_restricted": false
        },
        "blocks": [
            {
                "type": "rich_text",
                "block_id": "bMy",
                "elements": [
                    {
                        "type": "rich_text_section",
                        "elements": [
                            {
                                "type": "text",
                                "text": "We resolve all the comments "
                            },
                            {
                                "type": "user",
                                "user_id": "UKV4ZPEFQ"
                            }
                        ]
                    }
                ]
            }
        ],
        "reactions": [
            {
                "name": "joy",
                "users": [
                    "UKV4ZPEFQ"
                ],
                "count": 1
            }
        ]
    },
    {
        "client_msg_id": "e298c600-090e-479a-883d-6cfce9f35f3a",
        "type": "message",
        "text": "I suggest that we start by stating in slack “I’m about to review XXXX”, and then we do it, then move onto next.",
        "user": "UKTGLQNGG",
        "ts": "1574933409.007300",
        "team": "TKFJE6LDR",
        "user_team": "TKFJE6LDR",
        "source_team": "TKFJE6LDR",
        "user_profile": {
            "avatar_hash": "ge03fcb118b0",
            "image_72": "https:\/\/secure.gravatar.com\/avatar\/9e03fcb118b0853a3fedfdee2367779d.jpg?s=72&d=https%3A%2F%2Fa.slack-edge.com%2Fdf10d%2Fimg%2Favatars%2Fava_0021-72.png",
            "first_name": "Cameron",
            "real_name": "Cameron Shorter",
            "display_name": "cameronshorter",
            "team": "TKFJE6LDR",
            "name": "cameron.shorter",
            "is_restricted": false,
            "is_ultra_restricted": false
        },
        "blocks": [
            {
                "type": "rich_text",
                "block_id": "8ff",
                "elements": [
                    {
                        "type": "rich_text_section",
                        "elements": [
                            {
                                "type": "text",
                                "text": "I suggest that we start by stating in slack “I’m about to review XXXX”, and then we do it, then move onto next."
                            }
                        ]
                    }
                ]
            }
        ]
    },
    {
        "client_msg_id": "07B7D850-E3E9-42F8-BA00-36B4E532BDF4",
        "type": "message",
        "text": "I’m on the train right now with no headset - sorry I can’t join.",
        "user": "UKV4ZPEFQ",
        "ts": "1574933467.008500",
        "team": "TKFJE6LDR",
        "user_team": "TKFJE6LDR",
        "source_team": "TKFJE6LDR",
        "user_profile": {
            "avatar_hash": "g854c628ef64",
            "image_72": "https:\/\/secure.gravatar.com\/avatar\/6854c628ef64a4c129a994522e17cdf2.jpg?s=72&d=https%3A%2F%2Fa.slack-edge.com%2Fdf10d%2Fimg%2Favatars%2Fava_0007-72.png",
            "first_name": "felicitybrand",
            "real_name": "felicitybrand",
            "display_name": "flicstar",
            "team": "TKFJE6LDR",
            "name": "felicitybrand",
            "is_restricted": false,
            "is_ultra_restricted": false
        }
    },
    {
        "client_msg_id": "18A97109-BC4F-415C-B062-3773FB981881",
        "type": "message",
        "text": "“Extract comments” is that automated?",
        "user": "UKV4ZPEFQ",
        "ts": "1574933488.009000",
        "team": "TKFJE6LDR",
        "user_team": "TKFJE6LDR",
        "source_team": "TKFJE6LDR",
        "user_profile": {
            "avatar_hash": "g854c628ef64",
            "image_72": "https:\/\/secure.gravatar.com\/avatar\/6854c628ef64a4c129a994522e17cdf2.jpg?s=72&d=https%3A%2F%2Fa.slack-edge.com%2Fdf10d%2Fimg%2Favatars%2Fava_0007-72.png",
            "first_name": "felicitybrand",
            "real_name": "felicitybrand",
            "display_name": "flicstar",
            "team": "TKFJE6LDR",
            "name": "felicitybrand",
            "is_restricted": false,
            "is_ultra_restricted": false
        }
    },
    {
        "client_msg_id": "8a8ca1f8-c4e8-4ece-83c9-b9291f754f4f",
        "type": "message",
        "text": "We can probably have a excel list of files, that we tick off.",
        "user": "UKTGLQNGG",
        "ts": "1574933508.009600",
        "team": "TKFJE6LDR",
        "user_team": "TKFJE6LDR",
        "source_team": "TKFJE6LDR",
        "user_profile": {
            "avatar_hash": "ge03fcb118b0",
            "image_72": "https:\/\/secure.gravatar.com\/avatar\/9e03fcb118b0853a3fedfdee2367779d.jpg?s=72&d=https%3A%2F%2Fa.slack-edge.com%2Fdf10d%2Fimg%2Favatars%2Fava_0021-72.png",
            "first_name": "Cameron",
            "real_name": "Cameron Shorter",
            "display_name": "cameronshorter",
            "team": "TKFJE6LDR",
            "name": "cameron.shorter",
            "is_restricted": false,
            "is_ultra_restricted": false
        },
        "blocks": [
            {
                "type": "rich_text",
                "block_id": "qmZ",
                "elements": [
                    {
                        "type": "rich_text_section",
                        "elements": [
                            {
                                "type": "text",
                                "text": "We can probably have a excel list of files, that we tick off."
                            }
                        ]
                    }
                ]
            }
        ],
        "reactions": [
            {
                "name": "+1",
                "users": [
                    "UL9F82XL3",
                    "UKV4ZPEFQ"
                ],
                "count": 2
            }
        ]
    },
    {
        "client_msg_id": "c61a6ba9-8db2-4894-b485-23ba3d29255f",
        "type": "message",
        "text": "No that is us doing the monkey work to get them out of the docs and into the issue tracker in GitHub",
        "user": "UKVC4NB71",
        "ts": "1574933514.009800",
        "team": "TKFJE6LDR",
        "user_team": "TKFJE6LDR",
        "source_team": "TKFJE6LDR",
        "user_profile": {
            "avatar_hash": "c7d9788d4436",
            "image_72": "https:\/\/avatars.slack-edge.com\/2019-10-30\/814314609877_c7d9788d4436969613a7_72.jpg",
            "first_name": "Jared",
            "real_name": "Jared Morgan",
            "display_name": "jaredmorgs",
            "team": "TKFJE6LDR",
            "name": "jaredleonmorgan",
            "is_restricted": false,
            "is_ultra_restricted": false
        },
        "blocks": [
            {
                "type": "rich_text",
                "block_id": "APGTE",
                "elements": [
                    {
                        "type": "rich_text_section",
                        "elements": [
                            {
                                "type": "text",
                                "text": "No that is us doing the monkey work to get them out of the docs and into the issue tracker in GitHub"
                            }
                        ]
                    }
                ]
            }
        ]
    },
    {
        "client_msg_id": "16774359-8044-40D5-91F7-6B277ABED5DB",
        "type": "message",
        "text": "Cool cool. Was just thinking that folks get pinged on google docs when a comment is replied to or resolved. Wondered how we were going to handle that.",
        "user": "UKV4ZPEFQ",
        "ts": "1574933547.010900",
        "team": "TKFJE6LDR",
        "user_team": "TKFJE6LDR",
        "source_team": "TKFJE6LDR",
        "user_profile": {
            "avatar_hash": "g854c628ef64",
            "image_72": "https:\/\/secure.gravatar.com\/avatar\/6854c628ef64a4c129a994522e17cdf2.jpg?s=72&d=https%3A%2F%2Fa.slack-edge.com%2Fdf10d%2Fimg%2Favatars%2Fava_0007-72.png",
            "first_name": "felicitybrand",
            "real_name": "felicitybrand",
            "display_name": "flicstar",
            "team": "TKFJE6LDR",
            "name": "felicitybrand",
            "is_restricted": false,
            "is_ultra_restricted": false
        }
    },
    {
        "client_msg_id": "2d18936e-eba1-48c8-a54a-8422485e78e6",
        "type": "message",
        "text": "Should we also add a link to the github issue as a reply to the google doc comment?",
        "user": "UL9F82XL3",
        "ts": "1574933652.011500",
        "team": "TKFJE6LDR",
        "user_team": "TKFJE6LDR",
        "source_team": "TKFJE6LDR",
        "user_profile": {
            "avatar_hash": "431cbc5b0797",
            "image_72": "https:\/\/avatars.slack-edge.com\/2019-07-23\/702616820016_431cbc5b0797a8cc9f24_72.jpg",
            "first_name": "Sanket",
            "real_name": "Sanket Totewar",
            "display_name": "",
            "team": "TKFJE6LDR",
            "name": "sanket.totewar",
            "is_restricted": false,
            "is_ultra_restricted": false
        },
        "blocks": [
            {
                "type": "rich_text",
                "block_id": "Url6",
                "elements": [
                    {
                        "type": "rich_text_section",
                        "elements": [
                            {
                                "type": "text",
                                "text": "Should we also add a link to the github issue as a reply to the google doc comment?"
                            }
                        ]
                    }
                ]
            }
        ]
    },
    {
        "type": "message",
        "text": "Here is what your GitHub issue shoudl sort of look like.",
        "files": [
            {
                "id": "FR24CJ14L",
                "created": 1574933902,
                "timestamp": 1574933902,
                "name": "image.png",
                "title": "image.png",
                "mimetype": "image\/png",
                "filetype": "png",
                "pretty_type": "PNG",
                "user": "UKVC4NB71",
                "editable": false,
                "size": 134445,
                "mode": "hosted",
                "is_external": false,
                "external_type": "",
                "is_public": true,
                "public_url_shared": false,
                "display_as_bot": false,
                "username": "",
                "url_private": "https:\/\/files.slack.com\/files-pri\/TKFJE6LDR-FR24CJ14L\/image.png?t=xoxe-661626224467-1176889373458-1189513059441-ae8bad2fa75b08bee478ccbaefddd7f6",
                "url_private_download": "https:\/\/files.slack.com\/files-pri\/TKFJE6LDR-FR24CJ14L\/download\/image.png?t=xoxe-661626224467-1176889373458-1189513059441-ae8bad2fa75b08bee478ccbaefddd7f6",
                "thumb_64": "https:\/\/files.slack.com\/files-tmb\/TKFJE6LDR-FR24CJ14L-4bcd2f2dff\/image_64.png?t=xoxe-661626224467-1176889373458-1189513059441-ae8bad2fa75b08bee478ccbaefddd7f6",
                "thumb_80": "https:\/\/files.slack.com\/files-tmb\/TKFJE6LDR-FR24CJ14L-4bcd2f2dff\/image_80.png?t=xoxe-661626224467-1176889373458-1189513059441-ae8bad2fa75b08bee478ccbaefddd7f6",
                "thumb_360": "https:\/\/files.slack.com\/files-tmb\/TKFJE6LDR-FR24CJ14L-4bcd2f2dff\/image_360.png?t=xoxe-661626224467-1176889373458-1189513059441-ae8bad2fa75b08bee478ccbaefddd7f6",
                "thumb_360_w": 360,
                "thumb_360_h": 238,
                "thumb_480": "https:\/\/files.slack.com\/files-tmb\/TKFJE6LDR-FR24CJ14L-4bcd2f2dff\/image_480.png?t=xoxe-661626224467-1176889373458-1189513059441-ae8bad2fa75b08bee478ccbaefddd7f6",
                "thumb_480_w": 480,
                "thumb_480_h": 318,
                "thumb_160": "https:\/\/files.slack.com\/files-tmb\/TKFJE6LDR-FR24CJ14L-4bcd2f2dff\/image_160.png?t=xoxe-661626224467-1176889373458-1189513059441-ae8bad2fa75b08bee478ccbaefddd7f6",
                "thumb_720": "https:\/\/files.slack.com\/files-tmb\/TKFJE6LDR-FR24CJ14L-4bcd2f2dff\/image_720.png?t=xoxe-661626224467-1176889373458-1189513059441-ae8bad2fa75b08bee478ccbaefddd7f6",
                "thumb_720_w": 720,
                "thumb_720_h": 477,
                "thumb_800": "https:\/\/files.slack.com\/files-tmb\/TKFJE6LDR-FR24CJ14L-4bcd2f2dff\/image_800.png?t=xoxe-661626224467-1176889373458-1189513059441-ae8bad2fa75b08bee478ccbaefddd7f6",
                "thumb_800_w": 800,
                "thumb_800_h": 530,
                "thumb_960": "https:\/\/files.slack.com\/files-tmb\/TKFJE6LDR-FR24CJ14L-4bcd2f2dff\/image_960.png?t=xoxe-661626224467-1176889373458-1189513059441-ae8bad2fa75b08bee478ccbaefddd7f6",
                "thumb_960_w": 960,
                "thumb_960_h": 635,
                "thumb_1024": "https:\/\/files.slack.com\/files-tmb\/TKFJE6LDR-FR24CJ14L-4bcd2f2dff\/image_1024.png?t=xoxe-661626224467-1176889373458-1189513059441-ae8bad2fa75b08bee478ccbaefddd7f6",
                "thumb_1024_w": 1024,
                "thumb_1024_h": 678,
                "image_exif_rotation": 1,
                "original_w": 1044,
                "original_h": 691,
                "thumb_tiny": "AwAfADDQyrZwehwaXj1FOJxSA0AGc9CKKWkIzQAYFLimtkYwM0oJ9KVwEbpSD6\/rTiM0Y96YDfx\/Wj8f1p+Kawb+EgfWgBeuKWkUEDnGfaloA\/\/Z",
                "permalink": "https:\/\/thegooddocs.slack.com\/files\/UKVC4NB71\/FR24CJ14L\/image.png",
                "permalink_public": "https:\/\/slack-files.com\/TKFJE6LDR-FR24CJ14L-f29da3d3a0",
                "is_starred": false,
                "has_rich_preview": false
            }
        ],
        "upload": true,
        "blocks": [
            {
                "type": "rich_text",
                "block_id": "jtNd",
                "elements": [
                    {
                        "type": "rich_text_section",
                        "elements": [
                            {
                                "type": "text",
                                "text": "Here is what your GitHub issue shoudl sort of look like."
                            }
                        ]
                    }
                ]
            }
        ],
        "user": "UKVC4NB71",
        "display_as_bot": false,
        "ts": "1574933905.012000",
        "client_msg_id": "0598f977-cb62-4cab-be5a-e57c42762475"
    },
    {
        "client_msg_id": "E351FC5A-7F67-4B56-8B2E-60DD12A71D91",
        "type": "message",
        "text": "I’m not sure if that was the right Kansan to attach it to? There should be a separate kanban for the templates repo... I’ll have to check that.",
        "user": "UKV4ZPEFQ",
        "ts": "1574933924.013100",
        "team": "TKFJE6LDR",
        "user_team": "TKFJE6LDR",
        "source_team": "TKFJE6LDR",
        "user_profile": {
            "avatar_hash": "g854c628ef64",
            "image_72": "https:\/\/secure.gravatar.com\/avatar\/6854c628ef64a4c129a994522e17cdf2.jpg?s=72&d=https%3A%2F%2Fa.slack-edge.com%2Fdf10d%2Fimg%2Favatars%2Fava_0007-72.png",
            "first_name": "felicitybrand",
            "real_name": "felicitybrand",
            "display_name": "flicstar",
            "team": "TKFJE6LDR",
            "name": "felicitybrand",
            "is_restricted": false,
            "is_ultra_restricted": false
        }
    },
    {
        "client_msg_id": "f3b5e632-1c7d-4cbe-b462-16af4059ffe2",
        "type": "message",
        "text": "You copy the full comment out of the Google Doc. Easiest way to get this is click the Show Comments button (top right of the Google Docs interface next to the share buton).",
        "user": "UKVC4NB71",
        "ts": "1574933948.013500",
        "team": "TKFJE6LDR",
        "user_team": "TKFJE6LDR",
        "source_team": "TKFJE6LDR",
        "user_profile": {
            "avatar_hash": "c7d9788d4436",
            "image_72": "https:\/\/avatars.slack-edge.com\/2019-10-30\/814314609877_c7d9788d4436969613a7_72.jpg",
            "first_name": "Jared",
            "real_name": "Jared Morgan",
            "display_name": "jaredmorgs",
            "team": "TKFJE6LDR",
            "name": "jaredleonmorgan",
            "is_restricted": false,
            "is_ultra_restricted": false
        },
        "blocks": [
            {
                "type": "rich_text",
                "block_id": "WZG4X",
                "elements": [
                    {
                        "type": "rich_text_section",
                        "elements": [
                            {
                                "type": "text",
                                "text": "You copy the full comment out of the Google Doc. Easiest way to get this is click the Show Comments button (top right of the Google Docs interface next to the share buton)."
                            }
                        ]
                    }
                ]
            }
        ],
        "thread_ts": "1574933948.013500",
        "reply_count": 1,
        "reply_users_count": 1,
        "latest_reply": "1574934040.014100",
        "reply_users": [
            "UL9F82XL3"
        ],
        "replies": [
            {
                "user": "UL9F82XL3",
                "ts": "1574934040.014100"
            }
        ],
        "subscribed": false
    },
    {
        "type": "message",
        "text": "This one…",
        "files": [
            {
                "id": "FR4Q0DASJ",
                "created": 1574934038,
                "timestamp": 1574934038,
                "name": "Screen Shot 2019-11-28 at 20.39.57.png",
                "title": "Screen Shot 2019-11-28 at 20.39.57.png",
                "mimetype": "image\/png",
                "filetype": "png",
                "pretty_type": "PNG",
                "user": "UL9F82XL3",
                "editable": false,
                "size": 22534,
                "mode": "hosted",
                "is_external": false,
                "external_type": "",
                "is_public": true,
                "public_url_shared": false,
                "display_as_bot": false,
                "username": "",
                "url_private": "https:\/\/files.slack.com\/files-pri\/TKFJE6LDR-FR4Q0DASJ\/screen_shot_2019-11-28_at_20.39.57.png?t=xoxe-661626224467-1176889373458-1189513059441-ae8bad2fa75b08bee478ccbaefddd7f6",
                "url_private_download": "https:\/\/files.slack.com\/files-pri\/TKFJE6LDR-FR4Q0DASJ\/download\/screen_shot_2019-11-28_at_20.39.57.png?t=xoxe-661626224467-1176889373458-1189513059441-ae8bad2fa75b08bee478ccbaefddd7f6",
                "thumb_64": "https:\/\/files.slack.com\/files-tmb\/TKFJE6LDR-FR4Q0DASJ-cd3cc278ff\/screen_shot_2019-11-28_at_20.39.57_64.png?t=xoxe-661626224467-1176889373458-1189513059441-ae8bad2fa75b08bee478ccbaefddd7f6",
                "thumb_80": "https:\/\/files.slack.com\/files-tmb\/TKFJE6LDR-FR4Q0DASJ-cd3cc278ff\/screen_shot_2019-11-28_at_20.39.57_80.png?t=xoxe-661626224467-1176889373458-1189513059441-ae8bad2fa75b08bee478ccbaefddd7f6",
                "thumb_360": "https:\/\/files.slack.com\/files-tmb\/TKFJE6LDR-FR4Q0DASJ-cd3cc278ff\/screen_shot_2019-11-28_at_20.39.57_360.png?t=xoxe-661626224467-1176889373458-1189513059441-ae8bad2fa75b08bee478ccbaefddd7f6",
                "thumb_360_w": 360,
                "thumb_360_h": 100,
                "thumb_160": "https:\/\/files.slack.com\/files-tmb\/TKFJE6LDR-FR4Q0DASJ-cd3cc278ff\/screen_shot_2019-11-28_at_20.39.57_160.png?t=xoxe-661626224467-1176889373458-1189513059441-ae8bad2fa75b08bee478ccbaefddd7f6",
                "image_exif_rotation": 1,
                "original_w": 404,
                "original_h": 112,
                "thumb_tiny": "AwANADC5JLtbBXP1NJcyPGo2Hvip8U2SJJFAYHjnrRHR6iaKpmmDEeYOBnoKQzzqMlx+lT\/ZIvQ\/nR9ki9D+dac0SbMfG7GAPjLYqG2nkkcrJtP0qwqKqBAPlxjFNjgjiJKIAT3qGWf\/2Q==",
                "permalink": "https:\/\/thegooddocs.slack.com\/files\/UL9F82XL3\/FR4Q0DASJ\/screen_shot_2019-11-28_at_20.39.57.png",
                "permalink_public": "https:\/\/slack-files.com\/TKFJE6LDR-FR4Q0DASJ-f0d8d44a1a",
                "is_starred": false,
                "has_rich_preview": false
            }
        ],
        "upload": true,
        "blocks": [
            {
                "type": "rich_text",
                "block_id": "P2Ty",
                "elements": [
                    {
                        "type": "rich_text_section",
                        "elements": [
                            {
                                "type": "text",
                                "text": "This one…"
                            }
                        ]
                    }
                ]
            }
        ],
        "user": "UL9F82XL3",
        "display_as_bot": false,
        "ts": "1574934040.014100",
        "client_msg_id": "98874d37-6556-4443-bce2-25b8bd528e15",
        "thread_ts": "1574933948.013500",
        "parent_user_id": "UKVC4NB71",
        "subtype": "thread_broadcast",
        "root": {
            "client_msg_id": "f3b5e632-1c7d-4cbe-b462-16af4059ffe2",
            "type": "message",
            "text": "You copy the full comment out of the Google Doc. Easiest way to get this is click the Show Comments button (top right of the Google Docs interface next to the share buton).",
            "user": "UKVC4NB71",
            "ts": "1574933948.013500",
            "team": "TKFJE6LDR",
            "blocks": [
                {
                    "type": "rich_text",
                    "block_id": "WZG4X",
                    "elements": [
                        {
                            "type": "rich_text_section",
                            "elements": [
                                {
                                    "type": "text",
                                    "text": "You copy the full comment out of the Google Doc. Easiest way to get this is click the Show Comments button (top right of the Google Docs interface next to the share buton)."
                                }
                            ]
                        }
                    ]
                }
            ],
            "thread_ts": "1574933948.013500",
            "reply_count": 1,
            "reply_users_count": 1,
            "latest_reply": "1574934040.014100",
            "reply_users": [
                "UL9F82XL3"
            ],
            "subscribed": false
        },
        "reactions": [
            {
                "name": "+1",
                "users": [
                    "UKVC4NB71"
                ],
                "count": 1
            }
        ]
    },
    {
        "client_msg_id": "152af587-38cb-43b9-b3fe-6862983587e2",
        "type": "message",
        "text": "<@UKTGLQNGG> Add the tracking spreadsheet to the templates.01 shared folder",
        "user": "UKVC4NB71",
        "ts": "1574934363.015300",
        "team": "TKFJE6LDR",
        "user_team": "TKFJE6LDR",
        "source_team": "TKFJE6LDR",
        "user_profile": {
            "avatar_hash": "c7d9788d4436",
            "image_72": "https:\/\/avatars.slack-edge.com\/2019-10-30\/814314609877_c7d9788d4436969613a7_72.jpg",
            "first_name": "Jared",
            "real_name": "Jared Morgan",
            "display_name": "jaredmorgs",
            "team": "TKFJE6LDR",
            "name": "jaredleonmorgan",
            "is_restricted": false,
            "is_ultra_restricted": false
        },
        "blocks": [
            {
                "type": "rich_text",
                "block_id": "WDFi",
                "elements": [
                    {
                        "type": "rich_text_section",
                        "elements": [
                            {
                                "type": "user",
                                "user_id": "UKTGLQNGG"
                            },
                            {
                                "type": "text",
                                "text": " Add the tracking spreadsheet to the templates.01 shared folder"
                            }
                        ]
                    }
                ]
            }
        ]
    },
    {
        "client_msg_id": "b0855bf6-b7d2-4213-9660-7200574433da",
        "type": "message",
        "text": "If we decide to create github issue templates:\n<https:\/\/help.github.com\/en\/github\/building-a-strong-community\/configuring-issue-templates-for-your-repository>",
        "user": "UL9F82XL3",
        "ts": "1574934436.015700",
        "team": "TKFJE6LDR",
        "user_team": "TKFJE6LDR",
        "source_team": "TKFJE6LDR",
        "user_profile": {
            "avatar_hash": "431cbc5b0797",
            "image_72": "https:\/\/avatars.slack-edge.com\/2019-07-23\/702616820016_431cbc5b0797a8cc9f24_72.jpg",
            "first_name": "Sanket",
            "real_name": "Sanket Totewar",
            "display_name": "",
            "team": "TKFJE6LDR",
            "name": "sanket.totewar",
            "is_restricted": false,
            "is_ultra_restricted": false
        },
        "edited": {
            "user": "UL9F82XL3",
            "ts": "1574934621.000000"
        },
        "blocks": [
            {
                "type": "rich_text",
                "block_id": "SUk1C",
                "elements": [
                    {
                        "type": "rich_text_section",
                        "elements": [
                            {
                                "type": "text",
                                "text": "If we decide to create github issue templates:\n"
                            },
                            {
                                "type": "link",
                                "url": "https:\/\/help.github.com\/en\/github\/building-a-strong-community\/configuring-issue-templates-for-your-repository"
                            }
                        ]
                    }
                ]
            }
        ],
        "thread_ts": "1574934436.015700",
        "reply_count": 1,
        "reply_users_count": 1,
        "latest_reply": "1574934778.017800",
        "reply_users": [
            "UL9F82XL3"
        ],
        "replies": [
            {
                "user": "UL9F82XL3",
                "ts": "1574934778.017800"
            }
        ],
        "subscribed": false
    },
    {
        "client_msg_id": "d0641ae2-bc51-4480-8bdf-b756e95fb907",
        "type": "message",
        "text": "Jo suggesting we have a “template for templates” ?",
        "user": "UKTGLQNGG",
        "ts": "1574934473.016100",
        "team": "TKFJE6LDR",
        "user_team": "TKFJE6LDR",
        "source_team": "TKFJE6LDR",
        "user_profile": {
            "avatar_hash": "ge03fcb118b0",
            "image_72": "https:\/\/secure.gravatar.com\/avatar\/9e03fcb118b0853a3fedfdee2367779d.jpg?s=72&d=https%3A%2F%2Fa.slack-edge.com%2Fdf10d%2Fimg%2Favatars%2Fava_0021-72.png",
            "first_name": "Cameron",
            "real_name": "Cameron Shorter",
            "display_name": "cameronshorter",
            "team": "TKFJE6LDR",
            "name": "cameron.shorter",
            "is_restricted": false,
            "is_ultra_restricted": false
        },
        "blocks": [
            {
                "type": "rich_text",
                "block_id": "UgZaI",
                "elements": [
                    {
                        "type": "rich_text_section",
                        "elements": [
                            {
                                "type": "text",
                                "text": "Jo suggesting we have a “template for templates” ?"
                            }
                        ]
                    }
                ]
            }
        ]
    },
    {
        "client_msg_id": "ab94cd8a-37fd-4fdd-be8c-285cd1ac7324",
        "type": "message",
        "text": "Sorry, my bandwidth is really shitty at the moment.",
        "user": "UKTGLQNGG",
        "ts": "1574934480.016200",
        "team": "TKFJE6LDR",
        "user_team": "TKFJE6LDR",
        "source_team": "TKFJE6LDR",
        "user_profile": {
            "avatar_hash": "ge03fcb118b0",
            "image_72": "https:\/\/secure.gravatar.com\/avatar\/9e03fcb118b0853a3fedfdee2367779d.jpg?s=72&d=https%3A%2F%2Fa.slack-edge.com%2Fdf10d%2Fimg%2Favatars%2Fava_0021-72.png",
            "first_name": "Cameron",
            "real_name": "Cameron Shorter",
            "display_name": "cameronshorter",
            "team": "TKFJE6LDR",
            "name": "cameron.shorter",
            "is_restricted": false,
            "is_ultra_restricted": false
        },
        "blocks": [
            {
                "type": "rich_text",
                "block_id": "09NiZ",
                "elements": [
                    {
                        "type": "rich_text_section",
                        "elements": [
                            {
                                "type": "text",
                                "text": "Sorry, my bandwidth is really shitty at the moment."
                            }
                        ]
                    }
                ]
            }
        ]
    },
    {
        "client_msg_id": "123be1d4-e3cb-47ef-88c1-081331baed8a",
        "type": "message",
        "text": "Templates for structuring the bugs we’re creating as a part of the review process",
        "user": "UL9F82XL3",
        "ts": "1574934591.016900",
        "team": "TKFJE6LDR",
        "user_team": "TKFJE6LDR",
        "source_team": "TKFJE6LDR",
        "user_profile": {
            "avatar_hash": "431cbc5b0797",
            "image_72": "https:\/\/avatars.slack-edge.com\/2019-07-23\/702616820016_431cbc5b0797a8cc9f24_72.jpg",
            "first_name": "Sanket",
            "real_name": "Sanket Totewar",
            "display_name": "",
            "team": "TKFJE6LDR",
            "name": "sanket.totewar",
            "is_restricted": false,
            "is_ultra_restricted": false
        },
        "blocks": [
            {
                "type": "rich_text",
                "block_id": "w4o",
                "elements": [
                    {
                        "type": "rich_text_section",
                        "elements": [
                            {
                                "type": "text",
                                "text": "Templates for structuring the bugs we’re creating as a part of the review process"
                            }
                        ]
                    }
                ]
            }
        ]
    },
    {
        "client_msg_id": "c145dcb9-7234-4645-9eb9-91632a9f1932",
        "type": "message",
        "text": "<@UKTGLQNGG> ^^",
        "user": "UKVC4NB71",
        "ts": "1574934746.017300",
        "team": "TKFJE6LDR",
        "user_team": "TKFJE6LDR",
        "source_team": "TKFJE6LDR",
        "user_profile": {
            "avatar_hash": "c7d9788d4436",
            "image_72": "https:\/\/avatars.slack-edge.com\/2019-10-30\/814314609877_c7d9788d4436969613a7_72.jpg",
            "first_name": "Jared",
            "real_name": "Jared Morgan",
            "display_name": "jaredmorgs",
            "team": "TKFJE6LDR",
            "name": "jaredleonmorgan",
            "is_restricted": false,
            "is_ultra_restricted": false
        },
        "blocks": [
            {
                "type": "rich_text",
                "block_id": "sA0g",
                "elements": [
                    {
                        "type": "rich_text_section",
                        "elements": [
                            {
                                "type": "user",
                                "user_id": "UKTGLQNGG"
                            },
                            {
                                "type": "text",
                                "text": " ^^"
                            }
                        ]
                    }
                ]
            }
        ]
    },
    {
        "client_msg_id": "fed80078-bfb6-4be1-92e1-bdb1e9bff200",
        "type": "message",
        "text": "don't worry aobut it for now",
        "user": "UKVC4NB71",
        "ts": "1574934772.017600",
        "team": "TKFJE6LDR",
        "user_team": "TKFJE6LDR",
        "source_team": "TKFJE6LDR",
        "user_profile": {
            "avatar_hash": "c7d9788d4436",
            "image_72": "https:\/\/avatars.slack-edge.com\/2019-10-30\/814314609877_c7d9788d4436969613a7_72.jpg",
            "first_name": "Jared",
            "real_name": "Jared Morgan",
            "display_name": "jaredmorgs",
            "team": "TKFJE6LDR",
            "name": "jaredleonmorgan",
            "is_restricted": false,
            "is_ultra_restricted": false
        },
        "blocks": [
            {
                "type": "rich_text",
                "block_id": "Shq",
                "elements": [
                    {
                        "type": "rich_text_section",
                        "elements": [
                            {
                                "type": "text",
                                "text": "don't worry aobut it for now"
                            }
                        ]
                    }
                ]
            }
        ]
    },
    {
        "client_msg_id": "84023b3a-41c5-48e3-8f76-a62c30ceb038",
        "type": "message",
        "text": "<@UKTGLQNGG> - Jared and I do not have access; maybe you and <@UKG4RHGBD> do",
        "user": "UL9F82XL3",
        "ts": "1574934778.017800",
        "team": "TKFJE6LDR",
        "user_team": "TKFJE6LDR",
        "source_team": "TKFJE6LDR",
        "user_profile": {
            "avatar_hash": "431cbc5b0797",
            "image_72": "https:\/\/avatars.slack-edge.com\/2019-07-23\/702616820016_431cbc5b0797a8cc9f24_72.jpg",
            "first_name": "Sanket",
            "real_name": "Sanket Totewar",
            "display_name": "",
            "team": "TKFJE6LDR",
            "name": "sanket.totewar",
            "is_restricted": false,
            "is_ultra_restricted": false
        },
        "blocks": [
            {
                "type": "rich_text",
                "block_id": "TNv4W",
                "elements": [
                    {
                        "type": "rich_text_section",
                        "elements": [
                            {
                                "type": "user",
                                "user_id": "UKTGLQNGG"
                            },
                            {
                                "type": "text",
                                "text": " - Jared and I do not have access; maybe you and "
                            },
                            {
                                "type": "user",
                                "user_id": "UKG4RHGBD"
                            },
                            {
                                "type": "text",
                                "text": " do"
                            }
                        ]
                    }
                ]
            }
        ],
        "thread_ts": "1574934436.015700",
        "parent_user_id": "UL9F82XL3"
    },
    {
        "client_msg_id": "b2597246-30d7-4095-b913-4337192a594d",
        "type": "message",
        "text": "but in the future we weill need to set a proforma for them",
        "user": "UKVC4NB71",
        "ts": "1574934785.018100",
        "team": "TKFJE6LDR",
        "user_team": "TKFJE6LDR",
        "source_team": "TKFJE6LDR",
        "user_profile": {
            "avatar_hash": "c7d9788d4436",
            "image_72": "https:\/\/avatars.slack-edge.com\/2019-10-30\/814314609877_c7d9788d4436969613a7_72.jpg",
            "first_name": "Jared",
            "real_name": "Jared Morgan",
            "display_name": "jaredmorgs",
            "team": "TKFJE6LDR",
            "name": "jaredleonmorgan",
            "is_restricted": false,
            "is_ultra_restricted": false
        },
        "blocks": [
            {
                "type": "rich_text",
                "block_id": "yUH",
                "elements": [
                    {
                        "type": "rich_text_section",
                        "elements": [
                            {
                                "type": "text",
                                "text": "but in the future we weill need to set a proforma for them"
                            }
                        ]
                    }
                ]
            }
        ],
        "reactions": [
            {
                "name": "+1",
                "users": [
                    "UL9F82XL3"
                ],
                "count": 1
            }
        ]
    },
    {
        "client_msg_id": "f9c05250-71ff-41b0-9be5-57553d51bb41",
        "type": "message",
        "text": "yep me neither",
        "user": "UKVC4NB71",
        "ts": "1574934788.018300",
        "team": "TKFJE6LDR",
        "user_team": "TKFJE6LDR",
        "source_team": "TKFJE6LDR",
        "user_profile": {
            "avatar_hash": "c7d9788d4436",
            "image_72": "https:\/\/avatars.slack-edge.com\/2019-10-30\/814314609877_c7d9788d4436969613a7_72.jpg",
            "first_name": "Jared",
            "real_name": "Jared Morgan",
            "display_name": "jaredmorgs",
            "team": "TKFJE6LDR",
            "name": "jaredleonmorgan",
            "is_restricted": false,
            "is_ultra_restricted": false
        },
        "blocks": [
            {
                "type": "rich_text",
                "block_id": "Hfcq",
                "elements": [
                    {
                        "type": "rich_text_section",
                        "elements": [
                            {
                                "type": "text",
                                "text": "yep me neither"
                            }
                        ]
                    }
                ]
            }
        ]
    },
    {
        "client_msg_id": "b75c0956-1c6f-4ee4-a471-40c1641b7c43",
        "type": "message",
        "text": "See you later.",
        "user": "UKVC4NB71",
        "ts": "1574934804.018600",
        "team": "TKFJE6LDR",
        "user_team": "TKFJE6LDR",
        "source_team": "TKFJE6LDR",
        "user_profile": {
            "avatar_hash": "c7d9788d4436",
            "image_72": "https:\/\/avatars.slack-edge.com\/2019-10-30\/814314609877_c7d9788d4436969613a7_72.jpg",
            "first_name": "Jared",
            "real_name": "Jared Morgan",
            "display_name": "jaredmorgs",
            "team": "TKFJE6LDR",
            "name": "jaredleonmorgan",
            "is_restricted": false,
            "is_ultra_restricted": false
        },
        "blocks": [
            {
                "type": "rich_text",
                "block_id": "5qwh",
                "elements": [
                    {
                        "type": "rich_text_section",
                        "elements": [
                            {
                                "type": "text",
                                "text": "See you later."
                            }
                        ]
                    }
                ]
            }
        ]
    },
    {
        "client_msg_id": "30e2688e-4fae-45d5-a3d5-ab9567eeeace",
        "type": "message",
        "text": "I've implemented the labelling taxonomy. Check it out here: <https:\/\/github.com\/thegooddocsproject\/templates\/labels>",
        "user": "UKVC4NB71",
        "ts": "1574936017.019100",
        "team": "TKFJE6LDR",
        "user_team": "TKFJE6LDR",
        "source_team": "TKFJE6LDR",
        "user_profile": {
            "avatar_hash": "c7d9788d4436",
            "image_72": "https:\/\/avatars.slack-edge.com\/2019-10-30\/814314609877_c7d9788d4436969613a7_72.jpg",
            "first_name": "Jared",
            "real_name": "Jared Morgan",
            "display_name": "jaredmorgs",
            "team": "TKFJE6LDR",
            "name": "jaredleonmorgan",
            "is_restricted": false,
            "is_ultra_restricted": false
        },
        "attachments": [
            {
                "service_name": "GitHub",
                "title": "thegooddocsproject\/templates",
                "title_link": "https:\/\/github.com\/thegooddocsproject\/templates\/labels",
                "text": "Templates created by The Good Docs Project - for all your tech writing needs. - thegooddocsproject\/templates",
                "fallback": "GitHub: thegooddocsproject\/templates",
                "thumb_url": "https:\/\/avatars1.githubusercontent.com\/u\/52089481?s=400&v=4",
                "from_url": "https:\/\/github.com\/thegooddocsproject\/templates\/labels",
                "thumb_width": 400,
                "thumb_height": 400,
                "service_icon": "https:\/\/a.slack-edge.com\/80588\/img\/unfurl_icons\/github.png",
                "id": 1,
                "original_url": "https:\/\/github.com\/thegooddocsproject\/templates\/labels"
            }
        ],
        "blocks": [
            {
                "type": "rich_text",
                "block_id": "Se5",
                "elements": [
                    {
                        "type": "rich_text_section",
                        "elements": [
                            {
                                "type": "text",
                                "text": "I've implemented the labelling taxonomy. Check it out here: "
                            },
                            {
                                "type": "link",
                                "url": "https:\/\/github.com\/thegooddocsproject\/templates\/labels"
                            }
                        ]
                    }
                ]
            }
        ]
    },
    {
        "type": "message",
        "text": "Here's how that same issue looks with the labels on it.\n• It's part of the `template-api-overview` family. \n• It relates to `template-about-guidance` docs in the family. \n• It's of type `improve`. \n• It was collected as part of `wtdau2019`",
        "files": [
            {
                "id": "FR4RCSN5C",
                "created": 1574936303,
                "timestamp": 1574936303,
                "name": "image.png",
                "title": "image.png",
                "mimetype": "image\/png",
                "filetype": "png",
                "pretty_type": "PNG",
                "user": "UKVC4NB71",
                "editable": false,
                "size": 227457,
                "mode": "hosted",
                "is_external": false,
                "external_type": "",
                "is_public": true,
                "public_url_shared": false,
                "display_as_bot": false,
                "username": "",
                "url_private": "https:\/\/files.slack.com\/files-pri\/TKFJE6LDR-FR4RCSN5C\/image.png?t=xoxe-661626224467-1176889373458-1189513059441-ae8bad2fa75b08bee478ccbaefddd7f6",
                "url_private_download": "https:\/\/files.slack.com\/files-pri\/TKFJE6LDR-FR4RCSN5C\/download\/image.png?t=xoxe-661626224467-1176889373458-1189513059441-ae8bad2fa75b08bee478ccbaefddd7f6",
                "thumb_64": "https:\/\/files.slack.com\/files-tmb\/TKFJE6LDR-FR4RCSN5C-f103c0f46d\/image_64.png?t=xoxe-661626224467-1176889373458-1189513059441-ae8bad2fa75b08bee478ccbaefddd7f6",
                "thumb_80": "https:\/\/files.slack.com\/files-tmb\/TKFJE6LDR-FR4RCSN5C-f103c0f46d\/image_80.png?t=xoxe-661626224467-1176889373458-1189513059441-ae8bad2fa75b08bee478ccbaefddd7f6",
                "thumb_360": "https:\/\/files.slack.com\/files-tmb\/TKFJE6LDR-FR4RCSN5C-f103c0f46d\/image_360.png?t=xoxe-661626224467-1176889373458-1189513059441-ae8bad2fa75b08bee478ccbaefddd7f6",
                "thumb_360_w": 360,
                "thumb_360_h": 290,
                "thumb_480": "https:\/\/files.slack.com\/files-tmb\/TKFJE6LDR-FR4RCSN5C-f103c0f46d\/image_480.png?t=xoxe-661626224467-1176889373458-1189513059441-ae8bad2fa75b08bee478ccbaefddd7f6",
                "thumb_480_w": 480,
                "thumb_480_h": 386,
                "thumb_160": "https:\/\/files.slack.com\/files-tmb\/TKFJE6LDR-FR4RCSN5C-f103c0f46d\/image_160.png?t=xoxe-661626224467-1176889373458-1189513059441-ae8bad2fa75b08bee478ccbaefddd7f6",
                "thumb_720": "https:\/\/files.slack.com\/files-tmb\/TKFJE6LDR-FR4RCSN5C-f103c0f46d\/image_720.png?t=xoxe-661626224467-1176889373458-1189513059441-ae8bad2fa75b08bee478ccbaefddd7f6",
                "thumb_720_w": 720,
                "thumb_720_h": 579,
                "thumb_800": "https:\/\/files.slack.com\/files-tmb\/TKFJE6LDR-FR4RCSN5C-f103c0f46d\/image_800.png?t=xoxe-661626224467-1176889373458-1189513059441-ae8bad2fa75b08bee478ccbaefddd7f6",
                "thumb_800_w": 800,
                "thumb_800_h": 644,
                "thumb_960": "https:\/\/files.slack.com\/files-tmb\/TKFJE6LDR-FR4RCSN5C-f103c0f46d\/image_960.png?t=xoxe-661626224467-1176889373458-1189513059441-ae8bad2fa75b08bee478ccbaefddd7f6",
                "thumb_960_w": 960,
                "thumb_960_h": 773,
                "thumb_1024": "https:\/\/files.slack.com\/files-tmb\/TKFJE6LDR-FR4RCSN5C-f103c0f46d\/image_1024.png?t=xoxe-661626224467-1176889373458-1189513059441-ae8bad2fa75b08bee478ccbaefddd7f6",
                "thumb_1024_w": 1024,
                "thumb_1024_h": 824,
                "image_exif_rotation": 1,
                "original_w": 1127,
                "original_h": 907,
                "thumb_tiny": "AwAmADDQYjPelB9j+VJggkkDk8YzSjNABu9j+VGc9j+VOo59qAE7ZoU5HQj60uaKAEbpSAe1K3b\/ABxTSQB1\/WgBce1GMU3JPTB\/4FTm3BTtALdsmgCN4d7ltwx9KfGmwEZB+gxURa4H8K\/nUsRkIPmKAe2KLBccBjPJOTnmilooAT8aPxpaKAG5wadTP4qfQB\/\/2Q==",
                "permalink": "https:\/\/thegooddocs.slack.com\/files\/UKVC4NB71\/FR4RCSN5C\/image.png",
                "permalink_public": "https:\/\/slack-files.com\/TKFJE6LDR-FR4RCSN5C-73b0be5eb8",
                "is_starred": false,
                "has_rich_preview": false
            }
        ],
        "upload": true,
        "blocks": [
            {
                "type": "rich_text",
                "block_id": "GCG",
                "elements": [
                    {
                        "type": "rich_text_section",
                        "elements": [
                            {
                                "type": "text",
                                "text": "Here's how that same issue looks with the labels on it.\n"
                            }
                        ]
                    },
                    {
                        "type": "rich_text_list",
                        "style": "bullet",
                        "indent": 0,
                        "elements": [
                            {
                                "type": "rich_text_section",
                                "elements": [
                                    {
                                        "type": "text",
                                        "text": "It's part of the "
                                    },
                                    {
                                        "type": "text",
                                        "text": "template-api-overview",
                                        "style": {
                                            "code": true
                                        }
                                    },
                                    {
                                        "type": "text",
                                        "text": " family. "
                                    }
                                ]
                            },
                            {
                                "type": "rich_text_section",
                                "elements": [
                                    {
                                        "type": "text",
                                        "text": "It relates to "
                                    },
                                    {
                                        "type": "text",
                                        "text": "template-about-guidance",
                                        "style": {
                                            "code": true
                                        }
                                    },
                                    {
                                        "type": "text",
                                        "text": " docs in the family. "
                                    }
                                ]
                            },
                            {
                                "type": "rich_text_section",
                                "elements": [
                                    {
                                        "type": "text",
                                        "text": "It's of type "
                                    },
                                    {
                                        "type": "text",
                                        "text": "improve",
                                        "style": {
                                            "code": true
                                        }
                                    },
                                    {
                                        "type": "text",
                                        "text": ". "
                                    }
                                ]
                            },
                            {
                                "type": "rich_text_section",
                                "elements": [
                                    {
                                        "type": "text",
                                        "text": "It was collected as part of "
                                    },
                                    {
                                        "type": "text",
                                        "text": "wtdau2019",
                                        "style": {
                                            "code": true
                                        }
                                    }
                                ]
                            }
                        ]
                    }
                ]
            }
        ],
        "user": "UKVC4NB71",
        "display_as_bot": false,
        "ts": "1574936307.019300",
        "client_msg_id": "7a2a1a35-6703-42ba-98e3-852e9417ebfe"
    },
    {
        "client_msg_id": "5ad76b1a-5b8d-42d6-9c52-70eb40d9efc3",
        "type": "message",
        "text": "Hope that helps everyone <!here> classify the issues when you create them.",
        "user": "UKVC4NB71",
        "ts": "1574936366.020000",
        "team": "TKFJE6LDR",
        "user_team": "TKFJE6LDR",
        "source_team": "TKFJE6LDR",
        "user_profile": {
            "avatar_hash": "c7d9788d4436",
            "image_72": "https:\/\/avatars.slack-edge.com\/2019-10-30\/814314609877_c7d9788d4436969613a7_72.jpg",
            "first_name": "Jared",
            "real_name": "Jared Morgan",
            "display_name": "jaredmorgs",
            "team": "TKFJE6LDR",
            "name": "jaredleonmorgan",
            "is_restricted": false,
            "is_ultra_restricted": false
        },
        "blocks": [
            {
                "type": "rich_text",
                "block_id": "qOfTb",
                "elements": [
                    {
                        "type": "rich_text_section",
                        "elements": [
                            {
                                "type": "text",
                                "text": "Hope that helps everyone "
                            },
                            {
                                "type": "broadcast",
                                "range": "here"
                            },
                            {
                                "type": "text",
                                "text": " classify the issues when you create them."
                            }
                        ]
                    }
                ]
            }
        ]
    },
    {
        "client_msg_id": "ad8f3170-1bd2-40c4-bc34-1a1e54eb284c",
        "type": "message",
        "text": "I'm off now. will try to make progress on this on the weekend a bit.",
        "user": "UKVC4NB71",
        "ts": "1574936384.020400",
        "team": "TKFJE6LDR",
        "user_team": "TKFJE6LDR",
        "source_team": "TKFJE6LDR",
        "user_profile": {
            "avatar_hash": "c7d9788d4436",
            "image_72": "https:\/\/avatars.slack-edge.com\/2019-10-30\/814314609877_c7d9788d4436969613a7_72.jpg",
            "first_name": "Jared",
            "real_name": "Jared Morgan",
            "display_name": "jaredmorgs",
            "team": "TKFJE6LDR",
            "name": "jaredleonmorgan",
            "is_restricted": false,
            "is_ultra_restricted": false
        },
        "blocks": [
            {
                "type": "rich_text",
                "block_id": "eJD",
                "elements": [
                    {
                        "type": "rich_text_section",
                        "elements": [
                            {
                                "type": "text",
                                "text": "I'm off now. will try to make progress on this on the weekend a bit."
                            }
                        ]
                    }
                ]
            }
        ]
    },
    {
        "client_msg_id": "8acd0ba6-0c5e-4d15-b811-b160243d168e",
        "type": "message",
        "text": "<!here> <https:\/\/github.com\/thegooddocsproject\/templates\/blob\/master\/api-overview\/about-overview.md> comments captured in bugs.",
        "user": "UKVC4NB71",
        "ts": "1574937189.021100",
        "team": "TKFJE6LDR",
        "user_team": "TKFJE6LDR",
        "source_team": "TKFJE6LDR",
        "user_profile": {
            "avatar_hash": "c7d9788d4436",
            "image_72": "https:\/\/avatars.slack-edge.com\/2019-10-30\/814314609877_c7d9788d4436969613a7_72.jpg",
            "first_name": "Jared",
            "real_name": "Jared Morgan",
            "display_name": "jaredmorgs",
            "team": "TKFJE6LDR",
            "name": "jaredleonmorgan",
            "is_restricted": false,
            "is_ultra_restricted": false
        },
        "attachments": [
            {
                "service_name": "GitHub",
                "title": "thegooddocsproject\/templates",
                "title_link": "https:\/\/github.com\/thegooddocsproject\/templates\/blob\/master\/api-overview\/about-overview.md",
                "text": "Templates created by The Good Docs Project - for all your tech writing needs. - thegooddocsproject\/templates",
                "fallback": "GitHub: thegooddocsproject\/templates",
                "thumb_url": "https:\/\/avatars1.githubusercontent.com\/u\/52089481?s=400&v=4",
                "from_url": "https:\/\/github.com\/thegooddocsproject\/templates\/blob\/master\/api-overview\/about-overview.md",
                "thumb_width": 400,
                "thumb_height": 400,
                "service_icon": "https:\/\/a.slack-edge.com\/80588\/img\/unfurl_icons\/github.png",
                "id": 1,
                "original_url": "https:\/\/github.com\/thegooddocsproject\/templates\/blob\/master\/api-overview\/about-overview.md"
            }
        ],
        "blocks": [
            {
                "type": "rich_text",
                "block_id": "JnOru",
                "elements": [
                    {
                        "type": "rich_text_section",
                        "elements": [
                            {
                                "type": "broadcast",
                                "range": "here"
                            },
                            {
                                "type": "text",
                                "text": " "
                            },
                            {
                                "type": "link",
                                "url": "https:\/\/github.com\/thegooddocsproject\/templates\/blob\/master\/api-overview\/about-overview.md"
                            },
                            {
                                "type": "text",
                                "text": " comments captured in bugs."
                            }
                        ]
                    }
                ]
            }
        ]
    }
]