[
    {
        "client_msg_id": "687faa16-c4f5-4871-bf23-071e4f86c189",
        "type": "message",
        "text": "<@UL2AA1FF1> Does the Export app in Slack work a bit like the method described in this article? <https:\/\/levels.io\/slack-export-to-html\/>",
        "user": "UKVC4NB71",
        "ts": "1574303289.001900",
        "team": "TKFJE6LDR",
        "user_team": "TKFJE6LDR",
        "source_team": "TKFJE6LDR",
        "user_profile": {
            "avatar_hash": "c7d9788d4436",
            "image_72": "https:\/\/avatars.slack-edge.com\/2019-10-30\/814314609877_c7d9788d4436969613a7_72.jpg",
            "first_name": "Jared",
            "real_name": "Jared Morgan",
            "display_name": "jaredmorgs",
            "team": "TKFJE6LDR",
            "name": "jaredleonmorgan",
            "is_restricted": false,
            "is_ultra_restricted": false
        },
        "attachments": [
            {
                "service_name": "levels.io",
                "title": "How to export your Slack's entire archive as HTML message logs",
                "title_link": "https:\/\/levels.io\/slack-export-to-html\/",
                "text": "My chat community on Slack for digital nomads, called #nomads, has almost 4,000 members now. And it’s been going for almost a year now (actually, exactly 6 days and it will be one year, wow!). Since it’s 4,000 people, we’ve always had issues with the",
                "fallback": "levels.io: How to export your Slack's entire archive as HTML message logs",
                "image_url": "https:\/\/levels.io\/content\/images\/2015\/08\/Untitled-23.png",
                "image_width": 500,
                "image_height": 250,
                "fields": [
                    {
                        "title": "Written by",
                        "value": "levels",
                        "short": true
                    },
                    {
                        "title": "Filed under",
                        "value": "Tech, Tutorials",
                        "short": true
                    }
                ],
                "ts": 1440549524,
                "from_url": "https:\/\/levels.io\/slack-export-to-html\/",
                "image_bytes": 540220,
                "service_icon": "https:\/\/levels.io\/favicon.png",
                "id": 1,
                "original_url": "https:\/\/levels.io\/slack-export-to-html\/"
            }
        ],
        "blocks": [
            {
                "type": "rich_text",
                "block_id": "Tb6K3",
                "elements": [
                    {
                        "type": "rich_text_section",
                        "elements": [
                            {
                                "type": "user",
                                "user_id": "UL2AA1FF1"
                            },
                            {
                                "type": "text",
                                "text": " Does the Export app in Slack work a bit like the method described in this article? "
                            },
                            {
                                "type": "link",
                                "url": "https:\/\/levels.io\/slack-export-to-html\/"
                            }
                        ]
                    }
                ]
            }
        ]
    }
]