[
    {
        "client_msg_id": "c1e6241c-b03c-42bb-be1c-54935e452bee",
        "type": "message",
        "text": "yes!",
        "user": "UL2AA1FF1",
        "ts": "1574347369.002200",
        "team": "TKFJE6LDR",
        "user_team": "TKFJE6LDR",
        "source_team": "TKFJE6LDR",
        "user_profile": {
            "avatar_hash": "22135067b36d",
            "image_72": "https:\/\/avatars.slack-edge.com\/2019-10-23\/805254797908_22135067b36dfb715e99_72.jpg",
            "first_name": "",
            "real_name": "Erin McKean",
            "display_name": "Erin McKean",
            "team": "TKFJE6LDR",
            "name": "emckean",
            "is_restricted": false,
            "is_ultra_restricted": false
        },
        "blocks": [
            {
                "type": "rich_text",
                "block_id": "pE8",
                "elements": [
                    {
                        "type": "rich_text_section",
                        "elements": [
                            {
                                "type": "text",
                                "text": "yes!"
                            }
                        ]
                    }
                ]
            }
        ]
    },
    {
        "client_msg_id": "5854a0fe-7069-48e4-8d73-eff6e49d72aa",
        "type": "message",
        "text": "thanks for that link, it will make it easier when it's time to start automating ...",
        "user": "UL2AA1FF1",
        "ts": "1574347389.002600",
        "team": "TKFJE6LDR",
        "user_team": "TKFJE6LDR",
        "source_team": "TKFJE6LDR",
        "user_profile": {
            "avatar_hash": "22135067b36d",
            "image_72": "https:\/\/avatars.slack-edge.com\/2019-10-23\/805254797908_22135067b36dfb715e99_72.jpg",
            "first_name": "",
            "real_name": "Erin McKean",
            "display_name": "Erin McKean",
            "team": "TKFJE6LDR",
            "name": "emckean",
            "is_restricted": false,
            "is_ultra_restricted": false
        },
        "blocks": [
            {
                "type": "rich_text",
                "block_id": "jawVQ",
                "elements": [
                    {
                        "type": "rich_text_section",
                        "elements": [
                            {
                                "type": "text",
                                "text": "thanks for that link, it will make it easier when it's time to start automating ..."
                            }
                        ]
                    }
                ]
            }
        ],
        "reactions": [
            {
                "name": "heavy_check_mark",
                "users": [
                    "UKVC4NB71"
                ],
                "count": 1
            }
        ]
    }
]