[
    {
        "client_msg_id": "d9f8d86c-c115-4243-88d7-027968a3a736",
        "type": "message",
        "text": "Still to convert to issues are the README and “Idea Jolters”. I’ll aim to get the README done within the next 24 hours.",
        "user": "UKTGLQNGG",
        "ts": "1575227978.013400",
        "team": "TKFJE6LDR",
        "user_team": "TKFJE6LDR",
        "source_team": "TKFJE6LDR",
        "user_profile": {
            "avatar_hash": "ge03fcb118b0",
            "image_72": "https:\/\/secure.gravatar.com\/avatar\/9e03fcb118b0853a3fedfdee2367779d.jpg?s=72&d=https%3A%2F%2Fa.slack-edge.com%2Fdf10d%2Fimg%2Favatars%2Fava_0021-72.png",
            "first_name": "Cameron",
            "real_name": "Cameron Shorter",
            "display_name": "cameronshorter",
            "team": "TKFJE6LDR",
            "name": "cameron.shorter",
            "is_restricted": false,
            "is_ultra_restricted": false
        },
        "blocks": [
            {
                "type": "rich_text",
                "block_id": "pPI",
                "elements": [
                    {
                        "type": "rich_text_section",
                        "elements": [
                            {
                                "type": "text",
                                "text": "Still to convert to issues are the README and “Idea Jolters”. I’ll aim to get the README done within the next 24 hours."
                            }
                        ]
                    }
                ]
            }
        ]
    },
    {
        "client_msg_id": "87acaf7e-d13d-417d-912c-d556ecf5e2d4",
        "type": "message",
        "text": "I'm very thankful for all the eyes on our templates. Some good suggestions coming out of them.",
        "user": "UKVC4NB71",
        "ts": "1575236233.013900",
        "team": "TKFJE6LDR",
        "user_team": "TKFJE6LDR",
        "source_team": "TKFJE6LDR",
        "user_profile": {
            "avatar_hash": "c7d9788d4436",
            "image_72": "https:\/\/avatars.slack-edge.com\/2019-10-30\/814314609877_c7d9788d4436969613a7_72.jpg",
            "first_name": "Jared",
            "real_name": "Jared Morgan",
            "display_name": "jaredmorgs",
            "team": "TKFJE6LDR",
            "name": "jaredleonmorgan",
            "is_restricted": false,
            "is_ultra_restricted": false
        },
        "blocks": [
            {
                "type": "rich_text",
                "block_id": "sdO6",
                "elements": [
                    {
                        "type": "rich_text_section",
                        "elements": [
                            {
                                "type": "text",
                                "text": "I'm very thankful for all the eyes on our templates. Some good suggestions coming out of them."
                            }
                        ]
                    }
                ]
            }
        ]
    }
]