[
    {
        "client_msg_id": "2658cada-0948-4ef2-b3af-0a73dbeaba3f",
        "type": "message",
        "text": "<!here> `about-quickstart` document comments converted into issues.",
        "user": "UKVC4NB71",
        "ts": "1575066639.000600",
        "team": "TKFJE6LDR",
        "user_team": "TKFJE6LDR",
        "source_team": "TKFJE6LDR",
        "user_profile": {
            "avatar_hash": "c7d9788d4436",
            "image_72": "https:\/\/avatars.slack-edge.com\/2019-10-30\/814314609877_c7d9788d4436969613a7_72.jpg",
            "first_name": "Jared",
            "real_name": "Jared Morgan",
            "display_name": "jaredmorgs",
            "team": "TKFJE6LDR",
            "name": "jaredleonmorgan",
            "is_restricted": false,
            "is_ultra_restricted": false
        },
        "blocks": [
            {
                "type": "rich_text",
                "block_id": "U1tN",
                "elements": [
                    {
                        "type": "rich_text_section",
                        "elements": [
                            {
                                "type": "broadcast",
                                "range": "here"
                            },
                            {
                                "type": "text",
                                "text": " "
                            },
                            {
                                "type": "text",
                                "text": "about-quickstart",
                                "style": {
                                    "code": true
                                }
                            },
                            {
                                "type": "text",
                                "text": " document comments converted into issues."
                            }
                        ]
                    }
                ]
            }
        ]
    },
    {
        "client_msg_id": "5adb1837-8962-45e5-b7da-ed902f76d537",
        "type": "message",
        "text": "<!here> `api-quickstart` document comments converted into issues.",
        "user": "UKVC4NB71",
        "ts": "1575066685.001100",
        "team": "TKFJE6LDR",
        "user_team": "TKFJE6LDR",
        "source_team": "TKFJE6LDR",
        "user_profile": {
            "avatar_hash": "c7d9788d4436",
            "image_72": "https:\/\/avatars.slack-edge.com\/2019-10-30\/814314609877_c7d9788d4436969613a7_72.jpg",
            "first_name": "Jared",
            "real_name": "Jared Morgan",
            "display_name": "jaredmorgs",
            "team": "TKFJE6LDR",
            "name": "jaredleonmorgan",
            "is_restricted": false,
            "is_ultra_restricted": false
        },
        "blocks": [
            {
                "type": "rich_text",
                "block_id": "H=y",
                "elements": [
                    {
                        "type": "rich_text_section",
                        "elements": [
                            {
                                "type": "broadcast",
                                "range": "here"
                            },
                            {
                                "type": "text",
                                "text": " "
                            },
                            {
                                "type": "text",
                                "text": "api-quickstart",
                                "style": {
                                    "code": true
                                }
                            },
                            {
                                "type": "text",
                                "text": " document comments converted into issues."
                            }
                        ]
                    }
                ]
            }
        ]
    },
    {
        "client_msg_id": "7867550d-d586-4c68-a153-da509e33f37f",
        "type": "message",
        "text": "<!here> `about-api-reference` had no feedback recorded.",
        "user": "UKVC4NB71",
        "ts": "1575066755.001600",
        "team": "TKFJE6LDR",
        "user_team": "TKFJE6LDR",
        "source_team": "TKFJE6LDR",
        "user_profile": {
            "avatar_hash": "c7d9788d4436",
            "image_72": "https:\/\/avatars.slack-edge.com\/2019-10-30\/814314609877_c7d9788d4436969613a7_72.jpg",
            "first_name": "Jared",
            "real_name": "Jared Morgan",
            "display_name": "jaredmorgs",
            "team": "TKFJE6LDR",
            "name": "jaredleonmorgan",
            "is_restricted": false,
            "is_ultra_restricted": false
        },
        "blocks": [
            {
                "type": "rich_text",
                "block_id": "XFq",
                "elements": [
                    {
                        "type": "rich_text_section",
                        "elements": [
                            {
                                "type": "broadcast",
                                "range": "here"
                            },
                            {
                                "type": "text",
                                "text": " "
                            },
                            {
                                "type": "text",
                                "text": "about-api-reference",
                                "style": {
                                    "code": true
                                }
                            },
                            {
                                "type": "text",
                                "text": " had no feedback recorded."
                            }
                        ]
                    }
                ]
            }
        ]
    },
    {
        "client_msg_id": "ebab20ee-99c6-4ac4-9d58-d00cc32c8222",
        "type": "message",
        "text": "`api-reference` had no feedback recorded.",
        "user": "UKVC4NB71",
        "ts": "1575066798.002100",
        "team": "TKFJE6LDR",
        "user_team": "TKFJE6LDR",
        "source_team": "TKFJE6LDR",
        "user_profile": {
            "avatar_hash": "c7d9788d4436",
            "image_72": "https:\/\/avatars.slack-edge.com\/2019-10-30\/814314609877_c7d9788d4436969613a7_72.jpg",
            "first_name": "Jared",
            "real_name": "Jared Morgan",
            "display_name": "jaredmorgs",
            "team": "TKFJE6LDR",
            "name": "jaredleonmorgan",
            "is_restricted": false,
            "is_ultra_restricted": false
        },
        "blocks": [
            {
                "type": "rich_text",
                "block_id": "YOU",
                "elements": [
                    {
                        "type": "rich_text_section",
                        "elements": [
                            {
                                "type": "text",
                                "text": "api-reference",
                                "style": {
                                    "code": true
                                }
                            },
                            {
                                "type": "text",
                                "text": " had no feedback recorded."
                            }
                        ]
                    }
                ]
            }
        ]
    },
    {
        "client_msg_id": "9a567e9e-3b82-4957-8de7-ab3b111f55c8",
        "type": "message",
        "text": "`about-discussion` document comments converted into issues.",
        "user": "UKVC4NB71",
        "ts": "1575067212.002500",
        "team": "TKFJE6LDR",
        "user_team": "TKFJE6LDR",
        "source_team": "TKFJE6LDR",
        "user_profile": {
            "avatar_hash": "c7d9788d4436",
            "image_72": "https:\/\/avatars.slack-edge.com\/2019-10-30\/814314609877_c7d9788d4436969613a7_72.jpg",
            "first_name": "Jared",
            "real_name": "Jared Morgan",
            "display_name": "jaredmorgs",
            "team": "TKFJE6LDR",
            "name": "jaredleonmorgan",
            "is_restricted": false,
            "is_ultra_restricted": false
        },
        "blocks": [
            {
                "type": "rich_text",
                "block_id": "dvdi",
                "elements": [
                    {
                        "type": "rich_text_section",
                        "elements": [
                            {
                                "type": "text",
                                "text": "about-discussion",
                                "style": {
                                    "code": true
                                }
                            },
                            {
                                "type": "text",
                                "text": " document comments converted into issues."
                            }
                        ]
                    }
                ]
            }
        ]
    },
    {
        "client_msg_id": "c9a791e1-a0e5-4aeb-b931-c8ceb024296e",
        "type": "message",
        "text": "`template-discussion` document comments converted into issues.",
        "user": "UKVC4NB71",
        "ts": "1575067791.003100",
        "team": "TKFJE6LDR",
        "user_team": "TKFJE6LDR",
        "source_team": "TKFJE6LDR",
        "user_profile": {
            "avatar_hash": "c7d9788d4436",
            "image_72": "https:\/\/avatars.slack-edge.com\/2019-10-30\/814314609877_c7d9788d4436969613a7_72.jpg",
            "first_name": "Jared",
            "real_name": "Jared Morgan",
            "display_name": "jaredmorgs",
            "team": "TKFJE6LDR",
            "name": "jaredleonmorgan",
            "is_restricted": false,
            "is_ultra_restricted": false
        },
        "blocks": [
            {
                "type": "rich_text",
                "block_id": "pn6h",
                "elements": [
                    {
                        "type": "rich_text_section",
                        "elements": [
                            {
                                "type": "text",
                                "text": "template-discussion",
                                "style": {
                                    "code": true
                                }
                            },
                            {
                                "type": "text",
                                "text": " document comments converted into issues."
                            }
                        ]
                    }
                ]
            }
        ]
    },
    {
        "client_msg_id": "a0769e70-e327-495d-92ce-54781ffc2d2e",
        "type": "message",
        "text": "At this stage this leaves how-to, logging, reference, tutorial ones to do.\n\nOver to you all...",
        "user": "UKVC4NB71",
        "ts": "1575067833.003700",
        "team": "TKFJE6LDR",
        "user_team": "TKFJE6LDR",
        "source_team": "TKFJE6LDR",
        "user_profile": {
            "avatar_hash": "c7d9788d4436",
            "image_72": "https:\/\/avatars.slack-edge.com\/2019-10-30\/814314609877_c7d9788d4436969613a7_72.jpg",
            "first_name": "Jared",
            "real_name": "Jared Morgan",
            "display_name": "jaredmorgs",
            "team": "TKFJE6LDR",
            "name": "jaredleonmorgan",
            "is_restricted": false,
            "is_ultra_restricted": false
        },
        "blocks": [
            {
                "type": "rich_text",
                "block_id": "0V3p",
                "elements": [
                    {
                        "type": "rich_text_section",
                        "elements": [
                            {
                                "type": "text",
                                "text": "At this stage this leaves how-to, logging, reference, tutorial ones to do.\n\nOver to you all..."
                            }
                        ]
                    }
                ]
            }
        ],
        "reactions": [
            {
                "name": "clap",
                "users": [
                    "UKV4ZPEFQ"
                ],
                "count": 1
            }
        ]
    },
    {
        "client_msg_id": "ad6ea569-63a9-46ce-8726-76668b47b6d0",
        "type": "message",
        "text": "I’m about to tackle templates\/reference\/*",
        "user": "UKTGLQNGG",
        "ts": "1575089762.004600",
        "team": "TKFJE6LDR",
        "user_team": "TKFJE6LDR",
        "source_team": "TKFJE6LDR",
        "user_profile": {
            "avatar_hash": "ge03fcb118b0",
            "image_72": "https:\/\/secure.gravatar.com\/avatar\/9e03fcb118b0853a3fedfdee2367779d.jpg?s=72&d=https%3A%2F%2Fa.slack-edge.com%2Fdf10d%2Fimg%2Favatars%2Fava_0021-72.png",
            "first_name": "Cameron",
            "real_name": "Cameron Shorter",
            "display_name": "cameronshorter",
            "team": "TKFJE6LDR",
            "name": "cameron.shorter",
            "is_restricted": false,
            "is_ultra_restricted": false
        },
        "blocks": [
            {
                "type": "rich_text",
                "block_id": "NRXf6",
                "elements": [
                    {
                        "type": "rich_text_section",
                        "elements": [
                            {
                                "type": "text",
                                "text": "I’m about to tackle templates\/reference\/*"
                            }
                        ]
                    }
                ]
            }
        ]
    },
    {
        "client_msg_id": "f01b16b0-6175-423a-ba6f-11be3c5b8d27",
        "type": "message",
        "text": "templates\/reference\/* done.",
        "user": "UKTGLQNGG",
        "ts": "1575090595.004900",
        "team": "TKFJE6LDR",
        "user_team": "TKFJE6LDR",
        "source_team": "TKFJE6LDR",
        "user_profile": {
            "avatar_hash": "ge03fcb118b0",
            "image_72": "https:\/\/secure.gravatar.com\/avatar\/9e03fcb118b0853a3fedfdee2367779d.jpg?s=72&d=https%3A%2F%2Fa.slack-edge.com%2Fdf10d%2Fimg%2Favatars%2Fava_0021-72.png",
            "first_name": "Cameron",
            "real_name": "Cameron Shorter",
            "display_name": "cameronshorter",
            "team": "TKFJE6LDR",
            "name": "cameron.shorter",
            "is_restricted": false,
            "is_ultra_restricted": false
        },
        "blocks": [
            {
                "type": "rich_text",
                "block_id": "z2s",
                "elements": [
                    {
                        "type": "rich_text_section",
                        "elements": [
                            {
                                "type": "text",
                                "text": "templates\/reference\/* done."
                            }
                        ]
                    }
                ]
            }
        ]
    },
    {
        "client_msg_id": "fc25745e-f4aa-474a-b5e8-180475c08e7f",
        "type": "message",
        "text": "onto templates\/logging\/\nIn my google docs comment, I’m inviting people to join and help out:Nice suggestion Louise. Added as an issue at <https:\/\/github.com\/thegooddocsproject\/templates\/issues\/45>\nI don’t suppose you’d be tempted to fix it for us?\nFeel free to join our email list, or reach out to me personally, cameron.shorter AT <http:\/\/gmail.com|gmail.com>\n<https:\/\/thegooddocsproject.dev\/contribute.html>",
        "user": "UKTGLQNGG",
        "ts": "1575091408.005800",
        "team": "TKFJE6LDR",
        "user_team": "TKFJE6LDR",
        "source_team": "TKFJE6LDR",
        "user_profile": {
            "avatar_hash": "ge03fcb118b0",
            "image_72": "https:\/\/secure.gravatar.com\/avatar\/9e03fcb118b0853a3fedfdee2367779d.jpg?s=72&d=https%3A%2F%2Fa.slack-edge.com%2Fdf10d%2Fimg%2Favatars%2Fava_0021-72.png",
            "first_name": "Cameron",
            "real_name": "Cameron Shorter",
            "display_name": "cameronshorter",
            "team": "TKFJE6LDR",
            "name": "cameron.shorter",
            "is_restricted": false,
            "is_ultra_restricted": false
        },
        "attachments": [
            {
                "service_name": "GitHub",
                "title": "Reword \"pathing\" · Issue #45 · thegooddocsproject\/templates",
                "title_link": "https:\/\/github.com\/thegooddocsproject\/templates\/issues\/45",
                "text": "Louise Brooks 14:13 14 Nov Re: Change the pathing if this is not the case. Comment: is that [pathing] a 'thing' would 'path' be better?",
                "fallback": "GitHub: Reword \"pathing\" · Issue #45 · thegooddocsproject\/templates",
                "thumb_url": "https:\/\/avatars1.githubusercontent.com\/u\/52089481?s=400&v=4",
                "from_url": "https:\/\/github.com\/thegooddocsproject\/templates\/issues\/45",
                "thumb_width": 400,
                "thumb_height": 400,
                "service_icon": "https:\/\/a.slack-edge.com\/80588\/img\/unfurl_icons\/github.png",
                "id": 1,
                "original_url": "https:\/\/github.com\/thegooddocsproject\/templates\/issues\/45"
            },
            {
                "service_name": "The Good Docs Project",
                "title": "How to Contribute",
                "title_link": "https:\/\/thegooddocsproject.dev\/contribute.html",
                "text": "Templates to make good docs.",
                "fallback": "The Good Docs Project: How to Contribute",
                "from_url": "https:\/\/thegooddocsproject.dev\/contribute.html",
                "id": 2,
                "original_url": "https:\/\/thegooddocsproject.dev\/contribute.html"
            }
        ],
        "blocks": [
            {
                "type": "rich_text",
                "block_id": "TA8f1",
                "elements": [
                    {
                        "type": "rich_text_section",
                        "elements": [
                            {
                                "type": "text",
                                "text": "onto templates\/logging\/\nIn my google docs comment, I’m inviting people to join and help out:Nice suggestion Louise. Added as an issue at "
                            },
                            {
                                "type": "link",
                                "url": "https:\/\/github.com\/thegooddocsproject\/templates\/issues\/45"
                            },
                            {
                                "type": "text",
                                "text": "\nI don’t suppose you’d be tempted to fix it for us?\nFeel free to join our email list, or reach out to me personally, cameron.shorter AT "
                            },
                            {
                                "type": "link",
                                "url": "http:\/\/gmail.com",
                                "text": "gmail.com"
                            },
                            {
                                "type": "text",
                                "text": "\n"
                            },
                            {
                                "type": "link",
                                "url": "https:\/\/thegooddocsproject.dev\/contribute.html"
                            }
                        ]
                    }
                ]
            }
        ]
    }
]