[
    {
        "client_msg_id": "6c2dc62c-f4ff-4300-9c41-bcf3236dd455",
        "type": "message",
        "text": "Ok, I’m working through the Idea Jolters. I thought that was the last, but just noticed comments in about-howto <https:\/\/docs.google.com\/document\/d\/1oLWstvvDTHLfZ5QZrDwON1aco0RHdjIv66NblVd7atE\/edit>",
        "user": "UKTGLQNGG",
        "ts": "1575408445.016100",
        "team": "TKFJE6LDR",
        "user_team": "TKFJE6LDR",
        "source_team": "TKFJE6LDR",
        "user_profile": {
            "avatar_hash": "ge03fcb118b0",
            "image_72": "https:\/\/secure.gravatar.com\/avatar\/9e03fcb118b0853a3fedfdee2367779d.jpg?s=72&d=https%3A%2F%2Fa.slack-edge.com%2Fdf10d%2Fimg%2Favatars%2Fava_0021-72.png",
            "first_name": "Cameron",
            "real_name": "Cameron Shorter",
            "display_name": "cameronshorter",
            "team": "TKFJE6LDR",
            "name": "cameron.shorter",
            "is_restricted": false,
            "is_ultra_restricted": false
        },
        "blocks": [
            {
                "type": "rich_text",
                "block_id": "z1gLr",
                "elements": [
                    {
                        "type": "rich_text_section",
                        "elements": [
                            {
                                "type": "text",
                                "text": "Ok, I’m working through the Idea Jolters. I thought that was the last, but just noticed comments in about-howto "
                            },
                            {
                                "type": "link",
                                "url": "https:\/\/docs.google.com\/document\/d\/1oLWstvvDTHLfZ5QZrDwON1aco0RHdjIv66NblVd7atE\/edit"
                            }
                        ]
                    }
                ]
            }
        ]
    }
]