[
    {
        "client_msg_id": "0ABFEC29-AA4B-4624-97D0-DAAAF64AAA26",
        "type": "message",
        "text": "Tonight. :+1::skin-tone-3:\nAnd I’ll pick up a document or two from what’s left.",
        "user": "UL9F82XL3",
        "ts": "1575335068.014800",
        "team": "TKFJE6LDR",
        "user_team": "TKFJE6LDR",
        "source_team": "TKFJE6LDR",
        "user_profile": {
            "avatar_hash": "431cbc5b0797",
            "image_72": "https:\/\/avatars.slack-edge.com\/2019-07-23\/702616820016_431cbc5b0797a8cc9f24_72.jpg",
            "first_name": "Sanket",
            "real_name": "Sanket Totewar",
            "display_name": "",
            "team": "TKFJE6LDR",
            "name": "sanket.totewar",
            "is_restricted": false,
            "is_ultra_restricted": false
        },
        "thread_ts": "1575154765.010800",
        "parent_user_id": "UKTGLQNGG"
    },
    {
        "type": "message",
        "subtype": "thread_broadcast",
        "text": "I have finished capturing the Readme comments into git issues. Only doc left is the Idea Jolters.",
        "user": "UKTGLQNGG",
        "ts": "1575335347.015000",
        "thread_ts": "1575154765.010800",
        "root": {
            "client_msg_id": "f095d9d4-06f7-4805-a415-bf6dcc0007f4",
            "type": "message",
            "text": "<@UL9F82XL3> I see that you have created a Proto-Personas file. Can you please raise an issue to suggest we include it. You will probably want to create a pull request we can reference too. Your source: <https:\/\/docs.google.com\/document\/d\/1gA8BAscpRdrSf4ptyUxfYHhpfe_yA78zhVPPJl5WhxU\/edit>",
            "user": "UKTGLQNGG",
            "ts": "1575154765.010800",
            "team": "TKFJE6LDR",
            "blocks": [
                {
                    "type": "rich_text",
                    "block_id": "\/iz",
                    "elements": [
                        {
                            "type": "rich_text_section",
                            "elements": [
                                {
                                    "type": "user",
                                    "user_id": "UL9F82XL3"
                                },
                                {
                                    "type": "text",
                                    "text": " I see that you have created a Proto-Personas file. Can you please raise an issue to suggest we include it. You will probably want to create a pull request we can reference too. Your source: "
                                },
                                {
                                    "type": "link",
                                    "url": "https:\/\/docs.google.com\/document\/d\/1gA8BAscpRdrSf4ptyUxfYHhpfe_yA78zhVPPJl5WhxU\/edit"
                                }
                            ]
                        }
                    ]
                }
            ],
            "thread_ts": "1575154765.010800",
            "reply_count": 2,
            "reply_users_count": 2,
            "latest_reply": "1575335347.015000",
            "reply_users": [
                "UL9F82XL3",
                "UKTGLQNGG"
            ],
            "subscribed": false
        },
        "blocks": [
            {
                "type": "rich_text",
                "block_id": "a4x",
                "elements": [
                    {
                        "type": "rich_text_section",
                        "elements": [
                            {
                                "type": "text",
                                "text": "I have finished capturing the Readme comments into git issues. Only doc left is the Idea Jolters."
                            }
                        ]
                    }
                ]
            }
        ],
        "client_msg_id": "4252da9a-2f8d-4d6c-95cb-d5df1fc76e76"
    }
]