[
    {
        "type": "message",
        "subtype": "channel_join",
        "ts": "1561880419.000700",
        "user": "UL2AA1FF1",
        "text": "<@UL2AA1FF1> has joined the channel"
    },
    {
        "type": "message",
        "subtype": "channel_join",
        "ts": "1561880419.000800",
        "user": "UL0EZ6PHT",
        "text": "<@UL0EZ6PHT> has joined the channel"
    },
    {
        "type": "message",
        "subtype": "channel_join",
        "ts": "1561880419.001000",
        "user": "UL0EZ6PRT",
        "text": "<@UL0EZ6PRT> has joined the channel"
    },
    {
        "type": "message",
        "subtype": "channel_join",
        "ts": "1561880419.001200",
        "user": "UL2JX2QNA",
        "text": "<@UL2JX2QNA> has joined the channel"
    },
    {
        "type": "message",
        "subtype": "channel_join",
        "ts": "1561880420.001400",
        "user": "UKU4BJ57T",
        "text": "<@UKU4BJ57T> has joined the channel"
    }
]