[
    {
        "type": "message",
        "text": "<https:\/\/docs.google.com\/document\/d\/17YFSSPbHl7FfPh-PQjjqVM9hlCHdVjSHW6p9XcN8ODw\/edit?usp=sharing>",
        "files": [
            {
                "id": "FKZKKTUPN",
                "created": 1561792899,
                "timestamp": 1561792899,
                "name": "The Good Docs Project",
                "title": "The Good Docs Project",
                "mimetype": "application\/vnd.google-apps.document",
                "filetype": "gdoc",
                "pretty_type": "G Suite Document",
                "user": "UKV4ZPEFQ",
                "editable": false,
                "size": 3783,
                "mode": "external",
                "is_external": true,
                "external_type": "gdrive",
                "is_public": true,
                "public_url_shared": false,
                "display_as_bot": false,
                "username": "",
                "url_private": "https:\/\/docs.google.com\/document\/d\/17YFSSPbHl7FfPh-PQjjqVM9hlCHdVjSHW6p9XcN8ODw\/edit?usp=sharing",
                "thumb_64": "https:\/\/files.slack.com\/files-tmb\/TKFJE6LDR-FKZKKTUPN-e38c86846e\/the_good_docs_project_64.png?t=xoxe-661626224467-1176889373458-1189513059441-ae8bad2fa75b08bee478ccbaefddd7f6",
                "thumb_80": "https:\/\/files.slack.com\/files-tmb\/TKFJE6LDR-FKZKKTUPN-e38c86846e\/the_good_docs_project_80.png?t=xoxe-661626224467-1176889373458-1189513059441-ae8bad2fa75b08bee478ccbaefddd7f6",
                "thumb_360": "https:\/\/files.slack.com\/files-tmb\/TKFJE6LDR-FKZKKTUPN-e38c86846e\/the_good_docs_project_360.png?t=xoxe-661626224467-1176889373458-1189513059441-ae8bad2fa75b08bee478ccbaefddd7f6",
                "thumb_360_w": 278,
                "thumb_360_h": 360,
                "thumb_480": "https:\/\/files.slack.com\/files-tmb\/TKFJE6LDR-FKZKKTUPN-e38c86846e\/the_good_docs_project_480.png?t=xoxe-661626224467-1176889373458-1189513059441-ae8bad2fa75b08bee478ccbaefddd7f6",
                "thumb_480_w": 371,
                "thumb_480_h": 480,
                "thumb_160": "https:\/\/files.slack.com\/files-tmb\/TKFJE6LDR-FKZKKTUPN-e38c86846e\/the_good_docs_project_160.png?t=xoxe-661626224467-1176889373458-1189513059441-ae8bad2fa75b08bee478ccbaefddd7f6",
                "thumb_720": "https:\/\/files.slack.com\/files-tmb\/TKFJE6LDR-FKZKKTUPN-e38c86846e\/the_good_docs_project_720.png?t=xoxe-661626224467-1176889373458-1189513059441-ae8bad2fa75b08bee478ccbaefddd7f6",
                "thumb_720_w": 557,
                "thumb_720_h": 720,
                "thumb_800": "https:\/\/files.slack.com\/files-tmb\/TKFJE6LDR-FKZKKTUPN-e38c86846e\/the_good_docs_project_800.png?t=xoxe-661626224467-1176889373458-1189513059441-ae8bad2fa75b08bee478ccbaefddd7f6",
                "thumb_800_w": 800,
                "thumb_800_h": 1035,
                "thumb_960": "https:\/\/files.slack.com\/files-tmb\/TKFJE6LDR-FKZKKTUPN-e38c86846e\/the_good_docs_project_960.png?t=xoxe-661626224467-1176889373458-1189513059441-ae8bad2fa75b08bee478ccbaefddd7f6",
                "thumb_960_w": 742,
                "thumb_960_h": 960,
                "thumb_1024": "https:\/\/files.slack.com\/files-tmb\/TKFJE6LDR-FKZKKTUPN-e38c86846e\/the_good_docs_project_1024.png?t=xoxe-661626224467-1176889373458-1189513059441-ae8bad2fa75b08bee478ccbaefddd7f6",
                "thumb_1024_w": 791,
                "thumb_1024_h": 1024,
                "image_exif_rotation": 1,
                "original_w": 800,
                "original_h": 1035,
                "permalink": "https:\/\/thegooddocs.slack.com\/files\/UKV4ZPEFQ\/FKZKKTUPN\/the_good_docs_project",
                "is_starred": false,
                "external_id": "17YFSSPbHl7FfPh-PQjjqVM9hlCHdVjSHW6p9XcN8ODw",
                "external_url": "https:\/\/docs.google.com\/document\/d\/17YFSSPbHl7FfPh-PQjjqVM9hlCHdVjSHW6p9XcN8ODw\/edit?usp=sharing",
                "has_rich_preview": true
            }
        ],
        "upload": false,
        "user": "UKV4ZPEFQ",
        "display_as_bot": false,
        "x_files": [
            "FKZKKTUPN"
        ],
        "ts": "1561792876.000200",
        "client_msg_id": "64e775df-dfa1-4c66-8310-1f38b7c0bfc3",
        "reactions": [
            {
                "name": "+1",
                "users": [
                    "UL2JX2QNA"
                ],
                "count": 1
            }
        ]
    },
    {
        "type": "message",
        "subtype": "channel_join",
        "ts": "1561861556.000200",
        "user": "UKU2JGKEV",
        "text": "<@UKU2JGKEV> has joined the channel"
    },
    {
        "type": "message",
        "subtype": "channel_join",
        "ts": "1561861557.000400",
        "user": "UKZUE07MJ",
        "text": "<@UKZUE07MJ> has joined the channel"
    }
]