[
    {
        "client_msg_id": "ec3c39ce-ee0e-4245-bfb5-02d0d5134b9d",
        "type": "message",
        "text": "templates\/logging\/* complete.  Onto templates\/logging\/howto\/*",
        "user": "UKTGLQNGG",
        "ts": "1575143399.006500",
        "team": "TKFJE6LDR",
        "user_team": "TKFJE6LDR",
        "source_team": "TKFJE6LDR",
        "user_profile": {
            "avatar_hash": "ge03fcb118b0",
            "image_72": "https:\/\/secure.gravatar.com\/avatar\/9e03fcb118b0853a3fedfdee2367779d.jpg?s=72&d=https%3A%2F%2Fa.slack-edge.com%2Fdf10d%2Fimg%2Favatars%2Fava_0021-72.png",
            "first_name": "Cameron",
            "real_name": "Cameron Shorter",
            "display_name": "cameronshorter",
            "team": "TKFJE6LDR",
            "name": "cameron.shorter",
            "is_restricted": false,
            "is_ultra_restricted": false
        },
        "blocks": [
            {
                "type": "rich_text",
                "block_id": "D4cY",
                "elements": [
                    {
                        "type": "rich_text_section",
                        "elements": [
                            {
                                "type": "text",
                                "text": "templates\/logging\/* complete.  Onto templates\/logging\/howto\/*"
                            }
                        ]
                    }
                ]
            }
        ]
    },
    {
        "client_msg_id": "d6d6dce3-cbe7-4108-9037-8aa63ca6d991",
        "type": "message",
        "text": "templates\/howto\/* done, onto templates\/tutorial\/*",
        "user": "UKTGLQNGG",
        "ts": "1575150960.007300",
        "team": "TKFJE6LDR",
        "user_team": "TKFJE6LDR",
        "source_team": "TKFJE6LDR",
        "user_profile": {
            "avatar_hash": "ge03fcb118b0",
            "image_72": "https:\/\/secure.gravatar.com\/avatar\/9e03fcb118b0853a3fedfdee2367779d.jpg?s=72&d=https%3A%2F%2Fa.slack-edge.com%2Fdf10d%2Fimg%2Favatars%2Fava_0021-72.png",
            "first_name": "Cameron",
            "real_name": "Cameron Shorter",
            "display_name": "cameronshorter",
            "team": "TKFJE6LDR",
            "name": "cameron.shorter",
            "is_restricted": false,
            "is_ultra_restricted": false
        },
        "blocks": [
            {
                "type": "rich_text",
                "block_id": "a2PV",
                "elements": [
                    {
                        "type": "rich_text_section",
                        "elements": [
                            {
                                "type": "text",
                                "text": "templates\/howto\/* done, onto templates\/tutorial\/*"
                            }
                        ]
                    }
                ]
            }
        ]
    },
    {
        "client_msg_id": "2b53603a-2998-4344-8bba-40013afedb2e",
        "type": "message",
        "text": "templates\/tutorials\/* now complete. We Jared’s work, that should mean we have all the template\/* files complete. What is left is the templates\/ root directory.",
        "user": "UKTGLQNGG",
        "ts": "1575154625.009300",
        "team": "TKFJE6LDR",
        "user_team": "TKFJE6LDR",
        "source_team": "TKFJE6LDR",
        "user_profile": {
            "avatar_hash": "ge03fcb118b0",
            "image_72": "https:\/\/secure.gravatar.com\/avatar\/9e03fcb118b0853a3fedfdee2367779d.jpg?s=72&d=https%3A%2F%2Fa.slack-edge.com%2Fdf10d%2Fimg%2Favatars%2Fava_0021-72.png",
            "first_name": "Cameron",
            "real_name": "Cameron Shorter",
            "display_name": "cameronshorter",
            "team": "TKFJE6LDR",
            "name": "cameron.shorter",
            "is_restricted": false,
            "is_ultra_restricted": false
        },
        "blocks": [
            {
                "type": "rich_text",
                "block_id": "OGf",
                "elements": [
                    {
                        "type": "rich_text_section",
                        "elements": [
                            {
                                "type": "text",
                                "text": "templates\/tutorials\/* now complete. We Jared’s work, that should mean we have all the template\/* files complete. What is left is the templates\/ root directory."
                            }
                        ]
                    }
                ]
            }
        ]
    },
    {
        "client_msg_id": "f095d9d4-06f7-4805-a415-bf6dcc0007f4",
        "type": "message",
        "text": "<@UL9F82XL3> I see that you have created a Proto-Personas file. Can you please raise an issue to suggest we include it. You will probably want to create a pull request we can reference too. Your source: <https:\/\/docs.google.com\/document\/d\/1gA8BAscpRdrSf4ptyUxfYHhpfe_yA78zhVPPJl5WhxU\/edit>",
        "user": "UKTGLQNGG",
        "ts": "1575154765.010800",
        "team": "TKFJE6LDR",
        "user_team": "TKFJE6LDR",
        "source_team": "TKFJE6LDR",
        "user_profile": {
            "avatar_hash": "ge03fcb118b0",
            "image_72": "https:\/\/secure.gravatar.com\/avatar\/9e03fcb118b0853a3fedfdee2367779d.jpg?s=72&d=https%3A%2F%2Fa.slack-edge.com%2Fdf10d%2Fimg%2Favatars%2Fava_0021-72.png",
            "first_name": "Cameron",
            "real_name": "Cameron Shorter",
            "display_name": "cameronshorter",
            "team": "TKFJE6LDR",
            "name": "cameron.shorter",
            "is_restricted": false,
            "is_ultra_restricted": false
        },
        "blocks": [
            {
                "type": "rich_text",
                "block_id": "\/iz",
                "elements": [
                    {
                        "type": "rich_text_section",
                        "elements": [
                            {
                                "type": "user",
                                "user_id": "UL9F82XL3"
                            },
                            {
                                "type": "text",
                                "text": " I see that you have created a Proto-Personas file. Can you please raise an issue to suggest we include it. You will probably want to create a pull request we can reference too. Your source: "
                            },
                            {
                                "type": "link",
                                "url": "https:\/\/docs.google.com\/document\/d\/1gA8BAscpRdrSf4ptyUxfYHhpfe_yA78zhVPPJl5WhxU\/edit"
                            }
                        ]
                    }
                ]
            }
        ],
        "thread_ts": "1575154765.010800",
        "reply_count": 2,
        "reply_users_count": 2,
        "latest_reply": "1575335347.015000",
        "reply_users": [
            "UL9F82XL3",
            "UKTGLQNGG"
        ],
        "replies": [
            {
                "user": "UL9F82XL3",
                "ts": "1575335068.014800"
            },
            {
                "user": "UKTGLQNGG",
                "ts": "1575335347.015000"
            }
        ],
        "subscribed": false
    },
    {
        "client_msg_id": "11cf7e49-73e3-4755-84d0-7d7e19c3fb00",
        "type": "message",
        "text": "I’m taking a break now.",
        "user": "UKTGLQNGG",
        "ts": "1575154814.011200",
        "team": "TKFJE6LDR",
        "user_team": "TKFJE6LDR",
        "source_team": "TKFJE6LDR",
        "user_profile": {
            "avatar_hash": "ge03fcb118b0",
            "image_72": "https:\/\/secure.gravatar.com\/avatar\/9e03fcb118b0853a3fedfdee2367779d.jpg?s=72&d=https%3A%2F%2Fa.slack-edge.com%2Fdf10d%2Fimg%2Favatars%2Fava_0021-72.png",
            "first_name": "Cameron",
            "real_name": "Cameron Shorter",
            "display_name": "cameronshorter",
            "team": "TKFJE6LDR",
            "name": "cameron.shorter",
            "is_restricted": false,
            "is_ultra_restricted": false
        },
        "blocks": [
            {
                "type": "rich_text",
                "block_id": "KKO0",
                "elements": [
                    {
                        "type": "rich_text_section",
                        "elements": [
                            {
                                "type": "text",
                                "text": "I’m taking a break now."
                            }
                        ]
                    }
                ]
            }
        ],
        "reactions": [
            {
                "name": "doctopus",
                "users": [
                    "UKV4ZPEFQ"
                ],
                "count": 1
            }
        ]
    },
    {
        "client_msg_id": "c4f00422-5593-4098-a9c2-2a8e2b69c25c",
        "type": "message",
        "text": "templates\/writing-tips comments copied into issues.",
        "user": "UKTGLQNGG",
        "ts": "1575170951.011900",
        "team": "TKFJE6LDR",
        "user_team": "TKFJE6LDR",
        "source_team": "TKFJE6LDR",
        "user_profile": {
            "avatar_hash": "ge03fcb118b0",
            "image_72": "https:\/\/secure.gravatar.com\/avatar\/9e03fcb118b0853a3fedfdee2367779d.jpg?s=72&d=https%3A%2F%2Fa.slack-edge.com%2Fdf10d%2Fimg%2Favatars%2Fava_0021-72.png",
            "first_name": "Cameron",
            "real_name": "Cameron Shorter",
            "display_name": "cameronshorter",
            "team": "TKFJE6LDR",
            "name": "cameron.shorter",
            "is_restricted": false,
            "is_ultra_restricted": false
        },
        "blocks": [
            {
                "type": "rich_text",
                "block_id": "rl28",
                "elements": [
                    {
                        "type": "rich_text_section",
                        "elements": [
                            {
                                "type": "text",
                                "text": "templates\/writing-tips comments copied into issues."
                            }
                        ]
                    }
                ]
            }
        ]
    }
]