[
    {
        "type": "message",
        "subtype": "channel_join",
        "ts": "1561284088.000200",
        "user": "UKTGLQNGG",
        "text": "<@UKTGLQNGG> has joined the channel"
    },
    {
        "type": "message",
        "subtype": "channel_join",
        "ts": "1561284088.000400",
        "user": "UKG4RHGBD",
        "text": "<@UKG4RHGBD> has joined the channel"
    },
    {
        "type": "message",
        "subtype": "channel_join",
        "ts": "1561284088.000600",
        "user": "UKVC4NB71",
        "text": "<@UKVC4NB71> has joined the channel"
    }
]