[
    {
        "client_msg_id": "50ee9b6b-6364-4a8a-ae43-b84879322156",
        "type": "message",
        "text": "hi <@UKU2JGKEV>",
        "user": "UKTGLQNGG",
        "ts": "1561975206.000300",
        "team": "TKFJE6LDR",
        "user_team": "TKFJE6LDR",
        "source_team": "TKFJE6LDR",
        "user_profile": {
            "avatar_hash": "ge03fcb118b0",
            "image_72": "https:\/\/secure.gravatar.com\/avatar\/9e03fcb118b0853a3fedfdee2367779d.jpg?s=72&d=https%3A%2F%2Fa.slack-edge.com%2Fdf10d%2Fimg%2Favatars%2Fava_0021-72.png",
            "first_name": "Cameron",
            "real_name": "Cameron Shorter",
            "display_name": "cameronshorter",
            "team": "TKFJE6LDR",
            "name": "cameron.shorter",
            "is_restricted": false,
            "is_ultra_restricted": false
        }
    },
    {
        "client_msg_id": "8ff2aebc-c4ba-405e-b5b7-7cd2e5921f8a",
        "type": "message",
        "text": "hello",
        "user": "UKU2JGKEV",
        "ts": "1561975225.000500",
        "team": "TKFJE6LDR",
        "user_team": "TKFJE6LDR",
        "source_team": "TKFJE6LDR",
        "user_profile": {
            "avatar_hash": "bfc35561f2d7",
            "image_72": "https:\/\/avatars.slack-edge.com\/2019-07-01\/680209496276_bfc35561f2d788211222_72.jpg",
            "first_name": "Kyle",
            "real_name": "Kyle Lobo",
            "display_name": "",
            "team": "TKFJE6LDR",
            "name": "kylelobo11898",
            "is_restricted": false,
            "is_ultra_restricted": false
        }
    },
    {
        "client_msg_id": "51e3a65c-27ac-4eb2-a56b-b027479d976c",
        "type": "message",
        "text": "I thought it would be good to touch base with you before meeting tomorrow.",
        "user": "UKTGLQNGG",
        "ts": "1561975250.000900",
        "team": "TKFJE6LDR",
        "user_team": "TKFJE6LDR",
        "source_team": "TKFJE6LDR",
        "user_profile": {
            "avatar_hash": "ge03fcb118b0",
            "image_72": "https:\/\/secure.gravatar.com\/avatar\/9e03fcb118b0853a3fedfdee2367779d.jpg?s=72&d=https%3A%2F%2Fa.slack-edge.com%2Fdf10d%2Fimg%2Favatars%2Fava_0021-72.png",
            "first_name": "Cameron",
            "real_name": "Cameron Shorter",
            "display_name": "cameronshorter",
            "team": "TKFJE6LDR",
            "name": "cameron.shorter",
            "is_restricted": false,
            "is_ultra_restricted": false
        }
    },
    {
        "client_msg_id": "247f5e31-3e58-498a-b7cf-1f3df2cb07a3",
        "type": "message",
        "text": "Actually, I wonder whether it might be easier over video chat.  Are you in a position to use video now?",
        "user": "UKTGLQNGG",
        "ts": "1561975309.001800",
        "team": "TKFJE6LDR",
        "user_team": "TKFJE6LDR",
        "source_team": "TKFJE6LDR",
        "user_profile": {
            "avatar_hash": "ge03fcb118b0",
            "image_72": "https:\/\/secure.gravatar.com\/avatar\/9e03fcb118b0853a3fedfdee2367779d.jpg?s=72&d=https%3A%2F%2Fa.slack-edge.com%2Fdf10d%2Fimg%2Favatars%2Fava_0021-72.png",
            "first_name": "Cameron",
            "real_name": "Cameron Shorter",
            "display_name": "cameronshorter",
            "team": "TKFJE6LDR",
            "name": "cameron.shorter",
            "is_restricted": false,
            "is_ultra_restricted": false
        }
    },
    {
        "client_msg_id": "d0e36d8d-eeb0-400d-bc04-7e22d0639a87",
        "type": "message",
        "text": "unfortunately, no",
        "user": "UKU2JGKEV",
        "ts": "1561975333.002000",
        "team": "TKFJE6LDR",
        "user_team": "TKFJE6LDR",
        "source_team": "TKFJE6LDR",
        "user_profile": {
            "avatar_hash": "bfc35561f2d7",
            "image_72": "https:\/\/avatars.slack-edge.com\/2019-07-01\/680209496276_bfc35561f2d788211222_72.jpg",
            "first_name": "Kyle",
            "real_name": "Kyle Lobo",
            "display_name": "",
            "team": "TKFJE6LDR",
            "name": "kylelobo11898",
            "is_restricted": false,
            "is_ultra_restricted": false
        }
    },
    {
        "client_msg_id": "d6ca00db-2fff-4714-a30c-c25c716e5107",
        "type": "message",
        "text": "Ok, no problem.",
        "user": "UKTGLQNGG",
        "ts": "1561975343.002200",
        "team": "TKFJE6LDR",
        "user_team": "TKFJE6LDR",
        "source_team": "TKFJE6LDR",
        "user_profile": {
            "avatar_hash": "ge03fcb118b0",
            "image_72": "https:\/\/secure.gravatar.com\/avatar\/9e03fcb118b0853a3fedfdee2367779d.jpg?s=72&d=https%3A%2F%2Fa.slack-edge.com%2Fdf10d%2Fimg%2Favatars%2Fava_0021-72.png",
            "first_name": "Cameron",
            "real_name": "Cameron Shorter",
            "display_name": "cameronshorter",
            "team": "TKFJE6LDR",
            "name": "cameron.shorter",
            "is_restricted": false,
            "is_ultra_restricted": false
        }
    },
    {
        "client_msg_id": "0bf15c5d-f2a1-436d-a009-1d4e1fc8d368",
        "type": "message",
        "text": "I’m hoping to get a feeling for what you wish to achieve from this project",
        "user": "UKTGLQNGG",
        "ts": "1561975388.003100",
        "team": "TKFJE6LDR",
        "user_team": "TKFJE6LDR",
        "source_team": "TKFJE6LDR",
        "user_profile": {
            "avatar_hash": "ge03fcb118b0",
            "image_72": "https:\/\/secure.gravatar.com\/avatar\/9e03fcb118b0853a3fedfdee2367779d.jpg?s=72&d=https%3A%2F%2Fa.slack-edge.com%2Fdf10d%2Fimg%2Favatars%2Fava_0021-72.png",
            "first_name": "Cameron",
            "real_name": "Cameron Shorter",
            "display_name": "cameronshorter",
            "team": "TKFJE6LDR",
            "name": "cameron.shorter",
            "is_restricted": false,
            "is_ultra_restricted": false
        }
    },
    {
        "client_msg_id": "d47fff3f-1e18-4254-beb3-7790eca7e033",
        "type": "message",
        "text": "We have quite a few senior writers who have been signing up, which I’m very excited about.",
        "user": "UKTGLQNGG",
        "ts": "1561975430.003800",
        "team": "TKFJE6LDR",
        "user_team": "TKFJE6LDR",
        "source_team": "TKFJE6LDR",
        "user_profile": {
            "avatar_hash": "ge03fcb118b0",
            "image_72": "https:\/\/secure.gravatar.com\/avatar\/9e03fcb118b0853a3fedfdee2367779d.jpg?s=72&d=https%3A%2F%2Fa.slack-edge.com%2Fdf10d%2Fimg%2Favatars%2Fava_0021-72.png",
            "first_name": "Cameron",
            "real_name": "Cameron Shorter",
            "display_name": "cameronshorter",
            "team": "TKFJE6LDR",
            "name": "cameron.shorter",
            "is_restricted": false,
            "is_ultra_restricted": false
        }
    },
    {
        "client_msg_id": "cac8e594-7d59-436a-b993-27652ea6988a",
        "type": "message",
        "text": "well, as of now, I just want to be involved. not sure sure what sort of a role i'd play in this project, but as long as i'm contributing, i am happy with it",
        "user": "UKU2JGKEV",
        "ts": "1561975499.004900",
        "team": "TKFJE6LDR",
        "user_team": "TKFJE6LDR",
        "source_team": "TKFJE6LDR",
        "user_profile": {
            "avatar_hash": "bfc35561f2d7",
            "image_72": "https:\/\/avatars.slack-edge.com\/2019-07-01\/680209496276_bfc35561f2d788211222_72.jpg",
            "first_name": "Kyle",
            "real_name": "Kyle Lobo",
            "display_name": "",
            "team": "TKFJE6LDR",
            "name": "kylelobo11898",
            "is_restricted": false,
            "is_ultra_restricted": false
        }
    },
    {
        "client_msg_id": "217d1a3f-780a-4c97-9b12-10aaed198fde",
        "type": "message",
        "text": "Ok, that is great.",
        "user": "UKTGLQNGG",
        "ts": "1561975519.005300",
        "team": "TKFJE6LDR",
        "user_team": "TKFJE6LDR",
        "source_team": "TKFJE6LDR",
        "user_profile": {
            "avatar_hash": "ge03fcb118b0",
            "image_72": "https:\/\/secure.gravatar.com\/avatar\/9e03fcb118b0853a3fedfdee2367779d.jpg?s=72&d=https%3A%2F%2Fa.slack-edge.com%2Fdf10d%2Fimg%2Favatars%2Fava_0021-72.png",
            "first_name": "Cameron",
            "real_name": "Cameron Shorter",
            "display_name": "cameronshorter",
            "team": "TKFJE6LDR",
            "name": "cameron.shorter",
            "is_restricted": false,
            "is_ultra_restricted": false
        }
    },
    {
        "client_msg_id": "060c108b-a7d3-4447-a6c7-54235cfed134",
        "type": "message",
        "text": "Did you have a chance to look at: <http:\/\/cameronshorter.blogspot.com\/2018\/10\/the-open-business-business-case.html>",
        "user": "UKTGLQNGG",
        "ts": "1561975527.005600",
        "team": "TKFJE6LDR",
        "user_team": "TKFJE6LDR",
        "source_team": "TKFJE6LDR",
        "user_profile": {
            "avatar_hash": "ge03fcb118b0",
            "image_72": "https:\/\/secure.gravatar.com\/avatar\/9e03fcb118b0853a3fedfdee2367779d.jpg?s=72&d=https%3A%2F%2Fa.slack-edge.com%2Fdf10d%2Fimg%2Favatars%2Fava_0021-72.png",
            "first_name": "Cameron",
            "real_name": "Cameron Shorter",
            "display_name": "cameronshorter",
            "team": "TKFJE6LDR",
            "name": "cameron.shorter",
            "is_restricted": false,
            "is_ultra_restricted": false
        },
        "attachments": [
            {
                "title": "The Open Business - Business Case",
                "title_link": "http:\/\/cameronshorter.blogspot.com\/2018\/10\/the-open-business-business-case.html",
                "text": "Abstract: Despite many attempts, large companies and governments’ rarely achieve the level of collaboration experienced by Open Source c...",
                "fallback": "The Open Business - Business Case",
                "image_url": "https:\/\/2.bp.blogspot.com\/-cY8N-MbcHr8\/W8BUldBq6jI\/AAAAAAAADYQ\/ft78YMRqLRA6MkXSACMP-y96J9IN013dwCK4BGAYYCw\/w1200-h630-p-k-no-nu\/Slide01.png",
                "from_url": "http:\/\/cameronshorter.blogspot.com\/2018\/10\/the-open-business-business-case.html",
                "image_width": 475,
                "image_height": 250,
                "image_bytes": 44653,
                "service_icon": "http:\/\/cameronshorter.blogspot.com\/favicon.ico",
                "service_name": "cameronshorter.blogspot.com",
                "id": 1,
                "original_url": "http:\/\/cameronshorter.blogspot.com\/2018\/10\/the-open-business-business-case.html"
            }
        ]
    },
    {
        "client_msg_id": "eb4fab7b-cd36-4acb-bef8-7e62df075ed6",
        "type": "message",
        "text": "i did glance through it",
        "user": "UKU2JGKEV",
        "ts": "1561975553.006100",
        "team": "TKFJE6LDR",
        "user_team": "TKFJE6LDR",
        "source_team": "TKFJE6LDR",
        "user_profile": {
            "avatar_hash": "bfc35561f2d7",
            "image_72": "https:\/\/avatars.slack-edge.com\/2019-07-01\/680209496276_bfc35561f2d788211222_72.jpg",
            "first_name": "Kyle",
            "real_name": "Kyle Lobo",
            "display_name": "",
            "team": "TKFJE6LDR",
            "name": "kylelobo11898",
            "is_restricted": false,
            "is_ultra_restricted": false
        }
    },
    {
        "client_msg_id": "92173ab6-8260-4730-86d6-900d1033cddd",
        "type": "message",
        "text": "did not get the time to read the entire thing",
        "user": "UKU2JGKEV",
        "ts": "1561975560.006400",
        "team": "TKFJE6LDR",
        "user_team": "TKFJE6LDR",
        "source_team": "TKFJE6LDR",
        "user_profile": {
            "avatar_hash": "bfc35561f2d7",
            "image_72": "https:\/\/avatars.slack-edge.com\/2019-07-01\/680209496276_bfc35561f2d788211222_72.jpg",
            "first_name": "Kyle",
            "real_name": "Kyle Lobo",
            "display_name": "",
            "team": "TKFJE6LDR",
            "name": "kylelobo11898",
            "is_restricted": false,
            "is_ultra_restricted": false
        }
    },
    {
        "client_msg_id": "4545187d-fb17-4353-a39e-0963282fab26",
        "type": "message",
        "text": "but i'll do so before tonight's meeting",
        "user": "UKU2JGKEV",
        "ts": "1561975566.006700",
        "team": "TKFJE6LDR",
        "user_team": "TKFJE6LDR",
        "source_team": "TKFJE6LDR",
        "user_profile": {
            "avatar_hash": "bfc35561f2d7",
            "image_72": "https:\/\/avatars.slack-edge.com\/2019-07-01\/680209496276_bfc35561f2d788211222_72.jpg",
            "first_name": "Kyle",
            "real_name": "Kyle Lobo",
            "display_name": "",
            "team": "TKFJE6LDR",
            "name": "kylelobo11898",
            "is_restricted": false,
            "is_ultra_restricted": false
        }
    },
    {
        "client_msg_id": "66c94005-3f39-45aa-8233-f7b6ecd0eccc",
        "type": "message",
        "text": "Ok, that is fine. I suspect you are looking to start building an open community - it has some tips.",
        "user": "UKTGLQNGG",
        "ts": "1561975608.007500",
        "team": "TKFJE6LDR",
        "user_team": "TKFJE6LDR",
        "source_team": "TKFJE6LDR",
        "user_profile": {
            "avatar_hash": "ge03fcb118b0",
            "image_72": "https:\/\/secure.gravatar.com\/avatar\/9e03fcb118b0853a3fedfdee2367779d.jpg?s=72&d=https%3A%2F%2Fa.slack-edge.com%2Fdf10d%2Fimg%2Favatars%2Fava_0021-72.png",
            "first_name": "Cameron",
            "real_name": "Cameron Shorter",
            "display_name": "cameronshorter",
            "team": "TKFJE6LDR",
            "name": "cameron.shorter",
            "is_restricted": false,
            "is_ultra_restricted": false
        }
    },
    {
        "client_msg_id": "0bb73183-e25b-4b80-919b-fe90ddff165d",
        "type": "message",
        "text": "One thing I noted from your email was I think you would like it if we decide to build upon your project (rather than starting another, or joining another)?",
        "user": "UKTGLQNGG",
        "ts": "1561975663.008800",
        "team": "TKFJE6LDR",
        "user_team": "TKFJE6LDR",
        "source_team": "TKFJE6LDR",
        "user_profile": {
            "avatar_hash": "ge03fcb118b0",
            "image_72": "https:\/\/secure.gravatar.com\/avatar\/9e03fcb118b0853a3fedfdee2367779d.jpg?s=72&d=https%3A%2F%2Fa.slack-edge.com%2Fdf10d%2Fimg%2Favatars%2Fava_0021-72.png",
            "first_name": "Cameron",
            "real_name": "Cameron Shorter",
            "display_name": "cameronshorter",
            "team": "TKFJE6LDR",
            "name": "cameron.shorter",
            "is_restricted": false,
            "is_ultra_restricted": false
        }
    },
    {
        "client_msg_id": "74080408-0da7-4d5c-a24d-e6d4e702152f",
        "type": "message",
        "text": "more than anything, i'm personally excited to learn from all the senior tech writers that are a part of this project",
        "user": "UKU2JGKEV",
        "ts": "1561975673.009100",
        "team": "TKFJE6LDR",
        "user_team": "TKFJE6LDR",
        "source_team": "TKFJE6LDR",
        "user_profile": {
            "avatar_hash": "bfc35561f2d7",
            "image_72": "https:\/\/avatars.slack-edge.com\/2019-07-01\/680209496276_bfc35561f2d788211222_72.jpg",
            "first_name": "Kyle",
            "real_name": "Kyle Lobo",
            "display_name": "",
            "team": "TKFJE6LDR",
            "name": "kylelobo11898",
            "is_restricted": false,
            "is_ultra_restricted": false
        }
    },
    {
        "client_msg_id": "88257327-282b-4812-96f6-c5b8bd76867f",
        "type": "message",
        "text": "well yeah, as it already has a user base",
        "user": "UKU2JGKEV",
        "ts": "1561975705.009600",
        "team": "TKFJE6LDR",
        "user_team": "TKFJE6LDR",
        "source_team": "TKFJE6LDR",
        "user_profile": {
            "avatar_hash": "bfc35561f2d7",
            "image_72": "https:\/\/avatars.slack-edge.com\/2019-07-01\/680209496276_bfc35561f2d788211222_72.jpg",
            "first_name": "Kyle",
            "real_name": "Kyle Lobo",
            "display_name": "",
            "team": "TKFJE6LDR",
            "name": "kylelobo11898",
            "is_restricted": false,
            "is_ultra_restricted": false
        }
    },
    {
        "client_msg_id": "c7aae15f-3f4f-4af1-b021-0b12104e10c7",
        "type": "message",
        "text": "i think the same goes for the other repos mentioned under \"resources\"",
        "user": "UKU2JGKEV",
        "ts": "1561975733.010200",
        "team": "TKFJE6LDR",
        "user_team": "TKFJE6LDR",
        "source_team": "TKFJE6LDR",
        "user_profile": {
            "avatar_hash": "bfc35561f2d7",
            "image_72": "https:\/\/avatars.slack-edge.com\/2019-07-01\/680209496276_bfc35561f2d788211222_72.jpg",
            "first_name": "Kyle",
            "real_name": "Kyle Lobo",
            "display_name": "",
            "team": "TKFJE6LDR",
            "name": "kylelobo11898",
            "is_restricted": false,
            "is_ultra_restricted": false
        }
    },
    {
        "client_msg_id": "58c9deaf-ae74-42c0-b5cf-e0cb292a39dc",
        "type": "message",
        "text": "i'm not against starting the project from scratch",
        "user": "UKU2JGKEV",
        "ts": "1561975773.011300",
        "team": "TKFJE6LDR",
        "user_team": "TKFJE6LDR",
        "source_team": "TKFJE6LDR",
        "user_profile": {
            "avatar_hash": "bfc35561f2d7",
            "image_72": "https:\/\/avatars.slack-edge.com\/2019-07-01\/680209496276_bfc35561f2d788211222_72.jpg",
            "first_name": "Kyle",
            "real_name": "Kyle Lobo",
            "display_name": "",
            "team": "TKFJE6LDR",
            "name": "kylelobo11898",
            "is_restricted": false,
            "is_ultra_restricted": false
        }
    },
    {
        "client_msg_id": "f4e5ec5d-4230-481a-ac87-1a8e64eab10a",
        "type": "message",
        "text": "and if we are starting the project from scratch, it'd be a great learning opportunity for me as well",
        "user": "UKU2JGKEV",
        "ts": "1561975795.012200",
        "team": "TKFJE6LDR",
        "user_team": "TKFJE6LDR",
        "source_team": "TKFJE6LDR",
        "user_profile": {
            "avatar_hash": "bfc35561f2d7",
            "image_72": "https:\/\/avatars.slack-edge.com\/2019-07-01\/680209496276_bfc35561f2d788211222_72.jpg",
            "first_name": "Kyle",
            "real_name": "Kyle Lobo",
            "display_name": "",
            "team": "TKFJE6LDR",
            "name": "kylelobo11898",
            "is_restricted": false,
            "is_ultra_restricted": false
        }
    },
    {
        "client_msg_id": "74fe9d42-9cd9-40fc-83b0-45a74a4d4aa9",
        "type": "message",
        "text": "only potential advantage i saw of expanding my repo was the already existing userbase",
        "user": "UKU2JGKEV",
        "ts": "1561975814.012800",
        "team": "TKFJE6LDR",
        "user_team": "TKFJE6LDR",
        "source_team": "TKFJE6LDR",
        "user_profile": {
            "avatar_hash": "bfc35561f2d7",
            "image_72": "https:\/\/avatars.slack-edge.com\/2019-07-01\/680209496276_bfc35561f2d788211222_72.jpg",
            "first_name": "Kyle",
            "real_name": "Kyle Lobo",
            "display_name": "",
            "team": "TKFJE6LDR",
            "name": "kylelobo11898",
            "is_restricted": false,
            "is_ultra_restricted": false
        }
    },
    {
        "client_msg_id": "d6058af4-54e2-4c51-8e4b-af3ea72b8981",
        "type": "message",
        "text": "At the moment I’m erring toward starting a new project.",
        "user": "UKTGLQNGG",
        "ts": "1561975828.013400",
        "team": "TKFJE6LDR",
        "user_team": "TKFJE6LDR",
        "source_team": "TKFJE6LDR",
        "user_profile": {
            "avatar_hash": "ge03fcb118b0",
            "image_72": "https:\/\/secure.gravatar.com\/avatar\/9e03fcb118b0853a3fedfdee2367779d.jpg?s=72&d=https%3A%2F%2Fa.slack-edge.com%2Fdf10d%2Fimg%2Favatars%2Fava_0021-72.png",
            "first_name": "Cameron",
            "real_name": "Cameron Shorter",
            "display_name": "cameronshorter",
            "team": "TKFJE6LDR",
            "name": "cameron.shorter",
            "is_restricted": false,
            "is_ultra_restricted": false
        }
    },
    {
        "client_msg_id": "04139cb1-5408-4f7c-93c0-cb871c8e6786",
        "type": "message",
        "text": "but yeah, as i've mentioned, my repo is pretty basic and lacks structure",
        "user": "UKU2JGKEV",
        "ts": "1561975830.013700",
        "team": "TKFJE6LDR",
        "user_team": "TKFJE6LDR",
        "source_team": "TKFJE6LDR",
        "user_profile": {
            "avatar_hash": "bfc35561f2d7",
            "image_72": "https:\/\/avatars.slack-edge.com\/2019-07-01\/680209496276_bfc35561f2d788211222_72.jpg",
            "first_name": "Kyle",
            "real_name": "Kyle Lobo",
            "display_name": "",
            "team": "TKFJE6LDR",
            "name": "kylelobo11898",
            "is_restricted": false,
            "is_ultra_restricted": false
        }
    },
    {
        "client_msg_id": "6cc67e9d-68c6-4ed1-bf53-61de688e8ecc",
        "type": "message",
        "text": "Reason: We have lots of experience people and experience projects, it gives us all a chance to start from a common base and all to be “co-founders”",
        "user": "UKTGLQNGG",
        "ts": "1561975868.014500",
        "team": "TKFJE6LDR",
        "user_team": "TKFJE6LDR",
        "source_team": "TKFJE6LDR",
        "user_profile": {
            "avatar_hash": "ge03fcb118b0",
            "image_72": "https:\/\/secure.gravatar.com\/avatar\/9e03fcb118b0853a3fedfdee2367779d.jpg?s=72&d=https%3A%2F%2Fa.slack-edge.com%2Fdf10d%2Fimg%2Favatars%2Fava_0021-72.png",
            "first_name": "Cameron",
            "real_name": "Cameron Shorter",
            "display_name": "cameronshorter",
            "team": "TKFJE6LDR",
            "name": "cameron.shorter",
            "is_restricted": false,
            "is_ultra_restricted": false
        }
    },
    {
        "client_msg_id": "2ce3e7cc-fdfc-4ac9-8a97-0307064e96de",
        "type": "message",
        "text": "My assessment of your project is that it is a good start, and you have attracted users, but it is much more work to build a community of active contributors.",
        "user": "UKTGLQNGG",
        "ts": "1561975936.015700",
        "team": "TKFJE6LDR",
        "user_team": "TKFJE6LDR",
        "source_team": "TKFJE6LDR",
        "user_profile": {
            "avatar_hash": "ge03fcb118b0",
            "image_72": "https:\/\/secure.gravatar.com\/avatar\/9e03fcb118b0853a3fedfdee2367779d.jpg?s=72&d=https%3A%2F%2Fa.slack-edge.com%2Fdf10d%2Fimg%2Favatars%2Fava_0021-72.png",
            "first_name": "Cameron",
            "real_name": "Cameron Shorter",
            "display_name": "cameronshorter",
            "team": "TKFJE6LDR",
            "name": "cameron.shorter",
            "is_restricted": false,
            "is_ultra_restricted": false
        }
    },
    {
        "client_msg_id": "b83915f6-919c-4933-87fb-8435e66f19c0",
        "type": "message",
        "text": "that is true",
        "user": "UKU2JGKEV",
        "ts": "1561975971.016600",
        "team": "TKFJE6LDR",
        "user_team": "TKFJE6LDR",
        "source_team": "TKFJE6LDR",
        "user_profile": {
            "avatar_hash": "bfc35561f2d7",
            "image_72": "https:\/\/avatars.slack-edge.com\/2019-07-01\/680209496276_bfc35561f2d788211222_72.jpg",
            "first_name": "Kyle",
            "real_name": "Kyle Lobo",
            "display_name": "",
            "team": "TKFJE6LDR",
            "name": "kylelobo11898",
            "is_restricted": false,
            "is_ultra_restricted": false
        }
    },
    {
        "client_msg_id": "1d33a5ae-58a2-4e3b-ac83-1f064f19074d",
        "type": "message",
        "text": "Looking at historical data, the odds are against any project that has only just started. (You will see links to such metrics from the post I sent you)",
        "user": "UKTGLQNGG",
        "ts": "1561975990.017400",
        "team": "TKFJE6LDR",
        "user_team": "TKFJE6LDR",
        "source_team": "TKFJE6LDR",
        "user_profile": {
            "avatar_hash": "ge03fcb118b0",
            "image_72": "https:\/\/secure.gravatar.com\/avatar\/9e03fcb118b0853a3fedfdee2367779d.jpg?s=72&d=https%3A%2F%2Fa.slack-edge.com%2Fdf10d%2Fimg%2Favatars%2Fava_0021-72.png",
            "first_name": "Cameron",
            "real_name": "Cameron Shorter",
            "display_name": "cameronshorter",
            "team": "TKFJE6LDR",
            "name": "cameron.shorter",
            "is_restricted": false,
            "is_ultra_restricted": false
        }
    },
    {
        "client_msg_id": "30950a4c-6fbd-4f7f-a33e-c39c041a3776",
        "type": "message",
        "text": "while my repo has attracted a lot of users, very few actually contribute in trying to make it better",
        "user": "UKU2JGKEV",
        "ts": "1561976015.017800",
        "team": "TKFJE6LDR",
        "user_team": "TKFJE6LDR",
        "source_team": "TKFJE6LDR",
        "user_profile": {
            "avatar_hash": "bfc35561f2d7",
            "image_72": "https:\/\/avatars.slack-edge.com\/2019-07-01\/680209496276_bfc35561f2d788211222_72.jpg",
            "first_name": "Kyle",
            "real_name": "Kyle Lobo",
            "display_name": "",
            "team": "TKFJE6LDR",
            "name": "kylelobo11898",
            "is_restricted": false,
            "is_ultra_restricted": false
        }
    },
    {
        "client_msg_id": "9dbc8c09-af1c-4a15-abc8-24ea9cf37061",
        "type": "message",
        "text": "The other projects I’ve linked to have more established communities, which makes them much more likely to survive.",
        "user": "UKTGLQNGG",
        "ts": "1561976050.018600",
        "team": "TKFJE6LDR",
        "user_team": "TKFJE6LDR",
        "source_team": "TKFJE6LDR",
        "user_profile": {
            "avatar_hash": "ge03fcb118b0",
            "image_72": "https:\/\/secure.gravatar.com\/avatar\/9e03fcb118b0853a3fedfdee2367779d.jpg?s=72&d=https%3A%2F%2Fa.slack-edge.com%2Fdf10d%2Fimg%2Favatars%2Fava_0021-72.png",
            "first_name": "Cameron",
            "real_name": "Cameron Shorter",
            "display_name": "cameronshorter",
            "team": "TKFJE6LDR",
            "name": "cameron.shorter",
            "is_restricted": false,
            "is_ultra_restricted": false
        }
    },
    {
        "client_msg_id": "3339cf12-2a0c-413b-b7fa-c751237aa4d4",
        "type": "message",
        "text": "Which also makes them more attractive to work with.",
        "user": "UKTGLQNGG",
        "ts": "1561976071.019000",
        "team": "TKFJE6LDR",
        "user_team": "TKFJE6LDR",
        "source_team": "TKFJE6LDR",
        "user_profile": {
            "avatar_hash": "ge03fcb118b0",
            "image_72": "https:\/\/secure.gravatar.com\/avatar\/9e03fcb118b0853a3fedfdee2367779d.jpg?s=72&d=https%3A%2F%2Fa.slack-edge.com%2Fdf10d%2Fimg%2Favatars%2Fava_0021-72.png",
            "first_name": "Cameron",
            "real_name": "Cameron Shorter",
            "display_name": "cameronshorter",
            "team": "TKFJE6LDR",
            "name": "cameron.shorter",
            "is_restricted": false,
            "is_ultra_restricted": false
        }
    },
    {
        "client_msg_id": "6c58d76f-f38e-4007-97fd-06cb6842f99d",
        "type": "message",
        "text": "i agree",
        "user": "UKU2JGKEV",
        "ts": "1561976084.019200",
        "team": "TKFJE6LDR",
        "user_team": "TKFJE6LDR",
        "source_team": "TKFJE6LDR",
        "user_profile": {
            "avatar_hash": "bfc35561f2d7",
            "image_72": "https:\/\/avatars.slack-edge.com\/2019-07-01\/680209496276_bfc35561f2d788211222_72.jpg",
            "first_name": "Kyle",
            "real_name": "Kyle Lobo",
            "display_name": "",
            "team": "TKFJE6LDR",
            "name": "kylelobo11898",
            "is_restricted": false,
            "is_ultra_restricted": false
        }
    },
    {
        "client_msg_id": "785ce35a-52a8-4513-a1b4-fb17208cc762",
        "type": "message",
        "text": "At the moment, I see you as a big fish in a small pond, and I’m hoping that you will consider joining our community and becoming one of the many small fish in a much bigger pond.",
        "user": "UKTGLQNGG",
        "ts": "1561976152.020300",
        "team": "TKFJE6LDR",
        "user_team": "TKFJE6LDR",
        "source_team": "TKFJE6LDR",
        "user_profile": {
            "avatar_hash": "ge03fcb118b0",
            "image_72": "https:\/\/secure.gravatar.com\/avatar\/9e03fcb118b0853a3fedfdee2367779d.jpg?s=72&d=https%3A%2F%2Fa.slack-edge.com%2Fdf10d%2Fimg%2Favatars%2Fava_0021-72.png",
            "first_name": "Cameron",
            "real_name": "Cameron Shorter",
            "display_name": "cameronshorter",
            "team": "TKFJE6LDR",
            "name": "cameron.shorter",
            "is_restricted": false,
            "is_ultra_restricted": false
        }
    },
    {
        "client_msg_id": "41e3cccc-6cee-4848-8ef1-4bfc6375fcce",
        "type": "message",
        "text": "i'd love to!",
        "user": "UKU2JGKEV",
        "ts": "1561976189.020700",
        "team": "TKFJE6LDR",
        "user_team": "TKFJE6LDR",
        "source_team": "TKFJE6LDR",
        "user_profile": {
            "avatar_hash": "bfc35561f2d7",
            "image_72": "https:\/\/avatars.slack-edge.com\/2019-07-01\/680209496276_bfc35561f2d788211222_72.jpg",
            "first_name": "Kyle",
            "real_name": "Kyle Lobo",
            "display_name": "",
            "team": "TKFJE6LDR",
            "name": "kylelobo11898",
            "is_restricted": false,
            "is_ultra_restricted": false
        }
    },
    {
        "client_msg_id": "2afd106b-6106-4c1f-b572-45e40ae3821f",
        "type": "message",
        "text": "Ok, great. That was all I wanted to cover for the moment. Did you have any questions?",
        "user": "UKTGLQNGG",
        "ts": "1561976224.021300",
        "team": "TKFJE6LDR",
        "user_team": "TKFJE6LDR",
        "source_team": "TKFJE6LDR",
        "user_profile": {
            "avatar_hash": "ge03fcb118b0",
            "image_72": "https:\/\/secure.gravatar.com\/avatar\/9e03fcb118b0853a3fedfdee2367779d.jpg?s=72&d=https%3A%2F%2Fa.slack-edge.com%2Fdf10d%2Fimg%2Favatars%2Fava_0021-72.png",
            "first_name": "Cameron",
            "real_name": "Cameron Shorter",
            "display_name": "cameronshorter",
            "team": "TKFJE6LDR",
            "name": "cameron.shorter",
            "is_restricted": false,
            "is_ultra_restricted": false
        }
    },
    {
        "client_msg_id": "4a6d4bce-b769-4fa7-9ded-16979f3da2be",
        "type": "message",
        "text": "umm, just one thing - when do we approximately plan to start working on the project?",
        "user": "UKU2JGKEV",
        "ts": "1561976275.021900",
        "team": "TKFJE6LDR",
        "user_team": "TKFJE6LDR",
        "source_team": "TKFJE6LDR",
        "user_profile": {
            "avatar_hash": "bfc35561f2d7",
            "image_72": "https:\/\/avatars.slack-edge.com\/2019-07-01\/680209496276_bfc35561f2d788211222_72.jpg",
            "first_name": "Kyle",
            "real_name": "Kyle Lobo",
            "display_name": "",
            "team": "TKFJE6LDR",
            "name": "kylelobo11898",
            "is_restricted": false,
            "is_ultra_restricted": false
        }
    },
    {
        "client_msg_id": "ac43af7b-5c7c-4508-9009-91d1cc02a399",
        "type": "message",
        "text": "As soon as people want to start writing. Maybe have people start writing user personas from tomorrow.",
        "user": "UKTGLQNGG",
        "ts": "1561976361.023200",
        "team": "TKFJE6LDR",
        "user_team": "TKFJE6LDR",
        "source_team": "TKFJE6LDR",
        "user_profile": {
            "avatar_hash": "ge03fcb118b0",
            "image_72": "https:\/\/secure.gravatar.com\/avatar\/9e03fcb118b0853a3fedfdee2367779d.jpg?s=72&d=https%3A%2F%2Fa.slack-edge.com%2Fdf10d%2Fimg%2Favatars%2Fava_0021-72.png",
            "first_name": "Cameron",
            "real_name": "Cameron Shorter",
            "display_name": "cameronshorter",
            "team": "TKFJE6LDR",
            "name": "cameron.shorter",
            "is_restricted": false,
            "is_ultra_restricted": false
        }
    },
    {
        "client_msg_id": "e8d5d1cd-370d-47cb-aab9-fb414b9ee072",
        "type": "message",
        "text": "But there is no rush to start, it will depend upon people’s availability.",
        "user": "UKTGLQNGG",
        "ts": "1561976402.023900",
        "team": "TKFJE6LDR",
        "user_team": "TKFJE6LDR",
        "source_team": "TKFJE6LDR",
        "user_profile": {
            "avatar_hash": "ge03fcb118b0",
            "image_72": "https:\/\/secure.gravatar.com\/avatar\/9e03fcb118b0853a3fedfdee2367779d.jpg?s=72&d=https%3A%2F%2Fa.slack-edge.com%2Fdf10d%2Fimg%2Favatars%2Fava_0021-72.png",
            "first_name": "Cameron",
            "real_name": "Cameron Shorter",
            "display_name": "cameronshorter",
            "team": "TKFJE6LDR",
            "name": "cameron.shorter",
            "is_restricted": false,
            "is_ultra_restricted": false
        }
    },
    {
        "client_msg_id": "83d470eb-7748-4845-81a2-632b5718aeb2",
        "type": "message",
        "text": "oh, okay",
        "user": "UKU2JGKEV",
        "ts": "1561976413.024100",
        "team": "TKFJE6LDR",
        "user_team": "TKFJE6LDR",
        "source_team": "TKFJE6LDR",
        "user_profile": {
            "avatar_hash": "bfc35561f2d7",
            "image_72": "https:\/\/avatars.slack-edge.com\/2019-07-01\/680209496276_bfc35561f2d788211222_72.jpg",
            "first_name": "Kyle",
            "real_name": "Kyle Lobo",
            "display_name": "",
            "team": "TKFJE6LDR",
            "name": "kylelobo11898",
            "is_restricted": false,
            "is_ultra_restricted": false
        }
    },
    {
        "client_msg_id": "7e7db251-1f68-40c1-bb89-213c733523e4",
        "type": "message",
        "text": "that's it from my side",
        "user": "UKU2JGKEV",
        "ts": "1561976435.024300",
        "team": "TKFJE6LDR",
        "user_team": "TKFJE6LDR",
        "source_team": "TKFJE6LDR",
        "user_profile": {
            "avatar_hash": "bfc35561f2d7",
            "image_72": "https:\/\/avatars.slack-edge.com\/2019-07-01\/680209496276_bfc35561f2d788211222_72.jpg",
            "first_name": "Kyle",
            "real_name": "Kyle Lobo",
            "display_name": "",
            "team": "TKFJE6LDR",
            "name": "kylelobo11898",
            "is_restricted": false,
            "is_ultra_restricted": false
        }
    },
    {
        "client_msg_id": "e271cef2-f9cb-47a1-b25b-f072ffd0b631",
        "type": "message",
        "text": "Ok thanks for the chat, and see you tomorrow. Sorry for the poor timeslot - I assume meeting will be middle of the night for you?",
        "user": "UKTGLQNGG",
        "ts": "1561976486.025200",
        "team": "TKFJE6LDR",
        "user_team": "TKFJE6LDR",
        "source_team": "TKFJE6LDR",
        "user_profile": {
            "avatar_hash": "ge03fcb118b0",
            "image_72": "https:\/\/secure.gravatar.com\/avatar\/9e03fcb118b0853a3fedfdee2367779d.jpg?s=72&d=https%3A%2F%2Fa.slack-edge.com%2Fdf10d%2Fimg%2Favatars%2Fava_0021-72.png",
            "first_name": "Cameron",
            "real_name": "Cameron Shorter",
            "display_name": "cameronshorter",
            "team": "TKFJE6LDR",
            "name": "cameron.shorter",
            "is_restricted": false,
            "is_ultra_restricted": false
        }
    },
    {
        "client_msg_id": "a13a03e7-22d3-4334-807d-1fd48a97ab32",
        "type": "message",
        "text": "yeah, 3.15 am lol",
        "user": "UKU2JGKEV",
        "ts": "1561976505.025400",
        "team": "TKFJE6LDR",
        "user_team": "TKFJE6LDR",
        "source_team": "TKFJE6LDR",
        "user_profile": {
            "avatar_hash": "bfc35561f2d7",
            "image_72": "https:\/\/avatars.slack-edge.com\/2019-07-01\/680209496276_bfc35561f2d788211222_72.jpg",
            "first_name": "Kyle",
            "real_name": "Kyle Lobo",
            "display_name": "",
            "team": "TKFJE6LDR",
            "name": "kylelobo11898",
            "is_restricted": false,
            "is_ultra_restricted": false
        }
    },
    {
        "client_msg_id": "df96fe3e-7518-4252-b430-37f72f33dca6",
        "type": "message",
        "text": "but, no issues, i've been sleeping late for the past few days",
        "user": "UKU2JGKEV",
        "ts": "1561976528.026000",
        "team": "TKFJE6LDR",
        "user_team": "TKFJE6LDR",
        "source_team": "TKFJE6LDR",
        "user_profile": {
            "avatar_hash": "bfc35561f2d7",
            "image_72": "https:\/\/avatars.slack-edge.com\/2019-07-01\/680209496276_bfc35561f2d788211222_72.jpg",
            "first_name": "Kyle",
            "real_name": "Kyle Lobo",
            "display_name": "",
            "team": "TKFJE6LDR",
            "name": "kylelobo11898",
            "is_restricted": false,
            "is_ultra_restricted": false
        }
    },
    {
        "client_msg_id": "542ae254-cb19-4003-8e7d-4bf582979f2f",
        "type": "message",
        "text": "ok",
        "user": "UKTGLQNGG",
        "ts": "1561976535.026200",
        "team": "TKFJE6LDR",
        "user_team": "TKFJE6LDR",
        "source_team": "TKFJE6LDR",
        "user_profile": {
            "avatar_hash": "ge03fcb118b0",
            "image_72": "https:\/\/secure.gravatar.com\/avatar\/9e03fcb118b0853a3fedfdee2367779d.jpg?s=72&d=https%3A%2F%2Fa.slack-edge.com%2Fdf10d%2Fimg%2Favatars%2Fava_0021-72.png",
            "first_name": "Cameron",
            "real_name": "Cameron Shorter",
            "display_name": "cameronshorter",
            "team": "TKFJE6LDR",
            "name": "cameron.shorter",
            "is_restricted": false,
            "is_ultra_restricted": false
        }
    },
    {
        "client_msg_id": "84a73511-83c9-465f-87f7-94d3daf9312b",
        "type": "message",
        "text": "See you later.",
        "user": "UKTGLQNGG",
        "ts": "1561976545.026400",
        "team": "TKFJE6LDR",
        "user_team": "TKFJE6LDR",
        "source_team": "TKFJE6LDR",
        "user_profile": {
            "avatar_hash": "ge03fcb118b0",
            "image_72": "https:\/\/secure.gravatar.com\/avatar\/9e03fcb118b0853a3fedfdee2367779d.jpg?s=72&d=https%3A%2F%2Fa.slack-edge.com%2Fdf10d%2Fimg%2Favatars%2Fava_0021-72.png",
            "first_name": "Cameron",
            "real_name": "Cameron Shorter",
            "display_name": "cameronshorter",
            "team": "TKFJE6LDR",
            "name": "cameron.shorter",
            "is_restricted": false,
            "is_ultra_restricted": false
        }
    },
    {
        "client_msg_id": "287483ae-a5f2-40be-b8f4-3b9394359868",
        "type": "message",
        "text": "cya!",
        "user": "UKU2JGKEV",
        "ts": "1561976549.026600",
        "team": "TKFJE6LDR",
        "user_team": "TKFJE6LDR",
        "source_team": "TKFJE6LDR",
        "user_profile": {
            "avatar_hash": "bfc35561f2d7",
            "image_72": "https:\/\/avatars.slack-edge.com\/2019-07-01\/680209496276_bfc35561f2d788211222_72.jpg",
            "first_name": "Kyle",
            "real_name": "Kyle Lobo",
            "display_name": "",
            "team": "TKFJE6LDR",
            "name": "kylelobo11898",
            "is_restricted": false,
            "is_ultra_restricted": false
        }
    }
]