[
    {
        "client_msg_id": "22ab1eb2-12fc-41f1-9548-aed25856a6e9",
        "type": "message",
        "text": "In my day job, I've tripped over a couple more glossary use cases:\n• As a technical writer, I want a tool which builds a glossary of the organisation specific terms used within my document, by searching my organisation’s glossary. \n• As an organisation, I’d like a tool which seeds my organisation specific glossary by searching my organisation’s docs for terms in a super-set of reference glossaries.\n",
        "user": "UKTGLQNGG",
        "ts": "1600321693.195300",
        "team": "TKFJE6LDR",
        "user_team": "TKFJE6LDR",
        "source_team": "TKFJE6LDR",
        "user_profile": {
            "avatar_hash": "d6f4de222bb1",
            "image_72": "https:\/\/avatars.slack-edge.com\/2020-07-20\/1235580478119_d6f4de222bb1ed6b5960_72.jpg",
            "first_name": "Cameron",
            "real_name": "Cameron Shorter",
            "display_name": "cameronshorter",
            "team": "TKFJE6LDR",
            "name": "cameron.shorter",
            "is_restricted": false,
            "is_ultra_restricted": false
        },
        "blocks": [
            {
                "type": "rich_text",
                "block_id": "W8S4",
                "elements": [
                    {
                        "type": "rich_text_section",
                        "elements": [
                            {
                                "type": "text",
                                "text": "In my day job, I've tripped over a couple more glossary use cases:\n"
                            }
                        ]
                    },
                    {
                        "type": "rich_text_list",
                        "elements": [
                            {
                                "type": "rich_text_section",
                                "elements": [
                                    {
                                        "type": "text",
                                        "text": "As a technical writer, I want a tool which builds a glossary of the organisation specific terms used within my document, by searching my organisation’s glossary. "
                                    }
                                ]
                            },
                            {
                                "type": "rich_text_section",
                                "elements": [
                                    {
                                        "type": "text",
                                        "text": "As an organisation, I’d like a tool which seeds my organisation specific glossary by searching my organisation’s docs for terms in a super-set of reference glossaries."
                                    }
                                ]
                            }
                        ],
                        "style": "bullet",
                        "indent": 0
                    },
                    {
                        "type": "rich_text_section",
                        "elements": []
                    }
                ]
            }
        ]
    }
]