[
    {
        "client_msg_id": "5f5e6328-31d4-4b19-8f88-206521e30b31",
        "type": "message",
        "text": "<@U019252DK0F> Glossarist Desktop supports GitHub two-factor auth if you use a \"personal access token\" as the password. Unfortunately it doesn't support loading an arbitrary SKOS file right now. We'd be happy to speed up that work if you could share a sample of your file? Thanks!",
        "user": "U01A1CBD0CC",
        "ts": "1601977989.012700",
        "team": "TKFJE6LDR",
        "user_team": "TKFJE6LDR",
        "source_team": "TKFJE6LDR",
        "user_profile": {
            "avatar_hash": "gd11b0590c62",
            "image_72": "https:\/\/secure.gravatar.com\/avatar\/d11b0590c62fd7eac8ff41b3cadd7b26.jpg?s=72&d=https%3A%2F%2Fa.slack-edge.com%2Fdf10d%2Fimg%2Favatars%2Fava_0025-72.png",
            "first_name": "",
            "real_name": "Ronald Tse",
            "display_name": "Ronald Tse",
            "team": "TKFJE6LDR",
            "name": "tse",
            "is_restricted": false,
            "is_ultra_restricted": false
        },
        "blocks": [
            {
                "type": "rich_text",
                "block_id": "fjS6K",
                "elements": [
                    {
                        "type": "rich_text_section",
                        "elements": [
                            {
                                "type": "user",
                                "user_id": "U019252DK0F"
                            },
                            {
                                "type": "text",
                                "text": " Glossarist Desktop supports GitHub two-factor auth if you use a \"personal access token\" as the password. Unfortunately it doesn't support loading an arbitrary SKOS file right now. We'd be happy to speed up that work if you could share a sample of your file? Thanks!"
                            }
                        ]
                    }
                ]
            }
        ]
    },
    {
        "client_msg_id": "841b5b41-154f-42dc-b32e-99c92bfd8988",
        "type": "message",
        "text": "Do you think we should add a brief introductory paragraph that highlights the need for a glossary project? Sort of like engaging the audience by mentioning a pain point.",
        "user": "U018GVAH3FX",
        "ts": "1601990548.012800",
        "team": "TKFJE6LDR",
        "user_team": "TKFJE6LDR",
        "source_team": "TKFJE6LDR",
        "user_profile": {
            "avatar_hash": "ge5dc7096981",
            "image_72": "https:\/\/secure.gravatar.com\/avatar\/e5dc709698120b8f32e53b9472f12064.jpg?s=72&d=https%3A%2F%2Fa.slack-edge.com%2Fdf10d%2Fimg%2Favatars%2Fava_0015-72.png",
            "first_name": "",
            "real_name": "Naini",
            "display_name": "Naini",
            "team": "TKFJE6LDR",
            "name": "khajanchi.naini",
            "is_restricted": false,
            "is_ultra_restricted": false
        },
        "blocks": [
            {
                "type": "rich_text",
                "block_id": "2Zmt",
                "elements": [
                    {
                        "type": "rich_text_section",
                        "elements": [
                            {
                                "type": "text",
                                "text": "Do you think we should add a brief introductory paragraph that highlights the need for a glossary project? Sort of like engaging the audience by mentioning a pain point."
                            }
                        ]
                    }
                ]
            }
        ],
        "thread_ts": "1601942115.002400",
        "parent_user_id": "UKTGLQNGG"
    },
    {
        "client_msg_id": "812ad8ac-8c68-435c-a026-a297dbcf622e",
        "type": "message",
        "text": "<@U01A1CBD0CC> thanks.  I missed that.  I can try again with the personal access token.  I had thought to load GACS, which is here: <https:\/\/github.com\/gacs\/gacs-scheme>, but it is indeed SKOS.  Actually, I don't know what other kind of file I would load...I suppose I could hack a TSV or something.  I *may* have an old MultiTes file...what type of file is Glossarist expecting?",
        "user": "U019252DK0F",
        "ts": "1602033445.015300",
        "team": "TKFJE6LDR",
        "user_team": "TKFJE6LDR",
        "source_team": "TKFJE6LDR",
        "user_profile": {
            "avatar_hash": "33a3d3a9190d",
            "image_72": "https:\/\/avatars.slack-edge.com\/2020-09-09\/1347808982341_33a3d3a9190d60e700de_72.jpg",
            "first_name": "brandon",
            "real_name": "brandon whitehead",
            "display_name": "brandon",
            "team": "TKFJE6LDR",
            "name": "brandonnodnarb",
            "is_restricted": false,
            "is_ultra_restricted": false
        },
        "attachments": [
            {
                "fallback": "gacs\/gacs-scheme",
                "text": "Global Agricultural Concept Space (GACS)",
                "title": "gacs\/gacs-scheme",
                "footer": "<https:\/\/github.com\/gacs\/gacs-scheme|gacs\/gacs-scheme>",
                "id": 1,
                "footer_icon": "https:\/\/github.githubassets.com\/favicon.ico",
                "ts": 1550670717,
                "color": "24292f",
                "fields": [
                    {
                        "title": "Website",
                        "value": "<https:\/\/agrisemantics.org\/#GACShome\/>",
                        "short": true
                    },
                    {
                        "title": "Stars",
                        "value": "2",
                        "short": true
                    }
                ],
                "mrkdwn_in": [
                    "text",
                    "fields"
                ],
                "bot_id": "BU8U6P6AH",
                "app_unfurl_url": "https:\/\/github.com\/gacs\/gacs-scheme",
                "is_app_unfurl": true
            }
        ],
        "blocks": [
            {
                "type": "rich_text",
                "block_id": "n2Y",
                "elements": [
                    {
                        "type": "rich_text_section",
                        "elements": [
                            {
                                "type": "user",
                                "user_id": "U01A1CBD0CC"
                            },
                            {
                                "type": "text",
                                "text": " thanks.  I missed that.  I can try again with the personal access token.  I had thought to load GACS, which is here: "
                            },
                            {
                                "type": "link",
                                "url": "https:\/\/github.com\/gacs\/gacs-scheme"
                            },
                            {
                                "type": "text",
                                "text": ", but it is indeed SKOS.  Actually, I don't know what other kind of file I would load...I suppose I could hack a TSV or something.  I "
                            },
                            {
                                "type": "text",
                                "text": "may",
                                "style": {
                                    "bold": true
                                }
                            },
                            {
                                "type": "text",
                                "text": " have an old MultiTes file...what type of file is Glossarist expecting?"
                            }
                        ]
                    }
                ]
            }
        ]
    },
    {
        "client_msg_id": "ef67261c-a39f-4407-85c7-36f3ff509693",
        "type": "message",
        "text": "Sure <@U018GVAH3FX>, that sounds like a good idea.",
        "user": "UKTGLQNGG",
        "ts": "1602036472.015500",
        "team": "TKFJE6LDR",
        "user_team": "TKFJE6LDR",
        "source_team": "TKFJE6LDR",
        "user_profile": {
            "avatar_hash": "d6f4de222bb1",
            "image_72": "https:\/\/avatars.slack-edge.com\/2020-07-20\/1235580478119_d6f4de222bb1ed6b5960_72.jpg",
            "first_name": "Cameron",
            "real_name": "Cameron Shorter",
            "display_name": "cameronshorter",
            "team": "TKFJE6LDR",
            "name": "cameron.shorter",
            "is_restricted": false,
            "is_ultra_restricted": false
        },
        "blocks": [
            {
                "type": "rich_text",
                "block_id": "fPDe",
                "elements": [
                    {
                        "type": "rich_text_section",
                        "elements": [
                            {
                                "type": "text",
                                "text": "Sure "
                            },
                            {
                                "type": "user",
                                "user_id": "U018GVAH3FX"
                            },
                            {
                                "type": "text",
                                "text": ", that sounds like a good idea."
                            }
                        ]
                    }
                ]
            }
        ],
        "thread_ts": "1601942115.002400",
        "parent_user_id": "UKTGLQNGG"
    },
    {
        "client_msg_id": "4d3d01c3-31bf-4492-901b-a3310578d0b4",
        "type": "message",
        "text": "Yes, Naini had added some <https:\/\/docs.google.com\/document\/d\/1OtNQs89f3gwn13b6yeO4iAQwGCTe4dKH4CfUgzHg_1w\/edit?usp=sharing|intro in a document>. I have added my comment on the same. Let me know if that sounds feasible and we can send it across.",
        "user": "U0170HMB87K",
        "ts": "1602046319.015700",
        "team": "TKFJE6LDR",
        "user_team": "TKFJE6LDR",
        "source_team": "TKFJE6LDR",
        "user_profile": {
            "avatar_hash": "f39553b0636b",
            "image_72": "https:\/\/avatars.slack-edge.com\/2020-07-22\/1249269540710_f39553b0636b29704992_72.jpg",
            "first_name": "",
            "real_name": "Ankita",
            "display_name": "Ankita",
            "team": "TKFJE6LDR",
            "name": "ankitatripathi.2312",
            "is_restricted": false,
            "is_ultra_restricted": false
        },
        "blocks": [
            {
                "type": "rich_text",
                "block_id": "c7t59",
                "elements": [
                    {
                        "type": "rich_text_section",
                        "elements": [
                            {
                                "type": "text",
                                "text": "Yes, Naini had added some "
                            },
                            {
                                "type": "link",
                                "url": "https:\/\/docs.google.com\/document\/d\/1OtNQs89f3gwn13b6yeO4iAQwGCTe4dKH4CfUgzHg_1w\/edit?usp=sharing",
                                "text": "intro in a document"
                            },
                            {
                                "type": "text",
                                "text": ". I have added my comment on the same. Let me know if that sounds feasible and we can send it across."
                            }
                        ]
                    }
                ]
            }
        ],
        "thread_ts": "1601942115.002400",
        "parent_user_id": "UKTGLQNGG"
    }
]