[
    {
        "client_msg_id": "6cbfbd85-e9c9-485f-93b0-469ef542b8c5",
        "type": "message",
        "text": "The private link for The Glossarist demo is up on YouTube: <https:\/\/youtu.be\/M9SnlHIL_Ts>",
        "user": "U012KCMPP0V",
        "ts": "1600010748.189700",
        "team": "TKFJE6LDR",
        "user_team": "TKFJE6LDR",
        "source_team": "TKFJE6LDR",
        "user_profile": {
            "avatar_hash": "b26729f0b5f2",
            "image_72": "https:\/\/avatars.slack-edge.com\/2020-04-27\/1089031639347_b26729f0b5f2375494a1_72.png",
            "first_name": "Alyssa",
            "real_name": "Alyssa",
            "display_name": "Alyssa",
            "team": "TKFJE6LDR",
            "name": "alyssa.rock.biz",
            "is_restricted": false,
            "is_ultra_restricted": false
        },
        "blocks": [
            {
                "type": "rich_text",
                "block_id": "w1wQn",
                "elements": [
                    {
                        "type": "rich_text_section",
                        "elements": [
                            {
                                "type": "text",
                                "text": "The private link for The Glossarist demo is up on YouTube: "
                            },
                            {
                                "type": "link",
                                "url": "https:\/\/youtu.be\/M9SnlHIL_Ts"
                            }
                        ]
                    }
                ]
            }
        ],
        "thread_ts": "1600010748.189700",
        "reply_count": 3,
        "reply_users_count": 3,
        "latest_reply": "1600206896.190400",
        "reply_users": [
            "U0170HMB87K",
            "U01A8JXNZDW",
            "U012KCMPP0V"
        ],
        "replies": [
            {
                "user": "U0170HMB87K",
                "ts": "1600167263.189800"
            },
            {
                "user": "U01A8JXNZDW",
                "ts": "1600187832.190200"
            },
            {
                "user": "U012KCMPP0V",
                "ts": "1600206896.190400"
            }
        ],
        "subscribed": false
    }
]