[
    {
        "client_msg_id": "ae8c3084-df9e-46ce-b460-69472c45a8cd",
        "type": "message",
        "text": "hello everyone, is there a meeting today for Asia \/ Oceania timezones?",
        "user": "U019YA7SD0U",
        "ts": "1601602315.006000",
        "team": "TKFJE6LDR",
        "user_team": "TKFJE6LDR",
        "source_team": "TKFJE6LDR",
        "user_profile": {
            "avatar_hash": "gd927840085e",
            "image_72": "https:\/\/secure.gravatar.com\/avatar\/d927840085e81f89fb210807b02ee5bc.jpg?s=72&d=https%3A%2F%2Fa.slack-edge.com%2Fdf10d%2Fimg%2Favatars%2Fava_0007-72.png",
            "first_name": "Reese",
            "real_name": "Reese Plews",
            "display_name": "Reese Plews (TC211 TMG)",
            "team": "TKFJE6LDR",
            "name": "rplews",
            "is_restricted": false,
            "is_ultra_restricted": false
        },
        "blocks": [
            {
                "type": "rich_text",
                "block_id": "3uf",
                "elements": [
                    {
                        "type": "rich_text_section",
                        "elements": [
                            {
                                "type": "text",
                                "text": "hello everyone, is there a meeting today for Asia \/ Oceania timezones?"
                            }
                        ]
                    }
                ]
            }
        ]
    },
    {
        "client_msg_id": "1d6963ae-4b7c-4a42-844c-58f62a8bc8d0",
        "type": "message",
        "text": "Did the link for the meeting change? Ankita and I are in the call, but no one else is?",
        "user": "U012KCMPP0V",
        "ts": "1601602470.006600",
        "team": "TKFJE6LDR",
        "user_team": "TKFJE6LDR",
        "source_team": "TKFJE6LDR",
        "user_profile": {
            "avatar_hash": "b26729f0b5f2",
            "image_72": "https:\/\/avatars.slack-edge.com\/2020-04-27\/1089031639347_b26729f0b5f2375494a1_72.png",
            "first_name": "Alyssa",
            "real_name": "Alyssa",
            "display_name": "Alyssa",
            "team": "TKFJE6LDR",
            "name": "alyssa.rock.biz",
            "is_restricted": false,
            "is_ultra_restricted": false
        },
        "blocks": [
            {
                "type": "rich_text",
                "block_id": "1OKw",
                "elements": [
                    {
                        "type": "rich_text_section",
                        "elements": [
                            {
                                "type": "text",
                                "text": "Did the link for the meeting change? Ankita and I are in the call, but no one else is?"
                            }
                        ]
                    }
                ]
            }
        ]
    },
    {
        "client_msg_id": "45de3057-a8e1-41a7-beaf-a3cbbeb7697c",
        "type": "message",
        "text": "mine says waiting to be let in, using last weeks url",
        "user": "U019YA7SD0U",
        "ts": "1601602580.007300",
        "team": "TKFJE6LDR",
        "user_team": "TKFJE6LDR",
        "source_team": "TKFJE6LDR",
        "user_profile": {
            "avatar_hash": "gd927840085e",
            "image_72": "https:\/\/secure.gravatar.com\/avatar\/d927840085e81f89fb210807b02ee5bc.jpg?s=72&d=https%3A%2F%2Fa.slack-edge.com%2Fdf10d%2Fimg%2Favatars%2Fava_0007-72.png",
            "first_name": "Reese",
            "real_name": "Reese Plews",
            "display_name": "Reese Plews (TC211 TMG)",
            "team": "TKFJE6LDR",
            "name": "rplews",
            "is_restricted": false,
            "is_ultra_restricted": false
        },
        "blocks": [
            {
                "type": "rich_text",
                "block_id": "Ts3",
                "elements": [
                    {
                        "type": "rich_text_section",
                        "elements": [
                            {
                                "type": "text",
                                "text": "mine says waiting to be let in, using last weeks url"
                            }
                        ]
                    }
                ]
            }
        ]
    },
    {
        "client_msg_id": "97ba1237-66d1-4490-85e1-ed456858b007",
        "type": "message",
        "text": "Try this one? <https:\/\/meet.google.com\/xpw-djtk-apv>",
        "user": "U012KCMPP0V",
        "ts": "1601602619.007700",
        "team": "TKFJE6LDR",
        "user_team": "TKFJE6LDR",
        "source_team": "TKFJE6LDR",
        "user_profile": {
            "avatar_hash": "b26729f0b5f2",
            "image_72": "https:\/\/avatars.slack-edge.com\/2020-04-27\/1089031639347_b26729f0b5f2375494a1_72.png",
            "first_name": "Alyssa",
            "real_name": "Alyssa",
            "display_name": "Alyssa",
            "team": "TKFJE6LDR",
            "name": "alyssa.rock.biz",
            "is_restricted": false,
            "is_ultra_restricted": false
        },
        "attachments": [
            {
                "title": "Meet",
                "title_link": "https:\/\/meet.google.com\/xpw-djtk-apv",
                "text": "Real-time meetings by Google. Using your browser, share your video, desktop, and presentations with teammates and customers.",
                "fallback": "Meet",
                "thumb_url": "https:\/\/www.gstatic.com\/images\/branding\/product\/2x\/meet_96dp.png",
                "from_url": "https:\/\/meet.google.com\/xpw-djtk-apv",
                "thumb_width": 192,
                "thumb_height": 192,
                "service_icon": "http:\/\/www.gstatic.com\/images\/branding\/product\/1x\/meet_16dp.png",
                "service_name": "meet.google.com",
                "id": 1,
                "original_url": "https:\/\/meet.google.com\/xpw-djtk-apv"
            }
        ],
        "blocks": [
            {
                "type": "rich_text",
                "block_id": "nHX",
                "elements": [
                    {
                        "type": "rich_text_section",
                        "elements": [
                            {
                                "type": "text",
                                "text": "Try this one? "
                            },
                            {
                                "type": "link",
                                "url": "https:\/\/meet.google.com\/xpw-djtk-apv"
                            }
                        ]
                    }
                ]
            }
        ],
        "thread_ts": "1601602619.007700",
        "reply_count": 6,
        "reply_users_count": 2,
        "latest_reply": "1601603145.010700",
        "reply_users": [
            "U019YA7SD0U",
            "U012KCMPP0V"
        ],
        "replies": [
            {
                "user": "U019YA7SD0U",
                "ts": "1601602717.009300"
            },
            {
                "user": "U019YA7SD0U",
                "ts": "1601602795.009600"
            },
            {
                "user": "U012KCMPP0V",
                "ts": "1601602862.010100"
            },
            {
                "user": "U019YA7SD0U",
                "ts": "1601603101.010300"
            },
            {
                "user": "U019YA7SD0U",
                "ts": "1601603118.010500"
            },
            {
                "user": "U019YA7SD0U",
                "ts": "1601603145.010700"
            }
        ],
        "subscribed": false
    },
    {
        "client_msg_id": "edd0486b-e6e5-4314-b5c5-96e1d1dd0443",
        "type": "message",
        "text": "sorry, I am away from computer, back in 20 minutes",
        "user": "UKTGLQNGG",
        "ts": "1601602672.009200",
        "team": "TKFJE6LDR",
        "user_team": "TKFJE6LDR",
        "source_team": "TKFJE6LDR",
        "user_profile": {
            "avatar_hash": "d6f4de222bb1",
            "image_72": "https:\/\/avatars.slack-edge.com\/2020-07-20\/1235580478119_d6f4de222bb1ed6b5960_72.jpg",
            "first_name": "Cameron",
            "real_name": "Cameron Shorter",
            "display_name": "cameronshorter",
            "team": "TKFJE6LDR",
            "name": "cameron.shorter",
            "is_restricted": false,
            "is_ultra_restricted": false
        },
        "blocks": [
            {
                "type": "rich_text",
                "block_id": "UAS",
                "elements": [
                    {
                        "type": "rich_text_section",
                        "elements": [
                            {
                                "type": "text",
                                "text": "sorry, I am away from computer, back in 20 minutes"
                            }
                        ]
                    }
                ]
            }
        ]
    },
    {
        "client_msg_id": "59a83d2b-82a8-42e9-9349-7e093f48bbd1",
        "type": "message",
        "text": "thanks but it still says waiting to be let in...  \"asking to join\".... just going round and round...",
        "user": "U019YA7SD0U",
        "ts": "1601602717.009300",
        "team": "TKFJE6LDR",
        "user_team": "TKFJE6LDR",
        "source_team": "TKFJE6LDR",
        "user_profile": {
            "avatar_hash": "gd927840085e",
            "image_72": "https:\/\/secure.gravatar.com\/avatar\/d927840085e81f89fb210807b02ee5bc.jpg?s=72&d=https%3A%2F%2Fa.slack-edge.com%2Fdf10d%2Fimg%2Favatars%2Fava_0007-72.png",
            "first_name": "Reese",
            "real_name": "Reese Plews",
            "display_name": "Reese Plews (TC211 TMG)",
            "team": "TKFJE6LDR",
            "name": "rplews",
            "is_restricted": false,
            "is_ultra_restricted": false
        },
        "edited": {
            "user": "U019YA7SD0U",
            "ts": "1601602746.000000"
        },
        "blocks": [
            {
                "type": "rich_text",
                "block_id": "i6TB=",
                "elements": [
                    {
                        "type": "rich_text_section",
                        "elements": [
                            {
                                "type": "text",
                                "text": "thanks but it still says waiting to be let in...  \"asking to join\".... just going round and round..."
                            }
                        ]
                    }
                ]
            }
        ],
        "thread_ts": "1601602619.007700",
        "parent_user_id": "U012KCMPP0V"
    },
    {
        "client_msg_id": "1815bcf8-96bb-40ea-855c-74ee98ed4f79",
        "type": "message",
        "text": "i am here, i can wait. thanks",
        "user": "U019YA7SD0U",
        "ts": "1601602795.009600",
        "team": "TKFJE6LDR",
        "user_team": "TKFJE6LDR",
        "source_team": "TKFJE6LDR",
        "user_profile": {
            "avatar_hash": "gd927840085e",
            "image_72": "https:\/\/secure.gravatar.com\/avatar\/d927840085e81f89fb210807b02ee5bc.jpg?s=72&d=https%3A%2F%2Fa.slack-edge.com%2Fdf10d%2Fimg%2Favatars%2Fava_0007-72.png",
            "first_name": "Reese",
            "real_name": "Reese Plews",
            "display_name": "Reese Plews (TC211 TMG)",
            "team": "TKFJE6LDR",
            "name": "rplews",
            "is_restricted": false,
            "is_ultra_restricted": false
        },
        "blocks": [
            {
                "type": "rich_text",
                "block_id": "rez",
                "elements": [
                    {
                        "type": "rich_text_section",
                        "elements": [
                            {
                                "type": "text",
                                "text": "i am here, i can wait. thanks"
                            }
                        ]
                    }
                ]
            }
        ],
        "thread_ts": "1601602619.007700",
        "parent_user_id": "U012KCMPP0V"
    },
    {
        "client_msg_id": "7e7e0ba9-ff61-464e-a63d-7efd673a1453",
        "type": "message",
        "text": "To join the video meeting, click this link: <https:\/\/meet.google.com\/xpw-djtk-apv>\nOtherwise, to join by phone, dial <tel:+12262138281|+1 226-213-8281> and enter this PIN: 614 148 076 0865#\nTo view more phone numbers, click this link: <https:\/\/tel.meet\/xpw-djtk-apv?hs=5>",
        "user": "U018GVAH3FX",
        "ts": "1601602842.009900",
        "team": "TKFJE6LDR",
        "user_team": "TKFJE6LDR",
        "source_team": "TKFJE6LDR",
        "user_profile": {
            "avatar_hash": "ge5dc7096981",
            "image_72": "https:\/\/secure.gravatar.com\/avatar\/e5dc709698120b8f32e53b9472f12064.jpg?s=72&d=https%3A%2F%2Fa.slack-edge.com%2Fdf10d%2Fimg%2Favatars%2Fava_0015-72.png",
            "first_name": "",
            "real_name": "Naini",
            "display_name": "Naini",
            "team": "TKFJE6LDR",
            "name": "khajanchi.naini",
            "is_restricted": false,
            "is_ultra_restricted": false
        },
        "attachments": [
            {
                "title": "Meet",
                "title_link": "https:\/\/tel.meet\/xpw-djtk-apv?hs=5",
                "text": "Real-time meetings by Google. Using your browser, share your video, desktop, and presentations with teammates and customers.",
                "fallback": "Meet",
                "thumb_url": "https:\/\/www.gstatic.com\/images\/branding\/product\/2x\/meet_96dp.png",
                "from_url": "https:\/\/tel.meet\/xpw-djtk-apv?hs=5",
                "thumb_width": 192,
                "thumb_height": 192,
                "service_icon": "http:\/\/www.gstatic.com\/images\/branding\/product\/1x\/meet_16dp.png",
                "service_name": "meet.google.com",
                "id": 2,
                "original_url": "https:\/\/tel.meet\/xpw-djtk-apv?hs=5"
            }
        ],
        "blocks": [
            {
                "type": "rich_text",
                "block_id": "1G1l",
                "elements": [
                    {
                        "type": "rich_text_section",
                        "elements": [
                            {
                                "type": "text",
                                "text": "To join the video meeting, click this link: "
                            },
                            {
                                "type": "link",
                                "url": "https:\/\/meet.google.com\/xpw-djtk-apv"
                            },
                            {
                                "type": "text",
                                "text": "\nOtherwise, to join by phone, dial "
                            },
                            {
                                "type": "link",
                                "url": "tel:+12262138281",
                                "text": "+1 226-213-8281"
                            },
                            {
                                "type": "text",
                                "text": " and enter this PIN: 614 148 076 0865#\nTo view more phone numbers, click this link: "
                            },
                            {
                                "type": "link",
                                "url": "https:\/\/tel.meet\/xpw-djtk-apv?hs=5"
                            }
                        ]
                    }
                ]
            }
        ]
    },
    {
        "client_msg_id": "875749b6-0d7d-4dab-b0f1-391e344806bd",
        "type": "message",
        "text": "Maybe retry?",
        "user": "U012KCMPP0V",
        "ts": "1601602862.010100",
        "team": "TKFJE6LDR",
        "user_team": "TKFJE6LDR",
        "source_team": "TKFJE6LDR",
        "user_profile": {
            "avatar_hash": "b26729f0b5f2",
            "image_72": "https:\/\/avatars.slack-edge.com\/2020-04-27\/1089031639347_b26729f0b5f2375494a1_72.png",
            "first_name": "Alyssa",
            "real_name": "Alyssa",
            "display_name": "Alyssa",
            "team": "TKFJE6LDR",
            "name": "alyssa.rock.biz",
            "is_restricted": false,
            "is_ultra_restricted": false
        },
        "blocks": [
            {
                "type": "rich_text",
                "block_id": "SdD0",
                "elements": [
                    {
                        "type": "rich_text_section",
                        "elements": [
                            {
                                "type": "text",
                                "text": "Maybe retry?"
                            }
                        ]
                    }
                ]
            }
        ],
        "thread_ts": "1601602619.007700",
        "parent_user_id": "U012KCMPP0V"
    },
    {
        "client_msg_id": "2ae65be8-1449-41ca-a204-a9ccf3727dec",
        "type": "message",
        "text": "retrying now...",
        "user": "U019YA7SD0U",
        "ts": "1601603101.010300",
        "team": "TKFJE6LDR",
        "user_team": "TKFJE6LDR",
        "source_team": "TKFJE6LDR",
        "user_profile": {
            "avatar_hash": "gd927840085e",
            "image_72": "https:\/\/secure.gravatar.com\/avatar\/d927840085e81f89fb210807b02ee5bc.jpg?s=72&d=https%3A%2F%2Fa.slack-edge.com%2Fdf10d%2Fimg%2Favatars%2Fava_0007-72.png",
            "first_name": "Reese",
            "real_name": "Reese Plews",
            "display_name": "Reese Plews (TC211 TMG)",
            "team": "TKFJE6LDR",
            "name": "rplews",
            "is_restricted": false,
            "is_ultra_restricted": false
        },
        "blocks": [
            {
                "type": "rich_text",
                "block_id": "Q2b4",
                "elements": [
                    {
                        "type": "rich_text_section",
                        "elements": [
                            {
                                "type": "text",
                                "text": "retrying now..."
                            }
                        ]
                    }
                ]
            }
        ],
        "thread_ts": "1601602619.007700",
        "parent_user_id": "U012KCMPP0V"
    },
    {
        "client_msg_id": "31ad9c7b-616b-4d55-b03d-6c0afa6db223",
        "type": "message",
        "text": "still says someone will let me in...",
        "user": "U019YA7SD0U",
        "ts": "1601603118.010500",
        "team": "TKFJE6LDR",
        "user_team": "TKFJE6LDR",
        "source_team": "TKFJE6LDR",
        "user_profile": {
            "avatar_hash": "gd927840085e",
            "image_72": "https:\/\/secure.gravatar.com\/avatar\/d927840085e81f89fb210807b02ee5bc.jpg?s=72&d=https%3A%2F%2Fa.slack-edge.com%2Fdf10d%2Fimg%2Favatars%2Fava_0007-72.png",
            "first_name": "Reese",
            "real_name": "Reese Plews",
            "display_name": "Reese Plews (TC211 TMG)",
            "team": "TKFJE6LDR",
            "name": "rplews",
            "is_restricted": false,
            "is_ultra_restricted": false
        },
        "blocks": [
            {
                "type": "rich_text",
                "block_id": "pSa",
                "elements": [
                    {
                        "type": "rich_text_section",
                        "elements": [
                            {
                                "type": "text",
                                "text": "still says someone will let me in..."
                            }
                        ]
                    }
                ]
            }
        ],
        "thread_ts": "1601602619.007700",
        "parent_user_id": "U012KCMPP0V"
    },
    {
        "client_msg_id": "8fa69612-b7d4-4ca8-91fd-a270ef2b4a6f",
        "type": "message",
        "text": "restart browser...",
        "user": "U019YA7SD0U",
        "ts": "1601603145.010700",
        "team": "TKFJE6LDR",
        "user_team": "TKFJE6LDR",
        "source_team": "TKFJE6LDR",
        "user_profile": {
            "avatar_hash": "gd927840085e",
            "image_72": "https:\/\/secure.gravatar.com\/avatar\/d927840085e81f89fb210807b02ee5bc.jpg?s=72&d=https%3A%2F%2Fa.slack-edge.com%2Fdf10d%2Fimg%2Favatars%2Fava_0007-72.png",
            "first_name": "Reese",
            "real_name": "Reese Plews",
            "display_name": "Reese Plews (TC211 TMG)",
            "team": "TKFJE6LDR",
            "name": "rplews",
            "is_restricted": false,
            "is_ultra_restricted": false
        },
        "blocks": [
            {
                "type": "rich_text",
                "block_id": "tl2c",
                "elements": [
                    {
                        "type": "rich_text_section",
                        "elements": [
                            {
                                "type": "text",
                                "text": "restart browser..."
                            }
                        ]
                    }
                ]
            }
        ],
        "thread_ts": "1601602619.007700",
        "parent_user_id": "U012KCMPP0V"
    }
]