[
    {
        "type": "message",
        "subtype": "channel_join",
        "ts": "1601490297.004800",
        "user": "U018MTGTQUW",
        "text": "<@U018MTGTQUW> has joined the channel"
    },
    {
        "client_msg_id": "24138da1-8120-4544-8ec0-b16ef0dc7a07",
        "type": "message",
        "text": "Meeting now: US timezone <https:\/\/chromeos.google.com\/partner\/dlm\/docs\/how-to-contribute\/submittingchanges.html>",
        "user": "UKTGLQNGG",
        "ts": "1601499674.005200",
        "team": "TKFJE6LDR",
        "user_team": "TKFJE6LDR",
        "source_team": "TKFJE6LDR",
        "user_profile": {
            "avatar_hash": "d6f4de222bb1",
            "image_72": "https:\/\/avatars.slack-edge.com\/2020-07-20\/1235580478119_d6f4de222bb1ed6b5960_72.jpg",
            "first_name": "Cameron",
            "real_name": "Cameron Shorter",
            "display_name": "cameronshorter",
            "team": "TKFJE6LDR",
            "name": "cameron.shorter",
            "is_restricted": false,
            "is_ultra_restricted": false
        },
        "blocks": [
            {
                "type": "rich_text",
                "block_id": "YhzK",
                "elements": [
                    {
                        "type": "rich_text_section",
                        "elements": [
                            {
                                "type": "text",
                                "text": "Meeting now: US timezone "
                            },
                            {
                                "type": "link",
                                "url": "https:\/\/chromeos.google.com\/partner\/dlm\/docs\/how-to-contribute\/submittingchanges.html"
                            }
                        ]
                    }
                ]
            }
        ]
    }
]