[
    {
        "client_msg_id": "4d168c9f-7737-4b44-844d-9ef9107ff339",
        "type": "message",
        "text": "Thanks <@U018GVAH3FX> and <@U0170HMB87K> for <https:\/\/docs.google.com\/document\/d\/1OtNQs89f3gwn13b6yeO4iAQwGCTe4dKH4CfUgzHg_1w\/edit|drafting an email to projects>. I've added some suggestions, and in particular, suggested some milestones.",
        "user": "UKTGLQNGG",
        "ts": "1602056133.017100",
        "team": "TKFJE6LDR",
        "user_team": "TKFJE6LDR",
        "source_team": "TKFJE6LDR",
        "user_profile": {
            "avatar_hash": "d6f4de222bb1",
            "image_72": "https:\/\/avatars.slack-edge.com\/2020-07-20\/1235580478119_d6f4de222bb1ed6b5960_72.jpg",
            "first_name": "Cameron",
            "real_name": "Cameron Shorter",
            "display_name": "cameronshorter",
            "team": "TKFJE6LDR",
            "name": "cameron.shorter",
            "is_restricted": false,
            "is_ultra_restricted": false
        },
        "blocks": [
            {
                "type": "rich_text",
                "block_id": "7Pg7",
                "elements": [
                    {
                        "type": "rich_text_section",
                        "elements": [
                            {
                                "type": "text",
                                "text": "Thanks "
                            },
                            {
                                "type": "user",
                                "user_id": "U018GVAH3FX"
                            },
                            {
                                "type": "text",
                                "text": " and "
                            },
                            {
                                "type": "user",
                                "user_id": "U0170HMB87K"
                            },
                            {
                                "type": "text",
                                "text": " for "
                            },
                            {
                                "type": "link",
                                "url": "https:\/\/docs.google.com\/document\/d\/1OtNQs89f3gwn13b6yeO4iAQwGCTe4dKH4CfUgzHg_1w\/edit",
                                "text": "drafting an email to projects"
                            },
                            {
                                "type": "text",
                                "text": ". I've added some suggestions, and in particular, suggested some milestones."
                            }
                        ]
                    }
                ]
            }
        ],
        "thread_ts": "1602056133.017100",
        "reply_count": 3,
        "reply_users_count": 2,
        "latest_reply": "1602090371.017800",
        "reply_users": [
            "U019YA7SD0U",
            "U018GVAH3FX"
        ],
        "replies": [
            {
                "user": "U019YA7SD0U",
                "ts": "1602089280.017400"
            },
            {
                "user": "U018GVAH3FX",
                "ts": "1602089750.017600"
            },
            {
                "user": "U019YA7SD0U",
                "ts": "1602090371.017800"
            }
        ],
        "subscribed": false,
        "reactions": [
            {
                "name": "raised_hands",
                "users": [
                    "U0170HMB87K",
                    "U018GVAH3FX"
                ],
                "count": 2
            }
        ]
    },
    {
        "client_msg_id": "3ab027b0-0534-4ded-a02f-0096c6302ef8",
        "type": "message",
        "text": "hello <@U018GVAH3FX> and <@U0170HMB87K> i have made some revisions and comments in the email draft document. thank you both for putting that together.",
        "user": "U019YA7SD0U",
        "ts": "1602089280.017400",
        "team": "TKFJE6LDR",
        "user_team": "TKFJE6LDR",
        "source_team": "TKFJE6LDR",
        "user_profile": {
            "avatar_hash": "gd927840085e",
            "image_72": "https:\/\/secure.gravatar.com\/avatar\/d927840085e81f89fb210807b02ee5bc.jpg?s=72&d=https%3A%2F%2Fa.slack-edge.com%2Fdf10d%2Fimg%2Favatars%2Fava_0007-72.png",
            "first_name": "Reese",
            "real_name": "Reese Plews",
            "display_name": "Reese Plews (TC211 TMG)",
            "team": "TKFJE6LDR",
            "name": "rplews",
            "is_restricted": false,
            "is_ultra_restricted": false
        },
        "blocks": [
            {
                "type": "rich_text",
                "block_id": "J=h",
                "elements": [
                    {
                        "type": "rich_text_section",
                        "elements": [
                            {
                                "type": "text",
                                "text": "hello "
                            },
                            {
                                "type": "user",
                                "user_id": "U018GVAH3FX"
                            },
                            {
                                "type": "text",
                                "text": " and "
                            },
                            {
                                "type": "user",
                                "user_id": "U0170HMB87K"
                            },
                            {
                                "type": "text",
                                "text": " i have made some revisions and comments in the email draft document. thank you both for putting that together."
                            }
                        ]
                    }
                ]
            }
        ],
        "thread_ts": "1602056133.017100",
        "parent_user_id": "UKTGLQNGG"
    },
    {
        "client_msg_id": "dc5501dd-00c8-439a-882b-db9e0753ad92",
        "type": "message",
        "text": "Thank you <@UKTGLQNGG> and <@U019YA7SD0U> for your comments and suggestions. Will go through them tonight.",
        "user": "U018GVAH3FX",
        "ts": "1602089750.017600",
        "team": "TKFJE6LDR",
        "user_team": "TKFJE6LDR",
        "source_team": "TKFJE6LDR",
        "user_profile": {
            "avatar_hash": "ge5dc7096981",
            "image_72": "https:\/\/secure.gravatar.com\/avatar\/e5dc709698120b8f32e53b9472f12064.jpg?s=72&d=https%3A%2F%2Fa.slack-edge.com%2Fdf10d%2Fimg%2Favatars%2Fava_0015-72.png",
            "first_name": "",
            "real_name": "Naini",
            "display_name": "Naini",
            "team": "TKFJE6LDR",
            "name": "khajanchi.naini",
            "is_restricted": false,
            "is_ultra_restricted": false
        },
        "blocks": [
            {
                "type": "rich_text",
                "block_id": "CGix",
                "elements": [
                    {
                        "type": "rich_text_section",
                        "elements": [
                            {
                                "type": "text",
                                "text": "Thank you "
                            },
                            {
                                "type": "user",
                                "user_id": "UKTGLQNGG"
                            },
                            {
                                "type": "text",
                                "text": " and "
                            },
                            {
                                "type": "user",
                                "user_id": "U019YA7SD0U"
                            },
                            {
                                "type": "text",
                                "text": " for your comments and suggestions. Will go through them tonight."
                            }
                        ]
                    }
                ]
            }
        ],
        "thread_ts": "1602056133.017100",
        "parent_user_id": "UKTGLQNGG"
    },
    {
        "client_msg_id": "9b8eb492-6ee1-4a97-847a-5ea21731170f",
        "type": "message",
        "text": "Thank you <@U018GVAH3FX> hope i did not mess up the document too much. i will describe the spreadsheet here in slack. thank you.",
        "user": "U019YA7SD0U",
        "ts": "1602090371.017800",
        "team": "TKFJE6LDR",
        "user_team": "TKFJE6LDR",
        "source_team": "TKFJE6LDR",
        "user_profile": {
            "avatar_hash": "gd927840085e",
            "image_72": "https:\/\/secure.gravatar.com\/avatar\/d927840085e81f89fb210807b02ee5bc.jpg?s=72&d=https%3A%2F%2Fa.slack-edge.com%2Fdf10d%2Fimg%2Favatars%2Fava_0007-72.png",
            "first_name": "Reese",
            "real_name": "Reese Plews",
            "display_name": "Reese Plews (TC211 TMG)",
            "team": "TKFJE6LDR",
            "name": "rplews",
            "is_restricted": false,
            "is_ultra_restricted": false
        },
        "blocks": [
            {
                "type": "rich_text",
                "block_id": "kUrG",
                "elements": [
                    {
                        "type": "rich_text_section",
                        "elements": [
                            {
                                "type": "text",
                                "text": "Thank you "
                            },
                            {
                                "type": "user",
                                "user_id": "U018GVAH3FX"
                            },
                            {
                                "type": "text",
                                "text": " hope i did not mess up the document too much. i will describe the spreadsheet here in slack. thank you."
                            }
                        ]
                    }
                ]
            }
        ],
        "thread_ts": "1602056133.017100",
        "parent_user_id": "UKTGLQNGG"
    },
    {
        "client_msg_id": "fb62a0ad-09f0-4f35-b66a-c4f7cf79e475",
        "type": "message",
        "text": "<@UKTGLQNGG> good morning, I have finished the revisions to the spreadsheet that i discussed at last friday's meeting.   <https:\/\/docs.google.com\/spreadsheets\/d\/1keonRLT3chmqlRZsMMF9UaCI_vzNEHmJx6t9LB3jBjM\/edit?usp=sharing|osglex_doc_n8_OSGeo_Proposed_Abbreviations_and_Terms>  contains 480 abbreviated terms and acronyms, 23 terms sourced from the original terms, and checked to see if there were TC211 terms that could be used or not. 14 terms that require more discussion with some project team members.  once <@U018GVAH3FX> and <@U0170HMB87K> send out the email to the OSGeo project teams we should organize a discussion about the content of the spreadsheet with the Project members who have signed up.\n\nregarding the time line in the email... in my opinion it is really tight for how much work there is. i dont think its a race, it needs to be done correctly, not quickly.  always available to discuss.",
        "user": "U019YA7SD0U",
        "ts": "1602091072.023800",
        "team": "TKFJE6LDR",
        "user_team": "TKFJE6LDR",
        "source_team": "TKFJE6LDR",
        "user_profile": {
            "avatar_hash": "gd927840085e",
            "image_72": "https:\/\/secure.gravatar.com\/avatar\/d927840085e81f89fb210807b02ee5bc.jpg?s=72&d=https%3A%2F%2Fa.slack-edge.com%2Fdf10d%2Fimg%2Favatars%2Fava_0007-72.png",
            "first_name": "Reese",
            "real_name": "Reese Plews",
            "display_name": "Reese Plews (TC211 TMG)",
            "team": "TKFJE6LDR",
            "name": "rplews",
            "is_restricted": false,
            "is_ultra_restricted": false
        },
        "blocks": [
            {
                "type": "rich_text",
                "block_id": "=Q8f7",
                "elements": [
                    {
                        "type": "rich_text_section",
                        "elements": [
                            {
                                "type": "user",
                                "user_id": "UKTGLQNGG"
                            },
                            {
                                "type": "text",
                                "text": " good morning, I have finished the revisions to the spreadsheet that i discussed at last friday's meeting.   "
                            },
                            {
                                "type": "link",
                                "url": "https:\/\/docs.google.com\/spreadsheets\/d\/1keonRLT3chmqlRZsMMF9UaCI_vzNEHmJx6t9LB3jBjM\/edit?usp=sharing",
                                "text": "osglex_doc_n8_OSGeo_Proposed_Abbreviations_and_Terms"
                            },
                            {
                                "type": "text",
                                "text": "  contains 480 abbreviated terms and acronyms, 23 terms sourced from the original terms, and checked to see if there were TC211 terms that could be used or not. 14 terms that require more discussion with some project team members.  once "
                            },
                            {
                                "type": "user",
                                "user_id": "U018GVAH3FX"
                            },
                            {
                                "type": "text",
                                "text": " and "
                            },
                            {
                                "type": "user",
                                "user_id": "U0170HMB87K"
                            },
                            {
                                "type": "text",
                                "text": " send out the email to the OSGeo project teams we should organize a discussion about the content of the spreadsheet with the Project members who have signed up.\n\nregarding the time line in the email... in my opinion it is really tight for how much work there is. i dont think its a race, it needs to be done correctly, not quickly.  always available to discuss."
                            }
                        ]
                    }
                ]
            }
        ]
    },
    {
        "client_msg_id": "ffa101c3-b410-42b9-9f40-6743159b7bc1",
        "type": "message",
        "text": "Thanks <@U019YA7SD0U>. I see this spreadsheet as a really good foundation to build upon. Re timing for sending email out, <@U0170HMB87K> has lined up a meeting with <@U01ABLZMV7E> for Friday (when Europe wakes up). Codrina will be very helpful at connecting us with OSGeo communities. I think email should go out ASAP after that (depending on people's availability). I'll be interested to hear your thoughts on where you think there will be issues in the schedule. We can discuss in this week's meeting. I'm inclined to keep to our schedule, but potentially reduce scope. (Note, this is a pilot, so it is okay if we have some glitches.)",
        "user": "UKTGLQNGG",
        "ts": "1602111720.029700",
        "team": "TKFJE6LDR",
        "user_team": "TKFJE6LDR",
        "source_team": "TKFJE6LDR",
        "user_profile": {
            "avatar_hash": "d6f4de222bb1",
            "image_72": "https:\/\/avatars.slack-edge.com\/2020-07-20\/1235580478119_d6f4de222bb1ed6b5960_72.jpg",
            "first_name": "Cameron",
            "real_name": "Cameron Shorter",
            "display_name": "cameronshorter",
            "team": "TKFJE6LDR",
            "name": "cameron.shorter",
            "is_restricted": false,
            "is_ultra_restricted": false
        },
        "blocks": [
            {
                "type": "rich_text",
                "block_id": "L45=9",
                "elements": [
                    {
                        "type": "rich_text_section",
                        "elements": [
                            {
                                "type": "text",
                                "text": "Thanks "
                            },
                            {
                                "type": "user",
                                "user_id": "U019YA7SD0U"
                            },
                            {
                                "type": "text",
                                "text": ". I see this spreadsheet as a really good foundation to build upon. Re timing for sending email out, "
                            },
                            {
                                "type": "user",
                                "user_id": "U0170HMB87K"
                            },
                            {
                                "type": "text",
                                "text": " has lined up a meeting with "
                            },
                            {
                                "type": "user",
                                "user_id": "U01ABLZMV7E"
                            },
                            {
                                "type": "text",
                                "text": " for Friday (when Europe wakes up). Codrina will be very helpful at connecting us with OSGeo communities. I think email should go out ASAP after that (depending on people's availability). I'll be interested to hear your thoughts on where you think there will be issues in the schedule. We can discuss in this week's meeting. I'm inclined to keep to our schedule, but potentially reduce scope. (Note, this is a pilot, so it is okay if we have some glitches.)"
                            }
                        ]
                    }
                ]
            }
        ]
    }
]