[
    {
        "client_msg_id": "53265861-97e7-40bc-85ff-4a855eff690d",
        "type": "message",
        "text": "Just letting everyone know that I won't be able to make it to this week's glossary meeting. I have a conflict with a Write the Docs meetup that I lend my pro Zoom account for...",
        "user": "U012KCMPP0V",
        "ts": "1600729298.003800",
        "team": "TKFJE6LDR",
        "user_team": "TKFJE6LDR",
        "source_team": "TKFJE6LDR",
        "user_profile": {
            "avatar_hash": "b26729f0b5f2",
            "image_72": "https:\/\/avatars.slack-edge.com\/2020-04-27\/1089031639347_b26729f0b5f2375494a1_72.png",
            "first_name": "Alyssa",
            "real_name": "Alyssa",
            "display_name": "Alyssa",
            "team": "TKFJE6LDR",
            "name": "alyssa.rock.biz",
            "is_restricted": false,
            "is_ultra_restricted": false
        },
        "blocks": [
            {
                "type": "rich_text",
                "block_id": "4J=O",
                "elements": [
                    {
                        "type": "rich_text_section",
                        "elements": [
                            {
                                "type": "text",
                                "text": "Just letting everyone know that I won't be able to make it to this week's glossary meeting. I have a conflict with a Write the Docs meetup that I lend my pro Zoom account for..."
                            }
                        ]
                    }
                ]
            }
        ],
        "reactions": [
            {
                "name": "cry",
                "users": [
                    "UKTGLQNGG"
                ],
                "count": 1
            }
        ]
    }
]