[
    {
        "client_msg_id": "7739ab41-1e69-4856-8e3f-fd86091fdf2c",
        "type": "message",
        "text": "I've added first key tasks to the <https:\/\/github.com\/orgs\/thegooddocsproject\/projects\/3|kanban board> and I think we need to work on. (I created a ticket first, then added). I'm aware there are more, and some of the tasks will split out further. It would be good to see what you might want to work on, and then put you name against it. Feel free to ask questions or suggestions in this chat, or in our weekly meeting.",
        "user": "UKTGLQNGG",
        "ts": "1600899336.003200",
        "team": "TKFJE6LDR",
        "user_team": "TKFJE6LDR",
        "source_team": "TKFJE6LDR",
        "user_profile": {
            "avatar_hash": "d6f4de222bb1",
            "image_72": "https:\/\/avatars.slack-edge.com\/2020-07-20\/1235580478119_d6f4de222bb1ed6b5960_72.jpg",
            "first_name": "Cameron",
            "real_name": "Cameron Shorter",
            "display_name": "cameronshorter",
            "team": "TKFJE6LDR",
            "name": "cameron.shorter",
            "is_restricted": false,
            "is_ultra_restricted": false
        },
        "blocks": [
            {
                "type": "rich_text",
                "block_id": "PWk",
                "elements": [
                    {
                        "type": "rich_text_section",
                        "elements": [
                            {
                                "type": "text",
                                "text": "I've added first key tasks to the "
                            },
                            {
                                "type": "link",
                                "url": "https:\/\/github.com\/orgs\/thegooddocsproject\/projects\/3",
                                "text": "kanban board"
                            },
                            {
                                "type": "text",
                                "text": " and I think we need to work on. (I created a ticket first, then added). I'm aware there are more, and some of the tasks will split out further. It would be good to see what you might want to work on, and then put you name against it. Feel free to ask questions or suggestions in this chat, or in our weekly meeting."
                            }
                        ]
                    }
                ]
            }
        ],
        "reactions": [
            {
                "name": "+1",
                "users": [
                    "U012KCMPP0V"
                ],
                "count": 1
            }
        ]
    }
]