[
    {
        "client_msg_id": "959d3f74-034d-4897-b52d-a79cc0a4b5b5",
        "type": "message",
        "text": "I've set up a kanban board for the glossary project. We don't have very many open issues right now, so feel free to create some new issues and add them to the board! <https:\/\/github.com\/orgs\/thegooddocsproject\/projects\/3>\n\nIf you'd like instructions about how to work with project boards in Github, check out their docs: <https:\/\/docs.github.com\/en\/github\/managing-your-work-on-github\/tracking-the-progress-of-your-work-with-project-boards>",
        "user": "U012KCMPP0V",
        "ts": "1600656481.002300",
        "team": "TKFJE6LDR",
        "user_team": "TKFJE6LDR",
        "source_team": "TKFJE6LDR",
        "user_profile": {
            "avatar_hash": "b26729f0b5f2",
            "image_72": "https:\/\/avatars.slack-edge.com\/2020-04-27\/1089031639347_b26729f0b5f2375494a1_72.png",
            "first_name": "Alyssa",
            "real_name": "Alyssa",
            "display_name": "Alyssa",
            "team": "TKFJE6LDR",
            "name": "alyssa.rock.biz",
            "is_restricted": false,
            "is_ultra_restricted": false
        },
        "edited": {
            "user": "U012KCMPP0V",
            "ts": "1600656518.000000"
        },
        "blocks": [
            {
                "type": "rich_text",
                "block_id": "ER50",
                "elements": [
                    {
                        "type": "rich_text_section",
                        "elements": [
                            {
                                "type": "text",
                                "text": "I've set up a kanban board for the glossary project. We don't have very many open issues right now, so feel free to create some new issues and add them to the board! "
                            },
                            {
                                "type": "link",
                                "url": "https:\/\/github.com\/orgs\/thegooddocsproject\/projects\/3"
                            },
                            {
                                "type": "text",
                                "text": "\n\nIf you'd like instructions about how to work with project boards in Github, check out their docs: "
                            },
                            {
                                "type": "link",
                                "url": "https:\/\/docs.github.com\/en\/github\/managing-your-work-on-github\/tracking-the-progress-of-your-work-with-project-boards"
                            }
                        ]
                    }
                ]
            }
        ],
        "reactions": [
            {
                "name": "thankyou",
                "users": [
                    "UKTGLQNGG",
                    "U0170HMB87K",
                    "U018GVAH3FX"
                ],
                "count": 3
            }
        ]
    }
]