[
    {
        "client_msg_id": "1ef53de9-6276-4d5f-9c28-90e4bccb14c4",
        "type": "message",
        "text": "<@U0170HMB87K> <@U01ABLZMV7E>, I'm wondering where we are up to re drafting a first reach-out email to OSGeo projects about participating in our Glossary project? As per: <https:\/\/github.com\/thegooddocsproject\/glossaries\/issues\/7>",
        "user": "UKTGLQNGG",
        "ts": "1601941730.001500",
        "team": "TKFJE6LDR",
        "user_team": "TKFJE6LDR",
        "source_team": "TKFJE6LDR",
        "user_profile": {
            "avatar_hash": "d6f4de222bb1",
            "image_72": "https:\/\/avatars.slack-edge.com\/2020-07-20\/1235580478119_d6f4de222bb1ed6b5960_72.jpg",
            "first_name": "Cameron",
            "real_name": "Cameron Shorter",
            "display_name": "cameronshorter",
            "team": "TKFJE6LDR",
            "name": "cameron.shorter",
            "is_restricted": false,
            "is_ultra_restricted": false
        },
        "attachments": [
            {
                "author_name": "camerons",
                "fallback": "[thegooddocsproject\/glossaries] #7 Announcement email to OSGeo projects",
                "text": "This is to prepare OSGeo projects to be ready to help with selecting a glossary for them. It would be something like:\n\nHi ,  \nWe are setting up a glossary pilot project and are wondering if you'd like to help us create a glossary for you. We'd need you to help us by:\n\n1. Identifying at least one volunteer who is prepared to act as a point of contact and maintainer of your glossary terms. (This should be a relatively light task, with the occasional addition to your glossary.)\n2. Reviewing terms from the OSGeo Foundation glossary, and deciding whether they should be included in your glossary.\n3. Identifying any extra terms you would like added.\n4. Helping us work out how to incorporate the resulting glossary into your docs.\n\nWe can help by:\n\n1. Our tech writers can help you with selecting and defining your terms, in line with the templates we are developing.\n2. Providing howto instructions.\n3. Mentoring through the process.\n\nOur proposed schedule is:  \n*\n\nSo, are you interested? Would you like us to help you create a glossary aligned with other OSGeo projects? If so, then please let me know ...\n\nYou can find out more about the project and get involved at ...",
                "title": "#7 Announcement email to OSGeo projects",
                "footer": "<https:\/\/github.com\/thegooddocsproject\/glossaries|thegooddocsproject\/glossaries>",
                "id": 1,
                "title_link": "https:\/\/github.com\/thegooddocsproject\/glossaries\/issues\/7",
                "author_link": "https:\/\/github.com\/camerons",
                "author_icon": "https:\/\/avatars0.githubusercontent.com\/u\/1243535?v=4",
                "footer_icon": "https:\/\/github.githubassets.com\/favicon.ico",
                "ts": 1600893988,
                "color": "36a64f",
                "fields": [
                    {
                        "title": "Labels",
                        "value": "glossary project",
                        "short": true
                    }
                ],
                "mrkdwn_in": [
                    "text"
                ],
                "bot_id": "BU8U6P6AH",
                "app_unfurl_url": "https:\/\/github.com\/thegooddocsproject\/glossaries\/issues\/7",
                "is_app_unfurl": true
            }
        ],
        "blocks": [
            {
                "type": "rich_text",
                "block_id": "7DGb",
                "elements": [
                    {
                        "type": "rich_text_section",
                        "elements": [
                            {
                                "type": "user",
                                "user_id": "U0170HMB87K"
                            },
                            {
                                "type": "text",
                                "text": " "
                            },
                            {
                                "type": "user",
                                "user_id": "U01ABLZMV7E"
                            },
                            {
                                "type": "text",
                                "text": ", I'm wondering where we are up to re drafting a first reach-out email to OSGeo projects about participating in our Glossary project? As per: "
                            },
                            {
                                "type": "link",
                                "url": "https:\/\/github.com\/thegooddocsproject\/glossaries\/issues\/7"
                            }
                        ]
                    }
                ]
            }
        ]
    },
    {
        "client_msg_id": "bc888468-0363-479f-b3d5-3fcb2cf0a693",
        "type": "message",
        "text": "The email content doesn't need much more that we have already in the issue. The effort is in the follow up email. Codrina, Ankita, would you be able to help with that over the next few days?",
        "user": "UKTGLQNGG",
        "ts": "1601942115.002400",
        "team": "TKFJE6LDR",
        "user_team": "TKFJE6LDR",
        "source_team": "TKFJE6LDR",
        "user_profile": {
            "avatar_hash": "d6f4de222bb1",
            "image_72": "https:\/\/avatars.slack-edge.com\/2020-07-20\/1235580478119_d6f4de222bb1ed6b5960_72.jpg",
            "first_name": "Cameron",
            "real_name": "Cameron Shorter",
            "display_name": "cameronshorter",
            "team": "TKFJE6LDR",
            "name": "cameron.shorter",
            "is_restricted": false,
            "is_ultra_restricted": false
        },
        "blocks": [
            {
                "type": "rich_text",
                "block_id": "AptY",
                "elements": [
                    {
                        "type": "rich_text_section",
                        "elements": [
                            {
                                "type": "text",
                                "text": "The email content doesn't need much more that we have already in the issue. The effort is in the follow up email. Codrina, Ankita, would you be able to help with that over the next few days?"
                            }
                        ]
                    }
                ]
            }
        ],
        "thread_ts": "1601942115.002400",
        "reply_count": 4,
        "reply_users_count": 3,
        "latest_reply": "1602046319.015700",
        "reply_users": [
            "U0170HMB87K",
            "U018GVAH3FX",
            "UKTGLQNGG"
        ],
        "replies": [
            {
                "user": "U0170HMB87K",
                "ts": "1601963320.010800"
            },
            {
                "user": "U018GVAH3FX",
                "ts": "1601990548.012800"
            },
            {
                "user": "UKTGLQNGG",
                "ts": "1602036472.015500"
            },
            {
                "user": "U0170HMB87K",
                "ts": "1602046319.015700"
            }
        ],
        "subscribed": false
    },
    {
        "client_msg_id": "b0f6baf2-11c0-40fe-bd13-0bc0d2b1a299",
        "type": "message",
        "text": "<@U01A1CBD0CC> and <@U019YA7SD0U> can Glossarist desktop handle two-factor authentication for github?   Glossarist has been 'syncing' for about 4 hours now...I'm guessing it either can't connect or can't load the SKOS file via the github repo.   I don't find any messaging so I'm unable to further troubleshoot.",
        "user": "U019252DK0F",
        "ts": "1601942499.004700",
        "team": "TKFJE6LDR",
        "user_team": "TKFJE6LDR",
        "source_team": "TKFJE6LDR",
        "user_profile": {
            "avatar_hash": "33a3d3a9190d",
            "image_72": "https:\/\/avatars.slack-edge.com\/2020-09-09\/1347808982341_33a3d3a9190d60e700de_72.jpg",
            "first_name": "brandon",
            "real_name": "brandon whitehead",
            "display_name": "brandon",
            "team": "TKFJE6LDR",
            "name": "brandonnodnarb",
            "is_restricted": false,
            "is_ultra_restricted": false
        },
        "blocks": [
            {
                "type": "rich_text",
                "block_id": "4r2Em",
                "elements": [
                    {
                        "type": "rich_text_section",
                        "elements": [
                            {
                                "type": "user",
                                "user_id": "U01A1CBD0CC"
                            },
                            {
                                "type": "text",
                                "text": " and "
                            },
                            {
                                "type": "user",
                                "user_id": "U019YA7SD0U"
                            },
                            {
                                "type": "text",
                                "text": " can Glossarist desktop handle two-factor authentication for github?   Glossarist has been 'syncing' for about 4 hours now...I'm guessing it either can't connect or can't load the SKOS file via the github repo.   I don't find any messaging so I'm unable to further troubleshoot."
                            }
                        ]
                    }
                ]
            }
        ]
    },
    {
        "client_msg_id": "c73609df-ecc6-4cc1-bcca-84a8ec7fb9e0",
        "type": "message",
        "text": "<@UKTGLQNGG> <@U018GVAH3FX> regarding the preparation of the current terminology entries in the spreadsheet... i can get the draft statement ready and finalize the entries in the spreadsheet by tomorrow, however some entries will require redrafting, and i was thinking to have the TWs assist with this as practice examples. of course its possible to show the current entries and not do any redrafting but i thought the idea was to show the OSGeo Project Leaders a \"polished\" example of what a group of glossary entries could look like... i will also provide some sentences about the spreadsheet that can be used or revised when Naini and <@U01ABLZMV7E> send out the message... sorry this is a bit later than we discussed last week...",
        "user": "U019YA7SD0U",
        "ts": "1601943842.006800",
        "team": "TKFJE6LDR",
        "user_team": "TKFJE6LDR",
        "source_team": "TKFJE6LDR",
        "user_profile": {
            "avatar_hash": "gd927840085e",
            "image_72": "https:\/\/secure.gravatar.com\/avatar\/d927840085e81f89fb210807b02ee5bc.jpg?s=72&d=https%3A%2F%2Fa.slack-edge.com%2Fdf10d%2Fimg%2Favatars%2Fava_0007-72.png",
            "first_name": "Reese",
            "real_name": "Reese Plews",
            "display_name": "Reese Plews (TC211 TMG)",
            "team": "TKFJE6LDR",
            "name": "rplews",
            "is_restricted": false,
            "is_ultra_restricted": false
        },
        "blocks": [
            {
                "type": "rich_text",
                "block_id": "\/NlS",
                "elements": [
                    {
                        "type": "rich_text_section",
                        "elements": [
                            {
                                "type": "user",
                                "user_id": "UKTGLQNGG"
                            },
                            {
                                "type": "text",
                                "text": " "
                            },
                            {
                                "type": "user",
                                "user_id": "U018GVAH3FX"
                            },
                            {
                                "type": "text",
                                "text": " regarding the preparation of the current terminology entries in the spreadsheet... i can get the draft statement ready and finalize the entries in the spreadsheet by tomorrow, however some entries will require redrafting, and i was thinking to have the TWs assist with this as practice examples. of course its possible to show the current entries and not do any redrafting but i thought the idea was to show the OSGeo Project Leaders a \"polished\" example of what a group of glossary entries could look like... i will also provide some sentences about the spreadsheet that can be used or revised when Naini and "
                            },
                            {
                                "type": "user",
                                "user_id": "U01ABLZMV7E"
                            },
                            {
                                "type": "text",
                                "text": " send out the message... sorry this is a bit later than we discussed last week..."
                            }
                        ]
                    }
                ]
            }
        ]
    },
    {
        "client_msg_id": "b0d533bb-05be-41ca-b23c-68566e031321",
        "type": "message",
        "text": "<@U019YA7SD0U> yes, I like the idea! I'd give it a day or two (allowing time for a little discussion) for the redrafting process but I'll wait for Cameron's decision on this in terms of the timeline.",
        "user": "U018GVAH3FX",
        "ts": "1601944584.010300",
        "team": "TKFJE6LDR",
        "user_team": "TKFJE6LDR",
        "source_team": "TKFJE6LDR",
        "user_profile": {
            "avatar_hash": "ge5dc7096981",
            "image_72": "https:\/\/secure.gravatar.com\/avatar\/e5dc709698120b8f32e53b9472f12064.jpg?s=72&d=https%3A%2F%2Fa.slack-edge.com%2Fdf10d%2Fimg%2Favatars%2Fava_0015-72.png",
            "first_name": "",
            "real_name": "Naini",
            "display_name": "Naini",
            "team": "TKFJE6LDR",
            "name": "khajanchi.naini",
            "is_restricted": false,
            "is_ultra_restricted": false
        },
        "blocks": [
            {
                "type": "rich_text",
                "block_id": "XjSF+",
                "elements": [
                    {
                        "type": "rich_text_section",
                        "elements": [
                            {
                                "type": "user",
                                "user_id": "U019YA7SD0U"
                            },
                            {
                                "type": "text",
                                "text": " yes, I like the idea! I'd give it a day or two (allowing time for a little discussion) for the redrafting process but I'll wait for Cameron's decision on this in terms of the timeline."
                            }
                        ]
                    }
                ]
            }
        ],
        "thread_ts": "1601944584.010300",
        "reply_count": 1,
        "reply_users_count": 1,
        "latest_reply": "1601944705.010600",
        "reply_users": [
            "U019YA7SD0U"
        ],
        "replies": [
            {
                "user": "U019YA7SD0U",
                "ts": "1601944705.010600"
            }
        ],
        "subscribed": false
    },
    {
        "client_msg_id": "178c052e-53cb-4377-953e-867c3d49c906",
        "type": "message",
        "text": "thank you Naini, i appreciate that. i will post an update on Slack when i have finished.",
        "user": "U019YA7SD0U",
        "ts": "1601944705.010600",
        "team": "TKFJE6LDR",
        "user_team": "TKFJE6LDR",
        "source_team": "TKFJE6LDR",
        "user_profile": {
            "avatar_hash": "gd927840085e",
            "image_72": "https:\/\/secure.gravatar.com\/avatar\/d927840085e81f89fb210807b02ee5bc.jpg?s=72&d=https%3A%2F%2Fa.slack-edge.com%2Fdf10d%2Fimg%2Favatars%2Fava_0007-72.png",
            "first_name": "Reese",
            "real_name": "Reese Plews",
            "display_name": "Reese Plews (TC211 TMG)",
            "team": "TKFJE6LDR",
            "name": "rplews",
            "is_restricted": false,
            "is_ultra_restricted": false
        },
        "blocks": [
            {
                "type": "rich_text",
                "block_id": "MdC",
                "elements": [
                    {
                        "type": "rich_text_section",
                        "elements": [
                            {
                                "type": "text",
                                "text": "thank you Naini, i appreciate that. i will post an update on Slack when i have finished."
                            }
                        ]
                    }
                ]
            }
        ],
        "thread_ts": "1601944584.010300",
        "parent_user_id": "U018GVAH3FX"
    },
    {
        "client_msg_id": "98ce118a-6a2b-4a2a-a633-1d87b652c802",
        "type": "message",
        "text": "Definitely Cameron.\nEven I thought that whatever you have defined here is sufficient. I would coordinate with Codrina for the follow-up ones.\nLet’s start sending out the first batch :hugging_face:",
        "user": "U0170HMB87K",
        "ts": "1601963320.010800",
        "team": "TKFJE6LDR",
        "user_team": "TKFJE6LDR",
        "source_team": "TKFJE6LDR",
        "user_profile": {
            "avatar_hash": "f39553b0636b",
            "image_72": "https:\/\/avatars.slack-edge.com\/2020-07-22\/1249269540710_f39553b0636b29704992_72.jpg",
            "first_name": "",
            "real_name": "Ankita",
            "display_name": "Ankita",
            "team": "TKFJE6LDR",
            "name": "ankitatripathi.2312",
            "is_restricted": false,
            "is_ultra_restricted": false
        },
        "blocks": [
            {
                "type": "rich_text",
                "block_id": "63=Q",
                "elements": [
                    {
                        "type": "rich_text_section",
                        "elements": [
                            {
                                "type": "text",
                                "text": "Definitely Cameron.\nEven I thought that whatever you have defined here is sufficient. I would coordinate with Codrina for the follow-up ones.\nLet’s start sending out the first batch "
                            },
                            {
                                "type": "emoji",
                                "name": "hugging_face"
                            }
                        ]
                    }
                ]
            }
        ],
        "thread_ts": "1601942115.002400",
        "parent_user_id": "UKTGLQNGG",
        "reactions": [
            {
                "name": "+1",
                "users": [
                    "UKTGLQNGG"
                ],
                "count": 1
            }
        ]
    }
]