[
    {
        "client_msg_id": "54e6cbd6-918b-4c56-9f9f-700651625207",
        "type": "message",
        "text": "I have an unpublished essay about finding great open source contributors, which I've taken ages to find a title for. A few of you correctly picked up that my first title wasn't so good. I'd be interested to hear feedback on <https:\/\/docs.google.com\/document\/d\/1Ch6X5azMOm-McjFY43_WRYCDAfkpmDqfMtYjzD9HV_0\/|Rough diamond mining - in collaborative communities> (plus alternative suggestions in comments).",
        "user": "UKTGLQNGG",
        "ts": "1601093548.004600",
        "team": "TKFJE6LDR",
        "user_team": "TKFJE6LDR",
        "source_team": "TKFJE6LDR",
        "user_profile": {
            "avatar_hash": "d6f4de222bb1",
            "image_72": "https:\/\/avatars.slack-edge.com\/2020-07-20\/1235580478119_d6f4de222bb1ed6b5960_72.jpg",
            "first_name": "Cameron",
            "real_name": "Cameron Shorter",
            "display_name": "cameronshorter",
            "team": "TKFJE6LDR",
            "name": "cameron.shorter",
            "is_restricted": false,
            "is_ultra_restricted": false
        },
        "blocks": [
            {
                "type": "rich_text",
                "block_id": "6Qt6y",
                "elements": [
                    {
                        "type": "rich_text_section",
                        "elements": [
                            {
                                "type": "text",
                                "text": "I have an unpublished essay about finding great open source contributors, which I've taken ages to find a title for. A few of you correctly picked up that my first title wasn't so good. I'd be interested to hear feedback on "
                            },
                            {
                                "type": "link",
                                "url": "https:\/\/docs.google.com\/document\/d\/1Ch6X5azMOm-McjFY43_WRYCDAfkpmDqfMtYjzD9HV_0\/",
                                "text": "Rough diamond mining - in collaborative communities"
                            },
                            {
                                "type": "text",
                                "text": " (plus alternative suggestions in comments)."
                            }
                        ]
                    }
                ]
            }
        ]
    }
]