[
    {
        "client_msg_id": "936914f2-d640-4408-89ad-d3c16f1e8e6b",
        "type": "message",
        "text": "Just met with <@U01ABLZMV7E> and <@U0170HMB87K>. Codrina volunteered to:\n• Send a short email to osgeo discuss list, introduce Ankita and Naini. CC Ankita, Naini, Cameron\n• Reply to that email, but send privately to each of the points of contact for each OSGeo project (aim is to avoid people’s email filters and touch them personally). Include the full email with details. CC Ankita, Naini, Cameron\n• Copy the Contacts spreadsheet, and track responses in this sheet.\n• Add a task to our kanban to track responses\n• Aim to send by Monday.\nThanks Codrina, this is a valuable offer, and we really appreciate it.",
        "user": "UKTGLQNGG",
        "ts": "1602237190.033100",
        "team": "TKFJE6LDR",
        "user_team": "TKFJE6LDR",
        "source_team": "TKFJE6LDR",
        "user_profile": {
            "avatar_hash": "d6f4de222bb1",
            "image_72": "https:\/\/avatars.slack-edge.com\/2020-07-20\/1235580478119_d6f4de222bb1ed6b5960_72.jpg",
            "first_name": "Cameron",
            "real_name": "Cameron Shorter",
            "display_name": "cameronshorter",
            "team": "TKFJE6LDR",
            "name": "cameron.shorter",
            "is_restricted": false,
            "is_ultra_restricted": false
        },
        "blocks": [
            {
                "type": "rich_text",
                "block_id": "CMqQ",
                "elements": [
                    {
                        "type": "rich_text_section",
                        "elements": [
                            {
                                "type": "text",
                                "text": "Just met with "
                            },
                            {
                                "type": "user",
                                "user_id": "U01ABLZMV7E"
                            },
                            {
                                "type": "text",
                                "text": " and "
                            },
                            {
                                "type": "user",
                                "user_id": "U0170HMB87K"
                            },
                            {
                                "type": "text",
                                "text": ". Codrina volunteered to:\n"
                            }
                        ]
                    },
                    {
                        "type": "rich_text_list",
                        "elements": [
                            {
                                "type": "rich_text_section",
                                "elements": [
                                    {
                                        "type": "text",
                                        "text": "Send a short email to osgeo discuss list, introduce Ankita and Naini. CC Ankita, Naini, Cameron"
                                    }
                                ]
                            },
                            {
                                "type": "rich_text_section",
                                "elements": [
                                    {
                                        "type": "text",
                                        "text": "Reply to that email, but send privately to each of the points of contact for each OSGeo project (aim is to avoid people’s email filters and touch them personally). Include the full email with details. CC Ankita, Naini, Cameron"
                                    }
                                ]
                            },
                            {
                                "type": "rich_text_section",
                                "elements": [
                                    {
                                        "type": "text",
                                        "text": "Copy the Contacts spreadsheet, and track responses in this sheet."
                                    }
                                ]
                            },
                            {
                                "type": "rich_text_section",
                                "elements": [
                                    {
                                        "type": "text",
                                        "text": "Add a task to our kanban to track responses"
                                    }
                                ]
                            },
                            {
                                "type": "rich_text_section",
                                "elements": [
                                    {
                                        "type": "text",
                                        "text": "Aim to send by Monday."
                                    }
                                ]
                            }
                        ],
                        "style": "bullet",
                        "indent": 0
                    },
                    {
                        "type": "rich_text_section",
                        "elements": [
                            {
                                "type": "text",
                                "text": "Thanks Codrina, this is a valuable offer, and we really appreciate it."
                            }
                        ]
                    }
                ]
            }
        ],
        "reactions": [
            {
                "name": "+1",
                "users": [
                    "U012KCMPP0V",
                    "U018GVAH3FX",
                    "U0170HMB87K"
                ],
                "count": 3
            },
            {
                "name": "thankyou",
                "users": [
                    "U018GVAH3FX"
                ],
                "count": 1
            }
        ]
    }
]