[
    {
        "client_msg_id": "6f86e4a0-264d-458a-89ac-6fa2a612e838",
        "type": "message",
        "text": "If you want <@U012KCMPP0V> I could edit the video.",
        "user": "U0170HMB87K",
        "ts": "1599721987.181500",
        "team": "TKFJE6LDR",
        "user_team": "TKFJE6LDR",
        "source_team": "TKFJE6LDR",
        "user_profile": {
            "avatar_hash": "f39553b0636b",
            "image_72": "https:\/\/avatars.slack-edge.com\/2020-07-22\/1249269540710_f39553b0636b29704992_72.jpg",
            "first_name": "",
            "real_name": "Ankita",
            "display_name": "Ankita",
            "team": "TKFJE6LDR",
            "name": "ankitatripathi.2312",
            "is_restricted": false,
            "is_ultra_restricted": false
        },
        "blocks": [
            {
                "type": "rich_text",
                "block_id": "312RU",
                "elements": [
                    {
                        "type": "rich_text_section",
                        "elements": [
                            {
                                "type": "text",
                                "text": "If you want "
                            },
                            {
                                "type": "user",
                                "user_id": "U012KCMPP0V"
                            },
                            {
                                "type": "text",
                                "text": " I could edit the video."
                            }
                        ]
                    }
                ]
            }
        ],
        "thread_ts": "1599662072.178600",
        "parent_user_id": "U012KCMPP0V"
    },
    {
        "client_msg_id": "139ef3f3-f4d6-4cdc-9851-e9f15dafb3bf",
        "type": "message",
        "text": "Is it possible not to share this publicly, since I made some mistakes in between? I don't mind if it's uploaded to YouTube as an \"Unlisted\" video... so whoever has the link can view it.",
        "user": "U01A1CBD0CC",
        "ts": "1599732533.181900",
        "team": "TKFJE6LDR",
        "user_team": "TKFJE6LDR",
        "source_team": "TKFJE6LDR",
        "user_profile": {
            "avatar_hash": "gd11b0590c62",
            "image_72": "https:\/\/secure.gravatar.com\/avatar\/d11b0590c62fd7eac8ff41b3cadd7b26.jpg?s=72&d=https%3A%2F%2Fa.slack-edge.com%2Fdf10d%2Fimg%2Favatars%2Fava_0025-72.png",
            "first_name": "",
            "real_name": "Ronald Tse",
            "display_name": "Ronald Tse",
            "team": "TKFJE6LDR",
            "name": "tse",
            "is_restricted": false,
            "is_ultra_restricted": false
        },
        "blocks": [
            {
                "type": "rich_text",
                "block_id": "jkqLD",
                "elements": [
                    {
                        "type": "rich_text_section",
                        "elements": [
                            {
                                "type": "text",
                                "text": "Is it possible not to share this publicly, since I made some mistakes in between? I don't mind if it's uploaded to YouTube as an \"Unlisted\" video... so whoever has the link can view it."
                            }
                        ]
                    }
                ]
            }
        ],
        "thread_ts": "1599662072.178600",
        "parent_user_id": "U012KCMPP0V"
    },
    {
        "client_msg_id": "e2199d6c-8b48-4bae-858a-c16fc9375414",
        "type": "message",
        "text": "Hello team, FYI Glossarist documentation is located <https:\/\/www.glossarist.org> -- if you find it insufficient you are more than welcome to contribute on GitHub :yum: <https:\/\/github.com\/glossarist\/glossarist.org\/>",
        "user": "U01A1CBD0CC",
        "ts": "1599732815.183400",
        "team": "TKFJE6LDR",
        "user_team": "TKFJE6LDR",
        "source_team": "TKFJE6LDR",
        "user_profile": {
            "avatar_hash": "gd11b0590c62",
            "image_72": "https:\/\/secure.gravatar.com\/avatar\/d11b0590c62fd7eac8ff41b3cadd7b26.jpg?s=72&d=https%3A%2F%2Fa.slack-edge.com%2Fdf10d%2Fimg%2Favatars%2Fava_0025-72.png",
            "first_name": "",
            "real_name": "Ronald Tse",
            "display_name": "Ronald Tse",
            "team": "TKFJE6LDR",
            "name": "tse",
            "is_restricted": false,
            "is_ultra_restricted": false
        },
        "blocks": [
            {
                "type": "rich_text",
                "block_id": "eLwIY",
                "elements": [
                    {
                        "type": "rich_text_section",
                        "elements": [
                            {
                                "type": "text",
                                "text": "Hello team, FYI Glossarist documentation is located "
                            },
                            {
                                "type": "link",
                                "url": "https:\/\/www.glossarist.org"
                            },
                            {
                                "type": "text",
                                "text": " -- if you find it insufficient you are more than welcome to contribute on GitHub "
                            },
                            {
                                "type": "emoji",
                                "name": "yum"
                            },
                            {
                                "type": "text",
                                "text": " "
                            },
                            {
                                "type": "link",
                                "url": "https:\/\/github.com\/glossarist\/glossarist.org\/"
                            }
                        ]
                    }
                ]
            }
        ]
    },
    {
        "client_msg_id": "973c187a-1f85-49dc-b82d-ca54a87c872b",
        "type": "message",
        "text": "Do you know the time markers of what you want edited out?",
        "user": "U012KCMPP0V",
        "ts": "1599750531.183500",
        "team": "TKFJE6LDR",
        "user_team": "TKFJE6LDR",
        "source_team": "TKFJE6LDR",
        "user_profile": {
            "avatar_hash": "b26729f0b5f2",
            "image_72": "https:\/\/avatars.slack-edge.com\/2020-04-27\/1089031639347_b26729f0b5f2375494a1_72.png",
            "first_name": "Alyssa",
            "real_name": "Alyssa",
            "display_name": "Alyssa",
            "team": "TKFJE6LDR",
            "name": "alyssa.rock.biz",
            "is_restricted": false,
            "is_ultra_restricted": false
        },
        "blocks": [
            {
                "type": "rich_text",
                "block_id": "ick",
                "elements": [
                    {
                        "type": "rich_text_section",
                        "elements": [
                            {
                                "type": "text",
                                "text": "Do you know the time markers of what you want edited out?"
                            }
                        ]
                    }
                ]
            }
        ],
        "thread_ts": "1599662072.178600",
        "parent_user_id": "U012KCMPP0V"
    },
    {
        "client_msg_id": "a6f84b7a-39fb-4994-8214-ddeeb34ec493",
        "type": "message",
        "text": "Please accept my apologies for the meeting today.  We are interviewing our final candidate today and I will be unavailable.",
        "user": "U019252DK0F",
        "ts": "1599770963.184500",
        "team": "TKFJE6LDR",
        "user_team": "TKFJE6LDR",
        "source_team": "TKFJE6LDR",
        "user_profile": {
            "avatar_hash": "33a3d3a9190d",
            "image_72": "https:\/\/avatars.slack-edge.com\/2020-09-09\/1347808982341_33a3d3a9190d60e700de_72.jpg",
            "first_name": "brandon",
            "real_name": "brandon whitehead",
            "display_name": "brandon",
            "team": "TKFJE6LDR",
            "name": "brandonnodnarb",
            "is_restricted": false,
            "is_ultra_restricted": false
        },
        "blocks": [
            {
                "type": "rich_text",
                "block_id": "sz=tp",
                "elements": [
                    {
                        "type": "rich_text_section",
                        "elements": [
                            {
                                "type": "text",
                                "text": "Please accept my apologies for the meeting today.  We are interviewing our final candidate today and I will be unavailable."
                            }
                        ]
                    }
                ]
            }
        ],
        "thread_ts": "1599770963.184500",
        "reply_count": 3,
        "reply_users_count": 2,
        "latest_reply": "1600219478.193600",
        "reply_users": [
            "UKTGLQNGG",
            "U019252DK0F"
        ],
        "replies": [
            {
                "user": "UKTGLQNGG",
                "ts": "1599771709.184600"
            },
            {
                "user": "UKTGLQNGG",
                "ts": "1599771740.184900"
            },
            {
                "user": "U019252DK0F",
                "ts": "1600219478.193600"
            }
        ],
        "subscribed": false
    },
    {
        "client_msg_id": "24f43964-42d8-46c8-bd39-ded29b651f52",
        "type": "message",
        "text": "Ok, good luck with the interviewing. A question I was planning to float was around an alternative meeting timeslot. We could possibly cover all our timezones if AU\/NZ stays up very late, and US\/CA get up very early. <@U019252DK0F>, is an 11:30pm meeting too late for you? <https:\/\/www.timeanddate.com\/worldclock\/meetingdetails.html?year=2020&amp;month=9&amp;day=16&amp;hour=11&amp;min=0&amp;sec=30&amp;p1=22&amp;p2=240&amp;p3=248&amp;p4=102&amp;p5=44&amp;p6=26&amp;p7=136&amp;p8=179&amp;p9=220&amp;p10=224>",
        "user": "UKTGLQNGG",
        "ts": "1599771709.184600",
        "team": "TKFJE6LDR",
        "user_team": "TKFJE6LDR",
        "source_team": "TKFJE6LDR",
        "user_profile": {
            "avatar_hash": "d6f4de222bb1",
            "image_72": "https:\/\/avatars.slack-edge.com\/2020-07-20\/1235580478119_d6f4de222bb1ed6b5960_72.jpg",
            "first_name": "Cameron",
            "real_name": "Cameron Shorter",
            "display_name": "cameronshorter",
            "team": "TKFJE6LDR",
            "name": "cameron.shorter",
            "is_restricted": false,
            "is_ultra_restricted": false
        },
        "attachments": [
            {
                "title": "The World Clock Meeting Planner - Details",
                "title_link": "https:\/\/www.timeanddate.com\/worldclock\/meetingdetails.html?year=2020&month=9&day=16&hour=11&min=0&sec=30&p1=22&p2=240&p3=248&p4=102&p5=44&p6=26&p7=136&p8=179&p9=220&p10=224",
                "text": "Local time for a meeting, in user selected locations.",
                "fallback": "The World Clock Meeting Planner - Details",
                "image_url": "https:\/\/c.tadst.com\/gfx\/og\/tadlogo-facebook.png",
                "from_url": "https:\/\/www.timeanddate.com\/worldclock\/meetingdetails.html?year=2020&month=9&day=16&hour=11&min=0&sec=30&p1=22&p2=240&p3=248&p4=102&p5=44&p6=26&p7=136&p8=179&p9=220&p10=224",
                "image_width": 476,
                "image_height": 250,
                "image_bytes": 55884,
                "service_icon": "https:\/\/www.timeanddate.com\/favicon.ico",
                "service_name": "timeanddate.com",
                "id": 1,
                "original_url": "https:\/\/www.timeanddate.com\/worldclock\/meetingdetails.html?year=2020&amp;month=9&amp;day=16&amp;hour=11&amp;min=0&amp;sec=30&amp;p1=22&amp;p2=240&amp;p3=248&amp;p4=102&amp;p5=44&amp;p6=26&amp;p7=136&amp;p8=179&amp;p9=220&amp;p10=224"
            }
        ],
        "blocks": [
            {
                "type": "rich_text",
                "block_id": "u2F16",
                "elements": [
                    {
                        "type": "rich_text_section",
                        "elements": [
                            {
                                "type": "text",
                                "text": "Ok, good luck with the interviewing. A question I was planning to float was around an alternative meeting timeslot. We could possibly cover all our timezones if AU\/NZ stays up very late, and US\/CA get up very early. "
                            },
                            {
                                "type": "user",
                                "user_id": "U019252DK0F"
                            },
                            {
                                "type": "text",
                                "text": ", is an 11:30pm meeting too late for you? "
                            },
                            {
                                "type": "link",
                                "url": "https:\/\/www.timeanddate.com\/worldclock\/meetingdetails.html?year=2020&month=9&day=16&hour=11&min=0&sec=30&p1=22&p2=240&p3=248&p4=102&p5=44&p6=26&p7=136&p8=179&p9=220&p10=224"
                            }
                        ]
                    }
                ]
            }
        ],
        "thread_ts": "1599770963.184500",
        "parent_user_id": "U019252DK0F"
    },
    {
        "client_msg_id": "5ad7a67f-b715-4a88-8eb5-a328d3bd13a8",
        "type": "message",
        "text": "... to do on a sustained basis.",
        "user": "UKTGLQNGG",
        "ts": "1599771740.184900",
        "team": "TKFJE6LDR",
        "user_team": "TKFJE6LDR",
        "source_team": "TKFJE6LDR",
        "user_profile": {
            "avatar_hash": "d6f4de222bb1",
            "image_72": "https:\/\/avatars.slack-edge.com\/2020-07-20\/1235580478119_d6f4de222bb1ed6b5960_72.jpg",
            "first_name": "Cameron",
            "real_name": "Cameron Shorter",
            "display_name": "cameronshorter",
            "team": "TKFJE6LDR",
            "name": "cameron.shorter",
            "is_restricted": false,
            "is_ultra_restricted": false
        },
        "blocks": [
            {
                "type": "rich_text",
                "block_id": "ly1",
                "elements": [
                    {
                        "type": "rich_text_section",
                        "elements": [
                            {
                                "type": "text",
                                "text": "... to do on a sustained basis."
                            }
                        ]
                    }
                ]
            }
        ],
        "thread_ts": "1599770963.184500",
        "parent_user_id": "U019252DK0F"
    },
    {
        "client_msg_id": "76348d14-6817-4a47-acfa-ab780be8cafe",
        "type": "message",
        "text": "I'll be hanging around for the next 30 mins after our meeting today to help tech writers with their project documentation - starting with trying to answer \"what is this project about anyway?\"",
        "user": "UKTGLQNGG",
        "ts": "1599772146.188500",
        "team": "TKFJE6LDR",
        "user_team": "TKFJE6LDR",
        "source_team": "TKFJE6LDR",
        "user_profile": {
            "avatar_hash": "d6f4de222bb1",
            "image_72": "https:\/\/avatars.slack-edge.com\/2020-07-20\/1235580478119_d6f4de222bb1ed6b5960_72.jpg",
            "first_name": "Cameron",
            "real_name": "Cameron Shorter",
            "display_name": "cameronshorter",
            "team": "TKFJE6LDR",
            "name": "cameron.shorter",
            "is_restricted": false,
            "is_ultra_restricted": false
        },
        "blocks": [
            {
                "type": "rich_text",
                "block_id": "64WtM",
                "elements": [
                    {
                        "type": "rich_text_section",
                        "elements": [
                            {
                                "type": "text",
                                "text": "I'll be hanging around for the next 30 mins after our meeting today to help tech writers with their project documentation - starting with trying to answer \"what is this project about anyway?\""
                            }
                        ]
                    }
                ]
            }
        ],
        "reactions": [
            {
                "name": "+1",
                "users": [
                    "U012KCMPP0V",
                    "U018GVAH3FX",
                    "U0170HMB87K"
                ],
                "count": 3
            }
        ]
    },
    {
        "client_msg_id": "894c5695-83e4-4fce-aa38-30bdf0ae3915",
        "type": "message",
        "text": "Meeting now: <https:\/\/meet.google.com\/xpw-djtk-apv?authuser=0>",
        "user": "UKTGLQNGG",
        "ts": "1599788074.188900",
        "team": "TKFJE6LDR",
        "user_team": "TKFJE6LDR",
        "source_team": "TKFJE6LDR",
        "user_profile": {
            "avatar_hash": "d6f4de222bb1",
            "image_72": "https:\/\/avatars.slack-edge.com\/2020-07-20\/1235580478119_d6f4de222bb1ed6b5960_72.jpg",
            "first_name": "Cameron",
            "real_name": "Cameron Shorter",
            "display_name": "cameronshorter",
            "team": "TKFJE6LDR",
            "name": "cameron.shorter",
            "is_restricted": false,
            "is_ultra_restricted": false
        },
        "attachments": [
            {
                "title": "Meet",
                "title_link": "https:\/\/meet.google.com\/xpw-djtk-apv?authuser=0",
                "text": "Real-time meetings by Google. Using your browser, share your video, desktop, and presentations with teammates and customers.",
                "fallback": "Meet",
                "thumb_url": "https:\/\/www.gstatic.com\/images\/branding\/product\/2x\/meet_96dp.png",
                "from_url": "https:\/\/meet.google.com\/xpw-djtk-apv?authuser=0",
                "thumb_width": 192,
                "thumb_height": 192,
                "service_icon": "http:\/\/www.gstatic.com\/images\/branding\/product\/1x\/meet_16dp.png",
                "service_name": "meet.google.com",
                "id": 1,
                "original_url": "https:\/\/meet.google.com\/xpw-djtk-apv?authuser=0"
            }
        ],
        "blocks": [
            {
                "type": "rich_text",
                "block_id": "mTU",
                "elements": [
                    {
                        "type": "rich_text_section",
                        "elements": [
                            {
                                "type": "text",
                                "text": "Meeting now: "
                            },
                            {
                                "type": "link",
                                "url": "https:\/\/meet.google.com\/xpw-djtk-apv?authuser=0"
                            }
                        ]
                    }
                ]
            }
        ]
    }
]