[
    {
        "client_msg_id": "631f2310-bc10-412f-94d1-5f5f879c1df7",
        "type": "message",
        "text": "Hey <@U01A8JXNZDW> . Alyssa has put the recorded video of the demo on youtube. you can have a look. Hope this helps :hugging_face:",
        "user": "U0170HMB87K",
        "ts": "1600167263.189800",
        "team": "TKFJE6LDR",
        "user_team": "TKFJE6LDR",
        "source_team": "TKFJE6LDR",
        "user_profile": {
            "avatar_hash": "f39553b0636b",
            "image_72": "https:\/\/avatars.slack-edge.com\/2020-07-22\/1249269540710_f39553b0636b29704992_72.jpg",
            "first_name": "",
            "real_name": "Ankita",
            "display_name": "Ankita",
            "team": "TKFJE6LDR",
            "name": "ankitatripathi.2312",
            "is_restricted": false,
            "is_ultra_restricted": false
        },
        "blocks": [
            {
                "type": "rich_text",
                "block_id": "IKNmi",
                "elements": [
                    {
                        "type": "rich_text_section",
                        "elements": [
                            {
                                "type": "text",
                                "text": "Hey "
                            },
                            {
                                "type": "user",
                                "user_id": "U01A8JXNZDW"
                            },
                            {
                                "type": "text",
                                "text": " . Alyssa has put the recorded video of the demo on youtube. you can have a look. Hope this helps "
                            },
                            {
                                "type": "emoji",
                                "name": "hugging_face"
                            }
                        ]
                    }
                ]
            }
        ],
        "thread_ts": "1600010748.189700",
        "parent_user_id": "U012KCMPP0V"
    },
    {
        "client_msg_id": "035d18a9-ba9c-4d29-98cb-6cf273c6ad89",
        "type": "message",
        "text": "Hi Alyssa, I tried to opem the file on YouTube but I git the message that the file is classified. Is there anything I can do?",
        "user": "U01A8JXNZDW",
        "ts": "1600187832.190200",
        "team": "TKFJE6LDR",
        "user_team": "TKFJE6LDR",
        "source_team": "TKFJE6LDR",
        "user_profile": {
            "avatar_hash": "bc6e1adc4c76",
            "image_72": "https:\/\/avatars.slack-edge.com\/2020-08-26\/1318106179014_bc6e1adc4c769be56ccf_72.jpg",
            "first_name": "",
            "real_name": "Nikos Lambrinos",
            "display_name": "Nikos Lambrinos",
            "team": "TKFJE6LDR",
            "name": "labrinos",
            "is_restricted": false,
            "is_ultra_restricted": false
        },
        "blocks": [
            {
                "type": "rich_text",
                "block_id": "rQS",
                "elements": [
                    {
                        "type": "rich_text_section",
                        "elements": [
                            {
                                "type": "text",
                                "text": "Hi Alyssa, I tried to opem the file on YouTube but I git the message that the file is classified. Is there anything I can do?"
                            }
                        ]
                    }
                ]
            }
        ],
        "thread_ts": "1600010748.189700",
        "parent_user_id": "U012KCMPP0V"
    },
    {
        "client_msg_id": "e73cfb3e-f94e-4942-b6af-7296ffa9375d",
        "type": "message",
        "text": "I'll troubleshoot. I must admit I don't post to YouTube all that often. Ronald asked to make it a private video, but if you enter in the link directly, it's supposed to work...",
        "user": "U012KCMPP0V",
        "ts": "1600206896.190400",
        "team": "TKFJE6LDR",
        "user_team": "TKFJE6LDR",
        "source_team": "TKFJE6LDR",
        "user_profile": {
            "avatar_hash": "b26729f0b5f2",
            "image_72": "https:\/\/avatars.slack-edge.com\/2020-04-27\/1089031639347_b26729f0b5f2375494a1_72.png",
            "first_name": "Alyssa",
            "real_name": "Alyssa",
            "display_name": "Alyssa",
            "team": "TKFJE6LDR",
            "name": "alyssa.rock.biz",
            "is_restricted": false,
            "is_ultra_restricted": false
        },
        "blocks": [
            {
                "type": "rich_text",
                "block_id": "qOz",
                "elements": [
                    {
                        "type": "rich_text_section",
                        "elements": [
                            {
                                "type": "text",
                                "text": "I'll troubleshoot. I must admit I don't post to YouTube all that often. Ronald asked to make it a private video, but if you enter in the link directly, it's supposed to work..."
                            }
                        ]
                    }
                ]
            }
        ],
        "thread_ts": "1600010748.189700",
        "parent_user_id": "U012KCMPP0V"
    },
    {
        "client_msg_id": "7184d9df-1d8b-4406-bfa8-dd3ad4d529ab",
        "type": "message",
        "text": "hello everyone, wondering if the \"<https:\/\/docs.google.com\/document\/d\/1l8rKvfT_jUIlOH0imRhbM-tMB4hEddPPC7RvwyGVMrA\/edit|Defining the Glossary Project>\" document is ready for comments yet, or if we should wait a bit? i see <@U0170HMB87K> has provided initial material. at the last meeting, <@U018GVAH3FX> also mentioned similar scope was in the works. just wondering if that too was ready for comments or more discussion?",
        "user": "U019YA7SD0U",
        "ts": "1600218516.193400",
        "team": "TKFJE6LDR",
        "user_team": "TKFJE6LDR",
        "source_team": "TKFJE6LDR",
        "user_profile": {
            "avatar_hash": "gd927840085e",
            "image_72": "https:\/\/secure.gravatar.com\/avatar\/d927840085e81f89fb210807b02ee5bc.jpg?s=72&d=https%3A%2F%2Fa.slack-edge.com%2Fdf10d%2Fimg%2Favatars%2Fava_0007-72.png",
            "first_name": "Reese",
            "real_name": "Reese Plews",
            "display_name": "Reese Plews (TC211 TMG)",
            "team": "TKFJE6LDR",
            "name": "rplews",
            "is_restricted": false,
            "is_ultra_restricted": false
        },
        "blocks": [
            {
                "type": "rich_text",
                "block_id": "ra\/VX",
                "elements": [
                    {
                        "type": "rich_text_section",
                        "elements": [
                            {
                                "type": "text",
                                "text": "hello everyone, wondering if the \""
                            },
                            {
                                "type": "link",
                                "url": "https:\/\/docs.google.com\/document\/d\/1l8rKvfT_jUIlOH0imRhbM-tMB4hEddPPC7RvwyGVMrA\/edit",
                                "text": "Defining the Glossary Project"
                            },
                            {
                                "type": "text",
                                "text": "\" document is ready for comments yet, or if we should wait a bit? i see "
                            },
                            {
                                "type": "user",
                                "user_id": "U0170HMB87K"
                            },
                            {
                                "type": "text",
                                "text": " has provided initial material. at the last meeting, "
                            },
                            {
                                "type": "user",
                                "user_id": "U018GVAH3FX"
                            },
                            {
                                "type": "text",
                                "text": " also mentioned similar scope was in the works. just wondering if that too was ready for comments or more discussion?"
                            }
                        ]
                    }
                ]
            }
        ],
        "thread_ts": "1600218516.193400",
        "reply_count": 3,
        "reply_users_count": 3,
        "latest_reply": "1600995348.000100",
        "reply_users": [
            "U0170HMB87K",
            "U018GVAH3FX",
            "U019YA7SD0U"
        ],
        "replies": [
            {
                "user": "U0170HMB87K",
                "ts": "1600223567.193800"
            },
            {
                "user": "U018GVAH3FX",
                "ts": "1600364948.195400"
            },
            {
                "user": "U019YA7SD0U",
                "ts": "1600995348.000100"
            }
        ],
        "subscribed": false
    },
    {
        "client_msg_id": "54666443-440b-4320-ba87-ee2c21767446",
        "type": "message",
        "text": "the 1:30pm local time slot is generally fine.  perhaps we could alternate?",
        "user": "U019252DK0F",
        "ts": "1600219478.193600",
        "team": "TKFJE6LDR",
        "user_team": "TKFJE6LDR",
        "source_team": "TKFJE6LDR",
        "user_profile": {
            "avatar_hash": "33a3d3a9190d",
            "image_72": "https:\/\/avatars.slack-edge.com\/2020-09-09\/1347808982341_33a3d3a9190d60e700de_72.jpg",
            "first_name": "brandon",
            "real_name": "brandon whitehead",
            "display_name": "brandon",
            "team": "TKFJE6LDR",
            "name": "brandonnodnarb",
            "is_restricted": false,
            "is_ultra_restricted": false
        },
        "blocks": [
            {
                "type": "rich_text",
                "block_id": "72q7\/",
                "elements": [
                    {
                        "type": "rich_text_section",
                        "elements": [
                            {
                                "type": "text",
                                "text": "the 1:30pm local time slot is generally fine.  perhaps we could alternate?"
                            }
                        ]
                    }
                ]
            }
        ],
        "thread_ts": "1599770963.184500",
        "parent_user_id": "U019252DK0F"
    },
    {
        "client_msg_id": "1f61f685-4bdd-4f67-ba4c-0fedc52eb4f1",
        "type": "message",
        "text": "Hi <@U019YA7SD0U> from my side it is ready for your comments. It's a simplified version of my understanding. I hope your comments would make it just better. Thanks in advance, Reese. :hugging_face:",
        "user": "U0170HMB87K",
        "ts": "1600223567.193800",
        "team": "TKFJE6LDR",
        "user_team": "TKFJE6LDR",
        "source_team": "TKFJE6LDR",
        "user_profile": {
            "avatar_hash": "f39553b0636b",
            "image_72": "https:\/\/avatars.slack-edge.com\/2020-07-22\/1249269540710_f39553b0636b29704992_72.jpg",
            "first_name": "",
            "real_name": "Ankita",
            "display_name": "Ankita",
            "team": "TKFJE6LDR",
            "name": "ankitatripathi.2312",
            "is_restricted": false,
            "is_ultra_restricted": false
        },
        "blocks": [
            {
                "type": "rich_text",
                "block_id": "vi\/L",
                "elements": [
                    {
                        "type": "rich_text_section",
                        "elements": [
                            {
                                "type": "text",
                                "text": "Hi "
                            },
                            {
                                "type": "user",
                                "user_id": "U019YA7SD0U"
                            },
                            {
                                "type": "text",
                                "text": " from my side it is ready for your comments. It's a simplified version of my understanding. I hope your comments would make it just better. Thanks in advance, Reese. "
                            },
                            {
                                "type": "emoji",
                                "name": "hugging_face"
                            }
                        ]
                    }
                ]
            }
        ],
        "thread_ts": "1600218516.193400",
        "parent_user_id": "U019YA7SD0U"
    }
]