[
    {
        "client_msg_id": "b3199d38-07e8-424e-acc4-25a644ffb396",
        "type": "message",
        "text": "US weekly meeting now: <https:\/\/meet.google.com\/nuj-qvxw-vvt?authuser=0>",
        "user": "UKTGLQNGG",
        "ts": "1599685664.036200",
        "team": "TKFJE6LDR",
        "user_team": "TKFJE6LDR",
        "source_team": "TKFJE6LDR",
        "user_profile": {
            "avatar_hash": "d6f4de222bb1",
            "image_72": "https:\/\/avatars.slack-edge.com\/2020-07-20\/1235580478119_d6f4de222bb1ed6b5960_72.jpg",
            "first_name": "Cameron",
            "real_name": "Cameron Shorter",
            "display_name": "cameronshorter",
            "team": "TKFJE6LDR",
            "name": "cameron.shorter",
            "is_restricted": false,
            "is_ultra_restricted": false
        },
        "attachments": [
            {
                "title": "Meet",
                "title_link": "https:\/\/meet.google.com\/nuj-qvxw-vvt?authuser=0",
                "text": "Real-time meetings by Google. Using your browser, share your video, desktop, and presentations with teammates and customers.",
                "fallback": "Meet",
                "thumb_url": "https:\/\/www.gstatic.com\/images\/branding\/product\/2x\/meet_96dp.png",
                "from_url": "https:\/\/meet.google.com\/nuj-qvxw-vvt?authuser=0",
                "thumb_width": 192,
                "thumb_height": 192,
                "service_icon": "http:\/\/www.gstatic.com\/images\/branding\/product\/1x\/meet_16dp.png",
                "service_name": "meet.google.com",
                "id": 1,
                "original_url": "https:\/\/meet.google.com\/nuj-qvxw-vvt?authuser=0"
            }
        ],
        "blocks": [
            {
                "type": "rich_text",
                "block_id": "f899",
                "elements": [
                    {
                        "type": "rich_text_section",
                        "elements": [
                            {
                                "type": "text",
                                "text": "US weekly meeting now: "
                            },
                            {
                                "type": "link",
                                "url": "https:\/\/meet.google.com\/nuj-qvxw-vvt?authuser=0"
                            }
                        ]
                    }
                ]
            }
        ]
    },
    {
        "client_msg_id": "47f6cd32-4663-45e8-bccd-d9d6d138e118",
        "type": "message",
        "text": "Hello, I'd like to given access to the <https:\/\/github.com\/thegooddocsproject\/thegooddocsproject.github.io> projects board.  My github username is bwklein.",
        "user": "U018BJR6JQN",
        "ts": "1599686552.037700",
        "team": "TKFJE6LDR",
        "user_team": "TKFJE6LDR",
        "source_team": "TKFJE6LDR",
        "user_profile": {
            "avatar_hash": "97b8f5caa203",
            "image_72": "https:\/\/avatars.slack-edge.com\/2020-08-09\/1283637239046_97b8f5caa203a559ac3e_72.jpg",
            "first_name": "",
            "real_name": "Bryan Klein",
            "display_name": "Bryan Klein",
            "team": "TKFJE6LDR",
            "name": "klein",
            "is_restricted": false,
            "is_ultra_restricted": false
        },
        "edited": {
            "user": "U018BJR6JQN",
            "ts": "1599686560.000000"
        },
        "blocks": [
            {
                "type": "rich_text",
                "block_id": "BAJv",
                "elements": [
                    {
                        "type": "rich_text_section",
                        "elements": [
                            {
                                "type": "text",
                                "text": "Hello, I'd like to given access to the "
                            },
                            {
                                "type": "link",
                                "url": "https:\/\/github.com\/thegooddocsproject\/thegooddocsproject.github.io"
                            },
                            {
                                "type": "text",
                                "text": " projects board.  My github username is bwklein."
                            }
                        ]
                    }
                ]
            }
        ],
        "thread_ts": "1599686552.037700",
        "reply_count": 2,
        "reply_users_count": 2,
        "latest_reply": "1599692685.043600",
        "reply_users": [
            "UKV4ZPEFQ",
            "U018BJR6JQN"
        ],
        "replies": [
            {
                "user": "UKV4ZPEFQ",
                "ts": "1599689016.041900"
            },
            {
                "user": "U018BJR6JQN",
                "ts": "1599692685.043600"
            }
        ],
        "subscribed": true,
        "last_read": "1599692685.043600"
    },
    {
        "client_msg_id": "2750d39e-3da5-499c-9584-2000171ddde0",
        "type": "message",
        "text": "I won't be able to attend today, due to some work related projects I have going on at the moment. But I was just going to mention that I opened some issues and a PR in the <https:\/\/github.com\/thegooddocsproject\/templates> repo related to some things I'm working on. I'm also looking at `cookiecutter` at the moment, and in implementing some templating at work before seeing about potentially rolling out similar incubator items around templates for TGD.",
        "user": "U015GARCR8X",
        "ts": "1599686813.040000",
        "team": "TKFJE6LDR",
        "user_team": "TKFJE6LDR",
        "source_team": "TKFJE6LDR",
        "user_profile": {
            "avatar_hash": "37a234435192",
            "image_72": "https:\/\/avatars.slack-edge.com\/2020-08-06\/1283467109749_37a23443519259ddd5ca_72.png",
            "first_name": "Derek",
            "real_name": "Derek Ardolf",
            "display_name": "ScriptAutomate",
            "team": "TKFJE6LDR",
            "name": "derek",
            "is_restricted": false,
            "is_ultra_restricted": false
        },
        "attachments": [
            {
                "fallback": "thegooddocsproject\/templates",
                "text": "Templates created by The Good Docs Project - for all your tech writing needs.",
                "title": "thegooddocsproject\/templates",
                "footer": "<https:\/\/github.com\/thegooddocsproject\/templates|thegooddocsproject\/templates>",
                "id": 1,
                "footer_icon": "https:\/\/github.githubassets.com\/favicon.ico",
                "ts": 1565479569,
                "color": "24292f",
                "fields": [
                    {
                        "title": "Website",
                        "value": "<https:\/\/thegooddocsproject.dev\/>",
                        "short": true
                    },
                    {
                        "title": "Stars",
                        "value": "205",
                        "short": true
                    }
                ],
                "mrkdwn_in": [
                    "text",
                    "fields"
                ],
                "bot_id": "BU8U6P6AH",
                "app_unfurl_url": "https:\/\/github.com\/thegooddocsproject\/templates",
                "is_app_unfurl": true
            }
        ],
        "blocks": [
            {
                "type": "rich_text",
                "block_id": "9vmib",
                "elements": [
                    {
                        "type": "rich_text_section",
                        "elements": [
                            {
                                "type": "text",
                                "text": "I won't be able to attend today, due to some work related projects I have going on at the moment. But I was just going to mention that I opened some issues and a PR in the "
                            },
                            {
                                "type": "link",
                                "url": "https:\/\/github.com\/thegooddocsproject\/templates"
                            },
                            {
                                "type": "text",
                                "text": " repo related to some things I'm working on. I'm also looking at "
                            },
                            {
                                "type": "text",
                                "text": "cookiecutter",
                                "style": {
                                    "code": true
                                }
                            },
                            {
                                "type": "text",
                                "text": " at the moment, and in implementing some templating at work before seeing about potentially rolling out similar incubator items around templates for TGD."
                            }
                        ]
                    }
                ]
            }
        ]
    },
    {
        "client_msg_id": "bbc2c55d-e6ac-47a2-bccc-5623a8e9c555",
        "type": "message",
        "text": "For those interested in the Hugo Migration <#C019Y7ZCKR7|hugo-migration> effort. Please see this google document and add yourself to the table at the top. <https:\/\/docs.google.com\/document\/d\/1IgWPP-4ON0MSk7d04Vgne0ZgWtrpQqPMOi9XwJ4hwN0\/edit?usp=sharing>",
        "user": "U018BJR6JQN",
        "ts": "1599687746.041700",
        "team": "TKFJE6LDR",
        "user_team": "TKFJE6LDR",
        "source_team": "TKFJE6LDR",
        "user_profile": {
            "avatar_hash": "97b8f5caa203",
            "image_72": "https:\/\/avatars.slack-edge.com\/2020-08-09\/1283637239046_97b8f5caa203a559ac3e_72.jpg",
            "first_name": "",
            "real_name": "Bryan Klein",
            "display_name": "Bryan Klein",
            "team": "TKFJE6LDR",
            "name": "klein",
            "is_restricted": false,
            "is_ultra_restricted": false
        },
        "blocks": [
            {
                "type": "rich_text",
                "block_id": "0Rk",
                "elements": [
                    {
                        "type": "rich_text_section",
                        "elements": [
                            {
                                "type": "text",
                                "text": "For those interested in the Hugo Migration "
                            },
                            {
                                "type": "channel",
                                "channel_id": "C019Y7ZCKR7"
                            },
                            {
                                "type": "text",
                                "text": " effort. Please see this google document and add yourself to the table at the top. "
                            },
                            {
                                "type": "link",
                                "url": "https:\/\/docs.google.com\/document\/d\/1IgWPP-4ON0MSk7d04Vgne0ZgWtrpQqPMOi9XwJ4hwN0\/edit?usp=sharing"
                            }
                        ]
                    }
                ]
            }
        ]
    },
    {
        "client_msg_id": "f45c4988-6dd9-4d35-a580-17c9c3cd3ce9",
        "type": "message",
        "text": "Invite sent. Let me know if any problems.",
        "user": "UKV4ZPEFQ",
        "ts": "1599689016.041900",
        "team": "TKFJE6LDR",
        "user_team": "TKFJE6LDR",
        "source_team": "TKFJE6LDR",
        "user_profile": {
            "avatar_hash": "g854c628ef64",
            "image_72": "https:\/\/secure.gravatar.com\/avatar\/6854c628ef64a4c129a994522e17cdf2.jpg?s=72&d=https%3A%2F%2Fa.slack-edge.com%2Fdf10d%2Fimg%2Favatars%2Fava_0007-72.png",
            "first_name": "felicitybrand",
            "real_name": "felicitybrand",
            "display_name": "flicstar",
            "team": "TKFJE6LDR",
            "name": "felicitybrand",
            "is_restricted": false,
            "is_ultra_restricted": false
        },
        "blocks": [
            {
                "type": "rich_text",
                "block_id": "F31i6",
                "elements": [
                    {
                        "type": "rich_text_section",
                        "elements": [
                            {
                                "type": "text",
                                "text": "Invite sent. Let me know if any problems."
                            }
                        ]
                    }
                ]
            }
        ],
        "thread_ts": "1599686552.037700",
        "parent_user_id": "U018BJR6JQN"
    },
    {
        "client_msg_id": "06e1e25c-953e-4117-a6bb-72ab020d1964",
        "type": "message",
        "text": "Thank you. :slightly_smiling_face:",
        "user": "U018BJR6JQN",
        "ts": "1599692685.043600",
        "team": "TKFJE6LDR",
        "user_team": "TKFJE6LDR",
        "source_team": "TKFJE6LDR",
        "user_profile": {
            "avatar_hash": "97b8f5caa203",
            "image_72": "https:\/\/avatars.slack-edge.com\/2020-08-09\/1283637239046_97b8f5caa203a559ac3e_72.jpg",
            "first_name": "",
            "real_name": "Bryan Klein",
            "display_name": "Bryan Klein",
            "team": "TKFJE6LDR",
            "name": "klein",
            "is_restricted": false,
            "is_ultra_restricted": false
        },
        "blocks": [
            {
                "type": "rich_text",
                "block_id": "cvIS",
                "elements": [
                    {
                        "type": "rich_text_section",
                        "elements": [
                            {
                                "type": "text",
                                "text": "Thank you. "
                            },
                            {
                                "type": "emoji",
                                "name": "slightly_smiling_face"
                            }
                        ]
                    }
                ]
            }
        ],
        "thread_ts": "1599686552.037700",
        "parent_user_id": "U018BJR6JQN"
    }
]