[
    {
        "client_msg_id": "0b9612b4-9dfe-4327-a5fc-8cf535126020",
        "type": "message",
        "text": "This is so elaborative and yet to the point! Thanks for this <@U015GARCR8X> :hugging_face:",
        "user": "U0170HMB87K",
        "ts": "1597067862.129700",
        "team": "TKFJE6LDR",
        "user_team": "TKFJE6LDR",
        "source_team": "TKFJE6LDR",
        "user_profile": {
            "avatar_hash": "f39553b0636b",
            "image_72": "https:\/\/avatars.slack-edge.com\/2020-07-22\/1249269540710_f39553b0636b29704992_72.jpg",
            "first_name": "",
            "real_name": "Ankita",
            "display_name": "Ankita",
            "team": "TKFJE6LDR",
            "name": "ankitatripathi.2312",
            "is_restricted": false,
            "is_ultra_restricted": false
        },
        "blocks": [
            {
                "type": "rich_text",
                "block_id": "gFmC",
                "elements": [
                    {
                        "type": "rich_text_section",
                        "elements": [
                            {
                                "type": "text",
                                "text": "This is so elaborative and yet to the point! Thanks for this "
                            },
                            {
                                "type": "user",
                                "user_id": "U015GARCR8X"
                            },
                            {
                                "type": "text",
                                "text": " "
                            },
                            {
                                "type": "emoji",
                                "name": "hugging_face"
                            }
                        ]
                    }
                ]
            }
        ],
        "thread_ts": "1597006661.124100",
        "parent_user_id": "U015GARCR8X",
        "reactions": [
            {
                "name": "+1",
                "users": [
                    "U015GARCR8X"
                ],
                "count": 1
            },
            {
                "name": "hugging_face",
                "users": [
                    "U015GARCR8X"
                ],
                "count": 1
            }
        ]
    }
]