[
    {
        "client_msg_id": "324425dd-874e-40aa-ab9c-49fd51c74ae4",
        "type": "message",
        "text": "Swapnil has signed me up to present on Tech Writing Patterns at at Write The Docs Meetup. If you come and watch, please please do your best to rattle me curly questions from the peanut gallery.  :slightly_smiling_face: <https:\/\/www.meetup.com\/Write-the-Docs-Australia\/events\/272684479\/>",
        "user": "UKTGLQNGG",
        "ts": "1598255222.013400",
        "team": "TKFJE6LDR",
        "user_team": "TKFJE6LDR",
        "source_team": "TKFJE6LDR",
        "user_profile": {
            "avatar_hash": "d6f4de222bb1",
            "image_72": "https:\/\/avatars.slack-edge.com\/2020-07-20\/1235580478119_d6f4de222bb1ed6b5960_72.jpg",
            "first_name": "Cameron",
            "real_name": "Cameron Shorter",
            "display_name": "cameronshorter",
            "team": "TKFJE6LDR",
            "name": "cameron.shorter",
            "is_restricted": false,
            "is_ultra_restricted": false
        },
        "attachments": [
            {
                "service_name": "Meetup",
                "title": "Remote: Tech Writing Patterns | Lightning Talks",
                "title_link": "https:\/\/www.meetup.com\/Write-the-Docs-Australia\/events\/272684479\/",
                "text": "Wed, Sep 23, 2020, 12:00 PM: Open-source is an amazing social success story. It creates huge technical value which is shared with the world. However, incomplete and outdated documentation is a pervasi",
                "fallback": "Meetup: Remote: Tech Writing Patterns | Lightning Talks",
                "image_url": "https:\/\/secure.meetupstatic.com\/photos\/event\/a\/5\/9\/a\/600_477822394.jpeg",
                "fields": [
                    {
                        "title": "Where",
                        "value": "Online event",
                        "short": true
                    },
                    {
                        "title": "When",
                        "value": "Wed, Sep 23, 2020, 12:00 PM",
                        "short": true
                    }
                ],
                "from_url": "https:\/\/www.meetup.com\/Write-the-Docs-Australia\/events\/272684479\/",
                "image_width": 444,
                "image_height": 250,
                "image_bytes": 30934,
                "service_icon": "https:\/\/www.meetup.com\/mu_static\/en-US\/m_swarm_120x120.4f86abc9.png",
                "id": 1,
                "original_url": "https:\/\/www.meetup.com\/Write-the-Docs-Australia\/events\/272684479\/"
            }
        ],
        "blocks": [
            {
                "type": "rich_text",
                "block_id": "glE",
                "elements": [
                    {
                        "type": "rich_text_section",
                        "elements": [
                            {
                                "type": "text",
                                "text": "Swapnil has signed me up to present on Tech Writing Patterns at at Write The Docs Meetup. If you come and watch, please please do your best to rattle me curly questions from the peanut gallery.  "
                            },
                            {
                                "type": "emoji",
                                "name": "slightly_smiling_face"
                            },
                            {
                                "type": "text",
                                "text": " "
                            },
                            {
                                "type": "link",
                                "url": "https:\/\/www.meetup.com\/Write-the-Docs-Australia\/events\/272684479\/"
                            }
                        ]
                    }
                ]
            }
        ]
    },
    {
        "client_msg_id": "50322e78-15bd-4371-91a3-3fe560b6ae35",
        "type": "message",
        "text": "I'll be there",
        "user": "UKVC4NB71",
        "ts": "1598255472.013700",
        "team": "TKFJE6LDR",
        "user_team": "TKFJE6LDR",
        "source_team": "TKFJE6LDR",
        "user_profile": {
            "avatar_hash": "c7d9788d4436",
            "image_72": "https:\/\/avatars.slack-edge.com\/2019-10-30\/814314609877_c7d9788d4436969613a7_72.jpg",
            "first_name": "Jared",
            "real_name": "Jared Morgan",
            "display_name": "jaredmorgs",
            "team": "TKFJE6LDR",
            "name": "jaredleonmorgan",
            "is_restricted": false,
            "is_ultra_restricted": false
        },
        "blocks": [
            {
                "type": "rich_text",
                "block_id": "D73",
                "elements": [
                    {
                        "type": "rich_text_section",
                        "elements": [
                            {
                                "type": "text",
                                "text": "I'll be there"
                            }
                        ]
                    }
                ]
            }
        ]
    },
    {
        "client_msg_id": "ba4d0e17-cc83-4214-87b1-9ae58c055d1b",
        "type": "message",
        "text": "me too!",
        "user": "UQ553K7DY",
        "ts": "1598260220.013900",
        "team": "TKFJE6LDR",
        "user_team": "TKFJE6LDR",
        "source_team": "TKFJE6LDR",
        "user_profile": {
            "avatar_hash": "e0f8604c1079",
            "image_72": "https:\/\/avatars.slack-edge.com\/2020-10-26\/1445509834998_e0f8604c1079f923f3e9_72.png",
            "first_name": "Loquacity",
            "real_name": "Loquacity",
            "display_name": "Loquacity",
            "team": "TKFJE6LDR",
            "name": "slack1",
            "is_restricted": false,
            "is_ultra_restricted": false
        },
        "blocks": [
            {
                "type": "rich_text",
                "block_id": "T+26x",
                "elements": [
                    {
                        "type": "rich_text_section",
                        "elements": [
                            {
                                "type": "text",
                                "text": "me too!"
                            }
                        ]
                    }
                ]
            }
        ]
    },
    {
        "client_msg_id": "e0b26efb-4d04-4793-91b8-1bacc0343449",
        "type": "message",
        "text": "Definitely there!",
        "user": "U0170HMB87K",
        "ts": "1598267454.014600",
        "team": "TKFJE6LDR",
        "user_team": "TKFJE6LDR",
        "source_team": "TKFJE6LDR",
        "user_profile": {
            "avatar_hash": "f39553b0636b",
            "image_72": "https:\/\/avatars.slack-edge.com\/2020-07-22\/1249269540710_f39553b0636b29704992_72.jpg",
            "first_name": "",
            "real_name": "Ankita",
            "display_name": "Ankita",
            "team": "TKFJE6LDR",
            "name": "ankitatripathi.2312",
            "is_restricted": false,
            "is_ultra_restricted": false
        },
        "blocks": [
            {
                "type": "rich_text",
                "block_id": "R3u",
                "elements": [
                    {
                        "type": "rich_text_section",
                        "elements": [
                            {
                                "type": "text",
                                "text": "Definitely there!"
                            }
                        ]
                    }
                ]
            }
        ]
    },
    {
        "client_msg_id": "d842ecd3-b997-4e07-b204-026be43dce87",
        "type": "message",
        "text": "Some good questions from <@UKVC4NB71> and <@UKV4ZPEFQ> in their review of proposed processes, in particular around whether we should tie ourselves so closely to Google Season of Docs in our proposal selection criteria. In preparation for discussing between two time zones in our meeting this week, I'll be interested to hear other opinions.\n1. Should we publish proposed processes now (with strong links to SoD), Makes it easier to start putting people into roles. We can update in a future version.\n2. Should we debate and address before we lock in the process?\n3. Or maybe proposed processes are okay.\nAs this is a key rulebook for our community, I'm keen to see multiple people providing their preferences.  <https:\/\/github.com\/thegooddocsproject\/thegooddocsproject.github.io\/pull\/43>",
        "user": "UKTGLQNGG",
        "ts": "1598307960.022100",
        "team": "TKFJE6LDR",
        "user_team": "TKFJE6LDR",
        "source_team": "TKFJE6LDR",
        "user_profile": {
            "avatar_hash": "d6f4de222bb1",
            "image_72": "https:\/\/avatars.slack-edge.com\/2020-07-20\/1235580478119_d6f4de222bb1ed6b5960_72.jpg",
            "first_name": "Cameron",
            "real_name": "Cameron Shorter",
            "display_name": "cameronshorter",
            "team": "TKFJE6LDR",
            "name": "cameron.shorter",
            "is_restricted": false,
            "is_ultra_restricted": false
        },
        "attachments": [
            {
                "author_name": "camerons",
                "fallback": "[thegooddocsproject\/thegooddocsproject.github.io] #43 Add community processes 2.0: ",
                "text": "Updates processes for: decisions, prioritization, proposal-selection, roles.  \nFixes <https:\/\/github.com\/thegooddocsproject\/thegooddocsproject.github.io\/issues\/42|#42>\n\nAs this is a significant update to processes, we should endevour to get +1 votes from all PSC members.\n\n• Cameron Shorter (person raising this pull request, voting +1)\n• Felicity Brand\n• Jo Cook\n• Jared Morgan\n• Erin McKean\n• Clarence Cromwell\n\nReview and comments from other community members are welcomed.\n\nNote 1: I'm hoping most feedback will be captured as a separate issue, and applied to a future version of these docs. That way we can get working processes in place, and start promoting community members into roles.\n\nNote 2: We don't yet have a Code of Conduct Committee role. That is something which was postponed to a future version so we can get these processes in place without being blocked.\n\nNote 3: I'm ashamed to admit that I haven't managed to get a working local environment stood up, and hence have only visually checked links in this update. It would be great if someone could check that for me.",
                "title": "#43 Add community processes 2.0: ",
                "footer": "<https:\/\/github.com\/thegooddocsproject\/thegooddocsproject.github.io|thegooddocsproject\/thegooddocsproject.github.io>",
                "id": 1,
                "title_link": "https:\/\/github.com\/thegooddocsproject\/thegooddocsproject.github.io\/pull\/43",
                "author_link": "https:\/\/github.com\/camerons",
                "author_icon": "https:\/\/avatars0.githubusercontent.com\/u\/1243535?v=4",
                "footer_icon": "https:\/\/github.githubassets.com\/favicon.ico",
                "ts": 1598223017,
                "color": "36a64f",
                "fields": [
                    {
                        "title": "Comments",
                        "value": "1",
                        "short": true
                    },
                    {
                        "title": "Reviewers",
                        "value": "@mgan59, @emckean, @archaeogeek, @cwcromwell",
                        "short": true
                    }
                ],
                "mrkdwn_in": [
                    "text"
                ],
                "bot_id": "BU8U6P6AH",
                "app_unfurl_url": "https:\/\/github.com\/thegooddocsproject\/thegooddocsproject.github.io\/pull\/43",
                "is_app_unfurl": true
            }
        ],
        "blocks": [
            {
                "type": "rich_text",
                "block_id": "VF\/",
                "elements": [
                    {
                        "type": "rich_text_section",
                        "elements": [
                            {
                                "type": "text",
                                "text": "Some good questions from "
                            },
                            {
                                "type": "user",
                                "user_id": "UKVC4NB71"
                            },
                            {
                                "type": "text",
                                "text": " and "
                            },
                            {
                                "type": "user",
                                "user_id": "UKV4ZPEFQ"
                            },
                            {
                                "type": "text",
                                "text": " in their review of proposed processes, in particular around whether we should tie ourselves so closely to Google Season of Docs in our proposal selection criteria. In preparation for discussing between two time zones in our meeting this week, I'll be interested to hear other opinions.\n"
                            }
                        ]
                    },
                    {
                        "type": "rich_text_list",
                        "elements": [
                            {
                                "type": "rich_text_section",
                                "elements": [
                                    {
                                        "type": "text",
                                        "text": "Should we publish proposed processes now (with strong links to SoD), Makes it easier to start putting people into roles. We can update in a future version."
                                    }
                                ]
                            },
                            {
                                "type": "rich_text_section",
                                "elements": [
                                    {
                                        "type": "text",
                                        "text": "Should we debate and address before we lock in the process?"
                                    }
                                ]
                            },
                            {
                                "type": "rich_text_section",
                                "elements": [
                                    {
                                        "type": "text",
                                        "text": "Or maybe proposed processes are okay."
                                    }
                                ]
                            }
                        ],
                        "style": "ordered",
                        "indent": 0
                    },
                    {
                        "type": "rich_text_section",
                        "elements": [
                            {
                                "type": "text",
                                "text": "As this is a key rulebook for our community, I'm keen to see multiple people providing their preferences.  "
                            },
                            {
                                "type": "link",
                                "url": "https:\/\/github.com\/thegooddocsproject\/thegooddocsproject.github.io\/pull\/43"
                            }
                        ]
                    }
                ]
            }
        ]
    },
    {
        "client_msg_id": "1f3cacda-abc8-47a2-b313-558cf5d03161",
        "type": "message",
        "text": "The initiative to have Google share doctype templates is a step further, and looking promising. There is a meeting on 3 Sept, and hopefully we will should get a Yes or No soon after that.",
        "user": "UKTGLQNGG",
        "ts": "1598316838.024100",
        "team": "TKFJE6LDR",
        "user_team": "TKFJE6LDR",
        "source_team": "TKFJE6LDR",
        "user_profile": {
            "avatar_hash": "d6f4de222bb1",
            "image_72": "https:\/\/avatars.slack-edge.com\/2020-07-20\/1235580478119_d6f4de222bb1ed6b5960_72.jpg",
            "first_name": "Cameron",
            "real_name": "Cameron Shorter",
            "display_name": "cameronshorter",
            "team": "TKFJE6LDR",
            "name": "cameron.shorter",
            "is_restricted": false,
            "is_ultra_restricted": false
        },
        "blocks": [
            {
                "type": "rich_text",
                "block_id": "aTOG",
                "elements": [
                    {
                        "type": "rich_text_section",
                        "elements": [
                            {
                                "type": "text",
                                "text": "The initiative to have Google share doctype templates is a step further, and looking promising. There is a meeting on 3 Sept, and hopefully we will should get a Yes or No soon after that."
                            }
                        ]
                    }
                ]
            }
        ],
        "reactions": [
            {
                "name": "raised_hands::skin-tone-2",
                "users": [
                    "UKVC4NB71"
                ],
                "count": 1
            },
            {
                "name": "+1",
                "users": [
                    "U0174BRV404"
                ],
                "count": 1
            }
        ]
    }
]