[
    {
        "client_msg_id": "b328ee7a-ab70-4455-8070-31cfafd97e97",
        "type": "message",
        "text": "APEC timezone weekly meeting starting here <https:\/\/meet.google.com\/nuj-qvxw-vvt?authuser=0>",
        "user": "UKTGLQNGG",
        "ts": "1599042740.010900",
        "team": "TKFJE6LDR",
        "user_team": "TKFJE6LDR",
        "source_team": "TKFJE6LDR",
        "user_profile": {
            "avatar_hash": "d6f4de222bb1",
            "image_72": "https:\/\/avatars.slack-edge.com\/2020-07-20\/1235580478119_d6f4de222bb1ed6b5960_72.jpg",
            "first_name": "Cameron",
            "real_name": "Cameron Shorter",
            "display_name": "cameronshorter",
            "team": "TKFJE6LDR",
            "name": "cameron.shorter",
            "is_restricted": false,
            "is_ultra_restricted": false
        },
        "attachments": [
            {
                "title": "Meet",
                "title_link": "https:\/\/meet.google.com\/nuj-qvxw-vvt?authuser=0",
                "text": "Real-time meetings by Google. Using your browser, share your video, desktop, and presentations with teammates and customers.",
                "fallback": "Meet",
                "thumb_url": "https:\/\/www.gstatic.com\/images\/branding\/product\/2x\/meet_96dp.png",
                "from_url": "https:\/\/meet.google.com\/nuj-qvxw-vvt?authuser=0",
                "thumb_width": 192,
                "thumb_height": 192,
                "service_icon": "http:\/\/www.gstatic.com\/images\/branding\/product\/1x\/meet_16dp.png",
                "service_name": "meet.google.com",
                "id": 1,
                "original_url": "https:\/\/meet.google.com\/nuj-qvxw-vvt?authuser=0"
            }
        ],
        "blocks": [
            {
                "type": "rich_text",
                "block_id": "0XxDt",
                "elements": [
                    {
                        "type": "rich_text_section",
                        "elements": [
                            {
                                "type": "text",
                                "text": "APEC timezone weekly meeting starting here "
                            },
                            {
                                "type": "link",
                                "url": "https:\/\/meet.google.com\/nuj-qvxw-vvt?authuser=0"
                            }
                        ]
                    }
                ]
            }
        ],
        "thread_ts": "1599042740.010900",
        "reply_count": 1,
        "reply_users_count": 1,
        "latest_reply": "1599084416.011500",
        "reply_users": [
            "UKTGLQNGG"
        ],
        "replies": [
            {
                "user": "UKTGLQNGG",
                "ts": "1599084416.011500"
            }
        ],
        "subscribed": false
    },
    {
        "client_msg_id": "4983b93b-9ab7-4949-8271-0e6089dffe19",
        "type": "message",
        "text": "hey folks I'm so sorry -- was out last week as my FIL passed away, and am still catching up so will miss this week as well, please ping me with anything urgent and I hope to be able to answer next week",
        "user": "UL2AA1FF1",
        "ts": "1599077597.011100",
        "team": "TKFJE6LDR",
        "user_team": "TKFJE6LDR",
        "source_team": "TKFJE6LDR",
        "user_profile": {
            "avatar_hash": "22135067b36d",
            "image_72": "https:\/\/avatars.slack-edge.com\/2019-10-23\/805254797908_22135067b36dfb715e99_72.jpg",
            "first_name": "",
            "real_name": "Erin McKean",
            "display_name": "Erin McKean",
            "team": "TKFJE6LDR",
            "name": "emckean",
            "is_restricted": false,
            "is_ultra_restricted": false
        },
        "blocks": [
            {
                "type": "rich_text",
                "block_id": "1dQj",
                "elements": [
                    {
                        "type": "rich_text_section",
                        "elements": [
                            {
                                "type": "text",
                                "text": "hey folks I'm so sorry -- was out last week as my FIL passed away, and am still catching up so will miss this week as well, please ping me with anything urgent and I hope to be able to answer next week"
                            }
                        ]
                    }
                ]
            }
        ],
        "thread_ts": "1599000739.009700",
        "parent_user_id": "UKTGLQNGG"
    },
    {
        "client_msg_id": "3b811ea3-83da-4efa-b326-f1510356e9a6",
        "type": "message",
        "text": "Sorry to hear about your FIL. We'll be fine for the moment for today's meeting. I'll reach out to re Google specific Docs stuff.",
        "user": "UKTGLQNGG",
        "ts": "1599080015.011300",
        "team": "TKFJE6LDR",
        "user_team": "TKFJE6LDR",
        "source_team": "TKFJE6LDR",
        "user_profile": {
            "avatar_hash": "d6f4de222bb1",
            "image_72": "https:\/\/avatars.slack-edge.com\/2020-07-20\/1235580478119_d6f4de222bb1ed6b5960_72.jpg",
            "first_name": "Cameron",
            "real_name": "Cameron Shorter",
            "display_name": "cameronshorter",
            "team": "TKFJE6LDR",
            "name": "cameron.shorter",
            "is_restricted": false,
            "is_ultra_restricted": false
        },
        "blocks": [
            {
                "type": "rich_text",
                "block_id": "nSH=",
                "elements": [
                    {
                        "type": "rich_text_section",
                        "elements": [
                            {
                                "type": "text",
                                "text": "Sorry to hear about your FIL. We'll be fine for the moment for today's meeting. I'll reach out to re Google specific Docs stuff."
                            }
                        ]
                    }
                ]
            }
        ],
        "thread_ts": "1599000739.009700",
        "parent_user_id": "UKTGLQNGG"
    },
    {
        "client_msg_id": "60b995b2-e536-413e-b0fd-7a89c9f16863",
        "type": "message",
        "text": "I worked out why I was late for the US\/AU meeting slot. My computer clock was syncing my timezone based on IP address, and decided that I was based in Darwin, instead of Sydney (half an hour away from my current timezone). Now sorted. Hopefully I will be on time next week.",
        "user": "UKTGLQNGG",
        "ts": "1599084416.011500",
        "team": "TKFJE6LDR",
        "user_team": "TKFJE6LDR",
        "source_team": "TKFJE6LDR",
        "user_profile": {
            "avatar_hash": "d6f4de222bb1",
            "image_72": "https:\/\/avatars.slack-edge.com\/2020-07-20\/1235580478119_d6f4de222bb1ed6b5960_72.jpg",
            "first_name": "Cameron",
            "real_name": "Cameron Shorter",
            "display_name": "cameronshorter",
            "team": "TKFJE6LDR",
            "name": "cameron.shorter",
            "is_restricted": false,
            "is_ultra_restricted": false
        },
        "blocks": [
            {
                "type": "rich_text",
                "block_id": "=y33F",
                "elements": [
                    {
                        "type": "rich_text_section",
                        "elements": [
                            {
                                "type": "text",
                                "text": "I worked out why I was late for the US\/AU meeting slot. My computer clock was syncing my timezone based on IP address, and decided that I was based in Darwin, instead of Sydney (half an hour away from my current timezone). Now sorted. Hopefully I will be on time next week."
                            }
                        ]
                    }
                ]
            }
        ],
        "thread_ts": "1599042740.010900",
        "parent_user_id": "UKTGLQNGG"
    },
    {
        "client_msg_id": "d9e7593a-d984-431e-9751-79ea2edfa88c",
        "type": "message",
        "text": "Hi, everyone. I have good news! I've converted my style guide template to markdown and I'm ready to submit it to the incubator. However, my authentication keeps failing when I try to push a branch with my commits to the incubator repo. Any troubleshooting tips?",
        "user": "U012KCMPP0V",
        "ts": "1599086748.013100",
        "team": "TKFJE6LDR",
        "user_team": "TKFJE6LDR",
        "source_team": "TKFJE6LDR",
        "user_profile": {
            "avatar_hash": "b26729f0b5f2",
            "image_72": "https:\/\/avatars.slack-edge.com\/2020-04-27\/1089031639347_b26729f0b5f2375494a1_72.png",
            "first_name": "Alyssa",
            "real_name": "Alyssa",
            "display_name": "Alyssa",
            "team": "TKFJE6LDR",
            "name": "alyssa.rock.biz",
            "is_restricted": false,
            "is_ultra_restricted": false
        },
        "blocks": [
            {
                "type": "rich_text",
                "block_id": "SqN6",
                "elements": [
                    {
                        "type": "rich_text_section",
                        "elements": [
                            {
                                "type": "text",
                                "text": "Hi, everyone. I have good news! I've converted my style guide template to markdown and I'm ready to submit it to the incubator. However, my authentication keeps failing when I try to push a branch with my commits to the incubator repo. Any troubleshooting tips?"
                            }
                        ]
                    }
                ]
            }
        ],
        "thread_ts": "1599086748.013100",
        "reply_count": 15,
        "reply_users_count": 4,
        "latest_reply": "1599152792.017100",
        "reply_users": [
            "UL2AA1FF1",
            "UKV4ZPEFQ",
            "U012KCMPP0V",
            "UQ553K7DY"
        ],
        "replies": [
            {
                "user": "UL2AA1FF1",
                "ts": "1599087080.013600"
            },
            {
                "user": "UKV4ZPEFQ",
                "ts": "1599087107.013900"
            },
            {
                "user": "U012KCMPP0V",
                "ts": "1599087307.014100"
            },
            {
                "user": "U012KCMPP0V",
                "ts": "1599087432.014300"
            },
            {
                "user": "U012KCMPP0V",
                "ts": "1599087471.014500"
            },
            {
                "user": "UL2AA1FF1",
                "ts": "1599090280.014700"
            },
            {
                "user": "UL2AA1FF1",
                "ts": "1599090314.014900"
            },
            {
                "user": "UL2AA1FF1",
                "ts": "1599090361.015100"
            },
            {
                "user": "UL2AA1FF1",
                "ts": "1599090415.015300"
            },
            {
                "user": "UQ553K7DY",
                "ts": "1599094394.016100"
            },
            {
                "user": "UQ553K7DY",
                "ts": "1599094423.016300"
            },
            {
                "user": "UQ553K7DY",
                "ts": "1599094453.016500"
            },
            {
                "user": "U012KCMPP0V",
                "ts": "1599145328.016700"
            },
            {
                "user": "UL2AA1FF1",
                "ts": "1599150048.016900"
            },
            {
                "user": "U012KCMPP0V",
                "ts": "1599152792.017100"
            }
        ],
        "subscribed": true,
        "last_read": "1599165154.071711"
    },
    {
        "client_msg_id": "53396779-3fd4-417d-8980-e996564798f1",
        "type": "message",
        "text": "got an error message to share? I know I've run into this before so a message might jog my memory :wink:",
        "user": "UL2AA1FF1",
        "ts": "1599087080.013600",
        "team": "TKFJE6LDR",
        "user_team": "TKFJE6LDR",
        "source_team": "TKFJE6LDR",
        "user_profile": {
            "avatar_hash": "22135067b36d",
            "image_72": "https:\/\/avatars.slack-edge.com\/2019-10-23\/805254797908_22135067b36dfb715e99_72.jpg",
            "first_name": "",
            "real_name": "Erin McKean",
            "display_name": "Erin McKean",
            "team": "TKFJE6LDR",
            "name": "emckean",
            "is_restricted": false,
            "is_ultra_restricted": false
        },
        "blocks": [
            {
                "type": "rich_text",
                "block_id": "LnM",
                "elements": [
                    {
                        "type": "rich_text_section",
                        "elements": [
                            {
                                "type": "text",
                                "text": "got an error message to share? I know I've run into this before so a message might jog my memory "
                            },
                            {
                                "type": "emoji",
                                "name": "wink"
                            }
                        ]
                    }
                ]
            }
        ],
        "thread_ts": "1599086748.013100",
        "parent_user_id": "U012KCMPP0V"
    },
    {
        "client_msg_id": "0c1104d1-7dcb-476b-a5f9-c671a141c000",
        "type": "message",
        "text": ":thinking_face:  You've defo got write access to the repo... Yeah,  the failure message might help.",
        "user": "UKV4ZPEFQ",
        "ts": "1599087107.013900",
        "team": "TKFJE6LDR",
        "user_team": "TKFJE6LDR",
        "source_team": "TKFJE6LDR",
        "user_profile": {
            "avatar_hash": "g854c628ef64",
            "image_72": "https:\/\/secure.gravatar.com\/avatar\/6854c628ef64a4c129a994522e17cdf2.jpg?s=72&d=https%3A%2F%2Fa.slack-edge.com%2Fdf10d%2Fimg%2Favatars%2Fava_0007-72.png",
            "first_name": "felicitybrand",
            "real_name": "felicitybrand",
            "display_name": "flicstar",
            "team": "TKFJE6LDR",
            "name": "felicitybrand",
            "is_restricted": false,
            "is_ultra_restricted": false
        },
        "blocks": [
            {
                "type": "rich_text",
                "block_id": "424W",
                "elements": [
                    {
                        "type": "rich_text_section",
                        "elements": [
                            {
                                "type": "emoji",
                                "name": "thinking_face"
                            },
                            {
                                "type": "text",
                                "text": "  You've defo got write access to the repo... Yeah,  the failure message might help."
                            }
                        ]
                    }
                ]
            }
        ],
        "thread_ts": "1599086748.013100",
        "parent_user_id": "U012KCMPP0V"
    },
    {
        "client_msg_id": "d30429a3-872a-4446-a9c9-2825773ca90b",
        "type": "message",
        "text": "Do we need an SSH key for this repo?",
        "user": "U012KCMPP0V",
        "ts": "1599087307.014100",
        "team": "TKFJE6LDR",
        "user_team": "TKFJE6LDR",
        "source_team": "TKFJE6LDR",
        "user_profile": {
            "avatar_hash": "b26729f0b5f2",
            "image_72": "https:\/\/avatars.slack-edge.com\/2020-04-27\/1089031639347_b26729f0b5f2375494a1_72.png",
            "first_name": "Alyssa",
            "real_name": "Alyssa",
            "display_name": "Alyssa",
            "team": "TKFJE6LDR",
            "name": "alyssa.rock.biz",
            "is_restricted": false,
            "is_ultra_restricted": false
        },
        "blocks": [
            {
                "type": "rich_text",
                "block_id": "g5xV",
                "elements": [
                    {
                        "type": "rich_text_section",
                        "elements": [
                            {
                                "type": "text",
                                "text": "Do we need an SSH key for this repo?"
                            }
                        ]
                    }
                ]
            }
        ],
        "thread_ts": "1599086748.013100",
        "parent_user_id": "U012KCMPP0V"
    },
    {
        "client_msg_id": "22f63565-e2e8-4654-be8d-7effff9813d7",
        "type": "message",
        "text": "It prompts me for my password and then says:\n`remote: Invalid username or password`\n`fatal: Authentication failed for '<https:\/\/github.com\/thegooddocsproject\/incubator.git\/>'`",
        "user": "U012KCMPP0V",
        "ts": "1599087432.014300",
        "team": "TKFJE6LDR",
        "user_team": "TKFJE6LDR",
        "source_team": "TKFJE6LDR",
        "user_profile": {
            "avatar_hash": "b26729f0b5f2",
            "image_72": "https:\/\/avatars.slack-edge.com\/2020-04-27\/1089031639347_b26729f0b5f2375494a1_72.png",
            "first_name": "Alyssa",
            "real_name": "Alyssa",
            "display_name": "Alyssa",
            "team": "TKFJE6LDR",
            "name": "alyssa.rock.biz",
            "is_restricted": false,
            "is_ultra_restricted": false
        },
        "blocks": [
            {
                "type": "rich_text",
                "block_id": "oplvQ",
                "elements": [
                    {
                        "type": "rich_text_section",
                        "elements": [
                            {
                                "type": "text",
                                "text": "It prompts me for my password and then says:\n"
                            },
                            {
                                "type": "text",
                                "text": "remote: Invalid username or password",
                                "style": {
                                    "code": true
                                }
                            },
                            {
                                "type": "text",
                                "text": "\n"
                            },
                            {
                                "type": "text",
                                "text": "fatal: Authentication failed for '",
                                "style": {
                                    "code": true
                                }
                            },
                            {
                                "type": "link",
                                "url": "https:\/\/github.com\/thegooddocsproject\/incubator.git\/",
                                "style": {
                                    "code": true
                                }
                            },
                            {
                                "type": "text",
                                "text": "'",
                                "style": {
                                    "code": true
                                }
                            }
                        ]
                    }
                ]
            }
        ],
        "thread_ts": "1599086748.013100",
        "parent_user_id": "U012KCMPP0V"
    },
    {
        "client_msg_id": "4de7d31e-8d9f-4785-9433-bb59a541d3d2",
        "type": "message",
        "text": "I apologize that my workplace uses Gitlab and we use a different workflow for Github stuff, so I might be really rusty on pushing to Github...",
        "user": "U012KCMPP0V",
        "ts": "1599087471.014500",
        "team": "TKFJE6LDR",
        "user_team": "TKFJE6LDR",
        "source_team": "TKFJE6LDR",
        "user_profile": {
            "avatar_hash": "b26729f0b5f2",
            "image_72": "https:\/\/avatars.slack-edge.com\/2020-04-27\/1089031639347_b26729f0b5f2375494a1_72.png",
            "first_name": "Alyssa",
            "real_name": "Alyssa",
            "display_name": "Alyssa",
            "team": "TKFJE6LDR",
            "name": "alyssa.rock.biz",
            "is_restricted": false,
            "is_ultra_restricted": false
        },
        "blocks": [
            {
                "type": "rich_text",
                "block_id": "uCB",
                "elements": [
                    {
                        "type": "rich_text_section",
                        "elements": [
                            {
                                "type": "text",
                                "text": "I apologize that my workplace uses Gitlab and we use a different workflow for Github stuff, so I might be really rusty on pushing to Github..."
                            }
                        ]
                    }
                ]
            }
        ],
        "thread_ts": "1599086748.013100",
        "parent_user_id": "U012KCMPP0V"
    },
    {
        "client_msg_id": "5087e581-a7f0-494b-9710-26b646d88b46",
        "type": "message",
        "text": "two things to check ... in the terminal, can you try `ssh -T <mailto:git@github.com|git@github.com>`  ",
        "user": "UL2AA1FF1",
        "ts": "1599090280.014700",
        "team": "TKFJE6LDR",
        "user_team": "TKFJE6LDR",
        "source_team": "TKFJE6LDR",
        "user_profile": {
            "avatar_hash": "22135067b36d",
            "image_72": "https:\/\/avatars.slack-edge.com\/2019-10-23\/805254797908_22135067b36dfb715e99_72.jpg",
            "first_name": "",
            "real_name": "Erin McKean",
            "display_name": "Erin McKean",
            "team": "TKFJE6LDR",
            "name": "emckean",
            "is_restricted": false,
            "is_ultra_restricted": false
        },
        "blocks": [
            {
                "type": "rich_text",
                "block_id": "893P",
                "elements": [
                    {
                        "type": "rich_text_section",
                        "elements": [
                            {
                                "type": "text",
                                "text": "two things to check ... in the terminal, can you try "
                            },
                            {
                                "type": "text",
                                "text": "ssh -T ",
                                "style": {
                                    "code": true
                                }
                            },
                            {
                                "type": "link",
                                "url": "mailto:git@github.com",
                                "text": "git@github.com",
                                "style": {
                                    "code": true
                                }
                            },
                            {
                                "type": "text",
                                "text": "  ",
                                "style": {
                                    "code": true
                                }
                            }
                        ]
                    }
                ]
            }
        ],
        "thread_ts": "1599086748.013100",
        "parent_user_id": "U012KCMPP0V"
    },
    {
        "client_msg_id": "bf02ea82-62d3-4158-9034-183d62c7d669",
        "type": "message",
        "text": "also, what do you see when you check the `remote` repo?",
        "user": "UL2AA1FF1",
        "ts": "1599090314.014900",
        "team": "TKFJE6LDR",
        "user_team": "TKFJE6LDR",
        "source_team": "TKFJE6LDR",
        "user_profile": {
            "avatar_hash": "22135067b36d",
            "image_72": "https:\/\/avatars.slack-edge.com\/2019-10-23\/805254797908_22135067b36dfb715e99_72.jpg",
            "first_name": "",
            "real_name": "Erin McKean",
            "display_name": "Erin McKean",
            "team": "TKFJE6LDR",
            "name": "emckean",
            "is_restricted": false,
            "is_ultra_restricted": false
        },
        "blocks": [
            {
                "type": "rich_text",
                "block_id": "fYALB",
                "elements": [
                    {
                        "type": "rich_text_section",
                        "elements": [
                            {
                                "type": "text",
                                "text": "also, what do you see when you check the "
                            },
                            {
                                "type": "text",
                                "text": "remote",
                                "style": {
                                    "code": true
                                }
                            },
                            {
                                "type": "text",
                                "text": " repo?"
                            }
                        ]
                    }
                ]
            }
        ],
        "thread_ts": "1599086748.013100",
        "parent_user_id": "U012KCMPP0V"
    },
    {
        "client_msg_id": "36d23a1d-7e23-4ba0-b75e-cb7945b574eb",
        "type": "message",
        "text": "i feel like you might have cloned the ssh version but are trying to push to the https version (or vice versa, this is something have 100% done). SSH requires an SSH key, https requires name\/password",
        "user": "UL2AA1FF1",
        "ts": "1599090361.015100",
        "team": "TKFJE6LDR",
        "user_team": "TKFJE6LDR",
        "source_team": "TKFJE6LDR",
        "user_profile": {
            "avatar_hash": "22135067b36d",
            "image_72": "https:\/\/avatars.slack-edge.com\/2019-10-23\/805254797908_22135067b36dfb715e99_72.jpg",
            "first_name": "",
            "real_name": "Erin McKean",
            "display_name": "Erin McKean",
            "team": "TKFJE6LDR",
            "name": "emckean",
            "is_restricted": false,
            "is_ultra_restricted": false
        },
        "blocks": [
            {
                "type": "rich_text",
                "block_id": "b8jXd",
                "elements": [
                    {
                        "type": "rich_text_section",
                        "elements": [
                            {
                                "type": "text",
                                "text": "i feel like you might have cloned the ssh version but are trying to push to the https version (or vice versa, this is something have 100% done). SSH requires an SSH key, https requires name\/password"
                            }
                        ]
                    }
                ]
            }
        ],
        "thread_ts": "1599086748.013100",
        "parent_user_id": "U012KCMPP0V"
    },
    {
        "client_msg_id": "715f4b2c-283d-432d-9d8a-6d8107eb7ceb",
        "type": "message",
        "text": "also ... do you have 2FA enabled for Github?",
        "user": "UL2AA1FF1",
        "ts": "1599090415.015300",
        "team": "TKFJE6LDR",
        "user_team": "TKFJE6LDR",
        "source_team": "TKFJE6LDR",
        "user_profile": {
            "avatar_hash": "22135067b36d",
            "image_72": "https:\/\/avatars.slack-edge.com\/2019-10-23\/805254797908_22135067b36dfb715e99_72.jpg",
            "first_name": "",
            "real_name": "Erin McKean",
            "display_name": "Erin McKean",
            "team": "TKFJE6LDR",
            "name": "emckean",
            "is_restricted": false,
            "is_ultra_restricted": false
        },
        "blocks": [
            {
                "type": "rich_text",
                "block_id": "5Ss",
                "elements": [
                    {
                        "type": "rich_text_section",
                        "elements": [
                            {
                                "type": "text",
                                "text": "also ... do you have 2FA enabled for Github?"
                            }
                        ]
                    }
                ]
            }
        ],
        "thread_ts": "1599086748.013100",
        "parent_user_id": "U012KCMPP0V"
    },
    {
        "client_msg_id": "2ab3e9ec-578b-4948-a597-837c7e077896",
        "type": "message",
        "text": "something it may be worth linking to, not sure if I shared it before: <https:\/\/github.com\/lilin90\/awesome-technical-communication>",
        "user": "UL2AA1FF1",
        "ts": "1599090433.015800",
        "team": "TKFJE6LDR",
        "user_team": "TKFJE6LDR",
        "source_team": "TKFJE6LDR",
        "user_profile": {
            "avatar_hash": "22135067b36d",
            "image_72": "https:\/\/avatars.slack-edge.com\/2019-10-23\/805254797908_22135067b36dfb715e99_72.jpg",
            "first_name": "",
            "real_name": "Erin McKean",
            "display_name": "Erin McKean",
            "team": "TKFJE6LDR",
            "name": "emckean",
            "is_restricted": false,
            "is_ultra_restricted": false
        },
        "edited": {
            "user": "UL2AA1FF1",
            "ts": "1599090438.000000"
        },
        "blocks": [
            {
                "type": "rich_text",
                "block_id": "m8KNr",
                "elements": [
                    {
                        "type": "rich_text_section",
                        "elements": [
                            {
                                "type": "text",
                                "text": "something it may be worth linking to, not sure if I shared it before: "
                            },
                            {
                                "type": "link",
                                "url": "https:\/\/github.com\/lilin90\/awesome-technical-communication"
                            }
                        ]
                    }
                ]
            }
        ]
    },
    {
        "client_msg_id": "ac07ff36-3af2-4b6f-9983-a27da36ad803",
        "type": "message",
        "text": "all the things erin said. depending on how you have your git repo set up, it might be easier to create an auth token for access, rather than username\/password.",
        "user": "UQ553K7DY",
        "ts": "1599094394.016100",
        "team": "TKFJE6LDR",
        "user_team": "TKFJE6LDR",
        "source_team": "TKFJE6LDR",
        "user_profile": {
            "avatar_hash": "e0f8604c1079",
            "image_72": "https:\/\/avatars.slack-edge.com\/2020-10-26\/1445509834998_e0f8604c1079f923f3e9_72.png",
            "first_name": "Loquacity",
            "real_name": "Loquacity",
            "display_name": "Loquacity",
            "team": "TKFJE6LDR",
            "name": "slack1",
            "is_restricted": false,
            "is_ultra_restricted": false
        },
        "blocks": [
            {
                "type": "rich_text",
                "block_id": "xwr",
                "elements": [
                    {
                        "type": "rich_text_section",
                        "elements": [
                            {
                                "type": "text",
                                "text": "all the things erin said. depending on how you have your git repo set up, it might be easier to create an auth token for access, rather than username\/password."
                            }
                        ]
                    }
                ]
            }
        ],
        "thread_ts": "1599086748.013100",
        "parent_user_id": "U012KCMPP0V"
    },
    {
        "client_msg_id": "5bfed8a6-3fdb-4631-8740-e0f2604e59c8",
        "type": "message",
        "text": "then you can store the token with `git config --global credential.helper store`",
        "user": "UQ553K7DY",
        "ts": "1599094423.016300",
        "team": "TKFJE6LDR",
        "user_team": "TKFJE6LDR",
        "source_team": "TKFJE6LDR",
        "user_profile": {
            "avatar_hash": "e0f8604c1079",
            "image_72": "https:\/\/avatars.slack-edge.com\/2020-10-26\/1445509834998_e0f8604c1079f923f3e9_72.png",
            "first_name": "Loquacity",
            "real_name": "Loquacity",
            "display_name": "Loquacity",
            "team": "TKFJE6LDR",
            "name": "slack1",
            "is_restricted": false,
            "is_ultra_restricted": false
        },
        "blocks": [
            {
                "type": "rich_text",
                "block_id": "MAm3v",
                "elements": [
                    {
                        "type": "rich_text_section",
                        "elements": [
                            {
                                "type": "text",
                                "text": "then you can store the token with "
                            },
                            {
                                "type": "text",
                                "text": "git config --global credential.helper store",
                                "style": {
                                    "code": true
                                }
                            }
                        ]
                    }
                ]
            }
        ],
        "thread_ts": "1599086748.013100",
        "parent_user_id": "U012KCMPP0V"
    },
    {
        "client_msg_id": "5e7fbfca-d368-42eb-886c-dac3d93bc4ed",
        "type": "message",
        "text": "personally, i just forked it though :wink:",
        "user": "UQ553K7DY",
        "ts": "1599094453.016500",
        "team": "TKFJE6LDR",
        "user_team": "TKFJE6LDR",
        "source_team": "TKFJE6LDR",
        "user_profile": {
            "avatar_hash": "e0f8604c1079",
            "image_72": "https:\/\/avatars.slack-edge.com\/2020-10-26\/1445509834998_e0f8604c1079f923f3e9_72.png",
            "first_name": "Loquacity",
            "real_name": "Loquacity",
            "display_name": "Loquacity",
            "team": "TKFJE6LDR",
            "name": "slack1",
            "is_restricted": false,
            "is_ultra_restricted": false
        },
        "blocks": [
            {
                "type": "rich_text",
                "block_id": "N2RN",
                "elements": [
                    {
                        "type": "rich_text_section",
                        "elements": [
                            {
                                "type": "text",
                                "text": "personally, i just forked it though "
                            },
                            {
                                "type": "emoji",
                                "name": "wink"
                            }
                        ]
                    }
                ]
            }
        ],
        "thread_ts": "1599086748.013100",
        "parent_user_id": "U012KCMPP0V"
    }
]