[
    {
        "client_msg_id": "c516bf31-1259-4c3b-8150-f7f67744cdd5",
        "type": "message",
        "text": "<https:\/\/meet.google.com\/nuj-qvxw-vvt|https:\/\/meet.google.com\/nuj-qvxw-vvt>",
        "user": "UKVC4NB71",
        "ts": "1597228042.010800",
        "team": "TKFJE6LDR",
        "user_team": "TKFJE6LDR",
        "source_team": "TKFJE6LDR",
        "user_profile": {
            "avatar_hash": "c7d9788d4436",
            "image_72": "https:\/\/avatars.slack-edge.com\/2019-10-30\/814314609877_c7d9788d4436969613a7_72.jpg",
            "first_name": "Jared",
            "real_name": "Jared Morgan",
            "display_name": "jaredmorgs",
            "team": "TKFJE6LDR",
            "name": "jaredleonmorgan",
            "is_restricted": false,
            "is_ultra_restricted": false
        },
        "attachments": [
            {
                "title": "Meet",
                "title_link": "https:\/\/meet.google.com\/nuj-qvxw-vvt",
                "text": "Real-time meetings by Google. Using your browser, share your video, desktop, and presentations with teammates and customers.",
                "fallback": "Meet",
                "thumb_url": "https:\/\/www.gstatic.com\/images\/branding\/product\/2x\/meet_96dp.png",
                "from_url": "https:\/\/meet.google.com\/nuj-qvxw-vvt",
                "thumb_width": 192,
                "thumb_height": 192,
                "service_icon": "http:\/\/www.gstatic.com\/images\/branding\/product\/1x\/meet_16dp.png",
                "service_name": "meet.google.com",
                "id": 1,
                "original_url": "https:\/\/meet.google.com\/nuj-qvxw-vvt"
            }
        ],
        "blocks": [
            {
                "type": "rich_text",
                "block_id": "X9M",
                "elements": [
                    {
                        "type": "rich_text_section",
                        "elements": [
                            {
                                "type": "link",
                                "url": "https:\/\/meet.google.com\/nuj-qvxw-vvt",
                                "text": "https:\/\/meet.google.com\/nuj-qvxw-vvt"
                            }
                        ]
                    }
                ]
            }
        ],
        "thread_ts": "1597228042.010800",
        "reply_count": 1,
        "reply_users_count": 1,
        "latest_reply": "1597228104.011000",
        "reply_users": [
            "UKTGLQNGG"
        ],
        "replies": [
            {
                "user": "UKTGLQNGG",
                "ts": "1597228104.011000"
            }
        ],
        "subscribed": false
    },
    {
        "client_msg_id": "1eacbdc3-06b4-427c-bc2e-6156369c6b7e",
        "type": "message",
        "text": "APEC timezone meeting now.",
        "user": "UKTGLQNGG",
        "ts": "1597228104.011000",
        "team": "TKFJE6LDR",
        "user_team": "TKFJE6LDR",
        "source_team": "TKFJE6LDR",
        "user_profile": {
            "avatar_hash": "d6f4de222bb1",
            "image_72": "https:\/\/avatars.slack-edge.com\/2020-07-20\/1235580478119_d6f4de222bb1ed6b5960_72.jpg",
            "first_name": "Cameron",
            "real_name": "Cameron Shorter",
            "display_name": "cameronshorter",
            "team": "TKFJE6LDR",
            "name": "cameron.shorter",
            "is_restricted": false,
            "is_ultra_restricted": false
        },
        "blocks": [
            {
                "type": "rich_text",
                "block_id": "Fx2X",
                "elements": [
                    {
                        "type": "rich_text_section",
                        "elements": [
                            {
                                "type": "text",
                                "text": "APEC timezone meeting now."
                            }
                        ]
                    }
                ]
            }
        ],
        "thread_ts": "1597228042.010800",
        "parent_user_id": "UKVC4NB71"
    },
    {
        "client_msg_id": "64a6d268-cf64-4afa-b148-eb9bd33d5437",
        "type": "message",
        "text": "Presentation I'll be giving tomorrow to Tech Comm New Zealand on: <https:\/\/docs.google.com\/presentation\/d\/1yFJ2WL-l8O1vnNR67bFfmzHu6tyJjtkJD-cSyH3mNes\/edit#slide=id.p|Tech writing patterns and anti-patterns>",
        "user": "UKTGLQNGG",
        "ts": "1597232891.012000",
        "team": "TKFJE6LDR",
        "user_team": "TKFJE6LDR",
        "source_team": "TKFJE6LDR",
        "user_profile": {
            "avatar_hash": "d6f4de222bb1",
            "image_72": "https:\/\/avatars.slack-edge.com\/2020-07-20\/1235580478119_d6f4de222bb1ed6b5960_72.jpg",
            "first_name": "Cameron",
            "real_name": "Cameron Shorter",
            "display_name": "cameronshorter",
            "team": "TKFJE6LDR",
            "name": "cameron.shorter",
            "is_restricted": false,
            "is_ultra_restricted": false
        },
        "blocks": [
            {
                "type": "rich_text",
                "block_id": "QzU+",
                "elements": [
                    {
                        "type": "rich_text_section",
                        "elements": [
                            {
                                "type": "text",
                                "text": "Presentation I'll be giving tomorrow to Tech Comm New Zealand on: "
                            },
                            {
                                "type": "link",
                                "url": "https:\/\/docs.google.com\/presentation\/d\/1yFJ2WL-l8O1vnNR67bFfmzHu6tyJjtkJD-cSyH3mNes\/edit#slide=id.p",
                                "text": "Tech writing patterns and anti-patterns"
                            }
                        ]
                    }
                ]
            }
        ],
        "reactions": [
            {
                "name": "star-struck",
                "users": [
                    "U0170HMB87K",
                    "U0193EXNPED"
                ],
                "count": 2
            }
        ]
    },
    {
        "type": "message",
        "text": "The *Doctopus* mascot is great haha:",
        "files": [
            {
                "id": "F018X93F2AY",
                "created": 1597252764,
                "timestamp": 1597252764,
                "name": "image.png",
                "title": "image.png",
                "mimetype": "image\/png",
                "filetype": "png",
                "pretty_type": "PNG",
                "user": "U015GARCR8X",
                "editable": false,
                "size": 159301,
                "mode": "hosted",
                "is_external": false,
                "external_type": "",
                "is_public": true,
                "public_url_shared": false,
                "display_as_bot": false,
                "username": "",
                "url_private": "https:\/\/files.slack.com\/files-pri\/TKFJE6LDR-F018X93F2AY\/image.png?t=xoxe-661626224467-1562611298038-1581972681841-65ee1aaab8778b70cf90365aafaf1f92",
                "url_private_download": "https:\/\/files.slack.com\/files-pri\/TKFJE6LDR-F018X93F2AY\/download\/image.png?t=xoxe-661626224467-1562611298038-1581972681841-65ee1aaab8778b70cf90365aafaf1f92",
                "thumb_64": "https:\/\/files.slack.com\/files-tmb\/TKFJE6LDR-F018X93F2AY-afbb330182\/image_64.png?t=xoxe-661626224467-1562611298038-1581972681841-65ee1aaab8778b70cf90365aafaf1f92",
                "thumb_80": "https:\/\/files.slack.com\/files-tmb\/TKFJE6LDR-F018X93F2AY-afbb330182\/image_80.png?t=xoxe-661626224467-1562611298038-1581972681841-65ee1aaab8778b70cf90365aafaf1f92",
                "thumb_360": "https:\/\/files.slack.com\/files-tmb\/TKFJE6LDR-F018X93F2AY-afbb330182\/image_360.png?t=xoxe-661626224467-1562611298038-1581972681841-65ee1aaab8778b70cf90365aafaf1f92",
                "thumb_360_w": 360,
                "thumb_360_h": 238,
                "thumb_480": "https:\/\/files.slack.com\/files-tmb\/TKFJE6LDR-F018X93F2AY-afbb330182\/image_480.png?t=xoxe-661626224467-1562611298038-1581972681841-65ee1aaab8778b70cf90365aafaf1f92",
                "thumb_480_w": 480,
                "thumb_480_h": 318,
                "thumb_160": "https:\/\/files.slack.com\/files-tmb\/TKFJE6LDR-F018X93F2AY-afbb330182\/image_160.png?t=xoxe-661626224467-1562611298038-1581972681841-65ee1aaab8778b70cf90365aafaf1f92",
                "thumb_720": "https:\/\/files.slack.com\/files-tmb\/TKFJE6LDR-F018X93F2AY-afbb330182\/image_720.png?t=xoxe-661626224467-1562611298038-1581972681841-65ee1aaab8778b70cf90365aafaf1f92",
                "thumb_720_w": 720,
                "thumb_720_h": 476,
                "thumb_800": "https:\/\/files.slack.com\/files-tmb\/TKFJE6LDR-F018X93F2AY-afbb330182\/image_800.png?t=xoxe-661626224467-1562611298038-1581972681841-65ee1aaab8778b70cf90365aafaf1f92",
                "thumb_800_w": 800,
                "thumb_800_h": 529,
                "thumb_960": "https:\/\/files.slack.com\/files-tmb\/TKFJE6LDR-F018X93F2AY-afbb330182\/image_960.png?t=xoxe-661626224467-1562611298038-1581972681841-65ee1aaab8778b70cf90365aafaf1f92",
                "thumb_960_w": 960,
                "thumb_960_h": 635,
                "thumb_1024": "https:\/\/files.slack.com\/files-tmb\/TKFJE6LDR-F018X93F2AY-afbb330182\/image_1024.png?t=xoxe-661626224467-1562611298038-1581972681841-65ee1aaab8778b70cf90365aafaf1f92",
                "thumb_1024_w": 1024,
                "thumb_1024_h": 678,
                "original_w": 1632,
                "original_h": 1080,
                "thumb_tiny": "AwAfADDTprNjgU6omJ3YBwc00AuT609Wz1qInuDwOtOXkim0IkopppFGDxUjFO7NN96kpu3j3piG4oA4znFOAJOTRt9+KLgA5NOAxRRSGf\/Z",
                "permalink": "https:\/\/thegooddocs.slack.com\/files\/U015GARCR8X\/F018X93F2AY\/image.png",
                "permalink_public": "https:\/\/slack-files.com\/TKFJE6LDR-F018X93F2AY-c0740d3c43",
                "is_starred": false,
                "has_rich_preview": false
            }
        ],
        "upload": false,
        "blocks": [
            {
                "type": "rich_text",
                "block_id": "5r\/",
                "elements": [
                    {
                        "type": "rich_text_section",
                        "elements": [
                            {
                                "type": "text",
                                "text": "The "
                            },
                            {
                                "type": "text",
                                "text": "Doctopus",
                                "style": {
                                    "bold": true
                                }
                            },
                            {
                                "type": "text",
                                "text": " mascot is great haha:"
                            }
                        ]
                    }
                ]
            }
        ],
        "user": "U015GARCR8X",
        "display_as_bot": false,
        "ts": "1597252766.012700"
    },
    {
        "client_msg_id": "406e713e-c523-4081-8311-948a4acebde7",
        "type": "message",
        "text": "Hi, glad to hear about this from Write the Docs Writing day!",
        "user": "U018BMTQNSJ",
        "ts": "1597264191.013400",
        "team": "TKFJE6LDR",
        "user_team": "TKFJE6LDR",
        "source_team": "TKFJE6LDR",
        "user_profile": {
            "avatar_hash": "gee6f74a36fa",
            "image_72": "https:\/\/secure.gravatar.com\/avatar\/ee6f74a36fa8e02e7450e3e9607a205b.jpg?s=72&d=https%3A%2F%2Fa.slack-edge.com%2Fdf10d%2Fimg%2Favatars%2Fava_0012-72.png",
            "first_name": "",
            "real_name": "Mike Jang",
            "display_name": "Mike Jang",
            "team": "TKFJE6LDR",
            "name": "michael",
            "is_restricted": false,
            "is_ultra_restricted": false
        },
        "blocks": [
            {
                "type": "rich_text",
                "block_id": "4F=v",
                "elements": [
                    {
                        "type": "rich_text_section",
                        "elements": [
                            {
                                "type": "text",
                                "text": "Hi, glad to hear about this from Write the Docs Writing day!"
                            }
                        ]
                    }
                ]
            }
        ],
        "reactions": [
            {
                "name": "+1",
                "users": [
                    "U015GARCR8X",
                    "UKVC4NB71"
                ],
                "count": 2
            }
        ]
    },
    {
        "client_msg_id": "0574c327-8f61-42e6-9dea-b9d0f0dabb7b",
        "type": "message",
        "text": "<!here> Our US\/AU friendly weekly meeting starts in half an hour. I see around 20  people have joined this list in the last few days. If you'd like an invite to the meeting, private chat me your email address and I'll add your to the Google Meet invite.",
        "user": "UKTGLQNGG",
        "ts": "1597264456.015600",
        "team": "TKFJE6LDR",
        "user_team": "TKFJE6LDR",
        "source_team": "TKFJE6LDR",
        "user_profile": {
            "avatar_hash": "d6f4de222bb1",
            "image_72": "https:\/\/avatars.slack-edge.com\/2020-07-20\/1235580478119_d6f4de222bb1ed6b5960_72.jpg",
            "first_name": "Cameron",
            "real_name": "Cameron Shorter",
            "display_name": "cameronshorter",
            "team": "TKFJE6LDR",
            "name": "cameron.shorter",
            "is_restricted": false,
            "is_ultra_restricted": false
        },
        "blocks": [
            {
                "type": "rich_text",
                "block_id": "TPJv",
                "elements": [
                    {
                        "type": "rich_text_section",
                        "elements": [
                            {
                                "type": "broadcast",
                                "range": "here"
                            },
                            {
                                "type": "text",
                                "text": " Our US\/AU friendly weekly meeting starts in half an hour. I see around 20  people have joined this list in the last few days. If you'd like an invite to the meeting, private chat me your email address and I'll add your to the Google Meet invite."
                            }
                        ]
                    }
                ]
            }
        ],
        "thread_ts": "1597264456.015600",
        "reply_count": 1,
        "reply_users_count": 1,
        "latest_reply": "1597264835.016000",
        "reply_users": [
            "U015GARCR8X"
        ],
        "replies": [
            {
                "user": "U015GARCR8X",
                "ts": "1597264835.016000"
            }
        ],
        "subscribed": false
    },
    {
        "client_msg_id": "a6a0c47b-ef47-4b9d-a31e-f8cc2668c129",
        "type": "message",
        "text": "I won't be at the meeting today, catching up with some work things",
        "user": "U015GARCR8X",
        "ts": "1597264835.016000",
        "team": "TKFJE6LDR",
        "user_team": "TKFJE6LDR",
        "source_team": "TKFJE6LDR",
        "user_profile": {
            "avatar_hash": "37a234435192",
            "image_72": "https:\/\/avatars.slack-edge.com\/2020-08-06\/1283467109749_37a23443519259ddd5ca_72.png",
            "first_name": "Derek",
            "real_name": "Derek Ardolf",
            "display_name": "ScriptAutomate",
            "team": "TKFJE6LDR",
            "name": "derek",
            "is_restricted": false,
            "is_ultra_restricted": false
        },
        "blocks": [
            {
                "type": "rich_text",
                "block_id": "h8c",
                "elements": [
                    {
                        "type": "rich_text_section",
                        "elements": [
                            {
                                "type": "text",
                                "text": "I won't be at the meeting today, catching up with some work things"
                            }
                        ]
                    }
                ]
            }
        ],
        "thread_ts": "1597264456.015600",
        "parent_user_id": "UKTGLQNGG"
    },
    {
        "client_msg_id": "960caba1-67ff-4902-825e-7541d6c78fc4",
        "type": "message",
        "text": "Meeting now: <https:\/\/meet.google.com\/nuj-qvxw-vvt?authuser=0>",
        "user": "UKTGLQNGG",
        "ts": "1597266090.016300",
        "team": "TKFJE6LDR",
        "user_team": "TKFJE6LDR",
        "source_team": "TKFJE6LDR",
        "user_profile": {
            "avatar_hash": "d6f4de222bb1",
            "image_72": "https:\/\/avatars.slack-edge.com\/2020-07-20\/1235580478119_d6f4de222bb1ed6b5960_72.jpg",
            "first_name": "Cameron",
            "real_name": "Cameron Shorter",
            "display_name": "cameronshorter",
            "team": "TKFJE6LDR",
            "name": "cameron.shorter",
            "is_restricted": false,
            "is_ultra_restricted": false
        },
        "attachments": [
            {
                "title": "Meet",
                "title_link": "https:\/\/meet.google.com\/nuj-qvxw-vvt?authuser=0",
                "text": "Real-time meetings by Google. Using your browser, share your video, desktop, and presentations with teammates and customers.",
                "fallback": "Meet",
                "thumb_url": "https:\/\/www.gstatic.com\/images\/branding\/product\/2x\/meet_96dp.png",
                "from_url": "https:\/\/meet.google.com\/nuj-qvxw-vvt?authuser=0",
                "thumb_width": 192,
                "thumb_height": 192,
                "service_icon": "http:\/\/www.gstatic.com\/images\/branding\/product\/1x\/meet_16dp.png",
                "service_name": "meet.google.com",
                "id": 1,
                "original_url": "https:\/\/meet.google.com\/nuj-qvxw-vvt?authuser=0"
            }
        ],
        "blocks": [
            {
                "type": "rich_text",
                "block_id": "SlF",
                "elements": [
                    {
                        "type": "rich_text_section",
                        "elements": [
                            {
                                "type": "text",
                                "text": "Meeting now: "
                            },
                            {
                                "type": "link",
                                "url": "https:\/\/meet.google.com\/nuj-qvxw-vvt?authuser=0"
                            }
                        ]
                    }
                ]
            }
        ]
    }
]