[
    {
        "client_msg_id": "4bde3955-ccad-4fcc-a0fb-deaf23d3f8b8",
        "type": "message",
        "text": "<@UL3UNUMK6> <@UKG4RHGBD> <@UKV4ZPEFQ> <@U0170HMB87K> <@U019868JEQ0> Thanks for your review of the processes 2.0. So we have a paper-trail of support, could you please select\nAdd your review &gt; Review changes &gt; Approve.\n(I can see that <@U012Y26QWNA> <@UKVC4NB71> <@UQ553K7DY> have already done this. Thanks.)\nIf anyone else has reviewed as well, please also add your review approval.\n<https:\/\/github.com\/thegooddocsproject\/thegooddocsproject.github.io\/pull\/43>",
        "user": "UKTGLQNGG",
        "ts": "1598905727.005900",
        "team": "TKFJE6LDR",
        "user_team": "TKFJE6LDR",
        "source_team": "TKFJE6LDR",
        "user_profile": {
            "avatar_hash": "d6f4de222bb1",
            "image_72": "https:\/\/avatars.slack-edge.com\/2020-07-20\/1235580478119_d6f4de222bb1ed6b5960_72.jpg",
            "first_name": "Cameron",
            "real_name": "Cameron Shorter",
            "display_name": "cameronshorter",
            "team": "TKFJE6LDR",
            "name": "cameron.shorter",
            "is_restricted": false,
            "is_ultra_restricted": false
        },
        "attachments": [
            {
                "author_name": "camerons",
                "fallback": "[thegooddocsproject\/thegooddocsproject.github.io] #43 Add community processes 2.0: ",
                "text": "Updates processes for: decisions, prioritization, proposal-selection, roles.  \nFixes <https:\/\/github.com\/thegooddocsproject\/thegooddocsproject.github.io\/issues\/42|#42>\n\nAs this is a significant update to processes, we should endevour to get +1 votes from all PSC members.\n\n• Cameron Shorter (person raising this pull request, voting +1)\n• Felicity Brand\n• Jo Cook\n• Jared Morgan\n• Erin McKean\n• Clarence Cromwell\n\nReview and comments from other community members are welcomed.\n\nNote 1: I'm hoping most feedback will be captured as a separate issue, and applied to a future version of these docs. That way we can get working processes in place, and start promoting community members into roles.\n\nNote 2: We don't yet have a Code of Conduct Committee role. That is something which was postponed to a future version so we can get these processes in place without being blocked.\n\nNote 3: I'm ashamed to admit that I haven't managed to get a working local environment stood up, and hence have only visually checked links in this update. It would be great if someone could check that for me.",
                "title": "#43 Add community processes 2.0: ",
                "footer": "<https:\/\/github.com\/thegooddocsproject\/thegooddocsproject.github.io|thegooddocsproject\/thegooddocsproject.github.io>",
                "id": 1,
                "title_link": "https:\/\/github.com\/thegooddocsproject\/thegooddocsproject.github.io\/pull\/43",
                "author_link": "https:\/\/github.com\/camerons",
                "author_icon": "https:\/\/avatars0.githubusercontent.com\/u\/1243535?v=4",
                "footer_icon": "https:\/\/github.githubassets.com\/favicon.ico",
                "ts": 1598223017,
                "color": "36a64f",
                "fields": [
                    {
                        "title": "Comments",
                        "value": "5",
                        "short": true
                    },
                    {
                        "title": "Reviewers",
                        "value": "@emckean, @cwcromwell",
                        "short": true
                    }
                ],
                "mrkdwn_in": [
                    "text"
                ],
                "bot_id": "BU8U6P6AH",
                "app_unfurl_url": "https:\/\/github.com\/thegooddocsproject\/thegooddocsproject.github.io\/pull\/43",
                "is_app_unfurl": true
            }
        ],
        "blocks": [
            {
                "type": "rich_text",
                "block_id": "bCzuS",
                "elements": [
                    {
                        "type": "rich_text_section",
                        "elements": [
                            {
                                "type": "user",
                                "user_id": "UL3UNUMK6"
                            },
                            {
                                "type": "text",
                                "text": " "
                            },
                            {
                                "type": "user",
                                "user_id": "UKG4RHGBD"
                            },
                            {
                                "type": "text",
                                "text": " "
                            },
                            {
                                "type": "user",
                                "user_id": "UKV4ZPEFQ"
                            },
                            {
                                "type": "text",
                                "text": " "
                            },
                            {
                                "type": "user",
                                "user_id": "U0170HMB87K"
                            },
                            {
                                "type": "text",
                                "text": " "
                            },
                            {
                                "type": "user",
                                "user_id": "U019868JEQ0"
                            },
                            {
                                "type": "text",
                                "text": " Thanks for your review of the processes 2.0. So we have a paper-trail of support, could you please select\nAdd your review > Review changes > Approve.\n(I can see that "
                            },
                            {
                                "type": "user",
                                "user_id": "U012Y26QWNA"
                            },
                            {
                                "type": "text",
                                "text": " "
                            },
                            {
                                "type": "user",
                                "user_id": "UKVC4NB71"
                            },
                            {
                                "type": "text",
                                "text": " "
                            },
                            {
                                "type": "user",
                                "user_id": "UQ553K7DY"
                            },
                            {
                                "type": "text",
                                "text": " have already done this. Thanks.)\nIf anyone else has reviewed as well, please also add your review approval.\n"
                            },
                            {
                                "type": "link",
                                "url": "https:\/\/github.com\/thegooddocsproject\/thegooddocsproject.github.io\/pull\/43"
                            }
                        ]
                    }
                ]
            }
        ],
        "thread_ts": "1598905727.005900",
        "reply_count": 4,
        "reply_users_count": 2,
        "latest_reply": "1598955283.007500",
        "reply_users": [
            "U019868JEQ0",
            "UKVC4NB71"
        ],
        "replies": [
            {
                "user": "U019868JEQ0",
                "ts": "1598915374.006200"
            },
            {
                "user": "UKVC4NB71",
                "ts": "1598915474.006400"
            },
            {
                "user": "U019868JEQ0",
                "ts": "1598915564.006600"
            },
            {
                "user": "UKVC4NB71",
                "ts": "1598955283.007500"
            }
        ],
        "subscribed": true,
        "last_read": "1599001441.710948"
    },
    {
        "client_msg_id": "45461546-c23d-414f-9e20-d1071cfb30ba",
        "type": "message",
        "text": "Hey just trying to figure out exactly how to do this, I didn't see an \"add your review\" control. Might be because I don't have permissions to approve changes in the repos. I'm not actually part of the PSC, just a community member.",
        "user": "U019868JEQ0",
        "ts": "1598915374.006200",
        "team": "TKFJE6LDR",
        "user_team": "TKFJE6LDR",
        "source_team": "TKFJE6LDR",
        "user_profile": {
            "avatar_hash": "966d941975ff",
            "image_72": "https:\/\/avatars.slack-edge.com\/2020-08-09\/1275632926935_966d941975ff884d0fa4_72.jpg",
            "first_name": "",
            "real_name": "Aidan Doherty",
            "display_name": "Aidan Doherty",
            "team": "TKFJE6LDR",
            "name": "contact",
            "is_restricted": false,
            "is_ultra_restricted": false
        },
        "blocks": [
            {
                "type": "rich_text",
                "block_id": "aaOGu",
                "elements": [
                    {
                        "type": "rich_text_section",
                        "elements": [
                            {
                                "type": "text",
                                "text": "Hey just trying to figure out exactly how to do this, I didn't see an \"add your review\" control. Might be because I don't have permissions to approve changes in the repos. I'm not actually part of the PSC, just a community member."
                            }
                        ]
                    }
                ]
            }
        ],
        "thread_ts": "1598905727.005900",
        "parent_user_id": "UKTGLQNGG"
    },
    {
        "client_msg_id": "22eb70f6-33b4-49cc-a84d-5d40586d1872",
        "type": "message",
        "text": "Yep that's the reason why <@U019868JEQ0> You can't approve PRs at the moment but that doesn't mean you can't add your general support or feedback onto the PR",
        "user": "UKVC4NB71",
        "ts": "1598915474.006400",
        "team": "TKFJE6LDR",
        "user_team": "TKFJE6LDR",
        "source_team": "TKFJE6LDR",
        "user_profile": {
            "avatar_hash": "c7d9788d4436",
            "image_72": "https:\/\/avatars.slack-edge.com\/2019-10-30\/814314609877_c7d9788d4436969613a7_72.jpg",
            "first_name": "Jared",
            "real_name": "Jared Morgan",
            "display_name": "jaredmorgs",
            "team": "TKFJE6LDR",
            "name": "jaredleonmorgan",
            "is_restricted": false,
            "is_ultra_restricted": false
        },
        "blocks": [
            {
                "type": "rich_text",
                "block_id": "jCV",
                "elements": [
                    {
                        "type": "rich_text_section",
                        "elements": [
                            {
                                "type": "text",
                                "text": "Yep that's the reason why "
                            },
                            {
                                "type": "user",
                                "user_id": "U019868JEQ0"
                            },
                            {
                                "type": "text",
                                "text": " You can't approve PRs at the moment but that doesn't mean you can't add your general support or feedback onto the PR"
                            }
                        ]
                    }
                ]
            }
        ],
        "thread_ts": "1598905727.005900",
        "parent_user_id": "UKTGLQNGG"
    },
    {
        "client_msg_id": "fd8bd2b0-0b7d-44e8-94ec-5c12586e894c",
        "type": "message",
        "text": "ok sounds good. I'm +1 on this change in any case.",
        "user": "U019868JEQ0",
        "ts": "1598915564.006600",
        "team": "TKFJE6LDR",
        "user_team": "TKFJE6LDR",
        "source_team": "TKFJE6LDR",
        "user_profile": {
            "avatar_hash": "966d941975ff",
            "image_72": "https:\/\/avatars.slack-edge.com\/2020-08-09\/1275632926935_966d941975ff884d0fa4_72.jpg",
            "first_name": "",
            "real_name": "Aidan Doherty",
            "display_name": "Aidan Doherty",
            "team": "TKFJE6LDR",
            "name": "contact",
            "is_restricted": false,
            "is_ultra_restricted": false
        },
        "blocks": [
            {
                "type": "rich_text",
                "block_id": "446Vf",
                "elements": [
                    {
                        "type": "rich_text_section",
                        "elements": [
                            {
                                "type": "text",
                                "text": "ok sounds good. I'm +1 on this change in any case."
                            }
                        ]
                    }
                ]
            }
        ],
        "thread_ts": "1598905727.005900",
        "parent_user_id": "UKTGLQNGG"
    }
]