[
    {
        "client_msg_id": "6cfa7bf4-69c5-4d76-a2d4-856eda532e19",
        "type": "message",
        "text": "Hey <@UKV4ZPEFQ> You can find me by the name techtrailhead: <https:\/\/github.com\/techtrailhead>",
        "user": "U0170HMB87K",
        "ts": "1599293325.031200",
        "team": "TKFJE6LDR",
        "user_team": "TKFJE6LDR",
        "source_team": "TKFJE6LDR",
        "user_profile": {
            "avatar_hash": "f39553b0636b",
            "image_72": "https:\/\/avatars.slack-edge.com\/2020-07-22\/1249269540710_f39553b0636b29704992_72.jpg",
            "first_name": "",
            "real_name": "Ankita",
            "display_name": "Ankita",
            "team": "TKFJE6LDR",
            "name": "ankitatripathi.2312",
            "is_restricted": false,
            "is_ultra_restricted": false
        },
        "blocks": [
            {
                "type": "rich_text",
                "block_id": "qgcp",
                "elements": [
                    {
                        "type": "rich_text_section",
                        "elements": [
                            {
                                "type": "text",
                                "text": "Hey "
                            },
                            {
                                "type": "user",
                                "user_id": "UKV4ZPEFQ"
                            },
                            {
                                "type": "text",
                                "text": " You can find me by the name techtrailhead: "
                            },
                            {
                                "type": "link",
                                "url": "https:\/\/github.com\/techtrailhead"
                            }
                        ]
                    }
                ]
            }
        ],
        "thread_ts": "1599273939.030400",
        "parent_user_id": "UKV4ZPEFQ"
    },
    {
        "client_msg_id": "9ec38975-c99f-4b96-8b8d-c9726a1eddb2",
        "type": "message",
        "text": "Thanks. I invited you to the org and the repo. Sometimes the GitHub invitations go missing so let me know if you don't receive anything.",
        "user": "UKV4ZPEFQ",
        "ts": "1599298216.031400",
        "team": "TKFJE6LDR",
        "user_team": "TKFJE6LDR",
        "source_team": "TKFJE6LDR",
        "user_profile": {
            "avatar_hash": "g854c628ef64",
            "image_72": "https:\/\/secure.gravatar.com\/avatar\/6854c628ef64a4c129a994522e17cdf2.jpg?s=72&d=https%3A%2F%2Fa.slack-edge.com%2Fdf10d%2Fimg%2Favatars%2Fava_0007-72.png",
            "first_name": "felicitybrand",
            "real_name": "felicitybrand",
            "display_name": "flicstar",
            "team": "TKFJE6LDR",
            "name": "felicitybrand",
            "is_restricted": false,
            "is_ultra_restricted": false
        },
        "blocks": [
            {
                "type": "rich_text",
                "block_id": "0Lo",
                "elements": [
                    {
                        "type": "rich_text_section",
                        "elements": [
                            {
                                "type": "text",
                                "text": "Thanks. I invited you to the org and the repo. Sometimes the GitHub invitations go missing so let me know if you don't receive anything."
                            }
                        ]
                    }
                ]
            }
        ],
        "thread_ts": "1599273939.030400",
        "parent_user_id": "UKV4ZPEFQ"
    },
    {
        "client_msg_id": "d096f94b-74aa-4730-8630-d0480f130518",
        "type": "message",
        "text": "<@UKV4ZPEFQ> Would you mind adding me to the repo?",
        "user": "U01A243HGHF",
        "ts": "1599323596.031700",
        "team": "TKFJE6LDR",
        "user_team": "TKFJE6LDR",
        "source_team": "TKFJE6LDR",
        "user_profile": {
            "avatar_hash": "0d0cc3deab0d",
            "image_72": "https:\/\/avatars.slack-edge.com\/2020-08-28\/1329719548931_0d0cc3deab0d3091a37e_72.jpg",
            "first_name": "",
            "real_name": "Scott Simmons",
            "display_name": "Scott Simmons",
            "team": "TKFJE6LDR",
            "name": "ssimmons",
            "is_restricted": false,
            "is_ultra_restricted": false
        },
        "blocks": [
            {
                "type": "rich_text",
                "block_id": "YzFU6",
                "elements": [
                    {
                        "type": "rich_text_section",
                        "elements": [
                            {
                                "type": "user",
                                "user_id": "UKV4ZPEFQ"
                            },
                            {
                                "type": "text",
                                "text": " Would you mind adding me to the repo?"
                            }
                        ]
                    }
                ]
            }
        ],
        "thread_ts": "1599273939.030400",
        "parent_user_id": "UKV4ZPEFQ"
    },
    {
        "client_msg_id": "b70e8399-8d46-4ec4-89e5-5cc974561e56",
        "type": "message",
        "text": "Yes Cameron, it looks like we can just provide access to that one repo.",
        "user": "UKV4ZPEFQ",
        "ts": "1599345675.031900",
        "team": "TKFJE6LDR",
        "user_team": "TKFJE6LDR",
        "source_team": "TKFJE6LDR",
        "user_profile": {
            "avatar_hash": "g854c628ef64",
            "image_72": "https:\/\/secure.gravatar.com\/avatar\/6854c628ef64a4c129a994522e17cdf2.jpg?s=72&d=https%3A%2F%2Fa.slack-edge.com%2Fdf10d%2Fimg%2Favatars%2Fava_0007-72.png",
            "first_name": "felicitybrand",
            "real_name": "felicitybrand",
            "display_name": "flicstar",
            "team": "TKFJE6LDR",
            "name": "felicitybrand",
            "is_restricted": false,
            "is_ultra_restricted": false
        },
        "blocks": [
            {
                "type": "rich_text",
                "block_id": "EGbkT",
                "elements": [
                    {
                        "type": "rich_text_section",
                        "elements": [
                            {
                                "type": "text",
                                "text": "Yes Cameron, it looks like we can just provide access to that one repo."
                            }
                        ]
                    }
                ]
            }
        ],
        "thread_ts": "1599272452.027100",
        "parent_user_id": "UKTGLQNGG"
    },
    {
        "client_msg_id": "e760ed81-5875-4c7a-adce-4b874054250d",
        "type": "message",
        "text": "Alright, sorry it took me a while before I had a moment to troubleshoot my Git permissions, but I now have a PR open in the incubator repo for the Style Guide template: <https:\/\/github.com\/thegooddocsproject\/incubator\/pull\/4>\n\nWhat are the next steps for getting it reviewed and merged?",
        "user": "U012KCMPP0V",
        "ts": "1599349155.033300",
        "team": "TKFJE6LDR",
        "user_team": "TKFJE6LDR",
        "source_team": "TKFJE6LDR",
        "user_profile": {
            "avatar_hash": "b26729f0b5f2",
            "image_72": "https:\/\/avatars.slack-edge.com\/2020-04-27\/1089031639347_b26729f0b5f2375494a1_72.png",
            "first_name": "Alyssa",
            "real_name": "Alyssa",
            "display_name": "Alyssa",
            "team": "TKFJE6LDR",
            "name": "alyssa.rock.biz",
            "is_restricted": false,
            "is_ultra_restricted": false
        },
        "attachments": [
            {
                "author_name": "barbaricyawps",
                "fallback": "[thegooddocsproject\/incubator] #4 Add new Style Guide template to incubator",
                "text": "This PR submits a template for a Style Guide. It includes a folder containing two files that I've tried to mirror from the :\n\n• *About the Style Guide* - A description of the style guide and its sections for users who want to adopt the template.\n• *Style Guide Template* - The actual template for use with the guide.\n\nNOTE: I'm not familiar with how we best indicate placeholder text in this project, but I'm beginning to have a preference for {curly braces}. If you want me to swap out my placeholder curly braces for something else, please let me know.",
                "title": "#4 Add new Style Guide template to incubator",
                "footer": "<https:\/\/github.com\/thegooddocsproject\/incubator|thegooddocsproject\/incubator>",
                "id": 1,
                "title_link": "https:\/\/github.com\/thegooddocsproject\/incubator\/pull\/4",
                "author_link": "https:\/\/github.com\/barbaricyawps",
                "author_icon": "https:\/\/avatars1.githubusercontent.com\/u\/43180546?v=4",
                "footer_icon": "https:\/\/github.githubassets.com\/favicon.ico",
                "ts": 1599349075,
                "color": "36a64f",
                "mrkdwn_in": [
                    "text"
                ],
                "bot_id": "BU8U6P6AH",
                "app_unfurl_url": "https:\/\/github.com\/thegooddocsproject\/incubator\/pull\/4",
                "is_app_unfurl": true
            }
        ],
        "blocks": [
            {
                "type": "rich_text",
                "block_id": "00z",
                "elements": [
                    {
                        "type": "rich_text_section",
                        "elements": [
                            {
                                "type": "text",
                                "text": "Alright, sorry it took me a while before I had a moment to troubleshoot my Git permissions, but I now have a PR open in the incubator repo for the Style Guide template: "
                            },
                            {
                                "type": "link",
                                "url": "https:\/\/github.com\/thegooddocsproject\/incubator\/pull\/4"
                            },
                            {
                                "type": "text",
                                "text": "\n\nWhat are the next steps for getting it reviewed and merged?"
                            }
                        ]
                    }
                ]
            }
        ],
        "reactions": [
            {
                "name": "heart_eyes",
                "users": [
                    "UKV4ZPEFQ",
                    "U0170HMB87K"
                ],
                "count": 2
            },
            {
                "name": "100",
                "users": [
                    "UL2AA1FF1"
                ],
                "count": 1
            }
        ]
    },
    {
        "client_msg_id": "1237cc81-097e-4620-a8d7-eef06f64ac56",
        "type": "message",
        "text": "hello Felicity <@UKV4ZPEFQ>, would you please add ReesePlews to have repository access. thank you.",
        "user": "U019YA7SD0U",
        "ts": "1599360992.033600",
        "team": "TKFJE6LDR",
        "user_team": "TKFJE6LDR",
        "source_team": "TKFJE6LDR",
        "user_profile": {
            "avatar_hash": "gd927840085e",
            "image_72": "https:\/\/secure.gravatar.com\/avatar\/d927840085e81f89fb210807b02ee5bc.jpg?s=72&d=https%3A%2F%2Fa.slack-edge.com%2Fdf10d%2Fimg%2Favatars%2Fava_0007-72.png",
            "first_name": "Reese",
            "real_name": "Reese Plews",
            "display_name": "Reese Plews (TC211 TMG)",
            "team": "TKFJE6LDR",
            "name": "rplews",
            "is_restricted": false,
            "is_ultra_restricted": false
        },
        "blocks": [
            {
                "type": "rich_text",
                "block_id": "Ngsj",
                "elements": [
                    {
                        "type": "rich_text_section",
                        "elements": [
                            {
                                "type": "text",
                                "text": "hello Felicity "
                            },
                            {
                                "type": "user",
                                "user_id": "UKV4ZPEFQ"
                            },
                            {
                                "type": "text",
                                "text": ", would you please add ReesePlews to have repository access. thank you."
                            }
                        ]
                    }
                ]
            }
        ],
        "thread_ts": "1599273939.030400",
        "parent_user_id": "UKV4ZPEFQ"
    },
    {
        "client_msg_id": "a7d4edf1-1102-430c-87c5-8aa2735fa835",
        "type": "message",
        "text": "thanks <@UKV4ZPEFQ>",
        "user": "U019YA7SD0U",
        "ts": "1599368338.033800",
        "team": "TKFJE6LDR",
        "user_team": "TKFJE6LDR",
        "source_team": "TKFJE6LDR",
        "user_profile": {
            "avatar_hash": "gd927840085e",
            "image_72": "https:\/\/secure.gravatar.com\/avatar\/d927840085e81f89fb210807b02ee5bc.jpg?s=72&d=https%3A%2F%2Fa.slack-edge.com%2Fdf10d%2Fimg%2Favatars%2Fava_0007-72.png",
            "first_name": "Reese",
            "real_name": "Reese Plews",
            "display_name": "Reese Plews (TC211 TMG)",
            "team": "TKFJE6LDR",
            "name": "rplews",
            "is_restricted": false,
            "is_ultra_restricted": false
        },
        "blocks": [
            {
                "type": "rich_text",
                "block_id": "th5",
                "elements": [
                    {
                        "type": "rich_text_section",
                        "elements": [
                            {
                                "type": "text",
                                "text": "thanks "
                            },
                            {
                                "type": "user",
                                "user_id": "UKV4ZPEFQ"
                            }
                        ]
                    }
                ]
            }
        ],
        "thread_ts": "1599273939.030400",
        "parent_user_id": "UKV4ZPEFQ"
    },
    {
        "client_msg_id": "4fa44b5f-a16a-43cb-b19b-78426fff16a9",
        "type": "message",
        "text": "Thanks <@UKV4ZPEFQ> :hugging_face:",
        "user": "U0170HMB87K",
        "ts": "1599370085.034000",
        "team": "TKFJE6LDR",
        "user_team": "TKFJE6LDR",
        "source_team": "TKFJE6LDR",
        "user_profile": {
            "avatar_hash": "f39553b0636b",
            "image_72": "https:\/\/avatars.slack-edge.com\/2020-07-22\/1249269540710_f39553b0636b29704992_72.jpg",
            "first_name": "",
            "real_name": "Ankita",
            "display_name": "Ankita",
            "team": "TKFJE6LDR",
            "name": "ankitatripathi.2312",
            "is_restricted": false,
            "is_ultra_restricted": false
        },
        "blocks": [
            {
                "type": "rich_text",
                "block_id": "hUNf",
                "elements": [
                    {
                        "type": "rich_text_section",
                        "elements": [
                            {
                                "type": "text",
                                "text": "Thanks "
                            },
                            {
                                "type": "user",
                                "user_id": "UKV4ZPEFQ"
                            },
                            {
                                "type": "text",
                                "text": " "
                            },
                            {
                                "type": "emoji",
                                "name": "hugging_face"
                            }
                        ]
                    }
                ]
            }
        ],
        "thread_ts": "1599273939.030400",
        "parent_user_id": "UKV4ZPEFQ"
    }
]