[
    {
        "client_msg_id": "2fe54a2b-60df-4ba4-8431-b1ce34141ff9",
        "type": "message",
        "text": "Soooo I gotta share this:\n• The Executable Book Project: <https:\/\/executablebooks.org\/en\/latest\/>\n• They also have this GitHub org here: <https:\/\/github.com\/executablebooks>\nI'm already a huge fan of what they are doing. I'm a big user of Sphinx, and they are merging the Jupyter Notebooks work with Sphinx, contributing toward feature-parity of Markdown support in Sphinx (with MyST), and also taking over maintainer privileges of good plugins that have gone stale when it comes to original maintainer activity (such as `sphinx-tabs`). I thought I'd share here, because some of the things I've noted as I've come to learn Sphinx and implement it are being directly addressed and improved by these folks.",
        "user": "U015GARCR8X",
        "ts": "1597702029.033000",
        "team": "TKFJE6LDR",
        "user_team": "TKFJE6LDR",
        "source_team": "TKFJE6LDR",
        "user_profile": {
            "avatar_hash": "37a234435192",
            "image_72": "https:\/\/avatars.slack-edge.com\/2020-08-06\/1283467109749_37a23443519259ddd5ca_72.png",
            "first_name": "Derek",
            "real_name": "Derek Ardolf",
            "display_name": "ScriptAutomate",
            "team": "TKFJE6LDR",
            "name": "derek",
            "is_restricted": false,
            "is_ultra_restricted": false
        },
        "attachments": [
            {
                "fallback": "Executable Books",
                "text": "An open collaboration to create executable books with Jupyter",
                "title": "Executable Books",
                "footer": "<https:\/\/github.com\/executablebooks|@executablebooks>",
                "id": 1,
                "thumb_height": 460,
                "thumb_width": 460,
                "thumb_url": "https:\/\/avatars2.githubusercontent.com\/u\/57655115?v=4",
                "footer_icon": "https:\/\/github.githubassets.com\/favicon.ico",
                "ts": 1573538488,
                "color": "24292f",
                "fields": [
                    {
                        "title": "URL",
                        "value": "<https:\/\/executablebooks.org>",
                        "short": true
                    },
                    {
                        "title": "Repositories",
                        "value": "37",
                        "short": true
                    }
                ],
                "bot_id": "BU8U6P6AH",
                "app_unfurl_url": "https:\/\/github.com\/executablebooks",
                "is_app_unfurl": true
            }
        ],
        "blocks": [
            {
                "type": "rich_text",
                "block_id": "014kg",
                "elements": [
                    {
                        "type": "rich_text_section",
                        "elements": [
                            {
                                "type": "text",
                                "text": "Soooo I gotta share this:\n"
                            }
                        ]
                    },
                    {
                        "type": "rich_text_list",
                        "elements": [
                            {
                                "type": "rich_text_section",
                                "elements": [
                                    {
                                        "type": "text",
                                        "text": "The Executable Book Project: "
                                    },
                                    {
                                        "type": "link",
                                        "url": "https:\/\/executablebooks.org\/en\/latest\/"
                                    }
                                ]
                            },
                            {
                                "type": "rich_text_section",
                                "elements": [
                                    {
                                        "type": "text",
                                        "text": "They also have this GitHub org here: "
                                    },
                                    {
                                        "type": "link",
                                        "url": "https:\/\/github.com\/executablebooks"
                                    }
                                ]
                            }
                        ],
                        "style": "bullet",
                        "indent": 0
                    },
                    {
                        "type": "rich_text_section",
                        "elements": [
                            {
                                "type": "text",
                                "text": "\nI'm already a huge fan of what they are doing. I'm a big user of Sphinx, and they are merging the Jupyter Notebooks work with Sphinx, contributing toward feature-parity of Markdown support in Sphinx (with MyST), and also taking over maintainer privileges of good plugins that have gone stale when it comes to original maintainer activity (such as "
                            },
                            {
                                "type": "text",
                                "text": "sphinx-tabs",
                                "style": {
                                    "code": true
                                }
                            },
                            {
                                "type": "text",
                                "text": "). I thought I'd share here, because some of the things I've noted as I've come to learn Sphinx and implement it are being directly addressed and improved by these folks."
                            }
                        ]
                    }
                ]
            }
        ],
        "thread_ts": "1597702029.033000",
        "reply_count": 2,
        "reply_users_count": 2,
        "latest_reply": "1597746878.033500",
        "reply_users": [
            "UKVC4NB71",
            "U014V7JDGPM"
        ],
        "replies": [
            {
                "user": "UKVC4NB71",
                "ts": "1597706838.033300"
            },
            {
                "user": "U014V7JDGPM",
                "ts": "1597746878.033500"
            }
        ],
        "subscribed": false,
        "reactions": [
            {
                "name": "sunglasses",
                "users": [
                    "U012KCMPP0V"
                ],
                "count": 1
            }
        ]
    },
    {
        "client_msg_id": "ee56bebe-8ba2-4265-ac3d-facb1272961b",
        "type": "message",
        "text": "I've seen some twitter announcements on how Jupyter is evolving rapidly. It all sounds pretty interesting. I know Jupyter is heavily used in science and academia realms.",
        "user": "UKVC4NB71",
        "ts": "1597706838.033300",
        "team": "TKFJE6LDR",
        "user_team": "TKFJE6LDR",
        "source_team": "TKFJE6LDR",
        "user_profile": {
            "avatar_hash": "c7d9788d4436",
            "image_72": "https:\/\/avatars.slack-edge.com\/2019-10-30\/814314609877_c7d9788d4436969613a7_72.jpg",
            "first_name": "Jared",
            "real_name": "Jared Morgan",
            "display_name": "jaredmorgs",
            "team": "TKFJE6LDR",
            "name": "jaredleonmorgan",
            "is_restricted": false,
            "is_ultra_restricted": false
        },
        "blocks": [
            {
                "type": "rich_text",
                "block_id": "O3s\/",
                "elements": [
                    {
                        "type": "rich_text_section",
                        "elements": [
                            {
                                "type": "text",
                                "text": "I've seen some twitter announcements on how Jupyter is evolving rapidly. It all sounds pretty interesting. I know Jupyter is heavily used in science and academia realms."
                            }
                        ]
                    }
                ]
            }
        ],
        "thread_ts": "1597702029.033000",
        "parent_user_id": "U015GARCR8X"
    }
]