[
    {
        "client_msg_id": "d5c2b856-bb68-4233-b8d4-6f30d23c0241",
        "type": "message",
        "text": "Ooh, if it’s more than Python I’m interested :slightly_smiling_face:",
        "user": "U014V7JDGPM",
        "ts": "1597746878.033500",
        "team": "TKFJE6LDR",
        "user_team": "TKFJE6LDR",
        "source_team": "TKFJE6LDR",
        "user_profile": {
            "avatar_hash": "g35a44b69ae5",
            "image_72": "https:\/\/secure.gravatar.com\/avatar\/35a44b69ae5c2c1d250216f8ccc9d67c.jpg?s=72&d=https%3A%2F%2Fa.slack-edge.com%2Fdf10d%2Fimg%2Favatars%2Fava_0019-72.png",
            "first_name": "",
            "real_name": "ChrisChinchilla",
            "display_name": "ChrisChinchilla",
            "team": "TKFJE6LDR",
            "name": "chris",
            "is_restricted": false,
            "is_ultra_restricted": false
        },
        "blocks": [
            {
                "type": "rich_text",
                "block_id": "InKoF",
                "elements": [
                    {
                        "type": "rich_text_section",
                        "elements": [
                            {
                                "type": "text",
                                "text": "Ooh, if it’s more than Python I’m interested "
                            },
                            {
                                "type": "emoji",
                                "name": "slightly_smiling_face"
                            }
                        ]
                    }
                ]
            }
        ],
        "thread_ts": "1597702029.033000",
        "parent_user_id": "U015GARCR8X",
        "reactions": [
            {
                "name": "heavy_plus_sign",
                "users": [
                    "UL2AA1FF1"
                ],
                "count": 1
            }
        ]
    },
    {
        "client_msg_id": "e468761f-d02d-4908-90eb-ea682ab0ff92",
        "type": "message",
        "text": "I opened <https:\/\/github.com\/thegooddocsproject\/thegooddocsproject.github.io\/issues\/37|thegooddocsproject\/thegooddocsproject.github.io#37> to propose a solution to previewing builds for the project site, as I promised in the APAC call last week",
        "user": "U011GCVJFQF",
        "ts": "1597770764.035100",
        "team": "TKFJE6LDR",
        "user_team": "TKFJE6LDR",
        "source_team": "TKFJE6LDR",
        "user_profile": {
            "avatar_hash": "5859193991fb",
            "image_72": "https:\/\/avatars.slack-edge.com\/2020-04-16\/1066602100115_5859193991fb4bbebcdf_72.png",
            "first_name": "",
            "real_name": "Daniel Beck",
            "display_name": "Daniel Beck",
            "team": "TKFJE6LDR",
            "name": "daniel",
            "is_restricted": false,
            "is_ultra_restricted": false
        },
        "edited": {
            "user": "U011GCVJFQF",
            "ts": "1597770770.000000"
        },
        "blocks": [
            {
                "type": "rich_text",
                "block_id": "8lxI",
                "elements": [
                    {
                        "type": "rich_text_section",
                        "elements": [
                            {
                                "type": "text",
                                "text": "I opened "
                            },
                            {
                                "type": "link",
                                "url": "https:\/\/github.com\/thegooddocsproject\/thegooddocsproject.github.io\/issues\/37",
                                "text": "thegooddocsproject\/thegooddocsproject.github.io#37"
                            },
                            {
                                "type": "text",
                                "text": " to propose a solution to previewing builds for the project site, as I promised in the APAC call last week"
                            }
                        ]
                    }
                ]
            }
        ],
        "thread_ts": "1597770764.035100",
        "reply_count": 2,
        "reply_users_count": 1,
        "latest_reply": "1597783956.037000",
        "reply_users": [
            "UKTGLQNGG"
        ],
        "replies": [
            {
                "user": "UKTGLQNGG",
                "ts": "1597783841.036200"
            },
            {
                "user": "UKTGLQNGG",
                "ts": "1597783956.037000"
            }
        ],
        "subscribed": false,
        "reactions": [
            {
                "name": "+1",
                "users": [
                    "UL2AA1FF1",
                    "U015GARCR8X",
                    "U0174BRV404"
                ],
                "count": 3
            },
            {
                "name": "heavy_plus_sign",
                "users": [
                    "UL2AA1FF1",
                    "U015GARCR8X"
                ],
                "count": 2
            }
        ]
    },
    {
        "client_msg_id": "78d4b5f5-4db7-4c59-913c-5e2dbf4f02cb",
        "type": "message",
        "text": "interesting doctype: ADRs <https:\/\/github.com\/joelparkerhenderson\/architecture_decision_record>",
        "user": "UL2AA1FF1",
        "ts": "1597772692.035800",
        "team": "TKFJE6LDR",
        "user_team": "TKFJE6LDR",
        "source_team": "TKFJE6LDR",
        "user_profile": {
            "avatar_hash": "22135067b36d",
            "image_72": "https:\/\/avatars.slack-edge.com\/2019-10-23\/805254797908_22135067b36dfb715e99_72.jpg",
            "first_name": "",
            "real_name": "Erin McKean",
            "display_name": "Erin McKean",
            "team": "TKFJE6LDR",
            "name": "emckean",
            "is_restricted": false,
            "is_ultra_restricted": false
        },
        "attachments": [
            {
                "fallback": "joelparkerhenderson\/architecture_decision_record",
                "text": "Architecture decision record (ADR) examples for software planning, IT leadership, and template documentation",
                "title": "joelparkerhenderson\/architecture_decision_record",
                "footer": "<https:\/\/github.com\/joelparkerhenderson\/architecture_decision_record|joelparkerhenderson\/architecture_decision_record>",
                "id": 1,
                "footer_icon": "https:\/\/github.githubassets.com\/favicon.ico",
                "ts": 1476762224,
                "color": "24292f",
                "fields": [
                    {
                        "title": "Stars",
                        "value": "3229",
                        "short": true
                    },
                    {
                        "title": "Last updated",
                        "value": "28 minutes ago",
                        "short": true
                    }
                ],
                "mrkdwn_in": [
                    "text",
                    "fields"
                ],
                "bot_id": "BU8U6P6AH",
                "app_unfurl_url": "https:\/\/github.com\/joelparkerhenderson\/architecture_decision_record",
                "is_app_unfurl": true
            }
        ],
        "blocks": [
            {
                "type": "rich_text",
                "block_id": "82QVe",
                "elements": [
                    {
                        "type": "rich_text_section",
                        "elements": [
                            {
                                "type": "text",
                                "text": "interesting doctype: ADRs "
                            },
                            {
                                "type": "link",
                                "url": "https:\/\/github.com\/joelparkerhenderson\/architecture_decision_record"
                            }
                        ]
                    }
                ]
            }
        ]
    },
    {
        "type": "message",
        "subtype": "reminder_add",
        "text": " set up a reminder “remember to add items to the Weekly Meeting agenda before our meeting https:\/\/github.com\/thegooddocsproject\/governance\/wiki\/Weekly-Meetings” in this channel at 9AM every Tuesday, Pacific Daylight Time.",
        "user": "UL2AA1FF1",
        "ts": "1597782962.036000"
    },
    {
        "client_msg_id": "72adfec2-78e1-43c4-a7c1-0ec668cc1909",
        "type": "message",
        "text": "This sounds good. Thanks for the research Daniel. <@U015GARCR8X>, I'd be keen to hear your thoughts on this, and add any suggestions from an implementation point of view.",
        "user": "UKTGLQNGG",
        "ts": "1597783841.036200",
        "team": "TKFJE6LDR",
        "user_team": "TKFJE6LDR",
        "source_team": "TKFJE6LDR",
        "user_profile": {
            "avatar_hash": "d6f4de222bb1",
            "image_72": "https:\/\/avatars.slack-edge.com\/2020-07-20\/1235580478119_d6f4de222bb1ed6b5960_72.jpg",
            "first_name": "Cameron",
            "real_name": "Cameron Shorter",
            "display_name": "cameronshorter",
            "team": "TKFJE6LDR",
            "name": "cameron.shorter",
            "is_restricted": false,
            "is_ultra_restricted": false
        },
        "blocks": [
            {
                "type": "rich_text",
                "block_id": "8EwE",
                "elements": [
                    {
                        "type": "rich_text_section",
                        "elements": [
                            {
                                "type": "text",
                                "text": "This sounds good. Thanks for the research Daniel. "
                            },
                            {
                                "type": "user",
                                "user_id": "U015GARCR8X"
                            },
                            {
                                "type": "text",
                                "text": ", I'd be keen to hear your thoughts on this, and add any suggestions from an implementation point of view."
                            }
                        ]
                    }
                ]
            }
        ],
        "thread_ts": "1597770764.035100",
        "parent_user_id": "U011GCVJFQF",
        "reactions": [
            {
                "name": "+1",
                "users": [
                    "U015GARCR8X"
                ],
                "count": 1
            }
        ]
    },
    {
        "client_msg_id": "2fdbe2d0-3c9a-4ce1-b315-554ee1942587",
        "type": "message",
        "text": "we could have a lot of impact if we created some \"how to leverage Hacktoberfest for docs contributions\" info: <https:\/\/hacktoberfest.digitalocean.com\/>",
        "user": "UL2AA1FF1",
        "ts": "1597783879.036800",
        "team": "TKFJE6LDR",
        "user_team": "TKFJE6LDR",
        "source_team": "TKFJE6LDR",
        "user_profile": {
            "avatar_hash": "22135067b36d",
            "image_72": "https:\/\/avatars.slack-edge.com\/2019-10-23\/805254797908_22135067b36dfb715e99_72.jpg",
            "first_name": "",
            "real_name": "Erin McKean",
            "display_name": "Erin McKean",
            "team": "TKFJE6LDR",
            "name": "emckean",
            "is_restricted": false,
            "is_ultra_restricted": false
        },
        "attachments": [
            {
                "service_name": "Hacktoberfest",
                "title": "Hacktoberfest presented by DigitalOcean",
                "title_link": "https:\/\/hacktoberfest.digitalocean.com\/",
                "text": "Open source is changing the world – one pull request at a time.",
                "fallback": "Hacktoberfest: Hacktoberfest presented by DigitalOcean",
                "image_url": "https:\/\/hacktoberfest.digitalocean.com\/og-hf-teaser.png",
                "from_url": "https:\/\/hacktoberfest.digitalocean.com\/",
                "image_width": 476,
                "image_height": 250,
                "image_bytes": 477303,
                "service_icon": "https:\/\/hacktoberfest.digitalocean.com\/favicon.ico",
                "id": 1,
                "original_url": "https:\/\/hacktoberfest.digitalocean.com\/"
            }
        ],
        "blocks": [
            {
                "type": "rich_text",
                "block_id": "nR1Jg",
                "elements": [
                    {
                        "type": "rich_text_section",
                        "elements": [
                            {
                                "type": "text",
                                "text": "we could have a lot of impact if we created some \"how to leverage Hacktoberfest for docs contributions\" info: "
                            },
                            {
                                "type": "link",
                                "url": "https:\/\/hacktoberfest.digitalocean.com\/"
                            }
                        ]
                    }
                ]
            }
        ],
        "thread_ts": "1597783879.036800",
        "reply_count": 5,
        "reply_users_count": 3,
        "latest_reply": "1597874220.050100",
        "reply_users": [
            "UKVC4NB71",
            "UL2AA1FF1",
            "U015GARCR8X"
        ],
        "replies": [
            {
                "user": "UKVC4NB71",
                "ts": "1597789346.038000"
            },
            {
                "user": "UL2AA1FF1",
                "ts": "1597790539.038200"
            },
            {
                "user": "UKVC4NB71",
                "ts": "1597790555.038400"
            },
            {
                "user": "U015GARCR8X",
                "ts": "1597800332.040400"
            },
            {
                "user": "UL2AA1FF1",
                "ts": "1597874220.050100"
            }
        ],
        "subscribed": false,
        "reactions": [
            {
                "name": "+1",
                "users": [
                    "U015GARCR8X"
                ],
                "count": 1
            }
        ]
    },
    {
        "client_msg_id": "e7bd809e-675d-4580-8dfd-87177aca1e8f",
        "type": "message",
        "text": "<@U015GARCR8X> previously mentioned <https:\/\/github.com\/thegooddocsproject\/thegooddocsproject.github.io\/issues\/33> which I suspect is related.",
        "user": "UKTGLQNGG",
        "ts": "1597783956.037000",
        "team": "TKFJE6LDR",
        "user_team": "TKFJE6LDR",
        "source_team": "TKFJE6LDR",
        "user_profile": {
            "avatar_hash": "d6f4de222bb1",
            "image_72": "https:\/\/avatars.slack-edge.com\/2020-07-20\/1235580478119_d6f4de222bb1ed6b5960_72.jpg",
            "first_name": "Cameron",
            "real_name": "Cameron Shorter",
            "display_name": "cameronshorter",
            "team": "TKFJE6LDR",
            "name": "cameron.shorter",
            "is_restricted": false,
            "is_ultra_restricted": false
        },
        "attachments": [
            {
                "author_name": "BolajiAyodeji",
                "fallback": "[thegooddocsproject\/thegooddocsproject.github.io] #33 Contributors Setup Guide",
                "text": "I'm not sure if one exists before now, but no guide shows how to set up this project for new contributors. I guess this should be in `README.md` or `CONTRIBUTING.md` that explains how to install Jekyll and get this project running on a local machine.\n\nAlso, looks like the <https:\/\/github.com\/thegooddocsproject\/thegooddocsproject.github.io\/blob\/master\/contribute.md|Contributors guide> used here is more for documentation in general with less relation to the context of contributing to this repository. So contributors viewing the repository from GitHub might get a different view and we might need another contributor guide here?\n\n<https:\/\/github.com\/camerons|@camerons> is there any reason why this doesn't exist?\n\nIf there isn't any, I can spin up a README for this.",
                "title": "#33 Contributors Setup Guide",
                "footer": "<https:\/\/github.com\/thegooddocsproject\/thegooddocsproject.github.io|thegooddocsproject\/thegooddocsproject.github.io>",
                "id": 1,
                "title_link": "https:\/\/github.com\/thegooddocsproject\/thegooddocsproject.github.io\/issues\/33",
                "author_link": "https:\/\/github.com\/BolajiAyodeji",
                "author_icon": "https:\/\/avatars2.githubusercontent.com\/u\/30334776?v=4",
                "footer_icon": "https:\/\/github.githubassets.com\/favicon.ico",
                "ts": 1590126925,
                "color": "36a64f",
                "fields": [
                    {
                        "title": "Comments",
                        "value": "1",
                        "short": true
                    }
                ],
                "mrkdwn_in": [
                    "text"
                ],
                "bot_id": "BU8U6P6AH",
                "app_unfurl_url": "https:\/\/github.com\/thegooddocsproject\/thegooddocsproject.github.io\/issues\/33",
                "is_app_unfurl": true
            }
        ],
        "blocks": [
            {
                "type": "rich_text",
                "block_id": "3XT",
                "elements": [
                    {
                        "type": "rich_text_section",
                        "elements": [
                            {
                                "type": "user",
                                "user_id": "U015GARCR8X"
                            },
                            {
                                "type": "text",
                                "text": " previously mentioned "
                            },
                            {
                                "type": "link",
                                "url": "https:\/\/github.com\/thegooddocsproject\/thegooddocsproject.github.io\/issues\/33"
                            },
                            {
                                "type": "text",
                                "text": " which I suspect is related."
                            }
                        ]
                    }
                ]
            }
        ],
        "thread_ts": "1597770764.035100",
        "parent_user_id": "U011GCVJFQF",
        "reactions": [
            {
                "name": "point_up_2",
                "users": [
                    "U015GARCR8X"
                ],
                "count": 1
            }
        ]
    },
    {
        "client_msg_id": "afc81242-e2d3-4777-9074-0cd38ef90b88",
        "type": "message",
        "text": "i\"m reading the site now <@UL2AA1FF1> looks interesting.",
        "user": "UKVC4NB71",
        "ts": "1597789346.038000",
        "team": "TKFJE6LDR",
        "user_team": "TKFJE6LDR",
        "source_team": "TKFJE6LDR",
        "user_profile": {
            "avatar_hash": "c7d9788d4436",
            "image_72": "https:\/\/avatars.slack-edge.com\/2019-10-30\/814314609877_c7d9788d4436969613a7_72.jpg",
            "first_name": "Jared",
            "real_name": "Jared Morgan",
            "display_name": "jaredmorgs",
            "team": "TKFJE6LDR",
            "name": "jaredleonmorgan",
            "is_restricted": false,
            "is_ultra_restricted": false
        },
        "blocks": [
            {
                "type": "rich_text",
                "block_id": "=NM4a",
                "elements": [
                    {
                        "type": "rich_text_section",
                        "elements": [
                            {
                                "type": "text",
                                "text": "i\"m reading the site now "
                            },
                            {
                                "type": "user",
                                "user_id": "UL2AA1FF1"
                            },
                            {
                                "type": "text",
                                "text": " looks interesting."
                            }
                        ]
                    }
                ]
            }
        ],
        "thread_ts": "1597783879.036800",
        "parent_user_id": "UL2AA1FF1"
    },
    {
        "client_msg_id": "f9b26ec3-aa12-4ccc-888f-68ab93cb3285",
        "type": "message",
        "text": "it's def a big deal for devs, they love that swag! :joy:",
        "user": "UL2AA1FF1",
        "ts": "1597790539.038200",
        "team": "TKFJE6LDR",
        "user_team": "TKFJE6LDR",
        "source_team": "TKFJE6LDR",
        "user_profile": {
            "avatar_hash": "22135067b36d",
            "image_72": "https:\/\/avatars.slack-edge.com\/2019-10-23\/805254797908_22135067b36dfb715e99_72.jpg",
            "first_name": "",
            "real_name": "Erin McKean",
            "display_name": "Erin McKean",
            "team": "TKFJE6LDR",
            "name": "emckean",
            "is_restricted": false,
            "is_ultra_restricted": false
        },
        "blocks": [
            {
                "type": "rich_text",
                "block_id": "CN=0L",
                "elements": [
                    {
                        "type": "rich_text_section",
                        "elements": [
                            {
                                "type": "text",
                                "text": "it's def a big deal for devs, they love that swag! "
                            },
                            {
                                "type": "emoji",
                                "name": "joy"
                            }
                        ]
                    }
                ]
            }
        ],
        "thread_ts": "1597783879.036800",
        "parent_user_id": "UL2AA1FF1"
    },
    {
        "client_msg_id": "97282069-f513-4ada-ae49-889da73892dd",
        "type": "message",
        "text": "The swag looks awesome.",
        "user": "UKVC4NB71",
        "ts": "1597790555.038400",
        "team": "TKFJE6LDR",
        "user_team": "TKFJE6LDR",
        "source_team": "TKFJE6LDR",
        "user_profile": {
            "avatar_hash": "c7d9788d4436",
            "image_72": "https:\/\/avatars.slack-edge.com\/2019-10-30\/814314609877_c7d9788d4436969613a7_72.jpg",
            "first_name": "Jared",
            "real_name": "Jared Morgan",
            "display_name": "jaredmorgs",
            "team": "TKFJE6LDR",
            "name": "jaredleonmorgan",
            "is_restricted": false,
            "is_ultra_restricted": false
        },
        "blocks": [
            {
                "type": "rich_text",
                "block_id": "1yi",
                "elements": [
                    {
                        "type": "rich_text_section",
                        "elements": [
                            {
                                "type": "text",
                                "text": "The swag looks awesome."
                            }
                        ]
                    }
                ]
            }
        ],
        "thread_ts": "1597783879.036800",
        "parent_user_id": "UL2AA1FF1"
    },
    {
        "client_msg_id": "46c181c2-7986-411b-a438-3b19810e7b3f",
        "type": "message",
        "text": "<@U015GARCR8X> would you be up for leading a discussion around website publishing pipelines in tomorrows weekly meeting? If so, could you add an item to the agenda: <https:\/\/docs.google.com\/document\/d\/13xr5PLMMqm6Rz_yXzxl5WMOwY9H6liB1abU_i0-ws60\/edit#>",
        "user": "UKTGLQNGG",
        "ts": "1597791406.039600",
        "team": "TKFJE6LDR",
        "user_team": "TKFJE6LDR",
        "source_team": "TKFJE6LDR",
        "user_profile": {
            "avatar_hash": "d6f4de222bb1",
            "image_72": "https:\/\/avatars.slack-edge.com\/2020-07-20\/1235580478119_d6f4de222bb1ed6b5960_72.jpg",
            "first_name": "Cameron",
            "real_name": "Cameron Shorter",
            "display_name": "cameronshorter",
            "team": "TKFJE6LDR",
            "name": "cameron.shorter",
            "is_restricted": false,
            "is_ultra_restricted": false
        },
        "blocks": [
            {
                "type": "rich_text",
                "block_id": "g3sWP",
                "elements": [
                    {
                        "type": "rich_text_section",
                        "elements": [
                            {
                                "type": "user",
                                "user_id": "U015GARCR8X"
                            },
                            {
                                "type": "text",
                                "text": " would you be up for leading a discussion around website publishing pipelines in tomorrows weekly meeting? If so, could you add an item to the agenda: "
                            },
                            {
                                "type": "link",
                                "url": "https:\/\/docs.google.com\/document\/d\/13xr5PLMMqm6Rz_yXzxl5WMOwY9H6liB1abU_i0-ws60\/edit#"
                            }
                        ]
                    }
                ]
            }
        ],
        "thread_ts": "1597791406.039600",
        "reply_count": 5,
        "reply_users_count": 3,
        "latest_reply": "1597849876.046700",
        "reply_users": [
            "UKTGLQNGG",
            "UL2AA1FF1",
            "U015GARCR8X"
        ],
        "replies": [
            {
                "user": "UKTGLQNGG",
                "ts": "1597791444.039700"
            },
            {
                "user": "UL2AA1FF1",
                "ts": "1597792023.039900"
            },
            {
                "user": "UKTGLQNGG",
                "ts": "1597798771.040100"
            },
            {
                "user": "U015GARCR8X",
                "ts": "1597801891.040700"
            },
            {
                "user": "UL2AA1FF1",
                "ts": "1597849876.046700"
            }
        ],
        "subscribed": false,
        "reactions": [
            {
                "name": "+1",
                "users": [
                    "U015GARCR8X"
                ],
                "count": 1
            }
        ]
    },
    {
        "client_msg_id": "085a16a3-18a1-490d-a0ee-9f94dfe3edf9",
        "type": "message",
        "text": "<@UL2AA1FF1> bump re setting your meeting reminder to point to <https:\/\/docs.google.com\/document\/d\/13xr5PLMMqm6Rz_yXzxl5WMOwY9H6liB1abU_i0-ws60\/edit#> instead of the github wiki page.",
        "user": "UKTGLQNGG",
        "ts": "1597791444.039700",
        "team": "TKFJE6LDR",
        "user_team": "TKFJE6LDR",
        "source_team": "TKFJE6LDR",
        "user_profile": {
            "avatar_hash": "d6f4de222bb1",
            "image_72": "https:\/\/avatars.slack-edge.com\/2020-07-20\/1235580478119_d6f4de222bb1ed6b5960_72.jpg",
            "first_name": "Cameron",
            "real_name": "Cameron Shorter",
            "display_name": "cameronshorter",
            "team": "TKFJE6LDR",
            "name": "cameron.shorter",
            "is_restricted": false,
            "is_ultra_restricted": false
        },
        "blocks": [
            {
                "type": "rich_text",
                "block_id": "1Ti",
                "elements": [
                    {
                        "type": "rich_text_section",
                        "elements": [
                            {
                                "type": "user",
                                "user_id": "UL2AA1FF1"
                            },
                            {
                                "type": "text",
                                "text": " bump re setting your meeting reminder to point to "
                            },
                            {
                                "type": "link",
                                "url": "https:\/\/docs.google.com\/document\/d\/13xr5PLMMqm6Rz_yXzxl5WMOwY9H6liB1abU_i0-ws60\/edit#"
                            },
                            {
                                "type": "text",
                                "text": " instead of the github wiki page."
                            }
                        ]
                    }
                ]
            }
        ],
        "thread_ts": "1597791406.039600",
        "parent_user_id": "UKTGLQNGG"
    },
    {
        "client_msg_id": "6d622cba-1e11-4c61-943a-f2da407ae926",
        "type": "message",
        "text": "our decision log shows that the wiki is the official agenda, if we're changing that we should probably discuss ... I thought the consensus was the GDoc was for easy of note taking in the meetings and the wiki was for posterity :slightly_smiling_face:",
        "user": "UL2AA1FF1",
        "ts": "1597792023.039900",
        "team": "TKFJE6LDR",
        "user_team": "TKFJE6LDR",
        "source_team": "TKFJE6LDR",
        "user_profile": {
            "avatar_hash": "22135067b36d",
            "image_72": "https:\/\/avatars.slack-edge.com\/2019-10-23\/805254797908_22135067b36dfb715e99_72.jpg",
            "first_name": "",
            "real_name": "Erin McKean",
            "display_name": "Erin McKean",
            "team": "TKFJE6LDR",
            "name": "emckean",
            "is_restricted": false,
            "is_ultra_restricted": false
        },
        "blocks": [
            {
                "type": "rich_text",
                "block_id": "nTtb+",
                "elements": [
                    {
                        "type": "rich_text_section",
                        "elements": [
                            {
                                "type": "text",
                                "text": "our decision log shows that the wiki is the official agenda, if we're changing that we should probably discuss ... I thought the consensus was the GDoc was for easy of note taking in the meetings and the wiki was for posterity "
                            },
                            {
                                "type": "emoji",
                                "name": "slightly_smiling_face"
                            }
                        ]
                    }
                ]
            }
        ],
        "thread_ts": "1597791406.039600",
        "parent_user_id": "UKTGLQNGG"
    },
    {
        "client_msg_id": "fd7fc938-2e0f-4dc4-a9b4-ff5c2f0863f5",
        "type": "message",
        "text": "I'm finding that in practice it is easier to jump to the google doc first (as people jump into a meeting). From there they can find the copy the official log (in wiki, or our community page about to get created).",
        "user": "UKTGLQNGG",
        "ts": "1597798771.040100",
        "team": "TKFJE6LDR",
        "user_team": "TKFJE6LDR",
        "source_team": "TKFJE6LDR",
        "user_profile": {
            "avatar_hash": "d6f4de222bb1",
            "image_72": "https:\/\/avatars.slack-edge.com\/2020-07-20\/1235580478119_d6f4de222bb1ed6b5960_72.jpg",
            "first_name": "Cameron",
            "real_name": "Cameron Shorter",
            "display_name": "cameronshorter",
            "team": "TKFJE6LDR",
            "name": "cameron.shorter",
            "is_restricted": false,
            "is_ultra_restricted": false
        },
        "blocks": [
            {
                "type": "rich_text",
                "block_id": "4XMNa",
                "elements": [
                    {
                        "type": "rich_text_section",
                        "elements": [
                            {
                                "type": "text",
                                "text": "I'm finding that in practice it is easier to jump to the google doc first (as people jump into a meeting). From there they can find the copy the official log (in wiki, or our community page about to get created)."
                            }
                        ]
                    }
                ]
            }
        ],
        "thread_ts": "1597791406.039600",
        "parent_user_id": "UKTGLQNGG"
    },
    {
        "client_msg_id": "6d01e7b0-72c2-41d7-9396-1240b08642d1",
        "type": "message",
        "text": "I was thinking the same thing! I'm definitely bringing it up at my work, since we have plenty of \"good-first-issue\" items. We may even have a Docs Jam going on in October, so could bring more people in. Creating material for Hacktoberfest guidance on docs contributing would be a great idea. It would be an annual reference haha",
        "user": "U015GARCR8X",
        "ts": "1597800332.040400",
        "team": "TKFJE6LDR",
        "user_team": "TKFJE6LDR",
        "source_team": "TKFJE6LDR",
        "user_profile": {
            "avatar_hash": "37a234435192",
            "image_72": "https:\/\/avatars.slack-edge.com\/2020-08-06\/1283467109749_37a23443519259ddd5ca_72.png",
            "first_name": "Derek",
            "real_name": "Derek Ardolf",
            "display_name": "ScriptAutomate",
            "team": "TKFJE6LDR",
            "name": "derek",
            "is_restricted": false,
            "is_ultra_restricted": false
        },
        "blocks": [
            {
                "type": "rich_text",
                "block_id": "nqnU",
                "elements": [
                    {
                        "type": "rich_text_section",
                        "elements": [
                            {
                                "type": "text",
                                "text": "I was thinking the same thing! I'm definitely bringing it up at my work, since we have plenty of \"good-first-issue\" items. We may even have a Docs Jam going on in October, so could bring more people in. Creating material for Hacktoberfest guidance on docs contributing would be a great idea. It would be an annual reference haha"
                            }
                        ]
                    }
                ]
            }
        ],
        "thread_ts": "1597783879.036800",
        "parent_user_id": "UL2AA1FF1"
    },
    {
        "client_msg_id": "001fc60b-c03e-4de1-8108-5fafe990c7d1",
        "type": "message",
        "text": "I've added to the agenda.  :slightly_smiling_face: It also is related to the Netlify item, as they play hand-in-hand when it comes to future planning",
        "user": "U015GARCR8X",
        "ts": "1597801891.040700",
        "team": "TKFJE6LDR",
        "user_team": "TKFJE6LDR",
        "source_team": "TKFJE6LDR",
        "user_profile": {
            "avatar_hash": "37a234435192",
            "image_72": "https:\/\/avatars.slack-edge.com\/2020-08-06\/1283467109749_37a23443519259ddd5ca_72.png",
            "first_name": "Derek",
            "real_name": "Derek Ardolf",
            "display_name": "ScriptAutomate",
            "team": "TKFJE6LDR",
            "name": "derek",
            "is_restricted": false,
            "is_ultra_restricted": false
        },
        "blocks": [
            {
                "type": "rich_text",
                "block_id": "l15",
                "elements": [
                    {
                        "type": "rich_text_section",
                        "elements": [
                            {
                                "type": "text",
                                "text": "I've added to the agenda.  "
                            },
                            {
                                "type": "emoji",
                                "name": "slightly_smiling_face"
                            },
                            {
                                "type": "text",
                                "text": " It also is related to the Netlify item, as they play hand-in-hand when it comes to future planning"
                            }
                        ]
                    }
                ]
            }
        ],
        "thread_ts": "1597791406.039600",
        "parent_user_id": "UKTGLQNGG"
    },
    {
        "client_msg_id": "e2d13b8d-5777-4a5e-ba90-bb2db5893998",
        "type": "message",
        "text": "Welcome to recent joiners from today's Write the Docs Australia. We have our weekly Google Meet video conference at 8:30pm today (Wed) or 7:00am tomorrow (Thu) Australian Eastern Standard Time. Private chat me your email if you would like to come along.",
        "user": "UKTGLQNGG",
        "ts": "1597806056.043700",
        "team": "TKFJE6LDR",
        "user_team": "TKFJE6LDR",
        "source_team": "TKFJE6LDR",
        "user_profile": {
            "avatar_hash": "d6f4de222bb1",
            "image_72": "https:\/\/avatars.slack-edge.com\/2020-07-20\/1235580478119_d6f4de222bb1ed6b5960_72.jpg",
            "first_name": "Cameron",
            "real_name": "Cameron Shorter",
            "display_name": "cameronshorter",
            "team": "TKFJE6LDR",
            "name": "cameron.shorter",
            "is_restricted": false,
            "is_ultra_restricted": false
        },
        "blocks": [
            {
                "type": "rich_text",
                "block_id": "jUuI",
                "elements": [
                    {
                        "type": "rich_text_section",
                        "elements": [
                            {
                                "type": "text",
                                "text": "Welcome to recent joiners from today's Write the Docs Australia. We have our weekly Google Meet video conference at 8:30pm today (Wed) or 7:00am tomorrow (Thu) Australian Eastern Standard Time. Private chat me your email if you would like to come along."
                            }
                        ]
                    }
                ]
            }
        ]
    },
    {
        "type": "message",
        "subtype": "thread_broadcast",
        "text": "Congratulations Lana!:+1::star-struck: let's get it going!",
        "user": "U0174BRV404",
        "ts": "1597807397.044000",
        "thread_ts": "1597625063.026900",
        "root": {
            "client_msg_id": "e7480610-b527-411a-8946-2bb125fc5b7a",
            "type": "message",
            "text": "hey everyone, just received my acceptance for the IA project, thanks to all the hard work from everyone ... now let's make it happen! :tada: :champagne:",
            "user": "UQ553K7DY",
            "ts": "1597625063.026900",
            "team": "TKFJE6LDR",
            "blocks": [
                {
                    "type": "rich_text",
                    "block_id": "uhdQ",
                    "elements": [
                        {
                            "type": "rich_text_section",
                            "elements": [
                                {
                                    "type": "text",
                                    "text": "hey everyone, just received my acceptance for the IA project, thanks to all the hard work from everyone ... now let's make it happen! "
                                },
                                {
                                    "type": "emoji",
                                    "name": "tada"
                                },
                                {
                                    "type": "text",
                                    "text": " "
                                },
                                {
                                    "type": "emoji",
                                    "name": "champagne"
                                }
                            ]
                        }
                    ]
                }
            ],
            "thread_ts": "1597625063.026900",
            "reply_count": 3,
            "reply_users_count": 2,
            "latest_reply": "1597807536.044500",
            "reply_users": [
                "U0174BRV404",
                "UQ553K7DY"
            ],
            "subscribed": false
        },
        "blocks": [
            {
                "type": "rich_text",
                "block_id": "CWr",
                "elements": [
                    {
                        "type": "rich_text_section",
                        "elements": [
                            {
                                "type": "text",
                                "text": "Congratulations Lana!"
                            },
                            {
                                "type": "emoji",
                                "name": "+1"
                            },
                            {
                                "type": "emoji",
                                "name": "star-struck"
                            },
                            {
                                "type": "text",
                                "text": " let's get it going!"
                            }
                        ]
                    }
                ]
            }
        ],
        "client_msg_id": "a495a1de-f1c6-434b-ac1d-1edccdc998be"
    },
    {
        "client_msg_id": "b41bcfb4-8bc7-4972-84db-28ab4a5ec976",
        "type": "message",
        "text": "yes! let's chat later today about what comes next :slightly_smiling_face:",
        "user": "UQ553K7DY",
        "ts": "1597807445.044300",
        "team": "TKFJE6LDR",
        "user_team": "TKFJE6LDR",
        "source_team": "TKFJE6LDR",
        "user_profile": {
            "avatar_hash": "e0f8604c1079",
            "image_72": "https:\/\/avatars.slack-edge.com\/2020-10-26\/1445509834998_e0f8604c1079f923f3e9_72.png",
            "first_name": "Loquacity",
            "real_name": "Loquacity",
            "display_name": "Loquacity",
            "team": "TKFJE6LDR",
            "name": "slack1",
            "is_restricted": false,
            "is_ultra_restricted": false
        },
        "blocks": [
            {
                "type": "rich_text",
                "block_id": "tmWi",
                "elements": [
                    {
                        "type": "rich_text_section",
                        "elements": [
                            {
                                "type": "text",
                                "text": "yes! let's chat later today about what comes next "
                            },
                            {
                                "type": "emoji",
                                "name": "slightly_smiling_face"
                            }
                        ]
                    }
                ]
            }
        ],
        "thread_ts": "1597625063.026900",
        "parent_user_id": "UQ553K7DY"
    },
    {
        "type": "message",
        "subtype": "thread_broadcast",
        "text": "Sure thing! :slightly_smiling_face:",
        "user": "U0174BRV404",
        "ts": "1597807536.044500",
        "thread_ts": "1597625063.026900",
        "root": {
            "client_msg_id": "e7480610-b527-411a-8946-2bb125fc5b7a",
            "type": "message",
            "text": "hey everyone, just received my acceptance for the IA project, thanks to all the hard work from everyone ... now let's make it happen! :tada: :champagne:",
            "user": "UQ553K7DY",
            "ts": "1597625063.026900",
            "team": "TKFJE6LDR",
            "blocks": [
                {
                    "type": "rich_text",
                    "block_id": "uhdQ",
                    "elements": [
                        {
                            "type": "rich_text_section",
                            "elements": [
                                {
                                    "type": "text",
                                    "text": "hey everyone, just received my acceptance for the IA project, thanks to all the hard work from everyone ... now let's make it happen! "
                                },
                                {
                                    "type": "emoji",
                                    "name": "tada"
                                },
                                {
                                    "type": "text",
                                    "text": " "
                                },
                                {
                                    "type": "emoji",
                                    "name": "champagne"
                                }
                            ]
                        }
                    ]
                }
            ],
            "thread_ts": "1597625063.026900",
            "reply_count": 3,
            "reply_users_count": 2,
            "latest_reply": "1597807536.044500",
            "reply_users": [
                "U0174BRV404",
                "UQ553K7DY"
            ],
            "subscribed": false
        },
        "blocks": [
            {
                "type": "rich_text",
                "block_id": "Rxmq",
                "elements": [
                    {
                        "type": "rich_text_section",
                        "elements": [
                            {
                                "type": "text",
                                "text": "Sure thing! "
                            },
                            {
                                "type": "emoji",
                                "name": "slightly_smiling_face"
                            }
                        ]
                    }
                ]
            }
        ],
        "client_msg_id": "f6d74bb4-18e3-4c44-a27f-dfd8f8eac113"
    }
]