[
    {
        "client_msg_id": "6bbb8e9b-7fe7-45a6-95a5-2c5c6d245c7f",
        "type": "message",
        "text": "Thanks a ton <@UKV4ZPEFQ> :star-struck:",
        "user": "U0170HMB87K",
        "ts": "1598433942.033400",
        "team": "TKFJE6LDR",
        "user_team": "TKFJE6LDR",
        "source_team": "TKFJE6LDR",
        "user_profile": {
            "avatar_hash": "f39553b0636b",
            "image_72": "https:\/\/avatars.slack-edge.com\/2020-07-22\/1249269540710_f39553b0636b29704992_72.jpg",
            "first_name": "",
            "real_name": "Ankita",
            "display_name": "Ankita",
            "team": "TKFJE6LDR",
            "name": "ankitatripathi.2312",
            "is_restricted": false,
            "is_ultra_restricted": false
        },
        "blocks": [
            {
                "type": "rich_text",
                "block_id": "A0x",
                "elements": [
                    {
                        "type": "rich_text_section",
                        "elements": [
                            {
                                "type": "text",
                                "text": "Thanks a ton "
                            },
                            {
                                "type": "user",
                                "user_id": "UKV4ZPEFQ"
                            },
                            {
                                "type": "text",
                                "text": " "
                            },
                            {
                                "type": "emoji",
                                "name": "star-struck"
                            }
                        ]
                    }
                ]
            }
        ],
        "thread_ts": "1598386180.029000",
        "parent_user_id": "UKTGLQNGG"
    },
    {
        "client_msg_id": "95c21fdd-e818-40ec-8aaf-0d049e75d8b9",
        "type": "message",
        "text": "Hey folks, I'm sorry about the late notice, but I won't be able to join the call coming up shortly. Hope to have some more progress\/news\/annoyances to share next week, though",
        "user": "U011GCVJFQF",
        "ts": "1598437203.034800",
        "team": "TKFJE6LDR",
        "user_team": "TKFJE6LDR",
        "source_team": "TKFJE6LDR",
        "user_profile": {
            "avatar_hash": "5859193991fb",
            "image_72": "https:\/\/avatars.slack-edge.com\/2020-04-16\/1066602100115_5859193991fb4bbebcdf_72.png",
            "first_name": "",
            "real_name": "Daniel Beck",
            "display_name": "Daniel Beck",
            "team": "TKFJE6LDR",
            "name": "daniel",
            "is_restricted": false,
            "is_ultra_restricted": false
        },
        "blocks": [
            {
                "type": "rich_text",
                "block_id": "Zwwp7",
                "elements": [
                    {
                        "type": "rich_text_section",
                        "elements": [
                            {
                                "type": "text",
                                "text": "Hey folks, I'm sorry about the late notice, but I won't be able to join the call coming up shortly. Hope to have some more progress\/news\/annoyances to share next week, though"
                            }
                        ]
                    }
                ]
            }
        ],
        "reactions": [
            {
                "name": "+1",
                "users": [
                    "UQ553K7DY",
                    "UKVC4NB71"
                ],
                "count": 2
            }
        ]
    },
    {
        "client_msg_id": "401928a5-2dee-412a-bcd7-c45ad2a40748",
        "type": "message",
        "text": "Okay, question for you: if you get sponsored for your Docs Audit proposal, would you be up to presenting it at Write the Docs AU\/IN - either as a stand alone, or part of a GDP 2.0 presentation? (I'm crafting text now in meeting notes).",
        "user": "UKTGLQNGG",
        "ts": "1598437324.036700",
        "team": "TKFJE6LDR",
        "user_team": "TKFJE6LDR",
        "source_team": "TKFJE6LDR",
        "user_profile": {
            "avatar_hash": "d6f4de222bb1",
            "image_72": "https:\/\/avatars.slack-edge.com\/2020-07-20\/1235580478119_d6f4de222bb1ed6b5960_72.jpg",
            "first_name": "Cameron",
            "real_name": "Cameron Shorter",
            "display_name": "cameronshorter",
            "team": "TKFJE6LDR",
            "name": "cameron.shorter",
            "is_restricted": false,
            "is_ultra_restricted": false
        },
        "blocks": [
            {
                "type": "rich_text",
                "block_id": "3WpmN",
                "elements": [
                    {
                        "type": "rich_text_section",
                        "elements": [
                            {
                                "type": "text",
                                "text": "Okay, question for you: if you get sponsored for your Docs Audit proposal, would you be up to presenting it at Write the Docs AU\/IN - either as a stand alone, or part of a GDP 2.0 presentation? (I'm crafting text now in meeting notes)."
                            }
                        ]
                    }
                ]
            }
        ]
    },
    {
        "client_msg_id": "4f21d68d-d390-42ae-8a6f-b284ccbbaddd",
        "type": "message",
        "text": "APEC meeting now: <https:\/\/meet.google.com\/nuj-qvxw-vvt?authuser=0>",
        "user": "UKTGLQNGG",
        "ts": "1598438020.037000",
        "team": "TKFJE6LDR",
        "user_team": "TKFJE6LDR",
        "source_team": "TKFJE6LDR",
        "user_profile": {
            "avatar_hash": "d6f4de222bb1",
            "image_72": "https:\/\/avatars.slack-edge.com\/2020-07-20\/1235580478119_d6f4de222bb1ed6b5960_72.jpg",
            "first_name": "Cameron",
            "real_name": "Cameron Shorter",
            "display_name": "cameronshorter",
            "team": "TKFJE6LDR",
            "name": "cameron.shorter",
            "is_restricted": false,
            "is_ultra_restricted": false
        },
        "attachments": [
            {
                "title": "Meet",
                "title_link": "https:\/\/meet.google.com\/nuj-qvxw-vvt?authuser=0",
                "text": "Real-time meetings by Google. Using your browser, share your video, desktop, and presentations with teammates and customers.",
                "fallback": "Meet",
                "thumb_url": "https:\/\/www.gstatic.com\/images\/branding\/product\/2x\/meet_96dp.png",
                "from_url": "https:\/\/meet.google.com\/nuj-qvxw-vvt?authuser=0",
                "thumb_width": 192,
                "thumb_height": 192,
                "service_icon": "http:\/\/www.gstatic.com\/images\/branding\/product\/1x\/meet_16dp.png",
                "service_name": "meet.google.com",
                "id": 1,
                "original_url": "https:\/\/meet.google.com\/nuj-qvxw-vvt?authuser=0"
            }
        ],
        "blocks": [
            {
                "type": "rich_text",
                "block_id": "N=fF",
                "elements": [
                    {
                        "type": "rich_text_section",
                        "elements": [
                            {
                                "type": "text",
                                "text": "APEC meeting now: "
                            },
                            {
                                "type": "link",
                                "url": "https:\/\/meet.google.com\/nuj-qvxw-vvt?authuser=0"
                            }
                        ]
                    }
                ]
            }
        ]
    },
    {
        "client_msg_id": "2c98e187-a9f8-4388-aa03-57cdef379740",
        "type": "message",
        "text": "I went and updated my review on this MR in context of what was discussed tonight in the meeting.",
        "user": "UKVC4NB71",
        "ts": "1598441878.037400",
        "team": "TKFJE6LDR",
        "user_team": "TKFJE6LDR",
        "source_team": "TKFJE6LDR",
        "user_profile": {
            "avatar_hash": "c7d9788d4436",
            "image_72": "https:\/\/avatars.slack-edge.com\/2019-10-30\/814314609877_c7d9788d4436969613a7_72.jpg",
            "first_name": "Jared",
            "real_name": "Jared Morgan",
            "display_name": "jaredmorgs",
            "team": "TKFJE6LDR",
            "name": "jaredleonmorgan",
            "is_restricted": false,
            "is_ultra_restricted": false
        },
        "blocks": [
            {
                "type": "rich_text",
                "block_id": "ILd",
                "elements": [
                    {
                        "type": "rich_text_section",
                        "elements": [
                            {
                                "type": "text",
                                "text": "I went and updated my review on this MR in context of what was discussed tonight in the meeting."
                            }
                        ]
                    }
                ]
            }
        ],
        "thread_ts": "1598390515.032300",
        "parent_user_id": "UKTGLQNGG",
        "reactions": [
            {
                "name": "+1",
                "users": [
                    "UKTGLQNGG"
                ],
                "count": 1
            }
        ]
    },
    {
        "client_msg_id": "09364187-5577-48ef-80cb-3aa2b786cfd6",
        "type": "message",
        "text": "AU\/US weekly meeting now: <https:\/\/meet.google.com\/nuj-qvxw-vvt?authuser=0>",
        "user": "UKTGLQNGG",
        "ts": "1598475663.038000",
        "team": "TKFJE6LDR",
        "user_team": "TKFJE6LDR",
        "source_team": "TKFJE6LDR",
        "user_profile": {
            "avatar_hash": "d6f4de222bb1",
            "image_72": "https:\/\/avatars.slack-edge.com\/2020-07-20\/1235580478119_d6f4de222bb1ed6b5960_72.jpg",
            "first_name": "Cameron",
            "real_name": "Cameron Shorter",
            "display_name": "cameronshorter",
            "team": "TKFJE6LDR",
            "name": "cameron.shorter",
            "is_restricted": false,
            "is_ultra_restricted": false
        },
        "attachments": [
            {
                "title": "Meet",
                "title_link": "https:\/\/meet.google.com\/nuj-qvxw-vvt?authuser=0",
                "text": "Real-time meetings by Google. Using your browser, share your video, desktop, and presentations with teammates and customers.",
                "fallback": "Meet",
                "thumb_url": "https:\/\/www.gstatic.com\/images\/branding\/product\/2x\/meet_96dp.png",
                "from_url": "https:\/\/meet.google.com\/nuj-qvxw-vvt?authuser=0",
                "thumb_width": 192,
                "thumb_height": 192,
                "service_icon": "http:\/\/www.gstatic.com\/images\/branding\/product\/1x\/meet_16dp.png",
                "service_name": "meet.google.com",
                "id": 1,
                "original_url": "https:\/\/meet.google.com\/nuj-qvxw-vvt?authuser=0"
            }
        ],
        "blocks": [
            {
                "type": "rich_text",
                "block_id": "K2d",
                "elements": [
                    {
                        "type": "rich_text_section",
                        "elements": [
                            {
                                "type": "text",
                                "text": "AU\/US weekly meeting now: "
                            },
                            {
                                "type": "link",
                                "url": "https:\/\/meet.google.com\/nuj-qvxw-vvt?authuser=0"
                            }
                        ]
                    }
                ]
            }
        ],
        "thread_ts": "1598475663.038000",
        "reply_count": 2,
        "reply_users_count": 2,
        "latest_reply": "1598478880.040200",
        "reply_users": [
            "U012KCMPP0V",
            "UKTGLQNGG"
        ],
        "replies": [
            {
                "user": "U012KCMPP0V",
                "ts": "1598477741.039600"
            },
            {
                "user": "UKTGLQNGG",
                "ts": "1598478880.040200"
            }
        ],
        "subscribed": false
    },
    {
        "client_msg_id": "f547cb7c-08ff-4805-aade-fa8c0432a8ac",
        "type": "message",
        "text": "Sorry that I keep missing meetings! This time it was because my son missed the bus and needed me to pick him up...",
        "user": "U012KCMPP0V",
        "ts": "1598477741.039600",
        "team": "TKFJE6LDR",
        "user_team": "TKFJE6LDR",
        "source_team": "TKFJE6LDR",
        "user_profile": {
            "avatar_hash": "b26729f0b5f2",
            "image_72": "https:\/\/avatars.slack-edge.com\/2020-04-27\/1089031639347_b26729f0b5f2375494a1_72.png",
            "first_name": "Alyssa",
            "real_name": "Alyssa",
            "display_name": "Alyssa",
            "team": "TKFJE6LDR",
            "name": "alyssa.rock.biz",
            "is_restricted": false,
            "is_ultra_restricted": false
        },
        "blocks": [
            {
                "type": "rich_text",
                "block_id": "7gZ",
                "elements": [
                    {
                        "type": "rich_text_section",
                        "elements": [
                            {
                                "type": "text",
                                "text": "Sorry that I keep missing meetings! This time it was because my son missed the bus and needed me to pick him up..."
                            }
                        ]
                    }
                ]
            }
        ],
        "thread_ts": "1598475663.038000",
        "parent_user_id": "UKTGLQNGG"
    },
    {
        "client_msg_id": "a26bc1e7-9591-489a-8031-05b9d45c9b97",
        "type": "message",
        "text": "Hello folks, I’ve created the <#C019Y7ZCKR7|hugo-migration> channel to help us coordinate our efforts as we move the website from Jekyll to Hugo. Please join the channel if you want to help out!",
        "user": "U015W4HK0HL",
        "ts": "1598477760.040100",
        "team": "TKFJE6LDR",
        "user_team": "TKFJE6LDR",
        "source_team": "TKFJE6LDR",
        "user_profile": {
            "avatar_hash": "gcfe00a65e02",
            "image_72": "https:\/\/secure.gravatar.com\/avatar\/cfe00a65e02072b85ad937ab0e735882.jpg?s=72&d=https%3A%2F%2Fa.slack-edge.com%2Fdf10d%2Fimg%2Favatars%2Fava_0002-72.png",
            "first_name": "",
            "real_name": "Rigs Caballero",
            "display_name": "Rigs Caballero",
            "team": "TKFJE6LDR",
            "name": "grca",
            "is_restricted": false,
            "is_ultra_restricted": false
        },
        "blocks": [
            {
                "type": "rich_text",
                "block_id": "HPY",
                "elements": [
                    {
                        "type": "rich_text_section",
                        "elements": [
                            {
                                "type": "text",
                                "text": "Hello folks, I’ve created the "
                            },
                            {
                                "type": "channel",
                                "channel_id": "C019Y7ZCKR7"
                            },
                            {
                                "type": "text",
                                "text": " channel to help us coordinate our efforts as we move the website from Jekyll to Hugo. Please join the channel if you want to help out!"
                            }
                        ]
                    }
                ]
            }
        ],
        "reactions": [
            {
                "name": "+1",
                "users": [
                    "UKVC4NB71",
                    "UL2AA1FF1",
                    "UKV4ZPEFQ",
                    "U018ZJ0H27Q",
                    "U018BJR6JQN"
                ],
                "count": 5
            }
        ]
    },
    {
        "client_msg_id": "30402b1c-ae20-4071-bfb0-3f4630741f38",
        "type": "message",
        "text": "A noble reason. It would be good if I could touch base with you before the Glossary meeting. Why don't you chat me when you have a spare moment.",
        "user": "UKTGLQNGG",
        "ts": "1598478880.040200",
        "team": "TKFJE6LDR",
        "user_team": "TKFJE6LDR",
        "source_team": "TKFJE6LDR",
        "user_profile": {
            "avatar_hash": "d6f4de222bb1",
            "image_72": "https:\/\/avatars.slack-edge.com\/2020-07-20\/1235580478119_d6f4de222bb1ed6b5960_72.jpg",
            "first_name": "Cameron",
            "real_name": "Cameron Shorter",
            "display_name": "cameronshorter",
            "team": "TKFJE6LDR",
            "name": "cameron.shorter",
            "is_restricted": false,
            "is_ultra_restricted": false
        },
        "blocks": [
            {
                "type": "rich_text",
                "block_id": "IDW",
                "elements": [
                    {
                        "type": "rich_text_section",
                        "elements": [
                            {
                                "type": "text",
                                "text": "A noble reason. It would be good if I could touch base with you before the Glossary meeting. Why don't you chat me when you have a spare moment."
                            }
                        ]
                    }
                ]
            }
        ],
        "thread_ts": "1598475663.038000",
        "parent_user_id": "UKTGLQNGG"
    }
]