[
    {
        "bot_id": "B01",
        "type": "message",
        "text": "Reminder: remember to add items to the Weekly Meeting agenda before our meeting Wednesdays UTC 21:00!",
        "user": "USLACKBOT",
        "ts": "1597161634.130700",
        "team": "TKFJE6LDR",
        "thread_ts": "1597161634.130700",
        "reply_count": 1,
        "reply_users_count": 1,
        "latest_reply": "1597173906.138200",
        "reply_users": [
            "UKTGLQNGG"
        ],
        "replies": [
            {
                "user": "UKTGLQNGG",
                "ts": "1597173906.138200"
            }
        ],
        "subscribed": false
    },
    {
        "client_msg_id": "7cc31476-9d56-4060-9b5a-9b32b8ba56ed",
        "type": "message",
        "text": "hi folks -- unfortunately due to a (nonCovid) illness in my family I won't be able to make tomorrow's US timezone meeting",
        "user": "UL2AA1FF1",
        "ts": "1597172581.131400",
        "team": "TKFJE6LDR",
        "user_team": "TKFJE6LDR",
        "source_team": "TKFJE6LDR",
        "user_profile": {
            "avatar_hash": "22135067b36d",
            "image_72": "https:\/\/avatars.slack-edge.com\/2019-10-23\/805254797908_22135067b36dfb715e99_72.jpg",
            "first_name": "",
            "real_name": "Erin McKean",
            "display_name": "Erin McKean",
            "team": "TKFJE6LDR",
            "name": "emckean",
            "is_restricted": false,
            "is_ultra_restricted": false
        },
        "blocks": [
            {
                "type": "rich_text",
                "block_id": "1+N",
                "elements": [
                    {
                        "type": "rich_text_section",
                        "elements": [
                            {
                                "type": "text",
                                "text": "hi folks -- unfortunately due to a (nonCovid) illness in my family I won't be able to make tomorrow's US timezone meeting"
                            }
                        ]
                    }
                ]
            }
        ],
        "reactions": [
            {
                "name": "face_with_thermometer",
                "users": [
                    "UKTGLQNGG",
                    "U012KCMPP0V"
                ],
                "count": 2
            },
            {
                "name": "sob",
                "users": [
                    "U012KCMPP0V"
                ],
                "count": 1
            }
        ]
    },
    {
        "client_msg_id": "e17cd96e-3bcf-4be7-849a-7959dc30d5ce",
        "type": "message",
        "text": "Around 15 new folks have join our list this week. Welcome. I'm guessing you might have heard about this project during Write The Docs Portland which wraps up today. Our weekly meeting this week will be in 15 hours (APEC friendly, 8:30pm in Australian Eastern time) or 26 hours (US friendly, 2pm US Pacific time). If you would like to join us, private message me your email address and timeslot of interest and I'll add you to the Google Meet meeting invite.",
        "user": "UKTGLQNGG",
        "ts": "1597173357.137800",
        "team": "TKFJE6LDR",
        "user_team": "TKFJE6LDR",
        "source_team": "TKFJE6LDR",
        "user_profile": {
            "avatar_hash": "d6f4de222bb1",
            "image_72": "https:\/\/avatars.slack-edge.com\/2020-07-20\/1235580478119_d6f4de222bb1ed6b5960_72.jpg",
            "first_name": "Cameron",
            "real_name": "Cameron Shorter",
            "display_name": "cameronshorter",
            "team": "TKFJE6LDR",
            "name": "cameron.shorter",
            "is_restricted": false,
            "is_ultra_restricted": false
        },
        "blocks": [
            {
                "type": "rich_text",
                "block_id": "dJ+q",
                "elements": [
                    {
                        "type": "rich_text_section",
                        "elements": [
                            {
                                "type": "text",
                                "text": "Around 15 new folks have join our list this week. Welcome. I'm guessing you might have heard about this project during Write The Docs Portland which wraps up today. Our weekly meeting this week will be in 15 hours (APEC friendly, 8:30pm in Australian Eastern time) or 26 hours (US friendly, 2pm US Pacific time). If you would like to join us, private message me your email address and timeslot of interest and I'll add you to the Google Meet meeting invite."
                            }
                        ]
                    }
                ]
            }
        ],
        "reactions": [
            {
                "name": "tada",
                "users": [
                    "U012KCMPP0V",
                    "U015GARCR8X",
                    "UQ553K7DY"
                ],
                "count": 3
            }
        ]
    },
    {
        "client_msg_id": "e2302a39-8e37-44ec-9e58-88694c16ce65",
        "type": "message",
        "text": "<@UL2AA1FF1> would you mind updating this slackbot to add a link to our meeting agenda <https:\/\/docs.google.com\/document\/d\/13xr5PLMMqm6Rz_yXzxl5WMOwY9H6liB1abU_i0-ws60\/edit#>",
        "user": "UKTGLQNGG",
        "ts": "1597173906.138200",
        "team": "TKFJE6LDR",
        "user_team": "TKFJE6LDR",
        "source_team": "TKFJE6LDR",
        "user_profile": {
            "avatar_hash": "d6f4de222bb1",
            "image_72": "https:\/\/avatars.slack-edge.com\/2020-07-20\/1235580478119_d6f4de222bb1ed6b5960_72.jpg",
            "first_name": "Cameron",
            "real_name": "Cameron Shorter",
            "display_name": "cameronshorter",
            "team": "TKFJE6LDR",
            "name": "cameron.shorter",
            "is_restricted": false,
            "is_ultra_restricted": false
        },
        "blocks": [
            {
                "type": "rich_text",
                "block_id": "Jyv",
                "elements": [
                    {
                        "type": "rich_text_section",
                        "elements": [
                            {
                                "type": "user",
                                "user_id": "UL2AA1FF1"
                            },
                            {
                                "type": "text",
                                "text": " would you mind updating this slackbot to add a link to our meeting agenda "
                            },
                            {
                                "type": "link",
                                "url": "https:\/\/docs.google.com\/document\/d\/13xr5PLMMqm6Rz_yXzxl5WMOwY9H6liB1abU_i0-ws60\/edit#"
                            }
                        ]
                    }
                ]
            }
        ],
        "thread_ts": "1597161634.130700",
        "parent_user_id": "USLACKBOT",
        "reactions": [
            {
                "name": "+1",
                "users": [
                    "UL2AA1FF1"
                ],
                "count": 1
            }
        ]
    },
    {
        "client_msg_id": "07c5f2cf-f439-484e-913f-d4cd55f3dffc",
        "type": "message",
        "text": "We've discovered <https:\/\/trac.osgeo.org\/osgeo\/ticket\/2493|auto-subscription issues> with the Geolexicon email list. If you are interested in joining our <https:\/\/docs.google.com\/document\/d\/1Fjrl34ErnYammel9WmvXJ3rMWFANjoSiiGyyNSYOXUg\/edit|cross-domain management of glossaries pilot project>, then reach out to me directly and I'll add you to the list.",
        "user": "UKTGLQNGG",
        "ts": "1597177600.140900",
        "team": "TKFJE6LDR",
        "user_team": "TKFJE6LDR",
        "source_team": "TKFJE6LDR",
        "user_profile": {
            "avatar_hash": "d6f4de222bb1",
            "image_72": "https:\/\/avatars.slack-edge.com\/2020-07-20\/1235580478119_d6f4de222bb1ed6b5960_72.jpg",
            "first_name": "Cameron",
            "real_name": "Cameron Shorter",
            "display_name": "cameronshorter",
            "team": "TKFJE6LDR",
            "name": "cameron.shorter",
            "is_restricted": false,
            "is_ultra_restricted": false
        },
        "blocks": [
            {
                "type": "rich_text",
                "block_id": "iC2",
                "elements": [
                    {
                        "type": "rich_text_section",
                        "elements": [
                            {
                                "type": "text",
                                "text": "We've discovered "
                            },
                            {
                                "type": "link",
                                "url": "https:\/\/trac.osgeo.org\/osgeo\/ticket\/2493",
                                "text": "auto-subscription issues"
                            },
                            {
                                "type": "text",
                                "text": " with the Geolexicon email list. If you are interested in joining our "
                            },
                            {
                                "type": "link",
                                "url": "https:\/\/docs.google.com\/document\/d\/1Fjrl34ErnYammel9WmvXJ3rMWFANjoSiiGyyNSYOXUg\/edit",
                                "text": "cross-domain management of glossaries pilot project"
                            },
                            {
                                "type": "text",
                                "text": ", then reach out to me directly and I'll add you to the list."
                            }
                        ]
                    }
                ]
            }
        ]
    },
    {
        "client_msg_id": "019f2584-6cb2-4648-8cf6-0439544ea1ec",
        "type": "message",
        "text": "Hey there, everyone! :wave: Cameron has asked me to contribute to TGD Project, after meeting via Google Season of Docs :simple_smile: Most recently I was Docs Lead\/Editorial Lead at Automattic, owning 1,400+ pages at <http:\/\/WooCommerce.com|WooCommerce.com> and serving as last eyes on all written assets. Right now I'm on sabbatical with focus on all things API. Have already gotten an overview of what you're working on, and will do my best to join both hangouts to say hi. Happy Wednesday! :sunny:",
        "user": "U0188RXH77Z",
        "ts": "1597205372.007100",
        "team": "TKFJE6LDR",
        "user_team": "TKFJE6LDR",
        "source_team": "TKFJE6LDR",
        "user_profile": {
            "avatar_hash": "08efab20d6fa",
            "image_72": "https:\/\/avatars.slack-edge.com\/2020-08-12\/1295627146194_08efab20d6faa0c1f942_72.png",
            "first_name": "Kat",
            "real_name": "Kat Christofer",
            "display_name": "Kat",
            "team": "TKFJE6LDR",
            "name": "katchristofer",
            "is_restricted": false,
            "is_ultra_restricted": false
        },
        "blocks": [
            {
                "type": "rich_text",
                "block_id": "\/d6=6",
                "elements": [
                    {
                        "type": "rich_text_section",
                        "elements": [
                            {
                                "type": "text",
                                "text": "Hey there, everyone! "
                            },
                            {
                                "type": "emoji",
                                "name": "wave"
                            },
                            {
                                "type": "text",
                                "text": " Cameron has asked me to contribute to TGD Project, after meeting via Google Season of Docs "
                            },
                            {
                                "type": "emoji",
                                "name": "simple_smile"
                            },
                            {
                                "type": "text",
                                "text": " Most recently I was Docs Lead\/Editorial Lead at Automattic, owning 1,400+ pages at "
                            },
                            {
                                "type": "link",
                                "url": "http:\/\/WooCommerce.com",
                                "text": "WooCommerce.com"
                            },
                            {
                                "type": "text",
                                "text": " and serving as last eyes on all written assets. Right now I'm on sabbatical with focus on all things API. Have already gotten an overview of what you're working on, and will do my best to join both hangouts to say hi. Happy Wednesday! "
                            },
                            {
                                "type": "emoji",
                                "name": "sunny"
                            }
                        ]
                    }
                ]
            }
        ],
        "reactions": [
            {
                "name": "wave::skin-tone-2",
                "users": [
                    "UKVC4NB71",
                    "UKTGLQNGG",
                    "UQ553K7DY",
                    "U0170HMB87K",
                    "UL2AA1FF1"
                ],
                "count": 5
            }
        ]
    },
    {
        "client_msg_id": "e3e5cd4c-0505-47ff-bdc5-c04edc5e358c",
        "type": "message",
        "text": "<@U0188RXH77Z> submitted one of the standout submissions for Season of Docs, has lots of impressive experience, some great ideas and writes really well. I'm really exciting to see her join us.",
        "user": "UKTGLQNGG",
        "ts": "1597205837.010100",
        "team": "TKFJE6LDR",
        "user_team": "TKFJE6LDR",
        "source_team": "TKFJE6LDR",
        "user_profile": {
            "avatar_hash": "d6f4de222bb1",
            "image_72": "https:\/\/avatars.slack-edge.com\/2020-07-20\/1235580478119_d6f4de222bb1ed6b5960_72.jpg",
            "first_name": "Cameron",
            "real_name": "Cameron Shorter",
            "display_name": "cameronshorter",
            "team": "TKFJE6LDR",
            "name": "cameron.shorter",
            "is_restricted": false,
            "is_ultra_restricted": false
        },
        "blocks": [
            {
                "type": "rich_text",
                "block_id": "4py",
                "elements": [
                    {
                        "type": "rich_text_section",
                        "elements": [
                            {
                                "type": "user",
                                "user_id": "U0188RXH77Z"
                            },
                            {
                                "type": "text",
                                "text": " submitted one of the standout submissions for Season of Docs, has lots of impressive experience, some great ideas and writes really well. I'm really exciting to see her join us."
                            }
                        ]
                    }
                ]
            }
        ],
        "reactions": [
            {
                "name": "woman-bowing::skin-tone-2",
                "users": [
                    "U0188RXH77Z"
                ],
                "count": 1
            }
        ]
    }
]