[
    {
        "type": "message",
        "subtype": "thread_broadcast",
        "text": "I have merged this PR into the main branch.",
        "user": "UKVC4NB71",
        "ts": "1598955283.007500",
        "thread_ts": "1598905727.005900",
        "root": {
            "client_msg_id": "4bde3955-ccad-4fcc-a0fb-deaf23d3f8b8",
            "type": "message",
            "text": "<@UL3UNUMK6> <@UKG4RHGBD> <@UKV4ZPEFQ> <@U0170HMB87K> <@U019868JEQ0> Thanks for your review of the processes 2.0. So we have a paper-trail of support, could you please select\nAdd your review &gt; Review changes &gt; Approve.\n(I can see that <@U012Y26QWNA> <@UKVC4NB71> <@UQ553K7DY> have already done this. Thanks.)\nIf anyone else has reviewed as well, please also add your review approval.\n<https:\/\/github.com\/thegooddocsproject\/thegooddocsproject.github.io\/pull\/43>",
            "user": "UKTGLQNGG",
            "ts": "1598905727.005900",
            "team": "TKFJE6LDR",
            "attachments": [
                {
                    "author_name": "camerons",
                    "fallback": "[thegooddocsproject\/thegooddocsproject.github.io] #43 Add community processes 2.0: ",
                    "text": "Updates processes for: decisions, prioritization, proposal-selection, roles.  \nFixes <https:\/\/github.com\/thegooddocsproject\/thegooddocsproject.github.io\/issues\/42|#42>\n\nAs this is a significant update to processes, we should endevour to get +1 votes from all PSC members.\n\n• Cameron Shorter (person raising this pull request, voting +1)\n• Felicity Brand\n• Jo Cook\n• Jared Morgan\n• Erin McKean\n• Clarence Cromwell\n\nReview and comments from other community members are welcomed.\n\nNote 1: I'm hoping most feedback will be captured as a separate issue, and applied to a future version of these docs. That way we can get working processes in place, and start promoting community members into roles.\n\nNote 2: We don't yet have a Code of Conduct Committee role. That is something which was postponed to a future version so we can get these processes in place without being blocked.\n\nNote 3: I'm ashamed to admit that I haven't managed to get a working local environment stood up, and hence have only visually checked links in this update. It would be great if someone could check that for me.",
                    "title": "#43 Add community processes 2.0: ",
                    "footer": "<https:\/\/github.com\/thegooddocsproject\/thegooddocsproject.github.io|thegooddocsproject\/thegooddocsproject.github.io>",
                    "id": 1,
                    "title_link": "https:\/\/github.com\/thegooddocsproject\/thegooddocsproject.github.io\/pull\/43",
                    "author_link": "https:\/\/github.com\/camerons",
                    "author_icon": "https:\/\/avatars0.githubusercontent.com\/u\/1243535?v=4",
                    "footer_icon": "https:\/\/github.githubassets.com\/favicon.ico",
                    "ts": 1598223017,
                    "color": "36a64f",
                    "fields": [
                        {
                            "title": "Comments",
                            "value": "5",
                            "short": true
                        },
                        {
                            "title": "Reviewers",
                            "value": "@emckean, @cwcromwell",
                            "short": true
                        }
                    ],
                    "mrkdwn_in": [
                        "text"
                    ],
                    "bot_id": "BU8U6P6AH",
                    "app_unfurl_url": "https:\/\/github.com\/thegooddocsproject\/thegooddocsproject.github.io\/pull\/43",
                    "is_app_unfurl": true
                }
            ],
            "blocks": [
                {
                    "type": "rich_text",
                    "block_id": "bCzuS",
                    "elements": [
                        {
                            "type": "rich_text_section",
                            "elements": [
                                {
                                    "type": "user",
                                    "user_id": "UL3UNUMK6"
                                },
                                {
                                    "type": "text",
                                    "text": " "
                                },
                                {
                                    "type": "user",
                                    "user_id": "UKG4RHGBD"
                                },
                                {
                                    "type": "text",
                                    "text": " "
                                },
                                {
                                    "type": "user",
                                    "user_id": "UKV4ZPEFQ"
                                },
                                {
                                    "type": "text",
                                    "text": " "
                                },
                                {
                                    "type": "user",
                                    "user_id": "U0170HMB87K"
                                },
                                {
                                    "type": "text",
                                    "text": " "
                                },
                                {
                                    "type": "user",
                                    "user_id": "U019868JEQ0"
                                },
                                {
                                    "type": "text",
                                    "text": " Thanks for your review of the processes 2.0. So we have a paper-trail of support, could you please select\nAdd your review > Review changes > Approve.\n(I can see that "
                                },
                                {
                                    "type": "user",
                                    "user_id": "U012Y26QWNA"
                                },
                                {
                                    "type": "text",
                                    "text": " "
                                },
                                {
                                    "type": "user",
                                    "user_id": "UKVC4NB71"
                                },
                                {
                                    "type": "text",
                                    "text": " "
                                },
                                {
                                    "type": "user",
                                    "user_id": "UQ553K7DY"
                                },
                                {
                                    "type": "text",
                                    "text": " have already done this. Thanks.)\nIf anyone else has reviewed as well, please also add your review approval.\n"
                                },
                                {
                                    "type": "link",
                                    "url": "https:\/\/github.com\/thegooddocsproject\/thegooddocsproject.github.io\/pull\/43"
                                }
                            ]
                        }
                    ]
                }
            ],
            "thread_ts": "1598905727.005900",
            "reply_count": 4,
            "reply_users_count": 2,
            "latest_reply": "1598955283.007500",
            "reply_users": [
                "U019868JEQ0",
                "UKVC4NB71"
            ],
            "subscribed": true,
            "last_read": "1599001441.710948"
        },
        "blocks": [
            {
                "type": "rich_text",
                "block_id": "5ip3=",
                "elements": [
                    {
                        "type": "rich_text_section",
                        "elements": [
                            {
                                "type": "text",
                                "text": "I have merged this PR into the main branch."
                            }
                        ]
                    }
                ]
            }
        ],
        "client_msg_id": "ecfc6fb0-8111-443c-85b1-2820f43e0daa",
        "reactions": [
            {
                "name": "thankyou",
                "users": [
                    "UKTGLQNGG"
                ],
                "count": 1
            },
            {
                "name": "100",
                "users": [
                    "UQ553K7DY",
                    "U012Y26QWNA",
                    "U015GARCR8X"
                ],
                "count": 3
            },
            {
                "name": "+1",
                "users": [
                    "U012Y26QWNA",
                    "U0170HMB87K",
                    "U015GARCR8X",
                    "UKV4ZPEFQ"
                ],
                "count": 4
            }
        ]
    },
    {
        "bot_id": "B01",
        "type": "message",
        "text": "Reminder: remember to add items to the Weekly Meeting agenda before our meeting <https:\/\/github.com\/thegooddocsproject\/governance\/wiki\/Weekly-Meetings>",
        "user": "USLACKBOT",
        "ts": "1598976049.008300",
        "team": "TKFJE6LDR"
    },
    {
        "client_msg_id": "06eef925-dfea-4081-ae58-6563e3aa84d4",
        "type": "message",
        "text": "Proposed agenda for <https:\/\/docs.google.com\/document\/d\/13xr5PLMMqm6Rz_yXzxl5WMOwY9H6liB1abU_i0-ws60\/edit#|weekly meeting today\/tomorrow>:\nAgenda\/Notes:\n• IA architecture status (Lana)\n• Hugo migration getting started\n• Start inviting active people into our <https:\/\/thegooddocsproject.dev\/roles.html|project roles> (as per criteria)\n• Set up a glossary git repository\nPrivate chat me your email address if you would like an invite.",
        "user": "UKTGLQNGG",
        "ts": "1599000739.009700",
        "team": "TKFJE6LDR",
        "user_team": "TKFJE6LDR",
        "source_team": "TKFJE6LDR",
        "user_profile": {
            "avatar_hash": "d6f4de222bb1",
            "image_72": "https:\/\/avatars.slack-edge.com\/2020-07-20\/1235580478119_d6f4de222bb1ed6b5960_72.jpg",
            "first_name": "Cameron",
            "real_name": "Cameron Shorter",
            "display_name": "cameronshorter",
            "team": "TKFJE6LDR",
            "name": "cameron.shorter",
            "is_restricted": false,
            "is_ultra_restricted": false
        },
        "attachments": [
            {
                "service_name": "The Good Docs Project",
                "title": "Roles",
                "title_link": "https:\/\/thegooddocsproject.dev\/roles.html",
                "text": "Templates to make good docs.",
                "fallback": "The Good Docs Project: Roles",
                "from_url": "https:\/\/thegooddocsproject.dev\/roles.html",
                "id": 1,
                "original_url": "https:\/\/thegooddocsproject.dev\/roles.html"
            }
        ],
        "blocks": [
            {
                "type": "rich_text",
                "block_id": "nmeS",
                "elements": [
                    {
                        "type": "rich_text_section",
                        "elements": [
                            {
                                "type": "text",
                                "text": "Proposed agenda for "
                            },
                            {
                                "type": "link",
                                "url": "https:\/\/docs.google.com\/document\/d\/13xr5PLMMqm6Rz_yXzxl5WMOwY9H6liB1abU_i0-ws60\/edit#",
                                "text": "weekly meeting today\/tomorrow"
                            },
                            {
                                "type": "text",
                                "text": ":\nAgenda\/Notes:\n"
                            }
                        ]
                    },
                    {
                        "type": "rich_text_list",
                        "elements": [
                            {
                                "type": "rich_text_section",
                                "elements": [
                                    {
                                        "type": "text",
                                        "text": "IA architecture status (Lana)"
                                    }
                                ]
                            },
                            {
                                "type": "rich_text_section",
                                "elements": [
                                    {
                                        "type": "text",
                                        "text": "Hugo migration getting started"
                                    }
                                ]
                            },
                            {
                                "type": "rich_text_section",
                                "elements": [
                                    {
                                        "type": "text",
                                        "text": "Start inviting active people into our "
                                    },
                                    {
                                        "type": "link",
                                        "url": "https:\/\/thegooddocsproject.dev\/roles.html",
                                        "text": "project roles"
                                    },
                                    {
                                        "type": "text",
                                        "text": " (as per criteria)"
                                    }
                                ]
                            },
                            {
                                "type": "rich_text_section",
                                "elements": [
                                    {
                                        "type": "text",
                                        "text": "Set up a glossary git repository"
                                    }
                                ]
                            }
                        ],
                        "style": "bullet",
                        "indent": 0
                    },
                    {
                        "type": "rich_text_section",
                        "elements": [
                            {
                                "type": "text",
                                "text": "Private chat me your email address if you would like an invite."
                            }
                        ]
                    }
                ]
            }
        ],
        "thread_ts": "1599000739.009700",
        "reply_count": 2,
        "reply_users_count": 2,
        "latest_reply": "1599080015.011300",
        "reply_users": [
            "UL2AA1FF1",
            "UKTGLQNGG"
        ],
        "replies": [
            {
                "user": "UL2AA1FF1",
                "ts": "1599077597.011100"
            },
            {
                "user": "UKTGLQNGG",
                "ts": "1599080015.011300"
            }
        ],
        "subscribed": false,
        "reactions": [
            {
                "name": "100",
                "users": [
                    "UQ553K7DY",
                    "U0170HMB87K"
                ],
                "count": 2
            },
            {
                "name": "+1",
                "users": [
                    "U0174BRV404"
                ],
                "count": 1
            }
        ]
    }
]