[
    {
        "bot_id": "B01",
        "type": "message",
        "text": "Reminder: remember to add items to the Weekly Meeting agenda before our meeting <https:\/\/github.com\/thegooddocsproject\/governance\/wiki\/Weekly-Meetings>",
        "user": "USLACKBOT",
        "ts": "1598371222.024400",
        "team": "TKFJE6LDR"
    },
    {
        "client_msg_id": "b343b949-fb9d-4e73-b4e7-4510e1e46cde",
        "type": "message",
        "text": "As we are starting to get adhoc conversations happening off-channel about the cross-domain management of glossaries, I've set up a <#C019A1EQJMC|glossaries> channel so we can discuss things publicly, and not swamp our main channels.",
        "user": "UKTGLQNGG",
        "ts": "1598385664.026000",
        "team": "TKFJE6LDR",
        "user_team": "TKFJE6LDR",
        "source_team": "TKFJE6LDR",
        "user_profile": {
            "avatar_hash": "d6f4de222bb1",
            "image_72": "https:\/\/avatars.slack-edge.com\/2020-07-20\/1235580478119_d6f4de222bb1ed6b5960_72.jpg",
            "first_name": "Cameron",
            "real_name": "Cameron Shorter",
            "display_name": "cameronshorter",
            "team": "TKFJE6LDR",
            "name": "cameron.shorter",
            "is_restricted": false,
            "is_ultra_restricted": false
        },
        "blocks": [
            {
                "type": "rich_text",
                "block_id": "iTwDU",
                "elements": [
                    {
                        "type": "rich_text_section",
                        "elements": [
                            {
                                "type": "text",
                                "text": "As we are starting to get adhoc conversations happening off-channel about the cross-domain management of glossaries, I've set up a "
                            },
                            {
                                "type": "channel",
                                "channel_id": "C019A1EQJMC"
                            },
                            {
                                "type": "text",
                                "text": " channel so we can discuss things publicly, and not swamp our main channels."
                            }
                        ]
                    }
                ]
            }
        ]
    },
    {
        "client_msg_id": "d34b7981-eceb-4099-8e4b-119dc899bf1a",
        "type": "message",
        "text": "<@UKV4ZPEFQ> if you have the bandwidth, it would be great if you could hover in the channel at the start. <@U0170HMB87K> and <@U018GVAH3FX> are adopting your spreadsheet of glossary terms. I expect there will be a few questions at the start which you'll be able to answer for them - like where did you source xxx term? Or where is the original version of this sheet?",
        "user": "UKTGLQNGG",
        "ts": "1598386180.029000",
        "team": "TKFJE6LDR",
        "user_team": "TKFJE6LDR",
        "source_team": "TKFJE6LDR",
        "user_profile": {
            "avatar_hash": "d6f4de222bb1",
            "image_72": "https:\/\/avatars.slack-edge.com\/2020-07-20\/1235580478119_d6f4de222bb1ed6b5960_72.jpg",
            "first_name": "Cameron",
            "real_name": "Cameron Shorter",
            "display_name": "cameronshorter",
            "team": "TKFJE6LDR",
            "name": "cameron.shorter",
            "is_restricted": false,
            "is_ultra_restricted": false
        },
        "blocks": [
            {
                "type": "rich_text",
                "block_id": "juEKg",
                "elements": [
                    {
                        "type": "rich_text_section",
                        "elements": [
                            {
                                "type": "user",
                                "user_id": "UKV4ZPEFQ"
                            },
                            {
                                "type": "text",
                                "text": " if you have the bandwidth, it would be great if you could hover in the channel at the start. "
                            },
                            {
                                "type": "user",
                                "user_id": "U0170HMB87K"
                            },
                            {
                                "type": "text",
                                "text": " and "
                            },
                            {
                                "type": "user",
                                "user_id": "U018GVAH3FX"
                            },
                            {
                                "type": "text",
                                "text": " are adopting your spreadsheet of glossary terms. I expect there will be a few questions at the start which you'll be able to answer for them - like where did you source xxx term? Or where is the original version of this sheet?"
                            }
                        ]
                    }
                ]
            }
        ],
        "thread_ts": "1598386180.029000",
        "reply_count": 3,
        "reply_users_count": 2,
        "latest_reply": "1598433942.033400",
        "reply_users": [
            "U0170HMB87K",
            "UKV4ZPEFQ"
        ],
        "replies": [
            {
                "user": "U0170HMB87K",
                "ts": "1598421926.032600"
            },
            {
                "user": "UKV4ZPEFQ",
                "ts": "1598423825.033000"
            },
            {
                "user": "U0170HMB87K",
                "ts": "1598433942.033400"
            }
        ],
        "subscribed": true,
        "last_read": "1598437214.935070"
    },
    {
        "client_msg_id": "d6f86b29-06c0-4eb5-8a8a-29e40e822636",
        "type": "message",
        "text": "Big ticket item for our meetings this week is whether we approve processes. It would be really good for a wider review than me, Jared and Felicity. These should be read and commented on by all of you planning to hang around in the project for a while.Not just those currently on the PSC.  (Otherwise don't grumble about them later when you are on the PSC). <https:\/\/github.com\/thegooddocsproject\/thegooddocsproject.github.io\/pull\/43>",
        "user": "UKTGLQNGG",
        "ts": "1598390515.032300",
        "team": "TKFJE6LDR",
        "user_team": "TKFJE6LDR",
        "source_team": "TKFJE6LDR",
        "user_profile": {
            "avatar_hash": "d6f4de222bb1",
            "image_72": "https:\/\/avatars.slack-edge.com\/2020-07-20\/1235580478119_d6f4de222bb1ed6b5960_72.jpg",
            "first_name": "Cameron",
            "real_name": "Cameron Shorter",
            "display_name": "cameronshorter",
            "team": "TKFJE6LDR",
            "name": "cameron.shorter",
            "is_restricted": false,
            "is_ultra_restricted": false
        },
        "attachments": [
            {
                "author_name": "camerons",
                "fallback": "[thegooddocsproject\/thegooddocsproject.github.io] #43 Add community processes 2.0: ",
                "text": "Updates processes for: decisions, prioritization, proposal-selection, roles.  \nFixes <https:\/\/github.com\/thegooddocsproject\/thegooddocsproject.github.io\/issues\/42|#42>\n\nAs this is a significant update to processes, we should endevour to get +1 votes from all PSC members.\n\n• Cameron Shorter (person raising this pull request, voting +1)\n• Felicity Brand\n• Jo Cook\n• Jared Morgan\n• Erin McKean\n• Clarence Cromwell\n\nReview and comments from other community members are welcomed.\n\nNote 1: I'm hoping most feedback will be captured as a separate issue, and applied to a future version of these docs. That way we can get working processes in place, and start promoting community members into roles.\n\nNote 2: We don't yet have a Code of Conduct Committee role. That is something which was postponed to a future version so we can get these processes in place without being blocked.\n\nNote 3: I'm ashamed to admit that I haven't managed to get a working local environment stood up, and hence have only visually checked links in this update. It would be great if someone could check that for me.",
                "title": "#43 Add community processes 2.0: ",
                "footer": "<https:\/\/github.com\/thegooddocsproject\/thegooddocsproject.github.io|thegooddocsproject\/thegooddocsproject.github.io>",
                "id": 1,
                "title_link": "https:\/\/github.com\/thegooddocsproject\/thegooddocsproject.github.io\/pull\/43",
                "author_link": "https:\/\/github.com\/camerons",
                "author_icon": "https:\/\/avatars0.githubusercontent.com\/u\/1243535?v=4",
                "footer_icon": "https:\/\/github.githubassets.com\/favicon.ico",
                "ts": 1598223017,
                "color": "36a64f",
                "fields": [
                    {
                        "title": "Comments",
                        "value": "1",
                        "short": true
                    },
                    {
                        "title": "Reviewers",
                        "value": "@mgan59, @emckean, @archaeogeek, @cwcromwell",
                        "short": true
                    }
                ],
                "mrkdwn_in": [
                    "text"
                ],
                "bot_id": "BU8U6P6AH",
                "app_unfurl_url": "https:\/\/github.com\/thegooddocsproject\/thegooddocsproject.github.io\/pull\/43",
                "is_app_unfurl": true
            }
        ],
        "blocks": [
            {
                "type": "rich_text",
                "block_id": "tPtdy",
                "elements": [
                    {
                        "type": "rich_text_section",
                        "elements": [
                            {
                                "type": "text",
                                "text": "Big ticket item for our meetings this week is whether we approve processes. It would be really good for a wider review than me, Jared and Felicity. These should be read and commented on by all of you planning to hang around in the project for a while.Not just those currently on the PSC.  (Otherwise don't grumble about them later when you are on the PSC). "
                            },
                            {
                                "type": "link",
                                "url": "https:\/\/github.com\/thegooddocsproject\/thegooddocsproject.github.io\/pull\/43"
                            }
                        ]
                    }
                ]
            }
        ],
        "thread_ts": "1598390515.032300",
        "reply_count": 1,
        "reply_users_count": 1,
        "latest_reply": "1598441878.037400",
        "reply_users": [
            "UKVC4NB71"
        ],
        "replies": [
            {
                "user": "UKVC4NB71",
                "ts": "1598441878.037400"
            }
        ],
        "subscribed": false
    },
    {
        "client_msg_id": "0901e1a4-bf95-43d0-a20f-35b0e6dc9d88",
        "type": "message",
        "text": "Hey <@UKV4ZPEFQ>! You have already done some amazing work around this project. It would be great to have you as a potential help initially to just get a better hold of it,:hugging_face:\nJust like some of the questions put by Cameron here, if you could help us with those!",
        "user": "U0170HMB87K",
        "ts": "1598421926.032600",
        "team": "TKFJE6LDR",
        "user_team": "TKFJE6LDR",
        "source_team": "TKFJE6LDR",
        "user_profile": {
            "avatar_hash": "f39553b0636b",
            "image_72": "https:\/\/avatars.slack-edge.com\/2020-07-22\/1249269540710_f39553b0636b29704992_72.jpg",
            "first_name": "",
            "real_name": "Ankita",
            "display_name": "Ankita",
            "team": "TKFJE6LDR",
            "name": "ankitatripathi.2312",
            "is_restricted": false,
            "is_ultra_restricted": false
        },
        "blocks": [
            {
                "type": "rich_text",
                "block_id": "8AOD",
                "elements": [
                    {
                        "type": "rich_text_section",
                        "elements": [
                            {
                                "type": "text",
                                "text": "Hey "
                            },
                            {
                                "type": "user",
                                "user_id": "UKV4ZPEFQ"
                            },
                            {
                                "type": "text",
                                "text": "! You have already done some amazing work around this project. It would be great to have you as a potential help initially to just get a better hold of it,"
                            },
                            {
                                "type": "emoji",
                                "name": "hugging_face"
                            },
                            {
                                "type": "text",
                                "text": "\nJust like some of the questions put by Cameron here, if you could help us with those!"
                            }
                        ]
                    }
                ]
            }
        ],
        "thread_ts": "1598386180.029000",
        "parent_user_id": "UKTGLQNGG"
    },
    {
        "client_msg_id": "6C173980-1805-49F8-AE42-40E9315A011B",
        "type": "message",
        "text": "I will do my best!",
        "user": "UKV4ZPEFQ",
        "ts": "1598423825.033000",
        "team": "TKFJE6LDR",
        "user_team": "TKFJE6LDR",
        "source_team": "TKFJE6LDR",
        "user_profile": {
            "avatar_hash": "g854c628ef64",
            "image_72": "https:\/\/secure.gravatar.com\/avatar\/6854c628ef64a4c129a994522e17cdf2.jpg?s=72&d=https%3A%2F%2Fa.slack-edge.com%2Fdf10d%2Fimg%2Favatars%2Fava_0007-72.png",
            "first_name": "felicitybrand",
            "real_name": "felicitybrand",
            "display_name": "flicstar",
            "team": "TKFJE6LDR",
            "name": "felicitybrand",
            "is_restricted": false,
            "is_ultra_restricted": false
        },
        "blocks": [
            {
                "type": "rich_text",
                "block_id": "7cX5",
                "elements": [
                    {
                        "type": "rich_text_section",
                        "elements": [
                            {
                                "type": "text",
                                "text": "I will do my best!"
                            }
                        ]
                    }
                ]
            }
        ],
        "thread_ts": "1598386180.029000",
        "parent_user_id": "UKTGLQNGG"
    }
]