[
    {
        "client_msg_id": "eced696a-cda0-4608-bed4-751e39523f38",
        "type": "message",
        "text": "I've set up an empty github glossaries repository: <https:\/\/github.com\/thegooddocsproject\/glossaries> where we can set up a kanban board, issue tracker and eventually store docs if need be. I'm hoping to hand over this management to our glossary tech writers <@U012KCMPP0V> <@U0170HMB87K> <@U018GVAH3FX> and am not sure if they have sufficient permissions yet? Hopefully one of the git wizards can suggest next steps.",
        "user": "UKTGLQNGG",
        "ts": "1599272361.025500",
        "team": "TKFJE6LDR",
        "user_team": "TKFJE6LDR",
        "source_team": "TKFJE6LDR",
        "user_profile": {
            "avatar_hash": "d6f4de222bb1",
            "image_72": "https:\/\/avatars.slack-edge.com\/2020-07-20\/1235580478119_d6f4de222bb1ed6b5960_72.jpg",
            "first_name": "Cameron",
            "real_name": "Cameron Shorter",
            "display_name": "cameronshorter",
            "team": "TKFJE6LDR",
            "name": "cameron.shorter",
            "is_restricted": false,
            "is_ultra_restricted": false
        },
        "edited": {
            "user": "UKTGLQNGG",
            "ts": "1599273221.000000"
        },
        "attachments": [
            {
                "fallback": "thegooddocsproject\/glossaries",
                "text": "Processes for glossary management",
                "title": "thegooddocsproject\/glossaries",
                "footer": "<https:\/\/github.com\/thegooddocsproject\/glossaries|thegooddocsproject\/glossaries>",
                "id": 1,
                "footer_icon": "https:\/\/github.githubassets.com\/favicon.ico",
                "ts": 1599258494,
                "color": "24292f",
                "fields": [
                    {
                        "title": "Last updated",
                        "value": "14 minutes ago",
                        "short": true
                    }
                ],
                "mrkdwn_in": [
                    "text",
                    "fields"
                ],
                "bot_id": "BU8U6P6AH",
                "app_unfurl_url": "https:\/\/github.com\/thegooddocsproject\/glossaries",
                "is_app_unfurl": true
            }
        ],
        "blocks": [
            {
                "type": "rich_text",
                "block_id": "Fyb",
                "elements": [
                    {
                        "type": "rich_text_section",
                        "elements": [
                            {
                                "type": "text",
                                "text": "I've set up an empty github glossaries repository: "
                            },
                            {
                                "type": "link",
                                "url": "https:\/\/github.com\/thegooddocsproject\/glossaries"
                            },
                            {
                                "type": "text",
                                "text": " where we can set up a kanban board, issue tracker and eventually store docs if need be. I'm hoping to hand over this management to our glossary tech writers "
                            },
                            {
                                "type": "user",
                                "user_id": "U012KCMPP0V"
                            },
                            {
                                "type": "text",
                                "text": " "
                            },
                            {
                                "type": "user",
                                "user_id": "U0170HMB87K"
                            },
                            {
                                "type": "text",
                                "text": " "
                            },
                            {
                                "type": "user",
                                "user_id": "U018GVAH3FX"
                            },
                            {
                                "type": "text",
                                "text": " and am not sure if they have sufficient permissions yet? Hopefully one of the git wizards can suggest next steps."
                            }
                        ]
                    }
                ]
            }
        ],
        "reactions": [
            {
                "name": "tada",
                "users": [
                    "U012KCMPP0V"
                ],
                "count": 1
            }
        ]
    },
    {
        "client_msg_id": "a58859d9-1bbf-4aee-9f95-6eccf8244f69",
        "type": "message",
        "text": "In particular, we have ~ 10 people in the glossary project. I'm wondering if we can provide these people with write access to the glossary project without needing to provide access to our main templates repository?",
        "user": "UKTGLQNGG",
        "ts": "1599272452.027100",
        "team": "TKFJE6LDR",
        "user_team": "TKFJE6LDR",
        "source_team": "TKFJE6LDR",
        "user_profile": {
            "avatar_hash": "d6f4de222bb1",
            "image_72": "https:\/\/avatars.slack-edge.com\/2020-07-20\/1235580478119_d6f4de222bb1ed6b5960_72.jpg",
            "first_name": "Cameron",
            "real_name": "Cameron Shorter",
            "display_name": "cameronshorter",
            "team": "TKFJE6LDR",
            "name": "cameron.shorter",
            "is_restricted": false,
            "is_ultra_restricted": false
        },
        "blocks": [
            {
                "type": "rich_text",
                "block_id": "wwr",
                "elements": [
                    {
                        "type": "rich_text_section",
                        "elements": [
                            {
                                "type": "text",
                                "text": "In particular, we have ~ 10 people in the glossary project. I'm wondering if we can provide these people with write access to the glossary project without needing to provide access to our main templates repository?"
                            }
                        ]
                    }
                ]
            }
        ],
        "thread_ts": "1599272452.027100",
        "reply_count": 1,
        "reply_users_count": 1,
        "latest_reply": "1599345675.031900",
        "reply_users": [
            "UKV4ZPEFQ"
        ],
        "replies": [
            {
                "user": "UKV4ZPEFQ",
                "ts": "1599345675.031900"
            }
        ],
        "subscribed": true,
        "last_read": "1599345675.031900"
    },
    {
        "client_msg_id": "b5d011c3-2671-47b2-8d08-84a377af1fd0",
        "type": "message",
        "text": "<@UKTGLQNGG> you could setup different Teams in a GitHub organization to differentiate access, e.g. who has write access to templates vs the glossary project.",
        "user": "U01A1CBD0CC",
        "ts": "1599273444.028000",
        "team": "TKFJE6LDR",
        "user_team": "TKFJE6LDR",
        "source_team": "TKFJE6LDR",
        "user_profile": {
            "avatar_hash": "gd11b0590c62",
            "image_72": "https:\/\/secure.gravatar.com\/avatar\/d11b0590c62fd7eac8ff41b3cadd7b26.jpg?s=72&d=https%3A%2F%2Fa.slack-edge.com%2Fdf10d%2Fimg%2Favatars%2Fava_0025-72.png",
            "first_name": "",
            "real_name": "Ronald Tse",
            "display_name": "Ronald Tse",
            "team": "TKFJE6LDR",
            "name": "tse",
            "is_restricted": false,
            "is_ultra_restricted": false
        },
        "blocks": [
            {
                "type": "rich_text",
                "block_id": "oAQP",
                "elements": [
                    {
                        "type": "rich_text_section",
                        "elements": [
                            {
                                "type": "user",
                                "user_id": "UKTGLQNGG"
                            },
                            {
                                "type": "text",
                                "text": " you could setup different Teams in a GitHub organization to differentiate access, e.g. who has write access to templates vs the glossary project."
                            }
                        ]
                    }
                ]
            }
        ]
    },
    {
        "client_msg_id": "7b9cd5ec-9987-43f3-bdf0-b6abeaa24e42",
        "type": "message",
        "text": "Snap! I'm just looking at it now. We already had a couple of teams. I'm making a glossary team and inviting those folk mentioned above.",
        "user": "UKV4ZPEFQ",
        "ts": "1599273577.029000",
        "team": "TKFJE6LDR",
        "user_team": "TKFJE6LDR",
        "source_team": "TKFJE6LDR",
        "user_profile": {
            "avatar_hash": "g854c628ef64",
            "image_72": "https:\/\/secure.gravatar.com\/avatar\/6854c628ef64a4c129a994522e17cdf2.jpg?s=72&d=https%3A%2F%2Fa.slack-edge.com%2Fdf10d%2Fimg%2Favatars%2Fava_0007-72.png",
            "first_name": "felicitybrand",
            "real_name": "felicitybrand",
            "display_name": "flicstar",
            "team": "TKFJE6LDR",
            "name": "felicitybrand",
            "is_restricted": false,
            "is_ultra_restricted": false
        },
        "blocks": [
            {
                "type": "rich_text",
                "block_id": "kSqo",
                "elements": [
                    {
                        "type": "rich_text_section",
                        "elements": [
                            {
                                "type": "text",
                                "text": "Snap! I'm just looking at it now. We already had a couple of teams. I'm making a glossary team and inviting those folk mentioned above."
                            }
                        ]
                    }
                ]
            }
        ]
    },
    {
        "client_msg_id": "f85382ba-f1a1-41f1-a417-2252dff3a472",
        "type": "message",
        "text": "<@UKTGLQNGG> I have only added you and Alyssa to the team so far. I couldn't easily find <@U0170HMB87K> or <@U018GVAH3FX> on GitHub.",
        "user": "UKV4ZPEFQ",
        "ts": "1599273939.030400",
        "team": "TKFJE6LDR",
        "user_team": "TKFJE6LDR",
        "source_team": "TKFJE6LDR",
        "user_profile": {
            "avatar_hash": "g854c628ef64",
            "image_72": "https:\/\/secure.gravatar.com\/avatar\/6854c628ef64a4c129a994522e17cdf2.jpg?s=72&d=https%3A%2F%2Fa.slack-edge.com%2Fdf10d%2Fimg%2Favatars%2Fava_0007-72.png",
            "first_name": "felicitybrand",
            "real_name": "felicitybrand",
            "display_name": "flicstar",
            "team": "TKFJE6LDR",
            "name": "felicitybrand",
            "is_restricted": false,
            "is_ultra_restricted": false
        },
        "blocks": [
            {
                "type": "rich_text",
                "block_id": "lEo",
                "elements": [
                    {
                        "type": "rich_text_section",
                        "elements": [
                            {
                                "type": "user",
                                "user_id": "UKTGLQNGG"
                            },
                            {
                                "type": "text",
                                "text": " I have only added you and Alyssa to the team so far. I couldn't easily find "
                            },
                            {
                                "type": "user",
                                "user_id": "U0170HMB87K"
                            },
                            {
                                "type": "text",
                                "text": " or "
                            },
                            {
                                "type": "user",
                                "user_id": "U018GVAH3FX"
                            },
                            {
                                "type": "text",
                                "text": " on GitHub."
                            }
                        ]
                    }
                ]
            }
        ],
        "thread_ts": "1599273939.030400",
        "reply_count": 8,
        "reply_users_count": 5,
        "latest_reply": "1599450268.034600",
        "reply_users": [
            "U0170HMB87K",
            "UKV4ZPEFQ",
            "U01A243HGHF",
            "U019YA7SD0U",
            "U018GVAH3FX"
        ],
        "replies": [
            {
                "user": "U0170HMB87K",
                "ts": "1599293325.031200"
            },
            {
                "user": "UKV4ZPEFQ",
                "ts": "1599298216.031400"
            },
            {
                "user": "U01A243HGHF",
                "ts": "1599323596.031700"
            },
            {
                "user": "U019YA7SD0U",
                "ts": "1599360992.033600"
            },
            {
                "user": "U019YA7SD0U",
                "ts": "1599368338.033800"
            },
            {
                "user": "U0170HMB87K",
                "ts": "1599370085.034000"
            },
            {
                "user": "U018GVAH3FX",
                "ts": "1599449888.034300"
            },
            {
                "user": "U018GVAH3FX",
                "ts": "1599450268.034600"
            }
        ],
        "subscribed": true,
        "last_read": "1599450268.034600"
    }
]