[
    {
        "client_msg_id": "7c19a3a7-7018-400d-8ddc-d9c0a4c82ff1",
        "type": "message",
        "text": "Hi <@UKV4ZPEFQ> I'm on GitHub as Naini-K. You can find me here: <https:\/\/github.com\/Naini-K>",
        "user": "U018GVAH3FX",
        "ts": "1599449888.034300",
        "team": "TKFJE6LDR",
        "user_team": "TKFJE6LDR",
        "source_team": "TKFJE6LDR",
        "user_profile": {
            "avatar_hash": "ge5dc7096981",
            "image_72": "https:\/\/secure.gravatar.com\/avatar\/e5dc709698120b8f32e53b9472f12064.jpg?s=72&d=https%3A%2F%2Fa.slack-edge.com%2Fdf10d%2Fimg%2Favatars%2Fava_0015-72.png",
            "first_name": "",
            "real_name": "Naini",
            "display_name": "Naini",
            "team": "TKFJE6LDR",
            "name": "khajanchi.naini",
            "is_restricted": false,
            "is_ultra_restricted": false
        },
        "attachments": [
            {
                "footer": "<https:\/\/github.com\/Naini-K|@Naini-K>",
                "id": 1,
                "thumb_height": 460,
                "thumb_width": 460,
                "thumb_url": "https:\/\/avatars2.githubusercontent.com\/u\/64986081?v=4",
                "footer_icon": "https:\/\/github.githubassets.com\/favicon.ico",
                "ts": 1588880675,
                "color": "24292f",
                "fallback": "[no preview available]",
                "bot_id": "BU8U6P6AH",
                "app_unfurl_url": "https:\/\/github.com\/Naini-K",
                "is_app_unfurl": true
            }
        ],
        "blocks": [
            {
                "type": "rich_text",
                "block_id": "qF\/",
                "elements": [
                    {
                        "type": "rich_text_section",
                        "elements": [
                            {
                                "type": "text",
                                "text": "Hi "
                            },
                            {
                                "type": "user",
                                "user_id": "UKV4ZPEFQ"
                            },
                            {
                                "type": "text",
                                "text": " I'm on GitHub as Naini-K. You can find me here: "
                            },
                            {
                                "type": "link",
                                "url": "https:\/\/github.com\/Naini-K"
                            }
                        ]
                    }
                ]
            }
        ],
        "thread_ts": "1599273939.030400",
        "parent_user_id": "UKV4ZPEFQ"
    },
    {
        "client_msg_id": "f6c8fa48-b727-46ad-ae72-9e56fc78abb8",
        "type": "message",
        "text": "<@UKV4ZPEFQ> that was super quick! thanks for adding me :blush:",
        "user": "U018GVAH3FX",
        "ts": "1599450268.034600",
        "team": "TKFJE6LDR",
        "user_team": "TKFJE6LDR",
        "source_team": "TKFJE6LDR",
        "user_profile": {
            "avatar_hash": "ge5dc7096981",
            "image_72": "https:\/\/secure.gravatar.com\/avatar\/e5dc709698120b8f32e53b9472f12064.jpg?s=72&d=https%3A%2F%2Fa.slack-edge.com%2Fdf10d%2Fimg%2Favatars%2Fava_0015-72.png",
            "first_name": "",
            "real_name": "Naini",
            "display_name": "Naini",
            "team": "TKFJE6LDR",
            "name": "khajanchi.naini",
            "is_restricted": false,
            "is_ultra_restricted": false
        },
        "blocks": [
            {
                "type": "rich_text",
                "block_id": "gNBur",
                "elements": [
                    {
                        "type": "rich_text_section",
                        "elements": [
                            {
                                "type": "user",
                                "user_id": "UKV4ZPEFQ"
                            },
                            {
                                "type": "text",
                                "text": " that was super quick! thanks for adding me "
                            },
                            {
                                "type": "emoji",
                                "name": "blush"
                            }
                        ]
                    }
                ]
            }
        ],
        "thread_ts": "1599273939.030400",
        "parent_user_id": "UKV4ZPEFQ"
    }
]