[
    {
        "client_msg_id": "0368a097-70bf-4aad-9f5e-915729f502d7",
        "type": "message",
        "text": "Thanks for the review Clarence",
        "user": "UKTGLQNGG",
        "ts": "1598826006.001400",
        "team": "TKFJE6LDR",
        "user_team": "TKFJE6LDR",
        "source_team": "TKFJE6LDR",
        "user_profile": {
            "avatar_hash": "d6f4de222bb1",
            "image_72": "https:\/\/avatars.slack-edge.com\/2020-07-20\/1235580478119_d6f4de222bb1ed6b5960_72.jpg",
            "first_name": "Cameron",
            "real_name": "Cameron Shorter",
            "display_name": "cameronshorter",
            "team": "TKFJE6LDR",
            "name": "cameron.shorter",
            "is_restricted": false,
            "is_ultra_restricted": false
        },
        "blocks": [
            {
                "type": "rich_text",
                "block_id": "imvk",
                "elements": [
                    {
                        "type": "rich_text_section",
                        "elements": [
                            {
                                "type": "text",
                                "text": "Thanks for the review Clarence"
                            }
                        ]
                    }
                ]
            }
        ],
        "thread_ts": "1598759119.001200",
        "parent_user_id": "UL3UNUMK6"
    },
    {
        "client_msg_id": "65959dc0-6cf1-471f-97ee-6ac47c04d94b",
        "type": "message",
        "text": "+1",
        "user": "U019868JEQ0",
        "ts": "1598844342.001900",
        "team": "TKFJE6LDR",
        "user_team": "TKFJE6LDR",
        "source_team": "TKFJE6LDR",
        "user_profile": {
            "avatar_hash": "966d941975ff",
            "image_72": "https:\/\/avatars.slack-edge.com\/2020-08-09\/1275632926935_966d941975ff884d0fa4_72.jpg",
            "first_name": "",
            "real_name": "Aidan Doherty",
            "display_name": "Aidan Doherty",
            "team": "TKFJE6LDR",
            "name": "contact",
            "is_restricted": false,
            "is_ultra_restricted": false
        },
        "blocks": [
            {
                "type": "rich_text",
                "block_id": "OKwgy",
                "elements": [
                    {
                        "type": "rich_text_section",
                        "elements": [
                            {
                                "type": "text",
                                "text": "+1"
                            }
                        ]
                    }
                ]
            }
        ],
        "thread_ts": "1598735037.044500",
        "parent_user_id": "UKTGLQNGG"
    }
]