[
    {
        "client_msg_id": "b07b2a66-f0b3-408f-8c9f-5393687b2046",
        "type": "message",
        "text": "weekly meeting for all interested in 5 mins <https:\/\/meet.google.com\/nuj-qvxw-vvt?authuser=0> (APEC\/EU friendly)",
        "user": "UKTGLQNGG",
        "ts": "1597832695.046500",
        "team": "TKFJE6LDR",
        "user_team": "TKFJE6LDR",
        "source_team": "TKFJE6LDR",
        "user_profile": {
            "avatar_hash": "d6f4de222bb1",
            "image_72": "https:\/\/avatars.slack-edge.com\/2020-07-20\/1235580478119_d6f4de222bb1ed6b5960_72.jpg",
            "first_name": "Cameron",
            "real_name": "Cameron Shorter",
            "display_name": "cameronshorter",
            "team": "TKFJE6LDR",
            "name": "cameron.shorter",
            "is_restricted": false,
            "is_ultra_restricted": false
        },
        "attachments": [
            {
                "title": "Meet",
                "title_link": "https:\/\/meet.google.com\/nuj-qvxw-vvt?authuser=0",
                "text": "Real-time meetings by Google. Using your browser, share your video, desktop, and presentations with teammates and customers.",
                "fallback": "Meet",
                "thumb_url": "https:\/\/www.gstatic.com\/images\/branding\/product\/2x\/meet_96dp.png",
                "from_url": "https:\/\/meet.google.com\/nuj-qvxw-vvt?authuser=0",
                "thumb_width": 192,
                "thumb_height": 192,
                "service_icon": "http:\/\/www.gstatic.com\/images\/branding\/product\/1x\/meet_16dp.png",
                "service_name": "meet.google.com",
                "id": 1,
                "original_url": "https:\/\/meet.google.com\/nuj-qvxw-vvt?authuser=0"
            }
        ],
        "blocks": [
            {
                "type": "rich_text",
                "block_id": "UkPi",
                "elements": [
                    {
                        "type": "rich_text_section",
                        "elements": [
                            {
                                "type": "text",
                                "text": "weekly meeting for all interested in 5 mins "
                            },
                            {
                                "type": "link",
                                "url": "https:\/\/meet.google.com\/nuj-qvxw-vvt?authuser=0"
                            },
                            {
                                "type": "text",
                                "text": " (APEC\/EU friendly)"
                            }
                        ]
                    }
                ]
            }
        ]
    },
    {
        "client_msg_id": "6548c886-7467-4a02-b379-4c8f2fc474ea",
        "type": "message",
        "text": "I'm agnostic as to what we actually do as long as someone from each meeting updates the official log :slightly_smiling_face:  we should ask about the change and update the decision log",
        "user": "UL2AA1FF1",
        "ts": "1597849876.046700",
        "team": "TKFJE6LDR",
        "user_team": "TKFJE6LDR",
        "source_team": "TKFJE6LDR",
        "user_profile": {
            "avatar_hash": "22135067b36d",
            "image_72": "https:\/\/avatars.slack-edge.com\/2019-10-23\/805254797908_22135067b36dfb715e99_72.jpg",
            "first_name": "",
            "real_name": "Erin McKean",
            "display_name": "Erin McKean",
            "team": "TKFJE6LDR",
            "name": "emckean",
            "is_restricted": false,
            "is_ultra_restricted": false
        },
        "blocks": [
            {
                "type": "rich_text",
                "block_id": "cIp",
                "elements": [
                    {
                        "type": "rich_text_section",
                        "elements": [
                            {
                                "type": "text",
                                "text": "I'm agnostic as to what we actually do as long as someone from each meeting updates the official log "
                            },
                            {
                                "type": "emoji",
                                "name": "slightly_smiling_face"
                            },
                            {
                                "type": "text",
                                "text": "  we should ask about the change and update the decision log"
                            }
                        ]
                    }
                ]
            }
        ],
        "thread_ts": "1597791406.039600",
        "parent_user_id": "UKTGLQNGG"
    },
    {
        "client_msg_id": "9b4bf6f9-1205-4b0f-bdbb-317fabd9c0f4",
        "type": "message",
        "text": "I finally started a draft of the Docsy version of the GDP site: <https:\/\/practical-bell-d6e0a2.netlify.app\/> (only have a little bit of the text ported at the moment) feedback welcome! :slightly_smiling_face:",
        "user": "UL2AA1FF1",
        "ts": "1597855238.047600",
        "team": "TKFJE6LDR",
        "user_team": "TKFJE6LDR",
        "source_team": "TKFJE6LDR",
        "user_profile": {
            "avatar_hash": "22135067b36d",
            "image_72": "https:\/\/avatars.slack-edge.com\/2019-10-23\/805254797908_22135067b36dfb715e99_72.jpg",
            "first_name": "",
            "real_name": "Erin McKean",
            "display_name": "Erin McKean",
            "team": "TKFJE6LDR",
            "name": "emckean",
            "is_restricted": false,
            "is_ultra_restricted": false
        },
        "attachments": [
            {
                "title": "The Good Docs Project",
                "title_link": "https:\/\/practical-bell-d6e0a2.netlify.app\/",
                "text": "Templates for open source docse",
                "fallback": "The Good Docs Project",
                "image_url": "https:\/\/practical-bell-d6e0a2.netlify.app\/featured-background.jpg",
                "from_url": "https:\/\/practical-bell-d6e0a2.netlify.app\/",
                "image_width": 377,
                "image_height": 250,
                "image_bytes": 75511,
                "service_icon": "https:\/\/practical-bell-d6e0a2.netlify.app\/favicons\/apple-touch-icon-180x180.png",
                "service_name": "practical-bell-d6e0a2.netlify.app",
                "id": 1,
                "original_url": "https:\/\/practical-bell-d6e0a2.netlify.app\/"
            }
        ],
        "blocks": [
            {
                "type": "rich_text",
                "block_id": "zSy",
                "elements": [
                    {
                        "type": "rich_text_section",
                        "elements": [
                            {
                                "type": "text",
                                "text": "I finally started a draft of the Docsy version of the GDP site: "
                            },
                            {
                                "type": "link",
                                "url": "https:\/\/practical-bell-d6e0a2.netlify.app\/"
                            },
                            {
                                "type": "text",
                                "text": " (only have a little bit of the text ported at the moment) feedback welcome! "
                            },
                            {
                                "type": "emoji",
                                "name": "slightly_smiling_face"
                            }
                        ]
                    }
                ]
            }
        ],
        "thread_ts": "1597855238.047600",
        "reply_count": 1,
        "reply_users_count": 1,
        "latest_reply": "1597869538.048500",
        "reply_users": [
            "UKTGLQNGG"
        ],
        "replies": [
            {
                "user": "UKTGLQNGG",
                "ts": "1597869538.048500"
            }
        ],
        "subscribed": false,
        "reactions": [
            {
                "name": "grinning",
                "users": [
                    "U012KCMPP0V",
                    "U015GARCR8X"
                ],
                "count": 2
            },
            {
                "name": "doctopus",
                "users": [
                    "U015GARCR8X"
                ],
                "count": 1
            },
            {
                "name": "+1",
                "users": [
                    "U0174BRV404"
                ],
                "count": 1
            }
        ]
    },
    {
        "client_msg_id": "99e074fd-16ec-49a3-809b-605aad53e9e9",
        "type": "message",
        "text": "For those on twitter, add to the conversation if you'd like :slightly_smiling_face: <https:\/\/twitter.com\/ScriptAutomate\/status\/1296170271146233857>",
        "user": "U015GARCR8X",
        "ts": "1597866256.048300",
        "team": "TKFJE6LDR",
        "user_team": "TKFJE6LDR",
        "source_team": "TKFJE6LDR",
        "user_profile": {
            "avatar_hash": "37a234435192",
            "image_72": "https:\/\/avatars.slack-edge.com\/2020-08-06\/1283467109749_37a23443519259ddd5ca_72.png",
            "first_name": "Derek",
            "real_name": "Derek Ardolf",
            "display_name": "ScriptAutomate",
            "team": "TKFJE6LDR",
            "name": "derek",
            "is_restricted": false,
            "is_ultra_restricted": false
        },
        "attachments": [
            {
                "fallback": "<https:\/\/twitter.com\/ScriptAutomate|@ScriptAutomate>: We use Sphinx also over here. The built-in ability to generate docs from docstrings in Python code is such a bonus, and the PDF tooling is nice. Others use Hugo + Docsy theme, or Jekyll + Just The Docs theme, too. Hey #writethedocs people, have more to add here? <https:\/\/twitter.com\/mariatta\/status\/1296169002905907200>",
                "ts": 1597866048,
                "author_name": "Derek Ardolf",
                "author_link": "https:\/\/twitter.com\/ScriptAutomate\/status\/1296170271146233857",
                "author_icon": "https:\/\/pbs.twimg.com\/profile_images\/1179567156280745985\/p25DVKMl_normal.jpg",
                "author_subname": "@ScriptAutomate",
                "text": "We use Sphinx also over here. The built-in ability to generate docs from docstrings in Python code is such a bonus, and the PDF tooling is nice. Others use Hugo + Docsy theme, or Jekyll + Just The Docs theme, too. Hey #writethedocs people, have more to add here? <https:\/\/twitter.com\/mariatta\/status\/1296169002905907200>",
                "service_name": "twitter",
                "service_url": "https:\/\/twitter.com\/",
                "from_url": "https:\/\/twitter.com\/ScriptAutomate\/status\/1296170271146233857",
                "id": 1,
                "original_url": "https:\/\/twitter.com\/ScriptAutomate\/status\/1296170271146233857",
                "footer": "Twitter",
                "footer_icon": "https:\/\/a.slack-edge.com\/80588\/img\/services\/twitter_pixel_snapped_32.png"
            },
            {
                "fallback": "<https:\/\/twitter.com\/mariatta|@mariatta>: In #Python world, we use sphinx and restructuredText to write documentation. I'm curious to hear what documentation tooling do you use if you're not using sphinx or not in the Python ecosystem?\n(disclosure, this is my research for <https:\/\/twitter.com\/zapier|@zapier> engineering team) RT appreciated.",
                "ts": 1597865746,
                "author_name": "Mariatta 🤦",
                "author_link": "https:\/\/twitter.com\/mariatta\/status\/1296169002905907200",
                "author_icon": "https:\/\/pbs.twimg.com\/profile_images\/1234249019242663936\/pd40P8TV_normal.jpg",
                "author_subname": "@mariatta",
                "text": "In #Python world, we use sphinx and restructuredText to write documentation. I'm curious to hear what documentation tooling do you use if you're not using sphinx or not in the Python ecosystem?\n(disclosure, this is my research for <https:\/\/twitter.com\/zapier|@zapier> engineering team) RT appreciated.",
                "service_name": "twitter",
                "service_url": "https:\/\/twitter.com\/",
                "from_url": "https:\/\/twitter.com\/mariatta\/status\/1296169002905907200",
                "indent": true,
                "color": "32BBF3",
                "id": 2,
                "footer": "Twitter",
                "footer_icon": "https:\/\/a.slack-edge.com\/80588\/img\/services\/twitter_pixel_snapped_32.png"
            }
        ],
        "blocks": [
            {
                "type": "rich_text",
                "block_id": "kmf",
                "elements": [
                    {
                        "type": "rich_text_section",
                        "elements": [
                            {
                                "type": "text",
                                "text": "For those on twitter, add to the conversation if you'd like "
                            },
                            {
                                "type": "emoji",
                                "name": "slightly_smiling_face"
                            },
                            {
                                "type": "text",
                                "text": " "
                            },
                            {
                                "type": "link",
                                "url": "https:\/\/twitter.com\/ScriptAutomate\/status\/1296170271146233857"
                            }
                        ]
                    }
                ]
            }
        ]
    },
    {
        "client_msg_id": "7b355a50-af02-4887-80d7-00b45b75b289",
        "type": "message",
        "text": "I love the look of what you have produced Erin, especially the use of the doctypus logo.",
        "user": "UKTGLQNGG",
        "ts": "1597869538.048500",
        "team": "TKFJE6LDR",
        "user_team": "TKFJE6LDR",
        "source_team": "TKFJE6LDR",
        "user_profile": {
            "avatar_hash": "d6f4de222bb1",
            "image_72": "https:\/\/avatars.slack-edge.com\/2020-07-20\/1235580478119_d6f4de222bb1ed6b5960_72.jpg",
            "first_name": "Cameron",
            "real_name": "Cameron Shorter",
            "display_name": "cameronshorter",
            "team": "TKFJE6LDR",
            "name": "cameron.shorter",
            "is_restricted": false,
            "is_ultra_restricted": false
        },
        "blocks": [
            {
                "type": "rich_text",
                "block_id": "A0NtH",
                "elements": [
                    {
                        "type": "rich_text_section",
                        "elements": [
                            {
                                "type": "text",
                                "text": "I love the look of what you have produced Erin, especially the use of the doctypus logo."
                            }
                        ]
                    }
                ]
            }
        ],
        "thread_ts": "1597855238.047600",
        "parent_user_id": "UL2AA1FF1",
        "reactions": [
            {
                "name": "thankyou",
                "users": [
                    "UL2AA1FF1"
                ],
                "count": 1
            },
            {
                "name": "+1",
                "users": [
                    "U0174BRV404"
                ],
                "count": 1
            }
        ]
    },
    {
        "client_msg_id": "ca589556-aaf0-440e-b139-bb16cf60617b",
        "type": "message",
        "text": "weekly meeting in 15 minutes. All welcome. <https:\/\/meet.google.com\/nuj-qvxw-vvt?authuser=0>",
        "user": "UKTGLQNGG",
        "ts": "1597869960.049200",
        "team": "TKFJE6LDR",
        "user_team": "TKFJE6LDR",
        "source_team": "TKFJE6LDR",
        "user_profile": {
            "avatar_hash": "d6f4de222bb1",
            "image_72": "https:\/\/avatars.slack-edge.com\/2020-07-20\/1235580478119_d6f4de222bb1ed6b5960_72.jpg",
            "first_name": "Cameron",
            "real_name": "Cameron Shorter",
            "display_name": "cameronshorter",
            "team": "TKFJE6LDR",
            "name": "cameron.shorter",
            "is_restricted": false,
            "is_ultra_restricted": false
        },
        "attachments": [
            {
                "title": "Meet",
                "title_link": "https:\/\/meet.google.com\/nuj-qvxw-vvt?authuser=0",
                "text": "Real-time meetings by Google. Using your browser, share your video, desktop, and presentations with teammates and customers.",
                "fallback": "Meet",
                "thumb_url": "https:\/\/www.gstatic.com\/images\/branding\/product\/2x\/meet_96dp.png",
                "from_url": "https:\/\/meet.google.com\/nuj-qvxw-vvt?authuser=0",
                "thumb_width": 192,
                "thumb_height": 192,
                "service_icon": "http:\/\/www.gstatic.com\/images\/branding\/product\/1x\/meet_16dp.png",
                "service_name": "meet.google.com",
                "id": 1,
                "original_url": "https:\/\/meet.google.com\/nuj-qvxw-vvt?authuser=0"
            }
        ],
        "blocks": [
            {
                "type": "rich_text",
                "block_id": "R45rh",
                "elements": [
                    {
                        "type": "rich_text_section",
                        "elements": [
                            {
                                "type": "text",
                                "text": "weekly meeting in 15 minutes. All welcome. "
                            },
                            {
                                "type": "link",
                                "url": "https:\/\/meet.google.com\/nuj-qvxw-vvt?authuser=0"
                            }
                        ]
                    }
                ]
            }
        ]
    },
    {
        "client_msg_id": "64ef789c-7de7-461a-895c-d70cfadb23ef",
        "type": "message",
        "text": "just a heads up I am joining the meeting from my work gmail account",
        "user": "U019868JEQ0",
        "ts": "1597870760.049700",
        "team": "TKFJE6LDR",
        "user_team": "TKFJE6LDR",
        "source_team": "TKFJE6LDR",
        "user_profile": {
            "avatar_hash": "966d941975ff",
            "image_72": "https:\/\/avatars.slack-edge.com\/2020-08-09\/1275632926935_966d941975ff884d0fa4_72.jpg",
            "first_name": "",
            "real_name": "Aidan Doherty",
            "display_name": "Aidan Doherty",
            "team": "TKFJE6LDR",
            "name": "contact",
            "is_restricted": false,
            "is_ultra_restricted": false
        },
        "blocks": [
            {
                "type": "rich_text",
                "block_id": "oluS",
                "elements": [
                    {
                        "type": "rich_text_section",
                        "elements": [
                            {
                                "type": "text",
                                "text": "just a heads up I am joining the meeting from my work gmail account"
                            }
                        ]
                    }
                ]
            }
        ]
    },
    {
        "client_msg_id": "75e3dd07-a1e1-4192-8b43-41665bca2587",
        "type": "message",
        "text": "<mailto:aidants47@gmail.com|aidants47@gmail.com>",
        "user": "U019868JEQ0",
        "ts": "1597870766.049900",
        "team": "TKFJE6LDR",
        "user_team": "TKFJE6LDR",
        "source_team": "TKFJE6LDR",
        "user_profile": {
            "avatar_hash": "966d941975ff",
            "image_72": "https:\/\/avatars.slack-edge.com\/2020-08-09\/1275632926935_966d941975ff884d0fa4_72.jpg",
            "first_name": "",
            "real_name": "Aidan Doherty",
            "display_name": "Aidan Doherty",
            "team": "TKFJE6LDR",
            "name": "contact",
            "is_restricted": false,
            "is_ultra_restricted": false
        },
        "blocks": [
            {
                "type": "rich_text",
                "block_id": "Go\/by",
                "elements": [
                    {
                        "type": "rich_text_section",
                        "elements": [
                            {
                                "type": "link",
                                "url": "mailto:aidants47@gmail.com",
                                "text": "aidants47@gmail.com"
                            }
                        ]
                    }
                ]
            }
        ]
    },
    {
        "bot_id": "B01",
        "type": "message",
        "text": "Reminder: remember to add items to the Weekly Meeting agenda before our meeting <https:\/\/github.com\/thegooddocsproject\/governance\/wiki\/Weekly-Meetings>\" a.",
        "user": "USLACKBOT",
        "ts": "1597870827.050000",
        "team": "TKFJE6LDR"
    },
    {
        "client_msg_id": "483c00aa-e164-489a-8de8-c0f543cbcdeb",
        "type": "message",
        "text": "issue! <https:\/\/github.com\/thegooddocsproject\/governance\/issues\/9>",
        "user": "UL2AA1FF1",
        "ts": "1597874220.050100",
        "team": "TKFJE6LDR",
        "user_team": "TKFJE6LDR",
        "source_team": "TKFJE6LDR",
        "user_profile": {
            "avatar_hash": "22135067b36d",
            "image_72": "https:\/\/avatars.slack-edge.com\/2019-10-23\/805254797908_22135067b36dfb715e99_72.jpg",
            "first_name": "",
            "real_name": "Erin McKean",
            "display_name": "Erin McKean",
            "team": "TKFJE6LDR",
            "name": "emckean",
            "is_restricted": false,
            "is_ultra_restricted": false
        },
        "attachments": [
            {
                "author_name": "emckean",
                "fallback": "[thegooddocsproject\/governance] #9 Hacktoberfest plan! ",
                "text": "Let's participate in <https:\/\/hacktoberfest.digitalocean.com\/|Hacktoberfest>!\n\nNext steps:\n\n• register as participant!\n• set up tasks (\"Apply the \"Hacktoberfest\" label to issues in your GitHub project that are ready for contributors to work on\")\n• METALEVEL: set up suggestions of docs work other orgs can use for Hacktober issues",
                "title": "#9 Hacktoberfest plan! ",
                "footer": "<https:\/\/github.com\/thegooddocsproject\/governance|thegooddocsproject\/governance>",
                "id": 1,
                "title_link": "https:\/\/github.com\/thegooddocsproject\/governance\/issues\/9",
                "author_link": "https:\/\/github.com\/emckean",
                "author_icon": "https:\/\/avatars1.githubusercontent.com\/u\/225433?v=4",
                "footer_icon": "https:\/\/github.githubassets.com\/favicon.ico",
                "ts": 1597874168,
                "color": "36a64f",
                "fields": [
                    {
                        "title": "Labels",
                        "value": "ideas",
                        "short": true
                    }
                ],
                "mrkdwn_in": [
                    "text"
                ],
                "bot_id": "BU8U6P6AH",
                "app_unfurl_url": "https:\/\/github.com\/thegooddocsproject\/governance\/issues\/9",
                "is_app_unfurl": true
            }
        ],
        "blocks": [
            {
                "type": "rich_text",
                "block_id": "EO8",
                "elements": [
                    {
                        "type": "rich_text_section",
                        "elements": [
                            {
                                "type": "text",
                                "text": "issue! "
                            },
                            {
                                "type": "link",
                                "url": "https:\/\/github.com\/thegooddocsproject\/governance\/issues\/9"
                            }
                        ]
                    }
                ]
            }
        ],
        "thread_ts": "1597783879.036800",
        "parent_user_id": "UL2AA1FF1",
        "reactions": [
            {
                "name": "+1",
                "users": [
                    "U015GARCR8X"
                ],
                "count": 1
            }
        ]
    },
    {
        "client_msg_id": "63013418-9c67-4507-89a1-6f2c5d30cee7",
        "type": "message",
        "text": "<@U018GVAH3FX> In meeting today, you asked about where a good place to start with The Good Docs Project. A really valuable task which would be great to tackle would be to work on the Guides that we will develop over next 3 months or so, as defined in the <https:\/\/docs.google.com\/document\/d\/1Fjrl34ErnYammel9WmvXJ3rMWFANjoSiiGyyNSYOXUg\/edit#heading=h.ruytiq51ik3w|Glossary management across domains>. I see there being a rough three way split in TW tasks for this project. Geospatial community reach out, TW community reach out and writing templates and processes, and overall coordination and management. This might logically split between you, <@U012KCMPP0V> and <@U0170HMB87K> - with each of you backing each other up, (and I'll help where needed as well).",
        "user": "UKTGLQNGG",
        "ts": "1597875974.055500",
        "team": "TKFJE6LDR",
        "user_team": "TKFJE6LDR",
        "source_team": "TKFJE6LDR",
        "user_profile": {
            "avatar_hash": "d6f4de222bb1",
            "image_72": "https:\/\/avatars.slack-edge.com\/2020-07-20\/1235580478119_d6f4de222bb1ed6b5960_72.jpg",
            "first_name": "Cameron",
            "real_name": "Cameron Shorter",
            "display_name": "cameronshorter",
            "team": "TKFJE6LDR",
            "name": "cameron.shorter",
            "is_restricted": false,
            "is_ultra_restricted": false
        },
        "blocks": [
            {
                "type": "rich_text",
                "block_id": "3wzSg",
                "elements": [
                    {
                        "type": "rich_text_section",
                        "elements": [
                            {
                                "type": "user",
                                "user_id": "U018GVAH3FX"
                            },
                            {
                                "type": "text",
                                "text": " In meeting today, you asked about where a good place to start with The Good Docs Project. A really valuable task which would be great to tackle would be to work on the Guides that we will develop over next 3 months or so, as defined in the "
                            },
                            {
                                "type": "link",
                                "url": "https:\/\/docs.google.com\/document\/d\/1Fjrl34ErnYammel9WmvXJ3rMWFANjoSiiGyyNSYOXUg\/edit#heading=h.ruytiq51ik3w",
                                "text": "Glossary management across domains"
                            },
                            {
                                "type": "text",
                                "text": ". I see there being a rough three way split in TW tasks for this project. Geospatial community reach out, TW community reach out and writing templates and processes, and overall coordination and management. This might logically split between you, "
                            },
                            {
                                "type": "user",
                                "user_id": "U012KCMPP0V"
                            },
                            {
                                "type": "text",
                                "text": " and "
                            },
                            {
                                "type": "user",
                                "user_id": "U0170HMB87K"
                            },
                            {
                                "type": "text",
                                "text": " - with each of you backing each other up, (and I'll help where needed as well)."
                            }
                        ]
                    }
                ]
            }
        ]
    },
    {
        "client_msg_id": "59e45a40-6395-45f3-b43d-8cf227155056",
        "type": "message",
        "text": "<@UKTGLQNGG> thank you! Sure :)",
        "user": "U018GVAH3FX",
        "ts": "1597878088.056100",
        "team": "TKFJE6LDR",
        "user_team": "TKFJE6LDR",
        "source_team": "TKFJE6LDR",
        "user_profile": {
            "avatar_hash": "ge5dc7096981",
            "image_72": "https:\/\/secure.gravatar.com\/avatar\/e5dc709698120b8f32e53b9472f12064.jpg?s=72&d=https%3A%2F%2Fa.slack-edge.com%2Fdf10d%2Fimg%2Favatars%2Fava_0015-72.png",
            "first_name": "",
            "real_name": "Naini",
            "display_name": "Naini",
            "team": "TKFJE6LDR",
            "name": "khajanchi.naini",
            "is_restricted": false,
            "is_ultra_restricted": false
        },
        "blocks": [
            {
                "type": "rich_text",
                "block_id": "g5ce3",
                "elements": [
                    {
                        "type": "rich_text_section",
                        "elements": [
                            {
                                "type": "user",
                                "user_id": "UKTGLQNGG"
                            },
                            {
                                "type": "text",
                                "text": " thank you! Sure :)"
                            }
                        ]
                    }
                ]
            }
        ]
    }
]