[
    {
        "client_msg_id": "f6e0d184-4517-4aad-8aef-8d6cc982e543",
        "type": "message",
        "text": "hey everyone sorry to drop this in here — probably a better channel.",
        "user": "U012Y26QWNA",
        "ts": "1598629773.041400",
        "team": "TKFJE6LDR",
        "user_team": "TKFJE6LDR",
        "source_team": "TKFJE6LDR",
        "user_profile": {
            "avatar_hash": "b91365ff7b22",
            "image_72": "https:\/\/avatars.slack-edge.com\/2020-05-06\/1092095570535_b91365ff7b22e688f785_72.jpg",
            "first_name": "",
            "real_name": "Morgan Craft",
            "display_name": "Morgan Craft",
            "team": "TKFJE6LDR",
            "name": "morgan",
            "is_restricted": false,
            "is_ultra_restricted": false
        },
        "blocks": [
            {
                "type": "rich_text",
                "block_id": "ytA",
                "elements": [
                    {
                        "type": "rich_text_section",
                        "elements": [
                            {
                                "type": "text",
                                "text": "hey everyone sorry to drop this in here — probably a better channel."
                            }
                        ]
                    }
                ]
            }
        ]
    },
    {
        "client_msg_id": "cf9e7d01-0891-416a-9851-94a0d5a33f3f",
        "type": "message",
        "text": "<@UKTGLQNGG>  I did a first pass through your community process 2.0 pr — I have an animated gif of the preview build. I can’t put onto the pr.  and it is worth capturing somewhere for others to see",
        "user": "U012Y26QWNA",
        "ts": "1598629834.042400",
        "team": "TKFJE6LDR",
        "user_team": "TKFJE6LDR",
        "source_team": "TKFJE6LDR",
        "user_profile": {
            "avatar_hash": "b91365ff7b22",
            "image_72": "https:\/\/avatars.slack-edge.com\/2020-05-06\/1092095570535_b91365ff7b22e688f785_72.jpg",
            "first_name": "",
            "real_name": "Morgan Craft",
            "display_name": "Morgan Craft",
            "team": "TKFJE6LDR",
            "name": "morgan",
            "is_restricted": false,
            "is_ultra_restricted": false
        },
        "blocks": [
            {
                "type": "rich_text",
                "block_id": "+yOB",
                "elements": [
                    {
                        "type": "rich_text_section",
                        "elements": [
                            {
                                "type": "user",
                                "user_id": "UKTGLQNGG"
                            },
                            {
                                "type": "text",
                                "text": "  I did a first pass through your community process 2.0 pr — I have an animated gif of the preview build. I can’t put onto the pr.  and it is worth capturing somewhere for others to see"
                            }
                        ]
                    }
                ]
            }
        ],
        "thread_ts": "1598629834.042400",
        "reply_count": 6,
        "reply_users_count": 2,
        "latest_reply": "1598737141.044800",
        "reply_users": [
            "U012Y26QWNA",
            "UKTGLQNGG"
        ],
        "replies": [
            {
                "user": "U012Y26QWNA",
                "ts": "1598631064.042800"
            },
            {
                "user": "UKTGLQNGG",
                "ts": "1598649755.043200"
            },
            {
                "user": "U012Y26QWNA",
                "ts": "1598707908.043800"
            },
            {
                "user": "U012Y26QWNA",
                "ts": "1598707958.044000"
            },
            {
                "user": "UKTGLQNGG",
                "ts": "1598737090.044600"
            },
            {
                "user": "UKTGLQNGG",
                "ts": "1598737141.044800"
            }
        ],
        "subscribed": false
    },
    {
        "type": "message",
        "text": "",
        "files": [
            {
                "id": "F019W49HLCC",
                "created": 1598629840,
                "timestamp": 1598629840,
                "name": "2020-08-28 11.44.05.gif",
                "title": "2020-08-28 11.44.05.gif",
                "mimetype": "image\/gif",
                "filetype": "gif",
                "pretty_type": "GIF",
                "user": "U012Y26QWNA",
                "editable": false,
                "size": 11160936,
                "mode": "hosted",
                "is_external": false,
                "external_type": "",
                "is_public": true,
                "public_url_shared": false,
                "display_as_bot": false,
                "username": "",
                "url_private": "https:\/\/files.slack.com\/files-pri\/TKFJE6LDR-F019W49HLCC\/2020-08-28_11.44.05.gif?t=xoxe-661626224467-1562611298038-1581972681841-65ee1aaab8778b70cf90365aafaf1f92",
                "url_private_download": "https:\/\/files.slack.com\/files-pri\/TKFJE6LDR-F019W49HLCC\/download\/2020-08-28_11.44.05.gif?t=xoxe-661626224467-1562611298038-1581972681841-65ee1aaab8778b70cf90365aafaf1f92",
                "thumb_64": "https:\/\/files.slack.com\/files-tmb\/TKFJE6LDR-F019W49HLCC-2dbfa7f851\/2020-08-28_11.44.05_64.png?t=xoxe-661626224467-1562611298038-1581972681841-65ee1aaab8778b70cf90365aafaf1f92",
                "thumb_80": "https:\/\/files.slack.com\/files-tmb\/TKFJE6LDR-F019W49HLCC-2dbfa7f851\/2020-08-28_11.44.05_80.png?t=xoxe-661626224467-1562611298038-1581972681841-65ee1aaab8778b70cf90365aafaf1f92",
                "thumb_360": "https:\/\/files.slack.com\/files-tmb\/TKFJE6LDR-F019W49HLCC-2dbfa7f851\/2020-08-28_11.44.05_360.png?t=xoxe-661626224467-1562611298038-1581972681841-65ee1aaab8778b70cf90365aafaf1f92",
                "thumb_360_w": 272,
                "thumb_360_h": 360,
                "thumb_480": "https:\/\/files.slack.com\/files-tmb\/TKFJE6LDR-F019W49HLCC-2dbfa7f851\/2020-08-28_11.44.05_480.png?t=xoxe-661626224467-1562611298038-1581972681841-65ee1aaab8778b70cf90365aafaf1f92",
                "thumb_480_w": 363,
                "thumb_480_h": 480,
                "thumb_160": "https:\/\/files.slack.com\/files-tmb\/TKFJE6LDR-F019W49HLCC-2dbfa7f851\/2020-08-28_11.44.05_160.png?t=xoxe-661626224467-1562611298038-1581972681841-65ee1aaab8778b70cf90365aafaf1f92",
                "thumb_720": "https:\/\/files.slack.com\/files-tmb\/TKFJE6LDR-F019W49HLCC-2dbfa7f851\/2020-08-28_11.44.05_720.png?t=xoxe-661626224467-1562611298038-1581972681841-65ee1aaab8778b70cf90365aafaf1f92",
                "thumb_720_w": 545,
                "thumb_720_h": 720,
                "thumb_800": "https:\/\/files.slack.com\/files-tmb\/TKFJE6LDR-F019W49HLCC-2dbfa7f851\/2020-08-28_11.44.05_800.png?t=xoxe-661626224467-1562611298038-1581972681841-65ee1aaab8778b70cf90365aafaf1f92",
                "thumb_800_w": 605,
                "thumb_800_h": 800,
                "thumb_960": "https:\/\/files.slack.com\/files-tmb\/TKFJE6LDR-F019W49HLCC-2dbfa7f851\/2020-08-28_11.44.05_960.png?t=xoxe-661626224467-1562611298038-1581972681841-65ee1aaab8778b70cf90365aafaf1f92",
                "thumb_960_w": 726,
                "thumb_960_h": 960,
                "thumb_1024": "https:\/\/files.slack.com\/files-tmb\/TKFJE6LDR-F019W49HLCC-2dbfa7f851\/2020-08-28_11.44.05_1024.png?t=xoxe-661626224467-1562611298038-1581972681841-65ee1aaab8778b70cf90365aafaf1f92",
                "thumb_1024_w": 774,
                "thumb_1024_h": 1024,
                "thumb_360_gif": "https:\/\/files.slack.com\/files-tmb\/TKFJE6LDR-F019W49HLCC-2dbfa7f851\/2020-08-28_11.44.05_360.gif?t=xoxe-661626224467-1562611298038-1581972681841-65ee1aaab8778b70cf90365aafaf1f92",
                "thumb_480_gif": "https:\/\/files.slack.com\/files-tmb\/TKFJE6LDR-F019W49HLCC-2dbfa7f851\/2020-08-28_11.44.05_480.gif?t=xoxe-661626224467-1562611298038-1581972681841-65ee1aaab8778b70cf90365aafaf1f92",
                "original_w": 779,
                "original_h": 1030,
                "deanimate_gif": "https:\/\/files.slack.com\/files-tmb\/TKFJE6LDR-F019W49HLCC-2dbfa7f851\/2020-08-28_11.44.05_deanimate_gif.png?t=xoxe-661626224467-1562611298038-1581972681841-65ee1aaab8778b70cf90365aafaf1f92",
                "thumb_tiny": "AwAwACRRfyEZEI\/Ol+3Tf88R+tQC1mH\/ACyb8qX7NN\/zyb8v\/r0ATfbpf+eI\/M006i\/\/ADyX86iNrN2jaj7LN\/zyagCX+0X\/AOea\/nR\/aL\/881\/Oofss3\/PJqPss3\/PJqANZuvUj6GgDHcn60pFAB96ACiiloASilooAwd7ep\/OgufU\/mabRQAu5v7x\/Ojc394\/nSUUALub+8fzo3N\/eP50lFAH\/2Q==",
                "permalink": "https:\/\/thegooddocs.slack.com\/files\/U012Y26QWNA\/F019W49HLCC\/2020-08-28_11.44.05.gif",
                "permalink_public": "https:\/\/slack-files.com\/TKFJE6LDR-F019W49HLCC-307e98dcd2",
                "is_starred": false,
                "has_rich_preview": false
            }
        ],
        "upload": false,
        "user": "U012Y26QWNA",
        "display_as_bot": false,
        "ts": "1598629872.042500"
    },
    {
        "client_msg_id": "88ccb160-6523-4045-aca6-7d325a9d87c6",
        "type": "message",
        "text": "Refers to this PR — <https:\/\/github.com\/thegooddocsproject\/thegooddocsproject.github.io\/pull\/43>",
        "user": "U012Y26QWNA",
        "ts": "1598631064.042800",
        "team": "TKFJE6LDR",
        "user_team": "TKFJE6LDR",
        "source_team": "TKFJE6LDR",
        "user_profile": {
            "avatar_hash": "b91365ff7b22",
            "image_72": "https:\/\/avatars.slack-edge.com\/2020-05-06\/1092095570535_b91365ff7b22e688f785_72.jpg",
            "first_name": "",
            "real_name": "Morgan Craft",
            "display_name": "Morgan Craft",
            "team": "TKFJE6LDR",
            "name": "morgan",
            "is_restricted": false,
            "is_ultra_restricted": false
        },
        "attachments": [
            {
                "author_name": "camerons",
                "fallback": "[thegooddocsproject\/thegooddocsproject.github.io] #43 Add community processes 2.0: ",
                "text": "Updates processes for: decisions, prioritization, proposal-selection, roles.  \nFixes <https:\/\/github.com\/thegooddocsproject\/thegooddocsproject.github.io\/issues\/42|#42>\n\nAs this is a significant update to processes, we should endevour to get +1 votes from all PSC members.\n\n• Cameron Shorter (person raising this pull request, voting +1)\n• Felicity Brand\n• Jo Cook\n• Jared Morgan\n• Erin McKean\n• Clarence Cromwell\n\nReview and comments from other community members are welcomed.\n\nNote 1: I'm hoping most feedback will be captured as a separate issue, and applied to a future version of these docs. That way we can get working processes in place, and start promoting community members into roles.\n\nNote 2: We don't yet have a Code of Conduct Committee role. That is something which was postponed to a future version so we can get these processes in place without being blocked.\n\nNote 3: I'm ashamed to admit that I haven't managed to get a working local environment stood up, and hence have only visually checked links in this update. It would be great if someone could check that for me.",
                "title": "#43 Add community processes 2.0: ",
                "footer": "<https:\/\/github.com\/thegooddocsproject\/thegooddocsproject.github.io|thegooddocsproject\/thegooddocsproject.github.io>",
                "id": 1,
                "title_link": "https:\/\/github.com\/thegooddocsproject\/thegooddocsproject.github.io\/pull\/43",
                "author_link": "https:\/\/github.com\/camerons",
                "author_icon": "https:\/\/avatars0.githubusercontent.com\/u\/1243535?v=4",
                "footer_icon": "https:\/\/github.githubassets.com\/favicon.ico",
                "ts": 1598223017,
                "color": "36a64f",
                "fields": [
                    {
                        "title": "Comments",
                        "value": "4",
                        "short": true
                    },
                    {
                        "title": "Reviewers",
                        "value": "@mgan59, @emckean, @cwcromwell",
                        "short": true
                    }
                ],
                "mrkdwn_in": [
                    "text"
                ],
                "bot_id": "BU8U6P6AH",
                "app_unfurl_url": "https:\/\/github.com\/thegooddocsproject\/thegooddocsproject.github.io\/pull\/43",
                "is_app_unfurl": true
            }
        ],
        "blocks": [
            {
                "type": "rich_text",
                "block_id": "G73",
                "elements": [
                    {
                        "type": "rich_text_section",
                        "elements": [
                            {
                                "type": "text",
                                "text": "Refers to this PR — "
                            },
                            {
                                "type": "link",
                                "url": "https:\/\/github.com\/thegooddocsproject\/thegooddocsproject.github.io\/pull\/43"
                            }
                        ]
                    }
                ]
            }
        ],
        "thread_ts": "1598629834.042400",
        "parent_user_id": "U012Y26QWNA"
    },
    {
        "client_msg_id": "da5b2da7-eaf4-4a58-a383-c7a1e9ef6943",
        "type": "message",
        "text": "Thanks <@U012Y26QWNA>, I appreciate you checking the rendered html and links. If I read you correctly, there are no show stoppers from a structural point of view, which I'm thankful to hear.",
        "user": "UKTGLQNGG",
        "ts": "1598649755.043200",
        "team": "TKFJE6LDR",
        "user_team": "TKFJE6LDR",
        "source_team": "TKFJE6LDR",
        "user_profile": {
            "avatar_hash": "d6f4de222bb1",
            "image_72": "https:\/\/avatars.slack-edge.com\/2020-07-20\/1235580478119_d6f4de222bb1ed6b5960_72.jpg",
            "first_name": "Cameron",
            "real_name": "Cameron Shorter",
            "display_name": "cameronshorter",
            "team": "TKFJE6LDR",
            "name": "cameron.shorter",
            "is_restricted": false,
            "is_ultra_restricted": false
        },
        "blocks": [
            {
                "type": "rich_text",
                "block_id": "8Lt",
                "elements": [
                    {
                        "type": "rich_text_section",
                        "elements": [
                            {
                                "type": "text",
                                "text": "Thanks "
                            },
                            {
                                "type": "user",
                                "user_id": "U012Y26QWNA"
                            },
                            {
                                "type": "text",
                                "text": ", I appreciate you checking the rendered html and links. If I read you correctly, there are no show stoppers from a structural point of view, which I'm thankful to hear."
                            }
                        ]
                    }
                ]
            }
        ],
        "thread_ts": "1598629834.042400",
        "parent_user_id": "U012Y26QWNA"
    }
]