[
    {
        "client_msg_id": "e4151700-f44f-470b-91ac-a4b44df397c3",
        "type": "message",
        "text": "Hi <@U018BMTQNSJ>, I see that you have recently joined this slack. Welcome. I see you have also offered to tackle READMEs. Great. (Duplicate issue has been moved into <https:\/\/github.com\/thegooddocsproject\/templates\/issues\/110> ) This is likely to be a hard problem to solve due to there being so many opinions about what a good README should be. Why don't you introduce yourself to this list and maybe start a thread about READMEs.",
        "user": "UKTGLQNGG",
        "ts": "1597352005.019800",
        "team": "TKFJE6LDR",
        "user_team": "TKFJE6LDR",
        "source_team": "TKFJE6LDR",
        "user_profile": {
            "avatar_hash": "d6f4de222bb1",
            "image_72": "https:\/\/avatars.slack-edge.com\/2020-07-20\/1235580478119_d6f4de222bb1ed6b5960_72.jpg",
            "first_name": "Cameron",
            "real_name": "Cameron Shorter",
            "display_name": "cameronshorter",
            "team": "TKFJE6LDR",
            "name": "cameron.shorter",
            "is_restricted": false,
            "is_ultra_restricted": false
        },
        "attachments": [
            {
                "author_name": "rimutaka",
                "fallback": "[thegooddocsproject\/templates] #110 Create basic ReadMe template",
                "text": "ReadMe is the default document displayed on the homepage of the project and is often the only document for the repo. We should create several ReadMe templates for different project types starting with the most basic one.\n\nCreating one from scratch is of limited value because it would have to be tested by large number of readers before we can say if it is a good or bad example. Let's re-use what's already out there and has been proven to work.\n\n*Steps:*\n\n1. Collect examples of GOOD and BAD ReadMe files (<https:\/\/github.com\/thegooddocsproject\/templates\/wiki\/Examples-from-the-web|https:\/\/github.com\/thegooddocsproject\/templates\/wiki\/Examples-from-the-web>).\n2. Deconstruct\n3. Create a composite ReadMe that includes WHAT, WHY and HOW.\n\n*What's GOOD, what's BAD?*\n\nIt can be a well illustrated and grammatically correct doc, but still unhelpful. Another doc may be very short, but is all what's needed to understand and start using the code.\n\n*BAD examples*\n\nWe can't just single out someone's readme as bad. It would be good to have examples where a bad version was turned into a good version.\n\n*Target project type*\n\na) a small team or a solo dev  \nb) ReadMe is the only doc in the repo  \nc) the code does only one or two things, but does them well  \nd) ReadMe is the only or primary source of info about the project\n\n*Useful references*\n\n• <https:\/\/github.com\/kylelobo\/The-Documentation-Compendium\/tree\/master\/en\/README_TEMPLATES|https:\/\/github.com\/kylelobo\/The-Documentation-Compendium\/tree\/master\/en\/README_TEMPLATES>\n• <https:\/\/docs.google.com\/document\/d\/1sPaVeFQFEqUs0w0sbvvWz1yW3rZd7Lba2_hNheQG25Y\/edit|https:\/\/docs.google.com\/document\/d\/1sPaVeFQFEqUs0w0sbvvWz1yW3rZd7Lba2_hNheQG25Y\/edit>\n• <https:\/\/github.com\/ddbeck\/readme-checklist|https:\/\/github.com\/ddbeck\/readme-checklist>",
                "title": "#110 Create basic ReadMe template",
                "footer": "<https:\/\/github.com\/thegooddocsproject\/templates|thegooddocsproject\/templates>",
                "id": 1,
                "title_link": "https:\/\/github.com\/thegooddocsproject\/templates\/issues\/110",
                "author_link": "https:\/\/github.com\/rimutaka",
                "author_icon": "https:\/\/avatars0.githubusercontent.com\/u\/5926028?v=4",
                "footer_icon": "https:\/\/github.githubassets.com\/favicon.ico",
                "ts": 1588022143,
                "color": "36a64f",
                "fields": [
                    {
                        "title": "Comments",
                        "value": "1",
                        "short": true
                    }
                ],
                "mrkdwn_in": [
                    "text"
                ],
                "bot_id": "BU8U6P6AH",
                "app_unfurl_url": "https:\/\/github.com\/thegooddocsproject\/templates\/issues\/110",
                "is_app_unfurl": true
            }
        ],
        "blocks": [
            {
                "type": "rich_text",
                "block_id": "UVcq",
                "elements": [
                    {
                        "type": "rich_text_section",
                        "elements": [
                            {
                                "type": "text",
                                "text": "Hi "
                            },
                            {
                                "type": "user",
                                "user_id": "U018BMTQNSJ"
                            },
                            {
                                "type": "text",
                                "text": ", I see that you have recently joined this slack. Welcome. I see you have also offered to tackle READMEs. Great. (Duplicate issue has been moved into "
                            },
                            {
                                "type": "link",
                                "url": "https:\/\/github.com\/thegooddocsproject\/templates\/issues\/110"
                            },
                            {
                                "type": "text",
                                "text": " ) This is likely to be a hard problem to solve due to there being so many opinions about what a good README should be. Why don't you introduce yourself to this list and maybe start a thread about READMEs."
                            }
                        ]
                    }
                ]
            }
        ],
        "thread_ts": "1597352005.019800",
        "reply_count": 2,
        "reply_users_count": 2,
        "latest_reply": "1597372660.020200",
        "reply_users": [
            "U018BMTQNSJ",
            "UKTGLQNGG"
        ],
        "replies": [
            {
                "user": "U018BMTQNSJ",
                "ts": "1597352095.020000"
            },
            {
                "user": "UKTGLQNGG",
                "ts": "1597372660.020200"
            }
        ],
        "subscribed": false
    },
    {
        "client_msg_id": "bf611bfc-b473-419b-845a-ad41ee4e293a",
        "type": "message",
        "text": "To be more specific, I'd like to contribute some work that I've done previously w\/r\/t a GraphQL template",
        "user": "U018BMTQNSJ",
        "ts": "1597352095.020000",
        "team": "TKFJE6LDR",
        "user_team": "TKFJE6LDR",
        "source_team": "TKFJE6LDR",
        "user_profile": {
            "avatar_hash": "gee6f74a36fa",
            "image_72": "https:\/\/secure.gravatar.com\/avatar\/ee6f74a36fa8e02e7450e3e9607a205b.jpg?s=72&d=https%3A%2F%2Fa.slack-edge.com%2Fdf10d%2Fimg%2Favatars%2Fava_0012-72.png",
            "first_name": "",
            "real_name": "Mike Jang",
            "display_name": "Mike Jang",
            "team": "TKFJE6LDR",
            "name": "michael",
            "is_restricted": false,
            "is_ultra_restricted": false
        },
        "blocks": [
            {
                "type": "rich_text",
                "block_id": "Ho3",
                "elements": [
                    {
                        "type": "rich_text_section",
                        "elements": [
                            {
                                "type": "text",
                                "text": "To be more specific, I'd like to contribute some work that I've done previously w\/r\/t a GraphQL template"
                            }
                        ]
                    }
                ]
            }
        ],
        "thread_ts": "1597352005.019800",
        "parent_user_id": "UKTGLQNGG",
        "reactions": [
            {
                "name": "tada",
                "users": [
                    "U012KCMPP0V"
                ],
                "count": 1
            }
        ]
    },
    {
        "client_msg_id": "a9065d6c-b83b-48e1-8923-35192c0e71f3",
        "type": "message",
        "text": "At the very least, I suggest you should add a link to your work from our bug. The challenge I think you are going to find is that you'll need to convince our team, and future readers that your approach to READMEs is the best option. It is quite a large task. I'm not sure if that is something you would like to take on <@U018BMTQNSJ>?",
        "user": "UKTGLQNGG",
        "ts": "1597372660.020200",
        "team": "TKFJE6LDR",
        "user_team": "TKFJE6LDR",
        "source_team": "TKFJE6LDR",
        "user_profile": {
            "avatar_hash": "d6f4de222bb1",
            "image_72": "https:\/\/avatars.slack-edge.com\/2020-07-20\/1235580478119_d6f4de222bb1ed6b5960_72.jpg",
            "first_name": "Cameron",
            "real_name": "Cameron Shorter",
            "display_name": "cameronshorter",
            "team": "TKFJE6LDR",
            "name": "cameron.shorter",
            "is_restricted": false,
            "is_ultra_restricted": false
        },
        "edited": {
            "user": "UKTGLQNGG",
            "ts": "1597372688.000000"
        },
        "blocks": [
            {
                "type": "rich_text",
                "block_id": "UKi",
                "elements": [
                    {
                        "type": "rich_text_section",
                        "elements": [
                            {
                                "type": "text",
                                "text": "At the very least, I suggest you should add a link to your work from our bug. The challenge I think you are going to find is that you'll need to convince our team, and future readers that your approach to READMEs is the best option. It is quite a large task. I'm not sure if that is something you would like to take on "
                            },
                            {
                                "type": "user",
                                "user_id": "U018BMTQNSJ"
                            },
                            {
                                "type": "text",
                                "text": "?"
                            }
                        ]
                    }
                ]
            }
        ],
        "thread_ts": "1597352005.019800",
        "parent_user_id": "UKTGLQNGG",
        "reactions": [
            {
                "name": "eyes",
                "users": [
                    "U018BMTQNSJ"
                ],
                "count": 1
            }
        ]
    }
]