[
    {
        "client_msg_id": "a5d45ce8-bf7d-497f-a88f-bcd67857203e",
        "type": "message",
        "text": "I've set a poll for the GeoLexicon pilot kickoff meeting timeslot at:\n<https:\/\/doodle.com\/poll\/6uwxyngtse4rzxsk> (Week of 23-29 August). If this <https:\/\/docs.google.com\/document\/d\/1Fjrl34ErnYammel9WmvXJ3rMWFANjoSiiGyyNSYOXUg\/edit#|project for cross-domain management of glossaries> interests you, now is the time to speak up.  (Or ask me questions if want to know more)",
        "user": "UKTGLQNGG",
        "ts": "1597529237.025300",
        "team": "TKFJE6LDR",
        "user_team": "TKFJE6LDR",
        "source_team": "TKFJE6LDR",
        "user_profile": {
            "avatar_hash": "d6f4de222bb1",
            "image_72": "https:\/\/avatars.slack-edge.com\/2020-07-20\/1235580478119_d6f4de222bb1ed6b5960_72.jpg",
            "first_name": "Cameron",
            "real_name": "Cameron Shorter",
            "display_name": "cameronshorter",
            "team": "TKFJE6LDR",
            "name": "cameron.shorter",
            "is_restricted": false,
            "is_ultra_restricted": false
        },
        "attachments": [
            {
                "title": "Doodle: GeoLexicon pilot kickoff",
                "title_link": "https:\/\/doodle.com\/poll\/6uwxyngtse4rzxsk",
                "text": "Kickoff GeoLexicon pilot project for cross-domain glossary management",
                "fallback": "Doodle: GeoLexicon pilot kickoff",
                "image_url": "https:\/\/doodle.com\/graphics\/static\/facebookSharingThumbnail.png",
                "from_url": "https:\/\/doodle.com\/poll\/6uwxyngtse4rzxsk",
                "image_width": 300,
                "image_height": 200,
                "image_bytes": 6864,
                "service_icon": "https:\/\/cdn2.doodle.com\/dist\/i\/7479b568749fca315a2969e30cbee4f5.png",
                "service_name": "doodle.com",
                "id": 1,
                "original_url": "https:\/\/doodle.com\/poll\/6uwxyngtse4rzxsk"
            }
        ],
        "blocks": [
            {
                "type": "rich_text",
                "block_id": "U6nX",
                "elements": [
                    {
                        "type": "rich_text_section",
                        "elements": [
                            {
                                "type": "text",
                                "text": "I've set a poll for the GeoLexicon pilot kickoff meeting timeslot at:\n"
                            },
                            {
                                "type": "link",
                                "url": "https:\/\/doodle.com\/poll\/6uwxyngtse4rzxsk"
                            },
                            {
                                "type": "text",
                                "text": " (Week of 23-29 August). If this "
                            },
                            {
                                "type": "link",
                                "url": "https:\/\/docs.google.com\/document\/d\/1Fjrl34ErnYammel9WmvXJ3rMWFANjoSiiGyyNSYOXUg\/edit#",
                                "text": "project for cross-domain management of glossaries"
                            },
                            {
                                "type": "text",
                                "text": " interests you, now is the time to speak up.  (Or ask me questions if want to know more)"
                            }
                        ]
                    }
                ]
            }
        ]
    }
]