[
    {
        "client_msg_id": "adecf7b2-3eaa-4286-8dbb-a5c069a40482",
        "type": "message",
        "text": "sorry for the delay here <@UKTGLQNGG> <@U0174BRV404> — had a demo on Friday afternoon that ate up the rest of my week.  I had a chance to circle back to this.  Ended up having more issues with the build I had to work through.  But got it working in the end and needed to make some updates to the PR.  It was out of sync with master because I made changes to `index.md`.  This forced a _rebase_.  I made notes of this and also added an animated gif to the PR.  If there are more changes I’m happy to make them as I have the latest `branch`",
        "user": "U012Y26QWNA",
        "ts": "1598182223.003900",
        "team": "TKFJE6LDR",
        "user_team": "TKFJE6LDR",
        "source_team": "TKFJE6LDR",
        "user_profile": {
            "avatar_hash": "b91365ff7b22",
            "image_72": "https:\/\/avatars.slack-edge.com\/2020-05-06\/1092095570535_b91365ff7b22e688f785_72.jpg",
            "first_name": "",
            "real_name": "Morgan Craft",
            "display_name": "Morgan Craft",
            "team": "TKFJE6LDR",
            "name": "morgan",
            "is_restricted": false,
            "is_ultra_restricted": false
        },
        "blocks": [
            {
                "type": "rich_text",
                "block_id": "W9ML",
                "elements": [
                    {
                        "type": "rich_text_section",
                        "elements": [
                            {
                                "type": "text",
                                "text": "sorry for the delay here "
                            },
                            {
                                "type": "user",
                                "user_id": "UKTGLQNGG"
                            },
                            {
                                "type": "text",
                                "text": " "
                            },
                            {
                                "type": "user",
                                "user_id": "U0174BRV404"
                            },
                            {
                                "type": "text",
                                "text": " — had a demo on Friday afternoon that ate up the rest of my week.  I had a chance to circle back to this.  Ended up having more issues with the build I had to work through.  But got it working in the end and needed to make some updates to the PR.  It was out of sync with master because I made changes to "
                            },
                            {
                                "type": "text",
                                "text": "index.md",
                                "style": {
                                    "code": true
                                }
                            },
                            {
                                "type": "text",
                                "text": ".  This forced a "
                            },
                            {
                                "type": "text",
                                "text": "rebase",
                                "style": {
                                    "italic": true
                                }
                            },
                            {
                                "type": "text",
                                "text": ".  I made notes of this and also added an animated gif to the PR.  If there are more changes I’m happy to make them as I have the latest "
                            },
                            {
                                "type": "text",
                                "text": "branch",
                                "style": {
                                    "code": true
                                }
                            }
                        ]
                    }
                ]
            }
        ],
        "thread_ts": "1598057657.003600",
        "parent_user_id": "UKTGLQNGG"
    },
    {
        "client_msg_id": "9f4f6b46-ac0e-4193-8cad-4bf1833d3690",
        "type": "message",
        "text": "If we are good on the changes it should be ready for anyone to hit the merge button",
        "user": "U012Y26QWNA",
        "ts": "1598182264.004100",
        "team": "TKFJE6LDR",
        "user_team": "TKFJE6LDR",
        "source_team": "TKFJE6LDR",
        "user_profile": {
            "avatar_hash": "b91365ff7b22",
            "image_72": "https:\/\/avatars.slack-edge.com\/2020-05-06\/1092095570535_b91365ff7b22e688f785_72.jpg",
            "first_name": "",
            "real_name": "Morgan Craft",
            "display_name": "Morgan Craft",
            "team": "TKFJE6LDR",
            "name": "morgan",
            "is_restricted": false,
            "is_ultra_restricted": false
        },
        "blocks": [
            {
                "type": "rich_text",
                "block_id": "jnyc",
                "elements": [
                    {
                        "type": "rich_text_section",
                        "elements": [
                            {
                                "type": "text",
                                "text": "If we are good on the changes it should be ready for anyone to hit the merge button"
                            }
                        ]
                    }
                ]
            }
        ],
        "thread_ts": "1598057657.003600",
        "parent_user_id": "UKTGLQNGG"
    },
    {
        "client_msg_id": "021841eb-f150-4647-9753-47802bddfc9c",
        "type": "message",
        "text": "Morgan, I'll have a quick look.",
        "user": "UKTGLQNGG",
        "ts": "1598182485.004300",
        "team": "TKFJE6LDR",
        "user_team": "TKFJE6LDR",
        "source_team": "TKFJE6LDR",
        "user_profile": {
            "avatar_hash": "d6f4de222bb1",
            "image_72": "https:\/\/avatars.slack-edge.com\/2020-07-20\/1235580478119_d6f4de222bb1ed6b5960_72.jpg",
            "first_name": "Cameron",
            "real_name": "Cameron Shorter",
            "display_name": "cameronshorter",
            "team": "TKFJE6LDR",
            "name": "cameron.shorter",
            "is_restricted": false,
            "is_ultra_restricted": false
        },
        "blocks": [
            {
                "type": "rich_text",
                "block_id": "S0l",
                "elements": [
                    {
                        "type": "rich_text_section",
                        "elements": [
                            {
                                "type": "text",
                                "text": "Morgan, I'll have a quick look."
                            }
                        ]
                    }
                ]
            }
        ],
        "thread_ts": "1598057657.003600",
        "parent_user_id": "UKTGLQNGG"
    },
    {
        "client_msg_id": "78493613-b606-4c51-9b2a-096385fea2c8",
        "type": "message",
        "text": "Okay, I've just merged. Thanks <@U012Y26QWNA> for your help.",
        "user": "UKTGLQNGG",
        "ts": "1598183352.004500",
        "team": "TKFJE6LDR",
        "user_team": "TKFJE6LDR",
        "source_team": "TKFJE6LDR",
        "user_profile": {
            "avatar_hash": "d6f4de222bb1",
            "image_72": "https:\/\/avatars.slack-edge.com\/2020-07-20\/1235580478119_d6f4de222bb1ed6b5960_72.jpg",
            "first_name": "Cameron",
            "real_name": "Cameron Shorter",
            "display_name": "cameronshorter",
            "team": "TKFJE6LDR",
            "name": "cameron.shorter",
            "is_restricted": false,
            "is_ultra_restricted": false
        },
        "blocks": [
            {
                "type": "rich_text",
                "block_id": "yqvd",
                "elements": [
                    {
                        "type": "rich_text_section",
                        "elements": [
                            {
                                "type": "text",
                                "text": "Okay, I've just merged. Thanks "
                            },
                            {
                                "type": "user",
                                "user_id": "U012Y26QWNA"
                            },
                            {
                                "type": "text",
                                "text": " for your help."
                            }
                        ]
                    }
                ]
            }
        ],
        "thread_ts": "1598057657.003600",
        "parent_user_id": "UKTGLQNGG"
    },
    {
        "client_msg_id": "2f632c48-c8cd-4551-a78a-5bf0c8f01928",
        "type": "message",
        "text": "Thanks <@U012Y26QWNA> and <@UKTGLQNGG> for all your help on this  <https:\/\/github.com\/thegooddocsproject\/thegooddocsproject.github.io\/pull\/35|pull request! >:slightly_smiling_face:",
        "user": "U0174BRV404",
        "ts": "1598185959.005700",
        "team": "TKFJE6LDR",
        "user_team": "TKFJE6LDR",
        "source_team": "TKFJE6LDR",
        "user_profile": {
            "avatar_hash": "g573d72c0bca",
            "image_72": "https:\/\/secure.gravatar.com\/avatar\/573d72c0bca8a54e4b8d8ef24ddf8f10.jpg?s=72&d=https%3A%2F%2Fa.slack-edge.com%2Fdf10d%2Fimg%2Favatars%2Fava_0022-72.png",
            "first_name": "",
            "real_name": "Viraji Ogodapola",
            "display_name": "Viraji Ogodapola",
            "team": "TKFJE6LDR",
            "name": "viraji",
            "is_restricted": false,
            "is_ultra_restricted": false
        },
        "attachments": [
            {
                "author_name": "viraji",
                "fallback": "[thegooddocsproject\/thegooddocsproject.github.io] #35 Viraji patch 2",
                "text": "Changed nav bar to:  \nHome | Licences | Community | Download | Press  \nfrom:  \nHome | About | Licences | Contribute | Contact Us  \nas per Issue <https:\/\/github.com\/thegooddocsproject\/thegooddocsproject.github.io\/issues\/14|#14> described in:  \n<https:\/\/docs.google.com\/document\/d\/1KVU44BA37tu-4DXYM99diCeqI6FeDiOFYQp5zLwl8vU\/edit?usp=sharing|https:\/\/docs.google.com\/document\/d\/1KVU44BA37tu-4DXYM99diCeqI6FeDiOFYQp5zLwl8vU\/edit?usp=sharing>",
                "title": "#35 Viraji patch 2",
                "footer": "<https:\/\/github.com\/thegooddocsproject\/thegooddocsproject.github.io|thegooddocsproject\/thegooddocsproject.github.io>",
                "id": 1,
                "title_link": "https:\/\/github.com\/thegooddocsproject\/thegooddocsproject.github.io\/pull\/35",
                "author_link": "https:\/\/github.com\/viraji",
                "author_icon": "https:\/\/avatars1.githubusercontent.com\/u\/26591174?v=4",
                "footer_icon": "https:\/\/github.githubassets.com\/favicon.ico",
                "ts": 1596716096,
                "color": "6f42c1",
                "fields": [
                    {
                        "title": "Comments",
                        "value": "4",
                        "short": true
                    }
                ],
                "mrkdwn_in": [
                    "text"
                ],
                "bot_id": "BU8U6P6AH",
                "app_unfurl_url": "https:\/\/github.com\/thegooddocsproject\/thegooddocsproject.github.io\/pull\/35",
                "is_app_unfurl": true
            }
        ],
        "blocks": [
            {
                "type": "rich_text",
                "block_id": "wIPxi",
                "elements": [
                    {
                        "type": "rich_text_section",
                        "elements": [
                            {
                                "type": "text",
                                "text": "Thanks "
                            },
                            {
                                "type": "user",
                                "user_id": "U012Y26QWNA"
                            },
                            {
                                "type": "text",
                                "text": " and "
                            },
                            {
                                "type": "user",
                                "user_id": "UKTGLQNGG"
                            },
                            {
                                "type": "text",
                                "text": " for all your help on this  "
                            },
                            {
                                "type": "link",
                                "url": "https:\/\/github.com\/thegooddocsproject\/thegooddocsproject.github.io\/pull\/35",
                                "text": "pull request! "
                            },
                            {
                                "type": "emoji",
                                "name": "slightly_smiling_face"
                            }
                        ]
                    }
                ]
            }
        ]
    },
    {
        "client_msg_id": "0061d2e3-40a5-41fa-b40f-d1b48fcfc72a",
        "type": "message",
        "text": "I've copied our proposed updated processes into a github pull request. As this is quite a major update to our project, it would be great if all PSC members vote to approve this. <@UL2AA1FF1> <@UKVC4NB71> <@UKV4ZPEFQ> <@UL3UNUMK6> <@UKG4RHGBD>. We should try and process this within the next few days, before the switch to Hugo starts.",
        "user": "UKTGLQNGG",
        "ts": "1598223326.009200",
        "team": "TKFJE6LDR",
        "user_team": "TKFJE6LDR",
        "source_team": "TKFJE6LDR",
        "user_profile": {
            "avatar_hash": "d6f4de222bb1",
            "image_72": "https:\/\/avatars.slack-edge.com\/2020-07-20\/1235580478119_d6f4de222bb1ed6b5960_72.jpg",
            "first_name": "Cameron",
            "real_name": "Cameron Shorter",
            "display_name": "cameronshorter",
            "team": "TKFJE6LDR",
            "name": "cameron.shorter",
            "is_restricted": false,
            "is_ultra_restricted": false
        },
        "blocks": [
            {
                "type": "rich_text",
                "block_id": "e4q",
                "elements": [
                    {
                        "type": "rich_text_section",
                        "elements": [
                            {
                                "type": "text",
                                "text": "I've copied our proposed updated processes into a github pull request. As this is quite a major update to our project, it would be great if all PSC members vote to approve this. "
                            },
                            {
                                "type": "user",
                                "user_id": "UL2AA1FF1"
                            },
                            {
                                "type": "text",
                                "text": " "
                            },
                            {
                                "type": "user",
                                "user_id": "UKVC4NB71"
                            },
                            {
                                "type": "text",
                                "text": " "
                            },
                            {
                                "type": "user",
                                "user_id": "UKV4ZPEFQ"
                            },
                            {
                                "type": "text",
                                "text": " "
                            },
                            {
                                "type": "user",
                                "user_id": "UL3UNUMK6"
                            },
                            {
                                "type": "text",
                                "text": " "
                            },
                            {
                                "type": "user",
                                "user_id": "UKG4RHGBD"
                            },
                            {
                                "type": "text",
                                "text": ". We should try and process this within the next few days, before the switch to Hugo starts."
                            }
                        ]
                    }
                ]
            }
        ]
    },
    {
        "client_msg_id": "977fc795-8a1b-47c1-af7c-b6c6cb2f2f01",
        "type": "message",
        "text": "Feedback from the rest of the community also welcomed, although I'd suggest most feedback should be addressed as separate updates to this pull request instead of blocking it. (These doc updates were reviewed quite a bit when in Google docs.)",
        "user": "UKTGLQNGG",
        "ts": "1598223468.011200",
        "team": "TKFJE6LDR",
        "user_team": "TKFJE6LDR",
        "source_team": "TKFJE6LDR",
        "user_profile": {
            "avatar_hash": "d6f4de222bb1",
            "image_72": "https:\/\/avatars.slack-edge.com\/2020-07-20\/1235580478119_d6f4de222bb1ed6b5960_72.jpg",
            "first_name": "Cameron",
            "real_name": "Cameron Shorter",
            "display_name": "cameronshorter",
            "team": "TKFJE6LDR",
            "name": "cameron.shorter",
            "is_restricted": false,
            "is_ultra_restricted": false
        },
        "blocks": [
            {
                "type": "rich_text",
                "block_id": "LFB",
                "elements": [
                    {
                        "type": "rich_text_section",
                        "elements": [
                            {
                                "type": "text",
                                "text": "Feedback from the rest of the community also welcomed, although I'd suggest most feedback should be addressed as separate updates to this pull request instead of blocking it. (These doc updates were reviewed quite a bit when in Google docs.)"
                            }
                        ]
                    }
                ]
            }
        ]
    }
]