[
    {
        "client_msg_id": "73ac4feb-d996-48a4-a1fd-bbca29c042a2",
        "type": "message",
        "text": "<https:\/\/www.writethedocs.org\/conf\/portland\/2020\/news\/thanks-recap\/> :slightly_smiling_face: Recap of the WTD Portland 2020 conference, with links to the YouTube playlists, and other stuff",
        "user": "U015GARCR8X",
        "ts": "1598032660.001100",
        "team": "TKFJE6LDR",
        "user_team": "TKFJE6LDR",
        "source_team": "TKFJE6LDR",
        "user_profile": {
            "avatar_hash": "37a234435192",
            "image_72": "https:\/\/avatars.slack-edge.com\/2020-08-06\/1283467109749_37a23443519259ddd5ca_72.png",
            "first_name": "Derek",
            "real_name": "Derek Ardolf",
            "display_name": "ScriptAutomate",
            "team": "TKFJE6LDR",
            "name": "derek",
            "is_restricted": false,
            "is_ultra_restricted": false
        },
        "attachments": [
            {
                "service_name": "Write the Docs  Portland 2020",
                "title": "                  Conference highlights and thanks to the community! - Write the Docs   Portland 2020                  ",
                "title_link": "https:\/\/www.writethedocs.org\/conf\/portland\/2020\/news\/thanks-recap\/",
                "text": "A conference for tech writers, documentarians, and all those who write the docs.",
                "fallback": "Write the Docs  Portland 2020:                   Conference highlights and thanks to the community! - Write the Docs   Portland 2020                  ",
                "image_url": "https:\/\/www.writethedocs.org\/_static\/img\/stickers\/sticker-wtd-colors.png",
                "from_url": "https:\/\/www.writethedocs.org\/conf\/portland\/2020\/news\/thanks-recap\/",
                "image_width": 250,
                "image_height": 250,
                "image_bytes": 25403,
                "service_icon": "https:\/\/www.writethedocs.org\/_static\/favicon\/apple-icon-57x57.png",
                "id": 1,
                "original_url": "https:\/\/www.writethedocs.org\/conf\/portland\/2020\/news\/thanks-recap\/"
            }
        ],
        "blocks": [
            {
                "type": "rich_text",
                "block_id": "39rO",
                "elements": [
                    {
                        "type": "rich_text_section",
                        "elements": [
                            {
                                "type": "link",
                                "url": "https:\/\/www.writethedocs.org\/conf\/portland\/2020\/news\/thanks-recap\/"
                            },
                            {
                                "type": "text",
                                "text": " "
                            },
                            {
                                "type": "emoji",
                                "name": "slightly_smiling_face"
                            },
                            {
                                "type": "text",
                                "text": " Recap of the WTD Portland 2020 conference, with links to the YouTube playlists, and other stuff"
                            }
                        ]
                    }
                ]
            }
        ],
        "reactions": [
            {
                "name": "tada",
                "users": [
                    "UL2AA1FF1"
                ],
                "count": 1
            }
        ]
    },
    {
        "client_msg_id": "a5447c52-b393-479d-8ca0-8dc4fcedf883",
        "type": "message",
        "text": "Hey <@U012Y26QWNA>, Where did you get to re <@U0174BRV404>’s <https:\/\/github.com\/thegooddocsproject\/thegooddocsproject.github.io\/pull\/35|pull request>? Is that something you think we can get approved in the next day or two? I'm hoping to add roles, and decision making pages on top of her structure?",
        "user": "UKTGLQNGG",
        "ts": "1598057657.003600",
        "team": "TKFJE6LDR",
        "user_team": "TKFJE6LDR",
        "source_team": "TKFJE6LDR",
        "user_profile": {
            "avatar_hash": "d6f4de222bb1",
            "image_72": "https:\/\/avatars.slack-edge.com\/2020-07-20\/1235580478119_d6f4de222bb1ed6b5960_72.jpg",
            "first_name": "Cameron",
            "real_name": "Cameron Shorter",
            "display_name": "cameronshorter",
            "team": "TKFJE6LDR",
            "name": "cameron.shorter",
            "is_restricted": false,
            "is_ultra_restricted": false
        },
        "attachments": [
            {
                "author_name": "viraji",
                "fallback": "[thegooddocsproject\/thegooddocsproject.github.io] #35 Viraji patch 2",
                "text": "Changed nav bar to:  \nHome | Licences | Community | Download | Press  \nfrom:  \nHome | About | Licences | Contribute | Contact Us  \nas per Issue <https:\/\/github.com\/thegooddocsproject\/thegooddocsproject.github.io\/issues\/14|#14> described in:  \n<https:\/\/docs.google.com\/document\/d\/1KVU44BA37tu-4DXYM99diCeqI6FeDiOFYQp5zLwl8vU\/edit?usp=sharing|https:\/\/docs.google.com\/document\/d\/1KVU44BA37tu-4DXYM99diCeqI6FeDiOFYQp5zLwl8vU\/edit?usp=sharing>",
                "title": "#35 Viraji patch 2",
                "footer": "<https:\/\/github.com\/thegooddocsproject\/thegooddocsproject.github.io|thegooddocsproject\/thegooddocsproject.github.io>",
                "id": 1,
                "title_link": "https:\/\/github.com\/thegooddocsproject\/thegooddocsproject.github.io\/pull\/35",
                "author_link": "https:\/\/github.com\/viraji",
                "author_icon": "https:\/\/avatars1.githubusercontent.com\/u\/26591174?v=4",
                "footer_icon": "https:\/\/github.githubassets.com\/favicon.ico",
                "ts": 1596716096,
                "color": "36a64f",
                "fields": [
                    {
                        "title": "Comments",
                        "value": "1",
                        "short": true
                    }
                ],
                "mrkdwn_in": [
                    "text"
                ],
                "bot_id": "BU8U6P6AH",
                "app_unfurl_url": "https:\/\/github.com\/thegooddocsproject\/thegooddocsproject.github.io\/pull\/35",
                "is_app_unfurl": true
            }
        ],
        "blocks": [
            {
                "type": "rich_text",
                "block_id": "wkuB",
                "elements": [
                    {
                        "type": "rich_text_section",
                        "elements": [
                            {
                                "type": "text",
                                "text": "Hey "
                            },
                            {
                                "type": "user",
                                "user_id": "U012Y26QWNA"
                            },
                            {
                                "type": "text",
                                "text": ", Where did you get to re "
                            },
                            {
                                "type": "user",
                                "user_id": "U0174BRV404"
                            },
                            {
                                "type": "text",
                                "text": "’s "
                            },
                            {
                                "type": "link",
                                "url": "https:\/\/github.com\/thegooddocsproject\/thegooddocsproject.github.io\/pull\/35",
                                "text": "pull request"
                            },
                            {
                                "type": "text",
                                "text": "? Is that something you think we can get approved in the next day or two? I'm hoping to add roles, and decision making pages on top of her structure?"
                            }
                        ]
                    }
                ]
            }
        ],
        "thread_ts": "1598057657.003600",
        "reply_count": 4,
        "reply_users_count": 2,
        "latest_reply": "1598183352.004500",
        "reply_users": [
            "U012Y26QWNA",
            "UKTGLQNGG"
        ],
        "replies": [
            {
                "user": "U012Y26QWNA",
                "ts": "1598182223.003900"
            },
            {
                "user": "U012Y26QWNA",
                "ts": "1598182264.004100"
            },
            {
                "user": "UKTGLQNGG",
                "ts": "1598182485.004300"
            },
            {
                "user": "UKTGLQNGG",
                "ts": "1598183352.004500"
            }
        ],
        "subscribed": false
    }
]