[
    {
        "client_msg_id": "e7480610-b527-411a-8946-2bb125fc5b7a",
        "type": "message",
        "text": "hey everyone, just received my acceptance for the IA project, thanks to all the hard work from everyone ... now let's make it happen! :tada: :champagne:",
        "user": "UQ553K7DY",
        "ts": "1597625063.026900",
        "team": "TKFJE6LDR",
        "user_team": "TKFJE6LDR",
        "source_team": "TKFJE6LDR",
        "user_profile": {
            "avatar_hash": "e0f8604c1079",
            "image_72": "https:\/\/avatars.slack-edge.com\/2020-10-26\/1445509834998_e0f8604c1079f923f3e9_72.png",
            "first_name": "Loquacity",
            "real_name": "Loquacity",
            "display_name": "Loquacity",
            "team": "TKFJE6LDR",
            "name": "slack1",
            "is_restricted": false,
            "is_ultra_restricted": false
        },
        "blocks": [
            {
                "type": "rich_text",
                "block_id": "uhdQ",
                "elements": [
                    {
                        "type": "rich_text_section",
                        "elements": [
                            {
                                "type": "text",
                                "text": "hey everyone, just received my acceptance for the IA project, thanks to all the hard work from everyone ... now let's make it happen! "
                            },
                            {
                                "type": "emoji",
                                "name": "tada"
                            },
                            {
                                "type": "text",
                                "text": " "
                            },
                            {
                                "type": "emoji",
                                "name": "champagne"
                            }
                        ]
                    }
                ]
            }
        ],
        "thread_ts": "1597625063.026900",
        "reply_count": 3,
        "reply_users_count": 2,
        "latest_reply": "1597807536.044500",
        "reply_users": [
            "U0174BRV404",
            "UQ553K7DY"
        ],
        "replies": [
            {
                "user": "U0174BRV404",
                "ts": "1597807397.044000"
            },
            {
                "user": "UQ553K7DY",
                "ts": "1597807445.044300"
            },
            {
                "user": "U0174BRV404",
                "ts": "1597807536.044500"
            }
        ],
        "subscribed": false,
        "reactions": [
            {
                "name": "grin",
                "users": [
                    "UKVC4NB71",
                    "UKV4ZPEFQ",
                    "UKTGLQNGG",
                    "U0170HMB87K",
                    "U012Y26QWNA"
                ],
                "count": 5
            },
            {
                "name": "the_horns",
                "users": [
                    "U013XPC8Q9Z"
                ],
                "count": 1
            },
            {
                "name": "100",
                "users": [
                    "UL2AA1FF1"
                ],
                "count": 1
            },
            {
                "name": "star-struck",
                "users": [
                    "U0174BRV404"
                ],
                "count": 1
            }
        ]
    },
    {
        "client_msg_id": "eccef6dd-2842-400f-b047-e4570a97eede",
        "type": "message",
        "text": "Reach out if you need any help. :thumbsup:",
        "user": "UKV4ZPEFQ",
        "ts": "1597626598.027700",
        "team": "TKFJE6LDR",
        "user_team": "TKFJE6LDR",
        "source_team": "TKFJE6LDR",
        "user_profile": {
            "avatar_hash": "g854c628ef64",
            "image_72": "https:\/\/secure.gravatar.com\/avatar\/6854c628ef64a4c129a994522e17cdf2.jpg?s=72&d=https%3A%2F%2Fa.slack-edge.com%2Fdf10d%2Fimg%2Favatars%2Fava_0007-72.png",
            "first_name": "felicitybrand",
            "real_name": "felicitybrand",
            "display_name": "flicstar",
            "team": "TKFJE6LDR",
            "name": "felicitybrand",
            "is_restricted": false,
            "is_ultra_restricted": false
        },
        "blocks": [
            {
                "type": "rich_text",
                "block_id": "APVuo",
                "elements": [
                    {
                        "type": "rich_text_section",
                        "elements": [
                            {
                                "type": "text",
                                "text": "Reach out if you need any help. "
                            },
                            {
                                "type": "emoji",
                                "name": "thumbsup"
                            }
                        ]
                    }
                ]
            }
        ]
    },
    {
        "client_msg_id": "0dd3f42c-7aae-4c70-8408-c075cc39fa6e",
        "type": "message",
        "text": "oh, i'm sure i will! :wink:",
        "user": "UQ553K7DY",
        "ts": "1597627189.028100",
        "team": "TKFJE6LDR",
        "user_team": "TKFJE6LDR",
        "source_team": "TKFJE6LDR",
        "user_profile": {
            "avatar_hash": "e0f8604c1079",
            "image_72": "https:\/\/avatars.slack-edge.com\/2020-10-26\/1445509834998_e0f8604c1079f923f3e9_72.png",
            "first_name": "Loquacity",
            "real_name": "Loquacity",
            "display_name": "Loquacity",
            "team": "TKFJE6LDR",
            "name": "slack1",
            "is_restricted": false,
            "is_ultra_restricted": false
        },
        "blocks": [
            {
                "type": "rich_text",
                "block_id": "WWh",
                "elements": [
                    {
                        "type": "rich_text_section",
                        "elements": [
                            {
                                "type": "text",
                                "text": "oh, i'm sure i will! "
                            },
                            {
                                "type": "emoji",
                                "name": "wink"
                            }
                        ]
                    }
                ]
            }
        ]
    },
    {
        "client_msg_id": "35A1CD6A-7263-45A3-90FA-C975BCE73206",
        "type": "message",
        "text": "Congratulations Lana!!!  :heart_eyes::heart_eyes:\nLet’s make it happen:woman-raising-hand::skin-tone-3:",
        "user": "U0170HMB87K",
        "ts": "1597633054.029300",
        "team": "TKFJE6LDR",
        "user_team": "TKFJE6LDR",
        "source_team": "TKFJE6LDR",
        "user_profile": {
            "avatar_hash": "f39553b0636b",
            "image_72": "https:\/\/avatars.slack-edge.com\/2020-07-22\/1249269540710_f39553b0636b29704992_72.jpg",
            "first_name": "",
            "real_name": "Ankita",
            "display_name": "Ankita",
            "team": "TKFJE6LDR",
            "name": "ankitatripathi.2312",
            "is_restricted": false,
            "is_ultra_restricted": false
        },
        "blocks": [
            {
                "type": "rich_text",
                "block_id": "L3ij",
                "elements": [
                    {
                        "type": "rich_text_section",
                        "elements": [
                            {
                                "type": "text",
                                "text": "Congratulations Lana!!!  "
                            },
                            {
                                "type": "emoji",
                                "name": "heart_eyes"
                            },
                            {
                                "type": "emoji",
                                "name": "heart_eyes"
                            },
                            {
                                "type": "text",
                                "text": "\nLet’s make it happen"
                            },
                            {
                                "type": "emoji",
                                "name": "woman-raising-hand",
                                "skin_tone": 3
                            }
                        ]
                    }
                ]
            }
        ],
        "reactions": [
            {
                "name": "dancer",
                "users": [
                    "UQ553K7DY"
                ],
                "count": 1
            },
            {
                "name": "star-struck",
                "users": [
                    "U0174BRV404"
                ],
                "count": 1
            }
        ]
    }
]