[
    {
        "client_msg_id": "a4fe3bfd-e9e5-44fd-941f-1d7ece60bef0",
        "type": "message",
        "text": "<@UKTGLQNGG> Have you seen the very nice shortcode for generating glossary sections in the K8s Hugo docs? I have acquired it for use in my new docs gig :)",
        "user": "U014V7JDGPM",
        "ts": "1597399337.021300",
        "team": "TKFJE6LDR",
        "user_team": "TKFJE6LDR",
        "source_team": "TKFJE6LDR",
        "user_profile": {
            "avatar_hash": "g35a44b69ae5",
            "image_72": "https:\/\/secure.gravatar.com\/avatar\/35a44b69ae5c2c1d250216f8ccc9d67c.jpg?s=72&d=https%3A%2F%2Fa.slack-edge.com%2Fdf10d%2Fimg%2Favatars%2Fava_0019-72.png",
            "first_name": "",
            "real_name": "ChrisChinchilla",
            "display_name": "ChrisChinchilla",
            "team": "TKFJE6LDR",
            "name": "chris",
            "is_restricted": false,
            "is_ultra_restricted": false
        },
        "blocks": [
            {
                "type": "rich_text",
                "block_id": "cq\/3Q",
                "elements": [
                    {
                        "type": "rich_text_section",
                        "elements": [
                            {
                                "type": "user",
                                "user_id": "UKTGLQNGG"
                            },
                            {
                                "type": "text",
                                "text": " Have you seen the very nice shortcode for generating glossary sections in the K8s Hugo docs? I have acquired it for use in my new docs gig :)"
                            }
                        ]
                    }
                ]
            }
        ],
        "thread_ts": "1597399337.021300",
        "reply_count": 5,
        "reply_users_count": 2,
        "latest_reply": "1597434800.022600",
        "reply_users": [
            "UKTGLQNGG",
            "U014V7JDGPM"
        ],
        "replies": [
            {
                "user": "UKTGLQNGG",
                "ts": "1597399407.021400"
            },
            {
                "user": "U014V7JDGPM",
                "ts": "1597399461.021600"
            },
            {
                "user": "UKTGLQNGG",
                "ts": "1597399826.021900"
            },
            {
                "user": "U014V7JDGPM",
                "ts": "1597408826.022100"
            },
            {
                "user": "UKTGLQNGG",
                "ts": "1597434800.022600"
            }
        ],
        "subscribed": false
    },
    {
        "client_msg_id": "4e333cd5-37a6-4c15-a7ad-0c9df738f6dd",
        "type": "message",
        "text": "<@U014V7JDGPM> no, do you have a link to more info?",
        "user": "UKTGLQNGG",
        "ts": "1597399407.021400",
        "team": "TKFJE6LDR",
        "user_team": "TKFJE6LDR",
        "source_team": "TKFJE6LDR",
        "user_profile": {
            "avatar_hash": "d6f4de222bb1",
            "image_72": "https:\/\/avatars.slack-edge.com\/2020-07-20\/1235580478119_d6f4de222bb1ed6b5960_72.jpg",
            "first_name": "Cameron",
            "real_name": "Cameron Shorter",
            "display_name": "cameronshorter",
            "team": "TKFJE6LDR",
            "name": "cameron.shorter",
            "is_restricted": false,
            "is_ultra_restricted": false
        },
        "blocks": [
            {
                "type": "rich_text",
                "block_id": "In9",
                "elements": [
                    {
                        "type": "rich_text_section",
                        "elements": [
                            {
                                "type": "user",
                                "user_id": "U014V7JDGPM"
                            },
                            {
                                "type": "text",
                                "text": " no, do you have a link to more info?"
                            }
                        ]
                    }
                ]
            }
        ],
        "thread_ts": "1597399337.021300",
        "parent_user_id": "U014V7JDGPM"
    },
    {
        "client_msg_id": "8652d737-6863-4d19-9e8d-18f448b53f6c",
        "type": "message",
        "text": "<https:\/\/kubernetes.io\/docs\/contribute\/style\/hugo-shortcodes\/>\n\nRequires a bit of config, which isn’t documented, but I have it mostly working from browsing around the github repo",
        "user": "U014V7JDGPM",
        "ts": "1597399461.021600",
        "team": "TKFJE6LDR",
        "user_team": "TKFJE6LDR",
        "source_team": "TKFJE6LDR",
        "user_profile": {
            "avatar_hash": "g35a44b69ae5",
            "image_72": "https:\/\/secure.gravatar.com\/avatar\/35a44b69ae5c2c1d250216f8ccc9d67c.jpg?s=72&d=https%3A%2F%2Fa.slack-edge.com%2Fdf10d%2Fimg%2Favatars%2Fava_0019-72.png",
            "first_name": "",
            "real_name": "ChrisChinchilla",
            "display_name": "ChrisChinchilla",
            "team": "TKFJE6LDR",
            "name": "chris",
            "is_restricted": false,
            "is_ultra_restricted": false
        },
        "attachments": [
            {
                "service_name": "Kubernetes",
                "title": "Custom Hugo Shortcodes",
                "title_link": "https:\/\/kubernetes.io\/docs\/contribute\/style\/hugo-shortcodes\/",
                "text": "This page explains the custom Hugo shortcodes that can be used in Kubernetes markdown documentation. Read more about shortcodes in the Hugo documentation. Feature state In a markdown page (.md file) on this site, you can add a shortcode to display version and state of the documented feature. Feature state demo Below is a demo of the feature state snippet, which displays the feature as stable in Kubernetes version 1.10.",
                "fallback": "Kubernetes: Custom Hugo Shortcodes",
                "thumb_url": "https:\/\/kubernetes.io\/images\/favicon.png",
                "from_url": "https:\/\/kubernetes.io\/docs\/contribute\/style\/hugo-shortcodes\/",
                "thumb_width": 512,
                "thumb_height": 512,
                "id": 1,
                "original_url": "https:\/\/kubernetes.io\/docs\/contribute\/style\/hugo-shortcodes\/"
            }
        ],
        "blocks": [
            {
                "type": "rich_text",
                "block_id": "=L8",
                "elements": [
                    {
                        "type": "rich_text_section",
                        "elements": [
                            {
                                "type": "link",
                                "url": "https:\/\/kubernetes.io\/docs\/contribute\/style\/hugo-shortcodes\/"
                            },
                            {
                                "type": "text",
                                "text": "\n\nRequires a bit of config, which isn’t documented, but I have it mostly working from browsing around the github repo"
                            }
                        ]
                    }
                ]
            }
        ],
        "thread_ts": "1597399337.021300",
        "parent_user_id": "U014V7JDGPM"
    },
    {
        "client_msg_id": "ae91ed8d-cc3c-4545-9b9e-4c54f248d76e",
        "type": "message",
        "text": "Thanks Chris, that looks to be an implementation of a comment made by Rigs in our Glossary manifesto <https:\/\/docs.google.com\/document\/d\/1Fjrl34ErnYammel9WmvXJ3rMWFANjoSiiGyyNSYOXUg\/edit>",
        "user": "UKTGLQNGG",
        "ts": "1597399826.021900",
        "team": "TKFJE6LDR",
        "user_team": "TKFJE6LDR",
        "source_team": "TKFJE6LDR",
        "user_profile": {
            "avatar_hash": "d6f4de222bb1",
            "image_72": "https:\/\/avatars.slack-edge.com\/2020-07-20\/1235580478119_d6f4de222bb1ed6b5960_72.jpg",
            "first_name": "Cameron",
            "real_name": "Cameron Shorter",
            "display_name": "cameronshorter",
            "team": "TKFJE6LDR",
            "name": "cameron.shorter",
            "is_restricted": false,
            "is_ultra_restricted": false
        },
        "blocks": [
            {
                "type": "rich_text",
                "block_id": "JgCF",
                "elements": [
                    {
                        "type": "rich_text_section",
                        "elements": [
                            {
                                "type": "text",
                                "text": "Thanks Chris, that looks to be an implementation of a comment made by Rigs in our Glossary manifesto "
                            },
                            {
                                "type": "link",
                                "url": "https:\/\/docs.google.com\/document\/d\/1Fjrl34ErnYammel9WmvXJ3rMWFANjoSiiGyyNSYOXUg\/edit"
                            }
                        ]
                    }
                ]
            }
        ],
        "thread_ts": "1597399337.021300",
        "parent_user_id": "U014V7JDGPM"
    },
    {
        "client_msg_id": "1b47718d-725b-4f6c-969f-b53647f357d9",
        "type": "message",
        "text": "Well, there are a lot of Googlers involved with K8s :wink:",
        "user": "U014V7JDGPM",
        "ts": "1597408826.022100",
        "team": "TKFJE6LDR",
        "user_team": "TKFJE6LDR",
        "source_team": "TKFJE6LDR",
        "user_profile": {
            "avatar_hash": "g35a44b69ae5",
            "image_72": "https:\/\/secure.gravatar.com\/avatar\/35a44b69ae5c2c1d250216f8ccc9d67c.jpg?s=72&d=https%3A%2F%2Fa.slack-edge.com%2Fdf10d%2Fimg%2Favatars%2Fava_0019-72.png",
            "first_name": "",
            "real_name": "ChrisChinchilla",
            "display_name": "ChrisChinchilla",
            "team": "TKFJE6LDR",
            "name": "chris",
            "is_restricted": false,
            "is_ultra_restricted": false
        },
        "blocks": [
            {
                "type": "rich_text",
                "block_id": "4Or",
                "elements": [
                    {
                        "type": "rich_text_section",
                        "elements": [
                            {
                                "type": "text",
                                "text": "Well, there are a lot of Googlers involved with K8s "
                            },
                            {
                                "type": "emoji",
                                "name": "wink"
                            }
                        ]
                    }
                ]
            }
        ],
        "thread_ts": "1597399337.021300",
        "parent_user_id": "U014V7JDGPM"
    },
    {
        "type": "message",
        "subtype": "reminder_add",
        "text": " set up a reminder “remember to add items to the Weekly Meeting agenda before our meeting https:\/\/github.com\/thegooddocsproject\/governance\/wiki\/Weekly-Meetings\" a” in this channel at 2PM every Wednesday, Pacific Daylight Time.",
        "user": "UL2AA1FF1",
        "ts": "1597434124.022500"
    },
    {
        "client_msg_id": "225db513-01a7-482e-b767-cab0dab23a4a",
        "type": "message",
        "text": "<@U014V7JDGPM> if you know the name of the core person or people developing the glossary functionality, we could reach out to them directly and invite them to be part of our glossary pilot. Do you have any names?",
        "user": "UKTGLQNGG",
        "ts": "1597434800.022600",
        "team": "TKFJE6LDR",
        "user_team": "TKFJE6LDR",
        "source_team": "TKFJE6LDR",
        "user_profile": {
            "avatar_hash": "d6f4de222bb1",
            "image_72": "https:\/\/avatars.slack-edge.com\/2020-07-20\/1235580478119_d6f4de222bb1ed6b5960_72.jpg",
            "first_name": "Cameron",
            "real_name": "Cameron Shorter",
            "display_name": "cameronshorter",
            "team": "TKFJE6LDR",
            "name": "cameron.shorter",
            "is_restricted": false,
            "is_ultra_restricted": false
        },
        "blocks": [
            {
                "type": "rich_text",
                "block_id": "w53YB",
                "elements": [
                    {
                        "type": "rich_text_section",
                        "elements": [
                            {
                                "type": "user",
                                "user_id": "U014V7JDGPM"
                            },
                            {
                                "type": "text",
                                "text": " if you know the name of the core person or people developing the glossary functionality, we could reach out to them directly and invite them to be part of our glossary pilot. Do you have any names?"
                            }
                        ]
                    }
                ]
            }
        ],
        "thread_ts": "1597399337.021300",
        "parent_user_id": "U014V7JDGPM"
    }
]