[
    {
        "client_msg_id": "674b65e9-3ace-427b-b06c-b99a9c666e53",
        "type": "message",
        "text": "I did a more thorough read through of the content and as I did so … found a few broken links.  Happy to patch them.  If I do it though, I’ve rebased the branch and it will be more work for me to undo the commits.  Like to do the patch and then merge, will be less time-consuming for me.",
        "user": "U012Y26QWNA",
        "ts": "1598707908.043800",
        "team": "TKFJE6LDR",
        "user_team": "TKFJE6LDR",
        "source_team": "TKFJE6LDR",
        "user_profile": {
            "avatar_hash": "b91365ff7b22",
            "image_72": "https:\/\/avatars.slack-edge.com\/2020-05-06\/1092095570535_b91365ff7b22e688f785_72.jpg",
            "first_name": "",
            "real_name": "Morgan Craft",
            "display_name": "Morgan Craft",
            "team": "TKFJE6LDR",
            "name": "morgan",
            "is_restricted": false,
            "is_ultra_restricted": false
        },
        "blocks": [
            {
                "type": "rich_text",
                "block_id": "Pwsh",
                "elements": [
                    {
                        "type": "rich_text_section",
                        "elements": [
                            {
                                "type": "text",
                                "text": "I did a more thorough read through of the content and as I did so … found a few broken links.  Happy to patch them.  If I do it though, I’ve rebased the branch and it will be more work for me to undo the commits.  Like to do the patch and then merge, will be less time-consuming for me."
                            }
                        ]
                    }
                ]
            }
        ],
        "thread_ts": "1598629834.042400",
        "parent_user_id": "U012Y26QWNA"
    },
    {
        "client_msg_id": "13a72a6a-fe2c-43f2-9eb2-77daa4940a9d",
        "type": "message",
        "text": "I’ve comment on the PR with :warning:  where there are broken links.",
        "user": "U012Y26QWNA",
        "ts": "1598707958.044000",
        "team": "TKFJE6LDR",
        "user_team": "TKFJE6LDR",
        "source_team": "TKFJE6LDR",
        "user_profile": {
            "avatar_hash": "b91365ff7b22",
            "image_72": "https:\/\/avatars.slack-edge.com\/2020-05-06\/1092095570535_b91365ff7b22e688f785_72.jpg",
            "first_name": "",
            "real_name": "Morgan Craft",
            "display_name": "Morgan Craft",
            "team": "TKFJE6LDR",
            "name": "morgan",
            "is_restricted": false,
            "is_ultra_restricted": false
        },
        "blocks": [
            {
                "type": "rich_text",
                "block_id": "OwB6U",
                "elements": [
                    {
                        "type": "rich_text_section",
                        "elements": [
                            {
                                "type": "text",
                                "text": "I’ve comment on the PR with "
                            },
                            {
                                "type": "emoji",
                                "name": "warning"
                            },
                            {
                                "type": "text",
                                "text": "  where there are broken links."
                            }
                        ]
                    }
                ]
            }
        ],
        "thread_ts": "1598629834.042400",
        "parent_user_id": "U012Y26QWNA"
    },
    {
        "client_msg_id": "3480eaa8-1157-485c-a60b-b31844d0a14f",
        "type": "message",
        "text": "I'm hoping you can all vote on the motion I've just sent to our email list: Motion: Set up a glossaries repository within The Good Docs Project.",
        "user": "UKTGLQNGG",
        "ts": "1598735037.044500",
        "team": "TKFJE6LDR",
        "user_team": "TKFJE6LDR",
        "source_team": "TKFJE6LDR",
        "user_profile": {
            "avatar_hash": "d6f4de222bb1",
            "image_72": "https:\/\/avatars.slack-edge.com\/2020-07-20\/1235580478119_d6f4de222bb1ed6b5960_72.jpg",
            "first_name": "Cameron",
            "real_name": "Cameron Shorter",
            "display_name": "cameronshorter",
            "team": "TKFJE6LDR",
            "name": "cameron.shorter",
            "is_restricted": false,
            "is_ultra_restricted": false
        },
        "blocks": [
            {
                "type": "rich_text",
                "block_id": "qZyaC",
                "elements": [
                    {
                        "type": "rich_text_section",
                        "elements": [
                            {
                                "type": "text",
                                "text": "I'm hoping you can all vote on the motion I've just sent to our email list: Motion: Set up a glossaries repository within The Good Docs Project."
                            }
                        ]
                    }
                ]
            }
        ],
        "thread_ts": "1598735037.044500",
        "reply_count": 1,
        "reply_users_count": 1,
        "latest_reply": "1598844342.001900",
        "reply_users": [
            "U019868JEQ0"
        ],
        "replies": [
            {
                "user": "U019868JEQ0",
                "ts": "1598844342.001900"
            }
        ],
        "subscribed": false
    },
    {
        "client_msg_id": "6b432cad-7ccc-4365-9eab-73d7c2b05916",
        "type": "message",
        "text": "Thanks, I'm going through your comments now. I'm likely going to need some github hand-holding on the best way to fix stuff.",
        "user": "UKTGLQNGG",
        "ts": "1598737090.044600",
        "team": "TKFJE6LDR",
        "user_team": "TKFJE6LDR",
        "source_team": "TKFJE6LDR",
        "user_profile": {
            "avatar_hash": "d6f4de222bb1",
            "image_72": "https:\/\/avatars.slack-edge.com\/2020-07-20\/1235580478119_d6f4de222bb1ed6b5960_72.jpg",
            "first_name": "Cameron",
            "real_name": "Cameron Shorter",
            "display_name": "cameronshorter",
            "team": "TKFJE6LDR",
            "name": "cameron.shorter",
            "is_restricted": false,
            "is_ultra_restricted": false
        },
        "blocks": [
            {
                "type": "rich_text",
                "block_id": "DV7C",
                "elements": [
                    {
                        "type": "rich_text_section",
                        "elements": [
                            {
                                "type": "text",
                                "text": "Thanks, I'm going through your comments now. I'm likely going to need some github hand-holding on the best way to fix stuff."
                            }
                        ]
                    }
                ]
            }
        ],
        "thread_ts": "1598629834.042400",
        "parent_user_id": "U012Y26QWNA"
    },
    {
        "client_msg_id": "63c39b56-3f7b-4d0b-aab4-5dc5be0d483f",
        "type": "message",
        "text": "Can you please raise a bug for this comment: \"Think we should place `version` and `last-updated` as `YAML\"`",
        "user": "UKTGLQNGG",
        "ts": "1598737141.044800",
        "team": "TKFJE6LDR",
        "user_team": "TKFJE6LDR",
        "source_team": "TKFJE6LDR",
        "user_profile": {
            "avatar_hash": "d6f4de222bb1",
            "image_72": "https:\/\/avatars.slack-edge.com\/2020-07-20\/1235580478119_d6f4de222bb1ed6b5960_72.jpg",
            "first_name": "Cameron",
            "real_name": "Cameron Shorter",
            "display_name": "cameronshorter",
            "team": "TKFJE6LDR",
            "name": "cameron.shorter",
            "is_restricted": false,
            "is_ultra_restricted": false
        },
        "blocks": [
            {
                "type": "rich_text",
                "block_id": "uSvw",
                "elements": [
                    {
                        "type": "rich_text_section",
                        "elements": [
                            {
                                "type": "text",
                                "text": "Can you please raise a bug for this comment: \"Think we should place "
                            },
                            {
                                "type": "text",
                                "text": "version",
                                "style": {
                                    "code": true
                                }
                            },
                            {
                                "type": "text",
                                "text": " and "
                            },
                            {
                                "type": "text",
                                "text": "last-updated",
                                "style": {
                                    "code": true
                                }
                            },
                            {
                                "type": "text",
                                "text": " as "
                            },
                            {
                                "type": "text",
                                "text": "YAML\"",
                                "style": {
                                    "code": true
                                }
                            }
                        ]
                    }
                ]
            }
        ],
        "thread_ts": "1598629834.042400",
        "parent_user_id": "U012Y26QWNA"
    },
    {
        "client_msg_id": "522f4c60-e48a-48fe-8ec5-7eb28c91c0ed",
        "type": "message",
        "text": "I've processed review for processes update. Thanks for all the feedback. I suggest that we get one of the PSC to approve this pull request in 24 hours, assuming people have okay with my updates.\nI'm unclear on whether I've processed everything properly. In particular, there appears to be a broken links comment from <@U012Y26QWNA> which I might not have addressed. Any git wizard help offered would be appreciated.",
        "user": "UKTGLQNGG",
        "ts": "1598749747.049400",
        "team": "TKFJE6LDR",
        "user_team": "TKFJE6LDR",
        "source_team": "TKFJE6LDR",
        "user_profile": {
            "avatar_hash": "d6f4de222bb1",
            "image_72": "https:\/\/avatars.slack-edge.com\/2020-07-20\/1235580478119_d6f4de222bb1ed6b5960_72.jpg",
            "first_name": "Cameron",
            "real_name": "Cameron Shorter",
            "display_name": "cameronshorter",
            "team": "TKFJE6LDR",
            "name": "cameron.shorter",
            "is_restricted": false,
            "is_ultra_restricted": false
        },
        "blocks": [
            {
                "type": "rich_text",
                "block_id": "Awm",
                "elements": [
                    {
                        "type": "rich_text_section",
                        "elements": [
                            {
                                "type": "text",
                                "text": "I've processed review for processes update. Thanks for all the feedback. I suggest that we get one of the PSC to approve this pull request in 24 hours, assuming people have okay with my updates.\nI'm unclear on whether I've processed everything properly. In particular, there appears to be a broken links comment from "
                            },
                            {
                                "type": "user",
                                "user_id": "U012Y26QWNA"
                            },
                            {
                                "type": "text",
                                "text": " which I might not have addressed. Any git wizard help offered would be appreciated."
                            }
                        ]
                    }
                ]
            }
        ]
    },
    {
        "client_msg_id": "72a00710-3da0-42f2-b12d-c0fa2720176a",
        "type": "message",
        "text": "<https:\/\/github.com\/thegooddocsproject\/thegooddocsproject.github.io\/pull\/43>",
        "user": "UKTGLQNGG",
        "ts": "1598749780.049600",
        "team": "TKFJE6LDR",
        "user_team": "TKFJE6LDR",
        "source_team": "TKFJE6LDR",
        "user_profile": {
            "avatar_hash": "d6f4de222bb1",
            "image_72": "https:\/\/avatars.slack-edge.com\/2020-07-20\/1235580478119_d6f4de222bb1ed6b5960_72.jpg",
            "first_name": "Cameron",
            "real_name": "Cameron Shorter",
            "display_name": "cameronshorter",
            "team": "TKFJE6LDR",
            "name": "cameron.shorter",
            "is_restricted": false,
            "is_ultra_restricted": false
        },
        "attachments": [
            {
                "author_name": "camerons",
                "fallback": "[thegooddocsproject\/thegooddocsproject.github.io] #43 Add community processes 2.0: ",
                "text": "Updates processes for: decisions, prioritization, proposal-selection, roles.  \nFixes <https:\/\/github.com\/thegooddocsproject\/thegooddocsproject.github.io\/issues\/42|#42>\n\nAs this is a significant update to processes, we should endevour to get +1 votes from all PSC members.\n\n• Cameron Shorter (person raising this pull request, voting +1)\n• Felicity Brand\n• Jo Cook\n• Jared Morgan\n• Erin McKean\n• Clarence Cromwell\n\nReview and comments from other community members are welcomed.\n\nNote 1: I'm hoping most feedback will be captured as a separate issue, and applied to a future version of these docs. That way we can get working processes in place, and start promoting community members into roles.\n\nNote 2: We don't yet have a Code of Conduct Committee role. That is something which was postponed to a future version so we can get these processes in place without being blocked.\n\nNote 3: I'm ashamed to admit that I haven't managed to get a working local environment stood up, and hence have only visually checked links in this update. It would be great if someone could check that for me.",
                "title": "#43 Add community processes 2.0: ",
                "footer": "<https:\/\/github.com\/thegooddocsproject\/thegooddocsproject.github.io|thegooddocsproject\/thegooddocsproject.github.io>",
                "id": 1,
                "title_link": "https:\/\/github.com\/thegooddocsproject\/thegooddocsproject.github.io\/pull\/43",
                "author_link": "https:\/\/github.com\/camerons",
                "author_icon": "https:\/\/avatars0.githubusercontent.com\/u\/1243535?v=4",
                "footer_icon": "https:\/\/github.githubassets.com\/favicon.ico",
                "ts": 1598223017,
                "color": "36a64f",
                "fields": [
                    {
                        "title": "Comments",
                        "value": "4",
                        "short": true
                    },
                    {
                        "title": "Reviewers",
                        "value": "@emckean, @cwcromwell",
                        "short": true
                    }
                ],
                "mrkdwn_in": [
                    "text"
                ],
                "bot_id": "BU8U6P6AH",
                "app_unfurl_url": "https:\/\/github.com\/thegooddocsproject\/thegooddocsproject.github.io\/pull\/43",
                "is_app_unfurl": true
            }
        ],
        "blocks": [
            {
                "type": "rich_text",
                "block_id": "Z96",
                "elements": [
                    {
                        "type": "rich_text_section",
                        "elements": [
                            {
                                "type": "link",
                                "url": "https:\/\/github.com\/thegooddocsproject\/thegooddocsproject.github.io\/pull\/43"
                            }
                        ]
                    }
                ]
            }
        ]
    },
    {
        "client_msg_id": "e0fecdd8-dc7e-4886-b4bf-18737644c6a1",
        "type": "message",
        "text": "+1 to the processes.",
        "user": "UL3UNUMK6",
        "ts": "1598759054.000300",
        "team": "TKFJE6LDR",
        "user_team": "TKFJE6LDR",
        "source_team": "TKFJE6LDR",
        "user_profile": {
            "avatar_hash": "g886aa2ab03e",
            "image_72": "https:\/\/secure.gravatar.com\/avatar\/1886aa2ab03e30db78524e761889e101.jpg?s=72&d=https%3A%2F%2Fa.slack-edge.com%2Fdf10d%2Fimg%2Favatars%2Fava_0005-72.png",
            "first_name": "",
            "real_name": "Clarence Cromwell",
            "display_name": "",
            "team": "TKFJE6LDR",
            "name": "clarencewcromwell",
            "is_restricted": false,
            "is_ultra_restricted": false
        },
        "blocks": [
            {
                "type": "rich_text",
                "block_id": "NGJ",
                "elements": [
                    {
                        "type": "rich_text_section",
                        "elements": [
                            {
                                "type": "text",
                                "text": "+1 to the processes."
                            }
                        ]
                    }
                ]
            }
        ]
    },
    {
        "client_msg_id": "ceb54929-fab8-4e0e-87ae-120d1f1998b3",
        "type": "message",
        "text": "I think this could be more specific in numerous places, but getting started is probably more important at the moment.",
        "user": "UL3UNUMK6",
        "ts": "1598759119.001200",
        "team": "TKFJE6LDR",
        "user_team": "TKFJE6LDR",
        "source_team": "TKFJE6LDR",
        "user_profile": {
            "avatar_hash": "g886aa2ab03e",
            "image_72": "https:\/\/secure.gravatar.com\/avatar\/1886aa2ab03e30db78524e761889e101.jpg?s=72&d=https%3A%2F%2Fa.slack-edge.com%2Fdf10d%2Fimg%2Favatars%2Fava_0005-72.png",
            "first_name": "",
            "real_name": "Clarence Cromwell",
            "display_name": "",
            "team": "TKFJE6LDR",
            "name": "clarencewcromwell",
            "is_restricted": false,
            "is_ultra_restricted": false
        },
        "blocks": [
            {
                "type": "rich_text",
                "block_id": "RqmNb",
                "elements": [
                    {
                        "type": "rich_text_section",
                        "elements": [
                            {
                                "type": "text",
                                "text": "I think this could be more specific in numerous places, but getting started is probably more important at the moment."
                            }
                        ]
                    }
                ]
            }
        ],
        "thread_ts": "1598759119.001200",
        "reply_count": 1,
        "reply_users_count": 1,
        "latest_reply": "1598826006.001400",
        "reply_users": [
            "UKTGLQNGG"
        ],
        "replies": [
            {
                "user": "UKTGLQNGG",
                "ts": "1598826006.001400"
            }
        ],
        "subscribed": false,
        "reactions": [
            {
                "name": "100",
                "users": [
                    "UQ553K7DY"
                ],
                "count": 1
            }
        ]
    }
]