[
    {
        "client_msg_id": "344ce051-bfe2-494b-bf1a-80e5b5bad4cb",
        "type": "message",
        "text": "Maybe forking is the way to go. I'll troubleshoot",
        "user": "U012KCMPP0V",
        "ts": "1599145328.016700",
        "team": "TKFJE6LDR",
        "user_team": "TKFJE6LDR",
        "source_team": "TKFJE6LDR",
        "user_profile": {
            "avatar_hash": "b26729f0b5f2",
            "image_72": "https:\/\/avatars.slack-edge.com\/2020-04-27\/1089031639347_b26729f0b5f2375494a1_72.png",
            "first_name": "Alyssa",
            "real_name": "Alyssa",
            "display_name": "Alyssa",
            "team": "TKFJE6LDR",
            "name": "alyssa.rock.biz",
            "is_restricted": false,
            "is_ultra_restricted": false
        },
        "blocks": [
            {
                "type": "rich_text",
                "block_id": "HSLk",
                "elements": [
                    {
                        "type": "rich_text_section",
                        "elements": [
                            {
                                "type": "text",
                                "text": "Maybe forking is the way to go. I'll troubleshoot"
                            }
                        ]
                    }
                ]
            }
        ],
        "thread_ts": "1599086748.013100",
        "parent_user_id": "U012KCMPP0V"
    },
    {
        "client_msg_id": "7c82a639-cfed-49e7-aed2-0aee6c88052e",
        "type": "message",
        "text": "+100 for forking, it really simplified contributions for me",
        "user": "UL2AA1FF1",
        "ts": "1599150048.016900",
        "team": "TKFJE6LDR",
        "user_team": "TKFJE6LDR",
        "source_team": "TKFJE6LDR",
        "user_profile": {
            "avatar_hash": "22135067b36d",
            "image_72": "https:\/\/avatars.slack-edge.com\/2019-10-23\/805254797908_22135067b36dfb715e99_72.jpg",
            "first_name": "",
            "real_name": "Erin McKean",
            "display_name": "Erin McKean",
            "team": "TKFJE6LDR",
            "name": "emckean",
            "is_restricted": false,
            "is_ultra_restricted": false
        },
        "blocks": [
            {
                "type": "rich_text",
                "block_id": "xte",
                "elements": [
                    {
                        "type": "rich_text_section",
                        "elements": [
                            {
                                "type": "text",
                                "text": "+100 for forking, it really simplified contributions for me"
                            }
                        ]
                    }
                ]
            }
        ],
        "thread_ts": "1599086748.013100",
        "parent_user_id": "U012KCMPP0V"
    },
    {
        "client_msg_id": "1bd0344f-7b82-4579-a362-fbf37c28be1f",
        "type": "message",
        "text": "That's good because forking is what I'm used to anyhow",
        "user": "U012KCMPP0V",
        "ts": "1599152792.017100",
        "team": "TKFJE6LDR",
        "user_team": "TKFJE6LDR",
        "source_team": "TKFJE6LDR",
        "user_profile": {
            "avatar_hash": "b26729f0b5f2",
            "image_72": "https:\/\/avatars.slack-edge.com\/2020-04-27\/1089031639347_b26729f0b5f2375494a1_72.png",
            "first_name": "Alyssa",
            "real_name": "Alyssa",
            "display_name": "Alyssa",
            "team": "TKFJE6LDR",
            "name": "alyssa.rock.biz",
            "is_restricted": false,
            "is_ultra_restricted": false
        },
        "blocks": [
            {
                "type": "rich_text",
                "block_id": "AcI7i",
                "elements": [
                    {
                        "type": "rich_text_section",
                        "elements": [
                            {
                                "type": "text",
                                "text": "That's good because forking is what I'm used to anyhow"
                            }
                        ]
                    }
                ]
            }
        ],
        "thread_ts": "1599086748.013100",
        "parent_user_id": "U012KCMPP0V"
    },
    {
        "type": "message",
        "text": "We need our mascotopus on a dark background for better contrast.",
        "files": [
            {
                "id": "F01AFF3J741",
                "created": 1599179540,
                "timestamp": 1599179540,
                "name": "image.png",
                "title": "image.png",
                "mimetype": "image\/png",
                "filetype": "png",
                "pretty_type": "PNG",
                "user": "UKVC4NB71",
                "editable": false,
                "size": 10003,
                "mode": "hosted",
                "is_external": false,
                "external_type": "",
                "is_public": true,
                "public_url_shared": false,
                "display_as_bot": false,
                "username": "",
                "url_private": "https:\/\/files.slack.com\/files-pri\/TKFJE6LDR-F01AFF3J741\/image.png?t=xoxe-661626224467-1562611298038-1581972681841-65ee1aaab8778b70cf90365aafaf1f92",
                "url_private_download": "https:\/\/files.slack.com\/files-pri\/TKFJE6LDR-F01AFF3J741\/download\/image.png?t=xoxe-661626224467-1562611298038-1581972681841-65ee1aaab8778b70cf90365aafaf1f92",
                "thumb_64": "https:\/\/files.slack.com\/files-tmb\/TKFJE6LDR-F01AFF3J741-43328f7689\/image_64.png?t=xoxe-661626224467-1562611298038-1581972681841-65ee1aaab8778b70cf90365aafaf1f92",
                "thumb_80": "https:\/\/files.slack.com\/files-tmb\/TKFJE6LDR-F01AFF3J741-43328f7689\/image_80.png?t=xoxe-661626224467-1562611298038-1581972681841-65ee1aaab8778b70cf90365aafaf1f92",
                "thumb_360": "https:\/\/files.slack.com\/files-tmb\/TKFJE6LDR-F01AFF3J741-43328f7689\/image_360.png?t=xoxe-661626224467-1562611298038-1581972681841-65ee1aaab8778b70cf90365aafaf1f92",
                "thumb_360_w": 94,
                "thumb_360_h": 202,
                "thumb_160": "https:\/\/files.slack.com\/files-tmb\/TKFJE6LDR-F01AFF3J741-43328f7689\/image_160.png?t=xoxe-661626224467-1562611298038-1581972681841-65ee1aaab8778b70cf90365aafaf1f92",
                "original_w": 94,
                "original_h": 202,
                "thumb_tiny": "AwAwABaG2hjlVjI5XBwMVM9nEEYq7ZHTP\/6qbY7tjbAT83pmrQ8zHO4ccfL3pjKF0Yt6iOMpgcg1BU11nz2yCDgdfpUNMY+OV4s7GxnrT\/tc3\/PT9BVyC34KqVXbjcxUEkkZ79qk+zn\/AJ6D\/v2tIVzKZi7FmOSe9JVu7h25OFDqwUkDAIIyDiqu0+1MZrwfelHuv\/oIqUDms+K7AGS+xiAGyu4HHen\/AGz\/AKbr\/wB+j\/jQTYS8\/wCWv++v\/oJqnUlxOJBtUk5O5mIxk\/T0qDn1NBR\/\/9k=",
                "permalink": "https:\/\/thegooddocs.slack.com\/files\/UKVC4NB71\/F01AFF3J741\/image.png",
                "permalink_public": "https:\/\/slack-files.com\/TKFJE6LDR-F01AFF3J741-e17bd1898a",
                "is_starred": false,
                "has_rich_preview": false
            }
        ],
        "upload": false,
        "blocks": [
            {
                "type": "rich_text",
                "block_id": "4Y18Y",
                "elements": [
                    {
                        "type": "rich_text_section",
                        "elements": [
                            {
                                "type": "text",
                                "text": "We need our mascotopus on a dark background for better contrast."
                            }
                        ]
                    }
                ]
            }
        ],
        "user": "UKVC4NB71",
        "display_as_bot": false,
        "ts": "1599179568.017800"
    },
    {
        "client_msg_id": "3a913e57-5f6d-4a7c-8c96-d3f6b5578fca",
        "type": "message",
        "text": "Yeah, it looks bad. I can do a darker background and see.",
        "user": "UKV4ZPEFQ",
        "ts": "1599179661.018800",
        "team": "TKFJE6LDR",
        "user_team": "TKFJE6LDR",
        "source_team": "TKFJE6LDR",
        "user_profile": {
            "avatar_hash": "g854c628ef64",
            "image_72": "https:\/\/secure.gravatar.com\/avatar\/6854c628ef64a4c129a994522e17cdf2.jpg?s=72&d=https%3A%2F%2Fa.slack-edge.com%2Fdf10d%2Fimg%2Favatars%2Fava_0007-72.png",
            "first_name": "felicitybrand",
            "real_name": "felicitybrand",
            "display_name": "flicstar",
            "team": "TKFJE6LDR",
            "name": "felicitybrand",
            "is_restricted": false,
            "is_ultra_restricted": false
        },
        "edited": {
            "user": "UKV4ZPEFQ",
            "ts": "1599180559.000000"
        },
        "blocks": [
            {
                "type": "rich_text",
                "block_id": "jOt=",
                "elements": [
                    {
                        "type": "rich_text_section",
                        "elements": [
                            {
                                "type": "text",
                                "text": "Yeah, it looks bad. I can do a darker background and see."
                            }
                        ]
                    }
                ]
            }
        ]
    },
    {
        "type": "message",
        "text": "Better? or Worse?",
        "files": [
            {
                "id": "F01A32WBPGT",
                "created": 1599179811,
                "timestamp": 1599179811,
                "name": "image.png",
                "title": "image.png",
                "mimetype": "image\/png",
                "filetype": "png",
                "pretty_type": "PNG",
                "user": "UKV4ZPEFQ",
                "editable": false,
                "size": 3526,
                "mode": "hosted",
                "is_external": false,
                "external_type": "",
                "is_public": true,
                "public_url_shared": false,
                "display_as_bot": false,
                "username": "",
                "url_private": "https:\/\/files.slack.com\/files-pri\/TKFJE6LDR-F01A32WBPGT\/image.png?t=xoxe-661626224467-1562611298038-1581972681841-65ee1aaab8778b70cf90365aafaf1f92",
                "url_private_download": "https:\/\/files.slack.com\/files-pri\/TKFJE6LDR-F01A32WBPGT\/download\/image.png?t=xoxe-661626224467-1562611298038-1581972681841-65ee1aaab8778b70cf90365aafaf1f92",
                "thumb_64": "https:\/\/files.slack.com\/files-tmb\/TKFJE6LDR-F01A32WBPGT-89f36c63dd\/image_64.png?t=xoxe-661626224467-1562611298038-1581972681841-65ee1aaab8778b70cf90365aafaf1f92",
                "thumb_80": "https:\/\/files.slack.com\/files-tmb\/TKFJE6LDR-F01A32WBPGT-89f36c63dd\/image_80.png?t=xoxe-661626224467-1562611298038-1581972681841-65ee1aaab8778b70cf90365aafaf1f92",
                "thumb_360": "https:\/\/files.slack.com\/files-tmb\/TKFJE6LDR-F01A32WBPGT-89f36c63dd\/image_360.png?t=xoxe-661626224467-1562611298038-1581972681841-65ee1aaab8778b70cf90365aafaf1f92",
                "thumb_360_w": 51,
                "thumb_360_h": 95,
                "thumb_160": "https:\/\/files.slack.com\/files-tmb\/TKFJE6LDR-F01A32WBPGT-89f36c63dd\/image_160.png?t=xoxe-661626224467-1562611298038-1581972681841-65ee1aaab8778b70cf90365aafaf1f92",
                "original_w": 51,
                "original_h": 95,
                "thumb_tiny": "AwAwABmqIzJK4BAAJJJ6AVILdD0lY\/SM0sX3Zv8AfX+ZrRj4jGB2qht2MtoMKWRw23kjBBx61DWlOuJwccFW\/wDQTWXQNFuE5aVB94sCo9cGrnnNg\/u5AfTYeay3++31NPKzrgNvH1OKAaLkshxvZWRVDfeGMkjGBWdinyLIpHmBhnpuptAIli4u1P8At\/1p4ZzBNKSCzkA9yKiD+XPvxna2cfjUheEeYFVtr9iPun2pMGNLlrUKeQr8flUVSyPH5KxxhuDks3c1FTQI\/9k=",
                "permalink": "https:\/\/thegooddocs.slack.com\/files\/UKV4ZPEFQ\/F01A32WBPGT\/image.png",
                "permalink_public": "https:\/\/slack-files.com\/TKFJE6LDR-F01A32WBPGT-32a0c2331c",
                "is_starred": false,
                "has_rich_preview": false
            }
        ],
        "upload": false,
        "blocks": [
            {
                "type": "rich_text",
                "block_id": "IO=r",
                "elements": [
                    {
                        "type": "rich_text_section",
                        "elements": [
                            {
                                "type": "text",
                                "text": "Better? or Worse?"
                            }
                        ]
                    }
                ]
            }
        ],
        "user": "UKV4ZPEFQ",
        "display_as_bot": false,
        "ts": "1599179813.019000",
        "reactions": [
            {
                "name": "+1",
                "users": [
                    "U015GARCR8X",
                    "U0170HMB87K",
                    "U012KCMPP0V",
                    "UL2AA1FF1"
                ],
                "count": 4
            }
        ]
    },
    {
        "client_msg_id": "3928fc87-4b06-4947-a417-5de1549805b2",
        "type": "message",
        "text": "Yeah that's just enough contrast without being super dark. I like.",
        "user": "UKVC4NB71",
        "ts": "1599179840.019700",
        "team": "TKFJE6LDR",
        "user_team": "TKFJE6LDR",
        "source_team": "TKFJE6LDR",
        "user_profile": {
            "avatar_hash": "c7d9788d4436",
            "image_72": "https:\/\/avatars.slack-edge.com\/2019-10-30\/814314609877_c7d9788d4436969613a7_72.jpg",
            "first_name": "Jared",
            "real_name": "Jared Morgan",
            "display_name": "jaredmorgs",
            "team": "TKFJE6LDR",
            "name": "jaredleonmorgan",
            "is_restricted": false,
            "is_ultra_restricted": false
        },
        "blocks": [
            {
                "type": "rich_text",
                "block_id": "bG9gY",
                "elements": [
                    {
                        "type": "rich_text_section",
                        "elements": [
                            {
                                "type": "text",
                                "text": "Yeah that's just enough contrast without being super dark. I like."
                            }
                        ]
                    }
                ]
            }
        ],
        "thread_ts": "1599179840.019700",
        "reply_count": 1,
        "reply_users_count": 1,
        "latest_reply": "1599181429.020100",
        "reply_users": [
            "UKTGLQNGG"
        ],
        "replies": [
            {
                "user": "UKTGLQNGG",
                "ts": "1599181429.020100"
            }
        ],
        "subscribed": false
    },
    {
        "client_msg_id": "bf78367d-1a3c-4fe3-8972-db90315394ce",
        "type": "message",
        "text": "yeah, better",
        "user": "UQ553K7DY",
        "ts": "1599179854.019900",
        "team": "TKFJE6LDR",
        "user_team": "TKFJE6LDR",
        "source_team": "TKFJE6LDR",
        "user_profile": {
            "avatar_hash": "e0f8604c1079",
            "image_72": "https:\/\/avatars.slack-edge.com\/2020-10-26\/1445509834998_e0f8604c1079f923f3e9_72.png",
            "first_name": "Loquacity",
            "real_name": "Loquacity",
            "display_name": "Loquacity",
            "team": "TKFJE6LDR",
            "name": "slack1",
            "is_restricted": false,
            "is_ultra_restricted": false
        },
        "blocks": [
            {
                "type": "rich_text",
                "block_id": "Rzi",
                "elements": [
                    {
                        "type": "rich_text_section",
                        "elements": [
                            {
                                "type": "text",
                                "text": "yeah, better"
                            }
                        ]
                    }
                ]
            }
        ]
    },
    {
        "client_msg_id": "eacb654c-f456-4352-9d69-07a135882ee4",
        "type": "message",
        "text": "Looks good to me.",
        "user": "UKTGLQNGG",
        "ts": "1599181429.020100",
        "team": "TKFJE6LDR",
        "user_team": "TKFJE6LDR",
        "source_team": "TKFJE6LDR",
        "user_profile": {
            "avatar_hash": "d6f4de222bb1",
            "image_72": "https:\/\/avatars.slack-edge.com\/2020-07-20\/1235580478119_d6f4de222bb1ed6b5960_72.jpg",
            "first_name": "Cameron",
            "real_name": "Cameron Shorter",
            "display_name": "cameronshorter",
            "team": "TKFJE6LDR",
            "name": "cameron.shorter",
            "is_restricted": false,
            "is_ultra_restricted": false
        },
        "blocks": [
            {
                "type": "rich_text",
                "block_id": "cTU",
                "elements": [
                    {
                        "type": "rich_text_section",
                        "elements": [
                            {
                                "type": "text",
                                "text": "Looks good to me."
                            }
                        ]
                    }
                ]
            }
        ],
        "thread_ts": "1599179840.019700",
        "parent_user_id": "UKVC4NB71"
    },
    {
        "client_msg_id": "c1053180-b397-4d3f-add8-ae10a7e4e922",
        "type": "message",
        "text": "Loved seeing the icon update today! :slightly_smiling_face:",
        "user": "U015GARCR8X",
        "ts": "1599186457.020700",
        "team": "TKFJE6LDR",
        "user_team": "TKFJE6LDR",
        "source_team": "TKFJE6LDR",
        "user_profile": {
            "avatar_hash": "37a234435192",
            "image_72": "https:\/\/avatars.slack-edge.com\/2020-08-06\/1283467109749_37a23443519259ddd5ca_72.png",
            "first_name": "Derek",
            "real_name": "Derek Ardolf",
            "display_name": "ScriptAutomate",
            "team": "TKFJE6LDR",
            "name": "derek",
            "is_restricted": false,
            "is_ultra_restricted": false
        },
        "blocks": [
            {
                "type": "rich_text",
                "block_id": "C=S+",
                "elements": [
                    {
                        "type": "rich_text_section",
                        "elements": [
                            {
                                "type": "text",
                                "text": "Loved seeing the icon update today! "
                            },
                            {
                                "type": "emoji",
                                "name": "slightly_smiling_face"
                            }
                        ]
                    }
                ]
            }
        ],
        "reactions": [
            {
                "name": "star-struck",
                "users": [
                    "U0170HMB87K",
                    "U018BJR6JQN",
                    "UKV4ZPEFQ"
                ],
                "count": 3
            }
        ]
    },
    {
        "client_msg_id": "98fae9cc-2334-43b6-a089-5309ccef318d",
        "type": "message",
        "text": "Shame it's not square, I had to crop some contentacles. Looks good on GitHub. Haven't managed to update Twitter yet.",
        "user": "UKV4ZPEFQ",
        "ts": "1599191118.021600",
        "team": "TKFJE6LDR",
        "user_team": "TKFJE6LDR",
        "source_team": "TKFJE6LDR",
        "user_profile": {
            "avatar_hash": "g854c628ef64",
            "image_72": "https:\/\/secure.gravatar.com\/avatar\/6854c628ef64a4c129a994522e17cdf2.jpg?s=72&d=https%3A%2F%2Fa.slack-edge.com%2Fdf10d%2Fimg%2Favatars%2Fava_0007-72.png",
            "first_name": "felicitybrand",
            "real_name": "felicitybrand",
            "display_name": "flicstar",
            "team": "TKFJE6LDR",
            "name": "felicitybrand",
            "is_restricted": false,
            "is_ultra_restricted": false
        },
        "blocks": [
            {
                "type": "rich_text",
                "block_id": "GRKyd",
                "elements": [
                    {
                        "type": "rich_text_section",
                        "elements": [
                            {
                                "type": "text",
                                "text": "Shame it's not square, I had to crop some contentacles. Looks good on GitHub. Haven't managed to update Twitter yet."
                            }
                        ]
                    }
                ]
            }
        ]
    }
]