[
{"user_id":"U019868JEQ0","user_name":"contact","date":"1607629038","change_type":"added","app_type":"GreetBot","app_id":"A2LJCT3GR"},
{"user_id":"UKV4ZPEFQ","user_name":"felicitybrand","date":"1607293469","change_type":"removed","reason":"user_uninstalled_app","app_type":"icanhazdadjoke","app_id":"A214NCJF2","scope":"identify,commands"},
{"user_id":"U019868JEQ0","user_name":"contact","date":"1606799247","change_type":"expanded","app_type":"gdpbot","app_id":"A01C39T14KW"},
{"user_id":"U019868JEQ0","user_name":"contact","date":"1606796211","change_type":"expanded","app_type":"gdpbot","app_id":"A01C39T14KW"},
{"user_id":"U019868JEQ0","user_name":"contact","date":"1606795240","change_type":"expanded","app_type":"gdpbot","app_id":"A01C39T14KW"},
{"user_id":"U019868JEQ0","user_name":"contact","date":"1603209855","change_type":"expanded","app_type":"gdpbot","app_id":"A01C39T14KW"},
{"user_id":"U019868JEQ0","user_name":"contact","date":"1603209855","change_type":"added","app_type":"gdpbot","app_id":"A01C39T14KW","scope":"identify,im:history,im:read"},
{"user_id":"U019868JEQ0","user_name":"contact","date":"1603161497","change_type":"expanded","app_type":"gdpbot","app_id":"A01C39T14KW"},
{"user_id":"U019868JEQ0","user_name":"contact","date":"1603062361","change_type":"expanded","app_type":"gdpbot","app_id":"A01C39T14KW"},
{"user_id":"U019868JEQ0","user_name":"contact","date":"1602979239","change_type":"expanded","app_type":"gdpbot","app_id":"A01C39T14KW"},
{"user_id":"U019868JEQ0","user_name":"contact","date":"1602529371","change_type":"added","app_type":"gdpbot","app_id":"A01C39T14KW"},
{"user_id":"U01A8JXNZDW","user_name":"labrinos","date":"1598607091","change_type":"added","app_type":"Google Drive","app_id":"A6NL8MJ6Q","scope":"identify,bot,channels:read,files:read,team:read,users:read,users:read.email,chat:write:bot,links:read"},
{"user_id":"UQ553K7DY","user_name":"slack1","date":"1595394020","change_type":"added","app_type":"Google Drive","app_id":"A6NL8MJ6Q","scope":"identify,bot,channels:read,files:read,team:read,users:read,users:read.email,chat:write:bot,links:read"},
{"user_id":"UKV4ZPEFQ","user_name":"felicitybrand","date":"1595286778","change_type":"added","service_id":1276471806208,"service_type":"Twitter","scope":"incoming-webhook"},
{"user_id":"UL2AA1FF1","user_name":"emckean","date":"1588195218","change_type":"added","app_type":"Time zone bot","app_id":"ABEFBSHA4","scope":"identify,commands"},
{"user_id":"UKVC4NB71","user_name":"jaredleonmorgan","date":"1582194739","change_type":"resource_grant_created","service_id":960958788357,"service_type":"App","scope":null,"channel":"private","app_type":"GitHub","app_id":"A8GBNUWU8"},
{"user_id":"UKVC4NB71","user_name":"jaredleonmorgan","date":"1582194739","change_type":"wildcard_resource_grant_created","service_id":960958788357,"service_type":"App","scope":null,"app_type":"GitHub","app_id":"A8GBNUWU8"},
{"user_id":"UKVC4NB71","user_name":"jaredleonmorgan","date":"1582194738","change_type":"expanded","service_id":960958788357,"service_type":"App","scope":null,"app_type":"GitHub","app_id":"A8GBNUWU8"},
{"user_id":"UKVC4NB71","user_name":"jaredleonmorgan","date":"1582194738","change_type":"resource_grant_created","service_id":960958788357,"service_type":"App","scope":null,"app_type":"GitHub","app_id":"A8GBNUWU8"},
{"user_id":"UKVC4NB71","user_name":"jaredleonmorgan","date":"1582194738","change_type":"expanded","service_id":960958788357,"service_type":"App","scope":null,"app_type":"GitHub","app_id":"A8GBNUWU8"},
{"user_id":"UKVC4NB71","user_name":"jaredleonmorgan","date":"1582194738","change_type":"added","app_type":"GitHub","app_id":"A8GBNUWU8"},
{"user_id":"UR1VBKHD1","user_name":"deafdave","date":"1580984942","change_type":"added","app_type":"Google Calendar","app_id":"ADZ494LHY","scope":"identify,bot,commands,users.profile:write"},
{"user_id":"UR1VBKHD1","user_name":"deafdave","date":"1580984826","change_type":"added","service_id":941519227191,"service_type":"Google Drive","scope":"files:write:user"},
{"user_id":"UL2AA1FF1","user_name":"emckean","date":"1574289338","change_type":"added","app_type":"Export","app_id":"A19P6G35Y","scope":"identify,commands,channels:history,groups:history,im:history,users:read,users:read.email"},
{"user_id":"UL2AA1FF1","user_name":"emckean","date":"1573170456","change_type":"expanded","app_type":"GDP-inviter","app_id":"AQ2DQE133","scope":"admin,identify,read,client,post"},
{"user_id":"UL2AA1FF1","user_name":"emckean","date":"1573170190","change_type":"added","app_type":"GDP-inviter","app_id":"AQ2DQE133","scope":"admin,identify,read,client,post"},
{"user_id":"UKV4ZPEFQ","user_name":"felicitybrand","date":"1572494509","change_type":"added","app_type":"icanhazdadjoke","app_id":"A214NCJF2","scope":"identify,commands"},
{"user_id":"UKV4ZPEFQ","user_name":"felicitybrand","date":"1569549007","change_type":"removed","reason":"user_uninstalled_app","app_type":"Channel Time","app_id":"A0HUF819S","scope":"identify,commands,channels:read,users:read,users:read.email,chat:write:bot"},
{"user_id":"UKV4ZPEFQ","user_name":"felicitybrand","date":"1568784669","change_type":"added","app_type":"Channel Time","app_id":"A0HUF819S","scope":"identify,commands,channels:read,users:read,users:read.email,chat:write:bot"},
{"user_id":"UKV4ZPEFQ","user_name":"felicitybrand","date":"1568770384","change_type":"added","app_type":"Doodle Bot","app_id":"AFA5VQJKX","scope":"identify,bot,commands"},
{"user_id":"UKV4ZPEFQ","user_name":"felicitybrand","date":"1568413459","change_type":"added","app_type":"Groups.io","app_id":"A03SESNFZ","scope":"read,client,identify,post"},
{"user_id":"UKV4ZPEFQ","user_name":"felicitybrand","date":"1564800461","change_type":"removed","app_type":"Google Drive","app_id":"A6NL8MJ6Q","scope":"identify,bot,channels:read,files:read,team:read,users:read,users:read.email,chat:write:bot,links:read"},
{"user_id":"UKV4ZPEFQ","user_name":"felicitybrand","date":"1564800458","change_type":"removed","service_id":682282229286,"service_type":"Google Drive","scope":"files:write:user"},
{"user_id":"UKV4ZPEFQ","user_name":"felicitybrand","date":"1561792921","change_type":"updated","service_id":682282229286,"service_type":"Google Drive","scope":"files:write:user"},
{"user_id":"UKV4ZPEFQ","user_name":"felicitybrand","date":"1561792906","change_type":"added","app_type":"Google Drive","app_id":"A6NL8MJ6Q","scope":"identify,bot,channels:read,files:read,team:read,users:read,users:read.email,chat:write:bot,links:read"},
{"user_id":"UKV4ZPEFQ","user_name":"felicitybrand","date":"1561792897","change_type":"added","service_id":682282229286,"service_type":"Google Drive","scope":"files:write:user"}
]