[
{
    "id": "CKFJE6TDH",
    "name": "announcements",
    "created": 1561157771,
    "creator": "UKV4ZPEFQ",
    "is_archived": false,
    "is_general": true,
    "members": [
        "UKG4RHGBD",
        "UKTGLQNGG",
        "UKU2JGKEV",
        "UKU4BJ57T",
        "UKV4ZPEFQ",
        "UKVC4NB71",
        "UKZUE07MJ",
        "UL0EZ6PHT",
        "UL0EZ6PRT",
        "UL2AA1FF1",
        "UL2JX2QNA",
        "UL3UNUMK6",
        "UL9F82XL3",
        "UPYT37Z9R",
        "UQ54YNUPL",
        "UQ553K7DY",
        "UQ5FCQXT4",
        "UQC84A5AB",
        "UQCGMRB6F",
        "UQHTJTYM6",
        "UQJ67EXK7",
        "UQJBJ8LN4",
        "UQM1Q4ECF",
        "UQRF7PA95",
        "UR1VBKHD1",
        "UR4BU4WBE",
        "UR4F409LG",
        "UR4R8T23F",
        "URLL4613P",
        "US8HX4K1A",
        "USJNU4UKV",
        "UTCCCN999",
        "UTCKDLXJ9",
        "UU6A8MCQ6",
        "UUKDDFDLM",
        "UV68NG0C8",
        "U011ES0SQP8",
        "U011GCVJFQF",
        "U012DTT9FLM",
        "U012H2D0YP4",
        "U012J5AMMEY",
        "U012KCMPP0V",
        "U012MGCK4GG",
        "U012Y26QWNA",
        "U013523JM71",
        "U01363C3QMD",
        "U0137ALL8DC",
        "U013BQ7KEVD",
        "U013BQLMX8F",
        "U013DDEU5PF",
        "U013GUU67QA",
        "U013H0D2BST",
        "U013H808CCS",
        "U013K5XP1PF",
        "U013KJBAZT8",
        "U013L2JPQNS",
        "U013QJBQR1V",
        "U013R98JA31",
        "U013SP763UH",
        "U013TBTETME",
        "U013TMMSPDK",
        "U013U5JASUR",
        "U013XPC8Q9Z",
        "U013YACL944",
        "U013YECC3HS",
        "U0145JAQHBJ",
        "U0145NJUYQ2",
        "U01474W7A6L",
        "U01488L9F4Y",
        "U0149891D4J",
        "U014J4MHWT1",
        "U014QGGM03W",
        "U014V7JDGPM",
        "U014YSK0DL2",
        "U0156H180JF",
        "U015JHMGW7J"
    ],
    "topic": {
        "value": "project announcements only -- want to chat? join #general",
        "creator": "UL2AA1FF1",
        "last_set": 1574277471
    },
    "purpose": {
        "value": "This channel is for workspace-wide communication and announcements. All members are in this channel.",
        "creator": "UKV4ZPEFQ",
        "last_set": 1561157771
    }
},
{
    "id": "CKSGB4BA8",
    "name": "plan",
    "created": 1561157771,
    "creator": "UKV4ZPEFQ",
    "is_archived": false,
    "is_general": false,
    "members": [
        "UKG4RHGBD",
        "UKTGLQNGG",
        "UKU2JGKEV",
        "UKU4BJ57T",
        "UKV4ZPEFQ",
        "UKVC4NB71",
        "UKZUE07MJ",
        "UL0EZ6PHT",
        "UL0EZ6PRT",
        "UL2AA1FF1",
        "UL2JX2QNA",
        "UL3UNUMK6",
        "UL9F82XL3",
        "UPYT37Z9R",
        "UQ54YNUPL",
        "UQ553K7DY",
        "UQ5FCQXT4",
        "UQC84A5AB",
        "UQCGMRB6F",
        "UQHTJTYM6",
        "UQJ67EXK7",
        "UQJBJ8LN4",
        "UQM1Q4ECF",
        "UQRF7PA95",
        "UR1VBKHD1",
        "UR4BU4WBE",
        "UR4F409LG",
        "UR4R8T23F",
        "URLL4613P",
        "US8HX4K1A",
        "UTCKDLXJ9",
        "UUKDDFDLM",
        "U012KCMPP0V",
        "U012MGCK4GG",
        "U012Y26QWNA",
        "U013H808CCS",
        "U013QJBQR1V",
        "U013SP763UH",
        "U0145NJUYQ2",
        "U0149891D4J",
        "U014J4MHWT1"
    ],
    "topic": {
        "value": "",
        "creator": "",
        "last_set": 0
    },
    "purpose": {
        "value": "",
        "creator": "",
        "last_set": 0
    }
},
{
    "id": "CKT0VDP5E",
    "name": "random",
    "created": 1561157771,
    "creator": "UKV4ZPEFQ",
    "is_archived": false,
    "is_general": false,
    "members": [
        "UKG4RHGBD",
        "UKTGLQNGG",
        "UKU2JGKEV",
        "UKU4BJ57T",
        "UKV4ZPEFQ",
        "UKVC4NB71",
        "UKZUE07MJ",
        "UL0EZ6PHT",
        "UL0EZ6PRT",
        "UL2AA1FF1",
        "UL2JX2QNA",
        "UL3UNUMK6",
        "UL9F82XL3",
        "UPYT37Z9R",
        "UQ54YNUPL",
        "UQ553K7DY",
        "UQ5FCQXT4",
        "UQC84A5AB",
        "UQCGMRB6F",
        "UQHTJTYM6",
        "UQJ67EXK7",
        "UQJBJ8LN4",
        "UQM1Q4ECF",
        "UQRF7PA95",
        "UR1VBKHD1",
        "UR4BU4WBE",
        "UR4F409LG",
        "UR4R8T23F",
        "URLL4613P",
        "US8HX4K1A",
        "USJNU4UKV",
        "UTCCCN999",
        "UTCKDLXJ9",
        "UU6A8MCQ6",
        "UUKDDFDLM",
        "UV68NG0C8",
        "U011ES0SQP8",
        "U011GCVJFQF",
        "U012DTT9FLM",
        "U012H2D0YP4",
        "U012J5AMMEY",
        "U012KCMPP0V",
        "U012MGCK4GG",
        "U012Y26QWNA",
        "U013523JM71",
        "U01363C3QMD",
        "U0137ALL8DC",
        "U013BQ7KEVD",
        "U013BQLMX8F",
        "U013DDEU5PF",
        "U013GUU67QA",
        "U013H0D2BST",
        "U013H808CCS",
        "U013K5XP1PF",
        "U013KJBAZT8",
        "U013L2JPQNS",
        "U013QJBQR1V",
        "U013R98JA31",
        "U013SP763UH",
        "U013TBTETME",
        "U013TMMSPDK",
        "U013U5JASUR",
        "U013XPC8Q9Z",
        "U013YACL944",
        "U013YECC3HS",
        "U0145JAQHBJ",
        "U0145NJUYQ2",
        "U01474W7A6L",
        "U01488L9F4Y",
        "U0149891D4J",
        "U014J4MHWT1",
        "U014QGGM03W",
        "U014V7JDGPM",
        "U014YSK0DL2",
        "U0156H180JF",
        "U015JHMGW7J"
    ],
    "topic": {
        "value": "Non-work banter and water cooler conversation",
        "creator": "UKV4ZPEFQ",
        "last_set": 1561157771
    },
    "purpose": {
        "value": "A place for non-work-related flimflam, faffing, hodge-podge or jibber-jabber you'd prefer to keep out of more focused work-related channels.",
        "creator": "UKV4ZPEFQ",
        "last_set": 1561157771
    }
},
{
    "id": "CPXECK804",
    "name": "templates",
    "created": 1572381091,
    "creator": "UL3UNUMK6",
    "is_archived": false,
    "is_general": false,
    "members": [
        "UKG4RHGBD",
        "UKTGLQNGG",
        "UKU2JGKEV",
        "UKU4BJ57T",
        "UKV4ZPEFQ",
        "UKVC4NB71",
        "UKZUE07MJ",
        "UL0EZ6PHT",
        "UL2AA1FF1",
        "UL2JX2QNA",
        "UL3UNUMK6",
        "UL9F82XL3",
        "UQHTJTYM6",
        "UQRF7PA95",
        "UR1VBKHD1",
        "UR4F409LG",
        "URLL4613P",
        "UTCCCN999",
        "UTCKDLXJ9",
        "UUKDDFDLM",
        "U011ES0SQP8",
        "U012KCMPP0V",
        "U012MGCK4GG",
        "U013BQ7KEVD",
        "U013H808CCS",
        "U013KJBAZT8",
        "U013SP763UH",
        "U013YACL944",
        "U0145NJUYQ2",
        "U0149891D4J",
        "U014J4MHWT1",
        "U014V7JDGPM"
    ],
    "topic": {
        "value": "<https:\/\/github.com\/thegooddocsproject\/templates>",
        "creator": "UKVC4NB71",
        "last_set": 1573599250
    },
    "purpose": {
        "value": "Discussion about developing new and existing templates.",
        "creator": "UL3UNUMK6",
        "last_set": 1572381091
    }
},
{
    "id": "CQ31FU5C2",
    "name": "docfixit2019",
    "created": 1573591985,
    "creator": "UL9F82XL3",
    "is_archived": false,
    "is_general": false,
    "members": [
        "UKV4ZPEFQ",
        "UKVC4NB71",
        "UL2AA1FF1",
        "UL9F82XL3",
        "UQ54YNUPL",
        "UQRF7PA95",
        "UTCKDLXJ9",
        "UUKDDFDLM",
        "U012MGCK4GG",
        "U0145NJUYQ2"
    ],
    "topic": {
        "value": "<https:\/\/slack.thegooddocsproject.dev\/> | <https:\/\/github.com\/thegooddocsproject\/templates>",
        "creator": "UKVC4NB71",
        "last_set": 1573599233
    },
    "purpose": {
        "value": "Channel for all peeps who are taking part in the activity during WTD Conference 2019",
        "creator": "UL9F82XL3",
        "last_set": 1573591986
    }
},
{
    "id": "CQT6T04CW",
    "name": "general",
    "created": 1574192675,
    "creator": "UL2AA1FF1",
    "is_archived": false,
    "is_general": false,
    "members": [
        "UKG4RHGBD",
        "UKTGLQNGG",
        "UKU2JGKEV",
        "UKU4BJ57T",
        "UKV4ZPEFQ",
        "UKVC4NB71",
        "UKZUE07MJ",
        "UL0EZ6PHT",
        "UL0EZ6PRT",
        "UL2AA1FF1",
        "UL2JX2QNA",
        "UL3UNUMK6",
        "UL9F82XL3",
        "UQ54YNUPL",
        "UQ553K7DY",
        "UQ5FCQXT4",
        "UQCGMRB6F",
        "UQHTJTYM6",
        "UQJ67EXK7",
        "UQJBJ8LN4",
        "UR1VBKHD1",
        "UR4F409LG",
        "URLL4613P",
        "USJNU4UKV",
        "UTCCCN999",
        "UTCKDLXJ9",
        "UU6A8MCQ6",
        "UUKDDFDLM",
        "UV68NG0C8",
        "U011ES0SQP8",
        "U011GCVJFQF",
        "U012DTT9FLM",
        "U012H2D0YP4",
        "U012J5AMMEY",
        "U012KCMPP0V",
        "U012MGCK4GG",
        "U012Y26QWNA",
        "U013523JM71",
        "U01363C3QMD",
        "U0137ALL8DC",
        "U013BQ7KEVD",
        "U013BQLMX8F",
        "U013DDEU5PF",
        "U013GUU67QA",
        "U013H0D2BST",
        "U013H808CCS",
        "U013K5XP1PF",
        "U013KJBAZT8",
        "U013L2JPQNS",
        "U013QJBQR1V",
        "U013R98JA31",
        "U013SP763UH",
        "U013TBTETME",
        "U013TMMSPDK",
        "U013U5JASUR",
        "U013XPC8Q9Z",
        "U013YACL944",
        "U013YECC3HS",
        "U0145JAQHBJ",
        "U0145NJUYQ2",
        "U01474W7A6L",
        "U01488L9F4Y",
        "U0149891D4J",
        "U014J4MHWT1",
        "U014QGGM03W",
        "U014V7JDGPM",
        "U014YSK0DL2",
        "U0156H180JF",
        "U015JHMGW7J"
    ],
    "topic": {
        "value": "the shiny new general discussion channel!",
        "creator": "UL2AA1FF1",
        "last_set": 1574277560
    },
    "purpose": {
        "value": "Good Docs Project Announcements",
        "creator": "UL2AA1FF1",
        "last_set": 1574192675
    }
}
]