[
    {
        "client_msg_id": "698dfe7c-f620-4269-9c0b-11783440b747",
        "type": "message",
        "text": "<@UL3UNUMK6> i believe this meeting is still going ahead. In about 10 or 11 hours.",
        "user": "UKVC4NB71",
        "ts": "1573080967.000700",
        "team": "TKFJE6LDR",
        "user_team": "TKFJE6LDR",
        "source_team": "TKFJE6LDR",
        "user_profile": {
            "avatar_hash": "c7d9788d4436",
            "image_72": "https:\/\/avatars.slack-edge.com\/2019-10-30\/814314609877_c7d9788d4436969613a7_72.jpg",
            "first_name": "Jared",
            "real_name": "Jared Morgan",
            "display_name": "jaredmorgs",
            "team": "TKFJE6LDR",
            "name": "jaredleonmorgan",
            "is_restricted": false,
            "is_ultra_restricted": false
        }
    },
    {
        "client_msg_id": "968a46d2-2ba1-4177-a30e-c53139126e2e",
        "type": "message",
        "text": "<@UKTGLQNGG> would you be able to finalise the time (if not already finalised). I missed the calendar entry for the Wednesday meeting because it was sent at 1am my time.",
        "user": "UKVC4NB71",
        "ts": "1573081000.001500",
        "team": "TKFJE6LDR",
        "user_team": "TKFJE6LDR",
        "source_team": "TKFJE6LDR",
        "user_profile": {
            "avatar_hash": "c7d9788d4436",
            "image_72": "https:\/\/avatars.slack-edge.com\/2019-10-30\/814314609877_c7d9788d4436969613a7_72.jpg",
            "first_name": "Jared",
            "real_name": "Jared Morgan",
            "display_name": "jaredmorgs",
            "team": "TKFJE6LDR",
            "name": "jaredleonmorgan",
            "is_restricted": false,
            "is_ultra_restricted": false
        }
    }
]