[
    {
        "client_msg_id": "35f2accf-bd0e-40cf-b301-4a8e594636ff",
        "type": "message",
        "text": "Hello -- there are a few pull requests still awaiting review...",
        "user": "UQHTJTYM6",
        "ts": "1575940136.001000",
        "team": "TKFJE6LDR",
        "user_team": "TKFJE6LDR",
        "source_team": "TKFJE6LDR",
        "user_profile": {
            "avatar_hash": "g65080694902",
            "image_72": "https:\/\/secure.gravatar.com\/avatar\/650806949023f752870363ad7de45188.jpg?s=72&d=https%3A%2F%2Fa.slack-edge.com%2Fdf10d%2Fimg%2Favatars%2Fava_0023-72.png",
            "first_name": "",
            "real_name": "Alec Clews",
            "display_name": "Alec Clews",
            "team": "TKFJE6LDR",
            "name": "alecclews",
            "is_restricted": false,
            "is_ultra_restricted": false
        },
        "blocks": [
            {
                "type": "rich_text",
                "block_id": "qtWet",
                "elements": [
                    {
                        "type": "rich_text_section",
                        "elements": [
                            {
                                "type": "text",
                                "text": "Hello -- there are a few pull requests still awaiting review..."
                            }
                        ]
                    }
                ]
            }
        ]
    }
]