[
    {
        "client_msg_id": "18d74b92-5ed2-459f-9e1e-95651c382465",
        "type": "message",
        "text": "<@UKV4ZPEFQ> I have opened hangouts. People still milling",
        "user": "UKTGLQNGG",
        "ts": "1573695627.001100",
        "team": "TKFJE6LDR",
        "user_team": "TKFJE6LDR",
        "source_team": "TKFJE6LDR",
        "user_profile": {
            "avatar_hash": "ge03fcb118b0",
            "image_72": "https:\/\/secure.gravatar.com\/avatar\/9e03fcb118b0853a3fedfdee2367779d.jpg?s=72&d=https%3A%2F%2Fa.slack-edge.com%2Fdf10d%2Fimg%2Favatars%2Fava_0021-72.png",
            "first_name": "Cameron",
            "real_name": "Cameron Shorter",
            "display_name": "cameronshorter",
            "team": "TKFJE6LDR",
            "name": "cameron.shorter",
            "is_restricted": false,
            "is_ultra_restricted": false
        }
    },
    {
        "type": "message",
        "subtype": "channel_join",
        "ts": "1573701718.001300",
        "user": "UQHTJTYM6",
        "text": "<@UQHTJTYM6> has joined the channel"
    },
    {
        "client_msg_id": "3996e7f2-1aca-4f1b-9b38-609ac4f1f385",
        "type": "message",
        "text": "I've created a PR for a new section on API security -- <https:\/\/github.com\/thegooddocsproject\/templates\/pull\/30>\n\nThis is a initial commit to make sure I am heading in the right direction\n\nWould appreciate a review",
        "user": "UQHTJTYM6",
        "ts": "1573702036.002300",
        "team": "TKFJE6LDR",
        "user_team": "TKFJE6LDR",
        "source_team": "TKFJE6LDR",
        "user_profile": {
            "avatar_hash": "g65080694902",
            "image_72": "https:\/\/secure.gravatar.com\/avatar\/650806949023f752870363ad7de45188.jpg?s=72&d=https%3A%2F%2Fa.slack-edge.com%2Fdf10d%2Fimg%2Favatars%2Fava_0023-72.png",
            "first_name": "",
            "real_name": "Alec Clews",
            "display_name": "Alec Clews",
            "team": "TKFJE6LDR",
            "name": "alecclews",
            "is_restricted": false,
            "is_ultra_restricted": false
        },
        "edited": {
            "user": "UQHTJTYM6",
            "ts": "1573702567.000000"
        },
        "attachments": [
            {
                "service_name": "GitHub",
                "title": "Added new section on API security -- DRAFT by alecthegeek · Pull Request #30 · thegooddocsproject\/templates",
                "title_link": "https:\/\/github.com\/thegooddocsproject\/templates\/pull\/30",
                "text": "Still needs a template -- want to make sure project is happy with this approach",
                "fallback": "GitHub: Added new section on API security -- DRAFT by alecthegeek · Pull Request #30 · thegooddocsproject\/templates",
                "thumb_url": "https:\/\/avatars1.githubusercontent.com\/u\/52089481?s=400&v=4",
                "from_url": "https:\/\/github.com\/thegooddocsproject\/templates\/pull\/30",
                "thumb_width": 400,
                "thumb_height": 400,
                "service_icon": "https:\/\/a.slack-edge.com\/80588\/img\/unfurl_icons\/github.png",
                "id": 1,
                "original_url": "https:\/\/github.com\/thegooddocsproject\/templates\/pull\/30"
            }
        ]
    },
    {
        "client_msg_id": "b96d9fab-57cd-454a-ae15-10d1b8fcf81e",
        "type": "message",
        "text": "Here is a question. Should the API templates only address network APIs? what about binary APIs (for plugins)?",
        "user": "UQHTJTYM6",
        "ts": "1573702485.003300",
        "team": "TKFJE6LDR",
        "user_team": "TKFJE6LDR",
        "source_team": "TKFJE6LDR",
        "user_profile": {
            "avatar_hash": "g65080694902",
            "image_72": "https:\/\/secure.gravatar.com\/avatar\/650806949023f752870363ad7de45188.jpg?s=72&d=https%3A%2F%2Fa.slack-edge.com%2Fdf10d%2Fimg%2Favatars%2Fava_0023-72.png",
            "first_name": "",
            "real_name": "Alec Clews",
            "display_name": "Alec Clews",
            "team": "TKFJE6LDR",
            "name": "alecclews",
            "is_restricted": false,
            "is_ultra_restricted": false
        }
    }
]