[
    {
        "client_msg_id": "a01c8611-8a71-424e-b2f3-46a044fb262e",
        "type": "message",
        "text": "Hey Alec, my GoodDocsProject focus has initially been on helping Jared get the reviews from conference into git issues, so we can manage them. Took longer than I expected, but I finished the last today. I suggest we are now ready to start prioritising and working through these issues, along with the pull requests.",
        "user": "UKTGLQNGG",
        "ts": "1575969181.003900",
        "team": "TKFJE6LDR",
        "user_team": "TKFJE6LDR",
        "source_team": "TKFJE6LDR",
        "user_profile": {
            "avatar_hash": "ge03fcb118b0",
            "image_72": "https:\/\/secure.gravatar.com\/avatar\/9e03fcb118b0853a3fedfdee2367779d.jpg?s=72&d=https%3A%2F%2Fa.slack-edge.com%2Fdf10d%2Fimg%2Favatars%2Fava_0021-72.png",
            "first_name": "Cameron",
            "real_name": "Cameron Shorter",
            "display_name": "cameronshorter",
            "team": "TKFJE6LDR",
            "name": "cameron.shorter",
            "is_restricted": false,
            "is_ultra_restricted": false
        },
        "blocks": [
            {
                "type": "rich_text",
                "block_id": "8iE",
                "elements": [
                    {
                        "type": "rich_text_section",
                        "elements": [
                            {
                                "type": "text",
                                "text": "Hey Alec, my GoodDocsProject focus has initially been on helping Jared get the reviews from conference into git issues, so we can manage them. Took longer than I expected, but I finished the last today. I suggest we are now ready to start prioritising and working through these issues, along with the pull requests."
                            }
                        ]
                    }
                ]
            }
        ]
    },
    {
        "client_msg_id": "60239b8a-0a42-405a-b583-5f9b4bdb1ffc",
        "type": "message",
        "text": "Next meeting is in 23.5 hours (8pm Thurs in Sydney\/Melbourne). Hope you will join us.",
        "user": "UKTGLQNGG",
        "ts": "1575969231.004700",
        "team": "TKFJE6LDR",
        "user_team": "TKFJE6LDR",
        "source_team": "TKFJE6LDR",
        "user_profile": {
            "avatar_hash": "ge03fcb118b0",
            "image_72": "https:\/\/secure.gravatar.com\/avatar\/9e03fcb118b0853a3fedfdee2367779d.jpg?s=72&d=https%3A%2F%2Fa.slack-edge.com%2Fdf10d%2Fimg%2Favatars%2Fava_0021-72.png",
            "first_name": "Cameron",
            "real_name": "Cameron Shorter",
            "display_name": "cameronshorter",
            "team": "TKFJE6LDR",
            "name": "cameron.shorter",
            "is_restricted": false,
            "is_ultra_restricted": false
        },
        "blocks": [
            {
                "type": "rich_text",
                "block_id": "Ybk",
                "elements": [
                    {
                        "type": "rich_text_section",
                        "elements": [
                            {
                                "type": "text",
                                "text": "Next meeting is in 23.5 hours (8pm Thurs in Sydney\/Melbourne). Hope you will join us."
                            }
                        ]
                    }
                ]
            }
        ]
    },
    {
        "client_msg_id": "413f4d8f-d209-40b0-9226-e0fdbc52171f",
        "type": "message",
        "text": "Probably a starting point is to look at issues raised with the “decision” tag. <https:\/\/github.com\/thegooddocsproject\/templates\/labels\/decision>",
        "user": "UKTGLQNGG",
        "ts": "1575969292.005300",
        "team": "TKFJE6LDR",
        "user_team": "TKFJE6LDR",
        "source_team": "TKFJE6LDR",
        "user_profile": {
            "avatar_hash": "ge03fcb118b0",
            "image_72": "https:\/\/secure.gravatar.com\/avatar\/9e03fcb118b0853a3fedfdee2367779d.jpg?s=72&d=https%3A%2F%2Fa.slack-edge.com%2Fdf10d%2Fimg%2Favatars%2Fava_0021-72.png",
            "first_name": "Cameron",
            "real_name": "Cameron Shorter",
            "display_name": "cameronshorter",
            "team": "TKFJE6LDR",
            "name": "cameron.shorter",
            "is_restricted": false,
            "is_ultra_restricted": false
        },
        "attachments": [
            {
                "service_name": "GitHub",
                "title": "thegooddocsproject\/templates",
                "title_link": "https:\/\/github.com\/thegooddocsproject\/templates\/labels\/decision",
                "text": "Templates created by The Good Docs Project - for all your tech writing needs. - thegooddocsproject\/templates",
                "fallback": "GitHub: thegooddocsproject\/templates",
                "thumb_url": "https:\/\/avatars1.githubusercontent.com\/u\/52089481?s=400&v=4",
                "from_url": "https:\/\/github.com\/thegooddocsproject\/templates\/labels\/decision",
                "thumb_width": 400,
                "thumb_height": 400,
                "service_icon": "https:\/\/a.slack-edge.com\/80588\/img\/unfurl_icons\/github.png",
                "id": 1,
                "original_url": "https:\/\/github.com\/thegooddocsproject\/templates\/labels\/decision"
            }
        ],
        "blocks": [
            {
                "type": "rich_text",
                "block_id": "Kg2Wj",
                "elements": [
                    {
                        "type": "rich_text_section",
                        "elements": [
                            {
                                "type": "text",
                                "text": "Probably a starting point is to look at issues raised with the “decision” tag. "
                            },
                            {
                                "type": "link",
                                "url": "https:\/\/github.com\/thegooddocsproject\/templates\/labels\/decision"
                            }
                        ]
                    }
                ]
            }
        ]
    },
    {
        "client_msg_id": "9b783dd9-6e27-4bb2-a394-95d0608ad954",
        "type": "message",
        "text": "<@UQHTJTYM6> I’ve added a comment to your pull request: <https:\/\/github.com\/thegooddocsproject\/templates\/pull\/30>",
        "user": "UKTGLQNGG",
        "ts": "1575970697.005900",
        "team": "TKFJE6LDR",
        "user_team": "TKFJE6LDR",
        "source_team": "TKFJE6LDR",
        "user_profile": {
            "avatar_hash": "ge03fcb118b0",
            "image_72": "https:\/\/secure.gravatar.com\/avatar\/9e03fcb118b0853a3fedfdee2367779d.jpg?s=72&d=https%3A%2F%2Fa.slack-edge.com%2Fdf10d%2Fimg%2Favatars%2Fava_0021-72.png",
            "first_name": "Cameron",
            "real_name": "Cameron Shorter",
            "display_name": "cameronshorter",
            "team": "TKFJE6LDR",
            "name": "cameron.shorter",
            "is_restricted": false,
            "is_ultra_restricted": false
        },
        "attachments": [
            {
                "service_name": "GitHub",
                "title": "Added new section on API security by alecthegeek · Pull Request #30 · thegooddocsproject\/templates",
                "title_link": "https:\/\/github.com\/thegooddocsproject\/templates\/pull\/30",
                "text": "Still needs a template -- want to make sure project is happy with this approach",
                "fallback": "GitHub: Added new section on API security by alecthegeek · Pull Request #30 · thegooddocsproject\/templates",
                "thumb_url": "https:\/\/avatars1.githubusercontent.com\/u\/52089481?s=400&v=4",
                "from_url": "https:\/\/github.com\/thegooddocsproject\/templates\/pull\/30",
                "thumb_width": 400,
                "thumb_height": 400,
                "service_icon": "https:\/\/a.slack-edge.com\/80588\/img\/unfurl_icons\/github.png",
                "id": 1,
                "original_url": "https:\/\/github.com\/thegooddocsproject\/templates\/pull\/30"
            }
        ],
        "blocks": [
            {
                "type": "rich_text",
                "block_id": "EjnP",
                "elements": [
                    {
                        "type": "rich_text_section",
                        "elements": [
                            {
                                "type": "user",
                                "user_id": "UQHTJTYM6"
                            },
                            {
                                "type": "text",
                                "text": " I’ve added a comment to your pull request: "
                            },
                            {
                                "type": "link",
                                "url": "https:\/\/github.com\/thegooddocsproject\/templates\/pull\/30"
                            }
                        ]
                    }
                ]
            }
        ]
    },
    {
        "client_msg_id": "f1fe12b4-17c7-43e8-96b9-9e61d661fab6",
        "type": "message",
        "text": "Sorry for confusing last message for meeting time. Meeting is Thursday evening in Australia (tomorrow), as per calendar invite you should have",
        "user": "UKTGLQNGG",
        "ts": "1576049235.010100",
        "team": "TKFJE6LDR",
        "user_team": "TKFJE6LDR",
        "source_team": "TKFJE6LDR",
        "user_profile": {
            "avatar_hash": "ge03fcb118b0",
            "image_72": "https:\/\/secure.gravatar.com\/avatar\/9e03fcb118b0853a3fedfdee2367779d.jpg?s=72&d=https%3A%2F%2Fa.slack-edge.com%2Fdf10d%2Fimg%2Favatars%2Fava_0021-72.png",
            "first_name": "Cameron",
            "real_name": "Cameron Shorter",
            "display_name": "cameronshorter",
            "team": "TKFJE6LDR",
            "name": "cameron.shorter",
            "is_restricted": false,
            "is_ultra_restricted": false
        },
        "blocks": [
            {
                "type": "rich_text",
                "block_id": "iq9wi",
                "elements": [
                    {
                        "type": "rich_text_section",
                        "elements": [
                            {
                                "type": "text",
                                "text": "Sorry for confusing last message for meeting time. Meeting is Thursday evening in Australia (tomorrow), as per calendar invite you should have"
                            }
                        ]
                    }
                ]
            }
        ]
    }
]