[
    {
        "client_msg_id": "f8ff6f4b-77a2-4569-873c-83ecae5749b7",
        "type": "message",
        "text": "<@UKVC4NB71>, <@UKV4ZPEFQ>, <@UL3UNUMK6> Thanks Clarence for the this. I is good to go as is. I’ve provided relatively minor suggestions into a Google Doc to make it easier to have a conversation. <https:\/\/docs.google.com\/document\/d\/1yMG13OItRS3FGGA3YzcpgI1F1npbXdnq5DX-uig-LKs\/edit#>",
        "user": "UKTGLQNGG",
        "ts": "1573376509.003600",
        "team": "TKFJE6LDR",
        "user_team": "TKFJE6LDR",
        "source_team": "TKFJE6LDR",
        "user_profile": {
            "avatar_hash": "ge03fcb118b0",
            "image_72": "https:\/\/secure.gravatar.com\/avatar\/9e03fcb118b0853a3fedfdee2367779d.jpg?s=72&d=https%3A%2F%2Fa.slack-edge.com%2Fdf10d%2Fimg%2Favatars%2Fava_0021-72.png",
            "first_name": "Cameron",
            "real_name": "Cameron Shorter",
            "display_name": "cameronshorter",
            "team": "TKFJE6LDR",
            "name": "cameron.shorter",
            "is_restricted": false,
            "is_ultra_restricted": false
        }
    },
    {
        "client_msg_id": "3aa0d145-2ad7-4d3b-8822-9dd15a84ab1b",
        "type": "message",
        "text": "<@UKVC4NB71> <@UL3UNUMK6> I’ve put my review suggestions for the README into a pull request. <https:\/\/github.com\/thegooddocsproject\/templates\/pull\/28>",
        "user": "UKTGLQNGG",
        "ts": "1573381241.004700",
        "team": "TKFJE6LDR",
        "user_team": "TKFJE6LDR",
        "source_team": "TKFJE6LDR",
        "user_profile": {
            "avatar_hash": "ge03fcb118b0",
            "image_72": "https:\/\/secure.gravatar.com\/avatar\/9e03fcb118b0853a3fedfdee2367779d.jpg?s=72&d=https%3A%2F%2Fa.slack-edge.com%2Fdf10d%2Fimg%2Favatars%2Fava_0021-72.png",
            "first_name": "Cameron",
            "real_name": "Cameron Shorter",
            "display_name": "cameronshorter",
            "team": "TKFJE6LDR",
            "name": "cameron.shorter",
            "is_restricted": false,
            "is_ultra_restricted": false
        },
        "attachments": [
            {
                "service_name": "GitHub",
                "title": "Review templates\/README.md - kept most of the meaning, used different… by camerons · Pull Request #28 · thegooddocsproject\/templates",
                "title_link": "https:\/\/github.com\/thegooddocsproject\/templates\/pull\/28",
                "text": "… wording in a number of places.",
                "fallback": "GitHub: Review templates\/README.md - kept most of the meaning, used different… by camerons · Pull Request #28 · thegooddocsproject\/templates",
                "thumb_url": "https:\/\/avatars1.githubusercontent.com\/u\/52089481?s=400&v=4",
                "from_url": "https:\/\/github.com\/thegooddocsproject\/templates\/pull\/28",
                "thumb_width": 400,
                "thumb_height": 400,
                "service_icon": "https:\/\/a.slack-edge.com\/80588\/img\/unfurl_icons\/github.png",
                "id": 1,
                "original_url": "https:\/\/github.com\/thegooddocsproject\/templates\/pull\/28"
            }
        ]
    },
    {
        "client_msg_id": "950063a6-e4d7-4c57-bbd1-71be631f57fd",
        "type": "message",
        "text": "I’m open for the rewording to be accepted in full, in part, or not at all. Clarence’s original is good enough to for our alpha release.",
        "user": "UKTGLQNGG",
        "ts": "1573381326.006000",
        "team": "TKFJE6LDR",
        "user_team": "TKFJE6LDR",
        "source_team": "TKFJE6LDR",
        "user_profile": {
            "avatar_hash": "ge03fcb118b0",
            "image_72": "https:\/\/secure.gravatar.com\/avatar\/9e03fcb118b0853a3fedfdee2367779d.jpg?s=72&d=https%3A%2F%2Fa.slack-edge.com%2Fdf10d%2Fimg%2Favatars%2Fava_0021-72.png",
            "first_name": "Cameron",
            "real_name": "Cameron Shorter",
            "display_name": "cameronshorter",
            "team": "TKFJE6LDR",
            "name": "cameron.shorter",
            "is_restricted": false,
            "is_ultra_restricted": false
        }
    },
    {
        "client_msg_id": "52f0fe57-18cc-4703-826b-4bced48bc85c",
        "type": "message",
        "text": "I",
        "user": "UKVC4NB71",
        "ts": "1573383379.006200",
        "team": "TKFJE6LDR",
        "user_team": "TKFJE6LDR",
        "source_team": "TKFJE6LDR",
        "user_profile": {
            "avatar_hash": "c7d9788d4436",
            "image_72": "https:\/\/avatars.slack-edge.com\/2019-10-30\/814314609877_c7d9788d4436969613a7_72.jpg",
            "first_name": "Jared",
            "real_name": "Jared Morgan",
            "display_name": "jaredmorgs",
            "team": "TKFJE6LDR",
            "name": "jaredleonmorgan",
            "is_restricted": false,
            "is_ultra_restricted": false
        }
    },
    {
        "client_msg_id": "12b43bb9-5b07-4ee0-a6b6-fea73cf216ff",
        "type": "message",
        "text": "Great editing pass, Cameron.\n\nI've gone and added some extra comments in suggestion mode and +1 some others in line with our voting guidelines.\n\nCheck them out <@UL3UNUMK6> <@UKV4ZPEFQ> <@UKTGLQNGG> in <https:\/\/docs.google.com\/document\/d\/1yMG13OItRS3FGGA3YzcpgI1F1npbXdnq5DX-uig-LKs\/edit#> and see what you think. Happy to roll them in to save time.",
        "user": "UKVC4NB71",
        "ts": "1573383477.007700",
        "team": "TKFJE6LDR",
        "user_team": "TKFJE6LDR",
        "source_team": "TKFJE6LDR",
        "user_profile": {
            "avatar_hash": "c7d9788d4436",
            "image_72": "https:\/\/avatars.slack-edge.com\/2019-10-30\/814314609877_c7d9788d4436969613a7_72.jpg",
            "first_name": "Jared",
            "real_name": "Jared Morgan",
            "display_name": "jaredmorgs",
            "team": "TKFJE6LDR",
            "name": "jaredleonmorgan",
            "is_restricted": false,
            "is_ultra_restricted": false
        }
    },
    {
        "client_msg_id": "5134de5c-c63e-43af-8be1-59cbaabf750d",
        "type": "message",
        "text": "Thanks <@UKVC4NB71> <@UL3UNUMK6>, I suggest we accept my pull request (as per above), and then apply Jared’s updates. Jared, are you in a position to do either of those tasks nowish?",
        "user": "UKTGLQNGG",
        "ts": "1573414236.009300",
        "team": "TKFJE6LDR",
        "user_team": "TKFJE6LDR",
        "source_team": "TKFJE6LDR",
        "user_profile": {
            "avatar_hash": "ge03fcb118b0",
            "image_72": "https:\/\/secure.gravatar.com\/avatar\/9e03fcb118b0853a3fedfdee2367779d.jpg?s=72&d=https%3A%2F%2Fa.slack-edge.com%2Fdf10d%2Fimg%2Favatars%2Fava_0021-72.png",
            "first_name": "Cameron",
            "real_name": "Cameron Shorter",
            "display_name": "cameronshorter",
            "team": "TKFJE6LDR",
            "name": "cameron.shorter",
            "is_restricted": false,
            "is_ultra_restricted": false
        }
    },
    {
        "client_msg_id": "fd1f13f8-c173-4987-a9c9-d248e178bba0",
        "type": "message",
        "text": "I’m about to have a 30 min bus ride where I should be able to apply these changes if you can’t.",
        "user": "UKTGLQNGG",
        "ts": "1573414286.010000",
        "team": "TKFJE6LDR",
        "user_team": "TKFJE6LDR",
        "source_team": "TKFJE6LDR",
        "user_profile": {
            "avatar_hash": "ge03fcb118b0",
            "image_72": "https:\/\/secure.gravatar.com\/avatar\/9e03fcb118b0853a3fedfdee2367779d.jpg?s=72&d=https%3A%2F%2Fa.slack-edge.com%2Fdf10d%2Fimg%2Favatars%2Fava_0021-72.png",
            "first_name": "Cameron",
            "real_name": "Cameron Shorter",
            "display_name": "cameronshorter",
            "team": "TKFJE6LDR",
            "name": "cameron.shorter",
            "is_restricted": false,
            "is_ultra_restricted": false
        }
    },
    {
        "client_msg_id": "0b90499b-28b1-475c-a5ff-29b2e05bdb8e",
        "type": "message",
        "text": "Oh wow, it got merged before my eyes :eyes:",
        "user": "UKV4ZPEFQ",
        "ts": "1573416517.010400",
        "team": "TKFJE6LDR",
        "user_team": "TKFJE6LDR",
        "source_team": "TKFJE6LDR",
        "user_profile": {
            "avatar_hash": "g854c628ef64",
            "image_72": "https:\/\/secure.gravatar.com\/avatar\/6854c628ef64a4c129a994522e17cdf2.jpg?s=72&d=https%3A%2F%2Fa.slack-edge.com%2Fdf10d%2Fimg%2Favatars%2Fava_0007-72.png",
            "first_name": "felicitybrand",
            "real_name": "felicitybrand",
            "display_name": "flicstar",
            "team": "TKFJE6LDR",
            "name": "felicitybrand",
            "is_restricted": false,
            "is_ultra_restricted": false
        }
    },
    {
        "client_msg_id": "fbe703be-3fb9-4bc8-b4ea-35fc94c99b21",
        "type": "message",
        "text": "I went in to have a look and I think <@UKTGLQNGG> approved the PR.",
        "user": "UKV4ZPEFQ",
        "ts": "1573416531.010800",
        "team": "TKFJE6LDR",
        "user_team": "TKFJE6LDR",
        "source_team": "TKFJE6LDR",
        "user_profile": {
            "avatar_hash": "g854c628ef64",
            "image_72": "https:\/\/secure.gravatar.com\/avatar\/6854c628ef64a4c129a994522e17cdf2.jpg?s=72&d=https%3A%2F%2Fa.slack-edge.com%2Fdf10d%2Fimg%2Favatars%2Fava_0007-72.png",
            "first_name": "felicitybrand",
            "real_name": "felicitybrand",
            "display_name": "flicstar",
            "team": "TKFJE6LDR",
            "name": "felicitybrand",
            "is_restricted": false,
            "is_ultra_restricted": false
        }
    },
    {
        "client_msg_id": "e8df086a-08cb-42a3-8409-054c514a71cf",
        "type": "message",
        "text": "Yes, I’ve just approved my pull request.",
        "user": "UKTGLQNGG",
        "ts": "1573417714.011200",
        "team": "TKFJE6LDR",
        "user_team": "TKFJE6LDR",
        "source_team": "TKFJE6LDR",
        "user_profile": {
            "avatar_hash": "ge03fcb118b0",
            "image_72": "https:\/\/secure.gravatar.com\/avatar\/9e03fcb118b0853a3fedfdee2367779d.jpg?s=72&d=https%3A%2F%2Fa.slack-edge.com%2Fdf10d%2Fimg%2Favatars%2Fava_0021-72.png",
            "first_name": "Cameron",
            "real_name": "Cameron Shorter",
            "display_name": "cameronshorter",
            "team": "TKFJE6LDR",
            "name": "cameron.shorter",
            "is_restricted": false,
            "is_ultra_restricted": false
        }
    },
    {
        "client_msg_id": "15c38ada-774c-418c-858a-52d0006a9abd",
        "type": "message",
        "text": "<@UKV4ZPEFQ> are you applying <@UKVC4NB71> material now? If not, I’ll do so on my bus to work.",
        "user": "UKTGLQNGG",
        "ts": "1573417791.012300",
        "team": "TKFJE6LDR",
        "user_team": "TKFJE6LDR",
        "source_team": "TKFJE6LDR",
        "user_profile": {
            "avatar_hash": "ge03fcb118b0",
            "image_72": "https:\/\/secure.gravatar.com\/avatar\/9e03fcb118b0853a3fedfdee2367779d.jpg?s=72&d=https%3A%2F%2Fa.slack-edge.com%2Fdf10d%2Fimg%2Favatars%2Fava_0021-72.png",
            "first_name": "Cameron",
            "real_name": "Cameron Shorter",
            "display_name": "cameronshorter",
            "team": "TKFJE6LDR",
            "name": "cameron.shorter",
            "is_restricted": false,
            "is_ultra_restricted": false
        }
    },
    {
        "client_msg_id": "30BDD744-289D-4CA2-A39A-7D14BE3E6CA2",
        "type": "message",
        "text": "Sorry no I can’t do it right now. ",
        "user": "UKV4ZPEFQ",
        "ts": "1573418192.012700",
        "team": "TKFJE6LDR",
        "user_team": "TKFJE6LDR",
        "source_team": "TKFJE6LDR",
        "user_profile": {
            "avatar_hash": "g854c628ef64",
            "image_72": "https:\/\/secure.gravatar.com\/avatar\/6854c628ef64a4c129a994522e17cdf2.jpg?s=72&d=https%3A%2F%2Fa.slack-edge.com%2Fdf10d%2Fimg%2Favatars%2Fava_0007-72.png",
            "first_name": "felicitybrand",
            "real_name": "felicitybrand",
            "display_name": "flicstar",
            "team": "TKFJE6LDR",
            "name": "felicitybrand",
            "is_restricted": false,
            "is_ultra_restricted": false
        }
    },
    {
        "client_msg_id": "67038861-B9B0-4598-A7FB-ED621BFB6194",
        "type": "message",
        "text": "I might have time later if you don’t get to it on the bus.",
        "user": "UKV4ZPEFQ",
        "ts": "1573418211.013300",
        "team": "TKFJE6LDR",
        "user_team": "TKFJE6LDR",
        "source_team": "TKFJE6LDR",
        "user_profile": {
            "avatar_hash": "g854c628ef64",
            "image_72": "https:\/\/secure.gravatar.com\/avatar\/6854c628ef64a4c129a994522e17cdf2.jpg?s=72&d=https%3A%2F%2Fa.slack-edge.com%2Fdf10d%2Fimg%2Favatars%2Fava_0007-72.png",
            "first_name": "felicitybrand",
            "real_name": "felicitybrand",
            "display_name": "flicstar",
            "team": "TKFJE6LDR",
            "name": "felicitybrand",
            "is_restricted": false,
            "is_ultra_restricted": false
        }
    },
    {
        "client_msg_id": "2fb21bd6-bf03-4c36-ab90-20e4102b04c7",
        "type": "message",
        "text": "ok, done. I’ve included <@UKVC4NB71> review, and approved my own pull request.",
        "user": "UKTGLQNGG",
        "ts": "1573418794.013900",
        "team": "TKFJE6LDR",
        "user_team": "TKFJE6LDR",
        "source_team": "TKFJE6LDR",
        "user_profile": {
            "avatar_hash": "ge03fcb118b0",
            "image_72": "https:\/\/secure.gravatar.com\/avatar\/9e03fcb118b0853a3fedfdee2367779d.jpg?s=72&d=https%3A%2F%2Fa.slack-edge.com%2Fdf10d%2Fimg%2Favatars%2Fava_0021-72.png",
            "first_name": "Cameron",
            "real_name": "Cameron Shorter",
            "display_name": "cameronshorter",
            "team": "TKFJE6LDR",
            "name": "cameron.shorter",
            "is_restricted": false,
            "is_ultra_restricted": false
        }
    },
    {
        "client_msg_id": "62489254-ecfa-420c-99bb-5748ac39380a",
        "type": "message",
        "text": "master README should now include review from me and Jared. It would be good if someone could give the doc a read to ensure I haven’t introduced any spelling mistakes or similar - I’m using a primitive editor (macdown).",
        "user": "UKTGLQNGG",
        "ts": "1573418911.015500",
        "team": "TKFJE6LDR",
        "user_team": "TKFJE6LDR",
        "source_team": "TKFJE6LDR",
        "user_profile": {
            "avatar_hash": "ge03fcb118b0",
            "image_72": "https:\/\/secure.gravatar.com\/avatar\/9e03fcb118b0853a3fedfdee2367779d.jpg?s=72&d=https%3A%2F%2Fa.slack-edge.com%2Fdf10d%2Fimg%2Favatars%2Fava_0021-72.png",
            "first_name": "Cameron",
            "real_name": "Cameron Shorter",
            "display_name": "cameronshorter",
            "team": "TKFJE6LDR",
            "name": "cameron.shorter",
            "is_restricted": false,
            "is_ultra_restricted": false
        }
    },
    {
        "client_msg_id": "F32794F7-AC74-4966-8DB5-565C4C9A92B6",
        "type": "message",
        "text": "Yes, I’ll take a look today.",
        "user": "UKV4ZPEFQ",
        "ts": "1573419498.015800",
        "team": "TKFJE6LDR",
        "user_team": "TKFJE6LDR",
        "source_team": "TKFJE6LDR",
        "user_profile": {
            "avatar_hash": "g854c628ef64",
            "image_72": "https:\/\/secure.gravatar.com\/avatar\/6854c628ef64a4c129a994522e17cdf2.jpg?s=72&d=https%3A%2F%2Fa.slack-edge.com%2Fdf10d%2Fimg%2Favatars%2Fava_0007-72.png",
            "first_name": "felicitybrand",
            "real_name": "felicitybrand",
            "display_name": "flicstar",
            "team": "TKFJE6LDR",
            "name": "felicitybrand",
            "is_restricted": false,
            "is_ultra_restricted": false
        }
    },
    {
        "client_msg_id": "c9584759-f080-4d1c-9bc4-56602e38271c",
        "type": "message",
        "text": "Hmm, my nice HTML formatted email to WriteTheDocs attendees looks pretty average when converted to plain text on TheGoodDocsProject email list. I hope the formatting is retained on the WriteTheDocs email list.",
        "user": "UKTGLQNGG",
        "ts": "1573420222.017800",
        "team": "TKFJE6LDR",
        "user_team": "TKFJE6LDR",
        "source_team": "TKFJE6LDR",
        "user_profile": {
            "avatar_hash": "ge03fcb118b0",
            "image_72": "https:\/\/secure.gravatar.com\/avatar\/9e03fcb118b0853a3fedfdee2367779d.jpg?s=72&d=https%3A%2F%2Fa.slack-edge.com%2Fdf10d%2Fimg%2Favatars%2Fava_0021-72.png",
            "first_name": "Cameron",
            "real_name": "Cameron Shorter",
            "display_name": "cameronshorter",
            "team": "TKFJE6LDR",
            "name": "cameron.shorter",
            "is_restricted": false,
            "is_ultra_restricted": false
        }
    },
    {
        "client_msg_id": "417a5793-27da-4be1-b2f3-093e23c9f2e1",
        "type": "message",
        "text": "Yep, email clients all implement HTML differently.",
        "user": "UKVC4NB71",
        "ts": "1573424489.018300",
        "team": "TKFJE6LDR",
        "user_team": "TKFJE6LDR",
        "source_team": "TKFJE6LDR",
        "user_profile": {
            "avatar_hash": "c7d9788d4436",
            "image_72": "https:\/\/avatars.slack-edge.com\/2019-10-30\/814314609877_c7d9788d4436969613a7_72.jpg",
            "first_name": "Jared",
            "real_name": "Jared Morgan",
            "display_name": "jaredmorgs",
            "team": "TKFJE6LDR",
            "name": "jaredleonmorgan",
            "is_restricted": false,
            "is_ultra_restricted": false
        }
    },
    {
        "client_msg_id": "b776697c-4b46-41b7-a5eb-778aa21895f7",
        "type": "message",
        "text": "That's why services like mailchimp exist.",
        "user": "UKVC4NB71",
        "ts": "1573424498.018700",
        "team": "TKFJE6LDR",
        "user_team": "TKFJE6LDR",
        "source_team": "TKFJE6LDR",
        "user_profile": {
            "avatar_hash": "c7d9788d4436",
            "image_72": "https:\/\/avatars.slack-edge.com\/2019-10-30\/814314609877_c7d9788d4436969613a7_72.jpg",
            "first_name": "Jared",
            "real_name": "Jared Morgan",
            "display_name": "jaredmorgs",
            "team": "TKFJE6LDR",
            "name": "jaredleonmorgan",
            "is_restricted": false,
            "is_ultra_restricted": false
        }
    },
    {
        "client_msg_id": "4b882b50-5bae-4a72-87bb-1a3887969068",
        "type": "message",
        "text": "Had a hell of a time getting a campaign to look right even using the compliant Mailchimp editor. You've got no hope with your own HTML client.",
        "user": "UKVC4NB71",
        "ts": "1573424534.019500",
        "team": "TKFJE6LDR",
        "user_team": "TKFJE6LDR",
        "source_team": "TKFJE6LDR",
        "user_profile": {
            "avatar_hash": "c7d9788d4436",
            "image_72": "https:\/\/avatars.slack-edge.com\/2019-10-30\/814314609877_c7d9788d4436969613a7_72.jpg",
            "first_name": "Jared",
            "real_name": "Jared Morgan",
            "display_name": "jaredmorgs",
            "team": "TKFJE6LDR",
            "name": "jaredleonmorgan",
            "is_restricted": false,
            "is_ultra_restricted": false
        }
    },
    {
        "client_msg_id": "319cb0eb-0646-4bc9-99fa-a0722168ecd0",
        "type": "message",
        "text": "I've had a read of the templates README. I think it's _fine_. I'm not in love with the grocery store\/cookbook thing but I'm wondering if this will grow on me? Perhaps we drop it as we grow, or perhaps it fits better as we grow.\nThe other thing I'd like to do is bring the DITA stuff down a notch. I'd like to change it to say we're *inspired* by the DITA documentation types. And I'd love it if we could even remove those 4 letters from the text (but still hyperlink off to it). Only because I think it may be misleading - we don't want to imply that we're aligning ourselves with DITA.\nAlso it can be polarizing - some folks might see those 4 letters and bail straight away.",
        "user": "UKV4ZPEFQ",
        "ts": "1573426733.022900",
        "team": "TKFJE6LDR",
        "user_team": "TKFJE6LDR",
        "source_team": "TKFJE6LDR",
        "user_profile": {
            "avatar_hash": "g854c628ef64",
            "image_72": "https:\/\/secure.gravatar.com\/avatar\/6854c628ef64a4c129a994522e17cdf2.jpg?s=72&d=https%3A%2F%2Fa.slack-edge.com%2Fdf10d%2Fimg%2Favatars%2Fava_0007-72.png",
            "first_name": "felicitybrand",
            "real_name": "felicitybrand",
            "display_name": "flicstar",
            "team": "TKFJE6LDR",
            "name": "felicitybrand",
            "is_restricted": false,
            "is_ultra_restricted": false
        },
        "thread_ts": "1573426733.022900",
        "reply_count": 10,
        "reply_users_count": 4,
        "latest_reply": "1573466909.025200",
        "reply_users": [
            "UKVC4NB71",
            "UKV4ZPEFQ",
            "UL3UNUMK6",
            "UKTGLQNGG"
        ],
        "replies": [
            {
                "user": "UKVC4NB71",
                "ts": "1573427244.023100"
            },
            {
                "user": "UKVC4NB71",
                "ts": "1573427309.023300"
            },
            {
                "user": "UKVC4NB71",
                "ts": "1573427367.023500"
            },
            {
                "user": "UKV4ZPEFQ",
                "ts": "1573427886.023700"
            },
            {
                "user": "UL3UNUMK6",
                "ts": "1573447601.023900"
            },
            {
                "user": "UKVC4NB71",
                "ts": "1573450355.024100"
            },
            {
                "user": "UKVC4NB71",
                "ts": "1573450398.024300"
            },
            {
                "user": "UL3UNUMK6",
                "ts": "1573461092.024500"
            },
            {
                "user": "UKTGLQNGG",
                "ts": "1573466852.025000"
            },
            {
                "user": "UKVC4NB71",
                "ts": "1573466909.025200"
            }
        ],
        "subscribed": true,
        "last_read": "1573466909.025200"
    },
    {
        "client_msg_id": "d6a530bc-f529-4ced-9480-d5c8b49d2512",
        "type": "message",
        "text": "Supermarket is an alpha pitch that I want to test out at WTD. See if it resonates.",
        "user": "UKVC4NB71",
        "ts": "1573427244.023100",
        "team": "TKFJE6LDR",
        "user_team": "TKFJE6LDR",
        "source_team": "TKFJE6LDR",
        "user_profile": {
            "avatar_hash": "c7d9788d4436",
            "image_72": "https:\/\/avatars.slack-edge.com\/2019-10-30\/814314609877_c7d9788d4436969613a7_72.jpg",
            "first_name": "Jared",
            "real_name": "Jared Morgan",
            "display_name": "jaredmorgs",
            "team": "TKFJE6LDR",
            "name": "jaredleonmorgan",
            "is_restricted": false,
            "is_ultra_restricted": false
        },
        "thread_ts": "1573426733.022900",
        "parent_user_id": "UKV4ZPEFQ"
    },
    {
        "client_msg_id": "ff8b048d-3760-4111-ad04-e831f4df0e4f",
        "type": "message",
        "text": "I'm +0 for dialling back the DITA stuff to inspired by.",
        "user": "UKVC4NB71",
        "ts": "1573427309.023300",
        "team": "TKFJE6LDR",
        "user_team": "TKFJE6LDR",
        "source_team": "TKFJE6LDR",
        "user_profile": {
            "avatar_hash": "c7d9788d4436",
            "image_72": "https:\/\/avatars.slack-edge.com\/2019-10-30\/814314609877_c7d9788d4436969613a7_72.jpg",
            "first_name": "Jared",
            "real_name": "Jared Morgan",
            "display_name": "jaredmorgs",
            "team": "TKFJE6LDR",
            "name": "jaredleonmorgan",
            "is_restricted": false,
            "is_ultra_restricted": false
        },
        "thread_ts": "1573426733.022900",
        "parent_user_id": "UKV4ZPEFQ"
    },
    {
        "client_msg_id": "627639e3-4ab9-41e6-8ece-30b392424e03",
        "type": "message",
        "text": "Again, we can see how this is received on Thursday. Or we can decide to kill it now.",
        "user": "UKVC4NB71",
        "ts": "1573427367.023500",
        "team": "TKFJE6LDR",
        "user_team": "TKFJE6LDR",
        "source_team": "TKFJE6LDR",
        "user_profile": {
            "avatar_hash": "c7d9788d4436",
            "image_72": "https:\/\/avatars.slack-edge.com\/2019-10-30\/814314609877_c7d9788d4436969613a7_72.jpg",
            "first_name": "Jared",
            "real_name": "Jared Morgan",
            "display_name": "jaredmorgs",
            "team": "TKFJE6LDR",
            "name": "jaredleonmorgan",
            "is_restricted": false,
            "is_ultra_restricted": false
        },
        "thread_ts": "1573426733.022900",
        "parent_user_id": "UKV4ZPEFQ"
    },
    {
        "client_msg_id": "9bfb35c8-5032-4c4a-bd98-7f7bd2b0004f",
        "type": "message",
        "text": "Oh yeah, good call. I had thought that as well - just see how it all goes over during the session as a litmus test.",
        "user": "UKV4ZPEFQ",
        "ts": "1573427886.023700",
        "team": "TKFJE6LDR",
        "user_team": "TKFJE6LDR",
        "source_team": "TKFJE6LDR",
        "user_profile": {
            "avatar_hash": "g854c628ef64",
            "image_72": "https:\/\/secure.gravatar.com\/avatar\/6854c628ef64a4c129a994522e17cdf2.jpg?s=72&d=https%3A%2F%2Fa.slack-edge.com%2Fdf10d%2Fimg%2Favatars%2Fava_0007-72.png",
            "first_name": "felicitybrand",
            "real_name": "felicitybrand",
            "display_name": "flicstar",
            "team": "TKFJE6LDR",
            "name": "felicitybrand",
            "is_restricted": false,
            "is_ultra_restricted": false
        },
        "thread_ts": "1573426733.022900",
        "parent_user_id": "UKV4ZPEFQ"
    },
    {
        "client_msg_id": "3cf558f5-6721-4c3c-b8a6-d611eb6a1d9c",
        "type": "message",
        "text": "I agree that mentioning DITA is misleading because it could confuse people. The categories of information exist apart from DITA, and within DITA they are also very rigid containers with strict rules about what they can contain. If we mention DITA at, all maybe it should be to say that this is not DITA.",
        "user": "UL3UNUMK6",
        "ts": "1573447601.023900",
        "team": "TKFJE6LDR",
        "user_team": "TKFJE6LDR",
        "source_team": "TKFJE6LDR",
        "user_profile": {
            "avatar_hash": "g886aa2ab03e",
            "image_72": "https:\/\/secure.gravatar.com\/avatar\/1886aa2ab03e30db78524e761889e101.jpg?s=72&d=https%3A%2F%2Fa.slack-edge.com%2Fdf10d%2Fimg%2Favatars%2Fava_0005-72.png",
            "first_name": "",
            "real_name": "Clarence Cromwell",
            "display_name": "",
            "team": "TKFJE6LDR",
            "name": "clarencewcromwell",
            "is_restricted": false,
            "is_ultra_restricted": false
        },
        "thread_ts": "1573426733.022900",
        "parent_user_id": "UKV4ZPEFQ"
    },
    {
        "client_msg_id": "da49f9ac-b092-499e-9cb3-baf4d4ec8ef0",
        "type": "message",
        "text": "So a disambiguation is required. OK. That shouldn't be too hard to do. I think cameron wanted this to be added in to give credence to the whole concept, task and reference model.",
        "user": "UKVC4NB71",
        "ts": "1573450355.024100",
        "team": "TKFJE6LDR",
        "user_team": "TKFJE6LDR",
        "source_team": "TKFJE6LDR",
        "user_profile": {
            "avatar_hash": "c7d9788d4436",
            "image_72": "https:\/\/avatars.slack-edge.com\/2019-10-30\/814314609877_c7d9788d4436969613a7_72.jpg",
            "first_name": "Jared",
            "real_name": "Jared Morgan",
            "display_name": "jaredmorgs",
            "team": "TKFJE6LDR",
            "name": "jaredleonmorgan",
            "is_restricted": false,
            "is_ultra_restricted": false
        },
        "thread_ts": "1573426733.022900",
        "parent_user_id": "UKV4ZPEFQ"
    },
    {
        "client_msg_id": "304a6277-ecc1-448a-a0ba-32fd6402d319",
        "type": "message",
        "text": "DITA was the first model of this and the one that I suggested we mention as getting inspiration from. If you can provide alternative source of truth for this that isn't DITA, then I'd be +1 for changing it accordingly.",
        "user": "UKVC4NB71",
        "ts": "1573450398.024300",
        "team": "TKFJE6LDR",
        "user_team": "TKFJE6LDR",
        "source_team": "TKFJE6LDR",
        "user_profile": {
            "avatar_hash": "c7d9788d4436",
            "image_72": "https:\/\/avatars.slack-edge.com\/2019-10-30\/814314609877_c7d9788d4436969613a7_72.jpg",
            "first_name": "Jared",
            "real_name": "Jared Morgan",
            "display_name": "jaredmorgs",
            "team": "TKFJE6LDR",
            "name": "jaredleonmorgan",
            "is_restricted": false,
            "is_ultra_restricted": false
        },
        "thread_ts": "1573426733.022900",
        "parent_user_id": "UKV4ZPEFQ"
    }
]