[
    {
        "client_msg_id": "1ec3dc20-f495-44b8-b707-d494819eb8a8",
        "type": "message",
        "text": "<@UL3UNUMK6> are you going to be able to make the meeting slot in 1.5 days? (Thursday morning in EU, evening in AU). Slipping by an hour would likely make it easier for Jared.",
        "user": "UKTGLQNGG",
        "ts": "1572983733.001400",
        "team": "TKFJE6LDR",
        "user_team": "TKFJE6LDR",
        "source_team": "TKFJE6LDR",
        "user_profile": {
            "avatar_hash": "ge03fcb118b0",
            "image_72": "https:\/\/secure.gravatar.com\/avatar\/9e03fcb118b0853a3fedfdee2367779d.jpg?s=72&d=https%3A%2F%2Fa.slack-edge.com%2Fdf10d%2Fimg%2Favatars%2Fava_0021-72.png",
            "first_name": "Cameron",
            "real_name": "Cameron Shorter",
            "display_name": "cameronshorter",
            "team": "TKFJE6LDR",
            "name": "cameron.shorter",
            "is_restricted": false,
            "is_ultra_restricted": false
        }
    },
    {
        "client_msg_id": "9d3da6f9-ce21-4e66-aaaf-9b606df674d6",
        "type": "message",
        "text": "Also, looks like Erin and Felicity might have some bandwidth this weekend to review. I suggest we aim to lock everything down by the end of the weekend, and then send an email out to conference attenddees inviting them to our fixit, which will effectively be a pre-announcement at the same time.",
        "user": "UKTGLQNGG",
        "ts": "1572983887.003400",
        "team": "TKFJE6LDR",
        "user_team": "TKFJE6LDR",
        "source_team": "TKFJE6LDR",
        "user_profile": {
            "avatar_hash": "ge03fcb118b0",
            "image_72": "https:\/\/secure.gravatar.com\/avatar\/9e03fcb118b0853a3fedfdee2367779d.jpg?s=72&d=https%3A%2F%2Fa.slack-edge.com%2Fdf10d%2Fimg%2Favatars%2Fava_0021-72.png",
            "first_name": "Cameron",
            "real_name": "Cameron Shorter",
            "display_name": "cameronshorter",
            "team": "TKFJE6LDR",
            "name": "cameron.shorter",
            "is_restricted": false,
            "is_ultra_restricted": false
        }
    },
    {
        "client_msg_id": "abc07071-25e4-4aee-8891-801e31ebb22e",
        "type": "message",
        "text": "+1 this plan",
        "user": "UKVC4NB71",
        "ts": "1572998317.003600",
        "team": "TKFJE6LDR",
        "user_team": "TKFJE6LDR",
        "source_team": "TKFJE6LDR",
        "user_profile": {
            "avatar_hash": "c7d9788d4436",
            "image_72": "https:\/\/avatars.slack-edge.com\/2019-10-30\/814314609877_c7d9788d4436969613a7_72.jpg",
            "first_name": "Jared",
            "real_name": "Jared Morgan",
            "display_name": "jaredmorgs",
            "team": "TKFJE6LDR",
            "name": "jaredleonmorgan",
            "is_restricted": false,
            "is_ultra_restricted": false
        }
    },
    {
        "client_msg_id": "1479a26b-7eed-4437-8bf4-96fb722d7bee",
        "type": "message",
        "text": "Yes. If I have until the end of the weekend, I can do that.",
        "user": "UL3UNUMK6",
        "ts": "1573024119.004000",
        "team": "TKFJE6LDR",
        "user_team": "TKFJE6LDR",
        "source_team": "TKFJE6LDR",
        "user_profile": {
            "avatar_hash": "g886aa2ab03e",
            "image_72": "https:\/\/secure.gravatar.com\/avatar\/1886aa2ab03e30db78524e761889e101.jpg?s=72&d=https%3A%2F%2Fa.slack-edge.com%2Fdf10d%2Fimg%2Favatars%2Fava_0005-72.png",
            "first_name": "",
            "real_name": "Clarence Cromwell",
            "display_name": "",
            "team": "TKFJE6LDR",
            "name": "clarencewcromwell",
            "is_restricted": false,
            "is_ultra_restricted": false
        }
    },
    {
        "client_msg_id": "eea7bff7-3db5-447b-a6b3-1faf0f106450",
        "type": "message",
        "text": "I’ll give everybody a heads-up when I have a PR ready.",
        "user": "UL3UNUMK6",
        "ts": "1573024248.005500",
        "team": "TKFJE6LDR",
        "user_team": "TKFJE6LDR",
        "source_team": "TKFJE6LDR",
        "user_profile": {
            "avatar_hash": "g886aa2ab03e",
            "image_72": "https:\/\/secure.gravatar.com\/avatar\/1886aa2ab03e30db78524e761889e101.jpg?s=72&d=https%3A%2F%2Fa.slack-edge.com%2Fdf10d%2Fimg%2Favatars%2Fava_0005-72.png",
            "first_name": "",
            "real_name": "Clarence Cromwell",
            "display_name": "",
            "team": "TKFJE6LDR",
            "name": "clarencewcromwell",
            "is_restricted": false,
            "is_ultra_restricted": false
        },
        "edited": {
            "user": "UL3UNUMK6",
            "ts": "1573024314.000000"
        },
        "reactions": [
            {
                "name": "+1",
                "users": [
                    "UKVC4NB71"
                ],
                "count": 1
            }
        ]
    },
    {
        "client_msg_id": "93073a61-5b78-40da-92a8-742d87a35c77",
        "type": "message",
        "text": "I have nothing on my calendar at the moment for Thursday. Did this meeting take place already on Tuesday?",
        "user": "UL3UNUMK6",
        "ts": "1573024424.006500",
        "team": "TKFJE6LDR",
        "user_team": "TKFJE6LDR",
        "source_team": "TKFJE6LDR",
        "user_profile": {
            "avatar_hash": "g886aa2ab03e",
            "image_72": "https:\/\/secure.gravatar.com\/avatar\/1886aa2ab03e30db78524e761889e101.jpg?s=72&d=https%3A%2F%2Fa.slack-edge.com%2Fdf10d%2Fimg%2Favatars%2Fava_0005-72.png",
            "first_name": "",
            "real_name": "Clarence Cromwell",
            "display_name": "",
            "team": "TKFJE6LDR",
            "name": "clarencewcromwell",
            "is_restricted": false,
            "is_ultra_restricted": false
        }
    }
]