[
    {
        "type": "message",
        "subtype": "channel_join",
        "ts": "1572381091.000200",
        "user": "UL3UNUMK6",
        "text": "<@UL3UNUMK6> has joined the channel"
    },
    {
        "type": "message",
        "subtype": "channel_purpose",
        "ts": "1572381091.000300",
        "user": "UL3UNUMK6",
        "text": "<@UL3UNUMK6> set the channel purpose: Discussion about developing new and existing templates.",
        "purpose": "Discussion about developing new and existing templates."
    },
    {
        "type": "message",
        "subtype": "channel_join",
        "ts": "1572381178.000500",
        "user": "UKVC4NB71",
        "text": "<@UKVC4NB71> has joined the channel",
        "inviter": "UL3UNUMK6"
    },
    {
        "type": "message",
        "subtype": "channel_join",
        "ts": "1572381178.000700",
        "user": "UKTGLQNGG",
        "text": "<@UKTGLQNGG> has joined the channel",
        "inviter": "UL3UNUMK6"
    },
    {
        "type": "message",
        "subtype": "channel_join",
        "ts": "1572381178.000900",
        "user": "UL2AA1FF1",
        "text": "<@UL2AA1FF1> has joined the channel",
        "inviter": "UL3UNUMK6"
    },
    {
        "type": "message",
        "subtype": "channel_join",
        "ts": "1572381178.001100",
        "user": "UKG4RHGBD",
        "text": "<@UKG4RHGBD> has joined the channel",
        "inviter": "UL3UNUMK6"
    },
    {
        "type": "message",
        "subtype": "channel_join",
        "ts": "1572381179.001300",
        "user": "UKV4ZPEFQ",
        "text": "<@UKV4ZPEFQ> has joined the channel",
        "inviter": "UL3UNUMK6"
    },
    {
        "type": "message",
        "subtype": "channel_join",
        "ts": "1572381179.001500",
        "user": "UKZUE07MJ",
        "text": "<@UKZUE07MJ> has joined the channel",
        "inviter": "UL3UNUMK6"
    },
    {
        "type": "message",
        "subtype": "channel_join",
        "ts": "1572381179.001700",
        "user": "UL2JX2QNA",
        "text": "<@UL2JX2QNA> has joined the channel",
        "inviter": "UL3UNUMK6"
    },
    {
        "type": "message",
        "subtype": "channel_join",
        "ts": "1572381179.001900",
        "user": "UKU2JGKEV",
        "text": "<@UKU2JGKEV> has joined the channel",
        "inviter": "UL3UNUMK6"
    },
    {
        "type": "message",
        "subtype": "channel_join",
        "ts": "1572381179.002100",
        "user": "UKU4BJ57T",
        "text": "<@UKU4BJ57T> has joined the channel",
        "inviter": "UL3UNUMK6"
    },
    {
        "type": "message",
        "subtype": "channel_join",
        "ts": "1572381179.002300",
        "user": "UL9F82XL3",
        "text": "<@UL9F82XL3> has joined the channel",
        "inviter": "UL3UNUMK6"
    },
    {
        "type": "message",
        "subtype": "channel_name",
        "ts": "1572381239.002500",
        "user": "UL3UNUMK6",
        "text": "<@UL3UNUMK6> has renamed the channel from \"templats\" to \"templates\"",
        "old_name": "templats",
        "name": "templates"
    },
    {
        "client_msg_id": "ff26977b-e312-4114-86d1-4b17dea82053",
        "type": "message",
        "text": "Created this channel for discussion about the general architecture of the project. What is the content of the upper-level docs (are they READMEs?), and of the templates themselves. What is the architecture of this repo?",
        "user": "UL3UNUMK6",
        "ts": "1572381416.004300",
        "team": "TKFJE6LDR",
        "user_team": "TKFJE6LDR",
        "source_team": "TKFJE6LDR",
        "user_profile": {
            "avatar_hash": "g886aa2ab03e",
            "image_72": "https:\/\/secure.gravatar.com\/avatar\/1886aa2ab03e30db78524e761889e101.jpg?s=72&d=https%3A%2F%2Fa.slack-edge.com%2Fdf10d%2Fimg%2Favatars%2Fava_0005-72.png",
            "first_name": "",
            "real_name": "Clarence Cromwell",
            "display_name": "",
            "team": "TKFJE6LDR",
            "name": "clarencewcromwell",
            "is_restricted": false,
            "is_ultra_restricted": false
        }
    }
]