[
    {
        "client_msg_id": "b2667e39-9639-416f-a119-ce2e4a22b8a0",
        "type": "message",
        "text": "If there’s any chance that DITA will put people off, we should explain that we’re borrowing the ideas from DITA, but that you can use the templates without using DITA and without knowing any more about it.\nI’m willing to put the question on the back burner until after the conference.\n There’s nothing wrong with waiting for the conference so that we know whether that’s actually an issue.",
        "user": "UL3UNUMK6",
        "ts": "1573461092.024500",
        "team": "TKFJE6LDR",
        "user_team": "TKFJE6LDR",
        "source_team": "TKFJE6LDR",
        "user_profile": {
            "avatar_hash": "g886aa2ab03e",
            "image_72": "https:\/\/secure.gravatar.com\/avatar\/1886aa2ab03e30db78524e761889e101.jpg?s=72&d=https%3A%2F%2Fa.slack-edge.com%2Fdf10d%2Fimg%2Favatars%2Fava_0005-72.png",
            "first_name": "",
            "real_name": "Clarence Cromwell",
            "display_name": "",
            "team": "TKFJE6LDR",
            "name": "clarencewcromwell",
            "is_restricted": false,
            "is_ultra_restricted": false
        },
        "edited": {
            "user": "UL3UNUMK6",
            "ts": "1573461397.000000"
        },
        "thread_ts": "1573426733.022900",
        "parent_user_id": "UKV4ZPEFQ",
        "reactions": [
            {
                "name": "doctopus",
                "users": [
                    "UKV4ZPEFQ",
                    "UKVC4NB71"
                ],
                "count": 2
            }
        ]
    },
    {
        "client_msg_id": "6216ab5e-8dab-4d1b-a5f1-fbb5605c33c1",
        "type": "message",
        "text": "Yes, I introduced DITA because I feel it helps to reference a body of research of collective knowledge rather than “as you probably know …” Because we are about to go into our workshops, I suggest we should lock down our release now, but I’m open to someone creating a pull request with minor tweaks.",
        "user": "UKTGLQNGG",
        "ts": "1573466852.025000",
        "team": "TKFJE6LDR",
        "user_team": "TKFJE6LDR",
        "source_team": "TKFJE6LDR",
        "user_profile": {
            "avatar_hash": "ge03fcb118b0",
            "image_72": "https:\/\/secure.gravatar.com\/avatar\/9e03fcb118b0853a3fedfdee2367779d.jpg?s=72&d=https%3A%2F%2Fa.slack-edge.com%2Fdf10d%2Fimg%2Favatars%2Fava_0021-72.png",
            "first_name": "Cameron",
            "real_name": "Cameron Shorter",
            "display_name": "cameronshorter",
            "team": "TKFJE6LDR",
            "name": "cameron.shorter",
            "is_restricted": false,
            "is_ultra_restricted": false
        },
        "thread_ts": "1573426733.022900",
        "parent_user_id": "UKV4ZPEFQ"
    },
    {
        "client_msg_id": "fd5ee164-8e2b-4164-95a5-5d61bb716f05",
        "type": "message",
        "text": "Play it as it lies for now. We'll revisit once we get the expected volume of feedback from folks.",
        "user": "UKVC4NB71",
        "ts": "1573466909.025200",
        "team": "TKFJE6LDR",
        "user_team": "TKFJE6LDR",
        "source_team": "TKFJE6LDR",
        "user_profile": {
            "avatar_hash": "c7d9788d4436",
            "image_72": "https:\/\/avatars.slack-edge.com\/2019-10-30\/814314609877_c7d9788d4436969613a7_72.jpg",
            "first_name": "Jared",
            "real_name": "Jared Morgan",
            "display_name": "jaredmorgs",
            "team": "TKFJE6LDR",
            "name": "jaredleonmorgan",
            "is_restricted": false,
            "is_ultra_restricted": false
        },
        "thread_ts": "1573426733.022900",
        "parent_user_id": "UKV4ZPEFQ",
        "reactions": [
            {
                "name": "doctopus",
                "users": [
                    "UKTGLQNGG",
                    "UKV4ZPEFQ"
                ],
                "count": 2
            }
        ]
    }
]