[
    {
        "client_msg_id": "2c90f01b-8445-4a22-a166-cb894c8c04a6",
        "type": "message",
        "text": "It's Clarence's Saturday at the moment, so we may need to wait until his Monday (AEST Tuesday) for him to be able to check his (numerous, sorry Clarence) slack and Git pings.",
        "user": "UKVC4NB71",
        "ts": "1572773281.029800",
        "team": "TKFJE6LDR",
        "user_team": "TKFJE6LDR",
        "source_team": "TKFJE6LDR",
        "user_profile": {
            "avatar_hash": "c7d9788d4436",
            "image_72": "https:\/\/avatars.slack-edge.com\/2019-10-30\/814314609877_c7d9788d4436969613a7_72.jpg",
            "first_name": "Jared",
            "real_name": "Jared Morgan",
            "display_name": "jaredmorgs",
            "team": "TKFJE6LDR",
            "name": "jaredleonmorgan",
            "is_restricted": false,
            "is_ultra_restricted": false
        }
    },
    {
        "client_msg_id": "45c912e3-8697-43d7-8a01-864f730dd88b",
        "type": "message",
        "text": "I’ve approved your pull request <@UKVC4NB71>. I’ve done a simple review, and think you are on the right track. Later in the project when we have quality docs, I’ll be expecting much better reviews than done at this early stage.",
        "user": "UKTGLQNGG",
        "ts": "1572774429.031600",
        "team": "TKFJE6LDR",
        "user_team": "TKFJE6LDR",
        "source_team": "TKFJE6LDR",
        "user_profile": {
            "avatar_hash": "ge03fcb118b0",
            "image_72": "https:\/\/secure.gravatar.com\/avatar\/9e03fcb118b0853a3fedfdee2367779d.jpg?s=72&d=https%3A%2F%2Fa.slack-edge.com%2Fdf10d%2Fimg%2Favatars%2Fava_0021-72.png",
            "first_name": "Cameron",
            "real_name": "Cameron Shorter",
            "display_name": "cameronshorter",
            "team": "TKFJE6LDR",
            "name": "cameron.shorter",
            "is_restricted": false,
            "is_ultra_restricted": false
        }
    },
    {
        "client_msg_id": "61580da4-8627-4505-b990-345a7153be89",
        "type": "message",
        "text": "Yep, understood. This is more about getting the skeleton in place and can be a bit fast and loose",
        "user": "UKVC4NB71",
        "ts": "1572774469.032200",
        "team": "TKFJE6LDR",
        "user_team": "TKFJE6LDR",
        "source_team": "TKFJE6LDR",
        "user_profile": {
            "avatar_hash": "c7d9788d4436",
            "image_72": "https:\/\/avatars.slack-edge.com\/2019-10-30\/814314609877_c7d9788d4436969613a7_72.jpg",
            "first_name": "Jared",
            "real_name": "Jared Morgan",
            "display_name": "jaredmorgs",
            "team": "TKFJE6LDR",
            "name": "jaredleonmorgan",
            "is_restricted": false,
            "is_ultra_restricted": false
        }
    },
    {
        "client_msg_id": "e5169b74-a0ca-4650-8e67-c7fdc75c8cc9",
        "type": "message",
        "text": "<@UKVC4NB71> Why have you renamed overview\/ directory to api-overview\/ ? I expect that our overview guide is applicable to more than just APIs.",
        "user": "UKTGLQNGG",
        "ts": "1572775446.033300",
        "team": "TKFJE6LDR",
        "user_team": "TKFJE6LDR",
        "source_team": "TKFJE6LDR",
        "user_profile": {
            "avatar_hash": "ge03fcb118b0",
            "image_72": "https:\/\/secure.gravatar.com\/avatar\/9e03fcb118b0853a3fedfdee2367779d.jpg?s=72&d=https%3A%2F%2Fa.slack-edge.com%2Fdf10d%2Fimg%2Favatars%2Fava_0021-72.png",
            "first_name": "Cameron",
            "real_name": "Cameron Shorter",
            "display_name": "cameronshorter",
            "team": "TKFJE6LDR",
            "name": "cameron.shorter",
            "is_restricted": false,
            "is_ultra_restricted": false
        }
    },
    {
        "client_msg_id": "493178d1-33f7-41ab-ba9d-b8ba00600558",
        "type": "message",
        "text": "If you read the contents it is aimed at APIs only at this stage. If we wanted to use it as the default overview it would need to be cleaned and made more generic.",
        "user": "UKVC4NB71",
        "ts": "1572775484.034100",
        "team": "TKFJE6LDR",
        "user_team": "TKFJE6LDR",
        "source_team": "TKFJE6LDR",
        "user_profile": {
            "avatar_hash": "c7d9788d4436",
            "image_72": "https:\/\/avatars.slack-edge.com\/2019-10-30\/814314609877_c7d9788d4436969613a7_72.jpg",
            "first_name": "Jared",
            "real_name": "Jared Morgan",
            "display_name": "jaredmorgs",
            "team": "TKFJE6LDR",
            "name": "jaredleonmorgan",
            "is_restricted": false,
            "is_ultra_restricted": false
        },
        "edited": {
            "user": "UKVC4NB71",
            "ts": "1572775499.000000"
        }
    },
    {
        "client_msg_id": "80e82c28-9b5f-451e-a9dc-6dc787df3be3",
        "type": "message",
        "text": "I had to do that with some of my templates as well.",
        "user": "UKVC4NB71",
        "ts": "1572775511.034500",
        "team": "TKFJE6LDR",
        "user_team": "TKFJE6LDR",
        "source_team": "TKFJE6LDR",
        "user_profile": {
            "avatar_hash": "c7d9788d4436",
            "image_72": "https:\/\/avatars.slack-edge.com\/2019-10-30\/814314609877_c7d9788d4436969613a7_72.jpg",
            "first_name": "Jared",
            "real_name": "Jared Morgan",
            "display_name": "jaredmorgs",
            "team": "TKFJE6LDR",
            "name": "jaredleonmorgan",
            "is_restricted": false,
            "is_ultra_restricted": false
        }
    },
    {
        "client_msg_id": "34ab8b78-82f5-44fe-a2be-f1abdc014faa",
        "type": "message",
        "text": "Ok, I’m fine for the moment with the name, but reckon we will want to revisit.",
        "user": "UKTGLQNGG",
        "ts": "1572775580.035700",
        "team": "TKFJE6LDR",
        "user_team": "TKFJE6LDR",
        "source_team": "TKFJE6LDR",
        "user_profile": {
            "avatar_hash": "ge03fcb118b0",
            "image_72": "https:\/\/secure.gravatar.com\/avatar\/9e03fcb118b0853a3fedfdee2367779d.jpg?s=72&d=https%3A%2F%2Fa.slack-edge.com%2Fdf10d%2Fimg%2Favatars%2Fava_0021-72.png",
            "first_name": "Cameron",
            "real_name": "Cameron Shorter",
            "display_name": "cameronshorter",
            "team": "TKFJE6LDR",
            "name": "cameron.shorter",
            "is_restricted": false,
            "is_ultra_restricted": false
        }
    },
    {
        "client_msg_id": "ec6127a0-c175-4a93-a8f9-cb8c8fed23a6",
        "type": "message",
        "text": "I'm sure we will. I reckon we make a github issue to track the idea.",
        "user": "UKVC4NB71",
        "ts": "1572775612.036200",
        "team": "TKFJE6LDR",
        "user_team": "TKFJE6LDR",
        "source_team": "TKFJE6LDR",
        "user_profile": {
            "avatar_hash": "c7d9788d4436",
            "image_72": "https:\/\/avatars.slack-edge.com\/2019-10-30\/814314609877_c7d9788d4436969613a7_72.jpg",
            "first_name": "Jared",
            "real_name": "Jared Morgan",
            "display_name": "jaredmorgs",
            "team": "TKFJE6LDR",
            "name": "jaredleonmorgan",
            "is_restricted": false,
            "is_ultra_restricted": false
        }
    },
    {
        "client_msg_id": "d8b5b20d-e71e-4f48-8795-596213c60dd8",
        "type": "message",
        "text": "good idea, I’ll raise an issue.",
        "user": "UKTGLQNGG",
        "ts": "1572775668.036500",
        "team": "TKFJE6LDR",
        "user_team": "TKFJE6LDR",
        "source_team": "TKFJE6LDR",
        "user_profile": {
            "avatar_hash": "ge03fcb118b0",
            "image_72": "https:\/\/secure.gravatar.com\/avatar\/9e03fcb118b0853a3fedfdee2367779d.jpg?s=72&d=https%3A%2F%2Fa.slack-edge.com%2Fdf10d%2Fimg%2Favatars%2Fava_0021-72.png",
            "first_name": "Cameron",
            "real_name": "Cameron Shorter",
            "display_name": "cameronshorter",
            "team": "TKFJE6LDR",
            "name": "cameron.shorter",
            "is_restricted": false,
            "is_ultra_restricted": false
        }
    },
    {
        "client_msg_id": "7ae1f919-83e3-45c7-9516-482ad0f5a6c9",
        "type": "message",
        "text": "I'm not sure I can override the DCO check, because otherwise we can't certify that contributors agreed to our license, which brings in all sorts of problems down the road. I'm still looking into this and will have an answer before WtD",
        "user": "UL2AA1FF1",
        "ts": "1572795984.036600",
        "team": "TKFJE6LDR",
        "user_team": "TKFJE6LDR",
        "source_team": "TKFJE6LDR",
        "user_profile": {
            "avatar_hash": "22135067b36d",
            "image_72": "https:\/\/avatars.slack-edge.com\/2019-10-23\/805254797908_22135067b36dfb715e99_72.jpg",
            "first_name": "",
            "real_name": "Erin McKean",
            "display_name": "Erin McKean",
            "team": "TKFJE6LDR",
            "name": "emckean",
            "is_restricted": false,
            "is_ultra_restricted": false
        },
        "thread_ts": "1572752171.019500",
        "parent_user_id": "UKTGLQNGG"
    },
    {
        "client_msg_id": "b71bf5ed-cc0d-4267-afb3-c2a028e1fdfd",
        "type": "message",
        "text": "the goal is to have a bot reply \"hey by making this commit you agree to the license\" but not need the \"signing\" bit that's holding people up",
        "user": "UL2AA1FF1",
        "ts": "1572796009.036800",
        "team": "TKFJE6LDR",
        "user_team": "TKFJE6LDR",
        "source_team": "TKFJE6LDR",
        "user_profile": {
            "avatar_hash": "22135067b36d",
            "image_72": "https:\/\/avatars.slack-edge.com\/2019-10-23\/805254797908_22135067b36dfb715e99_72.jpg",
            "first_name": "",
            "real_name": "Erin McKean",
            "display_name": "Erin McKean",
            "team": "TKFJE6LDR",
            "name": "emckean",
            "is_restricted": false,
            "is_ultra_restricted": false
        },
        "thread_ts": "1572752171.019500",
        "parent_user_id": "UKTGLQNGG"
    }
]