[
    {
        "client_msg_id": "9bff6627-3b5c-4d18-94a1-1d06a4ef25c8",
        "type": "message",
        "text": "I would vote for them being separate templates",
        "user": "UL2AA1FF1",
        "ts": "1573764973.000300",
        "team": "TKFJE6LDR",
        "user_team": "TKFJE6LDR",
        "source_team": "TKFJE6LDR",
        "user_profile": {
            "avatar_hash": "22135067b36d",
            "image_72": "https:\/\/avatars.slack-edge.com\/2019-10-23\/805254797908_22135067b36dfb715e99_72.jpg",
            "first_name": "",
            "real_name": "Erin McKean",
            "display_name": "Erin McKean",
            "team": "TKFJE6LDR",
            "name": "emckean",
            "is_restricted": false,
            "is_ultra_restricted": false
        }
    },
    {
        "client_msg_id": "c21fdaac-5d6e-4c1c-a5bf-4d819d341612",
        "type": "message",
        "text": "Agreed. I'll push a straw man version for network api security",
        "user": "UQHTJTYM6",
        "ts": "1573788402.000100",
        "team": "TKFJE6LDR",
        "user_team": "TKFJE6LDR",
        "source_team": "TKFJE6LDR",
        "user_profile": {
            "avatar_hash": "g65080694902",
            "image_72": "https:\/\/secure.gravatar.com\/avatar\/650806949023f752870363ad7de45188.jpg?s=72&d=https%3A%2F%2Fa.slack-edge.com%2Fdf10d%2Fimg%2Favatars%2Fava_0023-72.png",
            "first_name": "",
            "real_name": "Alec Clews",
            "display_name": "Alec Clews",
            "team": "TKFJE6LDR",
            "name": "alecclews",
            "is_restricted": false,
            "is_ultra_restricted": false
        }
    }
]