[
    {
        "client_msg_id": "5edf5261-87f4-417f-b19a-5f576a8e31d1",
        "type": "message",
        "text": "<@UL3UNUMK6> yes meeting happened on Tuesday and meeting with you is still scheduled to happen in 40 mins.",
        "user": "UKTGLQNGG",
        "ts": "1573114679.002400",
        "team": "TKFJE6LDR",
        "user_team": "TKFJE6LDR",
        "source_team": "TKFJE6LDR",
        "user_profile": {
            "avatar_hash": "ge03fcb118b0",
            "image_72": "https:\/\/secure.gravatar.com\/avatar\/9e03fcb118b0853a3fedfdee2367779d.jpg?s=72&d=https%3A%2F%2Fa.slack-edge.com%2Fdf10d%2Fimg%2Favatars%2Fava_0021-72.png",
            "first_name": "Cameron",
            "real_name": "Cameron Shorter",
            "display_name": "cameronshorter",
            "team": "TKFJE6LDR",
            "name": "cameron.shorter",
            "is_restricted": false,
            "is_ultra_restricted": false
        }
    },
    {
        "client_msg_id": "16df8b7c-2d00-46cf-9c74-3cbfadb94eb3",
        "type": "message",
        "text": "Primary focus of meeting is to discuss plan for wrapping up templates this weekend.",
        "user": "UKTGLQNGG",
        "ts": "1573114760.003100",
        "team": "TKFJE6LDR",
        "user_team": "TKFJE6LDR",
        "source_team": "TKFJE6LDR",
        "user_profile": {
            "avatar_hash": "ge03fcb118b0",
            "image_72": "https:\/\/secure.gravatar.com\/avatar\/9e03fcb118b0853a3fedfdee2367779d.jpg?s=72&d=https%3A%2F%2Fa.slack-edge.com%2Fdf10d%2Fimg%2Favatars%2Fava_0021-72.png",
            "first_name": "Cameron",
            "real_name": "Cameron Shorter",
            "display_name": "cameronshorter",
            "team": "TKFJE6LDR",
            "name": "cameron.shorter",
            "is_restricted": false,
            "is_ultra_restricted": false
        }
    },
    {
        "client_msg_id": "c324f170-a871-4752-b6c5-c020b4771a63",
        "type": "message",
        "text": "<@UKVC4NB71> ^^",
        "user": "UKTGLQNGG",
        "ts": "1573114774.003300",
        "team": "TKFJE6LDR",
        "user_team": "TKFJE6LDR",
        "source_team": "TKFJE6LDR",
        "user_profile": {
            "avatar_hash": "ge03fcb118b0",
            "image_72": "https:\/\/secure.gravatar.com\/avatar\/9e03fcb118b0853a3fedfdee2367779d.jpg?s=72&d=https%3A%2F%2Fa.slack-edge.com%2Fdf10d%2Fimg%2Favatars%2Fava_0021-72.png",
            "first_name": "Cameron",
            "real_name": "Cameron Shorter",
            "display_name": "cameronshorter",
            "team": "TKFJE6LDR",
            "name": "cameron.shorter",
            "is_restricted": false,
            "is_ultra_restricted": false
        }
    },
    {
        "client_msg_id": "ff5fc455-345d-4598-98d9-78be77984e58",
        "type": "message",
        "text": "I'm herding the cats as we speak...",
        "user": "UKVC4NB71",
        "ts": "1573115679.003700",
        "team": "TKFJE6LDR",
        "user_team": "TKFJE6LDR",
        "source_team": "TKFJE6LDR",
        "user_profile": {
            "avatar_hash": "c7d9788d4436",
            "image_72": "https:\/\/avatars.slack-edge.com\/2019-10-30\/814314609877_c7d9788d4436969613a7_72.jpg",
            "first_name": "Jared",
            "real_name": "Jared Morgan",
            "display_name": "jaredmorgs",
            "team": "TKFJE6LDR",
            "name": "jaredleonmorgan",
            "is_restricted": false,
            "is_ultra_restricted": false
        }
    },
    {
        "client_msg_id": "dabe11be-d89f-46ba-ae1f-734ffb03734f",
        "type": "message",
        "text": "Sorry guys was really busy wrapping up this project.",
        "user": "UL3UNUMK6",
        "ts": "1573118949.004100",
        "team": "TKFJE6LDR",
        "user_team": "TKFJE6LDR",
        "source_team": "TKFJE6LDR",
        "user_profile": {
            "avatar_hash": "g886aa2ab03e",
            "image_72": "https:\/\/secure.gravatar.com\/avatar\/1886aa2ab03e30db78524e761889e101.jpg?s=72&d=https%3A%2F%2Fa.slack-edge.com%2Fdf10d%2Fimg%2Favatars%2Fava_0005-72.png",
            "first_name": "",
            "real_name": "Clarence Cromwell",
            "display_name": "",
            "team": "TKFJE6LDR",
            "name": "clarencewcromwell",
            "is_restricted": false,
            "is_ultra_restricted": false
        }
    },
    {
        "client_msg_id": "a949432a-421d-4e49-99c6-2971b34a04d7",
        "type": "message",
        "text": "Are you still meeting?",
        "user": "UL3UNUMK6",
        "ts": "1573118955.004300",
        "team": "TKFJE6LDR",
        "user_team": "TKFJE6LDR",
        "source_team": "TKFJE6LDR",
        "user_profile": {
            "avatar_hash": "g886aa2ab03e",
            "image_72": "https:\/\/secure.gravatar.com\/avatar\/1886aa2ab03e30db78524e761889e101.jpg?s=72&d=https%3A%2F%2Fa.slack-edge.com%2Fdf10d%2Fimg%2Favatars%2Fava_0005-72.png",
            "first_name": "",
            "real_name": "Clarence Cromwell",
            "display_name": "",
            "team": "TKFJE6LDR",
            "name": "clarencewcromwell",
            "is_restricted": false,
            "is_ultra_restricted": false
        }
    },
    {
        "client_msg_id": "b40a543c-c8bc-4f8d-884d-08276eca12c8",
        "type": "message",
        "text": "yes",
        "user": "UKTGLQNGG",
        "ts": "1573118960.004500",
        "team": "TKFJE6LDR",
        "user_team": "TKFJE6LDR",
        "source_team": "TKFJE6LDR",
        "user_profile": {
            "avatar_hash": "ge03fcb118b0",
            "image_72": "https:\/\/secure.gravatar.com\/avatar\/9e03fcb118b0853a3fedfdee2367779d.jpg?s=72&d=https%3A%2F%2Fa.slack-edge.com%2Fdf10d%2Fimg%2Favatars%2Fava_0021-72.png",
            "first_name": "Cameron",
            "real_name": "Cameron Shorter",
            "display_name": "cameronshorter",
            "team": "TKFJE6LDR",
            "name": "cameron.shorter",
            "is_restricted": false,
            "is_ultra_restricted": false
        }
    },
    {
        "client_msg_id": "392fff23-5afb-4c68-88dc-507efc7e3f9f",
        "type": "message",
        "text": "Can you shoot me the link right here?",
        "user": "UL3UNUMK6",
        "ts": "1573118979.004800",
        "team": "TKFJE6LDR",
        "user_team": "TKFJE6LDR",
        "source_team": "TKFJE6LDR",
        "user_profile": {
            "avatar_hash": "g886aa2ab03e",
            "image_72": "https:\/\/secure.gravatar.com\/avatar\/1886aa2ab03e30db78524e761889e101.jpg?s=72&d=https%3A%2F%2Fa.slack-edge.com%2Fdf10d%2Fimg%2Favatars%2Fava_0005-72.png",
            "first_name": "",
            "real_name": "Clarence Cromwell",
            "display_name": "",
            "team": "TKFJE6LDR",
            "name": "clarencewcromwell",
            "is_restricted": false,
            "is_ultra_restricted": false
        }
    },
    {
        "client_msg_id": "e6b066b0-cf34-42db-a27d-580782900712",
        "type": "message",
        "text": "<https:\/\/hangouts.google.com\/call\/vPB_0Z-BJfwkMFuFTvpTAEEM?no_rd>",
        "user": "UKTGLQNGG",
        "ts": "1573118980.005000",
        "team": "TKFJE6LDR",
        "user_team": "TKFJE6LDR",
        "source_team": "TKFJE6LDR",
        "user_profile": {
            "avatar_hash": "ge03fcb118b0",
            "image_72": "https:\/\/secure.gravatar.com\/avatar\/9e03fcb118b0853a3fedfdee2367779d.jpg?s=72&d=https%3A%2F%2Fa.slack-edge.com%2Fdf10d%2Fimg%2Favatars%2Fava_0021-72.png",
            "first_name": "Cameron",
            "real_name": "Cameron Shorter",
            "display_name": "cameronshorter",
            "team": "TKFJE6LDR",
            "name": "cameron.shorter",
            "is_restricted": false,
            "is_ultra_restricted": false
        }
    }
]