[
    {
        "client_msg_id": "c1d8e9fa-fffb-449e-ac9e-ac1efa5d13ec",
        "type": "message",
        "text": "Hey guys,\nI'm interested to see some structure suggestions.\nI'm a fan of having text in a template that a user ends up deleting because that means they're working in something self-contained.\nWe could write as much supporting meta info as we want elsewhere (a README or wherever) -- and it might not get read cos people don't read.\n\nImagine a dev with their CLI open, the doc template open and then our \"how to fill in this template' doc open AS WELL? Ain't gonna happen. (but I could be wrong - what do I know?)\n\nWhatever we decide, we should user test with real devs early on. Maybe even do some A|B testing. See if we need toast content. <@UL3UNUMK6>, do you know about the toast? :toast:",
        "user": "UKV4ZPEFQ",
        "ts": "1572475854.005400",
        "team": "TKFJE6LDR",
        "user_team": "TKFJE6LDR",
        "source_team": "TKFJE6LDR",
        "user_profile": {
            "avatar_hash": "g854c628ef64",
            "image_72": "https:\/\/secure.gravatar.com\/avatar\/6854c628ef64a4c129a994522e17cdf2.jpg?s=72&d=https%3A%2F%2Fa.slack-edge.com%2Fdf10d%2Fimg%2Favatars%2Fava_0007-72.png",
            "first_name": "felicitybrand",
            "real_name": "felicitybrand",
            "display_name": "flicstar",
            "team": "TKFJE6LDR",
            "name": "felicitybrand",
            "is_restricted": false,
            "is_ultra_restricted": false
        },
        "edited": {
            "user": "UKV4ZPEFQ",
            "ts": "1572476135.000000"
        },
        "thread_ts": "1572475854.005400",
        "reply_count": 1,
        "reply_users_count": 1,
        "latest_reply": "1572562691.068000",
        "reply_users": [
            "UL3UNUMK6"
        ],
        "replies": [
            {
                "user": "UL3UNUMK6",
                "ts": "1572562691.068000"
            }
        ],
        "subscribed": true,
        "last_read": "1572562691.068000"
    }
]