[
    {
        "client_msg_id": "7a4e91cf-1acb-499b-adc1-b600cb5fa5fb",
        "type": "message",
        "text": "+1 agree that docs related to quickstarts should all be in the quickstarts\/ directory. Ditto for other doc types.",
        "user": "UKTGLQNGG",
        "ts": "1572679746.000100",
        "team": "TKFJE6LDR",
        "user_team": "TKFJE6LDR",
        "source_team": "TKFJE6LDR",
        "user_profile": {
            "avatar_hash": "ge03fcb118b0",
            "image_72": "https:\/\/secure.gravatar.com\/avatar\/9e03fcb118b0853a3fedfdee2367779d.jpg?s=72&d=https%3A%2F%2Fa.slack-edge.com%2Fdf10d%2Fimg%2Favatars%2Fava_0021-72.png",
            "first_name": "Cameron",
            "real_name": "Cameron Shorter",
            "display_name": "cameronshorter",
            "team": "TKFJE6LDR",
            "name": "cameron.shorter",
            "is_restricted": false,
            "is_ultra_restricted": false
        },
        "thread_ts": "1572530648.012500",
        "parent_user_id": "UL3UNUMK6"
    },
    {
        "client_msg_id": "f89172f0-cade-4865-a3a0-9403a4c954f4",
        "type": "message",
        "text": "I’m just catching up and happy with direction so far. I have a spare half day tomorrow to focus on this. I’m keen to decide what we can have ready for WriteTheDocs 2 hr workshop in less that 2 weeks. Then work backwards for a timeline for how we get there. I’m happy to be tasked with incidental things to chase up.",
        "user": "UKTGLQNGG",
        "ts": "1572680671.002400",
        "team": "TKFJE6LDR",
        "user_team": "TKFJE6LDR",
        "source_team": "TKFJE6LDR",
        "user_profile": {
            "avatar_hash": "ge03fcb118b0",
            "image_72": "https:\/\/secure.gravatar.com\/avatar\/9e03fcb118b0853a3fedfdee2367779d.jpg?s=72&d=https%3A%2F%2Fa.slack-edge.com%2Fdf10d%2Fimg%2Favatars%2Fava_0021-72.png",
            "first_name": "Cameron",
            "real_name": "Cameron Shorter",
            "display_name": "cameronshorter",
            "team": "TKFJE6LDR",
            "name": "cameron.shorter",
            "is_restricted": false,
            "is_ultra_restricted": false
        }
    },
    {
        "client_msg_id": "feeddd15-10c2-4027-8dbc-f0dc738d99c5",
        "type": "message",
        "text": "<@UL3UNUMK6> <@UKVC4NB71> have either of you made a start on the revised directory structure yet? It seems there hasn’t been any activity in git for a while.",
        "user": "UKTGLQNGG",
        "ts": "1572734694.001100",
        "team": "TKFJE6LDR",
        "user_team": "TKFJE6LDR",
        "source_team": "TKFJE6LDR",
        "user_profile": {
            "avatar_hash": "ge03fcb118b0",
            "image_72": "https:\/\/secure.gravatar.com\/avatar\/9e03fcb118b0853a3fedfdee2367779d.jpg?s=72&d=https%3A%2F%2Fa.slack-edge.com%2Fdf10d%2Fimg%2Favatars%2Fava_0021-72.png",
            "first_name": "Cameron",
            "real_name": "Cameron Shorter",
            "display_name": "cameronshorter",
            "team": "TKFJE6LDR",
            "name": "cameron.shorter",
            "is_restricted": false,
            "is_ultra_restricted": false
        }
    },
    {
        "client_msg_id": "ffc8a494-b0eb-4b92-b472-5815adb1a737",
        "type": "message",
        "text": "Ok, I’m making a start integrating <@UL3UNUMK6> and <@UKVC4NB71> templates (starting by moving Clarence’s templates into the mater branch. Clarence, you can now delete your branch if you wish).",
        "user": "UKTGLQNGG",
        "ts": "1572736599.003100",
        "team": "TKFJE6LDR",
        "user_team": "TKFJE6LDR",
        "source_team": "TKFJE6LDR",
        "user_profile": {
            "avatar_hash": "ge03fcb118b0",
            "image_72": "https:\/\/secure.gravatar.com\/avatar\/9e03fcb118b0853a3fedfdee2367779d.jpg?s=72&d=https%3A%2F%2Fa.slack-edge.com%2Fdf10d%2Fimg%2Favatars%2Fava_0021-72.png",
            "first_name": "Cameron",
            "real_name": "Cameron Shorter",
            "display_name": "cameronshorter",
            "team": "TKFJE6LDR",
            "name": "cameron.shorter",
            "is_restricted": false,
            "is_ultra_restricted": false
        }
    },
    {
        "client_msg_id": "e749d8dc-750b-4ac1-b657-f462cb1ee0c0",
        "type": "message",
        "text": "<@UL3UNUMK6> and I need to make the required tickets for these to frame the work.",
        "user": "UKVC4NB71",
        "ts": "1572746681.003600",
        "team": "TKFJE6LDR",
        "user_team": "TKFJE6LDR",
        "source_team": "TKFJE6LDR",
        "user_profile": {
            "avatar_hash": "c7d9788d4436",
            "image_72": "https:\/\/avatars.slack-edge.com\/2019-10-30\/814314609877_c7d9788d4436969613a7_72.jpg",
            "first_name": "Jared",
            "real_name": "Jared Morgan",
            "display_name": "jaredmorgs",
            "team": "TKFJE6LDR",
            "name": "jaredleonmorgan",
            "is_restricted": false,
            "is_ultra_restricted": false
        }
    },
    {
        "client_msg_id": "91a0f697-cde9-4df5-8614-59c7e41c3d99",
        "type": "message",
        "text": "I was going to start chipping away at this now.",
        "user": "UKVC4NB71",
        "ts": "1572746689.003900",
        "team": "TKFJE6LDR",
        "user_team": "TKFJE6LDR",
        "source_team": "TKFJE6LDR",
        "user_profile": {
            "avatar_hash": "c7d9788d4436",
            "image_72": "https:\/\/avatars.slack-edge.com\/2019-10-30\/814314609877_c7d9788d4436969613a7_72.jpg",
            "first_name": "Jared",
            "real_name": "Jared Morgan",
            "display_name": "jaredmorgs",
            "team": "TKFJE6LDR",
            "name": "jaredleonmorgan",
            "is_restricted": false,
            "is_ultra_restricted": false
        }
    },
    {
        "client_msg_id": "8108b616-599d-4cc4-bb32-c15ba80d84df",
        "type": "message",
        "text": "<@UKVC4NB71>, I’m a jump ahead, I’ve integrated the two template sets together, will get back onto it in ~ 20 mins.",
        "user": "UKTGLQNGG",
        "ts": "1572747363.005600",
        "team": "TKFJE6LDR",
        "user_team": "TKFJE6LDR",
        "source_team": "TKFJE6LDR",
        "user_profile": {
            "avatar_hash": "ge03fcb118b0",
            "image_72": "https:\/\/secure.gravatar.com\/avatar\/9e03fcb118b0853a3fedfdee2367779d.jpg?s=72&d=https%3A%2F%2Fa.slack-edge.com%2Fdf10d%2Fimg%2Favatars%2Fava_0021-72.png",
            "first_name": "Cameron",
            "real_name": "Cameron Shorter",
            "display_name": "cameronshorter",
            "team": "TKFJE6LDR",
            "name": "cameron.shorter",
            "is_restricted": false,
            "is_ultra_restricted": false
        }
    },
    {
        "client_msg_id": "8cb24fd3-ea71-4d64-8b5c-cc9a17be7659",
        "type": "message",
        "text": "This has been captured as a task in <https:\/\/github.com\/thegooddocsproject\/templates\/issues\/20>",
        "user": "UKVC4NB71",
        "ts": "1572747420.005700",
        "team": "TKFJE6LDR",
        "user_team": "TKFJE6LDR",
        "source_team": "TKFJE6LDR",
        "user_profile": {
            "avatar_hash": "c7d9788d4436",
            "image_72": "https:\/\/avatars.slack-edge.com\/2019-10-30\/814314609877_c7d9788d4436969613a7_72.jpg",
            "first_name": "Jared",
            "real_name": "Jared Morgan",
            "display_name": "jaredmorgs",
            "team": "TKFJE6LDR",
            "name": "jaredleonmorgan",
            "is_restricted": false,
            "is_ultra_restricted": false
        },
        "attachments": [
            {
                "service_name": "GitHub",
                "title": "Create an article describing concepts, tasks, and references (content types) · Issue #20 · thegooddocsproject\/templates",
                "title_link": "https:\/\/github.com\/thegooddocsproject\/templates\/issues\/20",
                "text": "Based on the discussion between @cwcromwell and @jaredmorgs in the Templates Slack channel, we need to start with the basics and describe just enough about Concepts, Tasks, and References. By doing...",
                "fallback": "GitHub: Create an article describing concepts, tasks, and references (content types) · Issue #20 · thegooddocsproject\/templates",
                "thumb_url": "https:\/\/avatars1.githubusercontent.com\/u\/52089481?s=400&v=4",
                "from_url": "https:\/\/github.com\/thegooddocsproject\/templates\/issues\/20",
                "thumb_width": 400,
                "thumb_height": 400,
                "service_icon": "https:\/\/a.slack-edge.com\/80588\/img\/unfurl_icons\/github.png",
                "id": 1,
                "original_url": "https:\/\/github.com\/thegooddocsproject\/templates\/issues\/20"
            }
        ],
        "thread_ts": "1572565067.073000",
        "parent_user_id": "UKVC4NB71"
    },
    {
        "client_msg_id": "a794106d-dd54-4624-80d6-20f30aaf934a",
        "type": "message",
        "text": "<https:\/\/github.com\/thegooddocsproject\/templates\/issues\/21> describes the structure <@UL3UNUMK6> and I discussed.",
        "user": "UKVC4NB71",
        "ts": "1572748120.006400",
        "team": "TKFJE6LDR",
        "user_team": "TKFJE6LDR",
        "source_team": "TKFJE6LDR",
        "user_profile": {
            "avatar_hash": "c7d9788d4436",
            "image_72": "https:\/\/avatars.slack-edge.com\/2019-10-30\/814314609877_c7d9788d4436969613a7_72.jpg",
            "first_name": "Jared",
            "real_name": "Jared Morgan",
            "display_name": "jaredmorgs",
            "team": "TKFJE6LDR",
            "name": "jaredleonmorgan",
            "is_restricted": false,
            "is_ultra_restricted": false
        },
        "attachments": [
            {
                "service_name": "GitHub",
                "title": "Set up the template repository structure · Issue #21 · thegooddocsproject\/templates",
                "title_link": "https:\/\/github.com\/thegooddocsproject\/templates\/issues\/21",
                "text": "Based on the discussion between @cwcromwell and @jaredmorgs in the Templates Slack channel, the following structure was decided upon to make use of both templates. Task Implement the following star...",
                "fallback": "GitHub: Set up the template repository structure · Issue #21 · thegooddocsproject\/templates",
                "thumb_url": "https:\/\/avatars1.githubusercontent.com\/u\/52089481?s=400&v=4",
                "from_url": "https:\/\/github.com\/thegooddocsproject\/templates\/issues\/21",
                "thumb_width": 400,
                "thumb_height": 400,
                "service_icon": "https:\/\/a.slack-edge.com\/80588\/img\/unfurl_icons\/github.png",
                "id": 1,
                "original_url": "https:\/\/github.com\/thegooddocsproject\/templates\/issues\/21"
            }
        ]
    },
    {
        "client_msg_id": "a2b88eda-b9c8-485d-b32b-04e17603bbad",
        "type": "message",
        "text": "Structure looks good. Is there any difference between template-overview.adoc and template-overview.md (beyond working around the limitations of the markdown format)?",
        "user": "UKTGLQNGG",
        "ts": "1572749541.008000",
        "team": "TKFJE6LDR",
        "user_team": "TKFJE6LDR",
        "source_team": "TKFJE6LDR",
        "user_profile": {
            "avatar_hash": "ge03fcb118b0",
            "image_72": "https:\/\/secure.gravatar.com\/avatar\/9e03fcb118b0853a3fedfdee2367779d.jpg?s=72&d=https%3A%2F%2Fa.slack-edge.com%2Fdf10d%2Fimg%2Favatars%2Fava_0021-72.png",
            "first_name": "Cameron",
            "real_name": "Cameron Shorter",
            "display_name": "cameronshorter",
            "team": "TKFJE6LDR",
            "name": "cameron.shorter",
            "is_restricted": false,
            "is_ultra_restricted": false
        }
    },
    {
        "client_msg_id": "19b0ec7e-acac-42f9-b907-31840fa5e2f4",
        "type": "message",
        "text": "No difference AFAICT",
        "user": "UKVC4NB71",
        "ts": "1572749564.008300",
        "team": "TKFJE6LDR",
        "user_team": "TKFJE6LDR",
        "source_team": "TKFJE6LDR",
        "user_profile": {
            "avatar_hash": "c7d9788d4436",
            "image_72": "https:\/\/avatars.slack-edge.com\/2019-10-30\/814314609877_c7d9788d4436969613a7_72.jpg",
            "first_name": "Jared",
            "real_name": "Jared Morgan",
            "display_name": "jaredmorgs",
            "team": "TKFJE6LDR",
            "name": "jaredleonmorgan",
            "is_restricted": false,
            "is_ultra_restricted": false
        }
    },
    {
        "client_msg_id": "1baecd38-e9bb-4e81-b60d-7181e4e309d7",
        "type": "message",
        "text": "apart from mark-up language capabilities",
        "user": "UKVC4NB71",
        "ts": "1572749574.008600",
        "team": "TKFJE6LDR",
        "user_team": "TKFJE6LDR",
        "source_team": "TKFJE6LDR",
        "user_profile": {
            "avatar_hash": "c7d9788d4436",
            "image_72": "https:\/\/avatars.slack-edge.com\/2019-10-30\/814314609877_c7d9788d4436969613a7_72.jpg",
            "first_name": "Jared",
            "real_name": "Jared Morgan",
            "display_name": "jaredmorgs",
            "team": "TKFJE6LDR",
            "name": "jaredleonmorgan",
            "is_restricted": false,
            "is_ultra_restricted": false
        }
    },
    {
        "client_msg_id": "4d5ba425-2a33-446f-a7f1-7eb3f33d5d5a",
        "type": "message",
        "text": "Ok, I have ~ 2 to 3 hours to focus on this, any particular area you’d like me to focus on? I was thinking about templates\/README.md",
        "user": "UKTGLQNGG",
        "ts": "1572749711.010500",
        "team": "TKFJE6LDR",
        "user_team": "TKFJE6LDR",
        "source_team": "TKFJE6LDR",
        "user_profile": {
            "avatar_hash": "ge03fcb118b0",
            "image_72": "https:\/\/secure.gravatar.com\/avatar\/9e03fcb118b0853a3fedfdee2367779d.jpg?s=72&d=https%3A%2F%2Fa.slack-edge.com%2Fdf10d%2Fimg%2Favatars%2Fava_0021-72.png",
            "first_name": "Cameron",
            "real_name": "Cameron Shorter",
            "display_name": "cameronshorter",
            "team": "TKFJE6LDR",
            "name": "cameron.shorter",
            "is_restricted": false,
            "is_ultra_restricted": false
        }
    },
    {
        "client_msg_id": "29008f1a-ba3b-49bc-8280-d9aed601bb6d",
        "type": "message",
        "text": "recording a podcast at the moment.",
        "user": "UKVC4NB71",
        "ts": "1572749768.011800",
        "team": "TKFJE6LDR",
        "user_team": "TKFJE6LDR",
        "source_team": "TKFJE6LDR",
        "user_profile": {
            "avatar_hash": "c7d9788d4436",
            "image_72": "https:\/\/avatars.slack-edge.com\/2019-10-30\/814314609877_c7d9788d4436969613a7_72.jpg",
            "first_name": "Jared",
            "real_name": "Jared Morgan",
            "display_name": "jaredmorgs",
            "team": "TKFJE6LDR",
            "name": "jaredleonmorgan",
            "is_restricted": false,
            "is_ultra_restricted": false
        }
    },
    {
        "client_msg_id": "2439ed66-f82c-4e24-a429-3b18f6496828",
        "type": "message",
        "text": "Oh, I’m assuming we will create a meta template of &lt;doc-type&gt;\/&lt;docs&gt; so they all follow a similar format. In particular, I’m thinking we should mention the target persona for docs: about-overview.md is primarily targeted at developers who are tasked with writing docs. templates\/README.md is targeted a tech writer or information architect who is setting up a documentation strategy for a project.",
        "user": "UKTGLQNGG",
        "ts": "1572749920.014500",
        "team": "TKFJE6LDR",
        "user_team": "TKFJE6LDR",
        "source_team": "TKFJE6LDR",
        "user_profile": {
            "avatar_hash": "ge03fcb118b0",
            "image_72": "https:\/\/secure.gravatar.com\/avatar\/9e03fcb118b0853a3fedfdee2367779d.jpg?s=72&d=https%3A%2F%2Fa.slack-edge.com%2Fdf10d%2Fimg%2Favatars%2Fava_0021-72.png",
            "first_name": "Cameron",
            "real_name": "Cameron Shorter",
            "display_name": "cameronshorter",
            "team": "TKFJE6LDR",
            "name": "cameron.shorter",
            "is_restricted": false,
            "is_ultra_restricted": false
        }
    },
    {
        "client_msg_id": "fa6d6004-38c3-4749-b501-a4d5009240e0",
        "type": "message",
        "text": "OK done with the podcast",
        "user": "UKVC4NB71",
        "ts": "1572751958.014800",
        "team": "TKFJE6LDR",
        "user_team": "TKFJE6LDR",
        "source_team": "TKFJE6LDR",
        "user_profile": {
            "avatar_hash": "c7d9788d4436",
            "image_72": "https:\/\/avatars.slack-edge.com\/2019-10-30\/814314609877_c7d9788d4436969613a7_72.jpg",
            "first_name": "Jared",
            "real_name": "Jared Morgan",
            "display_name": "jaredmorgs",
            "team": "TKFJE6LDR",
            "name": "jaredleonmorgan",
            "is_restricted": false,
            "is_ultra_restricted": false
        }
    },
    {
        "client_msg_id": "0518d096-67f5-4807-980b-32d889860c39",
        "type": "message",
        "text": "<@UKVC4NB71> cool. I’ve just restructured docs.",
        "user": "UKTGLQNGG",
        "ts": "1572751984.015300",
        "team": "TKFJE6LDR",
        "user_team": "TKFJE6LDR",
        "source_team": "TKFJE6LDR",
        "user_profile": {
            "avatar_hash": "ge03fcb118b0",
            "image_72": "https:\/\/secure.gravatar.com\/avatar\/9e03fcb118b0853a3fedfdee2367779d.jpg?s=72&d=https%3A%2F%2Fa.slack-edge.com%2Fdf10d%2Fimg%2Favatars%2Fava_0021-72.png",
            "first_name": "Cameron",
            "real_name": "Cameron Shorter",
            "display_name": "cameronshorter",
            "team": "TKFJE6LDR",
            "name": "cameron.shorter",
            "is_restricted": false,
            "is_ultra_restricted": false
        }
    },
    {
        "client_msg_id": "804ec846-3143-4781-97c0-1150c44c9c18",
        "type": "message",
        "text": "Did Issue #21 make sense?",
        "user": "UKVC4NB71",
        "ts": "1572751990.015600",
        "team": "TKFJE6LDR",
        "user_team": "TKFJE6LDR",
        "source_team": "TKFJE6LDR",
        "user_profile": {
            "avatar_hash": "c7d9788d4436",
            "image_72": "https:\/\/avatars.slack-edge.com\/2019-10-30\/814314609877_c7d9788d4436969613a7_72.jpg",
            "first_name": "Jared",
            "real_name": "Jared Morgan",
            "display_name": "jaredmorgs",
            "team": "TKFJE6LDR",
            "name": "jaredleonmorgan",
            "is_restricted": false,
            "is_ultra_restricted": false
        }
    },
    {
        "client_msg_id": "bbcc77b8-5308-4c7b-843c-7a26b0961918",
        "type": "message",
        "text": "<https:\/\/github.com\/thegooddocsproject\/templates\/pull\/22>",
        "user": "UKTGLQNGG",
        "ts": "1572751991.015700",
        "team": "TKFJE6LDR",
        "user_team": "TKFJE6LDR",
        "source_team": "TKFJE6LDR",
        "user_profile": {
            "avatar_hash": "ge03fcb118b0",
            "image_72": "https:\/\/secure.gravatar.com\/avatar\/9e03fcb118b0853a3fedfdee2367779d.jpg?s=72&d=https%3A%2F%2Fa.slack-edge.com%2Fdf10d%2Fimg%2Favatars%2Fava_0021-72.png",
            "first_name": "Cameron",
            "real_name": "Cameron Shorter",
            "display_name": "cameronshorter",
            "team": "TKFJE6LDR",
            "name": "cameron.shorter",
            "is_restricted": false,
            "is_ultra_restricted": false
        },
        "attachments": [
            {
                "service_name": "GitHub",
                "title": "Restructured directory and renamed files. Addressing issue #21. by camerons · Pull Request #22 · thegooddocsproject\/templates",
                "title_link": "https:\/\/github.com\/thegooddocsproject\/templates\/pull\/22",
                "text": "No change to file content, just renaming existing files.",
                "fallback": "GitHub: Restructured directory and renamed files. Addressing issue #21. by camerons · Pull Request #22 · thegooddocsproject\/templates",
                "thumb_url": "https:\/\/avatars1.githubusercontent.com\/u\/52089481?s=400&v=4",
                "from_url": "https:\/\/github.com\/thegooddocsproject\/templates\/pull\/22",
                "thumb_width": 400,
                "thumb_height": 400,
                "service_icon": "https:\/\/a.slack-edge.com\/80588\/img\/unfurl_icons\/github.png",
                "id": 1,
                "original_url": "https:\/\/github.com\/thegooddocsproject\/templates\/pull\/22"
            }
        ]
    },
    {
        "client_msg_id": "1fa8a9b3-db18-4b1e-ae29-d790f6b6df6b",
        "type": "message",
        "text": "<@UKVC4NB71> Do you want to look over what I’ve done before one of us merges into master?",
        "user": "UKTGLQNGG",
        "ts": "1572752051.016600",
        "team": "TKFJE6LDR",
        "user_team": "TKFJE6LDR",
        "source_team": "TKFJE6LDR",
        "user_profile": {
            "avatar_hash": "ge03fcb118b0",
            "image_72": "https:\/\/secure.gravatar.com\/avatar\/9e03fcb118b0853a3fedfdee2367779d.jpg?s=72&d=https%3A%2F%2Fa.slack-edge.com%2Fdf10d%2Fimg%2Favatars%2Fava_0021-72.png",
            "first_name": "Cameron",
            "real_name": "Cameron Shorter",
            "display_name": "cameronshorter",
            "team": "TKFJE6LDR",
            "name": "cameron.shorter",
            "is_restricted": false,
            "is_ultra_restricted": false
        }
    },
    {
        "client_msg_id": "f785d482-9628-4293-aa91-db47e6cdbfef",
        "type": "message",
        "text": "Yeah, I think that looks good.",
        "user": "UKVC4NB71",
        "ts": "1572752054.016700",
        "team": "TKFJE6LDR",
        "user_team": "TKFJE6LDR",
        "source_team": "TKFJE6LDR",
        "user_profile": {
            "avatar_hash": "c7d9788d4436",
            "image_72": "https:\/\/avatars.slack-edge.com\/2019-10-30\/814314609877_c7d9788d4436969613a7_72.jpg",
            "first_name": "Jared",
            "real_name": "Jared Morgan",
            "display_name": "jaredmorgs",
            "team": "TKFJE6LDR",
            "name": "jaredleonmorgan",
            "is_restricted": false,
            "is_ultra_restricted": false
        }
    },
    {
        "client_msg_id": "4cd5c2d5-8248-443f-b6b0-efbd6cdd6147",
        "type": "message",
        "text": "If it is just filename and dir changes, that looks correct.",
        "user": "UKVC4NB71",
        "ts": "1572752068.017100",
        "team": "TKFJE6LDR",
        "user_team": "TKFJE6LDR",
        "source_team": "TKFJE6LDR",
        "user_profile": {
            "avatar_hash": "c7d9788d4436",
            "image_72": "https:\/\/avatars.slack-edge.com\/2019-10-30\/814314609877_c7d9788d4436969613a7_72.jpg",
            "first_name": "Jared",
            "real_name": "Jared Morgan",
            "display_name": "jaredmorgs",
            "team": "TKFJE6LDR",
            "name": "jaredleonmorgan",
            "is_restricted": false,
            "is_ultra_restricted": false
        }
    },
    {
        "client_msg_id": "d0fe98b6-ade2-4c0b-b08e-20cf5dad0823",
        "type": "message",
        "text": "Ok, cool, I’ll accept my own work then.",
        "user": "UKTGLQNGG",
        "ts": "1572752105.017800",
        "team": "TKFJE6LDR",
        "user_team": "TKFJE6LDR",
        "source_team": "TKFJE6LDR",
        "user_profile": {
            "avatar_hash": "ge03fcb118b0",
            "image_72": "https:\/\/secure.gravatar.com\/avatar\/9e03fcb118b0853a3fedfdee2367779d.jpg?s=72&d=https%3A%2F%2Fa.slack-edge.com%2Fdf10d%2Fimg%2Favatars%2Fava_0021-72.png",
            "first_name": "Cameron",
            "real_name": "Cameron Shorter",
            "display_name": "cameronshorter",
            "team": "TKFJE6LDR",
            "name": "cameron.shorter",
            "is_restricted": false,
            "is_ultra_restricted": false
        }
    },
    {
        "client_msg_id": "d3541595-3ddc-4424-ba15-b0eba16a063f",
        "type": "message",
        "text": "It's a shame we still have the DCO on.",
        "user": "UKVC4NB71",
        "ts": "1572752114.018000",
        "team": "TKFJE6LDR",
        "user_team": "TKFJE6LDR",
        "source_team": "TKFJE6LDR",
        "user_profile": {
            "avatar_hash": "c7d9788d4436",
            "image_72": "https:\/\/avatars.slack-edge.com\/2019-10-30\/814314609877_c7d9788d4436969613a7_72.jpg",
            "first_name": "Jared",
            "real_name": "Jared Morgan",
            "display_name": "jaredmorgs",
            "team": "TKFJE6LDR",
            "name": "jaredleonmorgan",
            "is_restricted": false,
            "is_ultra_restricted": false
        }
    },
    {
        "client_msg_id": "960f67c3-bb5e-4f93-9eba-281acc298d59",
        "type": "message",
        "text": "That's a task assigned to <@UKV4ZPEFQ> I think.",
        "user": "UKVC4NB71",
        "ts": "1572752147.018800",
        "team": "TKFJE6LDR",
        "user_team": "TKFJE6LDR",
        "source_team": "TKFJE6LDR",
        "user_profile": {
            "avatar_hash": "c7d9788d4436",
            "image_72": "https:\/\/avatars.slack-edge.com\/2019-10-30\/814314609877_c7d9788d4436969613a7_72.jpg",
            "first_name": "Jared",
            "real_name": "Jared Morgan",
            "display_name": "jaredmorgs",
            "team": "TKFJE6LDR",
            "name": "jaredleonmorgan",
            "is_restricted": false,
            "is_ultra_restricted": false
        }
    },
    {
        "client_msg_id": "36644085-d51f-4249-b2e6-d3ea53c94af9",
        "type": "message",
        "text": "<https:\/\/github.com\/thegooddocsproject\/templates\/issues\/16>",
        "user": "UKVC4NB71",
        "ts": "1572752164.019300",
        "team": "TKFJE6LDR",
        "user_team": "TKFJE6LDR",
        "source_team": "TKFJE6LDR",
        "user_profile": {
            "avatar_hash": "c7d9788d4436",
            "image_72": "https:\/\/avatars.slack-edge.com\/2019-10-30\/814314609877_c7d9788d4436969613a7_72.jpg",
            "first_name": "Jared",
            "real_name": "Jared Morgan",
            "display_name": "jaredmorgs",
            "team": "TKFJE6LDR",
            "name": "jaredleonmorgan",
            "is_restricted": false,
            "is_ultra_restricted": false
        }
    },
    {
        "client_msg_id": "76783426-ca7b-4b22-9def-66847fed8ccc",
        "type": "message",
        "text": "Yes, I’m hoping <@UL2AA1FF1> will turn off the DCO check for us. We can override it with. I can do that and I assume you can too.",
        "user": "UKTGLQNGG",
        "ts": "1572752171.019500",
        "team": "TKFJE6LDR",
        "user_team": "TKFJE6LDR",
        "source_team": "TKFJE6LDR",
        "user_profile": {
            "avatar_hash": "ge03fcb118b0",
            "image_72": "https:\/\/secure.gravatar.com\/avatar\/9e03fcb118b0853a3fedfdee2367779d.jpg?s=72&d=https%3A%2F%2Fa.slack-edge.com%2Fdf10d%2Fimg%2Favatars%2Fava_0021-72.png",
            "first_name": "Cameron",
            "real_name": "Cameron Shorter",
            "display_name": "cameronshorter",
            "team": "TKFJE6LDR",
            "name": "cameron.shorter",
            "is_restricted": false,
            "is_ultra_restricted": false
        },
        "thread_ts": "1572752171.019500",
        "reply_count": 2,
        "reply_users_count": 1,
        "latest_reply": "1572796009.036800",
        "reply_users": [
            "UL2AA1FF1"
        ],
        "replies": [
            {
                "user": "UL2AA1FF1",
                "ts": "1572795984.036600"
            },
            {
                "user": "UL2AA1FF1",
                "ts": "1572796009.036800"
            }
        ],
        "subscribed": false
    },
    {
        "client_msg_id": "377fe2fd-74f4-46b9-a7c4-1027b126b080",
        "type": "message",
        "text": "Do we both have full project admin?",
        "user": "UKVC4NB71",
        "ts": "1572752193.019800",
        "team": "TKFJE6LDR",
        "user_team": "TKFJE6LDR",
        "source_team": "TKFJE6LDR",
        "user_profile": {
            "avatar_hash": "c7d9788d4436",
            "image_72": "https:\/\/avatars.slack-edge.com\/2019-10-30\/814314609877_c7d9788d4436969613a7_72.jpg",
            "first_name": "Jared",
            "real_name": "Jared Morgan",
            "display_name": "jaredmorgs",
            "team": "TKFJE6LDR",
            "name": "jaredleonmorgan",
            "is_restricted": false,
            "is_ultra_restricted": false
        }
    },
    {
        "client_msg_id": "17776997-bb16-478f-b10c-7028f9d658e4",
        "type": "message",
        "text": "All of us in the Project Steering Committee should have full admin access.",
        "user": "UKTGLQNGG",
        "ts": "1572752232.020300",
        "team": "TKFJE6LDR",
        "user_team": "TKFJE6LDR",
        "source_team": "TKFJE6LDR",
        "user_profile": {
            "avatar_hash": "ge03fcb118b0",
            "image_72": "https:\/\/secure.gravatar.com\/avatar\/9e03fcb118b0853a3fedfdee2367779d.jpg?s=72&d=https%3A%2F%2Fa.slack-edge.com%2Fdf10d%2Fimg%2Favatars%2Fava_0021-72.png",
            "first_name": "Cameron",
            "real_name": "Cameron Shorter",
            "display_name": "cameronshorter",
            "team": "TKFJE6LDR",
            "name": "cameron.shorter",
            "is_restricted": false,
            "is_ultra_restricted": false
        }
    },
    {
        "client_msg_id": "e36b9c7a-c15a-4ab8-bf59-4ba119d2c8a1",
        "type": "message",
        "text": "Restructure merged into trunk.",
        "user": "UKTGLQNGG",
        "ts": "1572752251.020600",
        "team": "TKFJE6LDR",
        "user_team": "TKFJE6LDR",
        "source_team": "TKFJE6LDR",
        "user_profile": {
            "avatar_hash": "ge03fcb118b0",
            "image_72": "https:\/\/secure.gravatar.com\/avatar\/9e03fcb118b0853a3fedfdee2367779d.jpg?s=72&d=https%3A%2F%2Fa.slack-edge.com%2Fdf10d%2Fimg%2Favatars%2Fava_0021-72.png",
            "first_name": "Cameron",
            "real_name": "Cameron Shorter",
            "display_name": "cameronshorter",
            "team": "TKFJE6LDR",
            "name": "cameron.shorter",
            "is_restricted": false,
            "is_ultra_restricted": false
        }
    },
    {
        "client_msg_id": "f88276a5-da48-4a67-abd7-15136a022c4f",
        "type": "message",
        "text": "Should we clean out <https:\/\/github.com\/thegooddocsproject\/templates\/pull\/8> <@UKTGLQNGG>",
        "user": "UKVC4NB71",
        "ts": "1572752364.020900",
        "team": "TKFJE6LDR",
        "user_team": "TKFJE6LDR",
        "source_team": "TKFJE6LDR",
        "user_profile": {
            "avatar_hash": "c7d9788d4436",
            "image_72": "https:\/\/avatars.slack-edge.com\/2019-10-30\/814314609877_c7d9788d4436969613a7_72.jpg",
            "first_name": "Jared",
            "real_name": "Jared Morgan",
            "display_name": "jaredmorgs",
            "team": "TKFJE6LDR",
            "name": "jaredleonmorgan",
            "is_restricted": false,
            "is_ultra_restricted": false
        }
    },
    {
        "client_msg_id": "4976e9a3-7813-4ec7-bfb4-70d8118e7ad8",
        "type": "message",
        "text": "Yes, done.",
        "user": "UKTGLQNGG",
        "ts": "1572752518.021200",
        "team": "TKFJE6LDR",
        "user_team": "TKFJE6LDR",
        "source_team": "TKFJE6LDR",
        "user_profile": {
            "avatar_hash": "ge03fcb118b0",
            "image_72": "https:\/\/secure.gravatar.com\/avatar\/9e03fcb118b0853a3fedfdee2367779d.jpg?s=72&d=https%3A%2F%2Fa.slack-edge.com%2Fdf10d%2Fimg%2Favatars%2Fava_0021-72.png",
            "first_name": "Cameron",
            "real_name": "Cameron Shorter",
            "display_name": "cameronshorter",
            "team": "TKFJE6LDR",
            "name": "cameron.shorter",
            "is_restricted": false,
            "is_ultra_restricted": false
        }
    },
    {
        "client_msg_id": "93a221a5-1d52-481c-bd9d-35a3f7e74c07",
        "type": "message",
        "text": "<@UL3UNUMK6> I'm hoping that the structure I've chosen with your existing overview, quickstart, and reference topics isn't going to break any branch work you're doing.",
        "user": "UKVC4NB71",
        "ts": "1572761294.024100",
        "team": "TKFJE6LDR",
        "user_team": "TKFJE6LDR",
        "source_team": "TKFJE6LDR",
        "user_profile": {
            "avatar_hash": "c7d9788d4436",
            "image_72": "https:\/\/avatars.slack-edge.com\/2019-10-30\/814314609877_c7d9788d4436969613a7_72.jpg",
            "first_name": "Jared",
            "real_name": "Jared Morgan",
            "display_name": "jaredmorgs",
            "team": "TKFJE6LDR",
            "name": "jaredleonmorgan",
            "is_restricted": false,
            "is_ultra_restricted": false
        }
    },
    {
        "client_msg_id": "f71bf7e2-6a17-4960-a835-4a38bba9fd9a",
        "type": "message",
        "text": "<https:\/\/github.com\/thegooddocsproject\/templates\/pull\/26\/files>",
        "user": "UKVC4NB71",
        "ts": "1572761683.025600",
        "team": "TKFJE6LDR",
        "user_team": "TKFJE6LDR",
        "source_team": "TKFJE6LDR",
        "user_profile": {
            "avatar_hash": "c7d9788d4436",
            "image_72": "https:\/\/avatars.slack-edge.com\/2019-10-30\/814314609877_c7d9788d4436969613a7_72.jpg",
            "first_name": "Jared",
            "real_name": "Jared Morgan",
            "display_name": "jaredmorgs",
            "team": "TKFJE6LDR",
            "name": "jaredleonmorgan",
            "is_restricted": false,
            "is_ultra_restricted": false
        },
        "attachments": [
            {
                "service_name": "GitHub",
                "title": "#23 - Re-frame AsciiDoc Readme to make way for #20 by jaredmorgs · Pull Request #26 · thegooddocsproject\/templates",
                "title_link": "https:\/\/github.com\/thegooddocsproject\/templates\/pull\/26\/files",
                "text": "I&amp;#39;ve stripped apart the AsciiDoc readme and teased the content into it&amp;#39;s correct directory structure. Highlights include: an about-template.md in each directory using @cwcromwell about tem...",
                "fallback": "GitHub: #23 - Re-frame AsciiDoc Readme to make way for #20 by jaredmorgs · Pull Request #26 · thegooddocsproject\/templates",
                "from_url": "https:\/\/github.com\/thegooddocsproject\/templates\/pull\/26\/files",
                "thumb_url": "https:\/\/avatars0.githubusercontent.com\/u\/952793?s=400&v=4",
                "thumb_width": 250,
                "thumb_height": 250,
                "service_icon": "https:\/\/a.slack-edge.com\/80588\/img\/unfurl_icons\/github.png",
                "id": 1,
                "original_url": "https:\/\/github.com\/thegooddocsproject\/templates\/pull\/26\/files"
            }
        ]
    },
    {
        "client_msg_id": "b0f87205-a91b-48d3-ad84-3a5817904913",
        "type": "message",
        "text": "I've set <@UL3UNUMK6> and <@UKTGLQNGG> as reviewers on this PR but please don't think other folks <!here> can't contribute.",
        "user": "UKVC4NB71",
        "ts": "1572761725.026400",
        "team": "TKFJE6LDR",
        "user_team": "TKFJE6LDR",
        "source_team": "TKFJE6LDR",
        "user_profile": {
            "avatar_hash": "c7d9788d4436",
            "image_72": "https:\/\/avatars.slack-edge.com\/2019-10-30\/814314609877_c7d9788d4436969613a7_72.jpg",
            "first_name": "Jared",
            "real_name": "Jared Morgan",
            "display_name": "jaredmorgs",
            "team": "TKFJE6LDR",
            "name": "jaredleonmorgan",
            "is_restricted": false,
            "is_ultra_restricted": false
        }
    },
    {
        "client_msg_id": "52b58c1d-0759-48e6-9040-38452197d4e4",
        "type": "message",
        "text": "Are you still good <@UL3UNUMK6> with writing the Concept, Task and Reference README.md that will serve as the framing README for the template's repository? See <https:\/\/github.com\/thegooddocsproject\/templates\/issues\/20>",
        "user": "UKVC4NB71",
        "ts": "1572762981.027500",
        "team": "TKFJE6LDR",
        "user_team": "TKFJE6LDR",
        "source_team": "TKFJE6LDR",
        "user_profile": {
            "avatar_hash": "c7d9788d4436",
            "image_72": "https:\/\/avatars.slack-edge.com\/2019-10-30\/814314609877_c7d9788d4436969613a7_72.jpg",
            "first_name": "Jared",
            "real_name": "Jared Morgan",
            "display_name": "jaredmorgs",
            "team": "TKFJE6LDR",
            "name": "jaredleonmorgan",
            "is_restricted": false,
            "is_ultra_restricted": false
        },
        "attachments": [
            {
                "service_name": "GitHub",
                "title": "Create an article describing concepts, tasks, and references (content types) · Issue #20 · thegooddocsproject\/templates",
                "title_link": "https:\/\/github.com\/thegooddocsproject\/templates\/issues\/20",
                "text": "Based on the discussion between @cwcromwell and @jaredmorgs in the Templates Slack channel, we need to start with the basics and describe just enough about Concepts, Tasks, and References. By doing...",
                "fallback": "GitHub: Create an article describing concepts, tasks, and references (content types) · Issue #20 · thegooddocsproject\/templates",
                "thumb_url": "https:\/\/avatars1.githubusercontent.com\/u\/52089481?s=400&v=4",
                "from_url": "https:\/\/github.com\/thegooddocsproject\/templates\/issues\/20",
                "thumb_width": 400,
                "thumb_height": 400,
                "service_icon": "https:\/\/a.slack-edge.com\/80588\/img\/unfurl_icons\/github.png",
                "id": 1,
                "original_url": "https:\/\/github.com\/thegooddocsproject\/templates\/issues\/20"
            }
        ]
    },
    {
        "client_msg_id": "4ff5ffcb-56b3-4379-8ee8-5711c69be780",
        "type": "message",
        "text": "Do you want me to write the bits about the Shopping Aisle framing so folks can understand how we structured the templates README.",
        "user": "UKVC4NB71",
        "ts": "1572763030.028600",
        "team": "TKFJE6LDR",
        "user_team": "TKFJE6LDR",
        "source_team": "TKFJE6LDR",
        "user_profile": {
            "avatar_hash": "c7d9788d4436",
            "image_72": "https:\/\/avatars.slack-edge.com\/2019-10-30\/814314609877_c7d9788d4436969613a7_72.jpg",
            "first_name": "Jared",
            "real_name": "Jared Morgan",
            "display_name": "jaredmorgs",
            "team": "TKFJE6LDR",
            "name": "jaredleonmorgan",
            "is_restricted": false,
            "is_ultra_restricted": false
        }
    }
]