[
    {
        "type": "message",
        "text": "Stickers made it to Melbourne! Thanks <@UL2AA1FF1> ",
        "files": [
            {
                "id": "FREN0SL7J",
                "created": 1575850041,
                "timestamp": 1575850041,
                "name": "Image from iOS.jpg",
                "title": "Image from iOS",
                "mimetype": "image\/jpeg",
                "filetype": "jpg",
                "pretty_type": "JPEG",
                "user": "UKV4ZPEFQ",
                "editable": false,
                "size": 109390,
                "mode": "hosted",
                "is_external": false,
                "external_type": "",
                "is_public": true,
                "public_url_shared": false,
                "display_as_bot": false,
                "username": "",
                "url_private": "https:\/\/files.slack.com\/files-pri\/TKFJE6LDR-FREN0SL7J\/image_from_ios.jpg?t=xoxe-661626224467-1176889373458-1189513059441-ae8bad2fa75b08bee478ccbaefddd7f6",
                "url_private_download": "https:\/\/files.slack.com\/files-pri\/TKFJE6LDR-FREN0SL7J\/download\/image_from_ios.jpg?t=xoxe-661626224467-1176889373458-1189513059441-ae8bad2fa75b08bee478ccbaefddd7f6",
                "thumb_64": "https:\/\/files.slack.com\/files-tmb\/TKFJE6LDR-FREN0SL7J-075eb62359\/image_from_ios_64.jpg?t=xoxe-661626224467-1176889373458-1189513059441-ae8bad2fa75b08bee478ccbaefddd7f6",
                "thumb_80": "https:\/\/files.slack.com\/files-tmb\/TKFJE6LDR-FREN0SL7J-075eb62359\/image_from_ios_80.jpg?t=xoxe-661626224467-1176889373458-1189513059441-ae8bad2fa75b08bee478ccbaefddd7f6",
                "thumb_360": "https:\/\/files.slack.com\/files-tmb\/TKFJE6LDR-FREN0SL7J-075eb62359\/image_from_ios_360.jpg?t=xoxe-661626224467-1176889373458-1189513059441-ae8bad2fa75b08bee478ccbaefddd7f6",
                "thumb_360_w": 360,
                "thumb_360_h": 270,
                "thumb_480": "https:\/\/files.slack.com\/files-tmb\/TKFJE6LDR-FREN0SL7J-075eb62359\/image_from_ios_480.jpg?t=xoxe-661626224467-1176889373458-1189513059441-ae8bad2fa75b08bee478ccbaefddd7f6",
                "thumb_480_w": 480,
                "thumb_480_h": 360,
                "thumb_160": "https:\/\/files.slack.com\/files-tmb\/TKFJE6LDR-FREN0SL7J-075eb62359\/image_from_ios_160.jpg?t=xoxe-661626224467-1176889373458-1189513059441-ae8bad2fa75b08bee478ccbaefddd7f6",
                "thumb_720": "https:\/\/files.slack.com\/files-tmb\/TKFJE6LDR-FREN0SL7J-075eb62359\/image_from_ios_720.jpg?t=xoxe-661626224467-1176889373458-1189513059441-ae8bad2fa75b08bee478ccbaefddd7f6",
                "thumb_720_w": 720,
                "thumb_720_h": 540,
                "thumb_800": "https:\/\/files.slack.com\/files-tmb\/TKFJE6LDR-FREN0SL7J-075eb62359\/image_from_ios_800.jpg?t=xoxe-661626224467-1176889373458-1189513059441-ae8bad2fa75b08bee478ccbaefddd7f6",
                "thumb_800_w": 800,
                "thumb_800_h": 600,
                "thumb_960": "https:\/\/files.slack.com\/files-tmb\/TKFJE6LDR-FREN0SL7J-075eb62359\/image_from_ios_960.jpg?t=xoxe-661626224467-1176889373458-1189513059441-ae8bad2fa75b08bee478ccbaefddd7f6",
                "thumb_960_w": 960,
                "thumb_960_h": 720,
                "thumb_1024": "https:\/\/files.slack.com\/files-tmb\/TKFJE6LDR-FREN0SL7J-075eb62359\/image_from_ios_1024.jpg?t=xoxe-661626224467-1176889373458-1189513059441-ae8bad2fa75b08bee478ccbaefddd7f6",
                "thumb_1024_w": 1024,
                "thumb_1024_h": 768,
                "image_exif_rotation": 3,
                "original_w": 1280,
                "original_h": 960,
                "thumb_tiny": "AwAkADB4PvTZJGUALjceBmgVG65cEn8KzKSHh5I2USMGU98YxU2aqypiPpz2qxEu4LubHGSadrgxSfYU1sAZI49amKLkeWCcdc1I8ZmQxsPlI5HoadhFRRk4FI8eeD65p6HapPrRuweTzSGN8tmI2gsatQRFR8w7VCj\/AOkr6Yq15igDLL9M1S7iY+imo24GlLAd6YjOBzQBnmhelC9KSGxSPlqOBQXBI5FSN92mQfepsETGRk4B4xTVkZ2AJwCe1EnUfSmxf6xfrWsfhBn\/2Q==",
                "permalink": "https:\/\/thegooddocs.slack.com\/files\/UKV4ZPEFQ\/FREN0SL7J\/image_from_ios.jpg",
                "permalink_public": "https:\/\/slack-files.com\/TKFJE6LDR-FREN0SL7J-0419b2fede",
                "is_starred": false,
                "has_rich_preview": false
            }
        ],
        "upload": true,
        "user": "UKV4ZPEFQ",
        "display_as_bot": false,
        "ts": "1575850041.001300",
        "client_msg_id": "9415C4EC-A3E7-4EEA-9DFC-051F38B215F0",
        "thread_ts": "1575850041.001300",
        "reply_count": 1,
        "reply_users_count": 1,
        "latest_reply": "1589691297.003600",
        "reply_users": [
            "UKTGLQNGG"
        ],
        "replies": [
            {
                "user": "UKTGLQNGG",
                "ts": "1589691297.003600"
            }
        ],
        "subscribed": true,
        "last_read": "1589708373.377706",
        "reactions": [
            {
                "name": "100",
                "users": [
                    "UL2AA1FF1",
                    "UKTGLQNGG"
                ],
                "count": 2
            }
        ]
    }
]