[
    {
        "type": "message",
        "subtype": "channel_join",
        "ts": "1573701345.000200",
        "user": "UQHTJTYM6",
        "text": "<@UQHTJTYM6> has joined the channel"
    },
    {
        "type": "message",
        "subtype": "channel_join",
        "ts": "1573702012.000400",
        "user": "UQ54YNUPL",
        "text": "<@UQ54YNUPL> has joined the channel"
    },
    {
        "type": "message",
        "subtype": "channel_join",
        "ts": "1573702938.000600",
        "user": "UQ553K7DY",
        "text": "<@UQ553K7DY> has joined the channel"
    }
]