[
    {
        "client_msg_id": "6e03ce2c-800a-4288-b6bc-c145acda61be",
        "type": "message",
        "text": ":doctopus:",
        "user": "UKV4ZPEFQ",
        "ts": "1573462650.003300",
        "team": "TKFJE6LDR",
        "user_team": "TKFJE6LDR",
        "source_team": "TKFJE6LDR",
        "user_profile": {
            "avatar_hash": "g854c628ef64",
            "image_72": "https:\/\/secure.gravatar.com\/avatar\/6854c628ef64a4c129a994522e17cdf2.jpg?s=72&d=https%3A%2F%2Fa.slack-edge.com%2Fdf10d%2Fimg%2Favatars%2Fava_0007-72.png",
            "first_name": "felicitybrand",
            "real_name": "felicitybrand",
            "display_name": "flicstar",
            "team": "TKFJE6LDR",
            "name": "felicitybrand",
            "is_restricted": false,
            "is_ultra_restricted": false
        },
        "reactions": [
            {
                "name": "+1",
                "users": [
                    "UL9F82XL3"
                ],
                "count": 1
            },
            {
                "name": "doctopus",
                "users": [
                    "UQJBJ8LN4"
                ],
                "count": 1
            }
        ]
    },
    {
        "client_msg_id": "17CB4620-ED2C-4CDA-9247-4B15B7515828",
        "type": "message",
        "text": "No kind sir, I generated it myself...",
        "user": "UL9F82XL3",
        "ts": "1573470243.005800",
        "team": "TKFJE6LDR",
        "user_team": "TKFJE6LDR",
        "source_team": "TKFJE6LDR",
        "user_profile": {
            "avatar_hash": "431cbc5b0797",
            "image_72": "https:\/\/avatars.slack-edge.com\/2019-07-23\/702616820016_431cbc5b0797a8cc9f24_72.jpg",
            "first_name": "Sanket",
            "real_name": "Sanket Totewar",
            "display_name": "",
            "team": "TKFJE6LDR",
            "name": "sanket.totewar",
            "is_restricted": false,
            "is_ultra_restricted": false
        },
        "reactions": [
            {
                "name": "+1",
                "users": [
                    "UKVC4NB71"
                ],
                "count": 1
            }
        ]
    }
]