[
    {
        "client_msg_id": "E360B576-1C74-4E4B-890A-4B25CCC58BF2",
        "type": "message",
        "text": "Outside of a dog, a book is a human’s best friend. Inside of a dog, it’s too dark to read...",
        "user": "UL9F82XL3",
        "ts": "1573444878.001200",
        "team": "TKFJE6LDR",
        "user_team": "TKFJE6LDR",
        "source_team": "TKFJE6LDR",
        "user_profile": {
            "avatar_hash": "431cbc5b0797",
            "image_72": "https:\/\/avatars.slack-edge.com\/2019-07-23\/702616820016_431cbc5b0797a8cc9f24_72.jpg",
            "first_name": "Sanket",
            "real_name": "Sanket Totewar",
            "display_name": "",
            "team": "TKFJE6LDR",
            "name": "sanket.totewar",
            "is_restricted": false,
            "is_ultra_restricted": false
        },
        "reactions": [
            {
                "name": "+1",
                "users": [
                    "UQJBJ8LN4"
                ],
                "count": 1
            }
        ]
    },
    {
        "client_msg_id": "a2307ab4-0d28-462c-ad7c-66af6d215c0c",
        "type": "message",
        "text": "is that from the dad joke generator",
        "user": "UKVC4NB71",
        "ts": "1573450281.001500",
        "team": "TKFJE6LDR",
        "user_team": "TKFJE6LDR",
        "source_team": "TKFJE6LDR",
        "user_profile": {
            "avatar_hash": "c7d9788d4436",
            "image_72": "https:\/\/avatars.slack-edge.com\/2019-10-30\/814314609877_c7d9788d4436969613a7_72.jpg",
            "first_name": "Jared",
            "real_name": "Jared Morgan",
            "display_name": "jaredmorgs",
            "team": "TKFJE6LDR",
            "name": "jaredleonmorgan",
            "is_restricted": false,
            "is_ultra_restricted": false
        }
    }
]