[
    {
        "type": "message",
        "text": "\/dadjoke ",
        "user": "UKV4ZPEFQ",
        "ts": "1572559710.001300",
        "team": "TKFJE6LDR",
        "user_team": "TKFJE6LDR",
        "source_team": "TKFJE6LDR",
        "user_profile": {
            "avatar_hash": "g854c628ef64",
            "image_72": "https:\/\/secure.gravatar.com\/avatar\/6854c628ef64a4c129a994522e17cdf2.jpg?s=72&d=https%3A%2F%2Fa.slack-edge.com%2Fdf10d%2Fimg%2Favatars%2Fava_0007-72.png",
            "first_name": "felicitybrand",
            "real_name": "felicitybrand",
            "display_name": "flicstar",
            "team": "TKFJE6LDR",
            "name": "felicitybrand",
            "is_restricted": false,
            "is_ultra_restricted": false
        }
    },
    {
        "type": "message",
        "subtype": "bot_message",
        "text": "",
        "ts": "1572559710.001400",
        "bot_id": "BQ1RE0NUF",
        "attachments": [
            {
                "fallback": "I was so proud when I finished the puzzle in six months, when on the side it said three to four years.",
                "text": "I was so proud when I finished the puzzle in six months, when on the side it said three to four years.",
                "footer": "<https:\/\/icanhazdadjoke.com\/j\/HBszX8MJ6h|permalink> - <https:\/\/icanhazdadjoke.com|icanhazdadjoke.com>",
                "id": 1
            }
        ],
        "reactions": [
            {
                "name": "heavy_check_mark",
                "users": [
                    "UKVC4NB71",
                    "UL3UNUMK6"
                ],
                "count": 2
            }
        ]
    }
]