[
    {
        "client_msg_id": "8d56a6a7-4df6-4a21-a757-242acee2699d",
        "type": "message",
        "text": "Hello everyone, I'm Osinachi. I'm new here. I'm happy to be here. I hope to learn more about effective docs and learn from you guys.",
        "user": "U013BQ7KEVD",
        "ts": "1589668414.002800",
        "team": "TKFJE6LDR",
        "user_team": "TKFJE6LDR",
        "source_team": "TKFJE6LDR",
        "user_profile": {
            "avatar_hash": "6eca50d30e94",
            "image_72": "https:\/\/avatars.slack-edge.com\/2020-05-16\/1121891036950_6eca50d30e94fb354f10_72.jpg",
            "first_name": "",
            "real_name": "Osinachi Chukwujama",
            "display_name": "Osinachi Chukwujama",
            "team": "TKFJE6LDR",
            "name": "chukwujama.osinachi",
            "is_restricted": false,
            "is_ultra_restricted": false
        },
        "edited": {
            "user": "U013BQ7KEVD",
            "ts": "1589668494.000000"
        },
        "blocks": [
            {
                "type": "rich_text",
                "block_id": "hGrr",
                "elements": [
                    {
                        "type": "rich_text_section",
                        "elements": [
                            {
                                "type": "text",
                                "text": "Hello everyone, I'm Osinachi. I'm new here. I'm happy to be here. I hope to learn more about effective docs and learn from you guys."
                            }
                        ]
                    }
                ]
            }
        ],
        "thread_ts": "1589668414.002800",
        "reply_count": 2,
        "reply_users_count": 2,
        "latest_reply": "1589694460.003900",
        "reply_users": [
            "UKTGLQNGG",
            "U013BQ7KEVD"
        ],
        "replies": [
            {
                "user": "UKTGLQNGG",
                "ts": "1589691182.003300"
            },
            {
                "user": "U013BQ7KEVD",
                "ts": "1589694460.003900"
            }
        ],
        "subscribed": false,
        "reactions": [
            {
                "name": "wave",
                "users": [
                    "UL2AA1FF1",
                    "UKVC4NB71",
                    "UKTGLQNGG"
                ],
                "count": 3
            }
        ]
    },
    {
        "client_msg_id": "6824c2dc-784c-4490-984a-d3d56fe54a5f",
        "type": "message",
        "text": "Welcome Osianchi, when you are ready, why don't you send a message to our <#CQT6T04CW|general> channel introducing yourself. What is your interest in TheGoodDocsProject? What has drawn you here? What is your backgournd? How would you like to get involved? If you are here from SeasonOfDocs you might want to check out <https:\/\/github.com\/thegooddocsproject\/templates\/wiki\/Season-of-Docs-Ideas-2020#get-involved>",
        "user": "UKTGLQNGG",
        "ts": "1589691182.003300",
        "team": "TKFJE6LDR",
        "user_team": "TKFJE6LDR",
        "source_team": "TKFJE6LDR",
        "user_profile": {
            "avatar_hash": "ge03fcb118b0",
            "image_72": "https:\/\/secure.gravatar.com\/avatar\/9e03fcb118b0853a3fedfdee2367779d.jpg?s=72&d=https%3A%2F%2Fa.slack-edge.com%2Fdf10d%2Fimg%2Favatars%2Fava_0021-72.png",
            "first_name": "Cameron",
            "real_name": "Cameron Shorter",
            "display_name": "cameronshorter",
            "team": "TKFJE6LDR",
            "name": "cameron.shorter",
            "is_restricted": false,
            "is_ultra_restricted": false
        },
        "blocks": [
            {
                "type": "rich_text",
                "block_id": "bMF",
                "elements": [
                    {
                        "type": "rich_text_section",
                        "elements": [
                            {
                                "type": "text",
                                "text": "Welcome Osianchi, when you are ready, why don't you send a message to our "
                            },
                            {
                                "type": "channel",
                                "channel_id": "CQT6T04CW"
                            },
                            {
                                "type": "text",
                                "text": " channel introducing yourself. What is your interest in TheGoodDocsProject? What has drawn you here? What is your backgournd? How would you like to get involved? If you are here from SeasonOfDocs you might want to check out "
                            },
                            {
                                "type": "link",
                                "url": "https:\/\/github.com\/thegooddocsproject\/templates\/wiki\/Season-of-Docs-Ideas-2020#get-involved"
                            }
                        ]
                    }
                ]
            }
        ],
        "thread_ts": "1589668414.002800",
        "parent_user_id": "U013BQ7KEVD"
    },
    {
        "client_msg_id": "868a100e-7fb6-4fd8-acb8-265925b02edc",
        "type": "message",
        "text": "I reckon one of those would look great on your daughter's lunch box.",
        "user": "UKTGLQNGG",
        "ts": "1589691297.003600",
        "team": "TKFJE6LDR",
        "user_team": "TKFJE6LDR",
        "source_team": "TKFJE6LDR",
        "user_profile": {
            "avatar_hash": "ge03fcb118b0",
            "image_72": "https:\/\/secure.gravatar.com\/avatar\/9e03fcb118b0853a3fedfdee2367779d.jpg?s=72&d=https%3A%2F%2Fa.slack-edge.com%2Fdf10d%2Fimg%2Favatars%2Fava_0021-72.png",
            "first_name": "Cameron",
            "real_name": "Cameron Shorter",
            "display_name": "cameronshorter",
            "team": "TKFJE6LDR",
            "name": "cameron.shorter",
            "is_restricted": false,
            "is_ultra_restricted": false
        },
        "blocks": [
            {
                "type": "rich_text",
                "block_id": "KlM",
                "elements": [
                    {
                        "type": "rich_text_section",
                        "elements": [
                            {
                                "type": "text",
                                "text": "I reckon one of those would look great on your daughter's lunch box."
                            }
                        ]
                    }
                ]
            }
        ],
        "thread_ts": "1575850041.001300",
        "parent_user_id": "UKV4ZPEFQ"
    },
    {
        "client_msg_id": "e118a29f-a8db-4039-9cdd-8cf2c27d62c0",
        "type": "message",
        "text": "<@UKTGLQNGG> I didn't know The Good Docs Project was part of GSoD. I only thought it would help in writing better documentation during GSoD and beyond. I'd head over to the general channel now. Thanks for welcoming me.",
        "user": "U013BQ7KEVD",
        "ts": "1589694460.003900",
        "team": "TKFJE6LDR",
        "user_team": "TKFJE6LDR",
        "source_team": "TKFJE6LDR",
        "user_profile": {
            "avatar_hash": "6eca50d30e94",
            "image_72": "https:\/\/avatars.slack-edge.com\/2020-05-16\/1121891036950_6eca50d30e94fb354f10_72.jpg",
            "first_name": "",
            "real_name": "Osinachi Chukwujama",
            "display_name": "Osinachi Chukwujama",
            "team": "TKFJE6LDR",
            "name": "chukwujama.osinachi",
            "is_restricted": false,
            "is_ultra_restricted": false
        },
        "blocks": [
            {
                "type": "rich_text",
                "block_id": "Zzd",
                "elements": [
                    {
                        "type": "rich_text_section",
                        "elements": [
                            {
                                "type": "user",
                                "user_id": "UKTGLQNGG"
                            },
                            {
                                "type": "text",
                                "text": " I didn't know The Good Docs Project was part of GSoD. I only thought it would help in writing better documentation during GSoD and beyond. I'd head over to the general channel now. Thanks for welcoming me."
                            }
                        ]
                    }
                ]
            }
        ],
        "thread_ts": "1589668414.002800",
        "parent_user_id": "U013BQ7KEVD"
    }
]