[
    {
        "client_msg_id": "70603ec8-7d3c-4ad7-960d-5764c23ccd9f",
        "type": "message",
        "text": "Opened up a pull-request with the initial work on the PR-Template (<https:\/\/github.com\/thegooddocsproject\/templates\/pull\/149|PR\/149>) for the Templates Repo  — _so meta…._ Figured I’d get feedback on that template first before moving onto the PR-Template for the Proposal Repo.  I’m heads-down rest of the day with other work, so don’t feel the need to get feedback immediately and we can always discuss further on Wednesday’s Call.",
        "user": "U012Y26QWNA",
        "ts": "1592223909.376300",
        "team": "TKFJE6LDR",
        "user_team": "TKFJE6LDR",
        "source_team": "TKFJE6LDR",
        "user_profile": {
            "avatar_hash": "b91365ff7b22",
            "image_72": "https:\/\/avatars.slack-edge.com\/2020-05-06\/1092095570535_b91365ff7b22e688f785_72.jpg",
            "first_name": "",
            "real_name": "Morgan Craft",
            "display_name": "Morgan Craft",
            "team": "TKFJE6LDR",
            "name": "morgan",
            "is_restricted": false,
            "is_ultra_restricted": false
        },
        "attachments": [
            {
                "fallback": "[thegooddocsproject\/templates] #149 feat(pr-template): initial work on template",
                "image_url": "https:\/\/user-images.githubusercontent.com\/89339\/84656410-a3121500-aee0-11ea-8cb0-47d474d64f52.gif",
                "image_width": 1073,
                "image_height": 931,
                "image_bytes": 9098373,
                "is_animated": true,
                "author_name": "mgan59",
                "text": "*Purpose \/ Why*\n\nAdding our initial PR Template so that we can improve our process for managing change-requests. Refers to issue <https:\/\/github.com\/thegooddocsproject\/templates\/issues\/122|#122>\n\n*What Changes Were Made?*\n\nCreated the `.githhub\/` folder and generated the corresponding `PULL_REQUEST_TEMPLATE.md` file and placed the template into the folder.\n\n*Verification*\n\nTo <https:\/\/github.com\/thegooddocsproject\/templates\/blob\/morgan-pr-template-initial\/.github\/PULL_REQUEST_TEMPLATE.md|view the RAW Version of the Template>\n\n*The Default Look When PR Opened*\n\n_Quick Visual_ of the default look of the PR Template inside of the PR Panel when opened.\n\n<https:\/\/user-images.githubusercontent.com\/89339\/84656410-a3121500-aee0-11ea-8cb0-47d474d64f52.gif|2020-06-15 08 15 51>\n\n*What the Process Looks Like to Fill-Out*\n\n_Quick Visual_ of what it looks like to fill it out, once merged it will auto-populate.\n\n<https:\/\/user-images.githubusercontent.com\/89339\/84655852-b4a6ed00-aedf-11ea-9afc-10070ee60d1f.gif|2020-06-15 08 07 41>\n\n* * *\n\n*Type of Change*\n\n&gt; *Pull-Request Opener* should select one of the following\n\n☐ *Template Updates* - _style_, _grammar_, _content_\n☐ *Template Structuring* - _moving template files and or folders_\n☑︎ *Tooling &amp; Support* - _updates to the repository tooling_\n\n* * *\n\n*Checklist*\n\n&gt; *Pull-Request Reviewer* should ensure the following\n\n☐ Are Issues Linked Correctly?\n☐ If, template updates do they align with Google StyleGuide?\n☐ Did the PR receive :+1: from core-maintainers?\n☐ On Merging PR, did you complete the merge using <https:\/\/help.github.com\/en\/github\/managing-your-work-on-github\/linking-a-pull-request-to-an-issue#manually-linking-a-pull-request-to-an-issue|keywords>?",
                "title": "#149 feat(pr-template): initial work on template",
                "footer": "<https:\/\/github.com\/thegooddocsproject\/templates|thegooddocsproject\/templates>",
                "id": 1,
                "title_link": "https:\/\/github.com\/thegooddocsproject\/templates\/pull\/149",
                "author_link": "https:\/\/github.com\/mgan59",
                "author_icon": "https:\/\/avatars3.githubusercontent.com\/u\/89339?v=4",
                "footer_icon": "https:\/\/github.githubassets.com\/favicon.ico",
                "ts": 1592222481,
                "color": "36a64f",
                "fields": [
                    {
                        "title": "Labels",
                        "value": "improve",
                        "short": true
                    }
                ],
                "mrkdwn_in": [
                    "text"
                ],
                "bot_id": "BU8U6P6AH",
                "app_unfurl_url": "https:\/\/github.com\/thegooddocsproject\/templates\/pull\/149",
                "is_app_unfurl": true
            }
        ],
        "blocks": [
            {
                "type": "rich_text",
                "block_id": "gPiHt",
                "elements": [
                    {
                        "type": "rich_text_section",
                        "elements": [
                            {
                                "type": "text",
                                "text": "Opened up a pull-request with the initial work on the PR-Template ("
                            },
                            {
                                "type": "link",
                                "url": "https:\/\/github.com\/thegooddocsproject\/templates\/pull\/149",
                                "text": "PR\/149"
                            },
                            {
                                "type": "text",
                                "text": ") for the Templates Repo  — "
                            },
                            {
                                "type": "text",
                                "text": "so meta….",
                                "style": {
                                    "italic": true
                                }
                            },
                            {
                                "type": "text",
                                "text": " Figured I’d get feedback on that template first before moving onto the PR-Template for the Proposal Repo.  I’m heads-down rest of the day with other work, so don’t feel the need to get feedback immediately and we can always discuss further on Wednesday’s Call."
                            }
                        ]
                    }
                ]
            }
        ],
        "thread_ts": "1592223909.376300",
        "reply_count": 2,
        "reply_users_count": 2,
        "latest_reply": "1592263127.379000",
        "reply_users": [
            "U012KCMPP0V",
            "U014J4MHWT1"
        ],
        "replies": [
            {
                "user": "U012KCMPP0V",
                "ts": "1592236026.376600"
            },
            {
                "user": "U014J4MHWT1",
                "ts": "1592263127.379000"
            }
        ],
        "subscribed": false,
        "reactions": [
            {
                "name": "100",
                "users": [
                    "UL2AA1FF1"
                ],
                "count": 1
            }
        ]
    },
    {
        "client_msg_id": "ed362e8e-e0f2-4d3c-b338-e313a51d9b95",
        "type": "message",
        "text": "Sweet! I think I also remember seeing that <@U014J4MHWT1> was talking about taking this on so I'm tagging him just so that he can be aware.",
        "user": "U012KCMPP0V",
        "ts": "1592236026.376600",
        "team": "TKFJE6LDR",
        "user_team": "TKFJE6LDR",
        "source_team": "TKFJE6LDR",
        "user_profile": {
            "avatar_hash": "b26729f0b5f2",
            "image_72": "https:\/\/avatars.slack-edge.com\/2020-04-27\/1089031639347_b26729f0b5f2375494a1_72.png",
            "first_name": "Alyssa",
            "real_name": "Alyssa",
            "display_name": "Alyssa",
            "team": "TKFJE6LDR",
            "name": "alyssa.rock.biz",
            "is_restricted": false,
            "is_ultra_restricted": false
        },
        "blocks": [
            {
                "type": "rich_text",
                "block_id": "fQj",
                "elements": [
                    {
                        "type": "rich_text_section",
                        "elements": [
                            {
                                "type": "text",
                                "text": "Sweet! I think I also remember seeing that "
                            },
                            {
                                "type": "user",
                                "user_id": "U014J4MHWT1"
                            },
                            {
                                "type": "text",
                                "text": " was talking about taking this on so I'm tagging him just so that he can be aware."
                            }
                        ]
                    }
                ]
            }
        ],
        "thread_ts": "1592223909.376300",
        "parent_user_id": "U012Y26QWNA"
    },
    {
        "client_msg_id": "2e9a704c-22e2-447a-99f5-ddc5a0da9728",
        "type": "message",
        "text": "hi folks! The SUSTAIN Good Docs WG met today (they're a group that formed at the SUSTAIN OSS conference in Brussels this past January ... back when we had conferences ...). <@U014V7JDGPM> from that group is also in this Slack. We discussed working on a guide for creating guides for contributors, including code, docs, marketing, design, and monetary contributions. This dovetails nicely with GDP work, so we'll see how we can coordinate as we go along!",
        "user": "UL2AA1FF1",
        "ts": "1592242269.378900",
        "team": "TKFJE6LDR",
        "user_team": "TKFJE6LDR",
        "source_team": "TKFJE6LDR",
        "user_profile": {
            "avatar_hash": "22135067b36d",
            "image_72": "https:\/\/avatars.slack-edge.com\/2019-10-23\/805254797908_22135067b36dfb715e99_72.jpg",
            "first_name": "",
            "real_name": "Erin McKean",
            "display_name": "Erin McKean",
            "team": "TKFJE6LDR",
            "name": "emckean",
            "is_restricted": false,
            "is_ultra_restricted": false
        },
        "blocks": [
            {
                "type": "rich_text",
                "block_id": "ogUi4",
                "elements": [
                    {
                        "type": "rich_text_section",
                        "elements": [
                            {
                                "type": "text",
                                "text": "hi folks! The SUSTAIN Good Docs WG met today (they're a group that formed at the SUSTAIN OSS conference in Brussels this past January ... back when we had conferences ...). "
                            },
                            {
                                "type": "user",
                                "user_id": "U014V7JDGPM"
                            },
                            {
                                "type": "text",
                                "text": " from that group is also in this Slack. We discussed working on a guide for creating guides for contributors, including code, docs, marketing, design, and monetary contributions. This dovetails nicely with GDP work, so we'll see how we can coordinate as we go along!"
                            }
                        ]
                    }
                ]
            }
        ],
        "reactions": [
            {
                "name": "+1",
                "users": [
                    "UKVC4NB71"
                ],
                "count": 1
            }
        ]
    },
    {
        "client_msg_id": "4a89b68e-962c-4d18-8a5e-4d7b5bbf5325",
        "type": "message",
        "text": "<@U012KCMPP0V> Very cool. Thanks for flagging this out to me.",
        "user": "U014J4MHWT1",
        "ts": "1592263127.379000",
        "team": "TKFJE6LDR",
        "user_team": "TKFJE6LDR",
        "source_team": "TKFJE6LDR",
        "user_profile": {
            "avatar_hash": "g2b43a5b26d4",
            "image_72": "https:\/\/secure.gravatar.com\/avatar\/2b43a5b26d45e4fdae6fece739836ec3.jpg?s=72&d=https%3A%2F%2Fa.slack-edge.com%2Fdf10d%2Fimg%2Favatars%2Fava_0015-72.png",
            "first_name": "Will",
            "real_name": "Will Kelly",
            "display_name": "Will Kelly",
            "team": "TKFJE6LDR",
            "name": "will",
            "is_restricted": false,
            "is_ultra_restricted": false
        },
        "blocks": [
            {
                "type": "rich_text",
                "block_id": "xvGL",
                "elements": [
                    {
                        "type": "rich_text_section",
                        "elements": [
                            {
                                "type": "user",
                                "user_id": "U012KCMPP0V"
                            },
                            {
                                "type": "text",
                                "text": " Very cool. Thanks for flagging this out to me."
                            }
                        ]
                    }
                ]
            }
        ],
        "thread_ts": "1592223909.376300",
        "parent_user_id": "U012Y26QWNA"
    },
    {
        "client_msg_id": "3e9e96e4-3431-4629-ba88-7f089021fbf8",
        "type": "message",
        "text": "Hello all! My name is Jerome and I'm a tech writer with an education-related background. I enjoy working on templates and I heard about this organization through this year's GSoD. I'm excited to learn more about the open source community and contribute in whatever way I can!",
        "user": "U01593CCKLN",
        "ts": "1592267946.380700",
        "team": "TKFJE6LDR",
        "user_team": "TKFJE6LDR",
        "source_team": "TKFJE6LDR",
        "user_profile": {
            "avatar_hash": "fbfc6fa35c7b",
            "image_72": "https:\/\/avatars.slack-edge.com\/2020-06-15\/1186070280147_fbfc6fa35c7b5a764219_72.jpg",
            "first_name": "",
            "real_name": "Jerome Villegas",
            "display_name": "Jerome Villegas",
            "team": "TKFJE6LDR",
            "name": "jeromefvillegas",
            "is_restricted": false,
            "is_ultra_restricted": false
        },
        "blocks": [
            {
                "type": "rich_text",
                "block_id": "0ETv",
                "elements": [
                    {
                        "type": "rich_text_section",
                        "elements": [
                            {
                                "type": "text",
                                "text": "Hello all! My name is Jerome and I'm a tech writer with an education-related background. I enjoy working on templates and I heard about this organization through this year's GSoD. I'm excited to learn more about the open source community and contribute in whatever way I can!"
                            }
                        ]
                    }
                ]
            }
        ],
        "reactions": [
            {
                "name": "wave",
                "users": [
                    "UQ553K7DY"
                ],
                "count": 1
            }
        ]
    }
]