[
    {
        "client_msg_id": "957ddf9d-fe0d-494f-8e37-9a09f1c121be",
        "type": "message",
        "text": "I'll be there too. Still haven't had a chance to do much yet though, that is about to change soon",
        "user": "U014V7JDGPM",
        "ts": "1593588587.435700",
        "team": "TKFJE6LDR",
        "user_team": "TKFJE6LDR",
        "source_team": "TKFJE6LDR",
        "user_profile": {
            "avatar_hash": "g35a44b69ae5",
            "image_72": "https:\/\/secure.gravatar.com\/avatar\/35a44b69ae5c2c1d250216f8ccc9d67c.jpg?s=72&d=https%3A%2F%2Fa.slack-edge.com%2Fdf10d%2Fimg%2Favatars%2Fava_0019-72.png",
            "first_name": "",
            "real_name": "ChrisChinchilla",
            "display_name": "ChrisChinchilla",
            "team": "TKFJE6LDR",
            "name": "chris",
            "is_restricted": false,
            "is_ultra_restricted": false
        },
        "blocks": [
            {
                "type": "rich_text",
                "block_id": "ykKs",
                "elements": [
                    {
                        "type": "rich_text_section",
                        "elements": [
                            {
                                "type": "text",
                                "text": "I'll be there too. Still haven't had a chance to do much yet though, that is about to change soon"
                            }
                        ]
                    }
                ]
            }
        ],
        "reactions": [
            {
                "name": "+1",
                "users": [
                    "UKTGLQNGG",
                    "UL2AA1FF1"
                ],
                "count": 2
            }
        ]
    },
    {
        "client_msg_id": "50bb4985-2564-4937-8f4a-ee9b23aee1e9",
        "type": "message",
        "text": "Google Season of Docs proposals are due to be submitted in a bit over a week. If you are planning to submit a proposal, please speak up and talk about it with the community. So far, I'm aware of ideas being prepared by <@UQ553K7DY>, <@U014V7JDGPM>, <@U011GCVJFQF>.  I suggest this be a topic for conversation at this week's meeting.",
        "user": "UKTGLQNGG",
        "ts": "1593601906.439500",
        "team": "TKFJE6LDR",
        "user_team": "TKFJE6LDR",
        "source_team": "TKFJE6LDR",
        "user_profile": {
            "avatar_hash": "d6f4de222bb1",
            "image_72": "https:\/\/avatars.slack-edge.com\/2020-07-20\/1235580478119_d6f4de222bb1ed6b5960_72.jpg",
            "first_name": "Cameron",
            "real_name": "Cameron Shorter",
            "display_name": "cameronshorter",
            "team": "TKFJE6LDR",
            "name": "cameron.shorter",
            "is_restricted": false,
            "is_ultra_restricted": false
        },
        "blocks": [
            {
                "type": "rich_text",
                "block_id": "bQkh",
                "elements": [
                    {
                        "type": "rich_text_section",
                        "elements": [
                            {
                                "type": "text",
                                "text": "Google Season of Docs proposals are due to be submitted in a bit over a week. If you are planning to submit a proposal, please speak up and talk about it with the community. So far, I'm aware of ideas being prepared by "
                            },
                            {
                                "type": "user",
                                "user_id": "UQ553K7DY"
                            },
                            {
                                "type": "text",
                                "text": ", "
                            },
                            {
                                "type": "user",
                                "user_id": "U014V7JDGPM"
                            },
                            {
                                "type": "text",
                                "text": ", "
                            },
                            {
                                "type": "user",
                                "user_id": "U011GCVJFQF"
                            },
                            {
                                "type": "text",
                                "text": ".  I suggest this be a topic for conversation at this week's meeting."
                            }
                        ]
                    }
                ]
            }
        ],
        "reactions": [
            {
                "name": "+1",
                "users": [
                    "UQ553K7DY"
                ],
                "count": 1
            }
        ]
    },
    {
        "client_msg_id": "38a3b025-048b-4fc4-8fba-bd02d2c5cd4a",
        "type": "message",
        "text": "Thanks for taking <https:\/\/github.com\/thegooddocsproject\/governance\/wiki\/Weekly-Meetings|minutes> <@UL2AA1FF1>",
        "user": "UKTGLQNGG",
        "ts": "1593641570.440400",
        "team": "TKFJE6LDR",
        "user_team": "TKFJE6LDR",
        "source_team": "TKFJE6LDR",
        "user_profile": {
            "avatar_hash": "d6f4de222bb1",
            "image_72": "https:\/\/avatars.slack-edge.com\/2020-07-20\/1235580478119_d6f4de222bb1ed6b5960_72.jpg",
            "first_name": "Cameron",
            "real_name": "Cameron Shorter",
            "display_name": "cameronshorter",
            "team": "TKFJE6LDR",
            "name": "cameron.shorter",
            "is_restricted": false,
            "is_ultra_restricted": false
        },
        "blocks": [
            {
                "type": "rich_text",
                "block_id": "x1aN",
                "elements": [
                    {
                        "type": "rich_text_section",
                        "elements": [
                            {
                                "type": "text",
                                "text": "Thanks for taking "
                            },
                            {
                                "type": "link",
                                "url": "https:\/\/github.com\/thegooddocsproject\/governance\/wiki\/Weekly-Meetings",
                                "text": "minutes"
                            },
                            {
                                "type": "text",
                                "text": " "
                            },
                            {
                                "type": "user",
                                "user_id": "UL2AA1FF1"
                            }
                        ]
                    }
                ]
            }
        ],
        "reactions": [
            {
                "name": "+1",
                "users": [
                    "UL2AA1FF1"
                ],
                "count": 1
            }
        ]
    }
]