[
    {
        "client_msg_id": "978fd764-3f8c-4ff1-ae95-045a9f8de9bb",
        "type": "message",
        "text": "I liked this outline of user\/contributor etiquette: <http:\/\/github.com\/kossnocorp\/etiquette|github.com\/kossnocorp\/etiquette>",
        "user": "UL2AA1FF1",
        "ts": "1592155869.372600",
        "team": "TKFJE6LDR",
        "user_team": "TKFJE6LDR",
        "source_team": "TKFJE6LDR",
        "user_profile": {
            "avatar_hash": "22135067b36d",
            "image_72": "https:\/\/avatars.slack-edge.com\/2019-10-23\/805254797908_22135067b36dfb715e99_72.jpg",
            "first_name": "",
            "real_name": "Erin McKean",
            "display_name": "Erin McKean",
            "team": "TKFJE6LDR",
            "name": "emckean",
            "is_restricted": false,
            "is_ultra_restricted": false
        },
        "blocks": [
            {
                "type": "rich_text",
                "block_id": "gRZGc",
                "elements": [
                    {
                        "type": "rich_text_section",
                        "elements": [
                            {
                                "type": "text",
                                "text": "I liked this outline of user\/contributor etiquette: "
                            },
                            {
                                "type": "link",
                                "url": "http:\/\/github.com\/kossnocorp\/etiquette",
                                "text": "github.com\/kossnocorp\/etiquette"
                            }
                        ]
                    }
                ]
            }
        ],
        "thread_ts": "1592155869.372600",
        "reply_count": 1,
        "reply_users_count": 1,
        "latest_reply": "1592172119.372700",
        "reply_users": [
            "UKTGLQNGG"
        ],
        "replies": [
            {
                "user": "UKTGLQNGG",
                "ts": "1592172119.372700"
            }
        ],
        "subscribed": false
    },
    {
        "client_msg_id": "a3a144a8-b17b-497e-b9fe-5e87949346cf",
        "type": "message",
        "text": "I see similarities with the Apache Code of Conduct. <https:\/\/www.apache.org\/foundation\/policies\/conduct#specific-guidelines>\nA few highlights:\n1. They describe the importance of being concise in communication,\n2. They use positive language. It is so much nicer to read \"We expect our community to be good\", rather than \"Don't be bad\".",
        "user": "UKTGLQNGG",
        "ts": "1592172119.372700",
        "team": "TKFJE6LDR",
        "user_team": "TKFJE6LDR",
        "source_team": "TKFJE6LDR",
        "user_profile": {
            "avatar_hash": "d6f4de222bb1",
            "image_72": "https:\/\/avatars.slack-edge.com\/2020-07-20\/1235580478119_d6f4de222bb1ed6b5960_72.jpg",
            "first_name": "Cameron",
            "real_name": "Cameron Shorter",
            "display_name": "cameronshorter",
            "team": "TKFJE6LDR",
            "name": "cameron.shorter",
            "is_restricted": false,
            "is_ultra_restricted": false
        },
        "edited": {
            "user": "UKTGLQNGG",
            "ts": "1592172228.000000"
        },
        "attachments": [
            {
                "title": "Code of Conduct",
                "title_link": "https:\/\/www.apache.org\/foundation\/policies\/conduct#specific-guidelines",
                "text": "Home page of The Apache Software Foundation",
                "fallback": "Code of Conduct",
                "from_url": "https:\/\/www.apache.org\/foundation\/policies\/conduct#specific-guidelines",
                "service_icon": "https:\/\/www.apache.org\/favicons\/apple-touch-icon-57x57.png",
                "service_name": "apache.org",
                "id": 1,
                "original_url": "https:\/\/www.apache.org\/foundation\/policies\/conduct#specific-guidelines"
            }
        ],
        "blocks": [
            {
                "type": "rich_text",
                "block_id": "blY",
                "elements": [
                    {
                        "type": "rich_text_section",
                        "elements": [
                            {
                                "type": "text",
                                "text": "I see similarities with the Apache Code of Conduct. "
                            },
                            {
                                "type": "link",
                                "url": "https:\/\/www.apache.org\/foundation\/policies\/conduct#specific-guidelines"
                            },
                            {
                                "type": "text",
                                "text": "\nA few highlights:\n"
                            }
                        ]
                    },
                    {
                        "type": "rich_text_list",
                        "elements": [
                            {
                                "type": "rich_text_section",
                                "elements": [
                                    {
                                        "type": "text",
                                        "text": "They describe the importance of being concise in communication,"
                                    }
                                ]
                            },
                            {
                                "type": "rich_text_section",
                                "elements": [
                                    {
                                        "type": "text",
                                        "text": "They use positive language. It is so much nicer to read \"We expect our community to be good\", rather than \"Don't be bad\"."
                                    }
                                ]
                            }
                        ],
                        "style": "ordered",
                        "indent": 0
                    }
                ]
            }
        ],
        "thread_ts": "1592155869.372600",
        "parent_user_id": "UL2AA1FF1"
    }
]