[
    {
        "client_msg_id": "4c72c901-9d7f-49d9-9043-8b46fa2e1dd5",
        "type": "message",
        "text": "Hi Team,\nI am Ankita Tripathi, working as a Technical Writer for 3+ years now. I have re-designed and re-written the entire product documentation recently for my company, Unbxd.\nApart from that, I have written technical docs around Cloud technology and Wi-Fi tech as well. I also handle a community of writers and have handled events at Microsoft and Facebook Leadership Circles.\nI would love to become a part of GoodDocsProject because this is one project that resonates so well with my own work parameters and system.\nI am soooooo looking forward to meet you people and learn as much as I can.\nThank you <@UKTGLQNGG> for the opportunity.\nKnow more about me: <https:\/\/www.linkedin.com\/in\/writer-tripathi\/>",
        "user": "U0170HMB87K",
        "ts": "1594100022.478100",
        "team": "TKFJE6LDR",
        "user_team": "TKFJE6LDR",
        "source_team": "TKFJE6LDR",
        "user_profile": {
            "avatar_hash": "f39553b0636b",
            "image_72": "https:\/\/avatars.slack-edge.com\/2020-07-22\/1249269540710_f39553b0636b29704992_72.jpg",
            "first_name": "",
            "real_name": "Ankita",
            "display_name": "Ankita",
            "team": "TKFJE6LDR",
            "name": "ankitatripathi.2312",
            "is_restricted": false,
            "is_ultra_restricted": false
        },
        "blocks": [
            {
                "type": "rich_text",
                "block_id": "pk+",
                "elements": [
                    {
                        "type": "rich_text_section",
                        "elements": [
                            {
                                "type": "text",
                                "text": "Hi Team,\nI am Ankita Tripathi, working as a Technical Writer for 3+ years now. I have re-designed and re-written the entire product documentation recently for my company, Unbxd.\nApart from that, I have written technical docs around Cloud technology and Wi-Fi tech as well. I also handle a community of writers and have handled events at Microsoft and Facebook Leadership Circles.\nI would love to become a part of GoodDocsProject because this is one project that resonates so well with my own work parameters and system.\nI am soooooo looking forward to meet you people and learn as much as I can.\nThank you "
                            },
                            {
                                "type": "user",
                                "user_id": "UKTGLQNGG"
                            },
                            {
                                "type": "text",
                                "text": " for the opportunity.\nKnow more about me: "
                            },
                            {
                                "type": "link",
                                "url": "https:\/\/www.linkedin.com\/in\/writer-tripathi\/"
                            }
                        ]
                    }
                ]
            }
        ]
    },
    {
        "client_msg_id": "bc036969-9f5c-4baf-b41f-e06d29914c57",
        "type": "message",
        "text": "Welcome Ankita, we do have some very promising proposals being developed and discussed in our forums, (due this week). There will be room for volunteering as mentioned, and it sounds like your background will be well aligned with what we are trying to achieve. I've sent you an invite to our weekly meeting. (I've set an extra meeting slot this week for the Australians on this call, which should be easier for you to get to.)",
        "user": "UKTGLQNGG",
        "ts": "1594100825.482400",
        "team": "TKFJE6LDR",
        "user_team": "TKFJE6LDR",
        "source_team": "TKFJE6LDR",
        "user_profile": {
            "avatar_hash": "d6f4de222bb1",
            "image_72": "https:\/\/avatars.slack-edge.com\/2020-07-20\/1235580478119_d6f4de222bb1ed6b5960_72.jpg",
            "first_name": "Cameron",
            "real_name": "Cameron Shorter",
            "display_name": "cameronshorter",
            "team": "TKFJE6LDR",
            "name": "cameron.shorter",
            "is_restricted": false,
            "is_ultra_restricted": false
        },
        "blocks": [
            {
                "type": "rich_text",
                "block_id": "QeT0c",
                "elements": [
                    {
                        "type": "rich_text_section",
                        "elements": [
                            {
                                "type": "text",
                                "text": "Welcome Ankita, we do have some very promising proposals being developed and discussed in our forums, (due this week). There will be room for volunteering as mentioned, and it sounds like your background will be well aligned with what we are trying to achieve. I've sent you an invite to our weekly meeting. (I've set an extra meeting slot this week for the Australians on this call, which should be easier for you to get to.)"
                            }
                        ]
                    }
                ]
            }
        ]
    },
    {
        "client_msg_id": "078575c8-9b5f-415c-b2e7-8ee7a76b84ff",
        "type": "message",
        "text": "Extra meeting set for this week for 8:30pm Wednesday, Australian Eastern Standard time. Suggested topic is discussing Season of Docs proposals from Lana, Daniel, Chris.",
        "user": "UKTGLQNGG",
        "ts": "1594100961.484000",
        "team": "TKFJE6LDR",
        "user_team": "TKFJE6LDR",
        "source_team": "TKFJE6LDR",
        "user_profile": {
            "avatar_hash": "d6f4de222bb1",
            "image_72": "https:\/\/avatars.slack-edge.com\/2020-07-20\/1235580478119_d6f4de222bb1ed6b5960_72.jpg",
            "first_name": "Cameron",
            "real_name": "Cameron Shorter",
            "display_name": "cameronshorter",
            "team": "TKFJE6LDR",
            "name": "cameron.shorter",
            "is_restricted": false,
            "is_ultra_restricted": false
        },
        "blocks": [
            {
                "type": "rich_text",
                "block_id": "qwF=3",
                "elements": [
                    {
                        "type": "rich_text_section",
                        "elements": [
                            {
                                "type": "text",
                                "text": "Extra meeting set for this week for 8:30pm Wednesday, Australian Eastern Standard time. Suggested topic is discussing Season of Docs proposals from Lana, Daniel, Chris."
                            }
                        ]
                    }
                ]
            }
        ],
        "thread_ts": "1594100961.484000",
        "reply_count": 1,
        "reply_users_count": 1,
        "latest_reply": "1594101176.484100",
        "reply_users": [
            "U0170HMB87K"
        ],
        "replies": [
            {
                "user": "U0170HMB87K",
                "ts": "1594101176.484100"
            }
        ],
        "subscribed": false
    },
    {
        "client_msg_id": "8c6e86af-b1a3-480e-9a95-a3af85072285",
        "type": "message",
        "text": "Looking forward to it! :star-struck::star-struck:",
        "user": "U0170HMB87K",
        "ts": "1594101176.484100",
        "team": "TKFJE6LDR",
        "user_team": "TKFJE6LDR",
        "source_team": "TKFJE6LDR",
        "user_profile": {
            "avatar_hash": "f39553b0636b",
            "image_72": "https:\/\/avatars.slack-edge.com\/2020-07-22\/1249269540710_f39553b0636b29704992_72.jpg",
            "first_name": "",
            "real_name": "Ankita",
            "display_name": "Ankita",
            "team": "TKFJE6LDR",
            "name": "ankitatripathi.2312",
            "is_restricted": false,
            "is_ultra_restricted": false
        },
        "blocks": [
            {
                "type": "rich_text",
                "block_id": "Rch\/",
                "elements": [
                    {
                        "type": "rich_text_section",
                        "elements": [
                            {
                                "type": "text",
                                "text": "Looking forward to it! "
                            },
                            {
                                "type": "emoji",
                                "name": "star-struck"
                            },
                            {
                                "type": "emoji",
                                "name": "star-struck"
                            }
                        ]
                    }
                ]
            }
        ],
        "thread_ts": "1594100961.484000",
        "parent_user_id": "UKTGLQNGG"
    }
]