[
    {
        "bot_id": "B01",
        "type": "message",
        "text": "Reminder: remember to add items to the Weekly Meeting agenda before our meeting Wednesdays UTC 21:00!",
        "user": "USLACKBOT",
        "ts": "1593532824.429100",
        "team": "TKFJE6LDR"
    },
    {
        "client_msg_id": "fa9bf7e8-c7cd-4d3b-b328-a75c973a8276",
        "type": "message",
        "text": "<@UQ553K7DY> it would be good to check in with you and others in the AU timezone, before the US timezone meeting (7am tomorrow for us on the Australian East Coast). In particular, I'd like to\n1. Discuss your proposal ideas for templates and architecture and how we should start moving them forward.\n2. See whether there is a timeslot which works for us to talk with the US.\nI'm flexible re time. Should we try again for 8:30pm tonight, Wed 1 July? <@UKVC4NB71> <@UKV4ZPEFQ> would you join us?",
        "user": "UKTGLQNGG",
        "ts": "1593553646.433500",
        "team": "TKFJE6LDR",
        "user_team": "TKFJE6LDR",
        "source_team": "TKFJE6LDR",
        "user_profile": {
            "avatar_hash": "d6f4de222bb1",
            "image_72": "https:\/\/avatars.slack-edge.com\/2020-07-20\/1235580478119_d6f4de222bb1ed6b5960_72.jpg",
            "first_name": "Cameron",
            "real_name": "Cameron Shorter",
            "display_name": "cameronshorter",
            "team": "TKFJE6LDR",
            "name": "cameron.shorter",
            "is_restricted": false,
            "is_ultra_restricted": false
        },
        "edited": {
            "user": "UKTGLQNGG",
            "ts": "1593553853.000000"
        },
        "blocks": [
            {
                "type": "rich_text",
                "block_id": "5ZK7q",
                "elements": [
                    {
                        "type": "rich_text_section",
                        "elements": [
                            {
                                "type": "user",
                                "user_id": "UQ553K7DY"
                            },
                            {
                                "type": "text",
                                "text": " it would be good to check in with you and others in the AU timezone, before the US timezone meeting (7am tomorrow for us on the Australian East Coast). In particular, I'd like to\n1. Discuss your proposal ideas for templates and architecture and how we should start moving them forward.\n2. See whether there is a timeslot which works for us to talk with the US.\nI'm flexible re time. Should we try again for 8:30pm tonight, Wed 1 July? "
                            },
                            {
                                "type": "user",
                                "user_id": "UKVC4NB71"
                            },
                            {
                                "type": "text",
                                "text": " "
                            },
                            {
                                "type": "user",
                                "user_id": "UKV4ZPEFQ"
                            },
                            {
                                "type": "text",
                                "text": " would you join us?"
                            }
                        ]
                    }
                ]
            }
        ]
    },
    {
        "client_msg_id": "0add202e-e047-4f82-8eae-6cc395866c98",
        "type": "message",
        "text": "Lets give it a go <@UKTGLQNGG>.",
        "user": "UKVC4NB71",
        "ts": "1593555770.433900",
        "team": "TKFJE6LDR",
        "user_team": "TKFJE6LDR",
        "source_team": "TKFJE6LDR",
        "user_profile": {
            "avatar_hash": "c7d9788d4436",
            "image_72": "https:\/\/avatars.slack-edge.com\/2019-10-30\/814314609877_c7d9788d4436969613a7_72.jpg",
            "first_name": "Jared",
            "real_name": "Jared Morgan",
            "display_name": "jaredmorgs",
            "team": "TKFJE6LDR",
            "name": "jaredleonmorgan",
            "is_restricted": false,
            "is_ultra_restricted": false
        },
        "blocks": [
            {
                "type": "rich_text",
                "block_id": "bVs",
                "elements": [
                    {
                        "type": "rich_text_section",
                        "elements": [
                            {
                                "type": "text",
                                "text": "Lets give it a go "
                            },
                            {
                                "type": "user",
                                "user_id": "UKTGLQNGG"
                            },
                            {
                                "type": "text",
                                "text": "."
                            }
                        ]
                    }
                ]
            }
        ]
    },
    {
        "client_msg_id": "2c6cdc1f-c30f-489c-9a1e-7c5b202c3ea4",
        "type": "message",
        "text": "yep, i'm happy with that",
        "user": "UQ553K7DY",
        "ts": "1593563602.434100",
        "team": "TKFJE6LDR",
        "user_team": "TKFJE6LDR",
        "source_team": "TKFJE6LDR",
        "user_profile": {
            "avatar_hash": "e0f8604c1079",
            "image_72": "https:\/\/avatars.slack-edge.com\/2020-10-26\/1445509834998_e0f8604c1079f923f3e9_72.png",
            "first_name": "Loquacity",
            "real_name": "Loquacity",
            "display_name": "Loquacity",
            "team": "TKFJE6LDR",
            "name": "slack1",
            "is_restricted": false,
            "is_ultra_restricted": false
        },
        "blocks": [
            {
                "type": "rich_text",
                "block_id": "9To",
                "elements": [
                    {
                        "type": "rich_text_section",
                        "elements": [
                            {
                                "type": "text",
                                "text": "yep, i'm happy with that"
                            }
                        ]
                    }
                ]
            }
        ]
    },
    {
        "client_msg_id": "3507028f-27f5-47d0-acb9-0d06d3d9ffbc",
        "type": "message",
        "text": "since it's school holidays, i was going to join thursday morning too",
        "user": "UQ553K7DY",
        "ts": "1593563617.434600",
        "team": "TKFJE6LDR",
        "user_team": "TKFJE6LDR",
        "source_team": "TKFJE6LDR",
        "user_profile": {
            "avatar_hash": "e0f8604c1079",
            "image_72": "https:\/\/avatars.slack-edge.com\/2020-10-26\/1445509834998_e0f8604c1079f923f3e9_72.png",
            "first_name": "Loquacity",
            "real_name": "Loquacity",
            "display_name": "Loquacity",
            "team": "TKFJE6LDR",
            "name": "slack1",
            "is_restricted": false,
            "is_ultra_restricted": false
        },
        "blocks": [
            {
                "type": "rich_text",
                "block_id": "1\/gY",
                "elements": [
                    {
                        "type": "rich_text_section",
                        "elements": [
                            {
                                "type": "text",
                                "text": "since it's school holidays, i was going to join thursday morning too"
                            }
                        ]
                    }
                ]
            }
        ],
        "reactions": [
            {
                "name": "+1",
                "users": [
                    "UKTGLQNGG",
                    "UL2AA1FF1"
                ],
                "count": 2
            }
        ]
    },
    {
        "client_msg_id": "0f9e9012-3fe4-47eb-8a7c-21eaead0fb83",
        "type": "message",
        "text": "I can try! :steam_locomotive:",
        "user": "UKV4ZPEFQ",
        "ts": "1593566982.435100",
        "team": "TKFJE6LDR",
        "user_team": "TKFJE6LDR",
        "source_team": "TKFJE6LDR",
        "user_profile": {
            "avatar_hash": "g854c628ef64",
            "image_72": "https:\/\/secure.gravatar.com\/avatar\/6854c628ef64a4c129a994522e17cdf2.jpg?s=72&d=https%3A%2F%2Fa.slack-edge.com%2Fdf10d%2Fimg%2Favatars%2Fava_0007-72.png",
            "first_name": "felicitybrand",
            "real_name": "felicitybrand",
            "display_name": "flicstar",
            "team": "TKFJE6LDR",
            "name": "felicitybrand",
            "is_restricted": false,
            "is_ultra_restricted": false
        },
        "blocks": [
            {
                "type": "rich_text",
                "block_id": "q6Oh9",
                "elements": [
                    {
                        "type": "rich_text_section",
                        "elements": [
                            {
                                "type": "text",
                                "text": "I can try! "
                            },
                            {
                                "type": "emoji",
                                "name": "steam_locomotive"
                            }
                        ]
                    }
                ]
            }
        ]
    }
]