[
    {
        "client_msg_id": "d31dbb26-28e3-45a7-8255-c86d29ed79fb",
        "type": "message",
        "text": "Also all… I am ready to start moving some of my repos to the GDP organisation on GithHub, but to do that, I need…\n\n&gt; Transfer this repository to another user or to an organization where you have the ability to create repositories.\n",
        "user": "U014V7JDGPM",
        "ts": "1593703107.441200",
        "team": "TKFJE6LDR",
        "user_team": "TKFJE6LDR",
        "source_team": "TKFJE6LDR",
        "user_profile": {
            "avatar_hash": "g35a44b69ae5",
            "image_72": "https:\/\/secure.gravatar.com\/avatar\/35a44b69ae5c2c1d250216f8ccc9d67c.jpg?s=72&d=https%3A%2F%2Fa.slack-edge.com%2Fdf10d%2Fimg%2Favatars%2Fava_0019-72.png",
            "first_name": "",
            "real_name": "ChrisChinchilla",
            "display_name": "ChrisChinchilla",
            "team": "TKFJE6LDR",
            "name": "chris",
            "is_restricted": false,
            "is_ultra_restricted": false
        },
        "blocks": [
            {
                "type": "rich_text",
                "block_id": "woKy",
                "elements": [
                    {
                        "type": "rich_text_section",
                        "elements": [
                            {
                                "type": "text",
                                "text": "Also all… I am ready to start moving some of my repos to the GDP organisation on GithHub, but to do that, I need…\n\n"
                            }
                        ]
                    },
                    {
                        "type": "rich_text_quote",
                        "elements": [
                            {
                                "type": "text",
                                "text": "Transfer this repository to another user or to an organization where you have the ability to create repositories."
                            }
                        ]
                    },
                    {
                        "type": "rich_text_section",
                        "elements": []
                    }
                ]
            }
        ]
    },
    {
        "client_msg_id": "ed82e49d-d76a-48c9-b1cc-12667395c039",
        "type": "message",
        "text": "Even if someone could give me that access temporarily, that would be grand. There are other options if that's not possible.",
        "user": "U014V7JDGPM",
        "ts": "1593703145.442000",
        "team": "TKFJE6LDR",
        "user_team": "TKFJE6LDR",
        "source_team": "TKFJE6LDR",
        "user_profile": {
            "avatar_hash": "g35a44b69ae5",
            "image_72": "https:\/\/secure.gravatar.com\/avatar\/35a44b69ae5c2c1d250216f8ccc9d67c.jpg?s=72&d=https%3A%2F%2Fa.slack-edge.com%2Fdf10d%2Fimg%2Favatars%2Fava_0019-72.png",
            "first_name": "",
            "real_name": "ChrisChinchilla",
            "display_name": "ChrisChinchilla",
            "team": "TKFJE6LDR",
            "name": "chris",
            "is_restricted": false,
            "is_ultra_restricted": false
        },
        "blocks": [
            {
                "type": "rich_text",
                "block_id": "NEl",
                "elements": [
                    {
                        "type": "rich_text_section",
                        "elements": [
                            {
                                "type": "text",
                                "text": "Even if someone could give me that access temporarily, that would be grand. There are other options if that's not possible."
                            }
                        ]
                    }
                ]
            }
        ]
    },
    {
        "client_msg_id": "12d9df62-95e5-4db1-b99c-7a786163e480",
        "type": "message",
        "text": "Hey Chris, this sounds like it would be valuable. I suggest we first debate what is coming in. I think we should collectively do a sanity check to make sure what you are bringing in is relevant to our project. I reckon start by sending an email listing what you propose to bring in, what each item does, why it is relevant, and any other comments - maybe ideas about how you propose it should progress from here.",
        "user": "UKTGLQNGG",
        "ts": "1593718912.446600",
        "team": "TKFJE6LDR",
        "user_team": "TKFJE6LDR",
        "source_team": "TKFJE6LDR",
        "user_profile": {
            "avatar_hash": "d6f4de222bb1",
            "image_72": "https:\/\/avatars.slack-edge.com\/2020-07-20\/1235580478119_d6f4de222bb1ed6b5960_72.jpg",
            "first_name": "Cameron",
            "real_name": "Cameron Shorter",
            "display_name": "cameronshorter",
            "team": "TKFJE6LDR",
            "name": "cameron.shorter",
            "is_restricted": false,
            "is_ultra_restricted": false
        },
        "blocks": [
            {
                "type": "rich_text",
                "block_id": "=B8H",
                "elements": [
                    {
                        "type": "rich_text_section",
                        "elements": [
                            {
                                "type": "text",
                                "text": "Hey Chris, this sounds like it would be valuable. I suggest we first debate what is coming in. I think we should collectively do a sanity check to make sure what you are bringing in is relevant to our project. I reckon start by sending an email listing what you propose to bring in, what each item does, why it is relevant, and any other comments - maybe ideas about how you propose it should progress from here."
                            }
                        ]
                    }
                ]
            }
        ]
    },
    {
        "client_msg_id": "c4b0f17a-fdcb-47c2-b825-a580fd25d2f8",
        "type": "message",
        "text": "Re getting you git permissions. We should apply our \"yet to be confirmed\" onboarding process. Erin has one started somewhere, but I think the key questions are: 1. Are you a competent writer? 2. Is your heart in the right place, do you want to help the community? 3. Are you planning to stick around? <@U014V7JDGPM> I'm getting the impression that you would answer Yes to all three of these?",
        "user": "UKTGLQNGG",
        "ts": "1593719425.450200",
        "team": "TKFJE6LDR",
        "user_team": "TKFJE6LDR",
        "source_team": "TKFJE6LDR",
        "user_profile": {
            "avatar_hash": "d6f4de222bb1",
            "image_72": "https:\/\/avatars.slack-edge.com\/2020-07-20\/1235580478119_d6f4de222bb1ed6b5960_72.jpg",
            "first_name": "Cameron",
            "real_name": "Cameron Shorter",
            "display_name": "cameronshorter",
            "team": "TKFJE6LDR",
            "name": "cameron.shorter",
            "is_restricted": false,
            "is_ultra_restricted": false
        },
        "blocks": [
            {
                "type": "rich_text",
                "block_id": "X1A",
                "elements": [
                    {
                        "type": "rich_text_section",
                        "elements": [
                            {
                                "type": "text",
                                "text": "Re getting you git permissions. We should apply our \"yet to be confirmed\" onboarding process. Erin has one started somewhere, but I think the key questions are: 1. Are you a competent writer? 2. Is your heart in the right place, do you want to help the community? 3. Are you planning to stick around? "
                            },
                            {
                                "type": "user",
                                "user_id": "U014V7JDGPM"
                            },
                            {
                                "type": "text",
                                "text": " I'm getting the impression that you would answer Yes to all three of these?"
                            }
                        ]
                    }
                ]
            }
        ]
    },
    {
        "client_msg_id": "d44eb1f2-a1f3-4bd0-b7d9-c39066a3abcb",
        "type": "message",
        "text": "<@UL2AA1FF1> re my <https:\/\/docs.google.com\/document\/d\/1upcuwvc1BuvrMFqtcekBIs_ygjR91G40oOpPf3jOnxE\/edit?disco=AAAAJvlE7ns|first comment> on your sponsor processes doc, I'm proposing we flip the process from being initiated by each proposal coming in, to being initiated by us starting a call-for-proposals timeline. The second is easier to manage. If you are ok with that, then I can go in and provide feedback on the rest of the doc, which I feel will be simplified. It also reduces the need for bots. (I have to confess that I am not a fan of being talked to by a bot.)",
        "user": "UKTGLQNGG",
        "ts": "1593720036.455300",
        "team": "TKFJE6LDR",
        "user_team": "TKFJE6LDR",
        "source_team": "TKFJE6LDR",
        "user_profile": {
            "avatar_hash": "d6f4de222bb1",
            "image_72": "https:\/\/avatars.slack-edge.com\/2020-07-20\/1235580478119_d6f4de222bb1ed6b5960_72.jpg",
            "first_name": "Cameron",
            "real_name": "Cameron Shorter",
            "display_name": "cameronshorter",
            "team": "TKFJE6LDR",
            "name": "cameron.shorter",
            "is_restricted": false,
            "is_ultra_restricted": false
        },
        "blocks": [
            {
                "type": "rich_text",
                "block_id": "zqSR9",
                "elements": [
                    {
                        "type": "rich_text_section",
                        "elements": [
                            {
                                "type": "user",
                                "user_id": "UL2AA1FF1"
                            },
                            {
                                "type": "text",
                                "text": " re my "
                            },
                            {
                                "type": "link",
                                "url": "https:\/\/docs.google.com\/document\/d\/1upcuwvc1BuvrMFqtcekBIs_ygjR91G40oOpPf3jOnxE\/edit?disco=AAAAJvlE7ns",
                                "text": "first comment"
                            },
                            {
                                "type": "text",
                                "text": " on your sponsor processes doc, I'm proposing we flip the process from being initiated by each proposal coming in, to being initiated by us starting a call-for-proposals timeline. The second is easier to manage. If you are ok with that, then I can go in and provide feedback on the rest of the doc, which I feel will be simplified. It also reduces the need for bots. (I have to confess that I am not a fan of being talked to by a bot.)"
                            }
                        ]
                    }
                ]
            }
        ]
    },
    {
        "client_msg_id": "6ebf00c8-666a-43f1-95c6-64be4f1a577f",
        "type": "message",
        "text": "I would rather not flip the process to depend on another process that we don't have yet",
        "user": "UL2AA1FF1",
        "ts": "1593720086.455800",
        "team": "TKFJE6LDR",
        "user_team": "TKFJE6LDR",
        "source_team": "TKFJE6LDR",
        "user_profile": {
            "avatar_hash": "22135067b36d",
            "image_72": "https:\/\/avatars.slack-edge.com\/2019-10-23\/805254797908_22135067b36dfb715e99_72.jpg",
            "first_name": "",
            "real_name": "Erin McKean",
            "display_name": "Erin McKean",
            "team": "TKFJE6LDR",
            "name": "emckean",
            "is_restricted": false,
            "is_ultra_restricted": false
        },
        "blocks": [
            {
                "type": "rich_text",
                "block_id": "RQGrY",
                "elements": [
                    {
                        "type": "rich_text_section",
                        "elements": [
                            {
                                "type": "text",
                                "text": "I would rather not flip the process to depend on another process that we don't have yet"
                            }
                        ]
                    }
                ]
            }
        ]
    },
    {
        "client_msg_id": "347aa19f-19bc-4cb4-bb07-712403bd9804",
        "type": "message",
        "text": "that will delay getting funding on my end",
        "user": "UL2AA1FF1",
        "ts": "1593720098.456100",
        "team": "TKFJE6LDR",
        "user_team": "TKFJE6LDR",
        "source_team": "TKFJE6LDR",
        "user_profile": {
            "avatar_hash": "22135067b36d",
            "image_72": "https:\/\/avatars.slack-edge.com\/2019-10-23\/805254797908_22135067b36dfb715e99_72.jpg",
            "first_name": "",
            "real_name": "Erin McKean",
            "display_name": "Erin McKean",
            "team": "TKFJE6LDR",
            "name": "emckean",
            "is_restricted": false,
            "is_ultra_restricted": false
        },
        "blocks": [
            {
                "type": "rich_text",
                "block_id": "4gtU",
                "elements": [
                    {
                        "type": "rich_text_section",
                        "elements": [
                            {
                                "type": "text",
                                "text": "that will delay getting funding on my end"
                            }
                        ]
                    }
                ]
            }
        ]
    },
    {
        "client_msg_id": "f72f9ec0-c31c-4c79-ab8f-fa119be118aa",
        "type": "message",
        "text": "(and you won't be talked to by a bot in any case since as a googler you're not really eligible to submit proposals :joy: )",
        "user": "UL2AA1FF1",
        "ts": "1593720163.456700",
        "team": "TKFJE6LDR",
        "user_team": "TKFJE6LDR",
        "source_team": "TKFJE6LDR",
        "user_profile": {
            "avatar_hash": "22135067b36d",
            "image_72": "https:\/\/avatars.slack-edge.com\/2019-10-23\/805254797908_22135067b36dfb715e99_72.jpg",
            "first_name": "",
            "real_name": "Erin McKean",
            "display_name": "Erin McKean",
            "team": "TKFJE6LDR",
            "name": "emckean",
            "is_restricted": false,
            "is_ultra_restricted": false
        },
        "blocks": [
            {
                "type": "rich_text",
                "block_id": "xKeS",
                "elements": [
                    {
                        "type": "rich_text_section",
                        "elements": [
                            {
                                "type": "text",
                                "text": "(and you won't be talked to by a bot in any case since as a googler you're not really eligible to submit proposals "
                            },
                            {
                                "type": "emoji",
                                "name": "joy"
                            },
                            {
                                "type": "text",
                                "text": " )"
                            }
                        ]
                    }
                ]
            }
        ]
    },
    {
        "client_msg_id": "cdf7f982-29f1-40ac-abc5-b5027964136c",
        "type": "message",
        "text": "<@UL2AA1FF1>, I have concerns about overhead we are introducing upon ourselves. from this document. I note your concerns re having a process in place ASAP. In that regard, I suggest that we remove reference to anything which is not written and baselined yet.",
        "user": "UKTGLQNGG",
        "ts": "1593734696.459800",
        "team": "TKFJE6LDR",
        "user_team": "TKFJE6LDR",
        "source_team": "TKFJE6LDR",
        "user_profile": {
            "avatar_hash": "d6f4de222bb1",
            "image_72": "https:\/\/avatars.slack-edge.com\/2020-07-20\/1235580478119_d6f4de222bb1ed6b5960_72.jpg",
            "first_name": "Cameron",
            "real_name": "Cameron Shorter",
            "display_name": "cameronshorter",
            "team": "TKFJE6LDR",
            "name": "cameron.shorter",
            "is_restricted": false,
            "is_ultra_restricted": false
        },
        "blocks": [
            {
                "type": "rich_text",
                "block_id": "0=A5",
                "elements": [
                    {
                        "type": "rich_text_section",
                        "elements": [
                            {
                                "type": "user",
                                "user_id": "UL2AA1FF1"
                            },
                            {
                                "type": "text",
                                "text": ", I have concerns about overhead we are introducing upon ourselves. from this document. I note your concerns re having a process in place ASAP. In that regard, I suggest that we remove reference to anything which is not written and baselined yet."
                            }
                        ]
                    }
                ]
            }
        ]
    },
    {
        "client_msg_id": "82c8fb43-c8ea-4801-9f56-b055cf2457cc",
        "type": "message",
        "text": "In particular, I have concerns about using bots for interacting with the community. Mainly because I think they are impersonal, but also because they introduce technical debt we need to maintain, and because we haven't written them yet.",
        "user": "UKTGLQNGG",
        "ts": "1593734787.461600",
        "team": "TKFJE6LDR",
        "user_team": "TKFJE6LDR",
        "source_team": "TKFJE6LDR",
        "user_profile": {
            "avatar_hash": "d6f4de222bb1",
            "image_72": "https:\/\/avatars.slack-edge.com\/2020-07-20\/1235580478119_d6f4de222bb1ed6b5960_72.jpg",
            "first_name": "Cameron",
            "real_name": "Cameron Shorter",
            "display_name": "cameronshorter",
            "team": "TKFJE6LDR",
            "name": "cameron.shorter",
            "is_restricted": false,
            "is_ultra_restricted": false
        },
        "blocks": [
            {
                "type": "rich_text",
                "block_id": "X+F",
                "elements": [
                    {
                        "type": "rich_text_section",
                        "elements": [
                            {
                                "type": "text",
                                "text": "In particular, I have concerns about using bots for interacting with the community. Mainly because I think they are impersonal, but also because they introduce technical debt we need to maintain, and because we haven't written them yet."
                            }
                        ]
                    }
                ]
            }
        ]
    },
    {
        "client_msg_id": "e8bee0d0-ec5e-410b-88f9-782e27a3eea0",
        "type": "message",
        "text": "I put in the references to the bots because in the earlier doc you were concerned about the overhead on the humans :joy:",
        "user": "UL2AA1FF1",
        "ts": "1593746356.462100",
        "team": "TKFJE6LDR",
        "user_team": "TKFJE6LDR",
        "source_team": "TKFJE6LDR",
        "user_profile": {
            "avatar_hash": "22135067b36d",
            "image_72": "https:\/\/avatars.slack-edge.com\/2019-10-23\/805254797908_22135067b36dfb715e99_72.jpg",
            "first_name": "",
            "real_name": "Erin McKean",
            "display_name": "Erin McKean",
            "team": "TKFJE6LDR",
            "name": "emckean",
            "is_restricted": false,
            "is_ultra_restricted": false
        },
        "blocks": [
            {
                "type": "rich_text",
                "block_id": "a=s",
                "elements": [
                    {
                        "type": "rich_text_section",
                        "elements": [
                            {
                                "type": "text",
                                "text": "I put in the references to the bots because in the earlier doc you were concerned about the overhead on the humans "
                            },
                            {
                                "type": "emoji",
                                "name": "joy"
                            }
                        ]
                    }
                ]
            }
        ]
    },
    {
        "client_msg_id": "98a7e6fa-c8e4-4189-a9cd-8f926fdfbba3",
        "type": "message",
        "text": "how about this: I commit 100% to either being the point person on replying to raised issues, or to working to get the bots written (either on my own -- I've written a ton of Twitterbots, Github bots are easier!) or with Morgan :slightly_smiling_face:",
        "user": "UL2AA1FF1",
        "ts": "1593746396.463400",
        "team": "TKFJE6LDR",
        "user_team": "TKFJE6LDR",
        "source_team": "TKFJE6LDR",
        "user_profile": {
            "avatar_hash": "22135067b36d",
            "image_72": "https:\/\/avatars.slack-edge.com\/2019-10-23\/805254797908_22135067b36dfb715e99_72.jpg",
            "first_name": "",
            "real_name": "Erin McKean",
            "display_name": "Erin McKean",
            "team": "TKFJE6LDR",
            "name": "emckean",
            "is_restricted": false,
            "is_ultra_restricted": false
        },
        "blocks": [
            {
                "type": "rich_text",
                "block_id": "zo9yj",
                "elements": [
                    {
                        "type": "rich_text_section",
                        "elements": [
                            {
                                "type": "text",
                                "text": "how about this: I commit 100% to either being the point person on replying to raised issues, or to working to get the bots written (either on my own -- I've written a ton of Twitterbots, Github bots are easier!) or with Morgan "
                            },
                            {
                                "type": "emoji",
                                "name": "slightly_smiling_face"
                            }
                        ]
                    }
                ]
            }
        ]
    },
    {
        "client_msg_id": "b88e9278-6f0b-41cc-84dd-7abc7f3fa6fc",
        "type": "message",
        "text": "most of the Google OS projects use bots to manage tedious tasks",
        "user": "UL2AA1FF1",
        "ts": "1593746433.464200",
        "team": "TKFJE6LDR",
        "user_team": "TKFJE6LDR",
        "source_team": "TKFJE6LDR",
        "user_profile": {
            "avatar_hash": "22135067b36d",
            "image_72": "https:\/\/avatars.slack-edge.com\/2019-10-23\/805254797908_22135067b36dfb715e99_72.jpg",
            "first_name": "",
            "real_name": "Erin McKean",
            "display_name": "Erin McKean",
            "team": "TKFJE6LDR",
            "name": "emckean",
            "is_restricted": false,
            "is_ultra_restricted": false
        },
        "blocks": [
            {
                "type": "rich_text",
                "block_id": "sak+",
                "elements": [
                    {
                        "type": "rich_text_section",
                        "elements": [
                            {
                                "type": "text",
                                "text": "most of the Google OS projects use bots to manage tedious tasks"
                            }
                        ]
                    }
                ]
            }
        ]
    },
    {
        "client_msg_id": "7c2ebdf6-dbb2-4b3e-9437-1522e18d3556",
        "type": "message",
        "text": "I'm not ruling out bots, but lets leave that as an implementation detail and not put into this higher level process doc.",
        "user": "UKTGLQNGG",
        "ts": "1593746490.465300",
        "team": "TKFJE6LDR",
        "user_team": "TKFJE6LDR",
        "source_team": "TKFJE6LDR",
        "user_profile": {
            "avatar_hash": "d6f4de222bb1",
            "image_72": "https:\/\/avatars.slack-edge.com\/2020-07-20\/1235580478119_d6f4de222bb1ed6b5960_72.jpg",
            "first_name": "Cameron",
            "real_name": "Cameron Shorter",
            "display_name": "cameronshorter",
            "team": "TKFJE6LDR",
            "name": "cameron.shorter",
            "is_restricted": false,
            "is_ultra_restricted": false
        },
        "blocks": [
            {
                "type": "rich_text",
                "block_id": "+MMsm",
                "elements": [
                    {
                        "type": "rich_text_section",
                        "elements": [
                            {
                                "type": "text",
                                "text": "I'm not ruling out bots, but lets leave that as an implementation detail and not put into this higher level process doc."
                            }
                        ]
                    }
                ]
            }
        ]
    },
    {
        "client_msg_id": "a044ea5f-c67e-444b-822f-991ff67ab148",
        "type": "message",
        "text": "Re reducing effort on humans, I think we can do that be simplifying process - of which I see you have already done a bit of.",
        "user": "UKTGLQNGG",
        "ts": "1593746536.466200",
        "team": "TKFJE6LDR",
        "user_team": "TKFJE6LDR",
        "source_team": "TKFJE6LDR",
        "user_profile": {
            "avatar_hash": "d6f4de222bb1",
            "image_72": "https:\/\/avatars.slack-edge.com\/2020-07-20\/1235580478119_d6f4de222bb1ed6b5960_72.jpg",
            "first_name": "Cameron",
            "real_name": "Cameron Shorter",
            "display_name": "cameronshorter",
            "team": "TKFJE6LDR",
            "name": "cameron.shorter",
            "is_restricted": false,
            "is_ultra_restricted": false
        },
        "blocks": [
            {
                "type": "rich_text",
                "block_id": "2e+z",
                "elements": [
                    {
                        "type": "rich_text_section",
                        "elements": [
                            {
                                "type": "text",
                                "text": "Re reducing effort on humans, I think we can do that be simplifying process - of which I see you have already done a bit of."
                            }
                        ]
                    }
                ]
            }
        ]
    },
    {
        "client_msg_id": "3b550aa1-389d-4630-8189-824ef4b38c54",
        "type": "message",
        "text": "It might be helpful for you and I to chat virtual face to face now over a couple of the things I'm about to suggest. Would you be free for that? Feel free to reach on on Google Talk.",
        "user": "UKTGLQNGG",
        "ts": "1593746719.467800",
        "team": "TKFJE6LDR",
        "user_team": "TKFJE6LDR",
        "source_team": "TKFJE6LDR",
        "user_profile": {
            "avatar_hash": "d6f4de222bb1",
            "image_72": "https:\/\/avatars.slack-edge.com\/2020-07-20\/1235580478119_d6f4de222bb1ed6b5960_72.jpg",
            "first_name": "Cameron",
            "real_name": "Cameron Shorter",
            "display_name": "cameronshorter",
            "team": "TKFJE6LDR",
            "name": "cameron.shorter",
            "is_restricted": false,
            "is_ultra_restricted": false
        },
        "blocks": [
            {
                "type": "rich_text",
                "block_id": "+b+",
                "elements": [
                    {
                        "type": "rich_text_section",
                        "elements": [
                            {
                                "type": "text",
                                "text": "It might be helpful for you and I to chat virtual face to face now over a couple of the things I'm about to suggest. Would you be free for that? Feel free to reach on on Google Talk."
                            }
                        ]
                    }
                ]
            }
        ]
    },
    {
        "client_msg_id": "352d5ac5-c010-40c1-a95d-b44ae15bf78d",
        "type": "message",
        "text": "unfortunately I'm about to disappear for the holiday, have a facetime set up with my kid :smile: I'll probably be offline for the next couple days, trying to disconnect! I'll catch up on Monday!",
        "user": "UL2AA1FF1",
        "ts": "1593746825.468800",
        "team": "TKFJE6LDR",
        "user_team": "TKFJE6LDR",
        "source_team": "TKFJE6LDR",
        "user_profile": {
            "avatar_hash": "22135067b36d",
            "image_72": "https:\/\/avatars.slack-edge.com\/2019-10-23\/805254797908_22135067b36dfb715e99_72.jpg",
            "first_name": "",
            "real_name": "Erin McKean",
            "display_name": "Erin McKean",
            "team": "TKFJE6LDR",
            "name": "emckean",
            "is_restricted": false,
            "is_ultra_restricted": false
        },
        "blocks": [
            {
                "type": "rich_text",
                "block_id": "HOR=",
                "elements": [
                    {
                        "type": "rich_text_section",
                        "elements": [
                            {
                                "type": "text",
                                "text": "unfortunately I'm about to disappear for the holiday, have a facetime set up with my kid "
                            },
                            {
                                "type": "emoji",
                                "name": "smile"
                            },
                            {
                                "type": "text",
                                "text": " I'll probably be offline for the next couple days, trying to disconnect! I'll catch up on Monday!"
                            }
                        ]
                    }
                ]
            }
        ]
    },
    {
        "client_msg_id": "d3c079b3-6877-412f-ab30-cc63e3ce6379",
        "type": "message",
        "text": "ok, sounds good. Have fun with your kid.",
        "user": "UKTGLQNGG",
        "ts": "1593746870.469300",
        "team": "TKFJE6LDR",
        "user_team": "TKFJE6LDR",
        "source_team": "TKFJE6LDR",
        "user_profile": {
            "avatar_hash": "d6f4de222bb1",
            "image_72": "https:\/\/avatars.slack-edge.com\/2020-07-20\/1235580478119_d6f4de222bb1ed6b5960_72.jpg",
            "first_name": "Cameron",
            "real_name": "Cameron Shorter",
            "display_name": "cameronshorter",
            "team": "TKFJE6LDR",
            "name": "cameron.shorter",
            "is_restricted": false,
            "is_ultra_restricted": false
        },
        "blocks": [
            {
                "type": "rich_text",
                "block_id": "+\/v",
                "elements": [
                    {
                        "type": "rich_text_section",
                        "elements": [
                            {
                                "type": "text",
                                "text": "ok, sounds good. Have fun with your kid."
                            }
                        ]
                    }
                ]
            }
        ]
    },
    {
        "client_msg_id": "26f6f1b9-65a2-4b16-a204-114fdc6787a7",
        "type": "message",
        "text": "thanks!",
        "user": "UL2AA1FF1",
        "ts": "1593746899.469500",
        "team": "TKFJE6LDR",
        "user_team": "TKFJE6LDR",
        "source_team": "TKFJE6LDR",
        "user_profile": {
            "avatar_hash": "22135067b36d",
            "image_72": "https:\/\/avatars.slack-edge.com\/2019-10-23\/805254797908_22135067b36dfb715e99_72.jpg",
            "first_name": "",
            "real_name": "Erin McKean",
            "display_name": "Erin McKean",
            "team": "TKFJE6LDR",
            "name": "emckean",
            "is_restricted": false,
            "is_ultra_restricted": false
        },
        "blocks": [
            {
                "type": "rich_text",
                "block_id": "z2LW",
                "elements": [
                    {
                        "type": "rich_text_section",
                        "elements": [
                            {
                                "type": "text",
                                "text": "thanks!"
                            }
                        ]
                    }
                ]
            }
        ]
    },
    {
        "client_msg_id": "d4ea113d-6690-4c51-a1f9-63df2ba6fcfa",
        "type": "message",
        "text": "sounds awesome, erin, enjoy the downtime :wave:",
        "user": "UQ553K7DY",
        "ts": "1593746948.469800",
        "team": "TKFJE6LDR",
        "user_team": "TKFJE6LDR",
        "source_team": "TKFJE6LDR",
        "user_profile": {
            "avatar_hash": "e0f8604c1079",
            "image_72": "https:\/\/avatars.slack-edge.com\/2020-10-26\/1445509834998_e0f8604c1079f923f3e9_72.png",
            "first_name": "Loquacity",
            "real_name": "Loquacity",
            "display_name": "Loquacity",
            "team": "TKFJE6LDR",
            "name": "slack1",
            "is_restricted": false,
            "is_ultra_restricted": false
        },
        "edited": {
            "user": "UQ553K7DY",
            "ts": "1593746957.000000"
        },
        "blocks": [
            {
                "type": "rich_text",
                "block_id": "8rGE",
                "elements": [
                    {
                        "type": "rich_text_section",
                        "elements": [
                            {
                                "type": "text",
                                "text": "sounds awesome, erin, enjoy the downtime "
                            },
                            {
                                "type": "emoji",
                                "name": "wave"
                            }
                        ]
                    }
                ]
            }
        ]
    }
]