[
    {
        "client_msg_id": "ad662c79-e6dd-4c04-a82d-8041a8b14bbd",
        "type": "message",
        "text": "Hey all, here's my current proposal for what i am calling a \"tech writer focussed toolchain\"\n\n<https:\/\/docs.google.com\/document\/d\/1AI-i1LZUouds0lWmAoLkqff63IANokTBQ_OEgiJDENQ\/edit?usp=sharing>\n\nI am very open for discussion around what it could\/should be, but also what the scope should be as it's one of those sorts of projects that could be small or large. I also would like the \"toolchain\" to be something that some of the other projects happening can feed into, so feel free to add connection points there too.",
        "user": "U014V7JDGPM",
        "ts": "1594108552.486400",
        "team": "TKFJE6LDR",
        "user_team": "TKFJE6LDR",
        "source_team": "TKFJE6LDR",
        "user_profile": {
            "avatar_hash": "g35a44b69ae5",
            "image_72": "https:\/\/secure.gravatar.com\/avatar\/35a44b69ae5c2c1d250216f8ccc9d67c.jpg?s=72&d=https%3A%2F%2Fa.slack-edge.com%2Fdf10d%2Fimg%2Favatars%2Fava_0019-72.png",
            "first_name": "",
            "real_name": "ChrisChinchilla",
            "display_name": "ChrisChinchilla",
            "team": "TKFJE6LDR",
            "name": "chris",
            "is_restricted": false,
            "is_ultra_restricted": false
        },
        "blocks": [
            {
                "type": "rich_text",
                "block_id": "+6nE",
                "elements": [
                    {
                        "type": "rich_text_section",
                        "elements": [
                            {
                                "type": "text",
                                "text": "Hey all, here's my current proposal for what i am calling a \"tech writer focussed toolchain\"\n\n"
                            },
                            {
                                "type": "link",
                                "url": "https:\/\/docs.google.com\/document\/d\/1AI-i1LZUouds0lWmAoLkqff63IANokTBQ_OEgiJDENQ\/edit?usp=sharing"
                            },
                            {
                                "type": "text",
                                "text": "\n\nI am very open for discussion around what it could\/should be, but also what the scope should be as it's one of those sorts of projects that could be small or large. I also would like the \"toolchain\" to be something that some of the other projects happening can feed into, so feel free to add connection points there too."
                            }
                        ]
                    }
                ]
            }
        ]
    },
    {
        "client_msg_id": "9d666080-ba93-4937-9261-0b78972b537d",
        "type": "message",
        "text": "hi cameron: sorry, but i have a conflict with the meeting you scheduled for tomorrow. Any chance i can push you 30-60 mins later?",
        "user": "UQ553K7DY",
        "ts": "1594113072.487100",
        "team": "TKFJE6LDR",
        "user_team": "TKFJE6LDR",
        "source_team": "TKFJE6LDR",
        "user_profile": {
            "avatar_hash": "e0f8604c1079",
            "image_72": "https:\/\/avatars.slack-edge.com\/2020-10-26\/1445509834998_e0f8604c1079f923f3e9_72.png",
            "first_name": "Loquacity",
            "real_name": "Loquacity",
            "display_name": "Loquacity",
            "team": "TKFJE6LDR",
            "name": "slack1",
            "is_restricted": false,
            "is_ultra_restricted": false
        },
        "blocks": [
            {
                "type": "rich_text",
                "block_id": "I7N",
                "elements": [
                    {
                        "type": "rich_text_section",
                        "elements": [
                            {
                                "type": "text",
                                "text": "hi cameron: sorry, but i have a conflict with the meeting you scheduled for tomorrow. Any chance i can push you 30-60 mins later?"
                            }
                        ]
                    }
                ]
            }
        ]
    },
    {
        "client_msg_id": "1bd52020-ebed-4f7a-8fe2-7d2f044aa9be",
        "type": "message",
        "text": "(other meeting is at 7:30, and could go up to 90mins)",
        "user": "UQ553K7DY",
        "ts": "1594113092.487500",
        "team": "TKFJE6LDR",
        "user_team": "TKFJE6LDR",
        "source_team": "TKFJE6LDR",
        "user_profile": {
            "avatar_hash": "e0f8604c1079",
            "image_72": "https:\/\/avatars.slack-edge.com\/2020-10-26\/1445509834998_e0f8604c1079f923f3e9_72.png",
            "first_name": "Loquacity",
            "real_name": "Loquacity",
            "display_name": "Loquacity",
            "team": "TKFJE6LDR",
            "name": "slack1",
            "is_restricted": false,
            "is_ultra_restricted": false
        },
        "blocks": [
            {
                "type": "rich_text",
                "block_id": "kY2",
                "elements": [
                    {
                        "type": "rich_text_section",
                        "elements": [
                            {
                                "type": "text",
                                "text": "(other meeting is at 7:30, and could go up to 90mins)"
                            }
                        ]
                    }
                ]
            }
        ]
    },
    {
        "client_msg_id": "39b19a93-8182-4b2c-8d94-2ec9e3326e5a",
        "type": "message",
        "text": "Sure, I'll change to 9pm.",
        "user": "UKTGLQNGG",
        "ts": "1594113146.488000",
        "team": "TKFJE6LDR",
        "user_team": "TKFJE6LDR",
        "source_team": "TKFJE6LDR",
        "user_profile": {
            "avatar_hash": "d6f4de222bb1",
            "image_72": "https:\/\/avatars.slack-edge.com\/2020-07-20\/1235580478119_d6f4de222bb1ed6b5960_72.jpg",
            "first_name": "Cameron",
            "real_name": "Cameron Shorter",
            "display_name": "cameronshorter",
            "team": "TKFJE6LDR",
            "name": "cameron.shorter",
            "is_restricted": false,
            "is_ultra_restricted": false
        },
        "blocks": [
            {
                "type": "rich_text",
                "block_id": "skG",
                "elements": [
                    {
                        "type": "rich_text_section",
                        "elements": [
                            {
                                "type": "text",
                                "text": "Sure, I'll change to 9pm."
                            }
                        ]
                    }
                ]
            }
        ],
        "thread_ts": "1594113146.488000",
        "reply_count": 10,
        "reply_users_count": 3,
        "latest_reply": "1594205430.492200",
        "reply_users": [
            "UKTGLQNGG",
            "U014V7JDGPM",
            "UKVC4NB71"
        ],
        "replies": [
            {
                "user": "UKTGLQNGG",
                "ts": "1594113979.488300"
            },
            {
                "user": "U014V7JDGPM",
                "ts": "1594114285.488500"
            },
            {
                "user": "UKVC4NB71",
                "ts": "1594114455.488700"
            },
            {
                "user": "UKVC4NB71",
                "ts": "1594205229.491000"
            },
            {
                "user": "UKVC4NB71",
                "ts": "1594205239.491200"
            },
            {
                "user": "UKVC4NB71",
                "ts": "1594205250.491400"
            },
            {
                "user": "UKTGLQNGG",
                "ts": "1594205345.491600"
            },
            {
                "user": "UKVC4NB71",
                "ts": "1594205375.491800"
            },
            {
                "user": "UKVC4NB71",
                "ts": "1594205382.492000"
            },
            {
                "user": "UKTGLQNGG",
                "ts": "1594205430.492200"
            }
        ],
        "subscribed": true,
        "last_read": "1594255830.032607"
    },
    {
        "client_msg_id": "7390b189-3792-4e47-a7d3-4c2d2efe4211",
        "type": "message",
        "text": ":sparkling_heart:",
        "user": "UQ553K7DY",
        "ts": "1594113196.488200",
        "team": "TKFJE6LDR",
        "user_team": "TKFJE6LDR",
        "source_team": "TKFJE6LDR",
        "user_profile": {
            "avatar_hash": "e0f8604c1079",
            "image_72": "https:\/\/avatars.slack-edge.com\/2020-10-26\/1445509834998_e0f8604c1079f923f3e9_72.png",
            "first_name": "Loquacity",
            "real_name": "Loquacity",
            "display_name": "Loquacity",
            "team": "TKFJE6LDR",
            "name": "slack1",
            "is_restricted": false,
            "is_ultra_restricted": false
        },
        "blocks": [
            {
                "type": "rich_text",
                "block_id": "UbN",
                "elements": [
                    {
                        "type": "rich_text_section",
                        "elements": [
                            {
                                "type": "emoji",
                                "name": "sparkling_heart"
                            }
                        ]
                    }
                ]
            }
        ]
    },
    {
        "client_msg_id": "baba2f86-188e-4019-8b6b-07f617e2fa38",
        "type": "message",
        "text": "<@U014V7JDGPM> <@U011GCVJFQF> <@UKVC4NB71> <@UKV4ZPEFQ> can you make this timeslot too? (See your meeting invite)",
        "user": "UKTGLQNGG",
        "ts": "1594113979.488300",
        "team": "TKFJE6LDR",
        "user_team": "TKFJE6LDR",
        "source_team": "TKFJE6LDR",
        "user_profile": {
            "avatar_hash": "d6f4de222bb1",
            "image_72": "https:\/\/avatars.slack-edge.com\/2020-07-20\/1235580478119_d6f4de222bb1ed6b5960_72.jpg",
            "first_name": "Cameron",
            "real_name": "Cameron Shorter",
            "display_name": "cameronshorter",
            "team": "TKFJE6LDR",
            "name": "cameron.shorter",
            "is_restricted": false,
            "is_ultra_restricted": false
        },
        "blocks": [
            {
                "type": "rich_text",
                "block_id": "QPam",
                "elements": [
                    {
                        "type": "rich_text_section",
                        "elements": [
                            {
                                "type": "user",
                                "user_id": "U014V7JDGPM"
                            },
                            {
                                "type": "text",
                                "text": " "
                            },
                            {
                                "type": "user",
                                "user_id": "U011GCVJFQF"
                            },
                            {
                                "type": "text",
                                "text": " "
                            },
                            {
                                "type": "user",
                                "user_id": "UKVC4NB71"
                            },
                            {
                                "type": "text",
                                "text": " "
                            },
                            {
                                "type": "user",
                                "user_id": "UKV4ZPEFQ"
                            },
                            {
                                "type": "text",
                                "text": " can you make this timeslot too? (See your meeting invite)"
                            }
                        ]
                    }
                ]
            }
        ],
        "thread_ts": "1594113146.488000",
        "parent_user_id": "UKTGLQNGG",
        "reactions": [
            {
                "name": "+1",
                "users": [
                    "U011GCVJFQF"
                ],
                "count": 1
            }
        ]
    },
    {
        "client_msg_id": "c91501d5-7eb2-431a-9a70-4a0702819118",
        "type": "message",
        "text": "Yup, looks good",
        "user": "U014V7JDGPM",
        "ts": "1594114285.488500",
        "team": "TKFJE6LDR",
        "user_team": "TKFJE6LDR",
        "source_team": "TKFJE6LDR",
        "user_profile": {
            "avatar_hash": "g35a44b69ae5",
            "image_72": "https:\/\/secure.gravatar.com\/avatar\/35a44b69ae5c2c1d250216f8ccc9d67c.jpg?s=72&d=https%3A%2F%2Fa.slack-edge.com%2Fdf10d%2Fimg%2Favatars%2Fava_0019-72.png",
            "first_name": "",
            "real_name": "ChrisChinchilla",
            "display_name": "ChrisChinchilla",
            "team": "TKFJE6LDR",
            "name": "chris",
            "is_restricted": false,
            "is_ultra_restricted": false
        },
        "blocks": [
            {
                "type": "rich_text",
                "block_id": "5atcr",
                "elements": [
                    {
                        "type": "rich_text_section",
                        "elements": [
                            {
                                "type": "text",
                                "text": "Yup, looks good"
                            }
                        ]
                    }
                ]
            }
        ],
        "thread_ts": "1594113146.488000",
        "parent_user_id": "UKTGLQNGG"
    },
    {
        "client_msg_id": "82b2ebe3-5bbb-4e2b-a86b-338a473ddd63",
        "type": "message",
        "text": "That's getting pretty late, but as a one off its OK",
        "user": "UKVC4NB71",
        "ts": "1594114455.488700",
        "team": "TKFJE6LDR",
        "user_team": "TKFJE6LDR",
        "source_team": "TKFJE6LDR",
        "user_profile": {
            "avatar_hash": "c7d9788d4436",
            "image_72": "https:\/\/avatars.slack-edge.com\/2019-10-30\/814314609877_c7d9788d4436969613a7_72.jpg",
            "first_name": "Jared",
            "real_name": "Jared Morgan",
            "display_name": "jaredmorgs",
            "team": "TKFJE6LDR",
            "name": "jaredleonmorgan",
            "is_restricted": false,
            "is_ultra_restricted": false
        },
        "blocks": [
            {
                "type": "rich_text",
                "block_id": "1hBPh",
                "elements": [
                    {
                        "type": "rich_text_section",
                        "elements": [
                            {
                                "type": "text",
                                "text": "That's getting pretty late, but as a one off its OK"
                            }
                        ]
                    }
                ]
            }
        ],
        "thread_ts": "1594113146.488000",
        "parent_user_id": "UKTGLQNGG"
    },
    {
        "bot_id": "B01",
        "type": "message",
        "text": "Reminder: remember to add items to the Weekly Meeting agenda before our meeting Wednesdays UTC 21:00!",
        "user": "USLACKBOT",
        "ts": "1594137604.489000",
        "team": "TKFJE6LDR"
    }
]