[
    {
        "client_msg_id": "94b93d96-101e-430b-bbbc-9b229ff36ca6",
        "type": "message",
        "text": "Hey <@UL2AA1FF1>, re the Google Doc with meeting minutes from last week - was the plan to copy that into our wiki? <https:\/\/github.com\/thegooddocsproject\/governance\/wiki\/Weekly-Meetings> or should we switch to using Google docs for these minutes permantly? (If so we probably should move prior minutes in there). And lastly, we probably should reference the minutes URL from the slack reminder.",
        "user": "UKTGLQNGG",
        "ts": "1592987836.403600",
        "team": "TKFJE6LDR",
        "user_team": "TKFJE6LDR",
        "source_team": "TKFJE6LDR",
        "user_profile": {
            "avatar_hash": "d6f4de222bb1",
            "image_72": "https:\/\/avatars.slack-edge.com\/2020-07-20\/1235580478119_d6f4de222bb1ed6b5960_72.jpg",
            "first_name": "Cameron",
            "real_name": "Cameron Shorter",
            "display_name": "cameronshorter",
            "team": "TKFJE6LDR",
            "name": "cameron.shorter",
            "is_restricted": false,
            "is_ultra_restricted": false
        },
        "blocks": [
            {
                "type": "rich_text",
                "block_id": "6EbuR",
                "elements": [
                    {
                        "type": "rich_text_section",
                        "elements": [
                            {
                                "type": "text",
                                "text": "Hey "
                            },
                            {
                                "type": "user",
                                "user_id": "UL2AA1FF1"
                            },
                            {
                                "type": "text",
                                "text": ", re the Google Doc with meeting minutes from last week - was the plan to copy that into our wiki? "
                            },
                            {
                                "type": "link",
                                "url": "https:\/\/github.com\/thegooddocsproject\/governance\/wiki\/Weekly-Meetings"
                            },
                            {
                                "type": "text",
                                "text": " or should we switch to using Google docs for these minutes permantly? (If so we probably should move prior minutes in there). And lastly, we probably should reference the minutes URL from the slack reminder."
                            }
                        ]
                    }
                ]
            }
        ]
    },
    {
        "client_msg_id": "a03252a8-98bd-482c-9824-fd4aa02a1d60",
        "type": "message",
        "text": "Re topics for minutes. I'd be interested to hear what people have been up to over the last week, and what next. For me, I presented to one tech writing community in Google, and hopefully we will start to see interest over the next few weeks to months. (There are now plenty of comments from Googlers in our Tech Writer Patterns doc). With that presentation over, I'll have a little bandwidth to check in on some of the other things people have been working on.",
        "user": "UKTGLQNGG",
        "ts": "1592988229.407900",
        "team": "TKFJE6LDR",
        "user_team": "TKFJE6LDR",
        "source_team": "TKFJE6LDR",
        "user_profile": {
            "avatar_hash": "d6f4de222bb1",
            "image_72": "https:\/\/avatars.slack-edge.com\/2020-07-20\/1235580478119_d6f4de222bb1ed6b5960_72.jpg",
            "first_name": "Cameron",
            "real_name": "Cameron Shorter",
            "display_name": "cameronshorter",
            "team": "TKFJE6LDR",
            "name": "cameron.shorter",
            "is_restricted": false,
            "is_ultra_restricted": false
        },
        "blocks": [
            {
                "type": "rich_text",
                "block_id": "tfy",
                "elements": [
                    {
                        "type": "rich_text_section",
                        "elements": [
                            {
                                "type": "text",
                                "text": "Re topics for minutes. I'd be interested to hear what people have been up to over the last week, and what next. For me, I presented to one tech writing community in Google, and hopefully we will start to see interest over the next few weeks to months. (There are now plenty of comments from Googlers in our Tech Writer Patterns doc). With that presentation over, I'll have a little bandwidth to check in on some of the other things people have been working on."
                            }
                        ]
                    }
                ]
            }
        ]
    },
    {
        "client_msg_id": "501cc8a5-136c-4ddb-b567-e07c566ad497",
        "type": "message",
        "text": "You mean in relation to this project?",
        "user": "UKVC4NB71",
        "ts": "1592988586.408300",
        "team": "TKFJE6LDR",
        "user_team": "TKFJE6LDR",
        "source_team": "TKFJE6LDR",
        "user_profile": {
            "avatar_hash": "c7d9788d4436",
            "image_72": "https:\/\/avatars.slack-edge.com\/2019-10-30\/814314609877_c7d9788d4436969613a7_72.jpg",
            "first_name": "Jared",
            "real_name": "Jared Morgan",
            "display_name": "jaredmorgs",
            "team": "TKFJE6LDR",
            "name": "jaredleonmorgan",
            "is_restricted": false,
            "is_ultra_restricted": false
        },
        "blocks": [
            {
                "type": "rich_text",
                "block_id": "WNZ",
                "elements": [
                    {
                        "type": "rich_text_section",
                        "elements": [
                            {
                                "type": "text",
                                "text": "You mean in relation to this project?"
                            }
                        ]
                    }
                ]
            }
        ]
    },
    {
        "client_msg_id": "ddf2d6fe-da55-472e-9b76-a3eaa3267ef3",
        "type": "message",
        "text": "Ah yeh, topics for weekly meeting tomorrow (which will end up in minutes).",
        "user": "UKTGLQNGG",
        "ts": "1592988661.409000",
        "team": "TKFJE6LDR",
        "user_team": "TKFJE6LDR",
        "source_team": "TKFJE6LDR",
        "user_profile": {
            "avatar_hash": "d6f4de222bb1",
            "image_72": "https:\/\/avatars.slack-edge.com\/2020-07-20\/1235580478119_d6f4de222bb1ed6b5960_72.jpg",
            "first_name": "Cameron",
            "real_name": "Cameron Shorter",
            "display_name": "cameronshorter",
            "team": "TKFJE6LDR",
            "name": "cameron.shorter",
            "is_restricted": false,
            "is_ultra_restricted": false
        },
        "blocks": [
            {
                "type": "rich_text",
                "block_id": "p1Dy",
                "elements": [
                    {
                        "type": "rich_text_section",
                        "elements": [
                            {
                                "type": "text",
                                "text": "Ah yeh, topics for weekly meeting tomorrow (which will end up in minutes)."
                            }
                        ]
                    }
                ]
            }
        ]
    },
    {
        "client_msg_id": "3a023203-a358-4576-883f-e474bb0120f6",
        "type": "message",
        "text": "Checking mailing lists is about the only thing I've had capacity to do",
        "user": "UKVC4NB71",
        "ts": "1592988708.409800",
        "team": "TKFJE6LDR",
        "user_team": "TKFJE6LDR",
        "source_team": "TKFJE6LDR",
        "user_profile": {
            "avatar_hash": "c7d9788d4436",
            "image_72": "https:\/\/avatars.slack-edge.com\/2019-10-30\/814314609877_c7d9788d4436969613a7_72.jpg",
            "first_name": "Jared",
            "real_name": "Jared Morgan",
            "display_name": "jaredmorgs",
            "team": "TKFJE6LDR",
            "name": "jaredleonmorgan",
            "is_restricted": false,
            "is_ultra_restricted": false
        },
        "blocks": [
            {
                "type": "rich_text",
                "block_id": "Cti7Z",
                "elements": [
                    {
                        "type": "rich_text_section",
                        "elements": [
                            {
                                "type": "text",
                                "text": "Checking mailing lists is about the only thing I've had capacity to do"
                            }
                        ]
                    }
                ]
            }
        ],
        "reactions": [
            {
                "name": "slightly_smiling_face",
                "users": [
                    "UKTGLQNGG"
                ],
                "count": 1
            }
        ]
    },
    {
        "client_msg_id": "a8372971-e194-484b-aa01-dd4dda8df26d",
        "type": "message",
        "text": "minutes notes will be copied into the wiki ... hopefully this morning",
        "user": "UL2AA1FF1",
        "ts": "1593016628.410500",
        "team": "TKFJE6LDR",
        "user_team": "TKFJE6LDR",
        "source_team": "TKFJE6LDR",
        "user_profile": {
            "avatar_hash": "22135067b36d",
            "image_72": "https:\/\/avatars.slack-edge.com\/2019-10-23\/805254797908_22135067b36dfb715e99_72.jpg",
            "first_name": "",
            "real_name": "Erin McKean",
            "display_name": "Erin McKean",
            "team": "TKFJE6LDR",
            "name": "emckean",
            "is_restricted": false,
            "is_ultra_restricted": false
        },
        "blocks": [
            {
                "type": "rich_text",
                "block_id": "d4ZE",
                "elements": [
                    {
                        "type": "rich_text_section",
                        "elements": [
                            {
                                "type": "text",
                                "text": "minutes notes will be copied into the wiki ... hopefully this morning"
                            }
                        ]
                    }
                ]
            }
        ]
    },
    {
        "client_msg_id": "87dc5f8f-ef13-4140-b957-cb5b027893f4",
        "type": "message",
        "text": "should agenda items be entered in the Google doc or the GH wiki now?",
        "user": "U013XPC8Q9Z",
        "ts": "1593016912.411100",
        "team": "TKFJE6LDR",
        "user_team": "TKFJE6LDR",
        "source_team": "TKFJE6LDR",
        "user_profile": {
            "avatar_hash": "g014a14c2e81",
            "image_72": "https:\/\/secure.gravatar.com\/avatar\/014a14c2e812ad8e54d4dfc6615761ec.jpg?s=72&d=https%3A%2F%2Fa.slack-edge.com%2Fdf10d%2Fimg%2Favatars%2Fava_0014-72.png",
            "first_name": "",
            "real_name": "Aaron Peters",
            "display_name": "Aaron Peters",
            "team": "TKFJE6LDR",
            "name": "acpkendo",
            "is_restricted": false,
            "is_ultra_restricted": false
        },
        "blocks": [
            {
                "type": "rich_text",
                "block_id": "Ouj9W",
                "elements": [
                    {
                        "type": "rich_text_section",
                        "elements": [
                            {
                                "type": "text",
                                "text": "should agenda items be entered in the Google doc or the GH wiki now?"
                            }
                        ]
                    }
                ]
            }
        ]
    },
    {
        "client_msg_id": "e6b1b06a-f0c4-4f88-8494-d1bb65e858ab",
        "type": "message",
        "text": "agenda items still go on the GH wiki :slightly_smiling_face: we're using Google docs just for the notes as it's faster to take notes there :slightly_smiling_face:",
        "user": "UL2AA1FF1",
        "ts": "1593017558.411700",
        "team": "TKFJE6LDR",
        "user_team": "TKFJE6LDR",
        "source_team": "TKFJE6LDR",
        "user_profile": {
            "avatar_hash": "22135067b36d",
            "image_72": "https:\/\/avatars.slack-edge.com\/2019-10-23\/805254797908_22135067b36dfb715e99_72.jpg",
            "first_name": "",
            "real_name": "Erin McKean",
            "display_name": "Erin McKean",
            "team": "TKFJE6LDR",
            "name": "emckean",
            "is_restricted": false,
            "is_ultra_restricted": false
        },
        "blocks": [
            {
                "type": "rich_text",
                "block_id": "fz+s3",
                "elements": [
                    {
                        "type": "rich_text_section",
                        "elements": [
                            {
                                "type": "text",
                                "text": "agenda items still go on the GH wiki "
                            },
                            {
                                "type": "emoji",
                                "name": "slightly_smiling_face"
                            },
                            {
                                "type": "text",
                                "text": " we're using Google docs just for the notes as it's faster to take notes there "
                            },
                            {
                                "type": "emoji",
                                "name": "slightly_smiling_face"
                            }
                        ]
                    }
                ]
            }
        ],
        "reactions": [
            {
                "name": "+1",
                "users": [
                    "U013XPC8Q9Z"
                ],
                "count": 1
            }
        ]
    },
    {
        "client_msg_id": "aa256ab7-2565-4a32-962c-a3af37fc90cb",
        "type": "message",
        "text": "FYI, I've got a meeting conflict today and I won't be able to make it to our weekly meeting today. I'll see you next time!",
        "user": "U012KCMPP0V",
        "ts": "1593023610.412400",
        "team": "TKFJE6LDR",
        "user_team": "TKFJE6LDR",
        "source_team": "TKFJE6LDR",
        "user_profile": {
            "avatar_hash": "b26729f0b5f2",
            "image_72": "https:\/\/avatars.slack-edge.com\/2020-04-27\/1089031639347_b26729f0b5f2375494a1_72.png",
            "first_name": "Alyssa",
            "real_name": "Alyssa",
            "display_name": "Alyssa",
            "team": "TKFJE6LDR",
            "name": "alyssa.rock.biz",
            "is_restricted": false,
            "is_ultra_restricted": false
        },
        "blocks": [
            {
                "type": "rich_text",
                "block_id": "Dqo\/P",
                "elements": [
                    {
                        "type": "rich_text_section",
                        "elements": [
                            {
                                "type": "text",
                                "text": "FYI, I've got a meeting conflict today and I won't be able to make it to our weekly meeting today. I'll see you next time!"
                            }
                        ]
                    }
                ]
            }
        ]
    },
    {
        "client_msg_id": "69df7a17-ca4a-48e1-a262-8789327a1ba9",
        "type": "message",
        "text": "we'll miss you! Anything you are waiting on answers about or need that I can bring up?",
        "user": "UL2AA1FF1",
        "ts": "1593025843.412900",
        "team": "TKFJE6LDR",
        "user_team": "TKFJE6LDR",
        "source_team": "TKFJE6LDR",
        "user_profile": {
            "avatar_hash": "22135067b36d",
            "image_72": "https:\/\/avatars.slack-edge.com\/2019-10-23\/805254797908_22135067b36dfb715e99_72.jpg",
            "first_name": "",
            "real_name": "Erin McKean",
            "display_name": "Erin McKean",
            "team": "TKFJE6LDR",
            "name": "emckean",
            "is_restricted": false,
            "is_ultra_restricted": false
        },
        "blocks": [
            {
                "type": "rich_text",
                "block_id": "qX5",
                "elements": [
                    {
                        "type": "rich_text_section",
                        "elements": [
                            {
                                "type": "text",
                                "text": "we'll miss you! Anything you are waiting on answers about or need that I can bring up?"
                            }
                        ]
                    }
                ]
            }
        ]
    },
    {
        "client_msg_id": "620b78ac-fd03-4b13-8cb4-c7648853338f",
        "type": "message",
        "text": "Not this week! I have some time off coming up soon, so I'll dive more into the Style Guide template this week!",
        "user": "U012KCMPP0V",
        "ts": "1593029050.413400",
        "team": "TKFJE6LDR",
        "user_team": "TKFJE6LDR",
        "source_team": "TKFJE6LDR",
        "user_profile": {
            "avatar_hash": "b26729f0b5f2",
            "image_72": "https:\/\/avatars.slack-edge.com\/2020-04-27\/1089031639347_b26729f0b5f2375494a1_72.png",
            "first_name": "Alyssa",
            "real_name": "Alyssa",
            "display_name": "Alyssa",
            "team": "TKFJE6LDR",
            "name": "alyssa.rock.biz",
            "is_restricted": false,
            "is_ultra_restricted": false
        },
        "blocks": [
            {
                "type": "rich_text",
                "block_id": "uPV=p",
                "elements": [
                    {
                        "type": "rich_text_section",
                        "elements": [
                            {
                                "type": "text",
                                "text": "Not this week! I have some time off coming up soon, so I'll dive more into the Style Guide template this week!"
                            }
                        ]
                    }
                ]
            }
        ]
    },
    {
        "client_msg_id": "ddcc3be7-821c-4c8f-9c7b-b5149a88b70f",
        "type": "message",
        "text": "awesome thank you!",
        "user": "UL2AA1FF1",
        "ts": "1593032530.413600",
        "team": "TKFJE6LDR",
        "user_team": "TKFJE6LDR",
        "source_team": "TKFJE6LDR",
        "user_profile": {
            "avatar_hash": "22135067b36d",
            "image_72": "https:\/\/avatars.slack-edge.com\/2019-10-23\/805254797908_22135067b36dfb715e99_72.jpg",
            "first_name": "",
            "real_name": "Erin McKean",
            "display_name": "Erin McKean",
            "team": "TKFJE6LDR",
            "name": "emckean",
            "is_restricted": false,
            "is_ultra_restricted": false
        },
        "blocks": [
            {
                "type": "rich_text",
                "block_id": "YR5dE",
                "elements": [
                    {
                        "type": "rich_text_section",
                        "elements": [
                            {
                                "type": "text",
                                "text": "awesome thank you!"
                            }
                        ]
                    }
                ]
            }
        ]
    },
    {
        "client_msg_id": "2d505e64-cb1b-4ab0-b3f7-c1c58c2af31f",
        "type": "message",
        "text": "running a few minutes late folks :slightly_smiling_face:",
        "user": "UL2AA1FF1",
        "ts": "1593032535.413800",
        "team": "TKFJE6LDR",
        "user_team": "TKFJE6LDR",
        "source_team": "TKFJE6LDR",
        "user_profile": {
            "avatar_hash": "22135067b36d",
            "image_72": "https:\/\/avatars.slack-edge.com\/2019-10-23\/805254797908_22135067b36dfb715e99_72.jpg",
            "first_name": "",
            "real_name": "Erin McKean",
            "display_name": "Erin McKean",
            "team": "TKFJE6LDR",
            "name": "emckean",
            "is_restricted": false,
            "is_ultra_restricted": false
        },
        "blocks": [
            {
                "type": "rich_text",
                "block_id": "q6zkv",
                "elements": [
                    {
                        "type": "rich_text_section",
                        "elements": [
                            {
                                "type": "text",
                                "text": "running a few minutes late folks "
                            },
                            {
                                "type": "emoji",
                                "name": "slightly_smiling_face"
                            }
                        ]
                    }
                ]
            }
        ]
    },
    {
        "client_msg_id": "58f823f8-7de0-4809-965b-d74ba083eac9",
        "type": "message",
        "text": "Meeting on now: <https:\/\/meet.google.com\/nuj-qvxw-vvt?authuser=0>",
        "user": "UKTGLQNGG",
        "ts": "1593032618.414000",
        "team": "TKFJE6LDR",
        "user_team": "TKFJE6LDR",
        "source_team": "TKFJE6LDR",
        "user_profile": {
            "avatar_hash": "d6f4de222bb1",
            "image_72": "https:\/\/avatars.slack-edge.com\/2020-07-20\/1235580478119_d6f4de222bb1ed6b5960_72.jpg",
            "first_name": "Cameron",
            "real_name": "Cameron Shorter",
            "display_name": "cameronshorter",
            "team": "TKFJE6LDR",
            "name": "cameron.shorter",
            "is_restricted": false,
            "is_ultra_restricted": false
        },
        "attachments": [
            {
                "title": "Meet",
                "title_link": "https:\/\/meet.google.com\/nuj-qvxw-vvt?authuser=0",
                "text": "Real-time meetings by Google. Using your browser, share your video, desktop, and presentations with teammates and customers.",
                "fallback": "Meet",
                "thumb_url": "https:\/\/www.gstatic.com\/images\/branding\/product\/2x\/meet_96dp.png",
                "from_url": "https:\/\/meet.google.com\/nuj-qvxw-vvt?authuser=0",
                "thumb_width": 192,
                "thumb_height": 192,
                "service_icon": "http:\/\/www.gstatic.com\/images\/branding\/product\/1x\/meet_16dp.png",
                "service_name": "meet.google.com",
                "id": 1,
                "original_url": "https:\/\/meet.google.com\/nuj-qvxw-vvt?authuser=0"
            }
        ],
        "blocks": [
            {
                "type": "rich_text",
                "block_id": "Mwh",
                "elements": [
                    {
                        "type": "rich_text_section",
                        "elements": [
                            {
                                "type": "text",
                                "text": "Meeting on now: "
                            },
                            {
                                "type": "link",
                                "url": "https:\/\/meet.google.com\/nuj-qvxw-vvt?authuser=0"
                            }
                        ]
                    }
                ]
            }
        ]
    },
    {
        "client_msg_id": "eb8a39f6-ebae-4db6-aab7-25f29dfd3232",
        "type": "message",
        "text": "agenda updated w\/today's notes: <https:\/\/github.com\/thegooddocsproject\/governance\/wiki\/Weekly-Meetings>",
        "user": "UL2AA1FF1",
        "ts": "1593033883.414300",
        "team": "TKFJE6LDR",
        "user_team": "TKFJE6LDR",
        "source_team": "TKFJE6LDR",
        "user_profile": {
            "avatar_hash": "22135067b36d",
            "image_72": "https:\/\/avatars.slack-edge.com\/2019-10-23\/805254797908_22135067b36dfb715e99_72.jpg",
            "first_name": "",
            "real_name": "Erin McKean",
            "display_name": "Erin McKean",
            "team": "TKFJE6LDR",
            "name": "emckean",
            "is_restricted": false,
            "is_ultra_restricted": false
        },
        "blocks": [
            {
                "type": "rich_text",
                "block_id": "2ajvv",
                "elements": [
                    {
                        "type": "rich_text_section",
                        "elements": [
                            {
                                "type": "text",
                                "text": "agenda updated w\/today's notes: "
                            },
                            {
                                "type": "link",
                                "url": "https:\/\/github.com\/thegooddocsproject\/governance\/wiki\/Weekly-Meetings"
                            }
                        ]
                    }
                ]
            }
        ]
    }
]