[
    {
        "client_msg_id": "f2dec2cd-bdd1-4879-a121-0457e981493f",
        "type": "message",
        "text": "Our weekly meeting is in 13 hours. I know this is a tough timeslot for Australian parents on this list. (7am). I'm up for an 8:30pm Australian Eastern time, tomorrow, Thursday 18 June, if others can make it?",
        "user": "UKTGLQNGG",
        "ts": "1592380268.389200",
        "team": "TKFJE6LDR",
        "user_team": "TKFJE6LDR",
        "source_team": "TKFJE6LDR",
        "user_profile": {
            "avatar_hash": "d6f4de222bb1",
            "image_72": "https:\/\/avatars.slack-edge.com\/2020-07-20\/1235580478119_d6f4de222bb1ed6b5960_72.jpg",
            "first_name": "Cameron",
            "real_name": "Cameron Shorter",
            "display_name": "cameronshorter",
            "team": "TKFJE6LDR",
            "name": "cameron.shorter",
            "is_restricted": false,
            "is_ultra_restricted": false
        },
        "blocks": [
            {
                "type": "rich_text",
                "block_id": "G6o7",
                "elements": [
                    {
                        "type": "rich_text_section",
                        "elements": [
                            {
                                "type": "text",
                                "text": "Our weekly meeting is in 13 hours. I know this is a tough timeslot for Australian parents on this list. (7am). I'm up for an 8:30pm Australian Eastern time, tomorrow, Thursday 18 June, if others can make it?"
                            }
                        ]
                    }
                ]
            }
        ]
    },
    {
        "client_msg_id": "893e1e9f-75bc-4030-8129-aa528a8f6803",
        "type": "message",
        "text": "I have late (for me) meetings all night, so I might attempt to join",
        "user": "U014V7JDGPM",
        "ts": "1592380812.389700",
        "team": "TKFJE6LDR",
        "user_team": "TKFJE6LDR",
        "source_team": "TKFJE6LDR",
        "user_profile": {
            "avatar_hash": "g35a44b69ae5",
            "image_72": "https:\/\/secure.gravatar.com\/avatar\/35a44b69ae5c2c1d250216f8ccc9d67c.jpg?s=72&d=https%3A%2F%2Fa.slack-edge.com%2Fdf10d%2Fimg%2Favatars%2Fava_0019-72.png",
            "first_name": "",
            "real_name": "ChrisChinchilla",
            "display_name": "ChrisChinchilla",
            "team": "TKFJE6LDR",
            "name": "chris",
            "is_restricted": false,
            "is_ultra_restricted": false
        },
        "blocks": [
            {
                "type": "rich_text",
                "block_id": "VqE",
                "elements": [
                    {
                        "type": "rich_text_section",
                        "elements": [
                            {
                                "type": "text",
                                "text": "I have late (for me) meetings all night, so I might attempt to join"
                            }
                        ]
                    }
                ]
            }
        ]
    },
    {
        "client_msg_id": "e993f156-c499-42bb-a938-a4892631c36c",
        "type": "message",
        "text": "(The current one)",
        "user": "U014V7JDGPM",
        "ts": "1592380829.389900",
        "team": "TKFJE6LDR",
        "user_team": "TKFJE6LDR",
        "source_team": "TKFJE6LDR",
        "user_profile": {
            "avatar_hash": "g35a44b69ae5",
            "image_72": "https:\/\/secure.gravatar.com\/avatar\/35a44b69ae5c2c1d250216f8ccc9d67c.jpg?s=72&d=https%3A%2F%2Fa.slack-edge.com%2Fdf10d%2Fimg%2Favatars%2Fava_0019-72.png",
            "first_name": "",
            "real_name": "ChrisChinchilla",
            "display_name": "ChrisChinchilla",
            "team": "TKFJE6LDR",
            "name": "chris",
            "is_restricted": false,
            "is_ultra_restricted": false
        },
        "blocks": [
            {
                "type": "rich_text",
                "block_id": "BlIfn",
                "elements": [
                    {
                        "type": "rich_text_section",
                        "elements": [
                            {
                                "type": "text",
                                "text": "(The current one)"
                            }
                        ]
                    }
                ]
            }
        ],
        "thread_ts": "1592380829.389900",
        "reply_count": 2,
        "reply_users_count": 2,
        "latest_reply": "1592425227.391200",
        "reply_users": [
            "UKTGLQNGG",
            "U014V7JDGPM"
        ],
        "replies": [
            {
                "user": "UKTGLQNGG",
                "ts": "1592380940.390000"
            },
            {
                "user": "U014V7JDGPM",
                "ts": "1592425227.391200"
            }
        ],
        "subscribed": false
    },
    {
        "client_msg_id": "d6caa798-44e3-42bd-b768-6b41352be83e",
        "type": "message",
        "text": "Cool, look forward to seeing you.",
        "user": "UKTGLQNGG",
        "ts": "1592380940.390000",
        "team": "TKFJE6LDR",
        "user_team": "TKFJE6LDR",
        "source_team": "TKFJE6LDR",
        "user_profile": {
            "avatar_hash": "d6f4de222bb1",
            "image_72": "https:\/\/avatars.slack-edge.com\/2020-07-20\/1235580478119_d6f4de222bb1ed6b5960_72.jpg",
            "first_name": "Cameron",
            "real_name": "Cameron Shorter",
            "display_name": "cameronshorter",
            "team": "TKFJE6LDR",
            "name": "cameron.shorter",
            "is_restricted": false,
            "is_ultra_restricted": false
        },
        "blocks": [
            {
                "type": "rich_text",
                "block_id": "bBZA",
                "elements": [
                    {
                        "type": "rich_text_section",
                        "elements": [
                            {
                                "type": "text",
                                "text": "Cool, look forward to seeing you."
                            }
                        ]
                    }
                ]
            }
        ],
        "thread_ts": "1592380829.389900",
        "parent_user_id": "U014V7JDGPM"
    },
    {
        "client_msg_id": "a1b7968a-73df-473a-827c-70027a75c443",
        "type": "message",
        "text": "This is really good, Alyssa. When I mentioned that issue, I was pointing to a possible application for your template. I can see how \"General Writing Tips\" works as a point for me to include the general guidelines about tense and precision, so this works for me :+1:",
        "user": "U011GCVJFQF",
        "ts": "1592390982.390200",
        "team": "TKFJE6LDR",
        "user_team": "TKFJE6LDR",
        "source_team": "TKFJE6LDR",
        "user_profile": {
            "avatar_hash": "5859193991fb",
            "image_72": "https:\/\/avatars.slack-edge.com\/2020-04-16\/1066602100115_5859193991fb4bbebcdf_72.png",
            "first_name": "",
            "real_name": "Daniel Beck",
            "display_name": "Daniel Beck",
            "team": "TKFJE6LDR",
            "name": "daniel",
            "is_restricted": false,
            "is_ultra_restricted": false
        },
        "blocks": [
            {
                "type": "rich_text",
                "block_id": "Y==RG",
                "elements": [
                    {
                        "type": "rich_text_section",
                        "elements": [
                            {
                                "type": "text",
                                "text": "This is really good, Alyssa. When I mentioned that issue, I was pointing to a possible application for your template. I can see how \"General Writing Tips\" works as a point for me to include the general guidelines about tense and precision, so this works for me "
                            },
                            {
                                "type": "emoji",
                                "name": "+1"
                            }
                        ]
                    }
                ]
            }
        ],
        "thread_ts": "1592358819.385100",
        "parent_user_id": "U012KCMPP0V"
    },
    {
        "client_msg_id": "a4856fd0-ea7c-413a-9fc9-f51a42203202",
        "type": "message",
        "text": "Also, just to be clear, I'm seeing this as a template that I'll need to tweak to my use case. My situation is a bit more constrained than a general docs style guide (it's more like UI text and it's rather formulaic at that) and there are some house style differences (sentence case, not title case) that I'd need to account for. But it would be so exciting to have something I could copy and paste to get started with—it'd be as if 80% of the work were done for me (leaving me to focus on the _interesting_ 20%)",
        "user": "U011GCVJFQF",
        "ts": "1592391135.390400",
        "team": "TKFJE6LDR",
        "user_team": "TKFJE6LDR",
        "source_team": "TKFJE6LDR",
        "user_profile": {
            "avatar_hash": "5859193991fb",
            "image_72": "https:\/\/avatars.slack-edge.com\/2020-04-16\/1066602100115_5859193991fb4bbebcdf_72.png",
            "first_name": "",
            "real_name": "Daniel Beck",
            "display_name": "Daniel Beck",
            "team": "TKFJE6LDR",
            "name": "daniel",
            "is_restricted": false,
            "is_ultra_restricted": false
        },
        "blocks": [
            {
                "type": "rich_text",
                "block_id": "rWS17",
                "elements": [
                    {
                        "type": "rich_text_section",
                        "elements": [
                            {
                                "type": "text",
                                "text": "Also, just to be clear, I'm seeing this as a template that I'll need to tweak to my use case. My situation is a bit more constrained than a general docs style guide (it's more like UI text and it's rather formulaic at that) and there are some house style differences (sentence case, not title case) that I'd need to account for. But it would be so exciting to have something I could copy and paste to get started with—it'd be as if 80% of the work were done for me (leaving me to focus on the "
                            },
                            {
                                "type": "text",
                                "text": "interesting ",
                                "style": {
                                    "italic": true
                                }
                            },
                            {
                                "type": "text",
                                "text": "20%)"
                            }
                        ]
                    }
                ]
            }
        ],
        "thread_ts": "1592358819.385100",
        "parent_user_id": "U012KCMPP0V"
    },
    {
        "client_msg_id": "5e5eed74-9422-4b4c-8040-afe449744975",
        "type": "message",
        "text": "One thing I'll mention now, just in case it's helpful: when there's a PR for this template, I'd like to see a more distinctive marker for the placeholders and support text that I'm supposed to fill in or delete. I'm not sure brackets alone are searchable enough (especially if I'm imagining this as Markdown source).",
        "user": "U011GCVJFQF",
        "ts": "1592391401.390600",
        "team": "TKFJE6LDR",
        "user_team": "TKFJE6LDR",
        "source_team": "TKFJE6LDR",
        "user_profile": {
            "avatar_hash": "5859193991fb",
            "image_72": "https:\/\/avatars.slack-edge.com\/2020-04-16\/1066602100115_5859193991fb4bbebcdf_72.png",
            "first_name": "",
            "real_name": "Daniel Beck",
            "display_name": "Daniel Beck",
            "team": "TKFJE6LDR",
            "name": "daniel",
            "is_restricted": false,
            "is_ultra_restricted": false
        },
        "blocks": [
            {
                "type": "rich_text",
                "block_id": "B60",
                "elements": [
                    {
                        "type": "rich_text_section",
                        "elements": [
                            {
                                "type": "text",
                                "text": "One thing I'll mention now, just in case it's helpful: when there's a PR for this template, I'd like to see a more distinctive marker for the placeholders and support text that I'm supposed to fill in or delete. I'm not sure brackets alone are searchable enough (especially if I'm imagining this as Markdown source)."
                            }
                        ]
                    }
                ]
            }
        ],
        "thread_ts": "1592358819.385100",
        "parent_user_id": "U012KCMPP0V",
        "reactions": [
            {
                "name": "heavy_plus_sign",
                "users": [
                    "UL2AA1FF1",
                    "U012KCMPP0V"
                ],
                "count": 2
            }
        ]
    },
    {
        "client_msg_id": "cab92016-9866-49a3-b25b-696b286fe83b",
        "type": "message",
        "text": "Thanks for that clarification about how you'd possibly use this template. That's helpful!\n\nRe: clearly indicating support test and placeholders, I agree. That was something I brought up in our last meeting and so this template is currently dependent on the \"template of templates\" where we decide how we'll indicate these kinds of comments consistently throughout the template.",
        "user": "U012KCMPP0V",
        "ts": "1592409564.391000",
        "team": "TKFJE6LDR",
        "user_team": "TKFJE6LDR",
        "source_team": "TKFJE6LDR",
        "user_profile": {
            "avatar_hash": "b26729f0b5f2",
            "image_72": "https:\/\/avatars.slack-edge.com\/2020-04-27\/1089031639347_b26729f0b5f2375494a1_72.png",
            "first_name": "Alyssa",
            "real_name": "Alyssa",
            "display_name": "Alyssa",
            "team": "TKFJE6LDR",
            "name": "alyssa.rock.biz",
            "is_restricted": false,
            "is_ultra_restricted": false
        },
        "blocks": [
            {
                "type": "rich_text",
                "block_id": "z5I",
                "elements": [
                    {
                        "type": "rich_text_section",
                        "elements": [
                            {
                                "type": "text",
                                "text": "Thanks for that clarification about how you'd possibly use this template. That's helpful!\n\nRe: clearly indicating support test and placeholders, I agree. That was something I brought up in our last meeting and so this template is currently dependent on the \"template of templates\" where we decide how we'll indicate these kinds of comments consistently throughout the template."
                            }
                        ]
                    }
                ]
            }
        ],
        "thread_ts": "1592358819.385100",
        "parent_user_id": "U012KCMPP0V"
    },
    {
        "client_msg_id": "857cc952-18f7-4033-a0e4-67d8c348d646",
        "type": "message",
        "text": "Ah, actually, I have a client call :disappointed:",
        "user": "U014V7JDGPM",
        "ts": "1592425227.391200",
        "team": "TKFJE6LDR",
        "user_team": "TKFJE6LDR",
        "source_team": "TKFJE6LDR",
        "user_profile": {
            "avatar_hash": "g35a44b69ae5",
            "image_72": "https:\/\/secure.gravatar.com\/avatar\/35a44b69ae5c2c1d250216f8ccc9d67c.jpg?s=72&d=https%3A%2F%2Fa.slack-edge.com%2Fdf10d%2Fimg%2Favatars%2Fava_0019-72.png",
            "first_name": "",
            "real_name": "ChrisChinchilla",
            "display_name": "ChrisChinchilla",
            "team": "TKFJE6LDR",
            "name": "chris",
            "is_restricted": false,
            "is_ultra_restricted": false
        },
        "blocks": [
            {
                "type": "rich_text",
                "block_id": "zexq",
                "elements": [
                    {
                        "type": "rich_text_section",
                        "elements": [
                            {
                                "type": "text",
                                "text": "Ah, actually, I have a client call "
                            },
                            {
                                "type": "emoji",
                                "name": "disappointed"
                            }
                        ]
                    }
                ]
            }
        ],
        "thread_ts": "1592380829.389900",
        "parent_user_id": "U014V7JDGPM"
    },
    {
        "client_msg_id": "61f1d09e-26ee-4adc-817b-811faa124452",
        "type": "message",
        "text": "Meeting now: <https:\/\/meet.google.com\/nuj-qvxw-vvt?authuser=0>",
        "user": "UKTGLQNGG",
        "ts": "1592427710.391600",
        "team": "TKFJE6LDR",
        "user_team": "TKFJE6LDR",
        "source_team": "TKFJE6LDR",
        "user_profile": {
            "avatar_hash": "d6f4de222bb1",
            "image_72": "https:\/\/avatars.slack-edge.com\/2020-07-20\/1235580478119_d6f4de222bb1ed6b5960_72.jpg",
            "first_name": "Cameron",
            "real_name": "Cameron Shorter",
            "display_name": "cameronshorter",
            "team": "TKFJE6LDR",
            "name": "cameron.shorter",
            "is_restricted": false,
            "is_ultra_restricted": false
        },
        "attachments": [
            {
                "title": "Meet",
                "title_link": "https:\/\/meet.google.com\/nuj-qvxw-vvt?authuser=0",
                "text": "Real-time meetings by Google. Using your browser, share your video, desktop, and presentations with teammates and customers.",
                "fallback": "Meet",
                "thumb_url": "https:\/\/www.gstatic.com\/images\/branding\/product\/2x\/meet_96dp.png",
                "from_url": "https:\/\/meet.google.com\/nuj-qvxw-vvt?authuser=0",
                "thumb_width": 192,
                "thumb_height": 192,
                "service_icon": "http:\/\/www.gstatic.com\/images\/branding\/product\/1x\/meet_16dp.png",
                "service_name": "meet.google.com",
                "id": 1,
                "original_url": "https:\/\/meet.google.com\/nuj-qvxw-vvt?authuser=0"
            }
        ],
        "blocks": [
            {
                "type": "rich_text",
                "block_id": "6cZUp",
                "elements": [
                    {
                        "type": "rich_text_section",
                        "elements": [
                            {
                                "type": "text",
                                "text": "Meeting now: "
                            },
                            {
                                "type": "link",
                                "url": "https:\/\/meet.google.com\/nuj-qvxw-vvt?authuser=0"
                            }
                        ]
                    }
                ]
            }
        ]
    },
    {
        "client_msg_id": "5a6532e1-59d7-4403-8066-fe4cb97c929b",
        "type": "message",
        "text": "ah, sorry, i've been out of commission with dental work for a day or two. if you're intending to hold a meeting thurs evening, though, i can join.",
        "user": "UQ553K7DY",
        "ts": "1592451406.392200",
        "team": "TKFJE6LDR",
        "user_team": "TKFJE6LDR",
        "source_team": "TKFJE6LDR",
        "user_profile": {
            "avatar_hash": "e0f8604c1079",
            "image_72": "https:\/\/avatars.slack-edge.com\/2020-10-26\/1445509834998_e0f8604c1079f923f3e9_72.png",
            "first_name": "Loquacity",
            "real_name": "Loquacity",
            "display_name": "Loquacity",
            "team": "TKFJE6LDR",
            "name": "slack1",
            "is_restricted": false,
            "is_ultra_restricted": false
        },
        "blocks": [
            {
                "type": "rich_text",
                "block_id": "6XQ",
                "elements": [
                    {
                        "type": "rich_text_section",
                        "elements": [
                            {
                                "type": "text",
                                "text": "ah, sorry, i've been out of commission with dental work for a day or two. if you're intending to hold a meeting thurs evening, though, i can join."
                            }
                        ]
                    }
                ]
            }
        ]
    },
    {
        "client_msg_id": "6a523546-7f08-4f6b-a41a-58b41197fcdd",
        "type": "message",
        "text": "Sure, I'll set up a quick checkin for 8:30pm. Will send an invite now.",
        "user": "UKTGLQNGG",
        "ts": "1592451550.392900",
        "team": "TKFJE6LDR",
        "user_team": "TKFJE6LDR",
        "source_team": "TKFJE6LDR",
        "user_profile": {
            "avatar_hash": "d6f4de222bb1",
            "image_72": "https:\/\/avatars.slack-edge.com\/2020-07-20\/1235580478119_d6f4de222bb1ed6b5960_72.jpg",
            "first_name": "Cameron",
            "real_name": "Cameron Shorter",
            "display_name": "cameronshorter",
            "team": "TKFJE6LDR",
            "name": "cameron.shorter",
            "is_restricted": false,
            "is_ultra_restricted": false
        },
        "blocks": [
            {
                "type": "rich_text",
                "block_id": "7t8",
                "elements": [
                    {
                        "type": "rich_text_section",
                        "elements": [
                            {
                                "type": "text",
                                "text": "Sure, I'll set up a quick checkin for 8:30pm. Will send an invite now."
                            }
                        ]
                    }
                ]
            }
        ]
    },
    {
        "client_msg_id": "df7820f4-dd99-41ab-a15b-a3985668991b",
        "type": "message",
        "text": "great, thanks cameron :slightly_smiling_face:",
        "user": "UQ553K7DY",
        "ts": "1592451563.393200",
        "team": "TKFJE6LDR",
        "user_team": "TKFJE6LDR",
        "source_team": "TKFJE6LDR",
        "user_profile": {
            "avatar_hash": "e0f8604c1079",
            "image_72": "https:\/\/avatars.slack-edge.com\/2020-10-26\/1445509834998_e0f8604c1079f923f3e9_72.png",
            "first_name": "Loquacity",
            "real_name": "Loquacity",
            "display_name": "Loquacity",
            "team": "TKFJE6LDR",
            "name": "slack1",
            "is_restricted": false,
            "is_ultra_restricted": false
        },
        "blocks": [
            {
                "type": "rich_text",
                "block_id": "8XGpW",
                "elements": [
                    {
                        "type": "rich_text_section",
                        "elements": [
                            {
                                "type": "text",
                                "text": "great, thanks cameron "
                            },
                            {
                                "type": "emoji",
                                "name": "slightly_smiling_face"
                            }
                        ]
                    }
                ]
            }
        ]
    }
]