[
    {
        "client_msg_id": "0c76b68c-7edb-4dfc-91f5-a8ac5fd481b0",
        "type": "message",
        "text": "How do I add to the agenda?",
        "user": "U014V7JDGPM",
        "ts": "1594198129.489500",
        "team": "TKFJE6LDR",
        "user_team": "TKFJE6LDR",
        "source_team": "TKFJE6LDR",
        "user_profile": {
            "avatar_hash": "g35a44b69ae5",
            "image_72": "https:\/\/secure.gravatar.com\/avatar\/35a44b69ae5c2c1d250216f8ccc9d67c.jpg?s=72&d=https%3A%2F%2Fa.slack-edge.com%2Fdf10d%2Fimg%2Favatars%2Fava_0019-72.png",
            "first_name": "",
            "real_name": "ChrisChinchilla",
            "display_name": "ChrisChinchilla",
            "team": "TKFJE6LDR",
            "name": "chris",
            "is_restricted": false,
            "is_ultra_restricted": false
        },
        "blocks": [
            {
                "type": "rich_text",
                "block_id": "njjL",
                "elements": [
                    {
                        "type": "rich_text_section",
                        "elements": [
                            {
                                "type": "text",
                                "text": "How do I add to the agenda?"
                            }
                        ]
                    }
                ]
            }
        ],
        "thread_ts": "1594198129.489500",
        "reply_count": 11,
        "reply_users_count": 3,
        "latest_reply": "1594278014.496100",
        "reply_users": [
            "UKTGLQNGG",
            "U014V7JDGPM",
            "UKVC4NB71"
        ],
        "replies": [
            {
                "user": "UKTGLQNGG",
                "ts": "1594198265.489600"
            },
            {
                "user": "UKTGLQNGG",
                "ts": "1594198297.489800"
            },
            {
                "user": "U014V7JDGPM",
                "ts": "1594198434.490000"
            },
            {
                "user": "UKTGLQNGG",
                "ts": "1594198545.490200"
            },
            {
                "user": "UKTGLQNGG",
                "ts": "1594198692.490400"
            },
            {
                "user": "U014V7JDGPM",
                "ts": "1594199205.490600"
            },
            {
                "user": "UKVC4NB71",
                "ts": "1594205190.490800"
            },
            {
                "user": "UKTGLQNGG",
                "ts": "1594205518.492400"
            },
            {
                "user": "U014V7JDGPM",
                "ts": "1594218442.493000"
            },
            {
                "user": "UKVC4NB71",
                "ts": "1594245204.494600"
            },
            {
                "user": "U014V7JDGPM",
                "ts": "1594278014.496100"
            }
        ],
        "subscribed": false
    },
    {
        "client_msg_id": "d5937a3e-7001-4c22-9442-ae407be88443",
        "type": "message",
        "text": "Agenda is here: <https:\/\/github.com\/thegooddocsproject\/governance\/wiki\/Weekly-Meetings>\nHopefully you only need a github account to edit the wiki?",
        "user": "UKTGLQNGG",
        "ts": "1594198265.489600",
        "team": "TKFJE6LDR",
        "user_team": "TKFJE6LDR",
        "source_team": "TKFJE6LDR",
        "user_profile": {
            "avatar_hash": "d6f4de222bb1",
            "image_72": "https:\/\/avatars.slack-edge.com\/2020-07-20\/1235580478119_d6f4de222bb1ed6b5960_72.jpg",
            "first_name": "Cameron",
            "real_name": "Cameron Shorter",
            "display_name": "cameronshorter",
            "team": "TKFJE6LDR",
            "name": "cameron.shorter",
            "is_restricted": false,
            "is_ultra_restricted": false
        },
        "blocks": [
            {
                "type": "rich_text",
                "block_id": "tQDF",
                "elements": [
                    {
                        "type": "rich_text_section",
                        "elements": [
                            {
                                "type": "text",
                                "text": "Agenda is here: "
                            },
                            {
                                "type": "link",
                                "url": "https:\/\/github.com\/thegooddocsproject\/governance\/wiki\/Weekly-Meetings"
                            },
                            {
                                "type": "text",
                                "text": "\nHopefully you only need a github account to edit the wiki?"
                            }
                        ]
                    }
                ]
            }
        ],
        "thread_ts": "1594198129.489500",
        "parent_user_id": "U014V7JDGPM"
    },
    {
        "client_msg_id": "b247c8a3-21ed-43e0-afe3-d8a3820816ad",
        "type": "message",
        "text": "<@U014V7JDGPM> ^",
        "user": "UKTGLQNGG",
        "ts": "1594198297.489800",
        "team": "TKFJE6LDR",
        "user_team": "TKFJE6LDR",
        "source_team": "TKFJE6LDR",
        "user_profile": {
            "avatar_hash": "d6f4de222bb1",
            "image_72": "https:\/\/avatars.slack-edge.com\/2020-07-20\/1235580478119_d6f4de222bb1ed6b5960_72.jpg",
            "first_name": "Cameron",
            "real_name": "Cameron Shorter",
            "display_name": "cameronshorter",
            "team": "TKFJE6LDR",
            "name": "cameron.shorter",
            "is_restricted": false,
            "is_ultra_restricted": false
        },
        "blocks": [
            {
                "type": "rich_text",
                "block_id": "Fhj=j",
                "elements": [
                    {
                        "type": "rich_text_section",
                        "elements": [
                            {
                                "type": "user",
                                "user_id": "U014V7JDGPM"
                            },
                            {
                                "type": "text",
                                "text": " ^"
                            }
                        ]
                    }
                ]
            }
        ],
        "thread_ts": "1594198129.489500",
        "parent_user_id": "U014V7JDGPM"
    },
    {
        "client_msg_id": "e5e0d997-a4f1-4859-a455-36b7f3f178cf",
        "type": "message",
        "text": "Nope, GH wikis are a horrible feature. I have been migrating content away from one, so I know all too well.\n\nCan you add \"Migrating test the docs\" resources please?",
        "user": "U014V7JDGPM",
        "ts": "1594198434.490000",
        "team": "TKFJE6LDR",
        "user_team": "TKFJE6LDR",
        "source_team": "TKFJE6LDR",
        "user_profile": {
            "avatar_hash": "g35a44b69ae5",
            "image_72": "https:\/\/secure.gravatar.com\/avatar\/35a44b69ae5c2c1d250216f8ccc9d67c.jpg?s=72&d=https%3A%2F%2Fa.slack-edge.com%2Fdf10d%2Fimg%2Favatars%2Fava_0019-72.png",
            "first_name": "",
            "real_name": "ChrisChinchilla",
            "display_name": "ChrisChinchilla",
            "team": "TKFJE6LDR",
            "name": "chris",
            "is_restricted": false,
            "is_ultra_restricted": false
        },
        "blocks": [
            {
                "type": "rich_text",
                "block_id": "+K9k",
                "elements": [
                    {
                        "type": "rich_text_section",
                        "elements": [
                            {
                                "type": "text",
                                "text": "Nope, GH wikis are a horrible feature. I have been migrating content away from one, so I know all too well.\n\nCan you add \"Migrating test the docs\" resources please?"
                            }
                        ]
                    }
                ]
            }
        ],
        "thread_ts": "1594198129.489500",
        "parent_user_id": "U014V7JDGPM",
        "reactions": [
            {
                "name": "100",
                "users": [
                    "UQ553K7DY"
                ],
                "count": 1
            }
        ]
    },
    {
        "client_msg_id": "2d987b89-52e0-421b-9a30-900a2998498b",
        "type": "message",
        "text": "Sure, a \"Migrating test the docs\" as an agenda item to the meeting?",
        "user": "UKTGLQNGG",
        "ts": "1594198545.490200",
        "team": "TKFJE6LDR",
        "user_team": "TKFJE6LDR",
        "source_team": "TKFJE6LDR",
        "user_profile": {
            "avatar_hash": "d6f4de222bb1",
            "image_72": "https:\/\/avatars.slack-edge.com\/2020-07-20\/1235580478119_d6f4de222bb1ed6b5960_72.jpg",
            "first_name": "Cameron",
            "real_name": "Cameron Shorter",
            "display_name": "cameronshorter",
            "team": "TKFJE6LDR",
            "name": "cameron.shorter",
            "is_restricted": false,
            "is_ultra_restricted": false
        },
        "blocks": [
            {
                "type": "rich_text",
                "block_id": "qHqX",
                "elements": [
                    {
                        "type": "rich_text_section",
                        "elements": [
                            {
                                "type": "text",
                                "text": "Sure, a \"Migrating test the docs\" as an agenda item to the meeting?"
                            }
                        ]
                    }
                ]
            }
        ],
        "thread_ts": "1594198129.489500",
        "parent_user_id": "U014V7JDGPM"
    },
    {
        "client_msg_id": "9430f208-ba28-4955-84e4-d93729a4f674",
        "type": "message",
        "text": "Updated.",
        "user": "UKTGLQNGG",
        "ts": "1594198692.490400",
        "team": "TKFJE6LDR",
        "user_team": "TKFJE6LDR",
        "source_team": "TKFJE6LDR",
        "user_profile": {
            "avatar_hash": "d6f4de222bb1",
            "image_72": "https:\/\/avatars.slack-edge.com\/2020-07-20\/1235580478119_d6f4de222bb1ed6b5960_72.jpg",
            "first_name": "Cameron",
            "real_name": "Cameron Shorter",
            "display_name": "cameronshorter",
            "team": "TKFJE6LDR",
            "name": "cameron.shorter",
            "is_restricted": false,
            "is_ultra_restricted": false
        },
        "blocks": [
            {
                "type": "rich_text",
                "block_id": "a+q",
                "elements": [
                    {
                        "type": "rich_text_section",
                        "elements": [
                            {
                                "type": "text",
                                "text": "Updated."
                            }
                        ]
                    }
                ]
            }
        ],
        "thread_ts": "1594198129.489500",
        "parent_user_id": "U014V7JDGPM"
    },
    {
        "client_msg_id": "bbe0f317-733b-4e51-a76a-5b3a584e1e7c",
        "type": "message",
        "text": "Yup, tarrrr",
        "user": "U014V7JDGPM",
        "ts": "1594199205.490600",
        "team": "TKFJE6LDR",
        "user_team": "TKFJE6LDR",
        "source_team": "TKFJE6LDR",
        "user_profile": {
            "avatar_hash": "g35a44b69ae5",
            "image_72": "https:\/\/secure.gravatar.com\/avatar\/35a44b69ae5c2c1d250216f8ccc9d67c.jpg?s=72&d=https%3A%2F%2Fa.slack-edge.com%2Fdf10d%2Fimg%2Favatars%2Fava_0019-72.png",
            "first_name": "",
            "real_name": "ChrisChinchilla",
            "display_name": "ChrisChinchilla",
            "team": "TKFJE6LDR",
            "name": "chris",
            "is_restricted": false,
            "is_ultra_restricted": false
        },
        "blocks": [
            {
                "type": "rich_text",
                "block_id": "Igk",
                "elements": [
                    {
                        "type": "rich_text_section",
                        "elements": [
                            {
                                "type": "text",
                                "text": "Yup, tarrrr"
                            }
                        ]
                    }
                ]
            }
        ],
        "thread_ts": "1594198129.489500",
        "parent_user_id": "U014V7JDGPM"
    },
    {
        "client_msg_id": "bf6d6232-35da-4767-89a3-12bd4102f0d1",
        "type": "message",
        "text": "I'm glad someone else agrees with me about GH Wikis",
        "user": "UKVC4NB71",
        "ts": "1594205190.490800",
        "team": "TKFJE6LDR",
        "user_team": "TKFJE6LDR",
        "source_team": "TKFJE6LDR",
        "user_profile": {
            "avatar_hash": "c7d9788d4436",
            "image_72": "https:\/\/avatars.slack-edge.com\/2019-10-30\/814314609877_c7d9788d4436969613a7_72.jpg",
            "first_name": "Jared",
            "real_name": "Jared Morgan",
            "display_name": "jaredmorgs",
            "team": "TKFJE6LDR",
            "name": "jaredleonmorgan",
            "is_restricted": false,
            "is_ultra_restricted": false
        },
        "blocks": [
            {
                "type": "rich_text",
                "block_id": "WLgQp",
                "elements": [
                    {
                        "type": "rich_text_section",
                        "elements": [
                            {
                                "type": "text",
                                "text": "I'm glad someone else agrees with me about GH Wikis"
                            }
                        ]
                    }
                ]
            }
        ],
        "thread_ts": "1594198129.489500",
        "parent_user_id": "U014V7JDGPM"
    },
    {
        "client_msg_id": "fa94ad80-fb93-4687-ba66-eb2d5733dd9d",
        "type": "message",
        "text": "Zach has had some health complications the last few days (battling Asthma related symptoms) and I haven't read any proposals.",
        "user": "UKVC4NB71",
        "ts": "1594205229.491000",
        "team": "TKFJE6LDR",
        "user_team": "TKFJE6LDR",
        "source_team": "TKFJE6LDR",
        "user_profile": {
            "avatar_hash": "c7d9788d4436",
            "image_72": "https:\/\/avatars.slack-edge.com\/2019-10-30\/814314609877_c7d9788d4436969613a7_72.jpg",
            "first_name": "Jared",
            "real_name": "Jared Morgan",
            "display_name": "jaredmorgs",
            "team": "TKFJE6LDR",
            "name": "jaredleonmorgan",
            "is_restricted": false,
            "is_ultra_restricted": false
        },
        "blocks": [
            {
                "type": "rich_text",
                "block_id": "pYhk",
                "elements": [
                    {
                        "type": "rich_text_section",
                        "elements": [
                            {
                                "type": "text",
                                "text": "Zach has had some health complications the last few days (battling Asthma related symptoms) and I haven't read any proposals."
                            }
                        ]
                    }
                ]
            }
        ],
        "thread_ts": "1594113146.488000",
        "parent_user_id": "UKTGLQNGG"
    },
    {
        "client_msg_id": "d3c67808-2712-4f8b-b473-da998dd0d707",
        "type": "message",
        "text": "Is there much point me attending the meeting tonight <@UKTGLQNGG>",
        "user": "UKVC4NB71",
        "ts": "1594205239.491200",
        "team": "TKFJE6LDR",
        "user_team": "TKFJE6LDR",
        "source_team": "TKFJE6LDR",
        "user_profile": {
            "avatar_hash": "c7d9788d4436",
            "image_72": "https:\/\/avatars.slack-edge.com\/2019-10-30\/814314609877_c7d9788d4436969613a7_72.jpg",
            "first_name": "Jared",
            "real_name": "Jared Morgan",
            "display_name": "jaredmorgs",
            "team": "TKFJE6LDR",
            "name": "jaredleonmorgan",
            "is_restricted": false,
            "is_ultra_restricted": false
        },
        "blocks": [
            {
                "type": "rich_text",
                "block_id": "YN2",
                "elements": [
                    {
                        "type": "rich_text_section",
                        "elements": [
                            {
                                "type": "text",
                                "text": "Is there much point me attending the meeting tonight "
                            },
                            {
                                "type": "user",
                                "user_id": "UKTGLQNGG"
                            }
                        ]
                    }
                ]
            }
        ],
        "thread_ts": "1594113146.488000",
        "parent_user_id": "UKTGLQNGG"
    },
    {
        "client_msg_id": "462e9784-6b9f-422f-821c-aacc3e98c92f",
        "type": "message",
        "text": "I've still got about 2hrs of work to catch up on anyhow.",
        "user": "UKVC4NB71",
        "ts": "1594205250.491400",
        "team": "TKFJE6LDR",
        "user_team": "TKFJE6LDR",
        "source_team": "TKFJE6LDR",
        "user_profile": {
            "avatar_hash": "c7d9788d4436",
            "image_72": "https:\/\/avatars.slack-edge.com\/2019-10-30\/814314609877_c7d9788d4436969613a7_72.jpg",
            "first_name": "Jared",
            "real_name": "Jared Morgan",
            "display_name": "jaredmorgs",
            "team": "TKFJE6LDR",
            "name": "jaredleonmorgan",
            "is_restricted": false,
            "is_ultra_restricted": false
        },
        "blocks": [
            {
                "type": "rich_text",
                "block_id": "N2Vvb",
                "elements": [
                    {
                        "type": "rich_text_section",
                        "elements": [
                            {
                                "type": "text",
                                "text": "I've still got about 2hrs of work to catch up on anyhow."
                            }
                        ]
                    }
                ]
            }
        ],
        "thread_ts": "1594113146.488000",
        "parent_user_id": "UKTGLQNGG"
    },
    {
        "client_msg_id": "19ac177e-ea0f-4a03-94e4-aa435cc1ca04",
        "type": "message",
        "text": "No prep required for the meeting. But I can handle the meeting without you if you have higher priorities (which it sounds like you do).",
        "user": "UKTGLQNGG",
        "ts": "1594205345.491600",
        "team": "TKFJE6LDR",
        "user_team": "TKFJE6LDR",
        "source_team": "TKFJE6LDR",
        "user_profile": {
            "avatar_hash": "d6f4de222bb1",
            "image_72": "https:\/\/avatars.slack-edge.com\/2020-07-20\/1235580478119_d6f4de222bb1ed6b5960_72.jpg",
            "first_name": "Cameron",
            "real_name": "Cameron Shorter",
            "display_name": "cameronshorter",
            "team": "TKFJE6LDR",
            "name": "cameron.shorter",
            "is_restricted": false,
            "is_ultra_restricted": false
        },
        "blocks": [
            {
                "type": "rich_text",
                "block_id": "ve2P",
                "elements": [
                    {
                        "type": "rich_text_section",
                        "elements": [
                            {
                                "type": "text",
                                "text": "No prep required for the meeting. But I can handle the meeting without you if you have higher priorities (which it sounds like you do)."
                            }
                        ]
                    }
                ]
            }
        ],
        "thread_ts": "1594113146.488000",
        "parent_user_id": "UKTGLQNGG"
    },
    {
        "client_msg_id": "7fd869b0-0382-4865-ac19-1174eadc5bb3",
        "type": "message",
        "text": "OK I might bail for tonight and maybe cast my eye over them tomorrow some time.",
        "user": "UKVC4NB71",
        "ts": "1594205375.491800",
        "team": "TKFJE6LDR",
        "user_team": "TKFJE6LDR",
        "source_team": "TKFJE6LDR",
        "user_profile": {
            "avatar_hash": "c7d9788d4436",
            "image_72": "https:\/\/avatars.slack-edge.com\/2019-10-30\/814314609877_c7d9788d4436969613a7_72.jpg",
            "first_name": "Jared",
            "real_name": "Jared Morgan",
            "display_name": "jaredmorgs",
            "team": "TKFJE6LDR",
            "name": "jaredleonmorgan",
            "is_restricted": false,
            "is_ultra_restricted": false
        },
        "blocks": [
            {
                "type": "rich_text",
                "block_id": "w+9q",
                "elements": [
                    {
                        "type": "rich_text_section",
                        "elements": [
                            {
                                "type": "text",
                                "text": "OK I might bail for tonight and maybe cast my eye over them tomorrow some time."
                            }
                        ]
                    }
                ]
            }
        ],
        "thread_ts": "1594113146.488000",
        "parent_user_id": "UKTGLQNGG"
    },
    {
        "client_msg_id": "9ec0c485-e964-4ed9-810a-54aff1965afe",
        "type": "message",
        "text": "Thanks for the understanding.",
        "user": "UKVC4NB71",
        "ts": "1594205382.492000",
        "team": "TKFJE6LDR",
        "user_team": "TKFJE6LDR",
        "source_team": "TKFJE6LDR",
        "user_profile": {
            "avatar_hash": "c7d9788d4436",
            "image_72": "https:\/\/avatars.slack-edge.com\/2019-10-30\/814314609877_c7d9788d4436969613a7_72.jpg",
            "first_name": "Jared",
            "real_name": "Jared Morgan",
            "display_name": "jaredmorgs",
            "team": "TKFJE6LDR",
            "name": "jaredleonmorgan",
            "is_restricted": false,
            "is_ultra_restricted": false
        },
        "blocks": [
            {
                "type": "rich_text",
                "block_id": "PRN",
                "elements": [
                    {
                        "type": "rich_text_section",
                        "elements": [
                            {
                                "type": "text",
                                "text": "Thanks for the understanding."
                            }
                        ]
                    }
                ]
            }
        ],
        "thread_ts": "1594113146.488000",
        "parent_user_id": "UKTGLQNGG"
    },
    {
        "client_msg_id": "db351525-6350-40a4-9416-f744ea89b861",
        "type": "message",
        "text": "Sorry to hear Zach has been crook. I know it can be taxing keeping up with a sick family, and that takes priority.",
        "user": "UKTGLQNGG",
        "ts": "1594205430.492200",
        "team": "TKFJE6LDR",
        "user_team": "TKFJE6LDR",
        "source_team": "TKFJE6LDR",
        "user_profile": {
            "avatar_hash": "d6f4de222bb1",
            "image_72": "https:\/\/avatars.slack-edge.com\/2020-07-20\/1235580478119_d6f4de222bb1ed6b5960_72.jpg",
            "first_name": "Cameron",
            "real_name": "Cameron Shorter",
            "display_name": "cameronshorter",
            "team": "TKFJE6LDR",
            "name": "cameron.shorter",
            "is_restricted": false,
            "is_ultra_restricted": false
        },
        "blocks": [
            {
                "type": "rich_text",
                "block_id": "Kk6Q",
                "elements": [
                    {
                        "type": "rich_text_section",
                        "elements": [
                            {
                                "type": "text",
                                "text": "Sorry to hear Zach has been crook. I know it can be taxing keeping up with a sick family, and that takes priority."
                            }
                        ]
                    }
                ]
            }
        ],
        "thread_ts": "1594113146.488000",
        "parent_user_id": "UKTGLQNGG"
    },
    {
        "client_msg_id": "2893a899-fb0a-4a8b-899f-c39ddec98c8f",
        "type": "message",
        "text": "Yes, docs in our website have become fragmented across multiple repositories, some in the main markdown, others in the wiki. It is a bit embarrassing for a tech writing project.",
        "user": "UKTGLQNGG",
        "ts": "1594205518.492400",
        "team": "TKFJE6LDR",
        "user_team": "TKFJE6LDR",
        "source_team": "TKFJE6LDR",
        "user_profile": {
            "avatar_hash": "d6f4de222bb1",
            "image_72": "https:\/\/avatars.slack-edge.com\/2020-07-20\/1235580478119_d6f4de222bb1ed6b5960_72.jpg",
            "first_name": "Cameron",
            "real_name": "Cameron Shorter",
            "display_name": "cameronshorter",
            "team": "TKFJE6LDR",
            "name": "cameron.shorter",
            "is_restricted": false,
            "is_ultra_restricted": false
        },
        "blocks": [
            {
                "type": "rich_text",
                "block_id": "2G4QV",
                "elements": [
                    {
                        "type": "rich_text_section",
                        "elements": [
                            {
                                "type": "text",
                                "text": "Yes, docs in our website have become fragmented across multiple repositories, some in the main markdown, others in the wiki. It is a bit embarrassing for a tech writing project."
                            }
                        ]
                    }
                ]
            }
        ],
        "thread_ts": "1594198129.489500",
        "parent_user_id": "U014V7JDGPM"
    },
    {
        "client_msg_id": "51dbc059-cf35-4d64-ab23-f9f75fd56687",
        "type": "message",
        "text": "meeting now for those in AU timezone",
        "user": "UKTGLQNGG",
        "ts": "1594206136.492800",
        "team": "TKFJE6LDR",
        "user_team": "TKFJE6LDR",
        "source_team": "TKFJE6LDR",
        "user_profile": {
            "avatar_hash": "d6f4de222bb1",
            "image_72": "https:\/\/avatars.slack-edge.com\/2020-07-20\/1235580478119_d6f4de222bb1ed6b5960_72.jpg",
            "first_name": "Cameron",
            "real_name": "Cameron Shorter",
            "display_name": "cameronshorter",
            "team": "TKFJE6LDR",
            "name": "cameron.shorter",
            "is_restricted": false,
            "is_ultra_restricted": false
        },
        "blocks": [
            {
                "type": "rich_text",
                "block_id": "Q3C",
                "elements": [
                    {
                        "type": "rich_text_section",
                        "elements": [
                            {
                                "type": "text",
                                "text": "meeting now for those in AU timezone"
                            }
                        ]
                    }
                ]
            }
        ]
    },
    {
        "client_msg_id": "6f4a1914-cc88-4d8d-82c4-56f661b1ccdb",
        "type": "message",
        "text": "I have been migrating the Ethereum wiki that has 200+ pages get over 30k visits a week, not… fun…",
        "user": "U014V7JDGPM",
        "ts": "1594218442.493000",
        "team": "TKFJE6LDR",
        "user_team": "TKFJE6LDR",
        "source_team": "TKFJE6LDR",
        "user_profile": {
            "avatar_hash": "g35a44b69ae5",
            "image_72": "https:\/\/secure.gravatar.com\/avatar\/35a44b69ae5c2c1d250216f8ccc9d67c.jpg?s=72&d=https%3A%2F%2Fa.slack-edge.com%2Fdf10d%2Fimg%2Favatars%2Fava_0019-72.png",
            "first_name": "",
            "real_name": "ChrisChinchilla",
            "display_name": "ChrisChinchilla",
            "team": "TKFJE6LDR",
            "name": "chris",
            "is_restricted": false,
            "is_ultra_restricted": false
        },
        "blocks": [
            {
                "type": "rich_text",
                "block_id": "k+wT9",
                "elements": [
                    {
                        "type": "rich_text_section",
                        "elements": [
                            {
                                "type": "text",
                                "text": "I have been migrating the Ethereum wiki that has 200+ pages get over 30k visits a week, not… fun…"
                            }
                        ]
                    }
                ]
            }
        ],
        "thread_ts": "1594198129.489500",
        "parent_user_id": "U014V7JDGPM"
    },
    {
        "client_msg_id": "506b29f7-b920-4c34-b9bd-2cc93fb539bb",
        "type": "message",
        "text": "hi folks -- so sorry, I got pulled into another meeting! I did update the agenda with the oldest PR",
        "user": "UL2AA1FF1",
        "ts": "1594242113.494500",
        "team": "TKFJE6LDR",
        "user_team": "TKFJE6LDR",
        "source_team": "TKFJE6LDR",
        "user_profile": {
            "avatar_hash": "22135067b36d",
            "image_72": "https:\/\/avatars.slack-edge.com\/2019-10-23\/805254797908_22135067b36dfb715e99_72.jpg",
            "first_name": "",
            "real_name": "Erin McKean",
            "display_name": "Erin McKean",
            "team": "TKFJE6LDR",
            "name": "emckean",
            "is_restricted": false,
            "is_ultra_restricted": false
        },
        "blocks": [
            {
                "type": "rich_text",
                "block_id": "oYh3",
                "elements": [
                    {
                        "type": "rich_text_section",
                        "elements": [
                            {
                                "type": "text",
                                "text": "hi folks -- so sorry, I got pulled into another meeting! I did update the agenda with the oldest PR"
                            }
                        ]
                    }
                ]
            }
        ]
    },
    {
        "client_msg_id": "3961c69c-58a0-4956-9332-7b8fc345ab16",
        "type": "message",
        "text": "I think we're getting to the point where we need our own proper docs site for the project.",
        "user": "UKVC4NB71",
        "ts": "1594245204.494600",
        "team": "TKFJE6LDR",
        "user_team": "TKFJE6LDR",
        "source_team": "TKFJE6LDR",
        "user_profile": {
            "avatar_hash": "c7d9788d4436",
            "image_72": "https:\/\/avatars.slack-edge.com\/2019-10-30\/814314609877_c7d9788d4436969613a7_72.jpg",
            "first_name": "Jared",
            "real_name": "Jared Morgan",
            "display_name": "jaredmorgs",
            "team": "TKFJE6LDR",
            "name": "jaredleonmorgan",
            "is_restricted": false,
            "is_ultra_restricted": false
        },
        "blocks": [
            {
                "type": "rich_text",
                "block_id": "yc1W=",
                "elements": [
                    {
                        "type": "rich_text_section",
                        "elements": [
                            {
                                "type": "text",
                                "text": "I think we're getting to the point where we need our own proper docs site for the project."
                            }
                        ]
                    }
                ]
            }
        ],
        "thread_ts": "1594198129.489500",
        "parent_user_id": "U014V7JDGPM"
    },
    {
        "client_msg_id": "058127d5-5630-4884-9ba6-f7a6bf14c740",
        "type": "message",
        "text": "I've copied meeting minutes for AU and US timezone meetings into our wiki: <https:\/\/github.com\/thegooddocsproject\/governance\/wiki\/Weekly-Meetings> Will send to our email list now.",
        "user": "UKTGLQNGG",
        "ts": "1594245650.495800",
        "team": "TKFJE6LDR",
        "user_team": "TKFJE6LDR",
        "source_team": "TKFJE6LDR",
        "user_profile": {
            "avatar_hash": "d6f4de222bb1",
            "image_72": "https:\/\/avatars.slack-edge.com\/2020-07-20\/1235580478119_d6f4de222bb1ed6b5960_72.jpg",
            "first_name": "Cameron",
            "real_name": "Cameron Shorter",
            "display_name": "cameronshorter",
            "team": "TKFJE6LDR",
            "name": "cameron.shorter",
            "is_restricted": false,
            "is_ultra_restricted": false
        },
        "blocks": [
            {
                "type": "rich_text",
                "block_id": "NNiQ",
                "elements": [
                    {
                        "type": "rich_text_section",
                        "elements": [
                            {
                                "type": "text",
                                "text": "I've copied meeting minutes for AU and US timezone meetings into our wiki: "
                            },
                            {
                                "type": "link",
                                "url": "https:\/\/github.com\/thegooddocsproject\/governance\/wiki\/Weekly-Meetings"
                            },
                            {
                                "type": "text",
                                "text": " Will send to our email list now."
                            }
                        ]
                    }
                ]
            }
        ],
        "reactions": [
            {
                "name": "+1",
                "users": [
                    "UL2AA1FF1",
                    "UQ553K7DY"
                ],
                "count": 2
            }
        ]
    }
]