[
    {
        "client_msg_id": "bd7190de-80d8-491e-a495-9dd986e87b6d",
        "type": "message",
        "text": "Hey <@U014V7JDGPM>, re my last email about expanding on some of the Tech Writing patterns ideas, you appear to have a good handle on linting tools through your work with Vale, and can probably expand on that with regards to the challenges around matching Google Docs front end ease of use with Git backend versioning. If you have the bandwidth it would be great to see you flesh this out a bit in a Google doc or similar.",
        "user": "UKTGLQNGG",
        "ts": "1593417376.426000",
        "team": "TKFJE6LDR",
        "user_team": "TKFJE6LDR",
        "source_team": "TKFJE6LDR",
        "user_profile": {
            "avatar_hash": "d6f4de222bb1",
            "image_72": "https:\/\/avatars.slack-edge.com\/2020-07-20\/1235580478119_d6f4de222bb1ed6b5960_72.jpg",
            "first_name": "Cameron",
            "real_name": "Cameron Shorter",
            "display_name": "cameronshorter",
            "team": "TKFJE6LDR",
            "name": "cameron.shorter",
            "is_restricted": false,
            "is_ultra_restricted": false
        },
        "blocks": [
            {
                "type": "rich_text",
                "block_id": "fUYFQ",
                "elements": [
                    {
                        "type": "rich_text_section",
                        "elements": [
                            {
                                "type": "text",
                                "text": "Hey "
                            },
                            {
                                "type": "user",
                                "user_id": "U014V7JDGPM"
                            },
                            {
                                "type": "text",
                                "text": ", re my last email about expanding on some of the Tech Writing patterns ideas, you appear to have a good handle on linting tools through your work with Vale, and can probably expand on that with regards to the challenges around matching Google Docs front end ease of use with Git backend versioning. If you have the bandwidth it would be great to see you flesh this out a bit in a Google doc or similar."
                            }
                        ]
                    }
                ]
            }
        ]
    },
    {
        "client_msg_id": "5811151c-3ce5-4951-b9c5-b246587d6268",
        "type": "message",
        "text": "I enjoyed this article: <https:\/\/medium.com\/@erikka.innes\/how-do-you-know-your-developer-documentation-is-successful-metrics-c696ea972a84>",
        "user": "UL2AA1FF1",
        "ts": "1593466993.426200",
        "team": "TKFJE6LDR",
        "user_team": "TKFJE6LDR",
        "source_team": "TKFJE6LDR",
        "user_profile": {
            "avatar_hash": "22135067b36d",
            "image_72": "https:\/\/avatars.slack-edge.com\/2019-10-23\/805254797908_22135067b36dfb715e99_72.jpg",
            "first_name": "",
            "real_name": "Erin McKean",
            "display_name": "Erin McKean",
            "team": "TKFJE6LDR",
            "name": "emckean",
            "is_restricted": false,
            "is_ultra_restricted": false
        },
        "attachments": [
            {
                "service_name": "Medium",
                "title": "How Do You Know Your Developer Documentation is Successful? — Metrics!",
                "title_link": "https:\/\/medium.com\/@erikka.innes\/how-do-you-know-your-developer-documentation-is-successful-metrics-c696ea972a84",
                "text": "When it comes to public facing developer documentation, there are many ways to measure its success. But not all metrics are created equal…",
                "fallback": "Medium: How Do You Know Your Developer Documentation is Successful? — Metrics!",
                "image_url": "https:\/\/miro.medium.com\/max\/555\/1*moNEzZ23Yxs97M6xa71d8g.png",
                "fields": [
                    {
                        "title": "Reading time",
                        "value": "5 min read",
                        "short": true
                    }
                ],
                "ts": 1592853764,
                "from_url": "https:\/\/medium.com\/@erikka.innes\/how-do-you-know-your-developer-documentation-is-successful-metrics-c696ea972a84",
                "image_width": 428,
                "image_height": 250,
                "image_bytes": 38246,
                "service_icon": "https:\/\/cdn-images-1.medium.com\/fit\/c\/152\/152\/1*8I-HPL0bfoIzGied-dzOvA.png",
                "id": 1,
                "original_url": "https:\/\/medium.com\/@erikka.innes\/how-do-you-know-your-developer-documentation-is-successful-metrics-c696ea972a84"
            }
        ],
        "blocks": [
            {
                "type": "rich_text",
                "block_id": "9DRpN",
                "elements": [
                    {
                        "type": "rich_text_section",
                        "elements": [
                            {
                                "type": "text",
                                "text": "I enjoyed this article: "
                            },
                            {
                                "type": "link",
                                "url": "https:\/\/medium.com\/@erikka.innes\/how-do-you-know-your-developer-documentation-is-successful-metrics-c696ea972a84"
                            }
                        ]
                    }
                ]
            }
        ]
    },
    {
        "client_msg_id": "90eb47fe-3a19-4c87-8230-cd9213828fe7",
        "type": "message",
        "text": "Ahh, everyone always asks this question… I wonder it the answer is \"it depends\"",
        "user": "U014V7JDGPM",
        "ts": "1593499754.429000",
        "team": "TKFJE6LDR",
        "user_team": "TKFJE6LDR",
        "source_team": "TKFJE6LDR",
        "user_profile": {
            "avatar_hash": "g35a44b69ae5",
            "image_72": "https:\/\/secure.gravatar.com\/avatar\/35a44b69ae5c2c1d250216f8ccc9d67c.jpg?s=72&d=https%3A%2F%2Fa.slack-edge.com%2Fdf10d%2Fimg%2Favatars%2Fava_0019-72.png",
            "first_name": "",
            "real_name": "ChrisChinchilla",
            "display_name": "ChrisChinchilla",
            "team": "TKFJE6LDR",
            "name": "chris",
            "is_restricted": false,
            "is_ultra_restricted": false
        },
        "blocks": [
            {
                "type": "rich_text",
                "block_id": "3Vf",
                "elements": [
                    {
                        "type": "rich_text_section",
                        "elements": [
                            {
                                "type": "text",
                                "text": "Ahh, everyone always asks this question… I wonder it the answer is \"it depends\""
                            }
                        ]
                    }
                ]
            }
        ],
        "reactions": [
            {
                "name": "heavy_plus_sign",
                "users": [
                    "UL2AA1FF1"
                ],
                "count": 1
            },
            {
                "name": "100",
                "users": [
                    "UL2AA1FF1"
                ],
                "count": 1
            }
        ]
    }
]