[
    {
        "client_msg_id": "be06f26d-b8a0-4a11-8062-1866cc58b1c7",
        "type": "message",
        "text": "<@UKTGLQNGG> OK, I'll compile a list of what I wanted to transfer, at the moment, mostly styles for Vale, but I'll get an actual list asap.",
        "user": "U014V7JDGPM",
        "ts": "1593760956.470600",
        "team": "TKFJE6LDR",
        "user_team": "TKFJE6LDR",
        "source_team": "TKFJE6LDR",
        "user_profile": {
            "avatar_hash": "g35a44b69ae5",
            "image_72": "https:\/\/secure.gravatar.com\/avatar\/35a44b69ae5c2c1d250216f8ccc9d67c.jpg?s=72&d=https%3A%2F%2Fa.slack-edge.com%2Fdf10d%2Fimg%2Favatars%2Fava_0019-72.png",
            "first_name": "",
            "real_name": "ChrisChinchilla",
            "display_name": "ChrisChinchilla",
            "team": "TKFJE6LDR",
            "name": "chris",
            "is_restricted": false,
            "is_ultra_restricted": false
        },
        "blocks": [
            {
                "type": "rich_text",
                "block_id": "D01c6",
                "elements": [
                    {
                        "type": "rich_text_section",
                        "elements": [
                            {
                                "type": "user",
                                "user_id": "UKTGLQNGG"
                            },
                            {
                                "type": "text",
                                "text": " OK, I'll compile a list of what I wanted to transfer, at the moment, mostly styles for Vale, but I'll get an actual list asap."
                            }
                        ]
                    }
                ]
            }
        ],
        "reactions": [
            {
                "name": "+1",
                "users": [
                    "UKTGLQNGG"
                ],
                "count": 1
            }
        ]
    },
    {
        "client_msg_id": "508b12ea-769e-457c-b121-94f0fa706685",
        "type": "message",
        "text": "<@U014V7JDGPM>, I'm assuming it is not going to be time critical to get your material into the Good Docs Project, unless you think otherwise. I'm thinking we should give you space to polish your Season of Docs application first.",
        "user": "UKTGLQNGG",
        "ts": "1593761142.472400",
        "team": "TKFJE6LDR",
        "user_team": "TKFJE6LDR",
        "source_team": "TKFJE6LDR",
        "user_profile": {
            "avatar_hash": "d6f4de222bb1",
            "image_72": "https:\/\/avatars.slack-edge.com\/2020-07-20\/1235580478119_d6f4de222bb1ed6b5960_72.jpg",
            "first_name": "Cameron",
            "real_name": "Cameron Shorter",
            "display_name": "cameronshorter",
            "team": "TKFJE6LDR",
            "name": "cameron.shorter",
            "is_restricted": false,
            "is_ultra_restricted": false
        },
        "blocks": [
            {
                "type": "rich_text",
                "block_id": "3Yc",
                "elements": [
                    {
                        "type": "rich_text_section",
                        "elements": [
                            {
                                "type": "user",
                                "user_id": "U014V7JDGPM"
                            },
                            {
                                "type": "text",
                                "text": ", I'm assuming it is not going to be time critical to get your material into the Good Docs Project, unless you think otherwise. I'm thinking we should give you space to polish your Season of Docs application first."
                            }
                        ]
                    }
                ]
            }
        ]
    },
    {
        "client_msg_id": "751366fa-5c35-4f79-9342-6fe78cf79ab9",
        "type": "message",
        "text": "Ah no, not at all, I just want to do a bit of git admin",
        "user": "U014V7JDGPM",
        "ts": "1593761192.472800",
        "team": "TKFJE6LDR",
        "user_team": "TKFJE6LDR",
        "source_team": "TKFJE6LDR",
        "user_profile": {
            "avatar_hash": "g35a44b69ae5",
            "image_72": "https:\/\/secure.gravatar.com\/avatar\/35a44b69ae5c2c1d250216f8ccc9d67c.jpg?s=72&d=https%3A%2F%2Fa.slack-edge.com%2Fdf10d%2Fimg%2Favatars%2Fava_0019-72.png",
            "first_name": "",
            "real_name": "ChrisChinchilla",
            "display_name": "ChrisChinchilla",
            "team": "TKFJE6LDR",
            "name": "chris",
            "is_restricted": false,
            "is_ultra_restricted": false
        },
        "edited": {
            "user": "U014V7JDGPM",
            "ts": "1593761202.000000"
        },
        "blocks": [
            {
                "type": "rich_text",
                "block_id": "Y5v0B",
                "elements": [
                    {
                        "type": "rich_text_section",
                        "elements": [
                            {
                                "type": "text",
                                "text": "Ah no, not at all, I just want to do a bit of git admin"
                            }
                        ]
                    }
                ]
            }
        ]
    }
]