[
    {
        "client_msg_id": "916fb27a-c718-4ae9-b7bb-bea666e07c9c",
        "type": "message",
        "text": "Lol",
        "user": "U014V7JDGPM",
        "ts": "1594278014.496100",
        "team": "TKFJE6LDR",
        "user_team": "TKFJE6LDR",
        "source_team": "TKFJE6LDR",
        "user_profile": {
            "avatar_hash": "g35a44b69ae5",
            "image_72": "https:\/\/secure.gravatar.com\/avatar\/35a44b69ae5c2c1d250216f8ccc9d67c.jpg?s=72&d=https%3A%2F%2Fa.slack-edge.com%2Fdf10d%2Fimg%2Favatars%2Fava_0019-72.png",
            "first_name": "",
            "real_name": "ChrisChinchilla",
            "display_name": "ChrisChinchilla",
            "team": "TKFJE6LDR",
            "name": "chris",
            "is_restricted": false,
            "is_ultra_restricted": false
        },
        "blocks": [
            {
                "type": "rich_text",
                "block_id": "EWV40",
                "elements": [
                    {
                        "type": "rich_text_section",
                        "elements": [
                            {
                                "type": "text",
                                "text": "Lol"
                            }
                        ]
                    }
                ]
            }
        ],
        "thread_ts": "1594198129.489500",
        "parent_user_id": "U014V7JDGPM"
    },
    {
        "client_msg_id": "5bdb27c6-dce0-4d75-9236-80d4f54b26ad",
        "type": "message",
        "text": "OK, got my brief and updated proposals in at the last moment :sweat_smile:",
        "user": "U014V7JDGPM",
        "ts": "1594312126.496800",
        "team": "TKFJE6LDR",
        "user_team": "TKFJE6LDR",
        "source_team": "TKFJE6LDR",
        "user_profile": {
            "avatar_hash": "g35a44b69ae5",
            "image_72": "https:\/\/secure.gravatar.com\/avatar\/35a44b69ae5c2c1d250216f8ccc9d67c.jpg?s=72&d=https%3A%2F%2Fa.slack-edge.com%2Fdf10d%2Fimg%2Favatars%2Fava_0019-72.png",
            "first_name": "",
            "real_name": "ChrisChinchilla",
            "display_name": "ChrisChinchilla",
            "team": "TKFJE6LDR",
            "name": "chris",
            "is_restricted": false,
            "is_ultra_restricted": false
        },
        "blocks": [
            {
                "type": "rich_text",
                "block_id": "7G\/qd",
                "elements": [
                    {
                        "type": "rich_text_section",
                        "elements": [
                            {
                                "type": "text",
                                "text": "OK, got my brief and updated proposals in at the last moment "
                            },
                            {
                                "type": "emoji",
                                "name": "sweat_smile"
                            }
                        ]
                    }
                ]
            }
        ]
    },
    {
        "client_msg_id": "7ae76fc8-c5c7-4c3d-a72a-1090ea24c05d",
        "type": "message",
        "text": "hey, good luck to all the Season of Docs TGDP applicants! :the_horns::stuck_out_tongue_closed_eyes:",
        "user": "U013XPC8Q9Z",
        "ts": "1594321631.497500",
        "team": "TKFJE6LDR",
        "user_team": "TKFJE6LDR",
        "source_team": "TKFJE6LDR",
        "user_profile": {
            "avatar_hash": "g014a14c2e81",
            "image_72": "https:\/\/secure.gravatar.com\/avatar\/014a14c2e812ad8e54d4dfc6615761ec.jpg?s=72&d=https%3A%2F%2Fa.slack-edge.com%2Fdf10d%2Fimg%2Favatars%2Fava_0014-72.png",
            "first_name": "",
            "real_name": "Aaron Peters",
            "display_name": "Aaron Peters",
            "team": "TKFJE6LDR",
            "name": "acpkendo",
            "is_restricted": false,
            "is_ultra_restricted": false
        },
        "blocks": [
            {
                "type": "rich_text",
                "block_id": "dPzYG",
                "elements": [
                    {
                        "type": "rich_text_section",
                        "elements": [
                            {
                                "type": "text",
                                "text": "hey, good luck to all the Season of Docs TGDP applicants! "
                            },
                            {
                                "type": "emoji",
                                "name": "the_horns"
                            },
                            {
                                "type": "emoji",
                                "name": "stuck_out_tongue_closed_eyes"
                            }
                        ]
                    }
                ]
            }
        ]
    },
    {
        "client_msg_id": "01371f39-24b8-495b-ae33-140f67d6d951",
        "type": "message",
        "text": "May the odds be ever in your favour. :smile:",
        "user": "UKVC4NB71",
        "ts": "1594332979.497800",
        "team": "TKFJE6LDR",
        "user_team": "TKFJE6LDR",
        "source_team": "TKFJE6LDR",
        "user_profile": {
            "avatar_hash": "c7d9788d4436",
            "image_72": "https:\/\/avatars.slack-edge.com\/2019-10-30\/814314609877_c7d9788d4436969613a7_72.jpg",
            "first_name": "Jared",
            "real_name": "Jared Morgan",
            "display_name": "jaredmorgs",
            "team": "TKFJE6LDR",
            "name": "jaredleonmorgan",
            "is_restricted": false,
            "is_ultra_restricted": false
        },
        "blocks": [
            {
                "type": "rich_text",
                "block_id": "f34O",
                "elements": [
                    {
                        "type": "rich_text_section",
                        "elements": [
                            {
                                "type": "text",
                                "text": "May the odds be ever in your favour. "
                            },
                            {
                                "type": "emoji",
                                "name": "smile"
                            }
                        ]
                    }
                ]
            }
        ]
    },
    {
        "client_msg_id": "db3af07a-6991-4413-b51c-a4c3eacc83da",
        "type": "message",
        "text": "that sounds a bit ominous, jared! i didn't realise we'd be fighting each other to the death for this :joy:",
        "user": "UQ553K7DY",
        "ts": "1594342314.498300",
        "team": "TKFJE6LDR",
        "user_team": "TKFJE6LDR",
        "source_team": "TKFJE6LDR",
        "user_profile": {
            "avatar_hash": "e0f8604c1079",
            "image_72": "https:\/\/avatars.slack-edge.com\/2020-10-26\/1445509834998_e0f8604c1079f923f3e9_72.png",
            "first_name": "Loquacity",
            "real_name": "Loquacity",
            "display_name": "Loquacity",
            "team": "TKFJE6LDR",
            "name": "slack1",
            "is_restricted": false,
            "is_ultra_restricted": false
        },
        "blocks": [
            {
                "type": "rich_text",
                "block_id": "IYrmD",
                "elements": [
                    {
                        "type": "rich_text_section",
                        "elements": [
                            {
                                "type": "text",
                                "text": "that sounds a bit ominous, jared! i didn't realise we'd be fighting each other to the death for this "
                            },
                            {
                                "type": "emoji",
                                "name": "joy"
                            }
                        ]
                    }
                ]
            }
        ]
    },
    {
        "client_msg_id": "059b8f2d-5839-4b4c-8709-b7d8a55a849c",
        "type": "message",
        "text": "Us Season of Docs project admins have been forwarded 15 proposals for the Good Docs Project. I'll do a first pass review this weekend and share my thoughts privately with the other admins.",
        "user": "UKTGLQNGG",
        "ts": "1594353009.499800",
        "team": "TKFJE6LDR",
        "user_team": "TKFJE6LDR",
        "source_team": "TKFJE6LDR",
        "user_profile": {
            "avatar_hash": "d6f4de222bb1",
            "image_72": "https:\/\/avatars.slack-edge.com\/2020-07-20\/1235580478119_d6f4de222bb1ed6b5960_72.jpg",
            "first_name": "Cameron",
            "real_name": "Cameron Shorter",
            "display_name": "cameronshorter",
            "team": "TKFJE6LDR",
            "name": "cameron.shorter",
            "is_restricted": false,
            "is_ultra_restricted": false
        },
        "blocks": [
            {
                "type": "rich_text",
                "block_id": "cn14T",
                "elements": [
                    {
                        "type": "rich_text_section",
                        "elements": [
                            {
                                "type": "text",
                                "text": "Us Season of Docs project admins have been forwarded 15 proposals for the Good Docs Project. I'll do a first pass review this weekend and share my thoughts privately with the other admins."
                            }
                        ]
                    }
                ]
            }
        ],
        "reactions": [
            {
                "name": "+1",
                "users": [
                    "U013XPC8Q9Z",
                    "UKVC4NB71",
                    "UQ553K7DY",
                    "UKV4ZPEFQ",
                    "U0170HMB87K"
                ],
                "count": 5
            }
        ]
    },
    {
        "client_msg_id": "99f58f19-976d-45d9-bcbc-0d55f0bbae3e",
        "type": "message",
        "text": "That's more than I was originally expecting. That's a good problem to have.",
        "user": "UKVC4NB71",
        "ts": "1594354230.000500",
        "team": "TKFJE6LDR",
        "user_team": "TKFJE6LDR",
        "source_team": "TKFJE6LDR",
        "user_profile": {
            "avatar_hash": "c7d9788d4436",
            "image_72": "https:\/\/avatars.slack-edge.com\/2019-10-30\/814314609877_c7d9788d4436969613a7_72.jpg",
            "first_name": "Jared",
            "real_name": "Jared Morgan",
            "display_name": "jaredmorgs",
            "team": "TKFJE6LDR",
            "name": "jaredleonmorgan",
            "is_restricted": false,
            "is_ultra_restricted": false
        },
        "blocks": [
            {
                "type": "rich_text",
                "block_id": "H2d",
                "elements": [
                    {
                        "type": "rich_text_section",
                        "elements": [
                            {
                                "type": "text",
                                "text": "That's more than I was originally expecting. That's a good problem to have."
                            }
                        ]
                    }
                ]
            }
        ]
    }
]