[
    {
        "client_msg_id": "f5d8d731-8251-4702-861b-9d730d901f97",
        "type": "message",
        "text": "Feedback from the OpenCollective slack channel re processes for bounty projects:\n<https:\/\/app.slack.com\/team\/U3WE0C8F3|Alanna> [10:56 AM]\n<@U014V7JDGPM> and <@UKTGLQNGG> - the two best examples we have right now for bounties are Jhipster and Open Collective’s own bounty system.\nSee these links:\n• <https:\/\/blog.opencollective.com\/jhipsters-bounty-system-and-how-it-saved-the-project\/>\n• <https:\/\/opencollective.com\/generator-jhipster\/expenses>\n• <https:\/\/docs.opencollective.com\/help\/contributing\/development\/bounties>\nThey are both being run semi-manually with the current features of Open Collective and it works pretty well.\nIf there’s a specific feature you’d need to run bounties, please feel free to raise an issue here and tell us how you’d like it to work: <https:\/\/github.com\/opencollective\/opencollective\/issues\/>",
        "user": "UKTGLQNGG",
        "ts": "1592304147.381400",
        "team": "TKFJE6LDR",
        "user_team": "TKFJE6LDR",
        "source_team": "TKFJE6LDR",
        "user_profile": {
            "avatar_hash": "d6f4de222bb1",
            "image_72": "https:\/\/avatars.slack-edge.com\/2020-07-20\/1235580478119_d6f4de222bb1ed6b5960_72.jpg",
            "first_name": "Cameron",
            "real_name": "Cameron Shorter",
            "display_name": "cameronshorter",
            "team": "TKFJE6LDR",
            "name": "cameron.shorter",
            "is_restricted": false,
            "is_ultra_restricted": false
        },
        "attachments": [
            {
                "service_name": "Open Collective",
                "title": "JHipster’s Bounty System and how it saved the project.",
                "title_link": "https:\/\/blog.opencollective.com\/jhipsters-bounty-system-and-how-it-saved-the-project\/",
                "text": "The back story.",
                "fallback": "Open Collective: JHipster’s Bounty System and how it saved the project.",
                "image_url": "https:\/\/blog.opencollective.com\/content\/images\/max\/1200\/1-X2OFf3p1sC0IcBNoJEW1Ag.png",
                "image_width": 439,
                "image_height": 250,
                "fields": [
                    {
                        "title": "Written by",
                        "value": "Pia Mancini",
                        "short": true
                    },
                    {
                        "title": "Filed under",
                        "value": "case studies",
                        "short": true
                    }
                ],
                "ts": 1545343052,
                "from_url": "https:\/\/blog.opencollective.com\/jhipsters-bounty-system-and-how-it-saved-the-project\/",
                "image_bytes": 80123,
                "service_icon": "https:\/\/blog.opencollective.com\/favicon.png",
                "id": 1,
                "original_url": "https:\/\/blog.opencollective.com\/jhipsters-bounty-system-and-how-it-saved-the-project\/"
            },
            {
                "title": "Expenses - Open Collective",
                "title_link": "https:\/\/opencollective.com\/generator-jhipster\/expenses",
                "fallback": "Expenses - Open Collective",
                "image_url": "https:\/\/opencollective.com\/static\/images\/opencollective-og-default.png",
                "from_url": "https:\/\/opencollective.com\/generator-jhipster\/expenses",
                "image_width": 476,
                "image_height": 250,
                "image_bytes": 177346,
                "service_icon": "https:\/\/opencollective.com\/favicon.ico",
                "service_name": "opencollective.com",
                "id": 2,
                "original_url": "https:\/\/opencollective.com\/generator-jhipster\/expenses"
            }
        ],
        "blocks": [
            {
                "type": "rich_text",
                "block_id": "knUR",
                "elements": [
                    {
                        "type": "rich_text_section",
                        "elements": [
                            {
                                "type": "text",
                                "text": "Feedback from the OpenCollective slack channel re processes for bounty projects:\n"
                            },
                            {
                                "type": "link",
                                "url": "https:\/\/app.slack.com\/team\/U3WE0C8F3",
                                "text": "Alanna"
                            },
                            {
                                "type": "text",
                                "text": " [10:56 AM]\n"
                            },
                            {
                                "type": "user",
                                "user_id": "U014V7JDGPM"
                            },
                            {
                                "type": "text",
                                "text": " and "
                            },
                            {
                                "type": "user",
                                "user_id": "UKTGLQNGG"
                            },
                            {
                                "type": "text",
                                "text": " - the two best examples we have right now for bounties are Jhipster and Open Collective’s own bounty system.\nSee these links:\n"
                            }
                        ]
                    },
                    {
                        "type": "rich_text_list",
                        "elements": [
                            {
                                "type": "rich_text_section",
                                "elements": [
                                    {
                                        "type": "link",
                                        "url": "https:\/\/blog.opencollective.com\/jhipsters-bounty-system-and-how-it-saved-the-project\/"
                                    }
                                ]
                            },
                            {
                                "type": "rich_text_section",
                                "elements": [
                                    {
                                        "type": "link",
                                        "url": "https:\/\/opencollective.com\/generator-jhipster\/expenses"
                                    }
                                ]
                            },
                            {
                                "type": "rich_text_section",
                                "elements": [
                                    {
                                        "type": "link",
                                        "url": "https:\/\/docs.opencollective.com\/help\/contributing\/development\/bounties"
                                    }
                                ]
                            }
                        ],
                        "style": "bullet",
                        "indent": 0
                    },
                    {
                        "type": "rich_text_section",
                        "elements": [
                            {
                                "type": "text",
                                "text": "They are both being run semi-manually with the current features of Open Collective and it works pretty well.\nIf there’s a specific feature you’d need to run bounties, please feel free to raise an issue here and tell us how you’d like it to work: "
                            },
                            {
                                "type": "link",
                                "url": "https:\/\/github.com\/opencollective\/opencollective\/issues\/"
                            }
                        ]
                    }
                ]
            }
        ],
        "reactions": [
            {
                "name": "100",
                "users": [
                    "UL2AA1FF1"
                ],
                "count": 1
            }
        ]
    },
    {
        "bot_id": "B01",
        "type": "message",
        "text": "Reminder: remember to add items to the Weekly Meeting agenda before our meeting Wednesdays UTC 21:00!",
        "user": "USLACKBOT",
        "ts": "1592323220.381700",
        "team": "TKFJE6LDR"
    },
    {
        "client_msg_id": "db25e50a-a8e2-4ee2-b131-66bfb0cc22bf",
        "type": "message",
        "text": "Hi, everyone! Thanks to all of you who provided feedback on my style guide template during the first round of reviews. I'd like to open my template up for another round of revisions if anyone is interested. Here's the link: <https:\/\/docs.google.com\/document\/d\/1HxtaiayAJZvF0ZfNjLvRH3vYMvGTEki_TK8hFilQNJ0\/edit?usp=sharing>\n\nAlso <@U011GCVJFQF>, I wasn't able to fully address the <https:\/\/github.com\/mdn\/browser-compat-data\/issues\/6229|issue you suggested I integrate into this template> yet and was wondering if you think it would be best to add to the section entitled \"General Writing Tips.\" That section of the guide generated a lot of conflicting opinions from reviewers so I would be interested in what you think would be best for that section. Thanks!",
        "user": "U012KCMPP0V",
        "ts": "1592358819.385100",
        "team": "TKFJE6LDR",
        "user_team": "TKFJE6LDR",
        "source_team": "TKFJE6LDR",
        "user_profile": {
            "avatar_hash": "b26729f0b5f2",
            "image_72": "https:\/\/avatars.slack-edge.com\/2020-04-27\/1089031639347_b26729f0b5f2375494a1_72.png",
            "first_name": "Alyssa",
            "real_name": "Alyssa",
            "display_name": "Alyssa",
            "team": "TKFJE6LDR",
            "name": "alyssa.rock.biz",
            "is_restricted": false,
            "is_ultra_restricted": false
        },
        "attachments": [
            {
                "author_name": "ddbeck",
                "fallback": "[mdn\/browser-compat-data] #6229 Document style for notes",
                "text": "There are certain aspects of notes that we can't lint for. We ought to document a lightweight style guide for writing notes. We could probably start by codifying a few common practices:\n\n• Use the present tense (the inspiration for this issue, <https:\/\/github.com\/mdn\/browser-compat-data\/pull\/6228|#6228>, plus a few others like <https:\/\/github.com\/mdn\/browser-compat-data\/pull\/2151|#2151> and <https:\/\/github.com\/mdn\/browser-compat-data\/pull\/505|#505>)\n• Use browser names and avoid engine names where possible (e.g., \"Chrome\" not \"Chromium\", \"Firefox\" not \"Gecko\")\n• When a note applies only to some subset of versions of a support statement, then begin the note with the limitation (e.g., \"Before X\", \"After Y\", \"From Z to W\")\n• Avoid imprecision by specifying versions, not dates or times (e.g., avoid \"now\", \"currently\")\n\nThere are probably others I'm missing.\n\nWe could probably write up the guide and illustrate with a few bad\/better\/best examples.",
                "title": "#6229 Document style for notes",
                "footer": "<https:\/\/github.com\/mdn\/browser-compat-data|mdn\/browser-compat-data>",
                "id": 1,
                "title_link": "https:\/\/github.com\/mdn\/browser-compat-data\/issues\/6229",
                "author_link": "https:\/\/github.com\/ddbeck",
                "author_icon": "https:\/\/avatars2.githubusercontent.com\/u\/64103?v=4",
                "footer_icon": "https:\/\/github.githubassets.com\/favicon.ico",
                "ts": 1591036118,
                "color": "36a64f",
                "fields": [
                    {
                        "title": "Labels",
                        "value": "docs :writing_hand:",
                        "short": true
                    }
                ],
                "mrkdwn_in": [
                    "text"
                ],
                "bot_id": "BU8U6P6AH",
                "app_unfurl_url": "https:\/\/github.com\/mdn\/browser-compat-data\/issues\/6229",
                "is_app_unfurl": true
            }
        ],
        "blocks": [
            {
                "type": "rich_text",
                "block_id": "\/mep",
                "elements": [
                    {
                        "type": "rich_text_section",
                        "elements": [
                            {
                                "type": "text",
                                "text": "Hi, everyone! Thanks to all of you who provided feedback on my style guide template during the first round of reviews. I'd like to open my template up for another round of revisions if anyone is interested. Here's the link: "
                            },
                            {
                                "type": "link",
                                "url": "https:\/\/docs.google.com\/document\/d\/1HxtaiayAJZvF0ZfNjLvRH3vYMvGTEki_TK8hFilQNJ0\/edit?usp=sharing"
                            },
                            {
                                "type": "text",
                                "text": "\n\nAlso "
                            },
                            {
                                "type": "user",
                                "user_id": "U011GCVJFQF"
                            },
                            {
                                "type": "text",
                                "text": ", I wasn't able to fully address the "
                            },
                            {
                                "type": "link",
                                "url": "https:\/\/github.com\/mdn\/browser-compat-data\/issues\/6229",
                                "text": "issue you suggested I integrate into this template"
                            },
                            {
                                "type": "text",
                                "text": " yet and was wondering if you think it would be best to add to the section entitled \"General Writing Tips.\" That section of the guide generated a lot of conflicting opinions from reviewers so I would be interested in what you think would be best for that section. Thanks!"
                            }
                        ]
                    }
                ]
            }
        ],
        "thread_ts": "1592358819.385100",
        "reply_count": 4,
        "reply_users_count": 2,
        "latest_reply": "1592409564.391000",
        "reply_users": [
            "U011GCVJFQF",
            "U012KCMPP0V"
        ],
        "replies": [
            {
                "user": "U011GCVJFQF",
                "ts": "1592390982.390200"
            },
            {
                "user": "U011GCVJFQF",
                "ts": "1592391135.390400"
            },
            {
                "user": "U011GCVJFQF",
                "ts": "1592391401.390600"
            },
            {
                "user": "U012KCMPP0V",
                "ts": "1592409564.391000"
            }
        ],
        "subscribed": false
    }
]