[
    {
        "bot_id": "B01",
        "type": "message",
        "text": "Reminder: remember to add items to the Weekly Meeting agenda before our meeting Wednesdays UTC 21:00!",
        "user": "USLACKBOT",
        "ts": "1592928007.394700",
        "team": "TKFJE6LDR"
    },
    {
        "client_msg_id": "959cdf10-0067-4f76-b64a-ab61b8722d34",
        "type": "message",
        "text": "Hello everyone! My name is Derek and this is my first year as a technical writer. I've previously worked as a systems engineer on Linux\/Windows infrastructure, implementing DevOps practices at companies when it came to collaboration\/automated pipelines\/etc. I've also created and taught a college course with my own content. I'm now at SaltStack, contributing to open source and improving\/automating everything I can in docs land. Before becoming a technical writer, I had only really blogged or helped improve internal docs at companies. My background has been much more around automation, pipelines, deployments, and coding than it has on technical writing. I'm hoping to learn from and contribute to The Good Docs Project. :slightly_smiling_face:",
        "user": "U015GARCR8X",
        "ts": "1592931910.400200",
        "team": "TKFJE6LDR",
        "user_team": "TKFJE6LDR",
        "source_team": "TKFJE6LDR",
        "user_profile": {
            "avatar_hash": "37a234435192",
            "image_72": "https:\/\/avatars.slack-edge.com\/2020-08-06\/1283467109749_37a23443519259ddd5ca_72.png",
            "first_name": "Derek",
            "real_name": "Derek Ardolf",
            "display_name": "ScriptAutomate",
            "team": "TKFJE6LDR",
            "name": "derek",
            "is_restricted": false,
            "is_ultra_restricted": false
        },
        "blocks": [
            {
                "type": "rich_text",
                "block_id": "m3SK",
                "elements": [
                    {
                        "type": "rich_text_section",
                        "elements": [
                            {
                                "type": "text",
                                "text": "Hello everyone! My name is Derek and this is my first year as a technical writer. I've previously worked as a systems engineer on Linux\/Windows infrastructure, implementing DevOps practices at companies when it came to collaboration\/automated pipelines\/etc. I've also created and taught a college course with my own content. I'm now at SaltStack, contributing to open source and improving\/automating everything I can in docs land. Before becoming a technical writer, I had only really blogged or helped improve internal docs at companies. My background has been much more around automation, pipelines, deployments, and coding than it has on technical writing. I'm hoping to learn from and contribute to The Good Docs Project. "
                            },
                            {
                                "type": "emoji",
                                "name": "slightly_smiling_face"
                            }
                        ]
                    }
                ]
            }
        ],
        "thread_ts": "1592931910.400200",
        "reply_count": 2,
        "reply_users_count": 2,
        "latest_reply": "1592940445.400600",
        "reply_users": [
            "UL2AA1FF1",
            "UKTGLQNGG"
        ],
        "replies": [
            {
                "user": "UL2AA1FF1",
                "ts": "1592934531.400400"
            },
            {
                "user": "UKTGLQNGG",
                "ts": "1592940445.400600"
            }
        ],
        "subscribed": false,
        "reactions": [
            {
                "name": "wave",
                "users": [
                    "UL2AA1FF1",
                    "U012KCMPP0V",
                    "UQ553K7DY",
                    "U0156H180JF"
                ],
                "count": 4
            }
        ]
    },
    {
        "client_msg_id": "1c2bc623-602c-496d-b960-791416e3422f",
        "type": "message",
        "text": "yay, thanks for joining!",
        "user": "UL2AA1FF1",
        "ts": "1592934531.400400",
        "team": "TKFJE6LDR",
        "user_team": "TKFJE6LDR",
        "source_team": "TKFJE6LDR",
        "user_profile": {
            "avatar_hash": "22135067b36d",
            "image_72": "https:\/\/avatars.slack-edge.com\/2019-10-23\/805254797908_22135067b36dfb715e99_72.jpg",
            "first_name": "",
            "real_name": "Erin McKean",
            "display_name": "Erin McKean",
            "team": "TKFJE6LDR",
            "name": "emckean",
            "is_restricted": false,
            "is_ultra_restricted": false
        },
        "blocks": [
            {
                "type": "rich_text",
                "block_id": "Ot0aI",
                "elements": [
                    {
                        "type": "rich_text_section",
                        "elements": [
                            {
                                "type": "text",
                                "text": "yay, thanks for joining!"
                            }
                        ]
                    }
                ]
            }
        ],
        "thread_ts": "1592931910.400200",
        "parent_user_id": "U015GARCR8X",
        "reactions": [
            {
                "name": "slightly_smiling_face",
                "users": [
                    "U015GARCR8X"
                ],
                "count": 1
            }
        ]
    },
    {
        "client_msg_id": "9346e94f-6129-45ad-b5c6-5d2e845aa123",
        "type": "message",
        "text": "Welcome <@U015GARCR8X>. I love your skill profile. Have you had a look at our Patterns and Anti-patterns doc? We have a bunch of patterns\/anti-patterns which cross between writing and tooling, which align with your sort of skillset.  I'd be interested to see if anything looks interesting to you? <https:\/\/docs.google.com\/document\/d\/1Uo3Rcc-rRaN4kmJpqwtUaVRJmDbYI4TkwjuNWNuBu9A>",
        "user": "UKTGLQNGG",
        "ts": "1592940445.400600",
        "team": "TKFJE6LDR",
        "user_team": "TKFJE6LDR",
        "source_team": "TKFJE6LDR",
        "user_profile": {
            "avatar_hash": "d6f4de222bb1",
            "image_72": "https:\/\/avatars.slack-edge.com\/2020-07-20\/1235580478119_d6f4de222bb1ed6b5960_72.jpg",
            "first_name": "Cameron",
            "real_name": "Cameron Shorter",
            "display_name": "cameronshorter",
            "team": "TKFJE6LDR",
            "name": "cameron.shorter",
            "is_restricted": false,
            "is_ultra_restricted": false
        },
        "blocks": [
            {
                "type": "rich_text",
                "block_id": "P=V",
                "elements": [
                    {
                        "type": "rich_text_section",
                        "elements": [
                            {
                                "type": "text",
                                "text": "Welcome "
                            },
                            {
                                "type": "user",
                                "user_id": "U015GARCR8X"
                            },
                            {
                                "type": "text",
                                "text": ". I love your skill profile. Have you had a look at our Patterns and Anti-patterns doc? We have a bunch of patterns\/anti-patterns which cross between writing and tooling, which align with your sort of skillset.  I'd be interested to see if anything looks interesting to you? "
                            },
                            {
                                "type": "link",
                                "url": "https:\/\/docs.google.com\/document\/d\/1Uo3Rcc-rRaN4kmJpqwtUaVRJmDbYI4TkwjuNWNuBu9A"
                            }
                        ]
                    }
                ]
            }
        ],
        "thread_ts": "1592931910.400200",
        "parent_user_id": "U015GARCR8X",
        "reactions": [
            {
                "name": "+1",
                "users": [
                    "U015GARCR8X"
                ],
                "count": 1
            }
        ]
    }
]