[
    {
        "client_msg_id": "dce82ba4-a2d7-41ab-809b-783e1c2fad36",
        "type": "message",
        "text": "hello team I am shraddha prasad final year undergraduate from Bangalore I want to contribute to Good Docs via Google Season of Docs is there any scope ?How do  proceed?",
        "user": "U015UGJ9Q9L",
        "ts": "1593081332.416100",
        "team": "TKFJE6LDR",
        "user_team": "TKFJE6LDR",
        "source_team": "TKFJE6LDR",
        "user_profile": {
            "avatar_hash": "g51a79c94543",
            "image_72": "https:\/\/secure.gravatar.com\/avatar\/51a79c94543753ddf6450225a97510e5.jpg?s=72&d=https%3A%2F%2Fa.slack-edge.com%2Fdf10d%2Fimg%2Favatars%2Fava_0008-72.png",
            "first_name": "",
            "real_name": "shraddha",
            "display_name": "shraddha",
            "team": "TKFJE6LDR",
            "name": "anitha.shraddha",
            "is_restricted": false,
            "is_ultra_restricted": false
        },
        "blocks": [
            {
                "type": "rich_text",
                "block_id": "sXz",
                "elements": [
                    {
                        "type": "rich_text_section",
                        "elements": [
                            {
                                "type": "text",
                                "text": "hello team I am shraddha prasad final year undergraduate from Bangalore I want to contribute to Good Docs via Google Season of Docs is there any scope ?How do  proceed?"
                            }
                        ]
                    }
                ]
            }
        ],
        "thread_ts": "1593081332.416100",
        "reply_count": 4,
        "reply_users_count": 2,
        "latest_reply": "1593081987.416800",
        "reply_users": [
            "UKTGLQNGG",
            "U015UGJ9Q9L"
        ],
        "replies": [
            {
                "user": "UKTGLQNGG",
                "ts": "1593081477.416200"
            },
            {
                "user": "U015UGJ9Q9L",
                "ts": "1593081756.416400"
            },
            {
                "user": "UKTGLQNGG",
                "ts": "1593081869.416600"
            },
            {
                "user": "U015UGJ9Q9L",
                "ts": "1593081987.416800"
            }
        ],
        "subscribed": false
    },
    {
        "client_msg_id": "90226f6d-a232-4309-b776-7a6c92920e07",
        "type": "message",
        "text": "Welcome, I suggest look at <https:\/\/github.com\/thegooddocsproject\/templates\/wiki\/Season-of-Docs-Ideas-2020#get-involved> and see if the project aligns with your skill set and interest.",
        "user": "UKTGLQNGG",
        "ts": "1593081477.416200",
        "team": "TKFJE6LDR",
        "user_team": "TKFJE6LDR",
        "source_team": "TKFJE6LDR",
        "user_profile": {
            "avatar_hash": "d6f4de222bb1",
            "image_72": "https:\/\/avatars.slack-edge.com\/2020-07-20\/1235580478119_d6f4de222bb1ed6b5960_72.jpg",
            "first_name": "Cameron",
            "real_name": "Cameron Shorter",
            "display_name": "cameronshorter",
            "team": "TKFJE6LDR",
            "name": "cameron.shorter",
            "is_restricted": false,
            "is_ultra_restricted": false
        },
        "blocks": [
            {
                "type": "rich_text",
                "block_id": "ha\/M",
                "elements": [
                    {
                        "type": "rich_text_section",
                        "elements": [
                            {
                                "type": "text",
                                "text": "Welcome, I suggest look at "
                            },
                            {
                                "type": "link",
                                "url": "https:\/\/github.com\/thegooddocsproject\/templates\/wiki\/Season-of-Docs-Ideas-2020#get-involved"
                            },
                            {
                                "type": "text",
                                "text": " and see if the project aligns with your skill set and interest."
                            }
                        ]
                    }
                ]
            }
        ],
        "thread_ts": "1593081332.416100",
        "parent_user_id": "U015UGJ9Q9L"
    },
    {
        "client_msg_id": "59ea60f7-7f81-4264-ba35-acceb3ded055",
        "type": "message",
        "text": "yes sir I did look into it is there any previous experience and contributions to organisations required?",
        "user": "U015UGJ9Q9L",
        "ts": "1593081756.416400",
        "team": "TKFJE6LDR",
        "user_team": "TKFJE6LDR",
        "source_team": "TKFJE6LDR",
        "user_profile": {
            "avatar_hash": "g51a79c94543",
            "image_72": "https:\/\/secure.gravatar.com\/avatar\/51a79c94543753ddf6450225a97510e5.jpg?s=72&d=https%3A%2F%2Fa.slack-edge.com%2Fdf10d%2Fimg%2Favatars%2Fava_0008-72.png",
            "first_name": "",
            "real_name": "shraddha",
            "display_name": "shraddha",
            "team": "TKFJE6LDR",
            "name": "anitha.shraddha",
            "is_restricted": false,
            "is_ultra_restricted": false
        },
        "blocks": [
            {
                "type": "rich_text",
                "block_id": "2Kl",
                "elements": [
                    {
                        "type": "rich_text_section",
                        "elements": [
                            {
                                "type": "text",
                                "text": "yes sir I did look into it is there any previous experience and contributions to organisations required?"
                            }
                        ]
                    }
                ]
            }
        ],
        "thread_ts": "1593081332.416100",
        "parent_user_id": "U015UGJ9Q9L"
    },
    {
        "client_msg_id": "ea94ffb3-6bdc-4d98-b095-bfb78813de56",
        "type": "message",
        "text": "Yes. You might have missed this: For the sponsored Season of Docs 2020 writer position, we're looking to select:\nSomeone who has been working as a senior technical writer, with a cross section of technical writing experience. ...\n If you just starting in your tech writing career, and are looking for a paid spot, then I suggest looking at one of the other Season of Docs projects rather than this one.",
        "user": "UKTGLQNGG",
        "ts": "1593081869.416600",
        "team": "TKFJE6LDR",
        "user_team": "TKFJE6LDR",
        "source_team": "TKFJE6LDR",
        "user_profile": {
            "avatar_hash": "d6f4de222bb1",
            "image_72": "https:\/\/avatars.slack-edge.com\/2020-07-20\/1235580478119_d6f4de222bb1ed6b5960_72.jpg",
            "first_name": "Cameron",
            "real_name": "Cameron Shorter",
            "display_name": "cameronshorter",
            "team": "TKFJE6LDR",
            "name": "cameron.shorter",
            "is_restricted": false,
            "is_ultra_restricted": false
        },
        "edited": {
            "user": "UKTGLQNGG",
            "ts": "1593082103.000000"
        },
        "blocks": [
            {
                "type": "rich_text",
                "block_id": "QYo5E",
                "elements": [
                    {
                        "type": "rich_text_section",
                        "elements": [
                            {
                                "type": "text",
                                "text": "Yes. You might have missed this: For the sponsored Season of Docs 2020 writer position, we're looking to select:\nSomeone who has been working as a senior technical writer, with a cross section of technical writing experience. ...\n If you just starting in your tech writing career, and are looking for a paid spot, then I suggest looking at one of the other Season of Docs projects rather than this one."
                            }
                        ]
                    }
                ]
            }
        ],
        "thread_ts": "1593081332.416100",
        "parent_user_id": "U015UGJ9Q9L"
    },
    {
        "client_msg_id": "534f0b85-f5d0-4f35-a24e-4f9052dc1449",
        "type": "message",
        "text": "ok thanks sir",
        "user": "U015UGJ9Q9L",
        "ts": "1593081987.416800",
        "team": "TKFJE6LDR",
        "user_team": "TKFJE6LDR",
        "source_team": "TKFJE6LDR",
        "user_profile": {
            "avatar_hash": "g51a79c94543",
            "image_72": "https:\/\/secure.gravatar.com\/avatar\/51a79c94543753ddf6450225a97510e5.jpg?s=72&d=https%3A%2F%2Fa.slack-edge.com%2Fdf10d%2Fimg%2Favatars%2Fava_0008-72.png",
            "first_name": "",
            "real_name": "shraddha",
            "display_name": "shraddha",
            "team": "TKFJE6LDR",
            "name": "anitha.shraddha",
            "is_restricted": false,
            "is_ultra_restricted": false
        },
        "blocks": [
            {
                "type": "rich_text",
                "block_id": "GXPZJ",
                "elements": [
                    {
                        "type": "rich_text_section",
                        "elements": [
                            {
                                "type": "text",
                                "text": "ok thanks sir"
                            }
                        ]
                    }
                ]
            }
        ],
        "thread_ts": "1593081332.416100",
        "parent_user_id": "U015UGJ9Q9L"
    },
    {
        "client_msg_id": "cbea1938-6aca-486f-852f-3d3fb9f87660",
        "type": "message",
        "text": "Hey sorry everyone I missed the meeting yesterday — had some family obligations earlier this week and has just really set me behind so been trying to catch up.  Thanks <@U011GCVJFQF> for your comments on the PR will review those changes and get those pushed back up.",
        "user": "U012Y26QWNA",
        "ts": "1593106082.419200",
        "team": "TKFJE6LDR",
        "user_team": "TKFJE6LDR",
        "source_team": "TKFJE6LDR",
        "user_profile": {
            "avatar_hash": "b91365ff7b22",
            "image_72": "https:\/\/avatars.slack-edge.com\/2020-05-06\/1092095570535_b91365ff7b22e688f785_72.jpg",
            "first_name": "",
            "real_name": "Morgan Craft",
            "display_name": "Morgan Craft",
            "team": "TKFJE6LDR",
            "name": "morgan",
            "is_restricted": false,
            "is_ultra_restricted": false
        },
        "blocks": [
            {
                "type": "rich_text",
                "block_id": "grJyM",
                "elements": [
                    {
                        "type": "rich_text_section",
                        "elements": [
                            {
                                "type": "text",
                                "text": "Hey sorry everyone I missed the meeting yesterday — had some family obligations earlier this week and has just really set me behind so been trying to catch up.  Thanks "
                            },
                            {
                                "type": "user",
                                "user_id": "U011GCVJFQF"
                            },
                            {
                                "type": "text",
                                "text": " for your comments on the PR will review those changes and get those pushed back up."
                            }
                        ]
                    }
                ]
            }
        ],
        "thread_ts": "1593106082.419200",
        "reply_count": 2,
        "reply_users_count": 1,
        "latest_reply": "1593142601.421300",
        "reply_users": [
            "UQ553K7DY"
        ],
        "replies": [
            {
                "user": "UQ553K7DY",
                "ts": "1593128441.421100"
            },
            {
                "user": "UQ553K7DY",
                "ts": "1593142601.421300"
            }
        ],
        "subscribed": false,
        "reactions": [
            {
                "name": "+1",
                "users": [
                    "U011GCVJFQF",
                    "UKTGLQNGG"
                ],
                "count": 2
            }
        ]
    },
    {
        "client_msg_id": "827e3698-6d42-4d80-be2f-6b2a098048d6",
        "type": "message",
        "text": "<@UL2AA1FF1>, it looks like AU timezone meeting minutes from last week were not copied into our wiki. I've just done so now. <https:\/\/github.com\/thegooddocsproject\/governance\/wiki\/Weekly-Meetings#2020-06-17-aueu-timezone>",
        "user": "UKTGLQNGG",
        "ts": "1593112576.420600",
        "team": "TKFJE6LDR",
        "user_team": "TKFJE6LDR",
        "source_team": "TKFJE6LDR",
        "user_profile": {
            "avatar_hash": "d6f4de222bb1",
            "image_72": "https:\/\/avatars.slack-edge.com\/2020-07-20\/1235580478119_d6f4de222bb1ed6b5960_72.jpg",
            "first_name": "Cameron",
            "real_name": "Cameron Shorter",
            "display_name": "cameronshorter",
            "team": "TKFJE6LDR",
            "name": "cameron.shorter",
            "is_restricted": false,
            "is_ultra_restricted": false
        },
        "blocks": [
            {
                "type": "rich_text",
                "block_id": "JZKIP",
                "elements": [
                    {
                        "type": "rich_text_section",
                        "elements": [
                            {
                                "type": "user",
                                "user_id": "UL2AA1FF1"
                            },
                            {
                                "type": "text",
                                "text": ", it looks like AU timezone meeting minutes from last week were not copied into our wiki. I've just done so now. "
                            },
                            {
                                "type": "link",
                                "url": "https:\/\/github.com\/thegooddocsproject\/governance\/wiki\/Weekly-Meetings#2020-06-17-aueu-timezone"
                            }
                        ]
                    }
                ]
            }
        ],
        "thread_ts": "1593112576.420600",
        "reply_count": 1,
        "reply_users_count": 1,
        "latest_reply": "1593116975.420800",
        "reply_users": [
            "UL2AA1FF1"
        ],
        "replies": [
            {
                "user": "UL2AA1FF1",
                "ts": "1593116975.420800"
            }
        ],
        "subscribed": false,
        "reactions": [
            {
                "name": "+1",
                "users": [
                    "UL2AA1FF1"
                ],
                "count": 1
            }
        ]
    },
    {
        "client_msg_id": "9adfdf4e-39ee-4386-9281-8d7f7130fadc",
        "type": "message",
        "text": "thanks! if someone who attended the meeting can handle copying the minutes over that usually makes them the most legible :slightly_smiling_face:",
        "user": "UL2AA1FF1",
        "ts": "1593116975.420800",
        "team": "TKFJE6LDR",
        "user_team": "TKFJE6LDR",
        "source_team": "TKFJE6LDR",
        "user_profile": {
            "avatar_hash": "22135067b36d",
            "image_72": "https:\/\/avatars.slack-edge.com\/2019-10-23\/805254797908_22135067b36dfb715e99_72.jpg",
            "first_name": "",
            "real_name": "Erin McKean",
            "display_name": "Erin McKean",
            "team": "TKFJE6LDR",
            "name": "emckean",
            "is_restricted": false,
            "is_ultra_restricted": false
        },
        "blocks": [
            {
                "type": "rich_text",
                "block_id": "feN",
                "elements": [
                    {
                        "type": "rich_text_section",
                        "elements": [
                            {
                                "type": "text",
                                "text": "thanks! if someone who attended the meeting can handle copying the minutes over that usually makes them the most legible "
                            },
                            {
                                "type": "emoji",
                                "name": "slightly_smiling_face"
                            }
                        ]
                    }
                ]
            }
        ],
        "thread_ts": "1593112576.420600",
        "parent_user_id": "UKTGLQNGG"
    },
    {
        "client_msg_id": "06f25597-78a8-4f4c-9c73-ebd411a4ec51",
        "type": "message",
        "text": "heya, i'd like to have a chance to review your PR, if you don't mind. can take a look this afternoon once my work obligations are taken care of.",
        "user": "UQ553K7DY",
        "ts": "1593128441.421100",
        "team": "TKFJE6LDR",
        "user_team": "TKFJE6LDR",
        "source_team": "TKFJE6LDR",
        "user_profile": {
            "avatar_hash": "e0f8604c1079",
            "image_72": "https:\/\/avatars.slack-edge.com\/2020-10-26\/1445509834998_e0f8604c1079f923f3e9_72.png",
            "first_name": "Loquacity",
            "real_name": "Loquacity",
            "display_name": "Loquacity",
            "team": "TKFJE6LDR",
            "name": "slack1",
            "is_restricted": false,
            "is_ultra_restricted": false
        },
        "blocks": [
            {
                "type": "rich_text",
                "block_id": "lSa3",
                "elements": [
                    {
                        "type": "rich_text_section",
                        "elements": [
                            {
                                "type": "text",
                                "text": "heya, i'd like to have a chance to review your PR, if you don't mind. can take a look this afternoon once my work obligations are taken care of."
                            }
                        ]
                    }
                ]
            }
        ],
        "thread_ts": "1593106082.419200",
        "parent_user_id": "U012Y26QWNA"
    },
    {
        "client_msg_id": "ee8200ca-9f13-4c09-86f2-efa018d74acd",
        "type": "message",
        "text": "LGTM :)",
        "user": "UQ553K7DY",
        "ts": "1593142601.421300",
        "team": "TKFJE6LDR",
        "user_team": "TKFJE6LDR",
        "source_team": "TKFJE6LDR",
        "user_profile": {
            "avatar_hash": "e0f8604c1079",
            "image_72": "https:\/\/avatars.slack-edge.com\/2020-10-26\/1445509834998_e0f8604c1079f923f3e9_72.png",
            "first_name": "Loquacity",
            "real_name": "Loquacity",
            "display_name": "Loquacity",
            "team": "TKFJE6LDR",
            "name": "slack1",
            "is_restricted": false,
            "is_ultra_restricted": false
        },
        "blocks": [
            {
                "type": "rich_text",
                "block_id": "tcU",
                "elements": [
                    {
                        "type": "rich_text_section",
                        "elements": [
                            {
                                "type": "text",
                                "text": "LGTM :)"
                            }
                        ]
                    }
                ]
            }
        ],
        "thread_ts": "1593106082.419200",
        "parent_user_id": "U012Y26QWNA"
    }
]