[
    {
        "client_msg_id": "6ad9e0da-76a4-4f51-ae28-69eaa47f47e1",
        "type": "message",
        "text": "<@U0174BRV404>, <@UQ553K7DY> There was discussion in today's US timezone meeting about whether we should <https:\/\/github.com\/thegooddocsproject\/templates\/issues\/63#issuecomment-722075019|include \"reading time\" in templates>. I think this is a topic for consideration in the base template you are pulling together.",
        "user": "UKTGLQNGG",
        "ts": "1604541529.005900",
        "team": "TKFJE6LDR",
        "user_team": "TKFJE6LDR",
        "source_team": "TKFJE6LDR",
        "user_profile": {
            "avatar_hash": "d6f4de222bb1",
            "image_72": "https:\/\/avatars.slack-edge.com\/2020-07-20\/1235580478119_d6f4de222bb1ed6b5960_72.jpg",
            "first_name": "Cameron",
            "real_name": "Cameron Shorter",
            "display_name": "cameronshorter",
            "team": "TKFJE6LDR",
            "name": "cameron.shorter",
            "is_restricted": false,
            "is_ultra_restricted": false
        },
        "attachments": [
            {
                "author_name": "camerons",
                "fallback": "[thegooddocsproject\/templates] Comment on #63",
                "text": "Notes from meeting discussion about this:\n\nAidan (from prior to meeting): I think this is the oldest issue, let’s discuss:  \nMy thoughts: I would be reluctant to add a time that it takes to complete a tutorial to the tutorial template. In my experience tutorials are wildly variable in how long they take someone to compete, and I wouldn't encourage tech writers to include this. It may make some sense to add how long it takes to read an article or a page of documentation, so I might support that. But even that is debatable. My gut feeling is to let this go or initiate a broader conversation about it on Slack.\n\n• Ryan: For longer tutorial helps to provide indicators.\n• Morgan: (From working at a learning company. Add an estimated time, to schedule work)\n• Need to work out reading time for tech docs. Consider images.\n• Chunk concepts and provide signposting (e.g. page 4 of 7).\n• We should err toward recording the longest time. (Better to make people feel good about reading fast than feel bad about reading slow.)\n• Is there research out there on attention span?\n• What is too long for a tutorial and then break it into smaller tutorials\n• Morgan, in training company, always were breaking down long dense content into smaller concise.",
                "title": "Comment on #63 Add time\/effort indication to templates",
                "footer": "<https:\/\/github.com\/thegooddocsproject\/templates|thegooddocsproject\/templates>",
                "id": 1,
                "title_link": "https:\/\/github.com\/thegooddocsproject\/templates\/issues\/63#issuecomment-722075019",
                "author_link": "https:\/\/github.com\/camerons",
                "author_icon": "https:\/\/avatars1.githubusercontent.com\/u\/1243535?u=47eb10bd87211e6517a6356957df1bdbb9fededd&v=4",
                "footer_icon": "https:\/\/github.githubassets.com\/favicon.ico",
                "ts": 1604541211,
                "color": "24292f",
                "mrkdwn_in": [
                    "text"
                ],
                "bot_id": "BU8U6P6AH",
                "app_unfurl_url": "https:\/\/github.com\/thegooddocsproject\/templates\/issues\/63#issuecomment-722075019",
                "is_app_unfurl": true
            }
        ],
        "blocks": [
            {
                "type": "rich_text",
                "block_id": "ilrH",
                "elements": [
                    {
                        "type": "rich_text_section",
                        "elements": [
                            {
                                "type": "user",
                                "user_id": "U0174BRV404"
                            },
                            {
                                "type": "text",
                                "text": ", "
                            },
                            {
                                "type": "user",
                                "user_id": "UQ553K7DY"
                            },
                            {
                                "type": "text",
                                "text": " There was discussion in today's US timezone meeting about whether we should "
                            },
                            {
                                "type": "link",
                                "url": "https:\/\/github.com\/thegooddocsproject\/templates\/issues\/63#issuecomment-722075019",
                                "text": "include \"reading time\" in templates"
                            },
                            {
                                "type": "text",
                                "text": ". I think this is a topic for consideration in the base template you are pulling together."
                            }
                        ]
                    }
                ]
            }
        ]
    },
    {
        "type": "message",
        "subtype": "channel_join",
        "ts": "1604541537.006200",
        "user": "U0174BRV404",
        "text": "<@U0174BRV404> has joined the channel",
        "inviter": "UKTGLQNGG",
        "reactions": [
            {
                "name": "wave",
                "users": [
                    "U012KCMPP0V"
                ],
                "count": 1
            }
        ]
    },
    {
        "type": "message",
        "subtype": "channel_join",
        "ts": "1604541537.006400",
        "user": "UQ553K7DY",
        "text": "<@UQ553K7DY> has joined the channel",
        "inviter": "UKTGLQNGG"
    },
    {
        "client_msg_id": "9fcad599-35be-42a9-b730-9157334ec160",
        "type": "message",
        "text": "My question would be how do we educate people reading the base template guide to calculate this figure. \n\nwould an open source project go to the trouble of getting users to actually sit down and read an article or read a tutorial and follow it to get an estimated real time?",
        "user": "UKVC4NB71",
        "ts": "1604543708.007900",
        "team": "TKFJE6LDR",
        "user_team": "TKFJE6LDR",
        "source_team": "TKFJE6LDR",
        "user_profile": {
            "avatar_hash": "c7d9788d4436",
            "image_72": "https:\/\/avatars.slack-edge.com\/2019-10-30\/814314609877_c7d9788d4436969613a7_72.jpg",
            "first_name": "Jared",
            "real_name": "Jared Morgan",
            "display_name": "jaredmorgs",
            "team": "TKFJE6LDR",
            "name": "jaredleonmorgan",
            "is_restricted": false,
            "is_ultra_restricted": false
        },
        "blocks": [
            {
                "type": "rich_text",
                "block_id": "Lw+Up",
                "elements": [
                    {
                        "type": "rich_text_section",
                        "elements": [
                            {
                                "type": "text",
                                "text": "My question would be how do we educate people reading the base template guide to calculate this figure. \n\nwould an open source project go to the trouble of getting users to actually sit down and read an article or read a tutorial and follow it to get an estimated real time?"
                            }
                        ]
                    }
                ]
            }
        ]
    },
    {
        "client_msg_id": "ed1abdf1-ed7c-4a40-ac73-7a3078aefc43",
        "type": "message",
        "text": "It may be a bridge too far for many projects",
        "user": "UKVC4NB71",
        "ts": "1604543717.008100",
        "team": "TKFJE6LDR",
        "user_team": "TKFJE6LDR",
        "source_team": "TKFJE6LDR",
        "user_profile": {
            "avatar_hash": "c7d9788d4436",
            "image_72": "https:\/\/avatars.slack-edge.com\/2019-10-30\/814314609877_c7d9788d4436969613a7_72.jpg",
            "first_name": "Jared",
            "real_name": "Jared Morgan",
            "display_name": "jaredmorgs",
            "team": "TKFJE6LDR",
            "name": "jaredleonmorgan",
            "is_restricted": false,
            "is_ultra_restricted": false
        },
        "blocks": [
            {
                "type": "rich_text",
                "block_id": "NmG+T",
                "elements": [
                    {
                        "type": "rich_text_section",
                        "elements": [
                            {
                                "type": "text",
                                "text": "It may be a bridge too far for many projects"
                            }
                        ]
                    }
                ]
            }
        ]
    },
    {
        "client_msg_id": "34f264fd-cd96-44ef-89aa-fe29e5ddeba9",
        "type": "message",
        "text": "Good question which I don't have a clear answer to. I think it would be okay to start with a simple rule-of-thumb guide such as \"assume people read at 150 words\/minute for tech docs, 200 words\/minute for blog post type material.\" (Hopefully someone can replace these numbers with something backed by research)",
        "user": "UKTGLQNGG",
        "ts": "1604548762.011200",
        "team": "TKFJE6LDR",
        "user_team": "TKFJE6LDR",
        "source_team": "TKFJE6LDR",
        "user_profile": {
            "avatar_hash": "d6f4de222bb1",
            "image_72": "https:\/\/avatars.slack-edge.com\/2020-07-20\/1235580478119_d6f4de222bb1ed6b5960_72.jpg",
            "first_name": "Cameron",
            "real_name": "Cameron Shorter",
            "display_name": "cameronshorter",
            "team": "TKFJE6LDR",
            "name": "cameron.shorter",
            "is_restricted": false,
            "is_ultra_restricted": false
        },
        "blocks": [
            {
                "type": "rich_text",
                "block_id": "1cn",
                "elements": [
                    {
                        "type": "rich_text_section",
                        "elements": [
                            {
                                "type": "text",
                                "text": "Good question which I don't have a clear answer to. I think it would be okay to start with a simple rule-of-thumb guide such as \"assume people read at 150 words\/minute for tech docs, 200 words\/minute for blog post type material.\" (Hopefully someone can replace these numbers with something backed by research)"
                            }
                        ]
                    }
                ]
            }
        ]
    }
]