[
    {
        "client_msg_id": "aaaddd74-8189-481b-bdb1-f51286483d99",
        "type": "message",
        "text": "i think we are talking about two different things here though. One is the time it takes to read an article\/page, which is perhaps possible to gauge (though not necessarily easy for say developers with limited writing\/UX testing experience). The other is to complete a tutorial. I'm using the definition from The Documentation System, where this is a hands-on walkthrough that results in the reader actually doing something to completion. Say setting up a web-server, or writing code that sends an API request. From my experience in a previous life as an engineer, this is extremely difficult and probably pointless to try and guess. For a very experienced developer, a code tutorial may take a couple hours to complete. For a junior developer, it may take a week. I don't generally see anyone in the industry trying to indicate time-to-completion for tutorials, I think for good reason. Time-to-read I do occassionally see.",
        "user": "U019868JEQ0",
        "ts": "1604605695.015000",
        "team": "TKFJE6LDR",
        "user_team": "TKFJE6LDR",
        "source_team": "TKFJE6LDR",
        "user_profile": {
            "avatar_hash": "966d941975ff",
            "image_72": "https:\/\/avatars.slack-edge.com\/2020-08-09\/1275632926935_966d941975ff884d0fa4_72.jpg",
            "first_name": "",
            "real_name": "Aidan Doherty",
            "display_name": "Aidan Doherty",
            "team": "TKFJE6LDR",
            "name": "contact",
            "is_restricted": false,
            "is_ultra_restricted": false
        },
        "blocks": [
            {
                "type": "rich_text",
                "block_id": "JZ95",
                "elements": [
                    {
                        "type": "rich_text_section",
                        "elements": [
                            {
                                "type": "text",
                                "text": "i think we are talking about two different things here though. One is the time it takes to read an article\/page, which is perhaps possible to gauge (though not necessarily easy for say developers with limited writing\/UX testing experience). The other is to complete a tutorial. I'm using the definition from The Documentation System, where this is a hands-on walkthrough that results in the reader actually doing something to completion. Say setting up a web-server, or writing code that sends an API request. From my experience in a previous life as an engineer, this is extremely difficult and probably pointless to try and guess. For a very experienced developer, a code tutorial may take a couple hours to complete. For a junior developer, it may take a week. I don't generally see anyone in the industry trying to indicate time-to-completion for tutorials, I think for good reason. Time-to-read I do occassionally see."
                            }
                        ]
                    }
                ]
            }
        ]
    },
    {
        "client_msg_id": "0d1cba9e-259d-40c2-a574-e9e38a3ec490",
        "type": "message",
        "text": "Aidan, I like your splitting of tutorials from reading. For a base template, which covers both tutorials and reading docs (like white papers), I think it is still valuable to prompt the template writer to consider whether they should add \"reading time\" or \"time to complete\". These are concepts which are regularly seen in these types of documents, and as such we should provide recommendations on how a template writer should approach it - even if it is to say \"don't provide guidance\" or \"consider whether you can or should provide guidance\".",
        "user": "UKTGLQNGG",
        "ts": "1604611636.019800",
        "team": "TKFJE6LDR",
        "user_team": "TKFJE6LDR",
        "source_team": "TKFJE6LDR",
        "user_profile": {
            "avatar_hash": "d6f4de222bb1",
            "image_72": "https:\/\/avatars.slack-edge.com\/2020-07-20\/1235580478119_d6f4de222bb1ed6b5960_72.jpg",
            "first_name": "Cameron",
            "real_name": "Cameron Shorter",
            "display_name": "cameronshorter",
            "team": "TKFJE6LDR",
            "name": "cameron.shorter",
            "is_restricted": false,
            "is_ultra_restricted": false
        },
        "blocks": [
            {
                "type": "rich_text",
                "block_id": "c97",
                "elements": [
                    {
                        "type": "rich_text_section",
                        "elements": [
                            {
                                "type": "text",
                                "text": "Aidan, I like your splitting of tutorials from reading. For a base template, which covers both tutorials and reading docs (like white papers), I think it is still valuable to prompt the template writer to consider whether they should add \"reading time\" or \"time to complete\". These are concepts which are regularly seen in these types of documents, and as such we should provide recommendations on how a template writer should approach it - even if it is to say \"don't provide guidance\" or \"consider whether you can or should provide guidance\"."
                            }
                        ]
                    }
                ]
            }
        ]
    },
    {
        "type": "message",
        "text": "Its worth noting that a lot of site builders now have add-ins that will offer an estimated reading time based on word count. Medium reminds me of this.",
        "files": [
            {
                "id": "F01E58464BD",
                "created": 1604616558,
                "timestamp": 1604616558,
                "name": "image.png",
                "title": "image.png",
                "mimetype": "image\/png",
                "filetype": "png",
                "pretty_type": "PNG",
                "user": "UKVC4NB71",
                "editable": false,
                "size": 624094,
                "mode": "hosted",
                "is_external": false,
                "external_type": "",
                "is_public": true,
                "public_url_shared": false,
                "display_as_bot": false,
                "username": "",
                "url_private": "https:\/\/files.slack.com\/files-pri\/TKFJE6LDR-F01E58464BD\/image.png?t=xoxe-661626224467-1574187561667-1573981583442-ff468f2308c02d774561042abcd60e43",
                "url_private_download": "https:\/\/files.slack.com\/files-pri\/TKFJE6LDR-F01E58464BD\/download\/image.png?t=xoxe-661626224467-1574187561667-1573981583442-ff468f2308c02d774561042abcd60e43",
                "thumb_64": "https:\/\/files.slack.com\/files-tmb\/TKFJE6LDR-F01E58464BD-1256671d11\/image_64.png?t=xoxe-661626224467-1574187561667-1573981583442-ff468f2308c02d774561042abcd60e43",
                "thumb_80": "https:\/\/files.slack.com\/files-tmb\/TKFJE6LDR-F01E58464BD-1256671d11\/image_80.png?t=xoxe-661626224467-1574187561667-1573981583442-ff468f2308c02d774561042abcd60e43",
                "thumb_360": "https:\/\/files.slack.com\/files-tmb\/TKFJE6LDR-F01E58464BD-1256671d11\/image_360.png?t=xoxe-661626224467-1574187561667-1573981583442-ff468f2308c02d774561042abcd60e43",
                "thumb_360_w": 360,
                "thumb_360_h": 164,
                "thumb_480": "https:\/\/files.slack.com\/files-tmb\/TKFJE6LDR-F01E58464BD-1256671d11\/image_480.png?t=xoxe-661626224467-1574187561667-1573981583442-ff468f2308c02d774561042abcd60e43",
                "thumb_480_w": 480,
                "thumb_480_h": 219,
                "thumb_160": "https:\/\/files.slack.com\/files-tmb\/TKFJE6LDR-F01E58464BD-1256671d11\/image_160.png?t=xoxe-661626224467-1574187561667-1573981583442-ff468f2308c02d774561042abcd60e43",
                "thumb_720": "https:\/\/files.slack.com\/files-tmb\/TKFJE6LDR-F01E58464BD-1256671d11\/image_720.png?t=xoxe-661626224467-1574187561667-1573981583442-ff468f2308c02d774561042abcd60e43",
                "thumb_720_w": 720,
                "thumb_720_h": 328,
                "thumb_800": "https:\/\/files.slack.com\/files-tmb\/TKFJE6LDR-F01E58464BD-1256671d11\/image_800.png?t=xoxe-661626224467-1574187561667-1573981583442-ff468f2308c02d774561042abcd60e43",
                "thumb_800_w": 800,
                "thumb_800_h": 365,
                "thumb_960": "https:\/\/files.slack.com\/files-tmb\/TKFJE6LDR-F01E58464BD-1256671d11\/image_960.png?t=xoxe-661626224467-1574187561667-1573981583442-ff468f2308c02d774561042abcd60e43",
                "thumb_960_w": 960,
                "thumb_960_h": 438,
                "thumb_1024": "https:\/\/files.slack.com\/files-tmb\/TKFJE6LDR-F01E58464BD-1256671d11\/image_1024.png?t=xoxe-661626224467-1574187561667-1573981583442-ff468f2308c02d774561042abcd60e43",
                "thumb_1024_w": 1024,
                "thumb_1024_h": 467,
                "original_w": 1268,
                "original_h": 578,
                "thumb_tiny": "AwAVADCW5I89txwMelVXkUjCt+JU0\/UJCLsgHHy+uKreY3XzD\/31SsBIRHn\/AFpUf7poBAYgN8vGMqaapZxgyHH1z\/SiQsvVyR\/vf\/Wp2AnTaQfmx9RUYIFwx7cUxJSWwz5B\/wBqlUhpzgdqSQDtROL1uM\/KP5VU3cdBVrU\/+PxvoKp0wJlJ4GTg+9Nfp360qfw\/Skfv9aAEQZPWhyQ\/BpY+tNf71AH\/2Q==",
                "permalink": "https:\/\/thegooddocs.slack.com\/files\/UKVC4NB71\/F01E58464BD\/image.png",
                "permalink_public": "https:\/\/slack-files.com\/TKFJE6LDR-F01E58464BD-8480937333",
                "is_starred": false,
                "has_rich_preview": false
            }
        ],
        "upload": false,
        "blocks": [
            {
                "type": "rich_text",
                "block_id": "Z=D=",
                "elements": [
                    {
                        "type": "rich_text_section",
                        "elements": [
                            {
                                "type": "text",
                                "text": "Its worth noting that a lot of site builders now have add-ins that will offer an estimated reading time based on word count. Medium reminds me of this."
                            }
                        ]
                    }
                ]
            }
        ],
        "user": "UKVC4NB71",
        "display_as_bot": false,
        "ts": "1604616586.021300"
    },
    {
        "client_msg_id": "831ad913-6ccf-4f69-a5e9-43e82f44f2eb",
        "type": "message",
        "text": "So actively asking people to estimate time to finish reading is something we should let the robots figure out for us automatically.",
        "user": "UKVC4NB71",
        "ts": "1604616615.022200",
        "team": "TKFJE6LDR",
        "user_team": "TKFJE6LDR",
        "source_team": "TKFJE6LDR",
        "user_profile": {
            "avatar_hash": "c7d9788d4436",
            "image_72": "https:\/\/avatars.slack-edge.com\/2019-10-30\/814314609877_c7d9788d4436969613a7_72.jpg",
            "first_name": "Jared",
            "real_name": "Jared Morgan",
            "display_name": "jaredmorgs",
            "team": "TKFJE6LDR",
            "name": "jaredleonmorgan",
            "is_restricted": false,
            "is_ultra_restricted": false
        },
        "blocks": [
            {
                "type": "rich_text",
                "block_id": "pBwY",
                "elements": [
                    {
                        "type": "rich_text_section",
                        "elements": [
                            {
                                "type": "text",
                                "text": "So actively asking people to estimate time to finish reading is something we should let the robots figure out for us automatically."
                            }
                        ]
                    }
                ]
            }
        ],
        "thread_ts": "1604616615.022200",
        "reply_count": 2,
        "reply_users_count": 2,
        "latest_reply": "1604619505.022600",
        "reply_users": [
            "UKV4ZPEFQ",
            "UQ553K7DY"
        ],
        "replies": [
            {
                "user": "UKV4ZPEFQ",
                "ts": "1604616720.022300"
            },
            {
                "user": "UQ553K7DY",
                "ts": "1604619505.022600"
            }
        ],
        "subscribed": true,
        "last_read": "1604619505.022600",
        "reactions": [
            {
                "name": "100",
                "users": [
                    "U012KCMPP0V"
                ],
                "count": 1
            }
        ]
    },
    {
        "client_msg_id": "3f76188b-0da9-4c15-be90-34f4411d8f66",
        "type": "message",
        "text": "Computers must be good for something! :robot_face:",
        "user": "UKV4ZPEFQ",
        "ts": "1604616720.022300",
        "team": "TKFJE6LDR",
        "user_team": "TKFJE6LDR",
        "source_team": "TKFJE6LDR",
        "user_profile": {
            "avatar_hash": "g854c628ef64",
            "image_72": "https:\/\/secure.gravatar.com\/avatar\/6854c628ef64a4c129a994522e17cdf2.jpg?s=72&d=https%3A%2F%2Fa.slack-edge.com%2Fdf10d%2Fimg%2Favatars%2Fava_0007-72.png",
            "first_name": "felicitybrand",
            "real_name": "felicitybrand",
            "display_name": "flicstar",
            "team": "TKFJE6LDR",
            "name": "felicitybrand",
            "is_restricted": false,
            "is_ultra_restricted": false
        },
        "blocks": [
            {
                "type": "rich_text",
                "block_id": "xQ=I",
                "elements": [
                    {
                        "type": "rich_text_section",
                        "elements": [
                            {
                                "type": "text",
                                "text": "Computers must be good for something! "
                            },
                            {
                                "type": "emoji",
                                "name": "robot_face"
                            }
                        ]
                    }
                ]
            }
        ],
        "thread_ts": "1604616615.022200",
        "parent_user_id": "UKVC4NB71"
    },
    {
        "client_msg_id": "87521b40-96c5-4bbf-8e97-f224d6670067",
        "type": "message",
        "text": "if only we could work out *what* :thinking_face:",
        "user": "UQ553K7DY",
        "ts": "1604619505.022600",
        "team": "TKFJE6LDR",
        "user_team": "TKFJE6LDR",
        "source_team": "TKFJE6LDR",
        "user_profile": {
            "avatar_hash": "e0f8604c1079",
            "image_72": "https:\/\/avatars.slack-edge.com\/2020-10-26\/1445509834998_e0f8604c1079f923f3e9_72.png",
            "first_name": "Loquacity",
            "real_name": "Loquacity",
            "display_name": "Loquacity",
            "team": "TKFJE6LDR",
            "name": "slack1",
            "is_restricted": false,
            "is_ultra_restricted": false
        },
        "blocks": [
            {
                "type": "rich_text",
                "block_id": "p6J",
                "elements": [
                    {
                        "type": "rich_text_section",
                        "elements": [
                            {
                                "type": "text",
                                "text": "if only we could work out "
                            },
                            {
                                "type": "text",
                                "text": "what",
                                "style": {
                                    "bold": true
                                }
                            },
                            {
                                "type": "text",
                                "text": " "
                            },
                            {
                                "type": "emoji",
                                "name": "thinking_face"
                            }
                        ]
                    }
                ]
            }
        ],
        "thread_ts": "1604616615.022200",
        "parent_user_id": "UKVC4NB71"
    }
]