[
    {
        "client_msg_id": "3d5d75e3-94d4-48e0-8bf6-405b8e9cb841",
        "type": "message",
        "text": "Hi team,\nWould not be able to join the Good docs meeting today. I have WTD Aus\/Ind meeting at the same time. I will read through the meeting notes and add my points, if any. :hugging_face:",
        "user": "U0170HMB87K",
        "ts": "1600251140.046600",
        "team": "TKFJE6LDR",
        "user_team": "TKFJE6LDR",
        "source_team": "TKFJE6LDR",
        "user_profile": {
            "avatar_hash": "f39553b0636b",
            "image_72": "https:\/\/avatars.slack-edge.com\/2020-07-22\/1249269540710_f39553b0636b29704992_72.jpg",
            "first_name": "",
            "real_name": "Ankita",
            "display_name": "Ankita",
            "team": "TKFJE6LDR",
            "name": "ankitatripathi.2312",
            "is_restricted": false,
            "is_ultra_restricted": false
        },
        "blocks": [
            {
                "type": "rich_text",
                "block_id": "USG",
                "elements": [
                    {
                        "type": "rich_text_section",
                        "elements": [
                            {
                                "type": "text",
                                "text": "Hi team,\nWould not be able to join the Good docs meeting today. I have WTD Aus\/Ind meeting at the same time. I will read through the meeting notes and add my points, if any. "
                            },
                            {
                                "type": "emoji",
                                "name": "hugging_face"
                            }
                        ]
                    }
                ]
            }
        ]
    },
    {
        "client_msg_id": "3234f289-e1a8-45b7-98ed-8a9195007c07",
        "type": "message",
        "text": "I’m getting held up on a call for work, don’t think I’ll be able to make the call today\/here shortly",
        "user": "U012Y26QWNA",
        "ts": "1600289341.047200",
        "team": "TKFJE6LDR",
        "user_team": "TKFJE6LDR",
        "source_team": "TKFJE6LDR",
        "user_profile": {
            "avatar_hash": "b91365ff7b22",
            "image_72": "https:\/\/avatars.slack-edge.com\/2020-05-06\/1092095570535_b91365ff7b22e688f785_72.jpg",
            "first_name": "",
            "real_name": "Morgan Craft",
            "display_name": "Morgan Craft",
            "team": "TKFJE6LDR",
            "name": "morgan",
            "is_restricted": false,
            "is_ultra_restricted": false
        },
        "edited": {
            "user": "U012Y26QWNA",
            "ts": "1600289361.000000"
        },
        "blocks": [
            {
                "type": "rich_text",
                "block_id": "PDE5",
                "elements": [
                    {
                        "type": "rich_text_section",
                        "elements": [
                            {
                                "type": "text",
                                "text": "I’m getting held up on a call for work, don’t think I’ll be able to make the call today\/here shortly"
                            }
                        ]
                    }
                ]
            }
        ]
    },
    {
        "client_msg_id": "4a8e9a8a-9201-48cf-bc2c-efe7d1c9578b",
        "type": "message",
        "text": "Meeting now: <https:\/\/meet.google.com\/nuj-qvxw-vvt?authuser=0>",
        "user": "UKTGLQNGG",
        "ts": "1600290149.047500",
        "team": "TKFJE6LDR",
        "user_team": "TKFJE6LDR",
        "source_team": "TKFJE6LDR",
        "user_profile": {
            "avatar_hash": "d6f4de222bb1",
            "image_72": "https:\/\/avatars.slack-edge.com\/2020-07-20\/1235580478119_d6f4de222bb1ed6b5960_72.jpg",
            "first_name": "Cameron",
            "real_name": "Cameron Shorter",
            "display_name": "cameronshorter",
            "team": "TKFJE6LDR",
            "name": "cameron.shorter",
            "is_restricted": false,
            "is_ultra_restricted": false
        },
        "attachments": [
            {
                "title": "Meet",
                "title_link": "https:\/\/meet.google.com\/nuj-qvxw-vvt?authuser=0",
                "text": "Real-time meetings by Google. Using your browser, share your video, desktop, and presentations with teammates and customers.",
                "fallback": "Meet",
                "thumb_url": "https:\/\/www.gstatic.com\/images\/branding\/product\/2x\/meet_96dp.png",
                "from_url": "https:\/\/meet.google.com\/nuj-qvxw-vvt?authuser=0",
                "thumb_width": 192,
                "thumb_height": 192,
                "service_icon": "http:\/\/www.gstatic.com\/images\/branding\/product\/1x\/meet_16dp.png",
                "service_name": "meet.google.com",
                "id": 1,
                "original_url": "https:\/\/meet.google.com\/nuj-qvxw-vvt?authuser=0"
            }
        ],
        "blocks": [
            {
                "type": "rich_text",
                "block_id": "jZD",
                "elements": [
                    {
                        "type": "rich_text_section",
                        "elements": [
                            {
                                "type": "text",
                                "text": "Meeting now: "
                            },
                            {
                                "type": "link",
                                "url": "https:\/\/meet.google.com\/nuj-qvxw-vvt?authuser=0"
                            }
                        ]
                    }
                ]
            }
        ]
    },
    {
        "client_msg_id": "fe13f05f-7a7b-40fe-a006-8b70264aa4b0",
        "type": "message",
        "text": "I'm sorry to have missed the meeting. I got pulled into a conference with one of my kid's Zoom calls for school.",
        "user": "U018BJR6JQN",
        "ts": "1600295675.049100",
        "team": "TKFJE6LDR",
        "user_team": "TKFJE6LDR",
        "source_team": "TKFJE6LDR",
        "user_profile": {
            "avatar_hash": "97b8f5caa203",
            "image_72": "https:\/\/avatars.slack-edge.com\/2020-08-09\/1283637239046_97b8f5caa203a559ac3e_72.jpg",
            "first_name": "",
            "real_name": "Bryan Klein",
            "display_name": "Bryan Klein",
            "team": "TKFJE6LDR",
            "name": "klein",
            "is_restricted": false,
            "is_ultra_restricted": false
        },
        "blocks": [
            {
                "type": "rich_text",
                "block_id": "Yww",
                "elements": [
                    {
                        "type": "rich_text_section",
                        "elements": [
                            {
                                "type": "text",
                                "text": "I'm sorry to have missed the meeting. I got pulled into a conference with one of my kid's Zoom calls for school."
                            }
                        ]
                    }
                ]
            }
        ],
        "reactions": [
            {
                "name": "+1",
                "users": [
                    "U012KCMPP0V"
                ],
                "count": 1
            },
            {
                "name": "school",
                "users": [
                    "UKV4ZPEFQ",
                    "UKTGLQNGG"
                ],
                "count": 2
            }
        ]
    },
    {
        "client_msg_id": "98b72f80-20c6-4e62-850d-3ec8273ce4ee",
        "type": "message",
        "text": "In the US meeting today, we had a discussion about the process for reviewing and approving merge requests. We realized that we needed to put this out to the community for discussion about what our policies and procedures should be. Here's a document that includes some of the issues we discussed and some food for thought to get the discussion going. Feel free to comment! <https:\/\/docs.google.com\/document\/d\/1yvjqqbOc_5JqKhLnnZH2kLlyuj1r1j4sFZr8cvE5i7I\/edit?usp=sharing|TGD Pull Request Reviews - Discussion Needed>",
        "user": "U012KCMPP0V",
        "ts": "1600300697.051200",
        "team": "TKFJE6LDR",
        "user_team": "TKFJE6LDR",
        "source_team": "TKFJE6LDR",
        "user_profile": {
            "avatar_hash": "b26729f0b5f2",
            "image_72": "https:\/\/avatars.slack-edge.com\/2020-04-27\/1089031639347_b26729f0b5f2375494a1_72.png",
            "first_name": "Alyssa",
            "real_name": "Alyssa",
            "display_name": "Alyssa",
            "team": "TKFJE6LDR",
            "name": "alyssa.rock.biz",
            "is_restricted": false,
            "is_ultra_restricted": false
        },
        "blocks": [
            {
                "type": "rich_text",
                "block_id": "zzf1",
                "elements": [
                    {
                        "type": "rich_text_section",
                        "elements": [
                            {
                                "type": "text",
                                "text": "In the US meeting today, we had a discussion about the process for reviewing and approving merge requests. We realized that we needed to put this out to the community for discussion about what our policies and procedures should be. Here's a document that includes some of the issues we discussed and some food for thought to get the discussion going. Feel free to comment! "
                            },
                            {
                                "type": "link",
                                "url": "https:\/\/docs.google.com\/document\/d\/1yvjqqbOc_5JqKhLnnZH2kLlyuj1r1j4sFZr8cvE5i7I\/edit?usp=sharing",
                                "text": "TGD Pull Request Reviews - Discussion Needed"
                            }
                        ]
                    }
                ]
            }
        ],
        "reactions": [
            {
                "name": "thankyou",
                "users": [
                    "UL2AA1FF1"
                ],
                "count": 1
            }
        ]
    },
    {
        "client_msg_id": "1d1291ef-32bb-456f-bf34-a22b523d8893",
        "type": "message",
        "text": "Also in the US meeting today, we had a discussion about our fake example project, the Chronologue. :alarm_clock: :timer_clock: :hourglass_flowing_sand:\nHere's a document that presents some ideas about what it should be (gleaned from <#C016L3962CU|chronologue-docs>), and outlines our intention for a working session (jam?) to flesh out the details.\nFeel free to comment: <https:\/\/docs.google.com\/document\/d\/1YrwKc15_CB5y48myT3_8DhV7gGq0Rmtn0_0d0W5fd5s\/edit?usp=sharing|TGD Example Project>",
        "user": "UKV4ZPEFQ",
        "ts": "1600319111.053400",
        "team": "TKFJE6LDR",
        "user_team": "TKFJE6LDR",
        "source_team": "TKFJE6LDR",
        "user_profile": {
            "avatar_hash": "g854c628ef64",
            "image_72": "https:\/\/secure.gravatar.com\/avatar\/6854c628ef64a4c129a994522e17cdf2.jpg?s=72&d=https%3A%2F%2Fa.slack-edge.com%2Fdf10d%2Fimg%2Favatars%2Fava_0007-72.png",
            "first_name": "felicitybrand",
            "real_name": "felicitybrand",
            "display_name": "flicstar",
            "team": "TKFJE6LDR",
            "name": "felicitybrand",
            "is_restricted": false,
            "is_ultra_restricted": false
        },
        "blocks": [
            {
                "type": "rich_text",
                "block_id": "tHyS",
                "elements": [
                    {
                        "type": "rich_text_section",
                        "elements": [
                            {
                                "type": "text",
                                "text": "Also in the US meeting today, we had a discussion about our fake example project, the Chronologue. "
                            },
                            {
                                "type": "emoji",
                                "name": "alarm_clock"
                            },
                            {
                                "type": "text",
                                "text": " "
                            },
                            {
                                "type": "emoji",
                                "name": "timer_clock"
                            },
                            {
                                "type": "text",
                                "text": " "
                            },
                            {
                                "type": "emoji",
                                "name": "hourglass_flowing_sand"
                            },
                            {
                                "type": "text",
                                "text": "\nHere's a document that presents some ideas about what it should be (gleaned from "
                            },
                            {
                                "type": "channel",
                                "channel_id": "C016L3962CU"
                            },
                            {
                                "type": "text",
                                "text": "), and outlines our intention for a working session (jam?) to flesh out the details.\nFeel free to comment: "
                            },
                            {
                                "type": "link",
                                "url": "https:\/\/docs.google.com\/document\/d\/1YrwKc15_CB5y48myT3_8DhV7gGq0Rmtn0_0d0W5fd5s\/edit?usp=sharing",
                                "text": "TGD Example Project"
                            }
                        ]
                    }
                ]
            }
        ],
        "reactions": [
            {
                "name": "thankyou",
                "users": [
                    "UL2AA1FF1"
                ],
                "count": 1
            }
        ]
    }
]