[
    {
        "client_msg_id": "4407dea9-509c-46bb-9c59-fa9e0ef61394",
        "type": "message",
        "text": "Note: Daylight saving has flipped for some places (notably, where I live in Sydney, Australia), and will flip for other places over the month or so. This will change Northern\/Southern hemisphere timeslot differences by ~ 2 hours, and we should re-check suitability of timeslots with everyone. Depending one where you like, this week's timeslot might have moved for you. (I'll suggest adjustments for meetings, and will likely tweak again based on your feedback.)",
        "user": "UKTGLQNGG",
        "ts": "1601952376.028900",
        "team": "TKFJE6LDR",
        "user_team": "TKFJE6LDR",
        "source_team": "TKFJE6LDR",
        "user_profile": {
            "avatar_hash": "d6f4de222bb1",
            "image_72": "https:\/\/avatars.slack-edge.com\/2020-07-20\/1235580478119_d6f4de222bb1ed6b5960_72.jpg",
            "first_name": "Cameron",
            "real_name": "Cameron Shorter",
            "display_name": "cameronshorter",
            "team": "TKFJE6LDR",
            "name": "cameron.shorter",
            "is_restricted": false,
            "is_ultra_restricted": false
        },
        "blocks": [
            {
                "type": "rich_text",
                "block_id": "vefpu",
                "elements": [
                    {
                        "type": "rich_text_section",
                        "elements": [
                            {
                                "type": "text",
                                "text": "Note: Daylight saving has flipped for some places (notably, where I live in Sydney, Australia), and will flip for other places over the month or so. This will change Northern\/Southern hemisphere timeslot differences by ~ 2 hours, and we should re-check suitability of timeslots with everyone. Depending one where you like, this week's timeslot might have moved for you. (I'll suggest adjustments for meetings, and will likely tweak again based on your feedback.)"
                            }
                        ]
                    }
                ]
            }
        ],
        "reactions": [
            {
                "name": "sunrise_over_mountains",
                "users": [
                    "UKV4ZPEFQ",
                    "U0170HMB87K"
                ],
                "count": 2
            }
        ]
    },
    {
        "client_msg_id": "b4aa5e54-6ed5-4642-931c-86fbf43ab410",
        "type": "message",
        "text": "ah. yes, mine have gotten messed up",
        "user": "UQ553K7DY",
        "ts": "1601952470.029300",
        "team": "TKFJE6LDR",
        "user_team": "TKFJE6LDR",
        "source_team": "TKFJE6LDR",
        "user_profile": {
            "avatar_hash": "e0f8604c1079",
            "image_72": "https:\/\/avatars.slack-edge.com\/2020-10-26\/1445509834998_e0f8604c1079f923f3e9_72.png",
            "first_name": "Loquacity",
            "real_name": "Loquacity",
            "display_name": "Loquacity",
            "team": "TKFJE6LDR",
            "name": "slack1",
            "is_restricted": false,
            "is_ultra_restricted": false
        },
        "blocks": [
            {
                "type": "rich_text",
                "block_id": "Pai",
                "elements": [
                    {
                        "type": "rich_text_section",
                        "elements": [
                            {
                                "type": "text",
                                "text": "ah. yes, mine have gotten messed up"
                            }
                        ]
                    }
                ]
            }
        ],
        "thread_ts": "1601952470.029300",
        "reply_count": 8,
        "reply_users_count": 4,
        "latest_reply": "1601964031.033000",
        "reply_users": [
            "UKTGLQNGG",
            "UQ553K7DY",
            "UKVC4NB71",
            "U0170HMB87K"
        ],
        "replies": [
            {
                "user": "UKTGLQNGG",
                "ts": "1601952922.031300"
            },
            {
                "user": "UQ553K7DY",
                "ts": "1601952951.031500"
            },
            {
                "user": "UQ553K7DY",
                "ts": "1601952961.031700"
            },
            {
                "user": "UKVC4NB71",
                "ts": "1601952990.031900"
            },
            {
                "user": "UKTGLQNGG",
                "ts": "1601953062.032200"
            },
            {
                "user": "U0170HMB87K",
                "ts": "1601963670.032600"
            },
            {
                "user": "UKTGLQNGG",
                "ts": "1601963881.032800"
            },
            {
                "user": "U0170HMB87K",
                "ts": "1601964031.033000"
            }
        ],
        "subscribed": false
    },
    {
        "client_msg_id": "bb9d41d4-f046-44cb-b2dd-a36dce8fb21b",
        "type": "message",
        "text": "thanks for pointing that out :+1:",
        "user": "UQ553K7DY",
        "ts": "1601952481.029500",
        "team": "TKFJE6LDR",
        "user_team": "TKFJE6LDR",
        "source_team": "TKFJE6LDR",
        "user_profile": {
            "avatar_hash": "e0f8604c1079",
            "image_72": "https:\/\/avatars.slack-edge.com\/2020-10-26\/1445509834998_e0f8604c1079f923f3e9_72.png",
            "first_name": "Loquacity",
            "real_name": "Loquacity",
            "display_name": "Loquacity",
            "team": "TKFJE6LDR",
            "name": "slack1",
            "is_restricted": false,
            "is_ultra_restricted": false
        },
        "blocks": [
            {
                "type": "rich_text",
                "block_id": "185aP",
                "elements": [
                    {
                        "type": "rich_text_section",
                        "elements": [
                            {
                                "type": "text",
                                "text": "thanks for pointing that out "
                            },
                            {
                                "type": "emoji",
                                "name": "+1"
                            }
                        ]
                    }
                ]
            }
        ]
    },
    {
        "client_msg_id": "b804e5d6-fb8e-456c-afae-8e3f8d93c160",
        "type": "message",
        "text": "To help with planning timeslots: <https:\/\/www.timeanddate.com\/worldclock\/meetingtime.html?day=7&amp;month=10&amp;year=2020&amp;p1=22&amp;p2=240&amp;p3=47&amp;p4=248&amp;p5=102&amp;p6=44&amp;p7=26&amp;p8=136&amp;p9=179&amp;p10=220&amp;p11=224&amp;iv=0>",
        "user": "UKTGLQNGG",
        "ts": "1601952502.029800",
        "team": "TKFJE6LDR",
        "user_team": "TKFJE6LDR",
        "source_team": "TKFJE6LDR",
        "user_profile": {
            "avatar_hash": "d6f4de222bb1",
            "image_72": "https:\/\/avatars.slack-edge.com\/2020-07-20\/1235580478119_d6f4de222bb1ed6b5960_72.jpg",
            "first_name": "Cameron",
            "real_name": "Cameron Shorter",
            "display_name": "cameronshorter",
            "team": "TKFJE6LDR",
            "name": "cameron.shorter",
            "is_restricted": false,
            "is_ultra_restricted": false
        },
        "attachments": [
            {
                "title": "The World Clock Meeting Planner - Results",
                "title_link": "https:\/\/www.timeanddate.com\/worldclock\/meetingtime.html?day=7&month=10&year=2020&p1=22&p2=240&p3=47&p4=248&p5=102&p6=44&p7=26&p8=136&p9=179&p10=220&p11=224&iv=0",
                "text": "Results from the Meeting Planner that finds a suitable time to call or meet with people from around the world.",
                "fallback": "The World Clock Meeting Planner - Results",
                "image_url": "https:\/\/c.tadst.com\/gfx\/og\/tadlogo-facebook.png",
                "from_url": "https:\/\/www.timeanddate.com\/worldclock\/meetingtime.html?day=7&month=10&year=2020&p1=22&p2=240&p3=47&p4=248&p5=102&p6=44&p7=26&p8=136&p9=179&p10=220&p11=224&iv=0",
                "image_width": 476,
                "image_height": 250,
                "image_bytes": 55884,
                "service_icon": "https:\/\/www.timeanddate.com\/favicon.ico",
                "service_name": "timeanddate.com",
                "id": 1,
                "original_url": "https:\/\/www.timeanddate.com\/worldclock\/meetingtime.html?day=7&amp;month=10&amp;year=2020&amp;p1=22&amp;p2=240&amp;p3=47&amp;p4=248&amp;p5=102&amp;p6=44&amp;p7=26&amp;p8=136&amp;p9=179&amp;p10=220&amp;p11=224&amp;iv=0"
            }
        ],
        "blocks": [
            {
                "type": "rich_text",
                "block_id": "5rwwj",
                "elements": [
                    {
                        "type": "rich_text_section",
                        "elements": [
                            {
                                "type": "text",
                                "text": "To help with planning timeslots: "
                            },
                            {
                                "type": "link",
                                "url": "https:\/\/www.timeanddate.com\/worldclock\/meetingtime.html?day=7&month=10&year=2020&p1=22&p2=240&p3=47&p4=248&p5=102&p6=44&p7=26&p8=136&p9=179&p10=220&p11=224&iv=0"
                            }
                        ]
                    }
                ]
            }
        ]
    },
    {
        "client_msg_id": "8910b769-ebbc-4032-b387-c86be3f478ab",
        "type": "message",
        "text": "<@UKVC4NB71> might find it hard to make a 7:30pm (Brisbane) for our weekly APAC meeting (8:30pm Sydney)? I like this timeslot, but could push back 30 mins if needed.",
        "user": "UKTGLQNGG",
        "ts": "1601952922.031300",
        "team": "TKFJE6LDR",
        "user_team": "TKFJE6LDR",
        "source_team": "TKFJE6LDR",
        "user_profile": {
            "avatar_hash": "d6f4de222bb1",
            "image_72": "https:\/\/avatars.slack-edge.com\/2020-07-20\/1235580478119_d6f4de222bb1ed6b5960_72.jpg",
            "first_name": "Cameron",
            "real_name": "Cameron Shorter",
            "display_name": "cameronshorter",
            "team": "TKFJE6LDR",
            "name": "cameron.shorter",
            "is_restricted": false,
            "is_ultra_restricted": false
        },
        "blocks": [
            {
                "type": "rich_text",
                "block_id": "FJA",
                "elements": [
                    {
                        "type": "rich_text_section",
                        "elements": [
                            {
                                "type": "user",
                                "user_id": "UKVC4NB71"
                            },
                            {
                                "type": "text",
                                "text": " might find it hard to make a 7:30pm (Brisbane) for our weekly APAC meeting (8:30pm Sydney)? I like this timeslot, but could push back 30 mins if needed."
                            }
                        ]
                    }
                ]
            }
        ],
        "thread_ts": "1601952470.029300",
        "parent_user_id": "UQ553K7DY"
    },
    {
        "client_msg_id": "5e37da83-e843-4a7c-b2a0-3770d7832ff9",
        "type": "message",
        "text": "we were just chatting about that",
        "user": "UQ553K7DY",
        "ts": "1601952951.031500",
        "team": "TKFJE6LDR",
        "user_team": "TKFJE6LDR",
        "source_team": "TKFJE6LDR",
        "user_profile": {
            "avatar_hash": "e0f8604c1079",
            "image_72": "https:\/\/avatars.slack-edge.com\/2020-10-26\/1445509834998_e0f8604c1079f923f3e9_72.png",
            "first_name": "Loquacity",
            "real_name": "Loquacity",
            "display_name": "Loquacity",
            "team": "TKFJE6LDR",
            "name": "slack1",
            "is_restricted": false,
            "is_ultra_restricted": false
        },
        "blocks": [
            {
                "type": "rich_text",
                "block_id": "fCM",
                "elements": [
                    {
                        "type": "rich_text_section",
                        "elements": [
                            {
                                "type": "text",
                                "text": "we were just chatting about that"
                            }
                        ]
                    }
                ]
            }
        ],
        "thread_ts": "1601952470.029300",
        "parent_user_id": "UQ553K7DY"
    },
    {
        "client_msg_id": "23871233-ca96-4c4f-ba65-fb38462e3006",
        "type": "message",
        "text": "i have another meeting that ends at 7:30, so can't do earlier",
        "user": "UQ553K7DY",
        "ts": "1601952961.031700",
        "team": "TKFJE6LDR",
        "user_team": "TKFJE6LDR",
        "source_team": "TKFJE6LDR",
        "user_profile": {
            "avatar_hash": "e0f8604c1079",
            "image_72": "https:\/\/avatars.slack-edge.com\/2020-10-26\/1445509834998_e0f8604c1079f923f3e9_72.png",
            "first_name": "Loquacity",
            "real_name": "Loquacity",
            "display_name": "Loquacity",
            "team": "TKFJE6LDR",
            "name": "slack1",
            "is_restricted": false,
            "is_ultra_restricted": false
        },
        "blocks": [
            {
                "type": "rich_text",
                "block_id": "1E8",
                "elements": [
                    {
                        "type": "rich_text_section",
                        "elements": [
                            {
                                "type": "text",
                                "text": "i have another meeting that ends at 7:30, so can't do earlier"
                            }
                        ]
                    }
                ]
            }
        ],
        "thread_ts": "1601952470.029300",
        "parent_user_id": "UQ553K7DY"
    },
    {
        "client_msg_id": "c68c17a8-36e3-4ee1-a075-f50410e6c516",
        "type": "message",
        "text": "I think it will work if I let the kids know what's going on. 7pm is too early for Lana and I (given we are both in the \"horizontal timezone\"",
        "user": "UKVC4NB71",
        "ts": "1601952990.031900",
        "team": "TKFJE6LDR",
        "user_team": "TKFJE6LDR",
        "source_team": "TKFJE6LDR",
        "user_profile": {
            "avatar_hash": "c7d9788d4436",
            "image_72": "https:\/\/avatars.slack-edge.com\/2019-10-30\/814314609877_c7d9788d4436969613a7_72.jpg",
            "first_name": "Jared",
            "real_name": "Jared Morgan",
            "display_name": "jaredmorgs",
            "team": "TKFJE6LDR",
            "name": "jaredleonmorgan",
            "is_restricted": false,
            "is_ultra_restricted": false
        },
        "blocks": [
            {
                "type": "rich_text",
                "block_id": "JIxK",
                "elements": [
                    {
                        "type": "rich_text_section",
                        "elements": [
                            {
                                "type": "text",
                                "text": "I think it will work if I let the kids know what's going on. 7pm is too early for Lana and I (given we are both in the \"horizontal timezone\""
                            }
                        ]
                    }
                ]
            }
        ],
        "thread_ts": "1601952470.029300",
        "parent_user_id": "UQ553K7DY",
        "reactions": [
            {
                "name": "joy",
                "users": [
                    "UQ553K7DY"
                ],
                "count": 1
            }
        ]
    },
    {
        "client_msg_id": "7c082bbc-c98b-4b9d-bd95-fa55fb66d16a",
        "type": "message",
        "text": "Okay, lets go with 7:30 Bris \/ 8:30 Syd for next meeting. See how it goes, we can adjust later if needed.",
        "user": "UKTGLQNGG",
        "ts": "1601953062.032200",
        "team": "TKFJE6LDR",
        "user_team": "TKFJE6LDR",
        "source_team": "TKFJE6LDR",
        "user_profile": {
            "avatar_hash": "d6f4de222bb1",
            "image_72": "https:\/\/avatars.slack-edge.com\/2020-07-20\/1235580478119_d6f4de222bb1ed6b5960_72.jpg",
            "first_name": "Cameron",
            "real_name": "Cameron Shorter",
            "display_name": "cameronshorter",
            "team": "TKFJE6LDR",
            "name": "cameron.shorter",
            "is_restricted": false,
            "is_ultra_restricted": false
        },
        "blocks": [
            {
                "type": "rich_text",
                "block_id": "dlAyJ",
                "elements": [
                    {
                        "type": "rich_text_section",
                        "elements": [
                            {
                                "type": "text",
                                "text": "Okay, lets go with 7:30 Bris \/ 8:30 Syd for next meeting. See how it goes, we can adjust later if needed."
                            }
                        ]
                    }
                ]
            }
        ],
        "thread_ts": "1601952470.029300",
        "parent_user_id": "UQ553K7DY",
        "reactions": [
            {
                "name": "+1",
                "users": [
                    "UQ553K7DY"
                ],
                "count": 1
            }
        ]
    },
    {
        "client_msg_id": "57d6369d-226e-4ba6-9c6c-b9597caafdb5",
        "type": "message",
        "text": "The meeting invite that Cameron has shared changes my time to 2:30 AM. haha, I am pretty sure I would not be able to make that:grin:",
        "user": "U0170HMB87K",
        "ts": "1601963670.032600",
        "team": "TKFJE6LDR",
        "user_team": "TKFJE6LDR",
        "source_team": "TKFJE6LDR",
        "user_profile": {
            "avatar_hash": "f39553b0636b",
            "image_72": "https:\/\/avatars.slack-edge.com\/2020-07-22\/1249269540710_f39553b0636b29704992_72.jpg",
            "first_name": "",
            "real_name": "Ankita",
            "display_name": "Ankita",
            "team": "TKFJE6LDR",
            "name": "ankitatripathi.2312",
            "is_restricted": false,
            "is_ultra_restricted": false
        },
        "blocks": [
            {
                "type": "rich_text",
                "block_id": "5mUj",
                "elements": [
                    {
                        "type": "rich_text_section",
                        "elements": [
                            {
                                "type": "text",
                                "text": "The meeting invite that Cameron has shared changes my time to 2:30 AM. haha, I am pretty sure I would not be able to make that"
                            },
                            {
                                "type": "emoji",
                                "name": "grin"
                            }
                        ]
                    }
                ]
            }
        ],
        "thread_ts": "1601952470.029300",
        "parent_user_id": "UQ553K7DY",
        "reactions": [
            {
                "name": "astonished",
                "users": [
                    "UQ553K7DY"
                ],
                "count": 1
            }
        ]
    },
    {
        "client_msg_id": "047d60bb-eae5-41fd-8b10-7a3314a6c69b",
        "type": "message",
        "text": "<@U0170HMB87K> I think you are looking at the US meeting timeslot invite. Check your APEC timeslot meeting, I suspect you will see it has moved by 1 hour.",
        "user": "UKTGLQNGG",
        "ts": "1601963881.032800",
        "team": "TKFJE6LDR",
        "user_team": "TKFJE6LDR",
        "source_team": "TKFJE6LDR",
        "user_profile": {
            "avatar_hash": "d6f4de222bb1",
            "image_72": "https:\/\/avatars.slack-edge.com\/2020-07-20\/1235580478119_d6f4de222bb1ed6b5960_72.jpg",
            "first_name": "Cameron",
            "real_name": "Cameron Shorter",
            "display_name": "cameronshorter",
            "team": "TKFJE6LDR",
            "name": "cameron.shorter",
            "is_restricted": false,
            "is_ultra_restricted": false
        },
        "blocks": [
            {
                "type": "rich_text",
                "block_id": "oJ2D4",
                "elements": [
                    {
                        "type": "rich_text_section",
                        "elements": [
                            {
                                "type": "user",
                                "user_id": "U0170HMB87K"
                            },
                            {
                                "type": "text",
                                "text": " I think you are looking at the US meeting timeslot invite. Check your APEC timeslot meeting, I suspect you will see it has moved by 1 hour."
                            }
                        ]
                    }
                ]
            }
        ],
        "thread_ts": "1601952470.029300",
        "parent_user_id": "UQ553K7DY"
    },
    {
        "client_msg_id": "77bab6ee-f16e-4b52-ae2f-eeaf2be2041f",
        "type": "message",
        "text": "Oh okay! So I received two mails for TheGoodDocs status meeting and glossary project. I just checked that. Rookie mistake. Sorry.\nI just checked my calendar and the meeting shows moved by an hour. Works for me. Thanks <@UKTGLQNGG>",
        "user": "U0170HMB87K",
        "ts": "1601964031.033000",
        "team": "TKFJE6LDR",
        "user_team": "TKFJE6LDR",
        "source_team": "TKFJE6LDR",
        "user_profile": {
            "avatar_hash": "f39553b0636b",
            "image_72": "https:\/\/avatars.slack-edge.com\/2020-07-22\/1249269540710_f39553b0636b29704992_72.jpg",
            "first_name": "",
            "real_name": "Ankita",
            "display_name": "Ankita",
            "team": "TKFJE6LDR",
            "name": "ankitatripathi.2312",
            "is_restricted": false,
            "is_ultra_restricted": false
        },
        "blocks": [
            {
                "type": "rich_text",
                "block_id": "vXCH",
                "elements": [
                    {
                        "type": "rich_text_section",
                        "elements": [
                            {
                                "type": "text",
                                "text": "Oh okay! So I received two mails for TheGoodDocs status meeting and glossary project. I just checked that. Rookie mistake. Sorry.\nI just checked my calendar and the meeting shows moved by an hour. Works for me. Thanks "
                            },
                            {
                                "type": "user",
                                "user_id": "UKTGLQNGG"
                            }
                        ]
                    }
                ]
            }
        ],
        "thread_ts": "1601952470.029300",
        "parent_user_id": "UQ553K7DY"
    }
]