[
    {
        "type": "message",
        "text": "in my research from earlier with roles\/team-perms I didn’t go through the _protected branch_ material.  You make a great point <@UKV4ZPEFQ> we could protect `master` and there are a series of rules we can pick from here",
        "files": [
            {
                "id": "F01CKR74125",
                "created": 1602151445,
                "timestamp": 1602151445,
                "name": "branch-rule-settings.png",
                "title": "branch-rule-settings.png",
                "mimetype": "image\/png",
                "filetype": "png",
                "pretty_type": "PNG",
                "user": "U012Y26QWNA",
                "editable": false,
                "size": 120218,
                "mode": "hosted",
                "is_external": false,
                "external_type": "",
                "is_public": true,
                "public_url_shared": false,
                "display_as_bot": false,
                "username": "",
                "url_private": "https:\/\/files.slack.com\/files-pri\/TKFJE6LDR-F01CKR74125\/branch-rule-settings.png?t=xoxe-661626224467-1569526674690-1562795895158-d39017af3b428bb8f8343c45199c28ef",
                "url_private_download": "https:\/\/files.slack.com\/files-pri\/TKFJE6LDR-F01CKR74125\/download\/branch-rule-settings.png?t=xoxe-661626224467-1569526674690-1562795895158-d39017af3b428bb8f8343c45199c28ef",
                "thumb_64": "https:\/\/files.slack.com\/files-tmb\/TKFJE6LDR-F01CKR74125-4d75c007c9\/branch-rule-settings_64.png?t=xoxe-661626224467-1569526674690-1562795895158-d39017af3b428bb8f8343c45199c28ef",
                "thumb_80": "https:\/\/files.slack.com\/files-tmb\/TKFJE6LDR-F01CKR74125-4d75c007c9\/branch-rule-settings_80.png?t=xoxe-661626224467-1569526674690-1562795895158-d39017af3b428bb8f8343c45199c28ef",
                "thumb_360": "https:\/\/files.slack.com\/files-tmb\/TKFJE6LDR-F01CKR74125-4d75c007c9\/branch-rule-settings_360.png?t=xoxe-661626224467-1569526674690-1562795895158-d39017af3b428bb8f8343c45199c28ef",
                "thumb_360_w": 360,
                "thumb_360_h": 267,
                "thumb_480": "https:\/\/files.slack.com\/files-tmb\/TKFJE6LDR-F01CKR74125-4d75c007c9\/branch-rule-settings_480.png?t=xoxe-661626224467-1569526674690-1562795895158-d39017af3b428bb8f8343c45199c28ef",
                "thumb_480_w": 480,
                "thumb_480_h": 356,
                "thumb_160": "https:\/\/files.slack.com\/files-tmb\/TKFJE6LDR-F01CKR74125-4d75c007c9\/branch-rule-settings_160.png?t=xoxe-661626224467-1569526674690-1562795895158-d39017af3b428bb8f8343c45199c28ef",
                "thumb_720": "https:\/\/files.slack.com\/files-tmb\/TKFJE6LDR-F01CKR74125-4d75c007c9\/branch-rule-settings_720.png?t=xoxe-661626224467-1569526674690-1562795895158-d39017af3b428bb8f8343c45199c28ef",
                "thumb_720_w": 720,
                "thumb_720_h": 534,
                "thumb_800": "https:\/\/files.slack.com\/files-tmb\/TKFJE6LDR-F01CKR74125-4d75c007c9\/branch-rule-settings_800.png?t=xoxe-661626224467-1569526674690-1562795895158-d39017af3b428bb8f8343c45199c28ef",
                "thumb_800_w": 800,
                "thumb_800_h": 593,
                "thumb_960": "https:\/\/files.slack.com\/files-tmb\/TKFJE6LDR-F01CKR74125-4d75c007c9\/branch-rule-settings_960.png?t=xoxe-661626224467-1569526674690-1562795895158-d39017af3b428bb8f8343c45199c28ef",
                "thumb_960_w": 960,
                "thumb_960_h": 712,
                "thumb_1024": "https:\/\/files.slack.com\/files-tmb\/TKFJE6LDR-F01CKR74125-4d75c007c9\/branch-rule-settings_1024.png?t=xoxe-661626224467-1569526674690-1562795895158-d39017af3b428bb8f8343c45199c28ef",
                "thumb_1024_w": 1024,
                "thumb_1024_h": 759,
                "original_w": 1867,
                "original_h": 1384,
                "thumb_tiny": "AwAjADDROc96Mn0NDde\/4UAe5oAXP1oz9aTp3pcH1oAPzpaTB9aXn1oAaevf8KUdO9Iev\/16MfX86AF\/OlpAPrS4oAKKMUYoATAPUUuBRRQAYooooAKKKKAP\/9k=",
                "permalink": "https:\/\/thegooddocs.slack.com\/files\/U012Y26QWNA\/F01CKR74125\/branch-rule-settings.png",
                "permalink_public": "https:\/\/slack-files.com\/TKFJE6LDR-F01CKR74125-edb114308a",
                "is_starred": false,
                "has_rich_preview": false
            }
        ],
        "upload": false,
        "blocks": [
            {
                "type": "rich_text",
                "block_id": "N3oR",
                "elements": [
                    {
                        "type": "rich_text_section",
                        "elements": [
                            {
                                "type": "text",
                                "text": "in my research from earlier with roles\/team-perms I didn’t go through the "
                            },
                            {
                                "type": "text",
                                "text": "protected branch",
                                "style": {
                                    "italic": true
                                }
                            },
                            {
                                "type": "text",
                                "text": " material.  You make a great point "
                            },
                            {
                                "type": "user",
                                "user_id": "UKV4ZPEFQ"
                            },
                            {
                                "type": "text",
                                "text": " we could protect "
                            },
                            {
                                "type": "text",
                                "text": "master",
                                "style": {
                                    "code": true
                                }
                            },
                            {
                                "type": "text",
                                "text": " and there are a series of rules we can pick from here"
                            }
                        ]
                    }
                ]
            }
        ],
        "user": "U012Y26QWNA",
        "display_as_bot": false,
        "ts": "1602151451.051600",
        "thread_ts": "1602099937.039400",
        "parent_user_id": "UKTGLQNGG"
    },
    {
        "client_msg_id": "d6bb1f9d-286b-4c0a-9279-97c3653d7822",
        "type": "message",
        "text": "I think the first option would suffice for now ‘*Require pull request reviews before merging*’  — it aligns with our current process which is open a PR and get it approved.  This makes it more official I guess :slightly_smiling_face:",
        "user": "U012Y26QWNA",
        "ts": "1602151562.052000",
        "team": "TKFJE6LDR",
        "user_team": "TKFJE6LDR",
        "source_team": "TKFJE6LDR",
        "user_profile": {
            "avatar_hash": "b91365ff7b22",
            "image_72": "https:\/\/avatars.slack-edge.com\/2020-05-06\/1092095570535_b91365ff7b22e688f785_72.jpg",
            "first_name": "",
            "real_name": "Morgan Craft",
            "display_name": "Morgan Craft",
            "team": "TKFJE6LDR",
            "name": "morgan",
            "is_restricted": false,
            "is_ultra_restricted": false
        },
        "blocks": [
            {
                "type": "rich_text",
                "block_id": "wRs5O",
                "elements": [
                    {
                        "type": "rich_text_section",
                        "elements": [
                            {
                                "type": "text",
                                "text": "I think the first option would suffice for now ‘"
                            },
                            {
                                "type": "text",
                                "text": "Require pull request reviews before merging",
                                "style": {
                                    "bold": true
                                }
                            },
                            {
                                "type": "text",
                                "text": "’  — it aligns with our current process which is open a PR and get it approved.  This makes it more official I guess "
                            },
                            {
                                "type": "emoji",
                                "name": "slightly_smiling_face"
                            }
                        ]
                    }
                ]
            }
        ],
        "thread_ts": "1602099937.039400",
        "parent_user_id": "UKTGLQNGG"
    },
    {
        "type": "message",
        "text": "Hi team, in line with GitHub's recent <https:\/\/github.com\/github\/renaming|inclusive language change>, I went ahead and changed 'master' to 'main' on the home page of our website.",
        "files": [
            {
                "id": "F01C8TLQJ3U",
                "created": 1602190797,
                "timestamp": 1602190797,
                "name": "image.png",
                "title": "image.png",
                "mimetype": "image\/png",
                "filetype": "png",
                "pretty_type": "PNG",
                "user": "UKV4ZPEFQ",
                "editable": false,
                "size": 29362,
                "mode": "hosted",
                "is_external": false,
                "external_type": "",
                "is_public": true,
                "public_url_shared": false,
                "display_as_bot": false,
                "username": "",
                "url_private": "https:\/\/files.slack.com\/files-pri\/TKFJE6LDR-F01C8TLQJ3U\/image.png?t=xoxe-661626224467-1569526674690-1562795895158-d39017af3b428bb8f8343c45199c28ef",
                "url_private_download": "https:\/\/files.slack.com\/files-pri\/TKFJE6LDR-F01C8TLQJ3U\/download\/image.png?t=xoxe-661626224467-1569526674690-1562795895158-d39017af3b428bb8f8343c45199c28ef",
                "thumb_64": "https:\/\/files.slack.com\/files-tmb\/TKFJE6LDR-F01C8TLQJ3U-d3c78ebe73\/image_64.png?t=xoxe-661626224467-1569526674690-1562795895158-d39017af3b428bb8f8343c45199c28ef",
                "thumb_80": "https:\/\/files.slack.com\/files-tmb\/TKFJE6LDR-F01C8TLQJ3U-d3c78ebe73\/image_80.png?t=xoxe-661626224467-1569526674690-1562795895158-d39017af3b428bb8f8343c45199c28ef",
                "thumb_360": "https:\/\/files.slack.com\/files-tmb\/TKFJE6LDR-F01C8TLQJ3U-d3c78ebe73\/image_360.png?t=xoxe-661626224467-1569526674690-1562795895158-d39017af3b428bb8f8343c45199c28ef",
                "thumb_360_w": 360,
                "thumb_360_h": 132,
                "thumb_480": "https:\/\/files.slack.com\/files-tmb\/TKFJE6LDR-F01C8TLQJ3U-d3c78ebe73\/image_480.png?t=xoxe-661626224467-1569526674690-1562795895158-d39017af3b428bb8f8343c45199c28ef",
                "thumb_480_w": 480,
                "thumb_480_h": 175,
                "thumb_160": "https:\/\/files.slack.com\/files-tmb\/TKFJE6LDR-F01C8TLQJ3U-d3c78ebe73\/image_160.png?t=xoxe-661626224467-1569526674690-1562795895158-d39017af3b428bb8f8343c45199c28ef",
                "thumb_720": "https:\/\/files.slack.com\/files-tmb\/TKFJE6LDR-F01C8TLQJ3U-d3c78ebe73\/image_720.png?t=xoxe-661626224467-1569526674690-1562795895158-d39017af3b428bb8f8343c45199c28ef",
                "thumb_720_w": 720,
                "thumb_720_h": 263,
                "original_w": 780,
                "original_h": 285,
                "thumb_tiny": "AwARADDQ6f8A66TB9KGA3dB+VGaADB9P1pQD6UZ+tGfrQAY9qOeRijPHWnDPU8e1AC0UUUAFFFFABRRRQB\/\/2Q==",
                "permalink": "https:\/\/thegooddocs.slack.com\/files\/UKV4ZPEFQ\/F01C8TLQJ3U\/image.png",
                "permalink_public": "https:\/\/slack-files.com\/TKFJE6LDR-F01C8TLQJ3U-8d9a34a3e8",
                "is_starred": false,
                "has_rich_preview": false
            }
        ],
        "upload": false,
        "blocks": [
            {
                "type": "rich_text",
                "block_id": "RXex",
                "elements": [
                    {
                        "type": "rich_text_section",
                        "elements": [
                            {
                                "type": "text",
                                "text": "Hi team, in line with GitHub's recent "
                            },
                            {
                                "type": "link",
                                "url": "https:\/\/github.com\/github\/renaming",
                                "text": "inclusive language change"
                            },
                            {
                                "type": "text",
                                "text": ", I went ahead and changed 'master' to 'main' on the home page of our website."
                            }
                        ]
                    }
                ]
            }
        ],
        "user": "UKV4ZPEFQ",
        "display_as_bot": false,
        "ts": "1602190865.052900",
        "thread_ts": "1602190865.052900",
        "reply_count": 3,
        "reply_users_count": 3,
        "latest_reply": "1602196210.055800",
        "reply_users": [
            "U012Y26QWNA",
            "U012KCMPP0V",
            "UL2AA1FF1"
        ],
        "replies": [
            {
                "user": "U012Y26QWNA",
                "ts": "1602192640.055100"
            },
            {
                "user": "U012KCMPP0V",
                "ts": "1602192819.055400"
            },
            {
                "user": "UL2AA1FF1",
                "ts": "1602196210.055800"
            }
        ],
        "subscribed": true,
        "last_read": "1602190865.052900",
        "reactions": [
            {
                "name": "100",
                "users": [
                    "U012Y26QWNA",
                    "UL2AA1FF1"
                ],
                "count": 2
            },
            {
                "name": "tada",
                "users": [
                    "UL2AA1FF1"
                ],
                "count": 1
            },
            {
                "name": "thankyou",
                "users": [
                    "UL2AA1FF1",
                    "UQ553K7DY",
                    "UKTGLQNGG"
                ],
                "count": 3
            }
        ]
    },
    {
        "client_msg_id": "0d8f6add-6f40-40f9-9270-ef111dd6da1d",
        "type": "message",
        "text": "Rest assured, though, I won't be able to directly commit changes anymore :wink: because <@U012Y26QWNA> and I worked out we can make the main branch of the website `protected` and specify that a PR is required.\n<https:\/\/thegooddocs.slack.com\/archives\/CQT6T04CW\/p1602151562052000?thread_ts=1602099937.039400&amp;cid=CQT6T04CW>",
        "user": "UKV4ZPEFQ",
        "ts": "1602192144.054700",
        "team": "TKFJE6LDR",
        "user_team": "TKFJE6LDR",
        "source_team": "TKFJE6LDR",
        "user_profile": {
            "avatar_hash": "g854c628ef64",
            "image_72": "https:\/\/secure.gravatar.com\/avatar\/6854c628ef64a4c129a994522e17cdf2.jpg?s=72&d=https%3A%2F%2Fa.slack-edge.com%2Fdf10d%2Fimg%2Favatars%2Fava_0007-72.png",
            "first_name": "felicitybrand",
            "real_name": "felicitybrand",
            "display_name": "flicstar",
            "team": "TKFJE6LDR",
            "name": "felicitybrand",
            "is_restricted": false,
            "is_ultra_restricted": false
        },
        "edited": {
            "user": "UKV4ZPEFQ",
            "ts": "1602192166.000000"
        },
        "attachments": [
            {
                "from_url": "https:\/\/thegooddocs.slack.com\/archives\/CQT6T04CW\/p1602151562052000?thread_ts=1602099937.039400&amp;cid=CQT6T04CW",
                "fallback": "[October 8th, 2020 3:06 AM] morgan: I think the first option would suffice for now ‘*Require pull request reviews before merging*’  — it aligns with our current process which is open a PR and get it approved.  This makes it more official I guess :slightly_smiling_face:",
                "ts": "1602151562.052000",
                "author_id": "U012Y26QWNA",
                "author_subname": "Morgan Craft",
                "channel_id": "CQT6T04CW",
                "channel_name": "general",
                "is_msg_unfurl": true,
                "is_reply_unfurl": true,
                "text": "I think the first option would suffice for now ‘*Require pull request reviews before merging*’  — it aligns with our current process which is open a PR and get it approved.  This makes it more official I guess :slightly_smiling_face:",
                "author_name": "Morgan Craft",
                "author_link": "https:\/\/thegooddocs.slack.com\/team\/U012Y26QWNA",
                "author_icon": "https:\/\/avatars.slack-edge.com\/2020-05-06\/1092095570535_b91365ff7b22e688f785_48.jpg",
                "mrkdwn_in": [
                    "text"
                ],
                "id": 1,
                "original_url": "https:\/\/thegooddocs.slack.com\/archives\/CQT6T04CW\/p1602151562052000?thread_ts=1602099937.039400&amp;cid=CQT6T04CW",
                "footer": "From a thread in #general"
            }
        ],
        "blocks": [
            {
                "type": "rich_text",
                "block_id": "B369p",
                "elements": [
                    {
                        "type": "rich_text_section",
                        "elements": [
                            {
                                "type": "text",
                                "text": "Rest assured, though, I won't be able to directly commit changes anymore "
                            },
                            {
                                "type": "emoji",
                                "name": "wink"
                            },
                            {
                                "type": "text",
                                "text": " because "
                            },
                            {
                                "type": "user",
                                "user_id": "U012Y26QWNA"
                            },
                            {
                                "type": "text",
                                "text": " and I worked out we can make the main branch of the website "
                            },
                            {
                                "type": "text",
                                "text": "protected",
                                "style": {
                                    "code": true
                                }
                            },
                            {
                                "type": "text",
                                "text": " and specify that a PR is required.\n"
                            },
                            {
                                "type": "link",
                                "url": "https:\/\/thegooddocs.slack.com\/archives\/CQT6T04CW\/p1602151562052000?thread_ts=1602099937.039400&cid=CQT6T04CW"
                            }
                        ]
                    }
                ]
            }
        ]
    },
    {
        "client_msg_id": "df6e7142-3d72-4396-a2a3-f35bbbeb5eb3",
        "type": "message",
        "text": "i’d heard this debate for awhile — but knew until github actually backed it then it would never happen.  good to see they are making it a reality now.",
        "user": "U012Y26QWNA",
        "ts": "1602192640.055100",
        "team": "TKFJE6LDR",
        "user_team": "TKFJE6LDR",
        "source_team": "TKFJE6LDR",
        "user_profile": {
            "avatar_hash": "b91365ff7b22",
            "image_72": "https:\/\/avatars.slack-edge.com\/2020-05-06\/1092095570535_b91365ff7b22e688f785_72.jpg",
            "first_name": "",
            "real_name": "Morgan Craft",
            "display_name": "Morgan Craft",
            "team": "TKFJE6LDR",
            "name": "morgan",
            "is_restricted": false,
            "is_ultra_restricted": false
        },
        "blocks": [
            {
                "type": "rich_text",
                "block_id": "6qoBl",
                "elements": [
                    {
                        "type": "rich_text_section",
                        "elements": [
                            {
                                "type": "text",
                                "text": "i’d heard this debate for awhile — but knew until github actually backed it then it would never happen.  good to see they are making it a reality now."
                            }
                        ]
                    }
                ]
            }
        ],
        "thread_ts": "1602190865.052900",
        "parent_user_id": "UKV4ZPEFQ",
        "reactions": [
            {
                "name": "100",
                "users": [
                    "UQ553K7DY"
                ],
                "count": 1
            }
        ]
    },
    {
        "client_msg_id": "62e5c6e7-f686-4810-a445-6b874c33032a",
        "type": "message",
        "text": "I also applaud the change. :slightly_smiling_face:",
        "user": "U012KCMPP0V",
        "ts": "1602192819.055400",
        "team": "TKFJE6LDR",
        "user_team": "TKFJE6LDR",
        "source_team": "TKFJE6LDR",
        "user_profile": {
            "avatar_hash": "b26729f0b5f2",
            "image_72": "https:\/\/avatars.slack-edge.com\/2020-04-27\/1089031639347_b26729f0b5f2375494a1_72.png",
            "first_name": "Alyssa",
            "real_name": "Alyssa",
            "display_name": "Alyssa",
            "team": "TKFJE6LDR",
            "name": "alyssa.rock.biz",
            "is_restricted": false,
            "is_ultra_restricted": false
        },
        "blocks": [
            {
                "type": "rich_text",
                "block_id": "OBE",
                "elements": [
                    {
                        "type": "rich_text_section",
                        "elements": [
                            {
                                "type": "text",
                                "text": "I also applaud the change. "
                            },
                            {
                                "type": "emoji",
                                "name": "slightly_smiling_face"
                            }
                        ]
                    }
                ]
            }
        ],
        "thread_ts": "1602190865.052900",
        "parent_user_id": "UKV4ZPEFQ"
    },
    {
        "client_msg_id": "21881cd2-7948-4954-8043-5637e13a6613",
        "type": "message",
        "text": "Thank you!",
        "user": "UL2AA1FF1",
        "ts": "1602196210.055800",
        "team": "TKFJE6LDR",
        "user_team": "TKFJE6LDR",
        "source_team": "TKFJE6LDR",
        "user_profile": {
            "avatar_hash": "22135067b36d",
            "image_72": "https:\/\/avatars.slack-edge.com\/2019-10-23\/805254797908_22135067b36dfb715e99_72.jpg",
            "first_name": "",
            "real_name": "Erin McKean",
            "display_name": "Erin McKean",
            "team": "TKFJE6LDR",
            "name": "emckean",
            "is_restricted": false,
            "is_ultra_restricted": false
        },
        "blocks": [
            {
                "type": "rich_text",
                "block_id": "XBt5X",
                "elements": [
                    {
                        "type": "rich_text_section",
                        "elements": [
                            {
                                "type": "text",
                                "text": "Thank you!"
                            }
                        ]
                    }
                ]
            }
        ],
        "thread_ts": "1602190865.052900",
        "parent_user_id": "UKV4ZPEFQ"
    },
    {
        "client_msg_id": "66680404-22cb-49d8-bb8e-27a83bd775f9",
        "type": "message",
        "text": "This is now done. A PR is required and I included admins in the rule. We'll see if it works.",
        "user": "UKV4ZPEFQ",
        "ts": "1602196484.056100",
        "team": "TKFJE6LDR",
        "user_team": "TKFJE6LDR",
        "source_team": "TKFJE6LDR",
        "user_profile": {
            "avatar_hash": "g854c628ef64",
            "image_72": "https:\/\/secure.gravatar.com\/avatar\/6854c628ef64a4c129a994522e17cdf2.jpg?s=72&d=https%3A%2F%2Fa.slack-edge.com%2Fdf10d%2Fimg%2Favatars%2Fava_0007-72.png",
            "first_name": "felicitybrand",
            "real_name": "felicitybrand",
            "display_name": "flicstar",
            "team": "TKFJE6LDR",
            "name": "felicitybrand",
            "is_restricted": false,
            "is_ultra_restricted": false
        },
        "blocks": [
            {
                "type": "rich_text",
                "block_id": "71x",
                "elements": [
                    {
                        "type": "rich_text_section",
                        "elements": [
                            {
                                "type": "text",
                                "text": "This is now done. A PR is required and I included admins in the rule. We'll see if it works."
                            }
                        ]
                    }
                ]
            }
        ],
        "thread_ts": "1602099937.039400",
        "parent_user_id": "UKTGLQNGG"
    }
]