[
    {
        "client_msg_id": "b4edb8c6-f129-4f2d-9ace-0da42b8c373c",
        "type": "message",
        "text": "APEC Meeting timeslot now: <https:\/\/meet.google.com\/nuj-qvxw-vvt?authuser=0>",
        "user": "UKTGLQNGG",
        "ts": "1601461761.007000",
        "team": "TKFJE6LDR",
        "user_team": "TKFJE6LDR",
        "source_team": "TKFJE6LDR",
        "user_profile": {
            "avatar_hash": "d6f4de222bb1",
            "image_72": "https:\/\/avatars.slack-edge.com\/2020-07-20\/1235580478119_d6f4de222bb1ed6b5960_72.jpg",
            "first_name": "Cameron",
            "real_name": "Cameron Shorter",
            "display_name": "cameronshorter",
            "team": "TKFJE6LDR",
            "name": "cameron.shorter",
            "is_restricted": false,
            "is_ultra_restricted": false
        },
        "attachments": [
            {
                "title": "Meet",
                "title_link": "https:\/\/meet.google.com\/nuj-qvxw-vvt?authuser=0",
                "text": "Real-time meetings by Google. Using your browser, share your video, desktop, and presentations with teammates and customers.",
                "fallback": "Meet",
                "thumb_url": "https:\/\/www.gstatic.com\/images\/branding\/product\/2x\/meet_96dp.png",
                "from_url": "https:\/\/meet.google.com\/nuj-qvxw-vvt?authuser=0",
                "thumb_width": 192,
                "thumb_height": 192,
                "service_icon": "http:\/\/www.gstatic.com\/images\/branding\/product\/1x\/meet_16dp.png",
                "service_name": "meet.google.com",
                "id": 1,
                "original_url": "https:\/\/meet.google.com\/nuj-qvxw-vvt?authuser=0"
            }
        ],
        "blocks": [
            {
                "type": "rich_text",
                "block_id": "La=",
                "elements": [
                    {
                        "type": "rich_text_section",
                        "elements": [
                            {
                                "type": "text",
                                "text": "APEC Meeting timeslot now: "
                            },
                            {
                                "type": "link",
                                "url": "https:\/\/meet.google.com\/nuj-qvxw-vvt?authuser=0"
                            }
                        ]
                    }
                ]
            }
        ],
        "thread_ts": "1601461761.007000",
        "reply_count": 2,
        "reply_users_count": 2,
        "latest_reply": "1601462206.007400",
        "reply_users": [
            "U0170HMB87K",
            "UKTGLQNGG"
        ],
        "replies": [
            {
                "user": "U0170HMB87K",
                "ts": "1601462168.007200"
            },
            {
                "user": "UKTGLQNGG",
                "ts": "1601462206.007400"
            }
        ],
        "subscribed": false
    },
    {
        "client_msg_id": "3c33e802-5225-48ac-9256-d243f1ce15d5",
        "type": "message",
        "text": "Sorry, Cameron. Would definitely attend the next one. Still stuck at the hospital.",
        "user": "U0170HMB87K",
        "ts": "1601462168.007200",
        "team": "TKFJE6LDR",
        "user_team": "TKFJE6LDR",
        "source_team": "TKFJE6LDR",
        "user_profile": {
            "avatar_hash": "f39553b0636b",
            "image_72": "https:\/\/avatars.slack-edge.com\/2020-07-22\/1249269540710_f39553b0636b29704992_72.jpg",
            "first_name": "",
            "real_name": "Ankita",
            "display_name": "Ankita",
            "team": "TKFJE6LDR",
            "name": "ankitatripathi.2312",
            "is_restricted": false,
            "is_ultra_restricted": false
        },
        "blocks": [
            {
                "type": "rich_text",
                "block_id": "nqmwC",
                "elements": [
                    {
                        "type": "rich_text_section",
                        "elements": [
                            {
                                "type": "text",
                                "text": "Sorry, Cameron. Would definitely attend the next one. Still stuck at the hospital."
                            }
                        ]
                    }
                ]
            }
        ],
        "thread_ts": "1601461761.007000",
        "parent_user_id": "UKTGLQNGG"
    },
    {
        "client_msg_id": "262a55d8-8e3a-4c62-a50c-17915e7b5a34",
        "type": "message",
        "text": "okay",
        "user": "UKTGLQNGG",
        "ts": "1601462206.007400",
        "team": "TKFJE6LDR",
        "user_team": "TKFJE6LDR",
        "source_team": "TKFJE6LDR",
        "user_profile": {
            "avatar_hash": "d6f4de222bb1",
            "image_72": "https:\/\/avatars.slack-edge.com\/2020-07-20\/1235580478119_d6f4de222bb1ed6b5960_72.jpg",
            "first_name": "Cameron",
            "real_name": "Cameron Shorter",
            "display_name": "cameronshorter",
            "team": "TKFJE6LDR",
            "name": "cameron.shorter",
            "is_restricted": false,
            "is_ultra_restricted": false
        },
        "blocks": [
            {
                "type": "rich_text",
                "block_id": "9W7",
                "elements": [
                    {
                        "type": "rich_text_section",
                        "elements": [
                            {
                                "type": "text",
                                "text": "okay"
                            }
                        ]
                    }
                ]
            }
        ],
        "thread_ts": "1601461761.007000",
        "parent_user_id": "UKTGLQNGG"
    },
    {
        "client_msg_id": "aa608a8e-b212-417b-9b04-754d77374a56",
        "type": "message",
        "text": "Great to have you along <@U01BGCZ42GJ>",
        "user": "UKVC4NB71",
        "ts": "1601463125.007600",
        "team": "TKFJE6LDR",
        "user_team": "TKFJE6LDR",
        "source_team": "TKFJE6LDR",
        "user_profile": {
            "avatar_hash": "c7d9788d4436",
            "image_72": "https:\/\/avatars.slack-edge.com\/2019-10-30\/814314609877_c7d9788d4436969613a7_72.jpg",
            "first_name": "Jared",
            "real_name": "Jared Morgan",
            "display_name": "jaredmorgs",
            "team": "TKFJE6LDR",
            "name": "jaredleonmorgan",
            "is_restricted": false,
            "is_ultra_restricted": false
        },
        "blocks": [
            {
                "type": "rich_text",
                "block_id": "r83",
                "elements": [
                    {
                        "type": "rich_text_section",
                        "elements": [
                            {
                                "type": "text",
                                "text": "Great to have you along "
                            },
                            {
                                "type": "user",
                                "user_id": "U01BGCZ42GJ"
                            }
                        ]
                    }
                ]
            }
        ],
        "thread_ts": "1601275645.002700",
        "parent_user_id": "U01BGCZ42GJ"
    },
    {
        "client_msg_id": "96233866-530c-488c-9a12-fecf51fcee13",
        "type": "message",
        "text": "<@UQ553K7DY> Found a second had copy of that book on Amazon for €3.80. So ordered it :slightly_smiling_face:",
        "user": "U014V7JDGPM",
        "ts": "1601468398.008300",
        "team": "TKFJE6LDR",
        "user_team": "TKFJE6LDR",
        "source_team": "TKFJE6LDR",
        "user_profile": {
            "avatar_hash": "g35a44b69ae5",
            "image_72": "https:\/\/secure.gravatar.com\/avatar\/35a44b69ae5c2c1d250216f8ccc9d67c.jpg?s=72&d=https%3A%2F%2Fa.slack-edge.com%2Fdf10d%2Fimg%2Favatars%2Fava_0019-72.png",
            "first_name": "",
            "real_name": "ChrisChinchilla",
            "display_name": "ChrisChinchilla",
            "team": "TKFJE6LDR",
            "name": "chris",
            "is_restricted": false,
            "is_ultra_restricted": false
        },
        "blocks": [
            {
                "type": "rich_text",
                "block_id": "unEBw",
                "elements": [
                    {
                        "type": "rich_text_section",
                        "elements": [
                            {
                                "type": "user",
                                "user_id": "UQ553K7DY"
                            },
                            {
                                "type": "text",
                                "text": " Found a second had copy of that book on Amazon for €3.80. So ordered it "
                            },
                            {
                                "type": "emoji",
                                "name": "slightly_smiling_face"
                            }
                        ]
                    }
                ]
            }
        ],
        "thread_ts": "1601468398.008300",
        "reply_count": 2,
        "reply_users_count": 1,
        "latest_reply": "1601649107.022600",
        "reply_users": [
            "U014V7JDGPM"
        ],
        "replies": [
            {
                "user": "U014V7JDGPM",
                "ts": "1601649076.022400"
            },
            {
                "user": "U014V7JDGPM",
                "ts": "1601649107.022600"
            }
        ],
        "subscribed": false,
        "reactions": [
            {
                "name": "tada",
                "users": [
                    "UQ553K7DY"
                ],
                "count": 1
            }
        ]
    },
    {
        "client_msg_id": "2c648fa2-1e15-427f-a538-d052a04717b7",
        "type": "message",
        "text": "I created a new channel called <#C01BX592BDJ|topical> as a place to share links to cool stuff - rather than them getting lost in the noise of <#CQT6T04CW|general>. Please join.",
        "user": "UKV4ZPEFQ",
        "ts": "1601505576.009500",
        "team": "TKFJE6LDR",
        "user_team": "TKFJE6LDR",
        "source_team": "TKFJE6LDR",
        "user_profile": {
            "avatar_hash": "g854c628ef64",
            "image_72": "https:\/\/secure.gravatar.com\/avatar\/6854c628ef64a4c129a994522e17cdf2.jpg?s=72&d=https%3A%2F%2Fa.slack-edge.com%2Fdf10d%2Fimg%2Favatars%2Fava_0007-72.png",
            "first_name": "felicitybrand",
            "real_name": "felicitybrand",
            "display_name": "flicstar",
            "team": "TKFJE6LDR",
            "name": "felicitybrand",
            "is_restricted": false,
            "is_ultra_restricted": false
        },
        "edited": {
            "user": "UKV4ZPEFQ",
            "ts": "1601505718.000000"
        },
        "blocks": [
            {
                "type": "rich_text",
                "block_id": "a=o",
                "elements": [
                    {
                        "type": "rich_text_section",
                        "elements": [
                            {
                                "type": "text",
                                "text": "I created a new channel called "
                            },
                            {
                                "type": "channel",
                                "channel_id": "C01BX592BDJ"
                            },
                            {
                                "type": "text",
                                "text": " as a place to share links to cool stuff - rather than them getting lost in the noise of "
                            },
                            {
                                "type": "channel",
                                "channel_id": "CQT6T04CW"
                            },
                            {
                                "type": "text",
                                "text": ". Please join."
                            }
                        ]
                    }
                ]
            }
        ],
        "reactions": [
            {
                "name": "+1",
                "users": [
                    "UQ553K7DY",
                    "UL2AA1FF1"
                ],
                "count": 2
            }
        ]
    },
    {
        "client_msg_id": "311e7fbf-63c5-493a-a9e5-b1c9f6621fe0",
        "type": "message",
        "text": "Greetings! I found this workspace via the Write The Docs workspace. I’m an API technical writer for Splunk.",
        "user": "U01BH20SXHC",
        "ts": "1601506509.010400",
        "team": "TKFJE6LDR",
        "user_team": "TKFJE6LDR",
        "source_team": "TKFJE6LDR",
        "user_profile": {
            "avatar_hash": "4f8654b0f60e",
            "image_72": "https:\/\/avatars.slack-edge.com\/2020-09-30\/1399240189235_4f8654b0f60e95054754_72.jpg",
            "first_name": "Joe",
            "real_name": "Joe Malin",
            "display_name": "Joe Malin",
            "team": "TKFJE6LDR",
            "name": "jmalin",
            "is_restricted": false,
            "is_ultra_restricted": false
        },
        "blocks": [
            {
                "type": "rich_text",
                "block_id": "BMr",
                "elements": [
                    {
                        "type": "rich_text_section",
                        "elements": [
                            {
                                "type": "text",
                                "text": "Greetings! I found this workspace via the Write The Docs workspace. I’m an API technical writer for Splunk."
                            }
                        ]
                    }
                ]
            }
        ],
        "thread_ts": "1601506509.010400",
        "reply_count": 2,
        "reply_users_count": 2,
        "latest_reply": "1601565363.019300",
        "reply_users": [
            "U012KCMPP0V",
            "U01BH20SXHC"
        ],
        "replies": [
            {
                "user": "U012KCMPP0V",
                "ts": "1601562409.019100"
            },
            {
                "user": "U01BH20SXHC",
                "ts": "1601565363.019300"
            }
        ],
        "subscribed": false,
        "reactions": [
            {
                "name": "wave",
                "users": [
                    "UKV4ZPEFQ",
                    "UQ553K7DY",
                    "U0170HMB87K",
                    "UL2AA1FF1"
                ],
                "count": 4
            }
        ]
    },
    {
        "client_msg_id": "1e4b36df-96e7-4aa2-b5c0-0598dd27e0fb",
        "type": "message",
        "text": "Hey there Joe. Great to have you along for the ride.",
        "user": "UKVC4NB71",
        "ts": "1601506531.010700",
        "team": "TKFJE6LDR",
        "user_team": "TKFJE6LDR",
        "source_team": "TKFJE6LDR",
        "user_profile": {
            "avatar_hash": "c7d9788d4436",
            "image_72": "https:\/\/avatars.slack-edge.com\/2019-10-30\/814314609877_c7d9788d4436969613a7_72.jpg",
            "first_name": "Jared",
            "real_name": "Jared Morgan",
            "display_name": "jaredmorgs",
            "team": "TKFJE6LDR",
            "name": "jaredleonmorgan",
            "is_restricted": false,
            "is_ultra_restricted": false
        },
        "blocks": [
            {
                "type": "rich_text",
                "block_id": "d=U",
                "elements": [
                    {
                        "type": "rich_text_section",
                        "elements": [
                            {
                                "type": "text",
                                "text": "Hey there Joe. Great to have you along for the ride."
                            }
                        ]
                    }
                ]
            }
        ]
    },
    {
        "client_msg_id": "dad4dc19-1174-419d-ab03-194b790f09c0",
        "type": "message",
        "text": "In today's meeting, <@UQ553K7DY> shared her screen and demonstrated the 'suggestion' feature on GitHub. In hindsight we should have recorded that - oh well :woman-shrugging:\nA quick google found this page with very helpful description and screenshots. Cool to know that GitHub credits you as a co-committer for accepted changes.\n<https:\/\/haacked.com\/archive\/2019\/06\/03\/suggested-changes\/>",
        "user": "UKV4ZPEFQ",
        "ts": "1601533189.013700",
        "team": "TKFJE6LDR",
        "user_team": "TKFJE6LDR",
        "source_team": "TKFJE6LDR",
        "user_profile": {
            "avatar_hash": "g854c628ef64",
            "image_72": "https:\/\/secure.gravatar.com\/avatar\/6854c628ef64a4c129a994522e17cdf2.jpg?s=72&d=https%3A%2F%2Fa.slack-edge.com%2Fdf10d%2Fimg%2Favatars%2Fava_0007-72.png",
            "first_name": "felicitybrand",
            "real_name": "felicitybrand",
            "display_name": "flicstar",
            "team": "TKFJE6LDR",
            "name": "felicitybrand",
            "is_restricted": false,
            "is_ultra_restricted": false
        },
        "attachments": [
            {
                "service_name": "You’ve Been Haacked",
                "title": "Suggesting Changes on GitHub",
                "title_link": "https:\/\/haacked.com\/archive\/2019\/06\/03\/suggested-changes\/",
                "text": "A little known but very useful feature on GitHub that provides a lightweight way to suggest a small change.",
                "fallback": "You’ve Been Haacked: Suggesting Changes on GitHub",
                "thumb_url": "https:\/\/user-images.githubusercontent.com\/19977\/58752991-f39d0880-846c-11e9-8c03-c7aded86ee9b.png",
                "ts": 1559520000,
                "from_url": "https:\/\/haacked.com\/archive\/2019\/06\/03\/suggested-changes\/",
                "thumb_width": 1200,
                "thumb_height": 570,
                "service_icon": "https:\/\/haacked.com\/favicon.ico",
                "id": 1,
                "original_url": "https:\/\/haacked.com\/archive\/2019\/06\/03\/suggested-changes\/"
            }
        ],
        "blocks": [
            {
                "type": "rich_text",
                "block_id": "B=z",
                "elements": [
                    {
                        "type": "rich_text_section",
                        "elements": [
                            {
                                "type": "text",
                                "text": "In today's meeting, "
                            },
                            {
                                "type": "user",
                                "user_id": "UQ553K7DY"
                            },
                            {
                                "type": "text",
                                "text": " shared her screen and demonstrated the 'suggestion' feature on GitHub. In hindsight we should have recorded that - oh well "
                            },
                            {
                                "type": "emoji",
                                "name": "woman-shrugging"
                            },
                            {
                                "type": "text",
                                "text": "\nA quick google found this page with very helpful description and screenshots. Cool to know that GitHub credits you as a co-committer for accepted changes.\n"
                            },
                            {
                                "type": "link",
                                "url": "https:\/\/haacked.com\/archive\/2019\/06\/03\/suggested-changes\/"
                            }
                        ]
                    }
                ]
            }
        ]
    },
    {
        "client_msg_id": "c59c07a0-ad9b-457d-855b-115174229cde",
        "type": "message",
        "text": "I feel like this should be the default, rather than hiding in plain sight behind that tiny icon.",
        "user": "UKV4ZPEFQ",
        "ts": "1601533298.014300",
        "team": "TKFJE6LDR",
        "user_team": "TKFJE6LDR",
        "source_team": "TKFJE6LDR",
        "user_profile": {
            "avatar_hash": "g854c628ef64",
            "image_72": "https:\/\/secure.gravatar.com\/avatar\/6854c628ef64a4c129a994522e17cdf2.jpg?s=72&d=https%3A%2F%2Fa.slack-edge.com%2Fdf10d%2Fimg%2Favatars%2Fava_0007-72.png",
            "first_name": "felicitybrand",
            "real_name": "felicitybrand",
            "display_name": "flicstar",
            "team": "TKFJE6LDR",
            "name": "felicitybrand",
            "is_restricted": false,
            "is_ultra_restricted": false
        },
        "blocks": [
            {
                "type": "rich_text",
                "block_id": "\/a6\/8",
                "elements": [
                    {
                        "type": "rich_text_section",
                        "elements": [
                            {
                                "type": "text",
                                "text": "I feel like this should be the default, rather than hiding in plain sight behind that tiny icon."
                            }
                        ]
                    }
                ]
            }
        ]
    },
    {
        "client_msg_id": "e5574937-a94b-4cb1-aa3b-35691d2125f2",
        "type": "message",
        "text": "it's a fairly new feature, i remember when it landed and we all got very excited :joy:",
        "user": "UQ553K7DY",
        "ts": "1601533924.014800",
        "team": "TKFJE6LDR",
        "user_team": "TKFJE6LDR",
        "source_team": "TKFJE6LDR",
        "user_profile": {
            "avatar_hash": "e0f8604c1079",
            "image_72": "https:\/\/avatars.slack-edge.com\/2020-10-26\/1445509834998_e0f8604c1079f923f3e9_72.png",
            "first_name": "Loquacity",
            "real_name": "Loquacity",
            "display_name": "Loquacity",
            "team": "TKFJE6LDR",
            "name": "slack1",
            "is_restricted": false,
            "is_ultra_restricted": false
        },
        "blocks": [
            {
                "type": "rich_text",
                "block_id": "BSv",
                "elements": [
                    {
                        "type": "rich_text_section",
                        "elements": [
                            {
                                "type": "text",
                                "text": "it's a fairly new feature, i remember when it landed and we all got very excited "
                            },
                            {
                                "type": "emoji",
                                "name": "joy"
                            }
                        ]
                    }
                ]
            }
        ]
    },
    {
        "client_msg_id": "46f54e19-6c49-440c-8491-9b48c0776db7",
        "type": "message",
        "text": "i imagine it will get less hidden over time",
        "user": "UQ553K7DY",
        "ts": "1601533937.015100",
        "team": "TKFJE6LDR",
        "user_team": "TKFJE6LDR",
        "source_team": "TKFJE6LDR",
        "user_profile": {
            "avatar_hash": "e0f8604c1079",
            "image_72": "https:\/\/avatars.slack-edge.com\/2020-10-26\/1445509834998_e0f8604c1079f923f3e9_72.png",
            "first_name": "Loquacity",
            "real_name": "Loquacity",
            "display_name": "Loquacity",
            "team": "TKFJE6LDR",
            "name": "slack1",
            "is_restricted": false,
            "is_ultra_restricted": false
        },
        "blocks": [
            {
                "type": "rich_text",
                "block_id": "mdG8I",
                "elements": [
                    {
                        "type": "rich_text_section",
                        "elements": [
                            {
                                "type": "text",
                                "text": "i imagine it will get less hidden over time"
                            }
                        ]
                    }
                ]
            }
        ]
    }
]