[
    {
        "client_msg_id": "e435c277-47dd-4ee0-8f72-f29251057c7a",
        "type": "message",
        "text": "Left a few little comments, but it looks like there's a consensus around a bifurcated permissive-restrictive model, which is fine with me",
        "user": "U011GCVJFQF",
        "ts": "1600772832.016400",
        "team": "TKFJE6LDR",
        "user_team": "TKFJE6LDR",
        "source_team": "TKFJE6LDR",
        "user_profile": {
            "avatar_hash": "5859193991fb",
            "image_72": "https:\/\/avatars.slack-edge.com\/2020-04-16\/1066602100115_5859193991fb4bbebcdf_72.png",
            "first_name": "",
            "real_name": "Daniel Beck",
            "display_name": "Daniel Beck",
            "team": "TKFJE6LDR",
            "name": "daniel",
            "is_restricted": false,
            "is_ultra_restricted": false
        },
        "blocks": [
            {
                "type": "rich_text",
                "block_id": "p=ISF",
                "elements": [
                    {
                        "type": "rich_text_section",
                        "elements": [
                            {
                                "type": "text",
                                "text": "Left a few little comments, but it looks like there's a consensus around a bifurcated permissive-restrictive model, which is fine with me"
                            }
                        ]
                    }
                ]
            }
        ],
        "reactions": [
            {
                "name": "+1",
                "users": [
                    "U012KCMPP0V"
                ],
                "count": 1
            }
        ]
    },
    {
        "client_msg_id": "8542591f-d8fa-443c-89d7-ed31e73dfaf9",
        "type": "message",
        "text": "This is cool. Going to start working parts of this practice into my reviews today, for real",
        "user": "U011GCVJFQF",
        "ts": "1600772868.016500",
        "team": "TKFJE6LDR",
        "user_team": "TKFJE6LDR",
        "source_team": "TKFJE6LDR",
        "user_profile": {
            "avatar_hash": "5859193991fb",
            "image_72": "https:\/\/avatars.slack-edge.com\/2020-04-16\/1066602100115_5859193991fb4bbebcdf_72.png",
            "first_name": "",
            "real_name": "Daniel Beck",
            "display_name": "Daniel Beck",
            "team": "TKFJE6LDR",
            "name": "daniel",
            "is_restricted": false,
            "is_ultra_restricted": false
        },
        "blocks": [
            {
                "type": "rich_text",
                "block_id": "pjqwf",
                "elements": [
                    {
                        "type": "rich_text_section",
                        "elements": [
                            {
                                "type": "text",
                                "text": "This is cool. Going to start working parts of this practice into my reviews today, for real"
                            }
                        ]
                    }
                ]
            }
        ],
        "thread_ts": "1600708030.010500",
        "parent_user_id": "UL2AA1FF1",
        "reactions": [
            {
                "name": "tada",
                "users": [
                    "UL2AA1FF1"
                ],
                "count": 1
            }
        ]
    },
    {
        "bot_id": "B01",
        "type": "message",
        "text": "Reminder: remember to add items to the Weekly Meeting agenda before our meeting <https:\/\/github.com\/thegooddocsproject\/governance\/wiki\/Weekly-Meetings>",
        "user": "USLACKBOT",
        "ts": "1600790429.016700",
        "team": "TKFJE6LDR"
    },
    {
        "client_msg_id": "c43c38ef-35a9-4baa-8c7b-cc679e04b1e4",
        "type": "message",
        "text": "WOW: <https:\/\/www.zotero.org\/groups\/2310183\/foss_governance\/library>",
        "user": "UL2AA1FF1",
        "ts": "1600796008.016900",
        "team": "TKFJE6LDR",
        "user_team": "TKFJE6LDR",
        "source_team": "TKFJE6LDR",
        "user_profile": {
            "avatar_hash": "22135067b36d",
            "image_72": "https:\/\/avatars.slack-edge.com\/2019-10-23\/805254797908_22135067b36dfb715e99_72.jpg",
            "first_name": "",
            "real_name": "Erin McKean",
            "display_name": "Erin McKean",
            "team": "TKFJE6LDR",
            "name": "emckean",
            "is_restricted": false,
            "is_ultra_restricted": false
        },
        "blocks": [
            {
                "type": "rich_text",
                "block_id": "ow2",
                "elements": [
                    {
                        "type": "rich_text_section",
                        "elements": [
                            {
                                "type": "text",
                                "text": "WOW: "
                            },
                            {
                                "type": "link",
                                "url": "https:\/\/www.zotero.org\/groups\/2310183\/foss_governance\/library"
                            }
                        ]
                    }
                ]
            }
        ],
        "reactions": [
            {
                "name": "open_mouth",
                "users": [
                    "U015GARCR8X"
                ],
                "count": 1
            }
        ]
    },
    {
        "client_msg_id": "82878d59-1767-4c0c-9274-ffb21cc82ede",
        "type": "message",
        "text": "Great find Erin! Here you can find the README about the collection. <https:\/\/gitlab.com\/fossgovernance\/fossgovernance>\n&gt; The goal of the project is to provide a governance reference resource for all FOSS community members. We're doing this by collecting and cataloging documents that are in some way related to the governance of FOSS projects.",
        "user": "UKV4ZPEFQ",
        "ts": "1600822583.000700",
        "team": "TKFJE6LDR",
        "user_team": "TKFJE6LDR",
        "source_team": "TKFJE6LDR",
        "user_profile": {
            "avatar_hash": "g854c628ef64",
            "image_72": "https:\/\/secure.gravatar.com\/avatar\/6854c628ef64a4c129a994522e17cdf2.jpg?s=72&d=https%3A%2F%2Fa.slack-edge.com%2Fdf10d%2Fimg%2Favatars%2Fava_0007-72.png",
            "first_name": "felicitybrand",
            "real_name": "felicitybrand",
            "display_name": "flicstar",
            "team": "TKFJE6LDR",
            "name": "felicitybrand",
            "is_restricted": false,
            "is_ultra_restricted": false
        },
        "attachments": [
            {
                "service_name": "GitLab",
                "title": "Projects · FOSS Governance \/ FOSS Governance",
                "title_link": "https:\/\/gitlab.com\/fossgovernance\/fossgovernance",
                "text": "For coordinating contributions and work for the FOSS Governance collection: <https:\/\/www.zotero.org\/groups\/2310183\/foss_governance>",
                "fallback": "GitLab: Projects · FOSS Governance \/ FOSS Governance",
                "thumb_url": "https:\/\/assets.gitlab-static.net\/assets\/gitlab_logo-7ae504fe4f68fdebb3c2034e36621930cd36ea87924c11ff65dbcb8ed50dca58.png",
                "from_url": "https:\/\/gitlab.com\/fossgovernance\/fossgovernance",
                "thumb_width": 128,
                "thumb_height": 128,
                "service_icon": "https:\/\/assets.gitlab-static.net\/assets\/touch-icon-iphone-5a9cee0e8a51212e70b90c87c12f382c428870c0ff67d1eb034d884b78d2dae7.png",
                "id": 1,
                "original_url": "https:\/\/gitlab.com\/fossgovernance\/fossgovernance"
            }
        ],
        "blocks": [
            {
                "type": "rich_text",
                "block_id": "H0c",
                "elements": [
                    {
                        "type": "rich_text_section",
                        "elements": [
                            {
                                "type": "text",
                                "text": "Great find Erin! Here you can find the README about the collection. "
                            },
                            {
                                "type": "link",
                                "url": "https:\/\/gitlab.com\/fossgovernance\/fossgovernance"
                            },
                            {
                                "type": "text",
                                "text": "\n"
                            }
                        ]
                    },
                    {
                        "type": "rich_text_quote",
                        "elements": [
                            {
                                "type": "text",
                                "text": "The goal of the project is to provide a governance reference resource for all FOSS community members. We're doing this by collecting and cataloging documents that are in some way related to the governance of FOSS projects."
                            }
                        ]
                    }
                ]
            }
        ],
        "reactions": [
            {
                "name": "+1",
                "users": [
                    "U015GARCR8X"
                ],
                "count": 1
            }
        ]
    },
    {
        "client_msg_id": "90329fac-74ae-4904-90f8-3b8da0465cd2",
        "type": "message",
        "text": "oh, this is VM Brassuer's work!",
        "user": "UQ553K7DY",
        "ts": "1600825650.001300",
        "team": "TKFJE6LDR",
        "user_team": "TKFJE6LDR",
        "source_team": "TKFJE6LDR",
        "user_profile": {
            "avatar_hash": "e0f8604c1079",
            "image_72": "https:\/\/avatars.slack-edge.com\/2020-10-26\/1445509834998_e0f8604c1079f923f3e9_72.png",
            "first_name": "Loquacity",
            "real_name": "Loquacity",
            "display_name": "Loquacity",
            "team": "TKFJE6LDR",
            "name": "slack1",
            "is_restricted": false,
            "is_ultra_restricted": false
        },
        "blocks": [
            {
                "type": "rich_text",
                "block_id": "FDh=z",
                "elements": [
                    {
                        "type": "rich_text_section",
                        "elements": [
                            {
                                "type": "text",
                                "text": "oh, this is VM Brassuer's work!"
                            }
                        ]
                    }
                ]
            }
        ]
    },
    {
        "client_msg_id": "8ec95287-ce9b-4086-8161-c082a42207c7",
        "type": "message",
        "text": ":sparkling_heart:",
        "user": "UQ553K7DY",
        "ts": "1600825652.001500",
        "team": "TKFJE6LDR",
        "user_team": "TKFJE6LDR",
        "source_team": "TKFJE6LDR",
        "user_profile": {
            "avatar_hash": "e0f8604c1079",
            "image_72": "https:\/\/avatars.slack-edge.com\/2020-10-26\/1445509834998_e0f8604c1079f923f3e9_72.png",
            "first_name": "Loquacity",
            "real_name": "Loquacity",
            "display_name": "Loquacity",
            "team": "TKFJE6LDR",
            "name": "slack1",
            "is_restricted": false,
            "is_ultra_restricted": false
        },
        "blocks": [
            {
                "type": "rich_text",
                "block_id": "sHAQ",
                "elements": [
                    {
                        "type": "rich_text_section",
                        "elements": [
                            {
                                "type": "emoji",
                                "name": "sparkling_heart"
                            }
                        ]
                    }
                ]
            }
        ]
    }
]