[
    {
        "client_msg_id": "3724cccb-e289-40d4-a0a2-fb6a8d22e22c",
        "type": "message",
        "text": "Gotta love German postage",
        "user": "U014V7JDGPM",
        "ts": "1601649076.022400",
        "team": "TKFJE6LDR",
        "user_team": "TKFJE6LDR",
        "source_team": "TKFJE6LDR",
        "user_profile": {
            "avatar_hash": "g35a44b69ae5",
            "image_72": "https:\/\/secure.gravatar.com\/avatar\/35a44b69ae5c2c1d250216f8ccc9d67c.jpg?s=72&d=https%3A%2F%2Fa.slack-edge.com%2Fdf10d%2Fimg%2Favatars%2Fava_0019-72.png",
            "first_name": "",
            "real_name": "ChrisChinchilla",
            "display_name": "ChrisChinchilla",
            "team": "TKFJE6LDR",
            "name": "chris",
            "is_restricted": false,
            "is_ultra_restricted": false
        },
        "blocks": [
            {
                "type": "rich_text",
                "block_id": "XGKe",
                "elements": [
                    {
                        "type": "rich_text_section",
                        "elements": [
                            {
                                "type": "text",
                                "text": "Gotta love German postage"
                            }
                        ]
                    }
                ]
            }
        ],
        "thread_ts": "1601468398.008300",
        "parent_user_id": "U014V7JDGPM"
    },
    {
        "type": "message",
        "text": "",
        "files": [
            {
                "id": "F01BEG42CUF",
                "created": 1601649103,
                "timestamp": 1601649103,
                "name": "IMG_20201002_163030.jpg",
                "title": "IMG_20201002_163030.jpg",
                "mimetype": "image\/jpeg",
                "filetype": "jpg",
                "pretty_type": "JPEG",
                "user": "U014V7JDGPM",
                "editable": false,
                "size": 344759,
                "mode": "hosted",
                "is_external": false,
                "external_type": "",
                "is_public": true,
                "public_url_shared": false,
                "display_as_bot": false,
                "username": "",
                "url_private": "https:\/\/files.slack.com\/files-pri\/TKFJE6LDR-F01BEG42CUF\/img_20201002_163030.jpg?t=xoxe-661626224467-1569526674690-1562795895158-d39017af3b428bb8f8343c45199c28ef",
                "url_private_download": "https:\/\/files.slack.com\/files-pri\/TKFJE6LDR-F01BEG42CUF\/download\/img_20201002_163030.jpg?t=xoxe-661626224467-1569526674690-1562795895158-d39017af3b428bb8f8343c45199c28ef",
                "thumb_64": "https:\/\/files.slack.com\/files-tmb\/TKFJE6LDR-F01BEG42CUF-1eefad8b85\/img_20201002_163030_64.jpg?t=xoxe-661626224467-1569526674690-1562795895158-d39017af3b428bb8f8343c45199c28ef",
                "thumb_80": "https:\/\/files.slack.com\/files-tmb\/TKFJE6LDR-F01BEG42CUF-1eefad8b85\/img_20201002_163030_80.jpg?t=xoxe-661626224467-1569526674690-1562795895158-d39017af3b428bb8f8343c45199c28ef",
                "thumb_360": "https:\/\/files.slack.com\/files-tmb\/TKFJE6LDR-F01BEG42CUF-1eefad8b85\/img_20201002_163030_360.jpg?t=xoxe-661626224467-1569526674690-1562795895158-d39017af3b428bb8f8343c45199c28ef",
                "thumb_360_w": 270,
                "thumb_360_h": 360,
                "thumb_480": "https:\/\/files.slack.com\/files-tmb\/TKFJE6LDR-F01BEG42CUF-1eefad8b85\/img_20201002_163030_480.jpg?t=xoxe-661626224467-1569526674690-1562795895158-d39017af3b428bb8f8343c45199c28ef",
                "thumb_480_w": 360,
                "thumb_480_h": 480,
                "thumb_160": "https:\/\/files.slack.com\/files-tmb\/TKFJE6LDR-F01BEG42CUF-1eefad8b85\/img_20201002_163030_160.jpg?t=xoxe-661626224467-1569526674690-1562795895158-d39017af3b428bb8f8343c45199c28ef",
                "thumb_720": "https:\/\/files.slack.com\/files-tmb\/TKFJE6LDR-F01BEG42CUF-1eefad8b85\/img_20201002_163030_720.jpg?t=xoxe-661626224467-1569526674690-1562795895158-d39017af3b428bb8f8343c45199c28ef",
                "thumb_720_w": 540,
                "thumb_720_h": 720,
                "thumb_800": "https:\/\/files.slack.com\/files-tmb\/TKFJE6LDR-F01BEG42CUF-1eefad8b85\/img_20201002_163030_800.jpg?t=xoxe-661626224467-1569526674690-1562795895158-d39017af3b428bb8f8343c45199c28ef",
                "thumb_800_w": 800,
                "thumb_800_h": 1067,
                "thumb_960": "https:\/\/files.slack.com\/files-tmb\/TKFJE6LDR-F01BEG42CUF-1eefad8b85\/img_20201002_163030_960.jpg?t=xoxe-661626224467-1569526674690-1562795895158-d39017af3b428bb8f8343c45199c28ef",
                "thumb_960_w": 720,
                "thumb_960_h": 960,
                "thumb_1024": "https:\/\/files.slack.com\/files-tmb\/TKFJE6LDR-F01BEG42CUF-1eefad8b85\/img_20201002_163030_1024.jpg?t=xoxe-661626224467-1569526674690-1562795895158-d39017af3b428bb8f8343c45199c28ef",
                "thumb_1024_w": 768,
                "thumb_1024_h": 1024,
                "original_w": 3000,
                "original_h": 4000,
                "thumb_tiny": "AwAwACQu2PnDA7ZPFRhyDznHtSvIVkbHOfX61J5iNEMlAw7EcCgCMyEH5Sce9Ksjbhlj19aeSGbhoiT1yKiL5IGAAM9KALx60lLRikBnOctRHtLfMcCmt1\/AUo6cYP8An60wHyhQ\/wAnIpq9acApHb\/P401fvCgDRXlVPsKXFEXMKf7op2KAMd2O7Apqlh6j8KVlJ5yPzpVY98E\/WgY4MxGDn8qXO1hnikDH2\/OlxuoA0YDmBPpUlRWv+oX8f51LQI\/\/2Q==",
                "permalink": "https:\/\/thegooddocs.slack.com\/files\/U014V7JDGPM\/F01BEG42CUF\/img_20201002_163030.jpg",
                "permalink_public": "https:\/\/slack-files.com\/TKFJE6LDR-F01BEG42CUF-d8c8d3e774",
                "is_starred": false,
                "has_rich_preview": false
            }
        ],
        "upload": true,
        "user": "U014V7JDGPM",
        "display_as_bot": false,
        "ts": "1601649107.022600",
        "client_msg_id": "3621e668-94a9-4178-a725-b4a35fcae74c",
        "thread_ts": "1601468398.008300",
        "parent_user_id": "U014V7JDGPM",
        "reactions": [
            {
                "name": "tada",
                "users": [
                    "UQ553K7DY"
                ],
                "count": 1
            }
        ]
    }
]