[
    {
        "client_msg_id": "e5ed386a-249d-4457-9dd9-4658b4fab385",
        "type": "message",
        "text": "Welcome <@U01BH20SXHC>. I'd be interested to hear how you'd like to get involved? I gave a presentation recently on Tech Writing Patterns, Anti-patterns and Proposed Tasks, which is my thinking on where I think we as a project are headed over the next few years. It might give you some ideas about what you'd like to tackle. <https:\/\/www.youtube.com\/watch?v=yiGFbXYyCr0&amp;feature=youtu.be|Video> \/ <https:\/\/docs.google.com\/presentation\/d\/1yFJ2WL-l8O1vnNR67bFfmzHu6tyJjtkJD-cSyH3mNes\/edit|Slides>.",
        "user": "UKTGLQNGG",
        "ts": "1601540043.018100",
        "team": "TKFJE6LDR",
        "user_team": "TKFJE6LDR",
        "source_team": "TKFJE6LDR",
        "user_profile": {
            "avatar_hash": "d6f4de222bb1",
            "image_72": "https:\/\/avatars.slack-edge.com\/2020-07-20\/1235580478119_d6f4de222bb1ed6b5960_72.jpg",
            "first_name": "Cameron",
            "real_name": "Cameron Shorter",
            "display_name": "cameronshorter",
            "team": "TKFJE6LDR",
            "name": "cameron.shorter",
            "is_restricted": false,
            "is_ultra_restricted": false
        },
        "attachments": [
            {
                "service_name": "YouTube",
                "service_url": "https:\/\/www.youtube.com\/",
                "title": "WTD Australia - Tech Writing Patterns",
                "title_link": "https:\/\/www.youtube.com\/watch?v=yiGFbXYyCr0&amp;feature=youtu.be",
                "author_name": "WriteTheDocsAus",
                "author_link": "https:\/\/www.youtube.com\/channel\/UCPhWNEFb53x6PjnpRIYf1yg",
                "thumb_url": "https:\/\/i.ytimg.com\/vi\/yiGFbXYyCr0\/hqdefault.jpg",
                "thumb_width": 480,
                "thumb_height": 360,
                "fallback": "YouTube Video: WTD Australia - Tech Writing Patterns",
                "video_html": "<iframe width=\"400\" height=\"225\" src=\"https:\/\/www.youtube.com\/embed\/yiGFbXYyCr0?feature=oembed&autoplay=1&iv_load_policy=3\" frameborder=\"0\" allow=\"accelerometer; autoplay; clipboard-write; encrypted-media; gyroscope; picture-in-picture\" allowfullscreen><\/iframe>",
                "video_html_width": 400,
                "video_html_height": 225,
                "from_url": "https:\/\/www.youtube.com\/watch?v=yiGFbXYyCr0&amp;feature=youtu.be",
                "service_icon": "https:\/\/a.slack-edge.com\/80588\/img\/unfurl_icons\/youtube.png",
                "id": 1,
                "original_url": "https:\/\/www.youtube.com\/watch?v=yiGFbXYyCr0&amp;feature=youtu.be"
            }
        ],
        "blocks": [
            {
                "type": "rich_text",
                "block_id": "ira",
                "elements": [
                    {
                        "type": "rich_text_section",
                        "elements": [
                            {
                                "type": "text",
                                "text": "Welcome "
                            },
                            {
                                "type": "user",
                                "user_id": "U01BH20SXHC"
                            },
                            {
                                "type": "text",
                                "text": ". I'd be interested to hear how you'd like to get involved? I gave a presentation recently on Tech Writing Patterns, Anti-patterns and Proposed Tasks, which is my thinking on where I think we as a project are headed over the next few years. It might give you some ideas about what you'd like to tackle. "
                            },
                            {
                                "type": "link",
                                "url": "https:\/\/www.youtube.com\/watch?v=yiGFbXYyCr0&feature=youtu.be",
                                "text": "Video"
                            },
                            {
                                "type": "text",
                                "text": " \/ "
                            },
                            {
                                "type": "link",
                                "url": "https:\/\/docs.google.com\/presentation\/d\/1yFJ2WL-l8O1vnNR67bFfmzHu6tyJjtkJD-cSyH3mNes\/edit",
                                "text": "Slides"
                            },
                            {
                                "type": "text",
                                "text": "."
                            }
                        ]
                    }
                ]
            }
        ]
    },
    {
        "client_msg_id": "aeb3a259-4d49-473a-9ed2-3e2920182475",
        "type": "message",
        "text": "I have it on my list of presentations to watch, and you’re right, that’s one place where I want to get involved.",
        "user": "U01BH20SXHC",
        "ts": "1601558916.019000",
        "team": "TKFJE6LDR",
        "user_team": "TKFJE6LDR",
        "source_team": "TKFJE6LDR",
        "user_profile": {
            "avatar_hash": "4f8654b0f60e",
            "image_72": "https:\/\/avatars.slack-edge.com\/2020-09-30\/1399240189235_4f8654b0f60e95054754_72.jpg",
            "first_name": "Joe",
            "real_name": "Joe Malin",
            "display_name": "Joe Malin",
            "team": "TKFJE6LDR",
            "name": "jmalin",
            "is_restricted": false,
            "is_ultra_restricted": false
        },
        "blocks": [
            {
                "type": "rich_text",
                "block_id": "n921L",
                "elements": [
                    {
                        "type": "rich_text_section",
                        "elements": [
                            {
                                "type": "text",
                                "text": "I have it on my list of presentations to watch, and you’re right, that’s one place where I want to get involved."
                            }
                        ]
                    }
                ]
            }
        ]
    },
    {
        "client_msg_id": "a32072ef-b161-4095-918c-a16803563a17",
        "type": "message",
        "text": "Hey, Joe! This is Alyssa who runs the Zoom calls for the Bay Area meetups. So great to have you here!",
        "user": "U012KCMPP0V",
        "ts": "1601562409.019100",
        "team": "TKFJE6LDR",
        "user_team": "TKFJE6LDR",
        "source_team": "TKFJE6LDR",
        "user_profile": {
            "avatar_hash": "b26729f0b5f2",
            "image_72": "https:\/\/avatars.slack-edge.com\/2020-04-27\/1089031639347_b26729f0b5f2375494a1_72.png",
            "first_name": "Alyssa",
            "real_name": "Alyssa",
            "display_name": "Alyssa",
            "team": "TKFJE6LDR",
            "name": "alyssa.rock.biz",
            "is_restricted": false,
            "is_ultra_restricted": false
        },
        "blocks": [
            {
                "type": "rich_text",
                "block_id": "Sruq",
                "elements": [
                    {
                        "type": "rich_text_section",
                        "elements": [
                            {
                                "type": "text",
                                "text": "Hey, Joe! This is Alyssa who runs the Zoom calls for the Bay Area meetups. So great to have you here!"
                            }
                        ]
                    }
                ]
            }
        ],
        "thread_ts": "1601506509.010400",
        "parent_user_id": "U01BH20SXHC"
    },
    {
        "client_msg_id": "2fde8308-8b3b-4346-b45d-02a4e498e7d7",
        "type": "message",
        "text": "Thank you!",
        "user": "U01BH20SXHC",
        "ts": "1601565363.019300",
        "team": "TKFJE6LDR",
        "user_team": "TKFJE6LDR",
        "source_team": "TKFJE6LDR",
        "user_profile": {
            "avatar_hash": "4f8654b0f60e",
            "image_72": "https:\/\/avatars.slack-edge.com\/2020-09-30\/1399240189235_4f8654b0f60e95054754_72.jpg",
            "first_name": "Joe",
            "real_name": "Joe Malin",
            "display_name": "Joe Malin",
            "team": "TKFJE6LDR",
            "name": "jmalin",
            "is_restricted": false,
            "is_ultra_restricted": false
        },
        "blocks": [
            {
                "type": "rich_text",
                "block_id": "fG18",
                "elements": [
                    {
                        "type": "rich_text_section",
                        "elements": [
                            {
                                "type": "text",
                                "text": "Thank you!"
                            }
                        ]
                    }
                ]
            }
        ],
        "thread_ts": "1601506509.010400",
        "parent_user_id": "U01BH20SXHC"
    },
    {
        "client_msg_id": "1491b26b-04e3-4832-8f19-ef7d2e46c35a",
        "type": "message",
        "text": "If you'd like to join us for the Chronologue project planning meeting, please respond to this Doodle poll to indicate your preferred meeting times!\n<https:\/\/doodle.com\/poll\/ia762vvbydkq9tdt>\n\nDon't know what the Chronologue project is? Read this Google Doc to find out: <https:\/\/docs.google.com\/document\/d\/1YrwKc15_CB5y48myT3_8DhV7gGq0Rmtn0_0d0W5fd5s\/edit?usp=sharing|TGD Exemplar Project>. In our kickoff meeting, we'll choose a name for our example project and start thinking through some of the product details for our time machine---enough details to create documentation examples for it. Feel free to also join <#C016L3962CU|chronologue-docs> to discuss the project!",
        "user": "U012KCMPP0V",
        "ts": "1601611238.021900",
        "team": "TKFJE6LDR",
        "user_team": "TKFJE6LDR",
        "source_team": "TKFJE6LDR",
        "user_profile": {
            "avatar_hash": "b26729f0b5f2",
            "image_72": "https:\/\/avatars.slack-edge.com\/2020-04-27\/1089031639347_b26729f0b5f2375494a1_72.png",
            "first_name": "Alyssa",
            "real_name": "Alyssa",
            "display_name": "Alyssa",
            "team": "TKFJE6LDR",
            "name": "alyssa.rock.biz",
            "is_restricted": false,
            "is_ultra_restricted": false
        },
        "attachments": [
            {
                "title": "Doodle: Chronologue planning meeting",
                "title_link": "https:\/\/doodle.com\/poll\/ia762vvbydkq9tdt",
                "text": "If you'd like to participate in our first planning meeting for the Chronologue, please indicate your preferred times!",
                "fallback": "Doodle: Chronologue planning meeting",
                "image_url": "https:\/\/doodle.com\/graphics\/static\/facebookSharingThumbnail.png",
                "from_url": "https:\/\/doodle.com\/poll\/ia762vvbydkq9tdt",
                "image_width": 300,
                "image_height": 200,
                "image_bytes": 6864,
                "service_icon": "https:\/\/cdn2.doodle.com\/dist\/i\/7479b568749fca315a2969e30cbee4f5.png",
                "service_name": "doodle.com",
                "id": 1,
                "original_url": "https:\/\/doodle.com\/poll\/ia762vvbydkq9tdt"
            }
        ],
        "blocks": [
            {
                "type": "rich_text",
                "block_id": "84K",
                "elements": [
                    {
                        "type": "rich_text_section",
                        "elements": [
                            {
                                "type": "text",
                                "text": "If you'd like to join us for the Chronologue project planning meeting, please respond to this Doodle poll to indicate your preferred meeting times!\n"
                            },
                            {
                                "type": "link",
                                "url": "https:\/\/doodle.com\/poll\/ia762vvbydkq9tdt"
                            },
                            {
                                "type": "text",
                                "text": "\n\nDon't know what the Chronologue project is? Read this Google Doc to find out: "
                            },
                            {
                                "type": "link",
                                "url": "https:\/\/docs.google.com\/document\/d\/1YrwKc15_CB5y48myT3_8DhV7gGq0Rmtn0_0d0W5fd5s\/edit?usp=sharing",
                                "text": "TGD Exemplar Project"
                            },
                            {
                                "type": "text",
                                "text": ". In our kickoff meeting, we'll choose a name for our example project and start thinking through some of the product details for our time machine---enough details to create documentation examples for it. Feel free to also join "
                            },
                            {
                                "type": "channel",
                                "channel_id": "C016L3962CU"
                            },
                            {
                                "type": "text",
                                "text": " to discuss the project!"
                            }
                        ]
                    }
                ]
            }
        ],
        "reactions": [
            {
                "name": "thankyou",
                "users": [
                    "UL2AA1FF1"
                ],
                "count": 1
            }
        ]
    }
]