[
    {
        "client_msg_id": "a3c0142e-816b-4131-bd57-c5b64372ba05",
        "type": "message",
        "text": "<https:\/\/blog.mozilla.org\/community\/2020\/09\/10\/weaving-safety-into-the-fabric-of-open-source\/>",
        "user": "UL2AA1FF1",
        "ts": "1599852213.043900",
        "team": "TKFJE6LDR",
        "user_team": "TKFJE6LDR",
        "source_team": "TKFJE6LDR",
        "user_profile": {
            "avatar_hash": "22135067b36d",
            "image_72": "https:\/\/avatars.slack-edge.com\/2019-10-23\/805254797908_22135067b36dfb715e99_72.jpg",
            "first_name": "",
            "real_name": "Erin McKean",
            "display_name": "Erin McKean",
            "team": "TKFJE6LDR",
            "name": "emckean",
            "is_restricted": false,
            "is_ultra_restricted": false
        },
        "attachments": [
            {
                "service_name": "about:community",
                "title": "Weaving Safety into the Fabric of Open Source Collaboration – about:community",
                "title_link": "https:\/\/blog.mozilla.org\/community\/2020\/09\/10\/weaving-safety-into-the-fabric-of-open-source\/",
                "text": "At Mozilla, with over 400 staff in community-facing roles, and thousands of volunteer contributors across multiple projects: we believe that everyone deserves the right to work, contribute and convene with ...",
                "fallback": "about:community: Weaving Safety into the Fabric of Open Source Collaboration – about:community",
                "image_url": "https:\/\/blog.mozilla.org\/community\/files\/2020\/09\/matthew-waring-MJAoiige14E-unsplash-1400x770.jpg",
                "from_url": "https:\/\/blog.mozilla.org\/community\/2020\/09\/10\/weaving-safety-into-the-fabric-of-open-source\/",
                "image_width": 455,
                "image_height": 250,
                "image_bytes": 104044,
                "service_icon": "https:\/\/ffp4g1ylyit3jdyti1hqcvtb-wpengine.netdna-ssl.com\/community\/wp-content\/themes\/frontierline\/img\/favicon.png",
                "id": 1,
                "original_url": "https:\/\/blog.mozilla.org\/community\/2020\/09\/10\/weaving-safety-into-the-fabric-of-open-source\/"
            }
        ],
        "blocks": [
            {
                "type": "rich_text",
                "block_id": "K3K",
                "elements": [
                    {
                        "type": "rich_text_section",
                        "elements": [
                            {
                                "type": "link",
                                "url": "https:\/\/blog.mozilla.org\/community\/2020\/09\/10\/weaving-safety-into-the-fabric-of-open-source\/"
                            }
                        ]
                    }
                ]
            }
        ],
        "thread_ts": "1599852213.043900",
        "reply_count": 1,
        "reply_users_count": 1,
        "latest_reply": "1599860067.044200",
        "reply_users": [
            "UKTGLQNGG"
        ],
        "replies": [
            {
                "user": "UKTGLQNGG",
                "ts": "1599860067.044200"
            }
        ],
        "subscribed": false,
        "reactions": [
            {
                "name": "heart",
                "users": [
                    "U012KCMPP0V",
                    "UQ553K7DY"
                ],
                "count": 2
            }
        ]
    },
    {
        "client_msg_id": "56c4f3da-1131-4bb3-9868-eea51c3cb301",
        "type": "message",
        "text": "This is a good read. I see there has been very positive and practical improvements with regards to enforcement of CoC policies, which we should be able to draw upon. (I last looked in detail in this area ~ 5 years ago.)",
        "user": "UKTGLQNGG",
        "ts": "1599860067.044200",
        "team": "TKFJE6LDR",
        "user_team": "TKFJE6LDR",
        "source_team": "TKFJE6LDR",
        "user_profile": {
            "avatar_hash": "d6f4de222bb1",
            "image_72": "https:\/\/avatars.slack-edge.com\/2020-07-20\/1235580478119_d6f4de222bb1ed6b5960_72.jpg",
            "first_name": "Cameron",
            "real_name": "Cameron Shorter",
            "display_name": "cameronshorter",
            "team": "TKFJE6LDR",
            "name": "cameron.shorter",
            "is_restricted": false,
            "is_ultra_restricted": false
        },
        "edited": {
            "user": "UKTGLQNGG",
            "ts": "1599860252.000000"
        },
        "blocks": [
            {
                "type": "rich_text",
                "block_id": "Mrv=P",
                "elements": [
                    {
                        "type": "rich_text_section",
                        "elements": [
                            {
                                "type": "text",
                                "text": "This is a good read. I see there has been very positive and practical improvements with regards to enforcement of CoC policies, which we should be able to draw upon. (I last looked in detail in this area ~ 5 years ago.)"
                            }
                        ]
                    }
                ]
            }
        ],
        "thread_ts": "1599852213.043900",
        "parent_user_id": "UL2AA1FF1"
    }
]