[
    {
        "client_msg_id": "81272269-e69d-46b5-8aec-0e8be1042ddd",
        "type": "message",
        "text": "ready for review: <https:\/\/github.com\/thegooddocsproject\/incubator\/pull\/8>",
        "user": "UQ553K7DY",
        "ts": "1601859189.023500",
        "team": "TKFJE6LDR",
        "user_team": "TKFJE6LDR",
        "source_team": "TKFJE6LDR",
        "user_profile": {
            "avatar_hash": "e0f8604c1079",
            "image_72": "https:\/\/avatars.slack-edge.com\/2020-10-26\/1445509834998_e0f8604c1079f923f3e9_72.png",
            "first_name": "Loquacity",
            "real_name": "Loquacity",
            "display_name": "Loquacity",
            "team": "TKFJE6LDR",
            "name": "slack1",
            "is_restricted": false,
            "is_ultra_restricted": false
        },
        "attachments": [
            {
                "author_name": "Loquacity",
                "fallback": "[thegooddocsproject\/incubator] #8 contrib guide - initial draft",
                "text": "Initial draft of the contributors' guide.\n\nPartial <https:\/\/github.com\/thegooddocsproject\/planning\/issues\/6|thegooddocsproject\/planning#6>",
                "title": "#8 contrib guide - initial draft",
                "footer": "<https:\/\/github.com\/thegooddocsproject\/incubator|thegooddocsproject\/incubator>",
                "id": 1,
                "title_link": "https:\/\/github.com\/thegooddocsproject\/incubator\/pull\/8",
                "author_link": "https:\/\/github.com\/Loquacity",
                "author_icon": "https:\/\/avatars3.githubusercontent.com\/u\/3914967?v=4",
                "footer_icon": "https:\/\/github.githubassets.com\/favicon.ico",
                "ts": 1601786222,
                "color": "36a64f",
                "fields": [
                    {
                        "title": "Comments",
                        "value": "2",
                        "short": true
                    },
                    {
                        "title": "Reviewers",
                        "value": "@mgan59, @jaredmorgs",
                        "short": true
                    }
                ],
                "mrkdwn_in": [
                    "text"
                ],
                "bot_id": "BU8U6P6AH",
                "app_unfurl_url": "https:\/\/github.com\/thegooddocsproject\/incubator\/pull\/8",
                "is_app_unfurl": true
            }
        ],
        "blocks": [
            {
                "type": "rich_text",
                "block_id": "Izdv",
                "elements": [
                    {
                        "type": "rich_text_section",
                        "elements": [
                            {
                                "type": "text",
                                "text": "ready for review: "
                            },
                            {
                                "type": "link",
                                "url": "https:\/\/github.com\/thegooddocsproject\/incubator\/pull\/8"
                            }
                        ]
                    }
                ]
            }
        ],
        "reactions": [
            {
                "name": "tada",
                "users": [
                    "UL2AA1FF1"
                ],
                "count": 1
            }
        ]
    }
]