[
    {
        "client_msg_id": "1a18fddc-8a66-4936-83cf-726c195cab91",
        "type": "message",
        "text": "<https:\/\/docs.google.com\/document\/d\/1Ch6X5azMOm-McjFY43_WRYCDAfkpmDqfMtYjzD9HV_0\/edit>",
        "user": "UKTGLQNGG",
        "ts": "1601275609.001700",
        "team": "TKFJE6LDR",
        "user_team": "TKFJE6LDR",
        "source_team": "TKFJE6LDR",
        "user_profile": {
            "avatar_hash": "d6f4de222bb1",
            "image_72": "https:\/\/avatars.slack-edge.com\/2020-07-20\/1235580478119_d6f4de222bb1ed6b5960_72.jpg",
            "first_name": "Cameron",
            "real_name": "Cameron Shorter",
            "display_name": "cameronshorter",
            "team": "TKFJE6LDR",
            "name": "cameron.shorter",
            "is_restricted": false,
            "is_ultra_restricted": false
        },
        "blocks": [
            {
                "type": "rich_text",
                "block_id": "g7Okc",
                "elements": [
                    {
                        "type": "rich_text_section",
                        "elements": [
                            {
                                "type": "link",
                                "url": "https:\/\/docs.google.com\/document\/d\/1Ch6X5azMOm-McjFY43_WRYCDAfkpmDqfMtYjzD9HV_0\/edit"
                            }
                        ]
                    }
                ]
            }
        ]
    },
    {
        "client_msg_id": "7855b49b-136c-49d6-8857-1b18c163311c",
        "type": "message",
        "text": "Hi everyone!\n\nMy name is Natalia, I am one of the authors of Vue.js framework documentation (also working for GitLab as a frontend engineer). Happy to join The Good Docs  :wave:",
        "user": "U01BGCZ42GJ",
        "ts": "1601275645.002700",
        "team": "TKFJE6LDR",
        "user_team": "TKFJE6LDR",
        "source_team": "TKFJE6LDR",
        "user_profile": {
            "avatar_hash": "4b04bd992a68",
            "image_72": "https:\/\/avatars.slack-edge.com\/2020-09-27\/1396632907636_4b04bd992a68449621a5_72.jpg",
            "first_name": "",
            "real_name": "Natalia Tepluhina",
            "display_name": "Natalia Tepluhina",
            "team": "TKFJE6LDR",
            "name": "tarya.se",
            "is_restricted": false,
            "is_ultra_restricted": false
        },
        "blocks": [
            {
                "type": "rich_text",
                "block_id": "DII=",
                "elements": [
                    {
                        "type": "rich_text_section",
                        "elements": [
                            {
                                "type": "text",
                                "text": "Hi everyone!\n\nMy name is Natalia, I am one of the authors of Vue.js framework documentation (also working for GitLab as a frontend engineer). Happy to join The Good Docs  "
                            },
                            {
                                "type": "emoji",
                                "name": "wave"
                            }
                        ]
                    }
                ]
            }
        ],
        "thread_ts": "1601275645.002700",
        "reply_count": 5,
        "reply_users_count": 4,
        "latest_reply": "1601463125.007600",
        "reply_users": [
            "UL2AA1FF1",
            "U012KCMPP0V",
            "U01BGCZ42GJ",
            "UKVC4NB71"
        ],
        "replies": [
            {
                "user": "UL2AA1FF1",
                "ts": "1601307995.005100"
            },
            {
                "user": "U012KCMPP0V",
                "ts": "1601310464.005400"
            },
            {
                "user": "U01BGCZ42GJ",
                "ts": "1601360084.005700"
            },
            {
                "user": "U012KCMPP0V",
                "ts": "1601406267.006000"
            },
            {
                "user": "UKVC4NB71",
                "ts": "1601463125.007600"
            }
        ],
        "subscribed": false,
        "reactions": [
            {
                "name": "wave",
                "users": [
                    "UKV4ZPEFQ",
                    "U0170HMB87K",
                    "UQ553K7DY",
                    "UL2AA1FF1",
                    "U012KCMPP0V",
                    "U019868JEQ0"
                ],
                "count": 6
            }
        ]
    }
]