[
    {
        "bot_id": "B01",
        "type": "message",
        "text": "Reminder: remember to add items to the Weekly Meeting agenda before our meeting <https:\/\/github.com\/thegooddocsproject\/governance\/wiki\/Weekly-Meetings>",
        "user": "USLACKBOT",
        "ts": "1601395248.005900",
        "team": "TKFJE6LDR"
    },
    {
        "client_msg_id": "c878a5ae-08ff-4ccb-becc-f370675bc850",
        "type": "message",
        "text": "Yeah, I investigated it as a platform and was super impressed!",
        "user": "U012KCMPP0V",
        "ts": "1601406267.006000",
        "team": "TKFJE6LDR",
        "user_team": "TKFJE6LDR",
        "source_team": "TKFJE6LDR",
        "user_profile": {
            "avatar_hash": "b26729f0b5f2",
            "image_72": "https:\/\/avatars.slack-edge.com\/2020-04-27\/1089031639347_b26729f0b5f2375494a1_72.png",
            "first_name": "Alyssa",
            "real_name": "Alyssa",
            "display_name": "Alyssa",
            "team": "TKFJE6LDR",
            "name": "alyssa.rock.biz",
            "is_restricted": false,
            "is_ultra_restricted": false
        },
        "blocks": [
            {
                "type": "rich_text",
                "block_id": "zQEJw",
                "elements": [
                    {
                        "type": "rich_text_section",
                        "elements": [
                            {
                                "type": "text",
                                "text": "Yeah, I investigated it as a platform and was super impressed!"
                            }
                        ]
                    }
                ]
            }
        ],
        "thread_ts": "1601275645.002700",
        "parent_user_id": "U01BGCZ42GJ"
    },
    {
        "client_msg_id": "81b42b77-0e2f-4bf9-b285-dea397792e4b",
        "type": "message",
        "text": "Some light reading: <https:\/\/dl.acm.org\/doi\/abs\/10.1145\/3359224>\nI haven't read it yet. This is a research paper with the title \"The Signals that Potential Contributors Look for When Choosing Open-source Projects.\"",
        "user": "UKV4ZPEFQ",
        "ts": "1601412189.006400",
        "team": "TKFJE6LDR",
        "user_team": "TKFJE6LDR",
        "source_team": "TKFJE6LDR",
        "user_profile": {
            "avatar_hash": "g854c628ef64",
            "image_72": "https:\/\/secure.gravatar.com\/avatar\/6854c628ef64a4c129a994522e17cdf2.jpg?s=72&d=https%3A%2F%2Fa.slack-edge.com%2Fdf10d%2Fimg%2Favatars%2Fava_0007-72.png",
            "first_name": "felicitybrand",
            "real_name": "felicitybrand",
            "display_name": "flicstar",
            "team": "TKFJE6LDR",
            "name": "felicitybrand",
            "is_restricted": false,
            "is_ultra_restricted": false
        },
        "edited": {
            "user": "UKV4ZPEFQ",
            "ts": "1601412296.000000"
        },
        "blocks": [
            {
                "type": "rich_text",
                "block_id": "11jb5",
                "elements": [
                    {
                        "type": "rich_text_section",
                        "elements": [
                            {
                                "type": "text",
                                "text": "Some light reading: "
                            },
                            {
                                "type": "link",
                                "url": "https:\/\/dl.acm.org\/doi\/abs\/10.1145\/3359224"
                            },
                            {
                                "type": "text",
                                "text": "\nI haven't read it yet. This is a research paper with the title \"The Signals that Potential Contributors Look for When Choosing Open-source Projects.\""
                            }
                        ]
                    }
                ]
            }
        ],
        "reactions": [
            {
                "name": "thankyou",
                "users": [
                    "UL2AA1FF1"
                ],
                "count": 1
            }
        ]
    }
]