[
    {
        "client_msg_id": "3b4d08cf-8175-4ebf-b86b-43d3ed659ce1",
        "type": "message",
        "text": "<http:\/\/cameronshorter.blogspot.com\/2020\/09\/awards-for-open-source-tech-writers.html>",
        "user": "UKTGLQNGG",
        "ts": "1600375717.053900",
        "team": "TKFJE6LDR",
        "user_team": "TKFJE6LDR",
        "source_team": "TKFJE6LDR",
        "user_profile": {
            "avatar_hash": "d6f4de222bb1",
            "image_72": "https:\/\/avatars.slack-edge.com\/2020-07-20\/1235580478119_d6f4de222bb1ed6b5960_72.jpg",
            "first_name": "Cameron",
            "real_name": "Cameron Shorter",
            "display_name": "cameronshorter",
            "team": "TKFJE6LDR",
            "name": "cameron.shorter",
            "is_restricted": false,
            "is_ultra_restricted": false
        },
        "attachments": [
            {
                "title": "Awards for open source tech writers Jo and Jared",
                "title_link": "http:\/\/cameronshorter.blogspot.com\/2020\/09\/awards-for-open-source-tech-writers.html",
                "text": "Jo Cook and Jared Morgan have been presented with awards for Google's Open Source Peer Bonus Program . The award is a recognition and thank ...",
                "fallback": "Awards for open source tech writers Jo and Jared",
                "image_url": "https:\/\/1.bp.blogspot.com\/-SHax4cmj-yg\/X2PCgKPGtVI\/AAAAAAAAGLM\/i_ktH4tfML88z9-XRwDJt65wS0aE8VMrQCLcBGAsYHQ\/w1200-h630-p-k-no-nu\/jaredmorgan.jpg",
                "from_url": "http:\/\/cameronshorter.blogspot.com\/2020\/09\/awards-for-open-source-tech-writers.html",
                "image_width": 476,
                "image_height": 250,
                "image_bytes": 69093,
                "service_icon": "http:\/\/cameronshorter.blogspot.com\/favicon.ico",
                "service_name": "cameronshorter.blogspot.com",
                "id": 1,
                "original_url": "http:\/\/cameronshorter.blogspot.com\/2020\/09\/awards-for-open-source-tech-writers.html"
            }
        ],
        "blocks": [
            {
                "type": "rich_text",
                "block_id": "AiI8",
                "elements": [
                    {
                        "type": "rich_text_section",
                        "elements": [
                            {
                                "type": "link",
                                "url": "http:\/\/cameronshorter.blogspot.com\/2020\/09\/awards-for-open-source-tech-writers.html"
                            }
                        ]
                    }
                ]
            }
        ],
        "reactions": [
            {
                "name": "clap",
                "users": [
                    "UKV4ZPEFQ",
                    "UQ553K7DY",
                    "U0174BRV404"
                ],
                "count": 3
            }
        ]
    }
]