[
    {
        "client_msg_id": "94065f81-534f-4102-9763-d7c6063cac38",
        "type": "message",
        "text": "Sorry running a bit behind due to a car insurance call.",
        "user": "UKVC4NB71",
        "ts": "1602062792.033700",
        "team": "TKFJE6LDR",
        "user_team": "TKFJE6LDR",
        "source_team": "TKFJE6LDR",
        "user_profile": {
            "avatar_hash": "c7d9788d4436",
            "image_72": "https:\/\/avatars.slack-edge.com\/2019-10-30\/814314609877_c7d9788d4436969613a7_72.jpg",
            "first_name": "Jared",
            "real_name": "Jared Morgan",
            "display_name": "jaredmorgs",
            "team": "TKFJE6LDR",
            "name": "jaredleonmorgan",
            "is_restricted": false,
            "is_ultra_restricted": false
        },
        "blocks": [
            {
                "type": "rich_text",
                "block_id": "+Zuj",
                "elements": [
                    {
                        "type": "rich_text_section",
                        "elements": [
                            {
                                "type": "text",
                                "text": "Sorry running a bit behind due to a car insurance call."
                            }
                        ]
                    }
                ]
            }
        ]
    },
    {
        "client_msg_id": "b94b925b-f9f2-4c97-ae4a-1fb7f3d4459d",
        "type": "message",
        "text": "lol, i'm two minutes behind you, just grabbing a drink",
        "user": "UQ553K7DY",
        "ts": "1602062972.034000",
        "team": "TKFJE6LDR",
        "user_team": "TKFJE6LDR",
        "source_team": "TKFJE6LDR",
        "user_profile": {
            "avatar_hash": "e0f8604c1079",
            "image_72": "https:\/\/avatars.slack-edge.com\/2020-10-26\/1445509834998_e0f8604c1079f923f3e9_72.png",
            "first_name": "Loquacity",
            "real_name": "Loquacity",
            "display_name": "Loquacity",
            "team": "TKFJE6LDR",
            "name": "slack1",
            "is_restricted": false,
            "is_ultra_restricted": false
        },
        "blocks": [
            {
                "type": "rich_text",
                "block_id": "sLc8",
                "elements": [
                    {
                        "type": "rich_text_section",
                        "elements": [
                            {
                                "type": "text",
                                "text": "lol, i'm two minutes behind you, just grabbing a drink"
                            }
                        ]
                    }
                ]
            }
        ]
    },
    {
        "client_msg_id": "f3961a41-cce2-46b9-a7dd-678518a0f269",
        "type": "message",
        "text": "joining now",
        "user": "UKVC4NB71",
        "ts": "1602063292.034400",
        "team": "TKFJE6LDR",
        "user_team": "TKFJE6LDR",
        "source_team": "TKFJE6LDR",
        "user_profile": {
            "avatar_hash": "c7d9788d4436",
            "image_72": "https:\/\/avatars.slack-edge.com\/2019-10-30\/814314609877_c7d9788d4436969613a7_72.jpg",
            "first_name": "Jared",
            "real_name": "Jared Morgan",
            "display_name": "jaredmorgs",
            "team": "TKFJE6LDR",
            "name": "jaredleonmorgan",
            "is_restricted": false,
            "is_ultra_restricted": false
        },
        "blocks": [
            {
                "type": "rich_text",
                "block_id": "wkDb",
                "elements": [
                    {
                        "type": "rich_text_section",
                        "elements": [
                            {
                                "type": "text",
                                "text": "joining now"
                            }
                        ]
                    }
                ]
            }
        ]
    },
    {
        "client_msg_id": "65e48878-240b-44fb-b913-3c266fe43858",
        "type": "message",
        "text": "<https:\/\/meet.google.com\/nuj-qvxw-vvt?authuser=0> APEC meeting",
        "user": "UKTGLQNGG",
        "ts": "1602063294.034500",
        "team": "TKFJE6LDR",
        "user_team": "TKFJE6LDR",
        "source_team": "TKFJE6LDR",
        "user_profile": {
            "avatar_hash": "d6f4de222bb1",
            "image_72": "https:\/\/avatars.slack-edge.com\/2020-07-20\/1235580478119_d6f4de222bb1ed6b5960_72.jpg",
            "first_name": "Cameron",
            "real_name": "Cameron Shorter",
            "display_name": "cameronshorter",
            "team": "TKFJE6LDR",
            "name": "cameron.shorter",
            "is_restricted": false,
            "is_ultra_restricted": false
        },
        "attachments": [
            {
                "title": "Meet",
                "title_link": "https:\/\/meet.google.com\/nuj-qvxw-vvt?authuser=0",
                "text": "Real-time meetings by Google. Using your browser, share your video, desktop, and presentations with teammates and customers.",
                "fallback": "Meet",
                "thumb_url": "https:\/\/www.gstatic.com\/images\/branding\/product\/2x\/meet_96dp.png",
                "from_url": "https:\/\/meet.google.com\/nuj-qvxw-vvt?authuser=0",
                "thumb_width": 192,
                "thumb_height": 192,
                "service_icon": "http:\/\/www.gstatic.com\/images\/branding\/product\/1x\/meet_16dp.png",
                "service_name": "meet.google.com",
                "id": 1,
                "original_url": "https:\/\/meet.google.com\/nuj-qvxw-vvt?authuser=0"
            }
        ],
        "blocks": [
            {
                "type": "rich_text",
                "block_id": "AGg+",
                "elements": [
                    {
                        "type": "rich_text_section",
                        "elements": [
                            {
                                "type": "link",
                                "url": "https:\/\/meet.google.com\/nuj-qvxw-vvt?authuser=0"
                            },
                            {
                                "type": "text",
                                "text": " APEC meeting"
                            }
                        ]
                    }
                ]
            }
        ]
    },
    {
        "client_msg_id": "2f6b4f76-4914-484f-bf67-59c480907c99",
        "type": "message",
        "text": "I've discovered that I can update our <https:\/\/thegooddocsproject.dev\/who-are-we.html|webpages> with a simple <https:\/\/github.com\/thegooddocsproject\/thegooddocsproject.github.io\/commit\/8eddbbe1768d30671602da9843a015e87c71280f#diff-71d3da6a97eb623311ddc01745613980|commit update> from github's web interface, without triggering a pull request review from someone else. (I've just included Alyssa on the PSC list, which I'm embarrassed to admit that I missed on the last update.) I feel we should have a second person check  each website update. <@U012Y26QWNA> (or others) I'm wondering if I can lean on you for advice on setting this up? We can discuss in today's meeting.",
        "user": "UKTGLQNGG",
        "ts": "1602099937.039400",
        "team": "TKFJE6LDR",
        "user_team": "TKFJE6LDR",
        "source_team": "TKFJE6LDR",
        "user_profile": {
            "avatar_hash": "d6f4de222bb1",
            "image_72": "https:\/\/avatars.slack-edge.com\/2020-07-20\/1235580478119_d6f4de222bb1ed6b5960_72.jpg",
            "first_name": "Cameron",
            "real_name": "Cameron Shorter",
            "display_name": "cameronshorter",
            "team": "TKFJE6LDR",
            "name": "cameron.shorter",
            "is_restricted": false,
            "is_ultra_restricted": false
        },
        "attachments": [
            {
                "title": "The Good Docs Project",
                "title_link": "https:\/\/thegooddocsproject.dev\/who-are-we.html",
                "text": "Templates to make good docs.",
                "fallback": "The Good Docs Project",
                "from_url": "https:\/\/thegooddocsproject.dev\/who-are-we.html",
                "service_name": "thegooddocsproject.dev",
                "id": 1,
                "original_url": "https:\/\/thegooddocsproject.dev\/who-are-we.html"
            }
        ],
        "blocks": [
            {
                "type": "rich_text",
                "block_id": "UBMBS",
                "elements": [
                    {
                        "type": "rich_text_section",
                        "elements": [
                            {
                                "type": "text",
                                "text": "I've discovered that I can update our "
                            },
                            {
                                "type": "link",
                                "url": "https:\/\/thegooddocsproject.dev\/who-are-we.html",
                                "text": "webpages"
                            },
                            {
                                "type": "text",
                                "text": " with a simple "
                            },
                            {
                                "type": "link",
                                "url": "https:\/\/github.com\/thegooddocsproject\/thegooddocsproject.github.io\/commit\/8eddbbe1768d30671602da9843a015e87c71280f#diff-71d3da6a97eb623311ddc01745613980",
                                "text": "commit update"
                            },
                            {
                                "type": "text",
                                "text": " from github's web interface, without triggering a pull request review from someone else. (I've just included Alyssa on the PSC list, which I'm embarrassed to admit that I missed on the last update.) I feel we should have a second person check  each website update. "
                            },
                            {
                                "type": "user",
                                "user_id": "U012Y26QWNA"
                            },
                            {
                                "type": "text",
                                "text": " (or others) I'm wondering if I can lean on you for advice on setting this up? We can discuss in today's meeting."
                            }
                        ]
                    }
                ]
            }
        ],
        "thread_ts": "1602099937.039400",
        "reply_count": 5,
        "reply_users_count": 2,
        "latest_reply": "1602196484.056100",
        "reply_users": [
            "UKV4ZPEFQ",
            "U012Y26QWNA"
        ],
        "replies": [
            {
                "user": "UKV4ZPEFQ",
                "ts": "1602110516.050800"
            },
            {
                "user": "UKV4ZPEFQ",
                "ts": "1602110661.051100"
            },
            {
                "user": "U012Y26QWNA",
                "ts": "1602151451.051600"
            },
            {
                "user": "U012Y26QWNA",
                "ts": "1602151562.052000"
            },
            {
                "user": "UKV4ZPEFQ",
                "ts": "1602196484.056100"
            }
        ],
        "subscribed": true,
        "last_read": "1602196484.056100"
    },
    {
        "client_msg_id": "ac824df1-1d93-41b8-b5fb-c7523aa8d981",
        "type": "message",
        "text": "Duty calls and I have a conflict today for the meeting.",
        "user": "U018BJR6JQN",
        "ts": "1602103230.040100",
        "team": "TKFJE6LDR",
        "user_team": "TKFJE6LDR",
        "source_team": "TKFJE6LDR",
        "user_profile": {
            "avatar_hash": "97b8f5caa203",
            "image_72": "https:\/\/avatars.slack-edge.com\/2020-08-09\/1283637239046_97b8f5caa203a559ac3e_72.jpg",
            "first_name": "",
            "real_name": "Bryan Klein",
            "display_name": "Bryan Klein",
            "team": "TKFJE6LDR",
            "name": "klein",
            "is_restricted": false,
            "is_ultra_restricted": false
        },
        "blocks": [
            {
                "type": "rich_text",
                "block_id": "LN4",
                "elements": [
                    {
                        "type": "rich_text_section",
                        "elements": [
                            {
                                "type": "text",
                                "text": "Duty calls and I have a conflict today for the meeting."
                            }
                        ]
                    }
                ]
            }
        ]
    },
    {
        "client_msg_id": "141d35b2-1dbf-4e05-b92c-e41357fb508f",
        "type": "message",
        "text": "Same for me!",
        "user": "U012KCMPP0V",
        "ts": "1602103724.040300",
        "team": "TKFJE6LDR",
        "user_team": "TKFJE6LDR",
        "source_team": "TKFJE6LDR",
        "user_profile": {
            "avatar_hash": "b26729f0b5f2",
            "image_72": "https:\/\/avatars.slack-edge.com\/2020-04-27\/1089031639347_b26729f0b5f2375494a1_72.png",
            "first_name": "Alyssa",
            "real_name": "Alyssa",
            "display_name": "Alyssa",
            "team": "TKFJE6LDR",
            "name": "alyssa.rock.biz",
            "is_restricted": false,
            "is_ultra_restricted": false
        },
        "blocks": [
            {
                "type": "rich_text",
                "block_id": "sae",
                "elements": [
                    {
                        "type": "rich_text_section",
                        "elements": [
                            {
                                "type": "text",
                                "text": "Same for me!"
                            }
                        ]
                    }
                ]
            }
        ]
    },
    {
        "client_msg_id": "a078ab67-1741-4aaa-9ff9-37bdf09ead5a",
        "type": "message",
        "text": "US\/AU meeting now <https:\/\/meet.google.com\/nuj-qvxw-vvt?authuser=0> Notes: <https:\/\/docs.google.com\/document\/d\/13xr5PLMMqm6Rz_yXzxl5WMOwY9H6liB1abU_i0-ws60\/>",
        "user": "UKTGLQNGG",
        "ts": "1602104369.040800",
        "team": "TKFJE6LDR",
        "user_team": "TKFJE6LDR",
        "source_team": "TKFJE6LDR",
        "user_profile": {
            "avatar_hash": "d6f4de222bb1",
            "image_72": "https:\/\/avatars.slack-edge.com\/2020-07-20\/1235580478119_d6f4de222bb1ed6b5960_72.jpg",
            "first_name": "Cameron",
            "real_name": "Cameron Shorter",
            "display_name": "cameronshorter",
            "team": "TKFJE6LDR",
            "name": "cameron.shorter",
            "is_restricted": false,
            "is_ultra_restricted": false
        },
        "attachments": [
            {
                "title": "Meet",
                "title_link": "https:\/\/meet.google.com\/nuj-qvxw-vvt?authuser=0",
                "text": "Real-time meetings by Google. Using your browser, share your video, desktop, and presentations with teammates and customers.",
                "fallback": "Meet",
                "thumb_url": "https:\/\/www.gstatic.com\/images\/branding\/product\/2x\/meet_96dp.png",
                "from_url": "https:\/\/meet.google.com\/nuj-qvxw-vvt?authuser=0",
                "thumb_width": 192,
                "thumb_height": 192,
                "service_icon": "http:\/\/www.gstatic.com\/images\/branding\/product\/1x\/meet_16dp.png",
                "service_name": "meet.google.com",
                "id": 1,
                "original_url": "https:\/\/meet.google.com\/nuj-qvxw-vvt?authuser=0"
            }
        ],
        "blocks": [
            {
                "type": "rich_text",
                "block_id": "bsq",
                "elements": [
                    {
                        "type": "rich_text_section",
                        "elements": [
                            {
                                "type": "text",
                                "text": "US\/AU meeting now "
                            },
                            {
                                "type": "link",
                                "url": "https:\/\/meet.google.com\/nuj-qvxw-vvt?authuser=0"
                            },
                            {
                                "type": "text",
                                "text": " Notes: "
                            },
                            {
                                "type": "link",
                                "url": "https:\/\/docs.google.com\/document\/d\/13xr5PLMMqm6Rz_yXzxl5WMOwY9H6liB1abU_i0-ws60\/"
                            }
                        ]
                    }
                ]
            }
        ]
    },
    {
        "type": "message",
        "text": "Permission updates\n\n1. First off *Roles*_, specifically *Owner gives FULL ADMIN* and you don’t need to belong to any team because you have full-access to EVERYTHING_ ",
        "files": [
            {
                "id": "F01BZDBHR2S",
                "created": 1602108050,
                "timestamp": 1602108050,
                "name": "github-roles-owners-have-all-admin.gif",
                "title": "github-roles-owners-have-all-admin.gif",
                "mimetype": "image\/gif",
                "filetype": "gif",
                "pretty_type": "GIF",
                "user": "U012Y26QWNA",
                "editable": false,
                "size": 6882560,
                "mode": "hosted",
                "is_external": false,
                "external_type": "",
                "is_public": true,
                "public_url_shared": false,
                "display_as_bot": false,
                "username": "",
                "url_private": "https:\/\/files.slack.com\/files-pri\/TKFJE6LDR-F01BZDBHR2S\/github-roles-owners-have-all-admin.gif?t=xoxe-661626224467-1569526674690-1562795895158-d39017af3b428bb8f8343c45199c28ef",
                "url_private_download": "https:\/\/files.slack.com\/files-pri\/TKFJE6LDR-F01BZDBHR2S\/download\/github-roles-owners-have-all-admin.gif?t=xoxe-661626224467-1569526674690-1562795895158-d39017af3b428bb8f8343c45199c28ef",
                "thumb_64": "https:\/\/files.slack.com\/files-tmb\/TKFJE6LDR-F01BZDBHR2S-795098e257\/github-roles-owners-have-all-admin_64.png?t=xoxe-661626224467-1569526674690-1562795895158-d39017af3b428bb8f8343c45199c28ef",
                "thumb_80": "https:\/\/files.slack.com\/files-tmb\/TKFJE6LDR-F01BZDBHR2S-795098e257\/github-roles-owners-have-all-admin_80.png?t=xoxe-661626224467-1569526674690-1562795895158-d39017af3b428bb8f8343c45199c28ef",
                "thumb_360": "https:\/\/files.slack.com\/files-tmb\/TKFJE6LDR-F01BZDBHR2S-795098e257\/github-roles-owners-have-all-admin_360.png?t=xoxe-661626224467-1569526674690-1562795895158-d39017af3b428bb8f8343c45199c28ef",
                "thumb_360_w": 360,
                "thumb_360_h": 264,
                "thumb_480": "https:\/\/files.slack.com\/files-tmb\/TKFJE6LDR-F01BZDBHR2S-795098e257\/github-roles-owners-have-all-admin_480.png?t=xoxe-661626224467-1569526674690-1562795895158-d39017af3b428bb8f8343c45199c28ef",
                "thumb_480_w": 480,
                "thumb_480_h": 352,
                "thumb_160": "https:\/\/files.slack.com\/files-tmb\/TKFJE6LDR-F01BZDBHR2S-795098e257\/github-roles-owners-have-all-admin_160.png?t=xoxe-661626224467-1569526674690-1562795895158-d39017af3b428bb8f8343c45199c28ef",
                "thumb_720": "https:\/\/files.slack.com\/files-tmb\/TKFJE6LDR-F01BZDBHR2S-795098e257\/github-roles-owners-have-all-admin_720.png?t=xoxe-661626224467-1569526674690-1562795895158-d39017af3b428bb8f8343c45199c28ef",
                "thumb_720_w": 720,
                "thumb_720_h": 527,
                "thumb_800": "https:\/\/files.slack.com\/files-tmb\/TKFJE6LDR-F01BZDBHR2S-795098e257\/github-roles-owners-have-all-admin_800.png?t=xoxe-661626224467-1569526674690-1562795895158-d39017af3b428bb8f8343c45199c28ef",
                "thumb_800_w": 800,
                "thumb_800_h": 586,
                "thumb_960": "https:\/\/files.slack.com\/files-tmb\/TKFJE6LDR-F01BZDBHR2S-795098e257\/github-roles-owners-have-all-admin_960.png?t=xoxe-661626224467-1569526674690-1562795895158-d39017af3b428bb8f8343c45199c28ef",
                "thumb_960_w": 960,
                "thumb_960_h": 703,
                "thumb_1024": "https:\/\/files.slack.com\/files-tmb\/TKFJE6LDR-F01BZDBHR2S-795098e257\/github-roles-owners-have-all-admin_1024.png?t=xoxe-661626224467-1569526674690-1562795895158-d39017af3b428bb8f8343c45199c28ef",
                "thumb_1024_w": 1024,
                "thumb_1024_h": 750,
                "thumb_360_gif": "https:\/\/files.slack.com\/files-tmb\/TKFJE6LDR-F01BZDBHR2S-795098e257\/github-roles-owners-have-all-admin_360.gif?t=xoxe-661626224467-1569526674690-1562795895158-d39017af3b428bb8f8343c45199c28ef",
                "thumb_480_gif": "https:\/\/files.slack.com\/files-tmb\/TKFJE6LDR-F01BZDBHR2S-795098e257\/github-roles-owners-have-all-admin_480.gif?t=xoxe-661626224467-1569526674690-1562795895158-d39017af3b428bb8f8343c45199c28ef",
                "original_w": 1339,
                "original_h": 981,
                "deanimate_gif": "https:\/\/files.slack.com\/files-tmb\/TKFJE6LDR-F01BZDBHR2S-795098e257\/github-roles-owners-have-all-admin_deanimate_gif.png?t=xoxe-661626224467-1569526674690-1562795895158-d39017af3b428bb8f8343c45199c28ef",
                "thumb_tiny": "AwAjADC2bZv+e8n50n2dv+e8v51ZPSkGMUAVxbt\/z8S\/nQbZz\/y8S\/nVijFAFf7K3\/PzL+dH2Vv+fiX86sdRwcUAHHJyaAFPSk59qU9KQfSgBfwpCcAn0FApSMjFAFc3BXOQMYyDVikVdqgDoOKWgAPSm5px6U3vQA6iiigAooooA\/\/Z",
                "permalink": "https:\/\/thegooddocs.slack.com\/files\/U012Y26QWNA\/F01BZDBHR2S\/github-roles-owners-have-all-admin.gif",
                "permalink_public": "https:\/\/slack-files.com\/TKFJE6LDR-F01BZDBHR2S-2a729558f3",
                "is_starred": false,
                "has_rich_preview": false
            }
        ],
        "upload": false,
        "blocks": [
            {
                "type": "rich_text",
                "block_id": "aKG",
                "elements": [
                    {
                        "type": "rich_text_section",
                        "elements": [
                            {
                                "type": "text",
                                "text": "Permission updates\n\n"
                            }
                        ]
                    },
                    {
                        "type": "rich_text_list",
                        "style": "ordered",
                        "indent": 0,
                        "elements": [
                            {
                                "type": "rich_text_section",
                                "elements": [
                                    {
                                        "type": "text",
                                        "text": "First off "
                                    },
                                    {
                                        "type": "text",
                                        "text": "Roles",
                                        "style": {
                                            "bold": true
                                        }
                                    },
                                    {
                                        "type": "text",
                                        "text": ", specifically ",
                                        "style": {
                                            "italic": true
                                        }
                                    },
                                    {
                                        "type": "text",
                                        "text": "Owner gives FULL ADMIN",
                                        "style": {
                                            "bold": true,
                                            "italic": true
                                        }
                                    },
                                    {
                                        "type": "text",
                                        "text": " and you don’t need to belong to any team because you have full-access to EVERYTHING ",
                                        "style": {
                                            "italic": true
                                        }
                                    }
                                ]
                            }
                        ]
                    }
                ]
            }
        ],
        "user": "U012Y26QWNA",
        "display_as_bot": false,
        "ts": "1602108135.042000"
    },
    {
        "type": "message",
        "text": "When it comes to *role* *member*, the teams they are in allow us to control which repositories have what permissions",
        "files": [
            {
                "id": "F01C33067A9",
                "created": 1602108242,
                "timestamp": 1602108242,
                "name": "github-teams-templates-perm-types.gif",
                "title": "github-teams-templates-perm-types.gif",
                "mimetype": "image\/gif",
                "filetype": "gif",
                "pretty_type": "GIF",
                "user": "U012Y26QWNA",
                "editable": false,
                "size": 1077998,
                "mode": "hosted",
                "is_external": false,
                "external_type": "",
                "is_public": true,
                "public_url_shared": false,
                "display_as_bot": false,
                "username": "",
                "url_private": "https:\/\/files.slack.com\/files-pri\/TKFJE6LDR-F01C33067A9\/github-teams-templates-perm-types.gif?t=xoxe-661626224467-1569526674690-1562795895158-d39017af3b428bb8f8343c45199c28ef",
                "url_private_download": "https:\/\/files.slack.com\/files-pri\/TKFJE6LDR-F01C33067A9\/download\/github-teams-templates-perm-types.gif?t=xoxe-661626224467-1569526674690-1562795895158-d39017af3b428bb8f8343c45199c28ef",
                "thumb_64": "https:\/\/files.slack.com\/files-tmb\/TKFJE6LDR-F01C33067A9-e72ae36661\/github-teams-templates-perm-types_64.png?t=xoxe-661626224467-1569526674690-1562795895158-d39017af3b428bb8f8343c45199c28ef",
                "thumb_80": "https:\/\/files.slack.com\/files-tmb\/TKFJE6LDR-F01C33067A9-e72ae36661\/github-teams-templates-perm-types_80.png?t=xoxe-661626224467-1569526674690-1562795895158-d39017af3b428bb8f8343c45199c28ef",
                "thumb_360": "https:\/\/files.slack.com\/files-tmb\/TKFJE6LDR-F01C33067A9-e72ae36661\/github-teams-templates-perm-types_360.png?t=xoxe-661626224467-1569526674690-1562795895158-d39017af3b428bb8f8343c45199c28ef",
                "thumb_360_w": 360,
                "thumb_360_h": 263,
                "thumb_480": "https:\/\/files.slack.com\/files-tmb\/TKFJE6LDR-F01C33067A9-e72ae36661\/github-teams-templates-perm-types_480.png?t=xoxe-661626224467-1569526674690-1562795895158-d39017af3b428bb8f8343c45199c28ef",
                "thumb_480_w": 480,
                "thumb_480_h": 350,
                "thumb_160": "https:\/\/files.slack.com\/files-tmb\/TKFJE6LDR-F01C33067A9-e72ae36661\/github-teams-templates-perm-types_160.png?t=xoxe-661626224467-1569526674690-1562795895158-d39017af3b428bb8f8343c45199c28ef",
                "thumb_720": "https:\/\/files.slack.com\/files-tmb\/TKFJE6LDR-F01C33067A9-e72ae36661\/github-teams-templates-perm-types_720.png?t=xoxe-661626224467-1569526674690-1562795895158-d39017af3b428bb8f8343c45199c28ef",
                "thumb_720_w": 720,
                "thumb_720_h": 526,
                "thumb_800": "https:\/\/files.slack.com\/files-tmb\/TKFJE6LDR-F01C33067A9-e72ae36661\/github-teams-templates-perm-types_800.png?t=xoxe-661626224467-1569526674690-1562795895158-d39017af3b428bb8f8343c45199c28ef",
                "thumb_800_w": 800,
                "thumb_800_h": 584,
                "thumb_960": "https:\/\/files.slack.com\/files-tmb\/TKFJE6LDR-F01C33067A9-e72ae36661\/github-teams-templates-perm-types_960.png?t=xoxe-661626224467-1569526674690-1562795895158-d39017af3b428bb8f8343c45199c28ef",
                "thumb_960_w": 960,
                "thumb_960_h": 701,
                "thumb_1024": "https:\/\/files.slack.com\/files-tmb\/TKFJE6LDR-F01C33067A9-e72ae36661\/github-teams-templates-perm-types_1024.png?t=xoxe-661626224467-1569526674690-1562795895158-d39017af3b428bb8f8343c45199c28ef",
                "thumb_1024_w": 1024,
                "thumb_1024_h": 747,
                "thumb_360_gif": "https:\/\/files.slack.com\/files-tmb\/TKFJE6LDR-F01C33067A9-e72ae36661\/github-teams-templates-perm-types_360.gif?t=xoxe-661626224467-1569526674690-1562795895158-d39017af3b428bb8f8343c45199c28ef",
                "thumb_480_gif": "https:\/\/files.slack.com\/files-tmb\/TKFJE6LDR-F01C33067A9-e72ae36661\/github-teams-templates-perm-types_480.gif?t=xoxe-661626224467-1569526674690-1562795895158-d39017af3b428bb8f8343c45199c28ef",
                "original_w": 1296,
                "original_h": 946,
                "deanimate_gif": "https:\/\/files.slack.com\/files-tmb\/TKFJE6LDR-F01C33067A9-e72ae36661\/github-teams-templates-perm-types_deanimate_gif.png?t=xoxe-661626224467-1569526674690-1562795895158-d39017af3b428bb8f8343c45199c28ef",
                "thumb_tiny": "AwAjADC39jh\/un86T7FD\/d\/WrNFAFb7FD\/cP\/fVH2GA9UP8A30an2ijaPSgCD7Db\/wBw\/wDfRo+wwf3D\/wB9GrApaACkIzS0goAMcUAUtN3c4oAUDFLSHkEUKMDH9aAFpvanU3tQAP8AcpinkU9\/uGmL1FAEnrS0nrS0Af\/Z",
                "permalink": "https:\/\/thegooddocs.slack.com\/files\/U012Y26QWNA\/F01C33067A9\/github-teams-templates-perm-types.gif",
                "permalink_public": "https:\/\/slack-files.com\/TKFJE6LDR-F01C33067A9-fb89460b02",
                "is_starred": false,
                "has_rich_preview": false
            }
        ],
        "upload": false,
        "blocks": [
            {
                "type": "rich_text",
                "block_id": "VfXqp",
                "elements": [
                    {
                        "type": "rich_text_section",
                        "elements": [
                            {
                                "type": "text",
                                "text": "When it comes to "
                            },
                            {
                                "type": "text",
                                "text": "role",
                                "style": {
                                    "bold": true
                                }
                            },
                            {
                                "type": "text",
                                "text": " "
                            },
                            {
                                "type": "text",
                                "text": "member",
                                "style": {
                                    "bold": true
                                }
                            },
                            {
                                "type": "text",
                                "text": ", the teams they are in allow us to control which repositories have what permissions"
                            }
                        ]
                    }
                ]
            }
        ],
        "user": "U012Y26QWNA",
        "display_as_bot": false,
        "ts": "1602108266.043500"
    },
    {
        "type": "message",
        "text": "Of the two teams website and discuss have no repositories assigned.  The _glossary_ team has full admin.",
        "files": [
            {
                "id": "F01CJQ6QM2M",
                "created": 1602108314,
                "timestamp": 1602108314,
                "name": "github-team-website-is-empty.gif",
                "title": "github-team-website-is-empty.gif",
                "mimetype": "image\/gif",
                "filetype": "gif",
                "pretty_type": "GIF",
                "user": "U012Y26QWNA",
                "editable": false,
                "size": 2573234,
                "mode": "hosted",
                "is_external": false,
                "external_type": "",
                "is_public": true,
                "public_url_shared": false,
                "display_as_bot": false,
                "username": "",
                "url_private": "https:\/\/files.slack.com\/files-pri\/TKFJE6LDR-F01CJQ6QM2M\/github-team-website-is-empty.gif?t=xoxe-661626224467-1569526674690-1562795895158-d39017af3b428bb8f8343c45199c28ef",
                "url_private_download": "https:\/\/files.slack.com\/files-pri\/TKFJE6LDR-F01CJQ6QM2M\/download\/github-team-website-is-empty.gif?t=xoxe-661626224467-1569526674690-1562795895158-d39017af3b428bb8f8343c45199c28ef",
                "thumb_64": "https:\/\/files.slack.com\/files-tmb\/TKFJE6LDR-F01CJQ6QM2M-90193c91f0\/github-team-website-is-empty_64.png?t=xoxe-661626224467-1569526674690-1562795895158-d39017af3b428bb8f8343c45199c28ef",
                "thumb_80": "https:\/\/files.slack.com\/files-tmb\/TKFJE6LDR-F01CJQ6QM2M-90193c91f0\/github-team-website-is-empty_80.png?t=xoxe-661626224467-1569526674690-1562795895158-d39017af3b428bb8f8343c45199c28ef",
                "thumb_360": "https:\/\/files.slack.com\/files-tmb\/TKFJE6LDR-F01CJQ6QM2M-90193c91f0\/github-team-website-is-empty_360.png?t=xoxe-661626224467-1569526674690-1562795895158-d39017af3b428bb8f8343c45199c28ef",
                "thumb_360_w": 360,
                "thumb_360_h": 262,
                "thumb_480": "https:\/\/files.slack.com\/files-tmb\/TKFJE6LDR-F01CJQ6QM2M-90193c91f0\/github-team-website-is-empty_480.png?t=xoxe-661626224467-1569526674690-1562795895158-d39017af3b428bb8f8343c45199c28ef",
                "thumb_480_w": 480,
                "thumb_480_h": 350,
                "thumb_160": "https:\/\/files.slack.com\/files-tmb\/TKFJE6LDR-F01CJQ6QM2M-90193c91f0\/github-team-website-is-empty_160.png?t=xoxe-661626224467-1569526674690-1562795895158-d39017af3b428bb8f8343c45199c28ef",
                "thumb_720": "https:\/\/files.slack.com\/files-tmb\/TKFJE6LDR-F01CJQ6QM2M-90193c91f0\/github-team-website-is-empty_720.png?t=xoxe-661626224467-1569526674690-1562795895158-d39017af3b428bb8f8343c45199c28ef",
                "thumb_720_w": 720,
                "thumb_720_h": 525,
                "thumb_800": "https:\/\/files.slack.com\/files-tmb\/TKFJE6LDR-F01CJQ6QM2M-90193c91f0\/github-team-website-is-empty_800.png?t=xoxe-661626224467-1569526674690-1562795895158-d39017af3b428bb8f8343c45199c28ef",
                "thumb_800_w": 800,
                "thumb_800_h": 583,
                "thumb_960": "https:\/\/files.slack.com\/files-tmb\/TKFJE6LDR-F01CJQ6QM2M-90193c91f0\/github-team-website-is-empty_960.png?t=xoxe-661626224467-1569526674690-1562795895158-d39017af3b428bb8f8343c45199c28ef",
                "thumb_960_w": 960,
                "thumb_960_h": 699,
                "thumb_1024": "https:\/\/files.slack.com\/files-tmb\/TKFJE6LDR-F01CJQ6QM2M-90193c91f0\/github-team-website-is-empty_1024.png?t=xoxe-661626224467-1569526674690-1562795895158-d39017af3b428bb8f8343c45199c28ef",
                "thumb_1024_w": 1024,
                "thumb_1024_h": 746,
                "thumb_360_gif": "https:\/\/files.slack.com\/files-tmb\/TKFJE6LDR-F01CJQ6QM2M-90193c91f0\/github-team-website-is-empty_360.gif?t=xoxe-661626224467-1569526674690-1562795895158-d39017af3b428bb8f8343c45199c28ef",
                "thumb_480_gif": "https:\/\/files.slack.com\/files-tmb\/TKFJE6LDR-F01CJQ6QM2M-90193c91f0\/github-team-website-is-empty_480.gif?t=xoxe-661626224467-1569526674690-1562795895158-d39017af3b428bb8f8343c45199c28ef",
                "original_w": 1348,
                "original_h": 982,
                "deanimate_gif": "https:\/\/files.slack.com\/files-tmb\/TKFJE6LDR-F01CJQ6QM2M-90193c91f0\/github-team-website-is-empty_deanimate_gif.png?t=xoxe-661626224467-1569526674690-1562795895158-d39017af3b428bb8f8343c45199c28ef",
                "thumb_tiny": "AwAiADDTwKTHsKWkIPagBMH2\/KjB9vypecUc4oAPwFGB6UDPeloAKQGlpAOKAFpMjOKGGRTVUg0AOOSODj3oHTk5opaAEpaSigApaSigBaSiigD\/2Q==",
                "permalink": "https:\/\/thegooddocs.slack.com\/files\/U012Y26QWNA\/F01CJQ6QM2M\/github-team-website-is-empty.gif",
                "permalink_public": "https:\/\/slack-files.com\/TKFJE6LDR-F01CJQ6QM2M-17f7ea80c0",
                "is_starred": false,
                "has_rich_preview": false
            }
        ],
        "upload": false,
        "blocks": [
            {
                "type": "rich_text",
                "block_id": "ORvlJ",
                "elements": [
                    {
                        "type": "rich_text_section",
                        "elements": [
                            {
                                "type": "text",
                                "text": "Of the two teams website and discuss have no repositories assigned.  The "
                            },
                            {
                                "type": "text",
                                "text": "glossary",
                                "style": {
                                    "italic": true
                                }
                            },
                            {
                                "type": "text",
                                "text": " team has full admin."
                            }
                        ]
                    }
                ]
            }
        ],
        "user": "U012Y26QWNA",
        "display_as_bot": false,
        "ts": "1602108329.044100",
        "edited": {
            "user": "U012Y26QWNA",
            "ts": "1602151093.000000"
        }
    },
    {
        "client_msg_id": "8a528662-670d-46a6-95b7-a10b330d7da0",
        "type": "message",
        "text": "permissions for the website were being managed at the repo level, so I added it to the _website_ team and set `write` perms.  we can change that if we want, but seemed like a good middle-ground.  Believe anyone working on this from the <#C019Y7ZCKR7|hugo-migration> would need access.",
        "user": "U012Y26QWNA",
        "ts": "1602109021.047800",
        "team": "TKFJE6LDR",
        "user_team": "TKFJE6LDR",
        "source_team": "TKFJE6LDR",
        "user_profile": {
            "avatar_hash": "b91365ff7b22",
            "image_72": "https:\/\/avatars.slack-edge.com\/2020-05-06\/1092095570535_b91365ff7b22e688f785_72.jpg",
            "first_name": "",
            "real_name": "Morgan Craft",
            "display_name": "Morgan Craft",
            "team": "TKFJE6LDR",
            "name": "morgan",
            "is_restricted": false,
            "is_ultra_restricted": false
        },
        "blocks": [
            {
                "type": "rich_text",
                "block_id": "2UC",
                "elements": [
                    {
                        "type": "rich_text_section",
                        "elements": [
                            {
                                "type": "text",
                                "text": "permissions for the website were being managed at the repo level, so I added it to the "
                            },
                            {
                                "type": "text",
                                "text": "website",
                                "style": {
                                    "italic": true
                                }
                            },
                            {
                                "type": "text",
                                "text": " team and set "
                            },
                            {
                                "type": "text",
                                "text": "write",
                                "style": {
                                    "code": true
                                }
                            },
                            {
                                "type": "text",
                                "text": " perms.  we can change that if we want, but seemed like a good middle-ground.  Believe anyone working on this from the "
                            },
                            {
                                "type": "channel",
                                "channel_id": "C019Y7ZCKR7"
                            },
                            {
                                "type": "text",
                                "text": " would need access."
                            }
                        ]
                    }
                ]
            }
        ],
        "reactions": [
            {
                "name": "+1",
                "users": [
                    "UKV4ZPEFQ"
                ],
                "count": 1
            }
        ]
    },
    {
        "type": "message",
        "text": "",
        "files": [
            {
                "id": "F01C33PHBCM",
                "created": 1602109040,
                "timestamp": 1602109040,
                "name": "2020-10-07 18.10.02.gif",
                "title": "2020-10-07 18.10.02.gif",
                "mimetype": "image\/gif",
                "filetype": "gif",
                "pretty_type": "GIF",
                "user": "U012Y26QWNA",
                "editable": false,
                "size": 459643,
                "mode": "hosted",
                "is_external": false,
                "external_type": "",
                "is_public": true,
                "public_url_shared": false,
                "display_as_bot": false,
                "username": "",
                "url_private": "https:\/\/files.slack.com\/files-pri\/TKFJE6LDR-F01C33PHBCM\/2020-10-07_18.10.02.gif?t=xoxe-661626224467-1569526674690-1562795895158-d39017af3b428bb8f8343c45199c28ef",
                "url_private_download": "https:\/\/files.slack.com\/files-pri\/TKFJE6LDR-F01C33PHBCM\/download\/2020-10-07_18.10.02.gif?t=xoxe-661626224467-1569526674690-1562795895158-d39017af3b428bb8f8343c45199c28ef",
                "thumb_64": "https:\/\/files.slack.com\/files-tmb\/TKFJE6LDR-F01C33PHBCM-69531bced2\/2020-10-07_18.10.02_64.png?t=xoxe-661626224467-1569526674690-1562795895158-d39017af3b428bb8f8343c45199c28ef",
                "thumb_80": "https:\/\/files.slack.com\/files-tmb\/TKFJE6LDR-F01C33PHBCM-69531bced2\/2020-10-07_18.10.02_80.png?t=xoxe-661626224467-1569526674690-1562795895158-d39017af3b428bb8f8343c45199c28ef",
                "thumb_360": "https:\/\/files.slack.com\/files-tmb\/TKFJE6LDR-F01C33PHBCM-69531bced2\/2020-10-07_18.10.02_360.png?t=xoxe-661626224467-1569526674690-1562795895158-d39017af3b428bb8f8343c45199c28ef",
                "thumb_360_w": 360,
                "thumb_360_h": 261,
                "thumb_480": "https:\/\/files.slack.com\/files-tmb\/TKFJE6LDR-F01C33PHBCM-69531bced2\/2020-10-07_18.10.02_480.png?t=xoxe-661626224467-1569526674690-1562795895158-d39017af3b428bb8f8343c45199c28ef",
                "thumb_480_w": 480,
                "thumb_480_h": 349,
                "thumb_160": "https:\/\/files.slack.com\/files-tmb\/TKFJE6LDR-F01C33PHBCM-69531bced2\/2020-10-07_18.10.02_160.png?t=xoxe-661626224467-1569526674690-1562795895158-d39017af3b428bb8f8343c45199c28ef",
                "thumb_720": "https:\/\/files.slack.com\/files-tmb\/TKFJE6LDR-F01C33PHBCM-69531bced2\/2020-10-07_18.10.02_720.png?t=xoxe-661626224467-1569526674690-1562795895158-d39017af3b428bb8f8343c45199c28ef",
                "thumb_720_w": 720,
                "thumb_720_h": 523,
                "thumb_800": "https:\/\/files.slack.com\/files-tmb\/TKFJE6LDR-F01C33PHBCM-69531bced2\/2020-10-07_18.10.02_800.png?t=xoxe-661626224467-1569526674690-1562795895158-d39017af3b428bb8f8343c45199c28ef",
                "thumb_800_w": 800,
                "thumb_800_h": 581,
                "thumb_960": "https:\/\/files.slack.com\/files-tmb\/TKFJE6LDR-F01C33PHBCM-69531bced2\/2020-10-07_18.10.02_960.png?t=xoxe-661626224467-1569526674690-1562795895158-d39017af3b428bb8f8343c45199c28ef",
                "thumb_960_w": 960,
                "thumb_960_h": 697,
                "thumb_1024": "https:\/\/files.slack.com\/files-tmb\/TKFJE6LDR-F01C33PHBCM-69531bced2\/2020-10-07_18.10.02_1024.png?t=xoxe-661626224467-1569526674690-1562795895158-d39017af3b428bb8f8343c45199c28ef",
                "thumb_1024_w": 1024,
                "thumb_1024_h": 744,
                "thumb_360_gif": "https:\/\/files.slack.com\/files-tmb\/TKFJE6LDR-F01C33PHBCM-69531bced2\/2020-10-07_18.10.02_360.gif?t=xoxe-661626224467-1569526674690-1562795895158-d39017af3b428bb8f8343c45199c28ef",
                "thumb_480_gif": "https:\/\/files.slack.com\/files-tmb\/TKFJE6LDR-F01C33PHBCM-69531bced2\/2020-10-07_18.10.02_480.gif?t=xoxe-661626224467-1569526674690-1562795895158-d39017af3b428bb8f8343c45199c28ef",
                "original_w": 1351,
                "original_h": 981,
                "deanimate_gif": "https:\/\/files.slack.com\/files-tmb\/TKFJE6LDR-F01C33PHBCM-69531bced2\/2020-10-07_18.10.02_deanimate_gif.png?t=xoxe-661626224467-1569526674690-1562795895158-d39017af3b428bb8f8343c45199c28ef",
                "thumb_tiny": "AwAiADC39mb\/AJ7yfnSfZj\/z3l\/OrNGKAKqwE\/8ALaYfWlNqx\/5eJfzqxz6Uc+lAFf7K3\/PxL+dH2Vv+fiX86s0UAFFFFABRRRQAUUUUAFFFFABRRRQAUUUUAf\/Z",
                "permalink": "https:\/\/thegooddocs.slack.com\/files\/U012Y26QWNA\/F01C33PHBCM\/2020-10-07_18.10.02.gif",
                "permalink_public": "https:\/\/slack-files.com\/TKFJE6LDR-F01C33PHBCM-9bbb10708f",
                "is_starred": false,
                "has_rich_preview": false
            }
        ],
        "upload": false,
        "user": "U012Y26QWNA",
        "display_as_bot": false,
        "ts": "1602109044.047900"
    },
    {
        "client_msg_id": "84031b59-dd13-447e-a62e-5c16434625af",
        "type": "message",
        "text": "otherwise think we are good for now on the other repos\/perms.  Templates is set to `write` which is good.",
        "user": "U012Y26QWNA",
        "ts": "1602109242.048700",
        "team": "TKFJE6LDR",
        "user_team": "TKFJE6LDR",
        "source_team": "TKFJE6LDR",
        "user_profile": {
            "avatar_hash": "b91365ff7b22",
            "image_72": "https:\/\/avatars.slack-edge.com\/2020-05-06\/1092095570535_b91365ff7b22e688f785_72.jpg",
            "first_name": "",
            "real_name": "Morgan Craft",
            "display_name": "Morgan Craft",
            "team": "TKFJE6LDR",
            "name": "morgan",
            "is_restricted": false,
            "is_ultra_restricted": false
        },
        "blocks": [
            {
                "type": "rich_text",
                "block_id": "eaLpX",
                "elements": [
                    {
                        "type": "rich_text_section",
                        "elements": [
                            {
                                "type": "text",
                                "text": "otherwise think we are good for now on the other repos\/perms.  Templates is set to "
                            },
                            {
                                "type": "text",
                                "text": "write",
                                "style": {
                                    "code": true
                                }
                            },
                            {
                                "type": "text",
                                "text": " which is good."
                            }
                        ]
                    }
                ]
            }
        ]
    },
    {
        "client_msg_id": "9dc39138-31c9-44ec-a0b3-823a014aecf6",
        "type": "message",
        "text": "So I am about to put in a pull request, but have a quick question. Should I directly edit the file \"templates\/.github\/PULL_REQUEST_TEMPLATE.md\" with my explanation of the change? Or is that just for informational purposes and I put my description in the git description of the commit?",
        "user": "U019868JEQ0",
        "ts": "1602109401.050000",
        "team": "TKFJE6LDR",
        "user_team": "TKFJE6LDR",
        "source_team": "TKFJE6LDR",
        "user_profile": {
            "avatar_hash": "966d941975ff",
            "image_72": "https:\/\/avatars.slack-edge.com\/2020-08-09\/1275632926935_966d941975ff884d0fa4_72.jpg",
            "first_name": "",
            "real_name": "Aidan Doherty",
            "display_name": "Aidan Doherty",
            "team": "TKFJE6LDR",
            "name": "contact",
            "is_restricted": false,
            "is_ultra_restricted": false
        },
        "blocks": [
            {
                "type": "rich_text",
                "block_id": "HGOfD",
                "elements": [
                    {
                        "type": "rich_text_section",
                        "elements": [
                            {
                                "type": "text",
                                "text": "So I am about to put in a pull request, but have a quick question. Should I directly edit the file \"templates\/.github\/PULL_REQUEST_TEMPLATE.md\" with my explanation of the change? Or is that just for informational purposes and I put my description in the git description of the commit?"
                            }
                        ]
                    }
                ]
            }
        ]
    },
    {
        "client_msg_id": "5324c6d6-f0e4-4425-a75c-9be5c7860e55",
        "type": "message",
        "text": "I went ahead and assumed the latter. Let me know if I did it wrong :smile:",
        "user": "U019868JEQ0",
        "ts": "1602109965.050400",
        "team": "TKFJE6LDR",
        "user_team": "TKFJE6LDR",
        "source_team": "TKFJE6LDR",
        "user_profile": {
            "avatar_hash": "966d941975ff",
            "image_72": "https:\/\/avatars.slack-edge.com\/2020-08-09\/1275632926935_966d941975ff884d0fa4_72.jpg",
            "first_name": "",
            "real_name": "Aidan Doherty",
            "display_name": "Aidan Doherty",
            "team": "TKFJE6LDR",
            "name": "contact",
            "is_restricted": false,
            "is_ultra_restricted": false
        },
        "blocks": [
            {
                "type": "rich_text",
                "block_id": "Wf6Ra",
                "elements": [
                    {
                        "type": "rich_text_section",
                        "elements": [
                            {
                                "type": "text",
                                "text": "I went ahead and assumed the latter. Let me know if I did it wrong "
                            },
                            {
                                "type": "emoji",
                                "name": "smile"
                            }
                        ]
                    }
                ]
            }
        ],
        "thread_ts": "1602109965.050400",
        "reply_count": 1,
        "reply_users_count": 1,
        "latest_reply": "1602109993.050500",
        "reply_users": [
            "UKV4ZPEFQ"
        ],
        "replies": [
            {
                "user": "UKV4ZPEFQ",
                "ts": "1602109993.050500"
            }
        ],
        "subscribed": true,
        "last_read": "1602109993.050500"
    },
    {
        "client_msg_id": "937cf120-d6df-4085-9479-b08c9397c9b9",
        "type": "message",
        "text": "That's what I would have done. Let's find out.",
        "user": "UKV4ZPEFQ",
        "ts": "1602109993.050500",
        "team": "TKFJE6LDR",
        "user_team": "TKFJE6LDR",
        "source_team": "TKFJE6LDR",
        "user_profile": {
            "avatar_hash": "g854c628ef64",
            "image_72": "https:\/\/secure.gravatar.com\/avatar\/6854c628ef64a4c129a994522e17cdf2.jpg?s=72&d=https%3A%2F%2Fa.slack-edge.com%2Fdf10d%2Fimg%2Favatars%2Fava_0007-72.png",
            "first_name": "felicitybrand",
            "real_name": "felicitybrand",
            "display_name": "flicstar",
            "team": "TKFJE6LDR",
            "name": "felicitybrand",
            "is_restricted": false,
            "is_ultra_restricted": false
        },
        "blocks": [
            {
                "type": "rich_text",
                "block_id": "3jRFi",
                "elements": [
                    {
                        "type": "rich_text_section",
                        "elements": [
                            {
                                "type": "text",
                                "text": "That's what I would have done. Let's find out."
                            }
                        ]
                    }
                ]
            }
        ],
        "thread_ts": "1602109965.050400",
        "parent_user_id": "U019868JEQ0",
        "reactions": [
            {
                "name": "+1",
                "users": [
                    "U019868JEQ0"
                ],
                "count": 1
            }
        ]
    },
    {
        "client_msg_id": "087fb03a-f9c4-466b-bb0d-7019f340dd7c",
        "type": "message",
        "text": "Yes, I too just added our new Committers to the 'Who we are' page, without so much as a by-your-leave. The power trip is great, but we probably want to some checks and balances here. Wonder if there is a way to lock that down? :thinking_face:  I'll do a quick search of the GitHub docs...",
        "user": "UKV4ZPEFQ",
        "ts": "1602110516.050800",
        "team": "TKFJE6LDR",
        "user_team": "TKFJE6LDR",
        "source_team": "TKFJE6LDR",
        "user_profile": {
            "avatar_hash": "g854c628ef64",
            "image_72": "https:\/\/secure.gravatar.com\/avatar\/6854c628ef64a4c129a994522e17cdf2.jpg?s=72&d=https%3A%2F%2Fa.slack-edge.com%2Fdf10d%2Fimg%2Favatars%2Fava_0007-72.png",
            "first_name": "felicitybrand",
            "real_name": "felicitybrand",
            "display_name": "flicstar",
            "team": "TKFJE6LDR",
            "name": "felicitybrand",
            "is_restricted": false,
            "is_ultra_restricted": false
        },
        "edited": {
            "user": "UKV4ZPEFQ",
            "ts": "1602110527.000000"
        },
        "blocks": [
            {
                "type": "rich_text",
                "block_id": "LkW",
                "elements": [
                    {
                        "type": "rich_text_section",
                        "elements": [
                            {
                                "type": "text",
                                "text": "Yes, I too just added our new Committers to the 'Who we are' page, without so much as a by-your-leave. The power trip is great, but we probably want to some checks and balances here. Wonder if there is a way to lock that down? "
                            },
                            {
                                "type": "emoji",
                                "name": "thinking_face"
                            },
                            {
                                "type": "text",
                                "text": "  I'll do a quick search of the GitHub docs..."
                            }
                        ]
                    }
                ]
            }
        ],
        "thread_ts": "1602099937.039400",
        "parent_user_id": "UKTGLQNGG"
    },
    {
        "client_msg_id": "06e9772a-5a5c-4459-a4e2-c6757e9f8be6",
        "type": "message",
        "text": "Ooh, I think we need to make it a <https:\/\/docs.github.com\/en\/free-pro-team@latest\/github\/administering-a-repository\/about-protected-branches|protected branch>!? <@U012Y26QWNA> know anything about this?",
        "user": "UKV4ZPEFQ",
        "ts": "1602110661.051100",
        "team": "TKFJE6LDR",
        "user_team": "TKFJE6LDR",
        "source_team": "TKFJE6LDR",
        "user_profile": {
            "avatar_hash": "g854c628ef64",
            "image_72": "https:\/\/secure.gravatar.com\/avatar\/6854c628ef64a4c129a994522e17cdf2.jpg?s=72&d=https%3A%2F%2Fa.slack-edge.com%2Fdf10d%2Fimg%2Favatars%2Fava_0007-72.png",
            "first_name": "felicitybrand",
            "real_name": "felicitybrand",
            "display_name": "flicstar",
            "team": "TKFJE6LDR",
            "name": "felicitybrand",
            "is_restricted": false,
            "is_ultra_restricted": false
        },
        "blocks": [
            {
                "type": "rich_text",
                "block_id": "ygk8V",
                "elements": [
                    {
                        "type": "rich_text_section",
                        "elements": [
                            {
                                "type": "text",
                                "text": "Ooh, I think we need to make it a "
                            },
                            {
                                "type": "link",
                                "url": "https:\/\/docs.github.com\/en\/free-pro-team@latest\/github\/administering-a-repository\/about-protected-branches",
                                "text": "protected branch"
                            },
                            {
                                "type": "text",
                                "text": "!? "
                            },
                            {
                                "type": "user",
                                "user_id": "U012Y26QWNA"
                            },
                            {
                                "type": "text",
                                "text": " know anything about this?"
                            }
                        ]
                    }
                ]
            }
        ],
        "thread_ts": "1602099937.039400",
        "parent_user_id": "UKTGLQNGG"
    }
]