[
    {
        "client_msg_id": "76673861-4ec0-4ffa-b004-66a6d60ca78e",
        "type": "message",
        "text": "I wanted to mention here on the general channel that a few of us are planning to meet some time in the next few weeks to work on the Chronologue project, also known as The Good Docs exemplar project. If you don't know what the Chronologue is, Felicity recently wrote an excellent <https:\/\/docs.google.com\/document\/d\/1YrwKc15_CB5y48myT3_8DhV7gGq0Rmtn0_0d0W5fd5s\/edit?usp=sharing|description of the project and why we need it>. In brief, we're going to create a fake product that we can then generate example documents for all of our templates. If you would like to join us to contribute to our product planning meeting (1-2 hours at a TBD time), join us on the <#C016L3962CU|chronologue-docs> channel and send me a DM. I'm planning to send out a Doodle poll to help us decide on a meeting time. All are welcome!",
        "user": "U012KCMPP0V",
        "ts": "1600657378.005200",
        "team": "TKFJE6LDR",
        "user_team": "TKFJE6LDR",
        "source_team": "TKFJE6LDR",
        "user_profile": {
            "avatar_hash": "b26729f0b5f2",
            "image_72": "https:\/\/avatars.slack-edge.com\/2020-04-27\/1089031639347_b26729f0b5f2375494a1_72.png",
            "first_name": "Alyssa",
            "real_name": "Alyssa",
            "display_name": "Alyssa",
            "team": "TKFJE6LDR",
            "name": "alyssa.rock.biz",
            "is_restricted": false,
            "is_ultra_restricted": false
        },
        "blocks": [
            {
                "type": "rich_text",
                "block_id": "PgKyZ",
                "elements": [
                    {
                        "type": "rich_text_section",
                        "elements": [
                            {
                                "type": "text",
                                "text": "I wanted to mention here on the general channel that a few of us are planning to meet some time in the next few weeks to work on the Chronologue project, also known as The Good Docs exemplar project. If you don't know what the Chronologue is, Felicity recently wrote an excellent "
                            },
                            {
                                "type": "link",
                                "url": "https:\/\/docs.google.com\/document\/d\/1YrwKc15_CB5y48myT3_8DhV7gGq0Rmtn0_0d0W5fd5s\/edit?usp=sharing",
                                "text": "description of the project and why we need it"
                            },
                            {
                                "type": "text",
                                "text": ". In brief, we're going to create a fake product that we can then generate example documents for all of our templates. If you would like to join us to contribute to our product planning meeting (1-2 hours at a TBD time), join us on the "
                            },
                            {
                                "type": "channel",
                                "channel_id": "C016L3962CU"
                            },
                            {
                                "type": "text",
                                "text": " channel and send me a DM. I'm planning to send out a Doodle poll to help us decide on a meeting time. All are welcome!"
                            }
                        ]
                    }
                ]
            }
        ],
        "reactions": [
            {
                "name": "hourglass_flowing_sand",
                "users": [
                    "UKV4ZPEFQ"
                ],
                "count": 1
            },
            {
                "name": "thankyou",
                "users": [
                    "UL2AA1FF1",
                    "UKV4ZPEFQ"
                ],
                "count": 2
            }
        ]
    },
    {
        "client_msg_id": "88fed215-4e38-4ac9-81e2-becbe2f86f36",
        "type": "message",
        "text": "As motivation: This \"fake product\" example:\n1. Is now on our critical path for some of our initiatives.\n2. Will become very visible in all our docs, so we want to make sure it is excellent.\n3. Ideally will be very static, as there will be a knock-on effect to downstream templates if we need to make changes. So lets try to make it awesome first time around.\n4. Is going to be creative - Erin has challenged us to make it so fun that it goes viral. (Not a requirement to go viral, but it would be super cool if it did.)",
        "user": "UKTGLQNGG",
        "ts": "1600657818.010000",
        "team": "TKFJE6LDR",
        "user_team": "TKFJE6LDR",
        "source_team": "TKFJE6LDR",
        "user_profile": {
            "avatar_hash": "d6f4de222bb1",
            "image_72": "https:\/\/avatars.slack-edge.com\/2020-07-20\/1235580478119_d6f4de222bb1ed6b5960_72.jpg",
            "first_name": "Cameron",
            "real_name": "Cameron Shorter",
            "display_name": "cameronshorter",
            "team": "TKFJE6LDR",
            "name": "cameron.shorter",
            "is_restricted": false,
            "is_ultra_restricted": false
        },
        "blocks": [
            {
                "type": "rich_text",
                "block_id": "DVx",
                "elements": [
                    {
                        "type": "rich_text_section",
                        "elements": [
                            {
                                "type": "text",
                                "text": "As motivation: This \"fake product\" example:\n"
                            }
                        ]
                    },
                    {
                        "type": "rich_text_list",
                        "elements": [
                            {
                                "type": "rich_text_section",
                                "elements": [
                                    {
                                        "type": "text",
                                        "text": "Is now on our critical path for some of our initiatives."
                                    }
                                ]
                            },
                            {
                                "type": "rich_text_section",
                                "elements": [
                                    {
                                        "type": "text",
                                        "text": "Will become very visible in all our docs, so we want to make sure it is excellent."
                                    }
                                ]
                            },
                            {
                                "type": "rich_text_section",
                                "elements": [
                                    {
                                        "type": "text",
                                        "text": "Ideally will be very static, as there will be a knock-on effect to downstream templates if we need to make changes. So lets try to make it awesome first time around."
                                    }
                                ]
                            },
                            {
                                "type": "rich_text_section",
                                "elements": [
                                    {
                                        "type": "text",
                                        "text": "Is going to be creative - Erin has challenged us to make it so fun that it goes viral. (Not a requirement to go viral, but it would be super cool if it did.)"
                                    }
                                ]
                            }
                        ],
                        "style": "ordered",
                        "indent": 0
                    }
                ]
            }
        ],
        "reactions": [
            {
                "name": "doctopus",
                "users": [
                    "UKV4ZPEFQ"
                ],
                "count": 1
            }
        ]
    }
]