[
    {
        "client_msg_id": "1ef016f3-a604-4c97-b7f1-aa6e29ebe622",
        "type": "message",
        "text": "Welcome Natalia, great to have you on board. Great to hear in our video call that you are interested in templates. As mentioned, probably a good place to start is to start by looking at Viraji's draft <https:\/\/docs.google.com\/document\/d\/138nKfPhoS3qTf83SrM4zOuM67EwmML__zAJEKph7s_4\/edit|base template> work.",
        "user": "UKTGLQNGG",
        "ts": "1601276690.004600",
        "team": "TKFJE6LDR",
        "user_team": "TKFJE6LDR",
        "source_team": "TKFJE6LDR",
        "user_profile": {
            "avatar_hash": "d6f4de222bb1",
            "image_72": "https:\/\/avatars.slack-edge.com\/2020-07-20\/1235580478119_d6f4de222bb1ed6b5960_72.jpg",
            "first_name": "Cameron",
            "real_name": "Cameron Shorter",
            "display_name": "cameronshorter",
            "team": "TKFJE6LDR",
            "name": "cameron.shorter",
            "is_restricted": false,
            "is_ultra_restricted": false
        },
        "blocks": [
            {
                "type": "rich_text",
                "block_id": "oYz5",
                "elements": [
                    {
                        "type": "rich_text_section",
                        "elements": [
                            {
                                "type": "text",
                                "text": "Welcome Natalia, great to have you on board. Great to hear in our video call that you are interested in templates. As mentioned, probably a good place to start is to start by looking at Viraji's draft "
                            },
                            {
                                "type": "link",
                                "url": "https:\/\/docs.google.com\/document\/d\/138nKfPhoS3qTf83SrM4zOuM67EwmML__zAJEKph7s_4\/edit",
                                "text": "base template"
                            },
                            {
                                "type": "text",
                                "text": " work."
                            }
                        ]
                    }
                ]
            }
        ]
    },
    {
        "client_msg_id": "ca3e8a63-0157-4381-8ad2-5bc00b348736",
        "type": "message",
        "text": "so glad you're here! Vue is one of the projects that is always mentioned when people are talking about good docs :slightly_smiling_face:",
        "user": "UL2AA1FF1",
        "ts": "1601307995.005100",
        "team": "TKFJE6LDR",
        "user_team": "TKFJE6LDR",
        "source_team": "TKFJE6LDR",
        "user_profile": {
            "avatar_hash": "22135067b36d",
            "image_72": "https:\/\/avatars.slack-edge.com\/2019-10-23\/805254797908_22135067b36dfb715e99_72.jpg",
            "first_name": "",
            "real_name": "Erin McKean",
            "display_name": "Erin McKean",
            "team": "TKFJE6LDR",
            "name": "emckean",
            "is_restricted": false,
            "is_ultra_restricted": false
        },
        "blocks": [
            {
                "type": "rich_text",
                "block_id": "=abFn",
                "elements": [
                    {
                        "type": "rich_text_section",
                        "elements": [
                            {
                                "type": "text",
                                "text": "so glad you're here! Vue is one of the projects that is always mentioned when people are talking about good docs "
                            },
                            {
                                "type": "emoji",
                                "name": "slightly_smiling_face"
                            }
                        ]
                    }
                ]
            }
        ],
        "thread_ts": "1601275645.002700",
        "parent_user_id": "U01BGCZ42GJ"
    },
    {
        "client_msg_id": "1bea7a3e-b512-495b-a566-0d487dc219ec",
        "type": "message",
        "text": "Vue has some impressive documentation tools!",
        "user": "U012KCMPP0V",
        "ts": "1601310464.005400",
        "team": "TKFJE6LDR",
        "user_team": "TKFJE6LDR",
        "source_team": "TKFJE6LDR",
        "user_profile": {
            "avatar_hash": "b26729f0b5f2",
            "image_72": "https:\/\/avatars.slack-edge.com\/2020-04-27\/1089031639347_b26729f0b5f2375494a1_72.png",
            "first_name": "Alyssa",
            "real_name": "Alyssa",
            "display_name": "Alyssa",
            "team": "TKFJE6LDR",
            "name": "alyssa.rock.biz",
            "is_restricted": false,
            "is_ultra_restricted": false
        },
        "blocks": [
            {
                "type": "rich_text",
                "block_id": "GXqq",
                "elements": [
                    {
                        "type": "rich_text_section",
                        "elements": [
                            {
                                "type": "text",
                                "text": "Vue has some impressive documentation tools!"
                            }
                        ]
                    }
                ]
            }
        ],
        "thread_ts": "1601275645.002700",
        "parent_user_id": "U01BGCZ42GJ"
    },
    {
        "client_msg_id": "756bc665-c13a-42bf-bf63-0367341bd292",
        "type": "message",
        "text": "Thank you for your kind words! Yes, we’re actually running docs on our own platform, VuePress :slightly_smiling_face:",
        "user": "U01BGCZ42GJ",
        "ts": "1601360084.005700",
        "team": "TKFJE6LDR",
        "user_team": "TKFJE6LDR",
        "source_team": "TKFJE6LDR",
        "user_profile": {
            "avatar_hash": "4b04bd992a68",
            "image_72": "https:\/\/avatars.slack-edge.com\/2020-09-27\/1396632907636_4b04bd992a68449621a5_72.jpg",
            "first_name": "",
            "real_name": "Natalia Tepluhina",
            "display_name": "Natalia Tepluhina",
            "team": "TKFJE6LDR",
            "name": "tarya.se",
            "is_restricted": false,
            "is_ultra_restricted": false
        },
        "blocks": [
            {
                "type": "rich_text",
                "block_id": "1EIlN",
                "elements": [
                    {
                        "type": "rich_text_section",
                        "elements": [
                            {
                                "type": "text",
                                "text": "Thank you for your kind words! Yes, we’re actually running docs on our own platform, VuePress "
                            },
                            {
                                "type": "emoji",
                                "name": "slightly_smiling_face"
                            }
                        ]
                    }
                ]
            }
        ],
        "thread_ts": "1601275645.002700",
        "parent_user_id": "U01BGCZ42GJ"
    }
]