[
    {
        "client_msg_id": "91de5a71-0a49-4113-8507-94a5acd88e83",
        "type": "message",
        "text": "this idea is great: <https:\/\/conventionalcomments.org\/>",
        "user": "UL2AA1FF1",
        "ts": "1600708030.010500",
        "team": "TKFJE6LDR",
        "user_team": "TKFJE6LDR",
        "source_team": "TKFJE6LDR",
        "user_profile": {
            "avatar_hash": "22135067b36d",
            "image_72": "https:\/\/avatars.slack-edge.com\/2019-10-23\/805254797908_22135067b36dfb715e99_72.jpg",
            "first_name": "",
            "real_name": "Erin McKean",
            "display_name": "Erin McKean",
            "team": "TKFJE6LDR",
            "name": "emckean",
            "is_restricted": false,
            "is_ultra_restricted": false
        },
        "attachments": [
            {
                "title": "Conventional Comments",
                "title_link": "https:\/\/conventionalcomments.org\/",
                "text": "Comments that are easy to grok and grep",
                "fallback": "Conventional Comments",
                "thumb_url": "https:\/\/conventionalcomments.org\/logo.png",
                "from_url": "https:\/\/conventionalcomments.org\/",
                "thumb_width": 256,
                "thumb_height": 256,
                "service_icon": "https:\/\/conventionalcomments.org\/favicon.ico",
                "service_name": "conventionalcomments.org",
                "id": 1,
                "original_url": "https:\/\/conventionalcomments.org\/"
            }
        ],
        "blocks": [
            {
                "type": "rich_text",
                "block_id": "Hg2l",
                "elements": [
                    {
                        "type": "rich_text_section",
                        "elements": [
                            {
                                "type": "text",
                                "text": "this idea is great: "
                            },
                            {
                                "type": "link",
                                "url": "https:\/\/conventionalcomments.org\/"
                            }
                        ]
                    }
                ]
            }
        ],
        "thread_ts": "1600708030.010500",
        "reply_count": 3,
        "reply_users_count": 3,
        "latest_reply": "1600772868.016500",
        "reply_users": [
            "U012KCMPP0V",
            "UKV4ZPEFQ",
            "U011GCVJFQF"
        ],
        "replies": [
            {
                "user": "U012KCMPP0V",
                "ts": "1600709510.010700"
            },
            {
                "user": "UKV4ZPEFQ",
                "ts": "1600731319.015100"
            },
            {
                "user": "U011GCVJFQF",
                "ts": "1600772868.016500"
            }
        ],
        "subscribed": true,
        "last_read": "1600772868.016500",
        "reactions": [
            {
                "name": "star",
                "users": [
                    "U011GCVJFQF",
                    "UKTGLQNGG",
                    "UKV4ZPEFQ",
                    "U012KCMPP0V"
                ],
                "count": 4
            }
        ]
    },
    {
        "client_msg_id": "2c80cf46-9c62-48e5-9670-f997a923ec0a",
        "type": "message",
        "text": "I really love this...",
        "user": "U012KCMPP0V",
        "ts": "1600709510.010700",
        "team": "TKFJE6LDR",
        "user_team": "TKFJE6LDR",
        "source_team": "TKFJE6LDR",
        "user_profile": {
            "avatar_hash": "b26729f0b5f2",
            "image_72": "https:\/\/avatars.slack-edge.com\/2020-04-27\/1089031639347_b26729f0b5f2375494a1_72.png",
            "first_name": "Alyssa",
            "real_name": "Alyssa",
            "display_name": "Alyssa",
            "team": "TKFJE6LDR",
            "name": "alyssa.rock.biz",
            "is_restricted": false,
            "is_ultra_restricted": false
        },
        "blocks": [
            {
                "type": "rich_text",
                "block_id": "kPavW",
                "elements": [
                    {
                        "type": "rich_text_section",
                        "elements": [
                            {
                                "type": "text",
                                "text": "I really love this..."
                            }
                        ]
                    }
                ]
            }
        ],
        "thread_ts": "1600708030.010500",
        "parent_user_id": "UL2AA1FF1",
        "reactions": [
            {
                "name": "thankyou",
                "users": [
                    "UL2AA1FF1"
                ],
                "count": 1
            }
        ]
    },
    {
        "client_msg_id": "2916523c-651e-4322-a467-c121aaa232cd",
        "type": "message",
        "text": "<https:\/\/thegooddocsproject.dev\/who-are-we.html> now live. Thanks for the review\/fix\/approval <@U012Y26QWNA>",
        "user": "UKTGLQNGG",
        "ts": "1600719445.011900",
        "team": "TKFJE6LDR",
        "user_team": "TKFJE6LDR",
        "source_team": "TKFJE6LDR",
        "user_profile": {
            "avatar_hash": "d6f4de222bb1",
            "image_72": "https:\/\/avatars.slack-edge.com\/2020-07-20\/1235580478119_d6f4de222bb1ed6b5960_72.jpg",
            "first_name": "Cameron",
            "real_name": "Cameron Shorter",
            "display_name": "cameronshorter",
            "team": "TKFJE6LDR",
            "name": "cameron.shorter",
            "is_restricted": false,
            "is_ultra_restricted": false
        },
        "attachments": [
            {
                "title": "The Good Docs Project",
                "title_link": "https:\/\/thegooddocsproject.dev\/who-are-we.html",
                "text": "Templates to make good docs.",
                "fallback": "The Good Docs Project",
                "from_url": "https:\/\/thegooddocsproject.dev\/who-are-we.html",
                "service_name": "thegooddocsproject.dev",
                "id": 1,
                "original_url": "https:\/\/thegooddocsproject.dev\/who-are-we.html"
            }
        ],
        "blocks": [
            {
                "type": "rich_text",
                "block_id": "qAa2W",
                "elements": [
                    {
                        "type": "rich_text_section",
                        "elements": [
                            {
                                "type": "link",
                                "url": "https:\/\/thegooddocsproject.dev\/who-are-we.html"
                            },
                            {
                                "type": "text",
                                "text": " now live. Thanks for the review\/fix\/approval "
                            },
                            {
                                "type": "user",
                                "user_id": "U012Y26QWNA"
                            }
                        ]
                    }
                ]
            }
        ]
    },
    {
        "client_msg_id": "906fdf1b-a2b6-46e7-9248-ba71995aa983",
        "type": "message",
        "text": "In case you have missed it, <@U012KCMPP0V> has <https:\/\/docs.google.com\/document\/d\/1yvjqqbOc_5JqKhLnnZH2kLlyuj1r1j4sFZr8cvE5i7I\/edit|sketched out review criteria> which ties back to our definitions of quality docs. <@U011GCVJFQF> <@UQ553K7DY> <@U0174BRV404>, it would be good to get your input. I think this links into the work you are doing around quality definitions and templates.",
        "user": "UKTGLQNGG",
        "ts": "1600721086.014800",
        "team": "TKFJE6LDR",
        "user_team": "TKFJE6LDR",
        "source_team": "TKFJE6LDR",
        "user_profile": {
            "avatar_hash": "d6f4de222bb1",
            "image_72": "https:\/\/avatars.slack-edge.com\/2020-07-20\/1235580478119_d6f4de222bb1ed6b5960_72.jpg",
            "first_name": "Cameron",
            "real_name": "Cameron Shorter",
            "display_name": "cameronshorter",
            "team": "TKFJE6LDR",
            "name": "cameron.shorter",
            "is_restricted": false,
            "is_ultra_restricted": false
        },
        "blocks": [
            {
                "type": "rich_text",
                "block_id": "ycSj",
                "elements": [
                    {
                        "type": "rich_text_section",
                        "elements": [
                            {
                                "type": "text",
                                "text": "In case you have missed it, "
                            },
                            {
                                "type": "user",
                                "user_id": "U012KCMPP0V"
                            },
                            {
                                "type": "text",
                                "text": " has "
                            },
                            {
                                "type": "link",
                                "url": "https:\/\/docs.google.com\/document\/d\/1yvjqqbOc_5JqKhLnnZH2kLlyuj1r1j4sFZr8cvE5i7I\/edit",
                                "text": "sketched out review criteria"
                            },
                            {
                                "type": "text",
                                "text": " which ties back to our definitions of quality docs. "
                            },
                            {
                                "type": "user",
                                "user_id": "U011GCVJFQF"
                            },
                            {
                                "type": "text",
                                "text": " "
                            },
                            {
                                "type": "user",
                                "user_id": "UQ553K7DY"
                            },
                            {
                                "type": "text",
                                "text": " "
                            },
                            {
                                "type": "user",
                                "user_id": "U0174BRV404"
                            },
                            {
                                "type": "text",
                                "text": ", it would be good to get your input. I think this links into the work you are doing around quality definitions and templates."
                            }
                        ]
                    }
                ]
            }
        ],
        "reactions": [
            {
                "name": "eyes",
                "users": [
                    "UQ553K7DY",
                    "U011GCVJFQF"
                ],
                "count": 2
            }
        ]
    },
    {
        "client_msg_id": "919a7a74-dee0-4246-8c89-48a7124f8f1b",
        "type": "message",
        "text": "Me too!",
        "user": "UKV4ZPEFQ",
        "ts": "1600731319.015100",
        "team": "TKFJE6LDR",
        "user_team": "TKFJE6LDR",
        "source_team": "TKFJE6LDR",
        "user_profile": {
            "avatar_hash": "g854c628ef64",
            "image_72": "https:\/\/secure.gravatar.com\/avatar\/6854c628ef64a4c129a994522e17cdf2.jpg?s=72&d=https%3A%2F%2Fa.slack-edge.com%2Fdf10d%2Fimg%2Favatars%2Fava_0007-72.png",
            "first_name": "felicitybrand",
            "real_name": "felicitybrand",
            "display_name": "flicstar",
            "team": "TKFJE6LDR",
            "name": "felicitybrand",
            "is_restricted": false,
            "is_ultra_restricted": false
        },
        "blocks": [
            {
                "type": "rich_text",
                "block_id": "U=ys",
                "elements": [
                    {
                        "type": "rich_text_section",
                        "elements": [
                            {
                                "type": "text",
                                "text": "Me too!"
                            }
                        ]
                    }
                ]
            }
        ],
        "thread_ts": "1600708030.010500",
        "parent_user_id": "UL2AA1FF1",
        "reactions": [
            {
                "name": "thankyou",
                "users": [
                    "UL2AA1FF1"
                ],
                "count": 1
            }
        ]
    }
]