[
    {
        "bot_id": "B01",
        "type": "message",
        "text": "Reminder: remember to add items to the Weekly Meeting agenda before our meeting <https:\/\/github.com\/thegooddocsproject\/governance\/wiki\/Weekly-Meetings>",
        "user": "USLACKBOT",
        "ts": "1600185664.044600",
        "team": "TKFJE6LDR"
    },
    {
        "client_msg_id": "f6f2928e-7931-4ff6-9fe4-9b299e4429c1",
        "type": "message",
        "text": "<!here> this reminder is no longer useful because we use GDocs to propose agenda items. Can we change it?",
        "user": "UKVC4NB71",
        "ts": "1600211969.045200",
        "team": "TKFJE6LDR",
        "user_team": "TKFJE6LDR",
        "source_team": "TKFJE6LDR",
        "user_profile": {
            "avatar_hash": "c7d9788d4436",
            "image_72": "https:\/\/avatars.slack-edge.com\/2019-10-30\/814314609877_c7d9788d4436969613a7_72.jpg",
            "first_name": "Jared",
            "real_name": "Jared Morgan",
            "display_name": "jaredmorgs",
            "team": "TKFJE6LDR",
            "name": "jaredleonmorgan",
            "is_restricted": false,
            "is_ultra_restricted": false
        },
        "blocks": [
            {
                "type": "rich_text",
                "block_id": "OV0",
                "elements": [
                    {
                        "type": "rich_text_section",
                        "elements": [
                            {
                                "type": "broadcast",
                                "range": "here"
                            },
                            {
                                "type": "text",
                                "text": " this reminder is no longer useful because we use GDocs to propose agenda items. Can we change it?"
                            }
                        ]
                    }
                ]
            }
        ],
        "reactions": [
            {
                "name": "100",
                "users": [
                    "UQ553K7DY",
                    "UKTGLQNGG",
                    "U0170HMB87K"
                ],
                "count": 3
            }
        ]
    }
]