[
    {
        "client_msg_id": "324ab36e-14d8-4141-a99a-85dbf526c3af",
        "type": "message",
        "text": "I've added a bunch of issues to do work (and PR) against.  They have been assigned to the 'Hugo Migration' Project as 'To Do' cards and are associated with the 1.0 Milestone.\n<https:\/\/github.com\/thegooddocsproject\/website-hugo\/projects\/1>\n<https:\/\/github.com\/thegooddocsproject\/website-hugo\/milestone\/1>",
        "user": "U018BJR6JQN",
        "ts": "1605816402.002300",
        "team": "TKFJE6LDR",
        "user_team": "TKFJE6LDR",
        "source_team": "TKFJE6LDR",
        "user_profile": {
            "avatar_hash": "b330151b5e4b",
            "image_72": "https:\/\/avatars.slack-edge.com\/2020-12-14\/1570880700693_b330151b5e4b5ff6ed0c_72.jpg",
            "first_name": "",
            "real_name": "Bryan Klein",
            "display_name": "Bryan Klein",
            "team": "TKFJE6LDR",
            "name": "klein",
            "is_restricted": false,
            "is_ultra_restricted": false
        },
        "blocks": [
            {
                "type": "rich_text",
                "block_id": "2DZb",
                "elements": [
                    {
                        "type": "rich_text_section",
                        "elements": [
                            {
                                "type": "text",
                                "text": "I've added a bunch of issues to do work (and PR) against.  They have been assigned to the 'Hugo Migration' Project as 'To Do' cards and are associated with the 1.0 Milestone.\n"
                            },
                            {
                                "type": "link",
                                "url": "https:\/\/github.com\/thegooddocsproject\/website-hugo\/projects\/1"
                            },
                            {
                                "type": "text",
                                "text": "\n"
                            },
                            {
                                "type": "link",
                                "url": "https:\/\/github.com\/thegooddocsproject\/website-hugo\/milestone\/1"
                            }
                        ]
                    }
                ]
            }
        ],
        "reactions": [
            {
                "name": "100",
                "users": [
                    "UL2AA1FF1",
                    "U012Y26QWNA"
                ],
                "count": 2
            },
            {
                "name": "eyes",
                "users": [
                    "U012Y26QWNA"
                ],
                "count": 1
            }
        ]
    }
]