[
    {
        "client_msg_id": "038cab0a-d1b7-4115-8853-a7b0e99fdf80",
        "type": "message",
        "text": "Hey <@U018BJR6JQN> had a chance to look at the project — think you’ve done a great job and captured all the pages that need ported as issues :+1:",
        "user": "U012Y26QWNA",
        "ts": "1606157700.003400",
        "team": "TKFJE6LDR",
        "user_team": "TKFJE6LDR",
        "source_team": "TKFJE6LDR",
        "user_profile": {
            "avatar_hash": "b91365ff7b22",
            "image_72": "https:\/\/avatars.slack-edge.com\/2020-05-06\/1092095570535_b91365ff7b22e688f785_72.jpg",
            "first_name": "",
            "real_name": "Morgan Craft",
            "display_name": "Morgan Craft",
            "team": "TKFJE6LDR",
            "name": "morgan",
            "is_restricted": false,
            "is_ultra_restricted": false
        },
        "blocks": [
            {
                "type": "rich_text",
                "block_id": "h8\/c1",
                "elements": [
                    {
                        "type": "rich_text_section",
                        "elements": [
                            {
                                "type": "text",
                                "text": "Hey "
                            },
                            {
                                "type": "user",
                                "user_id": "U018BJR6JQN"
                            },
                            {
                                "type": "text",
                                "text": " had a chance to look at the project — think you’ve done a great job and captured all the pages that need ported as issues "
                            },
                            {
                                "type": "emoji",
                                "name": "+1"
                            }
                        ]
                    }
                ]
            }
        ],
        "reactions": [
            {
                "name": "+1",
                "users": [
                    "U018BJR6JQN"
                ],
                "count": 1
            }
        ]
    },
    {
        "client_msg_id": "85074f63-cfe0-4302-9ae5-32575208ab42",
        "type": "message",
        "text": "<@U012Y26QWNA> thank you, feel free to grab any of them and migrate.  I tried to make the About page that I migrated already a nice 'template' for what a new page might look like with frontmatter and the blocks that can be used.",
        "user": "U018BJR6JQN",
        "ts": "1606158178.007700",
        "team": "TKFJE6LDR",
        "user_team": "TKFJE6LDR",
        "source_team": "TKFJE6LDR",
        "user_profile": {
            "avatar_hash": "b330151b5e4b",
            "image_72": "https:\/\/avatars.slack-edge.com\/2020-12-14\/1570880700693_b330151b5e4b5ff6ed0c_72.jpg",
            "first_name": "",
            "real_name": "Bryan Klein",
            "display_name": "Bryan Klein",
            "team": "TKFJE6LDR",
            "name": "klein",
            "is_restricted": false,
            "is_ultra_restricted": false
        },
        "blocks": [
            {
                "type": "rich_text",
                "block_id": "V1K",
                "elements": [
                    {
                        "type": "rich_text_section",
                        "elements": [
                            {
                                "type": "user",
                                "user_id": "U012Y26QWNA"
                            },
                            {
                                "type": "text",
                                "text": " thank you, feel free to grab any of them and migrate.  I tried to make the About page that I migrated already a nice 'template' for what a new page might look like with frontmatter and the blocks that can be used."
                            }
                        ]
                    }
                ]
            }
        ],
        "reactions": [
            {
                "name": "+1",
                "users": [
                    "U012Y26QWNA"
                ],
                "count": 1
            }
        ]
    },
    {
        "client_msg_id": "3214026d-e767-476a-b4fe-537b5760bcb1",
        "type": "message",
        "text": "I need to get up to speed on Hugo and how the templating and the short-codes work.   But think it makes sense to update a few pages first and establish a consistent pattern, then slow do others.  Might make sense to prioritize those that get linked from the topnav first?  Then fill-in?",
        "user": "U012Y26QWNA",
        "ts": "1606158214.008000",
        "team": "TKFJE6LDR",
        "user_team": "TKFJE6LDR",
        "source_team": "TKFJE6LDR",
        "user_profile": {
            "avatar_hash": "b91365ff7b22",
            "image_72": "https:\/\/avatars.slack-edge.com\/2020-05-06\/1092095570535_b91365ff7b22e688f785_72.jpg",
            "first_name": "",
            "real_name": "Morgan Craft",
            "display_name": "Morgan Craft",
            "team": "TKFJE6LDR",
            "name": "morgan",
            "is_restricted": false,
            "is_ultra_restricted": false
        },
        "blocks": [
            {
                "type": "rich_text",
                "block_id": "ZaXy",
                "elements": [
                    {
                        "type": "rich_text_section",
                        "elements": [
                            {
                                "type": "text",
                                "text": "I need to get up to speed on Hugo and how the templating and the short-codes work.   But think it makes sense to update a few pages first and establish a consistent pattern, then slow do others.  Might make sense to prioritize those that get linked from the topnav first?  Then fill-in?"
                            }
                        ]
                    }
                ]
            }
        ]
    },
    {
        "client_msg_id": "0aa269a9-9d05-42e4-85a9-a50338090626",
        "type": "message",
        "text": "yeah was looking at the `about\/_index.html` template",
        "user": "U012Y26QWNA",
        "ts": "1606158241.008600",
        "team": "TKFJE6LDR",
        "user_team": "TKFJE6LDR",
        "source_team": "TKFJE6LDR",
        "user_profile": {
            "avatar_hash": "b91365ff7b22",
            "image_72": "https:\/\/avatars.slack-edge.com\/2020-05-06\/1092095570535_b91365ff7b22e688f785_72.jpg",
            "first_name": "",
            "real_name": "Morgan Craft",
            "display_name": "Morgan Craft",
            "team": "TKFJE6LDR",
            "name": "morgan",
            "is_restricted": false,
            "is_ultra_restricted": false
        },
        "blocks": [
            {
                "type": "rich_text",
                "block_id": "PCfkl",
                "elements": [
                    {
                        "type": "rich_text_section",
                        "elements": [
                            {
                                "type": "text",
                                "text": "yeah was looking at the "
                            },
                            {
                                "type": "text",
                                "text": "about\/_index.html",
                                "style": {
                                    "code": true
                                }
                            },
                            {
                                "type": "text",
                                "text": " template"
                            }
                        ]
                    }
                ]
            }
        ]
    },
    {
        "client_msg_id": "147dc26d-7bad-4b94-bdef-a0ce50fc369b",
        "type": "message",
        "text": "and comparing to the `community\/`",
        "user": "U012Y26QWNA",
        "ts": "1606158247.008800",
        "team": "TKFJE6LDR",
        "user_team": "TKFJE6LDR",
        "source_team": "TKFJE6LDR",
        "user_profile": {
            "avatar_hash": "b91365ff7b22",
            "image_72": "https:\/\/avatars.slack-edge.com\/2020-05-06\/1092095570535_b91365ff7b22e688f785_72.jpg",
            "first_name": "",
            "real_name": "Morgan Craft",
            "display_name": "Morgan Craft",
            "team": "TKFJE6LDR",
            "name": "morgan",
            "is_restricted": false,
            "is_ultra_restricted": false
        },
        "blocks": [
            {
                "type": "rich_text",
                "block_id": "vrH",
                "elements": [
                    {
                        "type": "rich_text_section",
                        "elements": [
                            {
                                "type": "text",
                                "text": "and comparing to the "
                            },
                            {
                                "type": "text",
                                "text": "community\/",
                                "style": {
                                    "code": true
                                }
                            }
                        ]
                    }
                ]
            }
        ]
    },
    {
        "client_msg_id": "cdf428f2-e3a8-49e4-99fc-aa6bcf446800",
        "type": "message",
        "text": "which I’m realizing is parts of the `docsy\/` package theme and it is configured by varaiables in a config",
        "user": "U012Y26QWNA",
        "ts": "1606158277.009500",
        "team": "TKFJE6LDR",
        "user_team": "TKFJE6LDR",
        "source_team": "TKFJE6LDR",
        "user_profile": {
            "avatar_hash": "b91365ff7b22",
            "image_72": "https:\/\/avatars.slack-edge.com\/2020-05-06\/1092095570535_b91365ff7b22e688f785_72.jpg",
            "first_name": "",
            "real_name": "Morgan Craft",
            "display_name": "Morgan Craft",
            "team": "TKFJE6LDR",
            "name": "morgan",
            "is_restricted": false,
            "is_ultra_restricted": false
        },
        "blocks": [
            {
                "type": "rich_text",
                "block_id": "O0FpM",
                "elements": [
                    {
                        "type": "rich_text_section",
                        "elements": [
                            {
                                "type": "text",
                                "text": "which I’m realizing is parts of the "
                            },
                            {
                                "type": "text",
                                "text": "docsy\/",
                                "style": {
                                    "code": true
                                }
                            },
                            {
                                "type": "text",
                                "text": " package theme and it is configured by varaiables in a config"
                            }
                        ]
                    }
                ]
            }
        ]
    },
    {
        "client_msg_id": "9394d10b-5615-4203-a84c-287462e626f4",
        "type": "message",
        "text": "On my side, readup on the template tags so I understand how — <https:\/\/github.com\/thegooddocsproject\/website-hugo\/blob\/main\/content\/en\/about\/_index.html> works",
        "user": "U012Y26QWNA",
        "ts": "1606158369.010400",
        "team": "TKFJE6LDR",
        "user_team": "TKFJE6LDR",
        "source_team": "TKFJE6LDR",
        "user_profile": {
            "avatar_hash": "b91365ff7b22",
            "image_72": "https:\/\/avatars.slack-edge.com\/2020-05-06\/1092095570535_b91365ff7b22e688f785_72.jpg",
            "first_name": "",
            "real_name": "Morgan Craft",
            "display_name": "Morgan Craft",
            "team": "TKFJE6LDR",
            "name": "morgan",
            "is_restricted": false,
            "is_ultra_restricted": false
        },
        "attachments": [
            {
                "fallback": "[thegooddocsproject\/website-hugo] content\/en\/about\/_index.html",
                "text": "```\n---\ntitle: About The Good Docs Project\nlinkTitle: About\nmenu:\n  main:\n    weight: 10\n---\n\n{{&lt; blocks\/cover title=\"About The Good Docs Project\" image_anchor=\"center\" height=\"min\" color=\"light\" byline=\"Photo by Марьян Блан | @marjanblan on Unsplash\" &gt;}}\n{{&lt; \/blocks\/cover &gt;}}\n\n{{% blocks\/lead %}}\nThe Good Docs Project provides best practice templates and writing instructions that empowers people to document Open Source Software, which incidentally will be directly applicable to other domains too.\n{{% \/blocks\/lead %}}\n\n{{&lt; blocks\/section color=\"white\" &gt;}}\n&lt;div class=\"col-6 mx-auto\"&gt;\n\n&lt;h1 class=\"text-center\"&gt;Doc Types&lt;\/h1&gt;\n\nMultiple doc types are required to achieve a project’s Minimum Viable Docset. Each serves a different purpose and has differing requirements.\n\n{{&lt; figure src=\"DocTypes.png\" caption=\"Plotting doc types within a maturity model\" alt=\"Plotting doc types within a maturity model\" class=\"mx-auto text-center small font-weight-bold\" &gt;}}\n\nFor each doc type we expect to build:\n\n*   A template, embedded with concise writing instructions.\n*   Example(s).\n*   Deeper practical tips and explanations and justification for approaches. \n*   Collated background theory.\n\nWe are focusing on content, not doc formats or tool chains, at least not yet.\n\n&lt;h1 class=\"text-center\"&gt;Governance&lt;\/h1&gt;\n\nTo address quality and capture collaborative wisdom:\n\n*   We will apply a write\/review\/refine\/reiterate process,\n*   With just-enough-governance,\n*   Overseen by a Project Steering Committee.\n\n&lt;h1 class=\"text-center\"&gt;Quality&lt;\/h1&gt;\n\nDocument quality requirements differs between doc types and project maturity. We plan to describe doc and process characteristics and processes which lead to maturity, to facilitate discussion around quality.\n\n&lt;\/div&gt;\n\n{{&lt; \/blocks\/section &gt;}}\n```",
                "title": "content\/en\/about\/_index.html",
                "footer": "<https:\/\/github.com\/thegooddocsproject\/website-hugo|thegooddocsproject\/website-hugo>",
                "id": 1,
                "title_link": "https:\/\/github.com\/thegooddocsproject\/website-hugo\/blob\/main\/content\/en\/about\/_index.html",
                "footer_icon": "https:\/\/github.githubassets.com\/favicon.ico",
                "color": "24292f",
                "mrkdwn_in": [
                    "text"
                ],
                "bot_id": "BU8U6P6AH",
                "app_unfurl_url": "https:\/\/github.com\/thegooddocsproject\/website-hugo\/blob\/main\/content\/en\/about\/_index.html",
                "is_app_unfurl": true
            }
        ],
        "blocks": [
            {
                "type": "rich_text",
                "block_id": "2XK",
                "elements": [
                    {
                        "type": "rich_text_section",
                        "elements": [
                            {
                                "type": "text",
                                "text": "On my side, readup on the template tags so I understand how — "
                            },
                            {
                                "type": "link",
                                "url": "https:\/\/github.com\/thegooddocsproject\/website-hugo\/blob\/main\/content\/en\/about\/_index.html"
                            },
                            {
                                "type": "text",
                                "text": " works"
                            }
                        ]
                    }
                ]
            }
        ]
    },
    {
        "client_msg_id": "dd59b9c2-28d0-4800-b7a5-0e88fddc4345",
        "type": "message",
        "text": "and then i can help push forward some of these other pages",
        "user": "U012Y26QWNA",
        "ts": "1606158384.010800",
        "team": "TKFJE6LDR",
        "user_team": "TKFJE6LDR",
        "source_team": "TKFJE6LDR",
        "user_profile": {
            "avatar_hash": "b91365ff7b22",
            "image_72": "https:\/\/avatars.slack-edge.com\/2020-05-06\/1092095570535_b91365ff7b22e688f785_72.jpg",
            "first_name": "",
            "real_name": "Morgan Craft",
            "display_name": "Morgan Craft",
            "team": "TKFJE6LDR",
            "name": "morgan",
            "is_restricted": false,
            "is_ultra_restricted": false
        },
        "blocks": [
            {
                "type": "rich_text",
                "block_id": "=TdA",
                "elements": [
                    {
                        "type": "rich_text_section",
                        "elements": [
                            {
                                "type": "text",
                                "text": "and then i can help push forward some of these other pages"
                            }
                        ]
                    }
                ]
            }
        ]
    },
    {
        "client_msg_id": "74a894a0-0c5c-4034-86af-2c921cd712b5",
        "type": "message",
        "text": "assuming we may want to hide _Blog_ and _Documentation  —_ till we know what we want to do with those pages?",
        "user": "U012Y26QWNA",
        "ts": "1606158426.011600",
        "team": "TKFJE6LDR",
        "user_team": "TKFJE6LDR",
        "source_team": "TKFJE6LDR",
        "user_profile": {
            "avatar_hash": "b91365ff7b22",
            "image_72": "https:\/\/avatars.slack-edge.com\/2020-05-06\/1092095570535_b91365ff7b22e688f785_72.jpg",
            "first_name": "",
            "real_name": "Morgan Craft",
            "display_name": "Morgan Craft",
            "team": "TKFJE6LDR",
            "name": "morgan",
            "is_restricted": false,
            "is_ultra_restricted": false
        },
        "blocks": [
            {
                "type": "rich_text",
                "block_id": "imB",
                "elements": [
                    {
                        "type": "rich_text_section",
                        "elements": [
                            {
                                "type": "text",
                                "text": "assuming we may want to hide "
                            },
                            {
                                "type": "text",
                                "text": "Blog",
                                "style": {
                                    "italic": true
                                }
                            },
                            {
                                "type": "text",
                                "text": " and "
                            },
                            {
                                "type": "text",
                                "text": "Documentation  — ",
                                "style": {
                                    "italic": true
                                }
                            },
                            {
                                "type": "text",
                                "text": "till we know what we want to do with those pages?"
                            }
                        ]
                    }
                ]
            }
        ]
    },
    {
        "client_msg_id": "30ebb23c-7c2a-42fd-8be0-cc628755dcdd",
        "type": "message",
        "text": "aaahh found this",
        "user": "U012Y26QWNA",
        "ts": "1606158589.011800",
        "team": "TKFJE6LDR",
        "user_team": "TKFJE6LDR",
        "source_team": "TKFJE6LDR",
        "user_profile": {
            "avatar_hash": "b91365ff7b22",
            "image_72": "https:\/\/avatars.slack-edge.com\/2020-05-06\/1092095570535_b91365ff7b22e688f785_72.jpg",
            "first_name": "",
            "real_name": "Morgan Craft",
            "display_name": "Morgan Craft",
            "team": "TKFJE6LDR",
            "name": "morgan",
            "is_restricted": false,
            "is_ultra_restricted": false
        },
        "blocks": [
            {
                "type": "rich_text",
                "block_id": "GnPaV",
                "elements": [
                    {
                        "type": "rich_text_section",
                        "elements": [
                            {
                                "type": "text",
                                "text": "aaahh found this"
                            }
                        ]
                    }
                ]
            }
        ]
    },
    {
        "client_msg_id": "ff4bbae1-4c0a-4613-9959-5151c8ce7dc9",
        "type": "message",
        "text": "<https:\/\/www.docsy.dev\/docs\/adding-content\/content\/#content-sections-and-templates>",
        "user": "U012Y26QWNA",
        "ts": "1606158589.012000",
        "team": "TKFJE6LDR",
        "user_team": "TKFJE6LDR",
        "source_team": "TKFJE6LDR",
        "user_profile": {
            "avatar_hash": "b91365ff7b22",
            "image_72": "https:\/\/avatars.slack-edge.com\/2020-05-06\/1092095570535_b91365ff7b22e688f785_72.jpg",
            "first_name": "",
            "real_name": "Morgan Craft",
            "display_name": "Morgan Craft",
            "team": "TKFJE6LDR",
            "name": "morgan",
            "is_restricted": false,
            "is_ultra_restricted": false
        },
        "attachments": [
            {
                "service_name": "Docsy",
                "title": "Adding Content",
                "title_link": "https:\/\/www.docsy.dev\/docs\/adding-content\/content\/#content-sections-and-templates",
                "text": "Add different types of content to your Docsy site.",
                "fallback": "Docsy: Adding Content",
                "from_url": "https:\/\/www.docsy.dev\/docs\/adding-content\/content\/#content-sections-and-templates",
                "service_icon": "https:\/\/www.docsy.dev\/favicons\/apple-touch-icon-180x180.png",
                "id": 1,
                "original_url": "https:\/\/www.docsy.dev\/docs\/adding-content\/content\/#content-sections-and-templates"
            }
        ],
        "blocks": [
            {
                "type": "rich_text",
                "block_id": "EYHl",
                "elements": [
                    {
                        "type": "rich_text_section",
                        "elements": [
                            {
                                "type": "link",
                                "url": "https:\/\/www.docsy.dev\/docs\/adding-content\/content\/#content-sections-and-templates"
                            }
                        ]
                    }
                ]
            }
        ]
    },
    {
        "client_msg_id": "546327ec-5a63-4a21-98d8-fd39518af4fa",
        "type": "message",
        "text": "k, spent a few minutes reading through, think the templating makes sense.  I’ll look to port the *Press* page, it is a top-level nav item and it looks fairly straight forward — <https:\/\/github.com\/thegooddocsproject\/website-hugo\/issues\/15>",
        "user": "U012Y26QWNA",
        "ts": "1606159113.013700",
        "team": "TKFJE6LDR",
        "user_team": "TKFJE6LDR",
        "source_team": "TKFJE6LDR",
        "user_profile": {
            "avatar_hash": "b91365ff7b22",
            "image_72": "https:\/\/avatars.slack-edge.com\/2020-05-06\/1092095570535_b91365ff7b22e688f785_72.jpg",
            "first_name": "",
            "real_name": "Morgan Craft",
            "display_name": "Morgan Craft",
            "team": "TKFJE6LDR",
            "name": "morgan",
            "is_restricted": false,
            "is_ultra_restricted": false
        },
        "attachments": [
            {
                "author_name": "bwklein",
                "fallback": "[thegooddocsproject\/website-hugo] #15 Migrate - Press",
                "text": "_Originally posted by <https:\/\/github.com\/bwklein|@bwklein> in <https:\/\/github.com\/thegooddocsproject\/website-hugo\/issues\/9#issuecomment-725749643|#9 (comment)>_\n\nFrom: <https:\/\/thegooddocsproject.dev\/press.html|https:\/\/thegooddocsproject.dev\/press.html>\n\nList of references and links to content related to the project.",
                "title": "#15 Migrate - Press",
                "footer": "<https:\/\/github.com\/thegooddocsproject\/website-hugo|thegooddocsproject\/website-hugo>",
                "id": 1,
                "title_link": "https:\/\/github.com\/thegooddocsproject\/website-hugo\/issues\/15",
                "author_link": "https:\/\/github.com\/bwklein",
                "author_icon": "https:\/\/avatars3.githubusercontent.com\/u\/12104446?v=4",
                "footer_icon": "https:\/\/github.githubassets.com\/favicon.ico",
                "ts": 1605813241,
                "color": "36a64f",
                "fields": [
                    {
                        "title": "Assignees",
                        "value": "mgan59",
                        "short": true
                    },
                    {
                        "title": "Milestone",
                        "value": "<https:\/\/github.com\/thegooddocsproject\/website-hugo\/milestone\/1|1.0>",
                        "short": true
                    }
                ],
                "mrkdwn_in": [
                    "text"
                ],
                "bot_id": "BU8U6P6AH",
                "app_unfurl_url": "https:\/\/github.com\/thegooddocsproject\/website-hugo\/issues\/15",
                "is_app_unfurl": true
            }
        ],
        "blocks": [
            {
                "type": "rich_text",
                "block_id": "qGk",
                "elements": [
                    {
                        "type": "rich_text_section",
                        "elements": [
                            {
                                "type": "text",
                                "text": "k, spent a few minutes reading through, think the templating makes sense.  I’ll look to port the "
                            },
                            {
                                "type": "text",
                                "text": "Press",
                                "style": {
                                    "bold": true
                                }
                            },
                            {
                                "type": "text",
                                "text": " page, it is a top-level nav item and it looks fairly straight forward — "
                            },
                            {
                                "type": "link",
                                "url": "https:\/\/github.com\/thegooddocsproject\/website-hugo\/issues\/15"
                            }
                        ]
                    }
                ]
            }
        ]
    },
    {
        "client_msg_id": "07ecd311-6200-4e0c-8749-fbd9633cb1c6",
        "type": "message",
        "text": "I’ll also drive forward — <https:\/\/github.com\/thegooddocsproject\/website-hugo\/issues\/30>",
        "user": "U012Y26QWNA",
        "ts": "1606161087.014000",
        "team": "TKFJE6LDR",
        "user_team": "TKFJE6LDR",
        "source_team": "TKFJE6LDR",
        "user_profile": {
            "avatar_hash": "b91365ff7b22",
            "image_72": "https:\/\/avatars.slack-edge.com\/2020-05-06\/1092095570535_b91365ff7b22e688f785_72.jpg",
            "first_name": "",
            "real_name": "Morgan Craft",
            "display_name": "Morgan Craft",
            "team": "TKFJE6LDR",
            "name": "morgan",
            "is_restricted": false,
            "is_ultra_restricted": false
        },
        "attachments": [
            {
                "author_name": "mgan59",
                "fallback": "[thegooddocsproject\/website-hugo] #30 Add TheGoodDocs Projects SVG Logo to TopBar",
                "text": "*Context*\n\nCurrent the <https:\/\/github.com\/google\/docsy\/blob\/master\/assets\/icons\/logo.svg|default Docsy project logo> is being displayed on the site from the `assets\/icons\/logo.svg`.\n\n• View <https:\/\/github.com\/google\/docsy\/blob\/master\/layouts\/partials\/navbar.html|docsy\/partials\/navbar>\n• Official Docsy Docs on <https:\/\/www.docsy.dev\/docs\/adding-content\/iconsimages\/|Logo\/Icons -- Images>\n\n*Actions*\n\nThere exists a GoodDocs logo in <https:\/\/github.com\/thegooddocsproject\/brand-assets|brand-assets> Should be an easy wiring into the `assets\/icons\/logo.svg` space.",
                "title": "#30 Add TheGoodDocs Projects SVG Logo to TopBar",
                "footer": "<https:\/\/github.com\/thegooddocsproject\/website-hugo|thegooddocsproject\/website-hugo>",
                "id": 1,
                "title_link": "https:\/\/github.com\/thegooddocsproject\/website-hugo\/issues\/30",
                "author_link": "https:\/\/github.com\/mgan59",
                "author_icon": "https:\/\/avatars3.githubusercontent.com\/u\/89339?v=4",
                "footer_icon": "https:\/\/github.githubassets.com\/favicon.ico",
                "ts": 1606161013,
                "color": "36a64f",
                "fields": [
                    {
                        "title": "Assignees",
                        "value": "mgan59",
                        "short": true
                    }
                ],
                "mrkdwn_in": [
                    "text"
                ],
                "bot_id": "BU8U6P6AH",
                "app_unfurl_url": "https:\/\/github.com\/thegooddocsproject\/website-hugo\/issues\/30",
                "is_app_unfurl": true
            }
        ],
        "blocks": [
            {
                "type": "rich_text",
                "block_id": "htiP1",
                "elements": [
                    {
                        "type": "rich_text_section",
                        "elements": [
                            {
                                "type": "text",
                                "text": "I’ll also drive forward — "
                            },
                            {
                                "type": "link",
                                "url": "https:\/\/github.com\/thegooddocsproject\/website-hugo\/issues\/30"
                            }
                        ]
                    }
                ]
            }
        ]
    },
    {
        "client_msg_id": "324b8d69-14ea-4afc-8db6-917cf75ebdb6",
        "type": "message",
        "text": "Awesome! If you have any questions I can probably answer them quickly in a Zoom or slack chat.",
        "user": "U018BJR6JQN",
        "ts": "1606161260.015100",
        "team": "TKFJE6LDR",
        "user_team": "TKFJE6LDR",
        "source_team": "TKFJE6LDR",
        "user_profile": {
            "avatar_hash": "b330151b5e4b",
            "image_72": "https:\/\/avatars.slack-edge.com\/2020-12-14\/1570880700693_b330151b5e4b5ff6ed0c_72.jpg",
            "first_name": "",
            "real_name": "Bryan Klein",
            "display_name": "Bryan Klein",
            "team": "TKFJE6LDR",
            "name": "klein",
            "is_restricted": false,
            "is_ultra_restricted": false
        },
        "blocks": [
            {
                "type": "rich_text",
                "block_id": "02=t1",
                "elements": [
                    {
                        "type": "rich_text_section",
                        "elements": [
                            {
                                "type": "text",
                                "text": "Awesome! If you have any questions I can probably answer them quickly in a Zoom or slack chat."
                            }
                        ]
                    }
                ]
            }
        ],
        "thread_ts": "1606161260.015100",
        "reply_count": 6,
        "reply_users_count": 4,
        "latest_reply": "1606173673.018700",
        "reply_users": [
            "U012Y26QWNA",
            "U018BJR6JQN",
            "UKTGLQNGG",
            "UL2AA1FF1"
        ],
        "replies": [
            {
                "user": "U012Y26QWNA",
                "ts": "1606161455.016800"
            },
            {
                "user": "U018BJR6JQN",
                "ts": "1606161550.017000"
            },
            {
                "user": "U012Y26QWNA",
                "ts": "1606161984.017800"
            },
            {
                "user": "U018BJR6JQN",
                "ts": "1606162780.018200"
            },
            {
                "user": "UKTGLQNGG",
                "ts": "1606163586.018400"
            },
            {
                "user": "UL2AA1FF1",
                "ts": "1606173673.018700"
            }
        ],
        "subscribed": true,
        "last_read": "1606173673.018700",
        "reactions": [
            {
                "name": "ok_hand",
                "users": [
                    "U012Y26QWNA"
                ],
                "count": 1
            }
        ]
    },
    {
        "client_msg_id": "70608fee-3bf5-4ea3-b7db-84ce113a9cea",
        "type": "message",
        "text": "<@U012Y26QWNA> would it be helpful if in the issue I linked to the source file in the existing site repo?",
        "user": "U018BJR6JQN",
        "ts": "1606161350.015800",
        "team": "TKFJE6LDR",
        "user_team": "TKFJE6LDR",
        "source_team": "TKFJE6LDR",
        "user_profile": {
            "avatar_hash": "b330151b5e4b",
            "image_72": "https:\/\/avatars.slack-edge.com\/2020-12-14\/1570880700693_b330151b5e4b5ff6ed0c_72.jpg",
            "first_name": "",
            "real_name": "Bryan Klein",
            "display_name": "Bryan Klein",
            "team": "TKFJE6LDR",
            "name": "klein",
            "is_restricted": false,
            "is_ultra_restricted": false
        },
        "blocks": [
            {
                "type": "rich_text",
                "block_id": "pmOm",
                "elements": [
                    {
                        "type": "rich_text_section",
                        "elements": [
                            {
                                "type": "user",
                                "user_id": "U012Y26QWNA"
                            },
                            {
                                "type": "text",
                                "text": " would it be helpful if in the issue I linked to the source file in the existing site repo?"
                            }
                        ]
                    }
                ]
            }
        ],
        "thread_ts": "1606161350.015800",
        "reply_count": 4,
        "reply_users_count": 2,
        "latest_reply": "1606161596.017400",
        "reply_users": [
            "U012Y26QWNA",
            "U018BJR6JQN"
        ],
        "replies": [
            {
                "user": "U012Y26QWNA",
                "ts": "1606161392.016100"
            },
            {
                "user": "U018BJR6JQN",
                "ts": "1606161416.016400"
            },
            {
                "user": "U018BJR6JQN",
                "ts": "1606161430.016600"
            },
            {
                "user": "U012Y26QWNA",
                "ts": "1606161596.017400"
            }
        ],
        "subscribed": false
    },
    {
        "client_msg_id": "5c68bd6a-d015-431f-b336-615e1f13912d",
        "type": "message",
        "text": "for the logo?  nope I can pull it when i do the work :slightly_smiling_face:",
        "user": "U012Y26QWNA",
        "ts": "1606161392.016100",
        "team": "TKFJE6LDR",
        "user_team": "TKFJE6LDR",
        "source_team": "TKFJE6LDR",
        "user_profile": {
            "avatar_hash": "b91365ff7b22",
            "image_72": "https:\/\/avatars.slack-edge.com\/2020-05-06\/1092095570535_b91365ff7b22e688f785_72.jpg",
            "first_name": "",
            "real_name": "Morgan Craft",
            "display_name": "Morgan Craft",
            "team": "TKFJE6LDR",
            "name": "morgan",
            "is_restricted": false,
            "is_ultra_restricted": false
        },
        "blocks": [
            {
                "type": "rich_text",
                "block_id": "9NfS",
                "elements": [
                    {
                        "type": "rich_text_section",
                        "elements": [
                            {
                                "type": "text",
                                "text": "for the logo?  nope I can pull it when i do the work "
                            },
                            {
                                "type": "emoji",
                                "name": "slightly_smiling_face"
                            }
                        ]
                    }
                ]
            }
        ],
        "thread_ts": "1606161350.015800",
        "parent_user_id": "U018BJR6JQN"
    },
    {
        "client_msg_id": "af0009b6-a4c7-4ca4-8bdc-661e35e2adc7",
        "type": "message",
        "text": "No for all the content pages to migrate.",
        "user": "U018BJR6JQN",
        "ts": "1606161416.016400",
        "team": "TKFJE6LDR",
        "user_team": "TKFJE6LDR",
        "source_team": "TKFJE6LDR",
        "user_profile": {
            "avatar_hash": "b330151b5e4b",
            "image_72": "https:\/\/avatars.slack-edge.com\/2020-12-14\/1570880700693_b330151b5e4b5ff6ed0c_72.jpg",
            "first_name": "",
            "real_name": "Bryan Klein",
            "display_name": "Bryan Klein",
            "team": "TKFJE6LDR",
            "name": "klein",
            "is_restricted": false,
            "is_ultra_restricted": false
        },
        "blocks": [
            {
                "type": "rich_text",
                "block_id": "vOJ3",
                "elements": [
                    {
                        "type": "rich_text_section",
                        "elements": [
                            {
                                "type": "text",
                                "text": "No for all the content pages to migrate."
                            }
                        ]
                    }
                ]
            }
        ],
        "thread_ts": "1606161350.015800",
        "parent_user_id": "U018BJR6JQN"
    },
    {
        "client_msg_id": "0927ae4e-8e23-49df-9acb-e243de90a5a4",
        "type": "message",
        "text": "For the Markdown source to move over.",
        "user": "U018BJR6JQN",
        "ts": "1606161430.016600",
        "team": "TKFJE6LDR",
        "user_team": "TKFJE6LDR",
        "source_team": "TKFJE6LDR",
        "user_profile": {
            "avatar_hash": "b330151b5e4b",
            "image_72": "https:\/\/avatars.slack-edge.com\/2020-12-14\/1570880700693_b330151b5e4b5ff6ed0c_72.jpg",
            "first_name": "",
            "real_name": "Bryan Klein",
            "display_name": "Bryan Klein",
            "team": "TKFJE6LDR",
            "name": "klein",
            "is_restricted": false,
            "is_ultra_restricted": false
        },
        "blocks": [
            {
                "type": "rich_text",
                "block_id": "zDXlr",
                "elements": [
                    {
                        "type": "rich_text_section",
                        "elements": [
                            {
                                "type": "text",
                                "text": "For the Markdown source to move over."
                            }
                        ]
                    }
                ]
            }
        ],
        "thread_ts": "1606161350.015800",
        "parent_user_id": "U018BJR6JQN"
    },
    {
        "client_msg_id": "e2b71c3a-266a-4a7b-a130-e66c46fcd622",
        "type": "message",
        "text": "appreciate it, as I go I’ll build up questions and place them here.  Figured with the holiday we can be async.  but I’ll look to get some progress done for next week",
        "user": "U012Y26QWNA",
        "ts": "1606161455.016800",
        "team": "TKFJE6LDR",
        "user_team": "TKFJE6LDR",
        "source_team": "TKFJE6LDR",
        "user_profile": {
            "avatar_hash": "b91365ff7b22",
            "image_72": "https:\/\/avatars.slack-edge.com\/2020-05-06\/1092095570535_b91365ff7b22e688f785_72.jpg",
            "first_name": "",
            "real_name": "Morgan Craft",
            "display_name": "Morgan Craft",
            "team": "TKFJE6LDR",
            "name": "morgan",
            "is_restricted": false,
            "is_ultra_restricted": false
        },
        "blocks": [
            {
                "type": "rich_text",
                "block_id": "QTs",
                "elements": [
                    {
                        "type": "rich_text_section",
                        "elements": [
                            {
                                "type": "text",
                                "text": "appreciate it, as I go I’ll build up questions and place them here.  Figured with the holiday we can be async.  but I’ll look to get some progress done for next week"
                            }
                        ]
                    }
                ]
            }
        ],
        "thread_ts": "1606161260.015100",
        "parent_user_id": "U018BJR6JQN"
    },
    {
        "client_msg_id": "b30767aa-a742-4acc-a023-279fd39cdc88",
        "type": "message",
        "text": "I am hoping to get all the pages migrated this week. As I wanted it to be ready for <@UKTGLQNGG> and <https:\/\/www.writethedocs.org\/conf\/australia\/2020\/>",
        "user": "U018BJR6JQN",
        "ts": "1606161550.017000",
        "team": "TKFJE6LDR",
        "user_team": "TKFJE6LDR",
        "source_team": "TKFJE6LDR",
        "user_profile": {
            "avatar_hash": "b330151b5e4b",
            "image_72": "https:\/\/avatars.slack-edge.com\/2020-12-14\/1570880700693_b330151b5e4b5ff6ed0c_72.jpg",
            "first_name": "",
            "real_name": "Bryan Klein",
            "display_name": "Bryan Klein",
            "team": "TKFJE6LDR",
            "name": "klein",
            "is_restricted": false,
            "is_ultra_restricted": false
        },
        "edited": {
            "user": "U018BJR6JQN",
            "ts": "1606161557.000000"
        },
        "blocks": [
            {
                "type": "rich_text",
                "block_id": "IcRud",
                "elements": [
                    {
                        "type": "rich_text_section",
                        "elements": [
                            {
                                "type": "text",
                                "text": "I am hoping to get all the pages migrated this week. As I wanted it to be ready for "
                            },
                            {
                                "type": "user",
                                "user_id": "UKTGLQNGG"
                            },
                            {
                                "type": "text",
                                "text": " and "
                            },
                            {
                                "type": "link",
                                "url": "https:\/\/www.writethedocs.org\/conf\/australia\/2020\/"
                            }
                        ]
                    }
                ]
            }
        ],
        "thread_ts": "1606161260.015100",
        "parent_user_id": "U018BJR6JQN",
        "reactions": [
            {
                "name": "ok_hand",
                "users": [
                    "U012Y26QWNA"
                ],
                "count": 1
            },
            {
                "name": "star",
                "users": [
                    "UKTGLQNGG"
                ],
                "count": 1
            }
        ]
    },
    {
        "client_msg_id": "16b1e229-c061-4cff-954f-88cc6c4a6eb2",
        "type": "message",
        "text": "I don’t think it is a bad idea.  would also expect whomever pulls the work to maybe list that out in the Pull-request along with any additional-markdown pages that were linked from that top-level source potentially",
        "user": "U012Y26QWNA",
        "ts": "1606161596.017400",
        "team": "TKFJE6LDR",
        "user_team": "TKFJE6LDR",
        "source_team": "TKFJE6LDR",
        "user_profile": {
            "avatar_hash": "b91365ff7b22",
            "image_72": "https:\/\/avatars.slack-edge.com\/2020-05-06\/1092095570535_b91365ff7b22e688f785_72.jpg",
            "first_name": "",
            "real_name": "Morgan Craft",
            "display_name": "Morgan Craft",
            "team": "TKFJE6LDR",
            "name": "morgan",
            "is_restricted": false,
            "is_ultra_restricted": false
        },
        "edited": {
            "user": "U012Y26QWNA",
            "ts": "1606161621.000000"
        },
        "blocks": [
            {
                "type": "rich_text",
                "block_id": "0Rq",
                "elements": [
                    {
                        "type": "rich_text_section",
                        "elements": [
                            {
                                "type": "text",
                                "text": "I don’t think it is a bad idea.  would also expect whomever pulls the work to maybe list that out in the Pull-request along with any additional-markdown pages that were linked from that top-level source potentially"
                            }
                        ]
                    }
                ]
            }
        ],
        "thread_ts": "1606161350.015800",
        "parent_user_id": "U018BJR6JQN"
    },
    {
        "client_msg_id": "528594f3-0433-4bf4-a50a-d3f43fd7a9cf",
        "type": "message",
        "text": "if that is the goal, think it is doable.  Would want to point out, that a DNS change will need to happen — don’t know who has access to change the `CNAME` records that will need to point to the netlify server once ready.  And it will need potentially 24-48 hours.",
        "user": "U012Y26QWNA",
        "ts": "1606161984.017800",
        "team": "TKFJE6LDR",
        "user_team": "TKFJE6LDR",
        "source_team": "TKFJE6LDR",
        "user_profile": {
            "avatar_hash": "b91365ff7b22",
            "image_72": "https:\/\/avatars.slack-edge.com\/2020-05-06\/1092095570535_b91365ff7b22e688f785_72.jpg",
            "first_name": "",
            "real_name": "Morgan Craft",
            "display_name": "Morgan Craft",
            "team": "TKFJE6LDR",
            "name": "morgan",
            "is_restricted": false,
            "is_ultra_restricted": false
        },
        "edited": {
            "user": "U012Y26QWNA",
            "ts": "1606162005.000000"
        },
        "blocks": [
            {
                "type": "rich_text",
                "block_id": "gsjB",
                "elements": [
                    {
                        "type": "rich_text_section",
                        "elements": [
                            {
                                "type": "text",
                                "text": "if that is the goal, think it is doable.  Would want to point out, that a DNS change will need to happen — don’t know who has access to change the "
                            },
                            {
                                "type": "text",
                                "text": "CNAME",
                                "style": {
                                    "code": true
                                }
                            },
                            {
                                "type": "text",
                                "text": " records that will need to point to the netlify server once ready.  And it will need potentially 24-48 hours."
                            }
                        ]
                    }
                ]
            }
        ],
        "thread_ts": "1606161260.015100",
        "parent_user_id": "U018BJR6JQN"
    },
    {
        "client_msg_id": "003a932a-5c8f-4222-8ce6-02e49e822d77",
        "type": "message",
        "text": "I don't think the new site will be live on the domain, but at least in a state to speak to the work and the progress to date.  If we can switch the domain too, that would be great.",
        "user": "U018BJR6JQN",
        "ts": "1606162780.018200",
        "team": "TKFJE6LDR",
        "user_team": "TKFJE6LDR",
        "source_team": "TKFJE6LDR",
        "user_profile": {
            "avatar_hash": "b330151b5e4b",
            "image_72": "https:\/\/avatars.slack-edge.com\/2020-12-14\/1570880700693_b330151b5e4b5ff6ed0c_72.jpg",
            "first_name": "",
            "real_name": "Bryan Klein",
            "display_name": "Bryan Klein",
            "team": "TKFJE6LDR",
            "name": "klein",
            "is_restricted": false,
            "is_ultra_restricted": false
        },
        "blocks": [
            {
                "type": "rich_text",
                "block_id": "DMI=",
                "elements": [
                    {
                        "type": "rich_text_section",
                        "elements": [
                            {
                                "type": "text",
                                "text": "I don't think the new site will be live on the domain, but at least in a state to speak to the work and the progress to date.  If we can switch the domain too, that would be great."
                            }
                        ]
                    }
                ]
            }
        ],
        "thread_ts": "1606161260.015100",
        "parent_user_id": "U018BJR6JQN"
    },
    {
        "client_msg_id": "c5e8a38d-57f1-4b5c-b448-ff77f4655d29",
        "type": "message",
        "text": "<@UKG4RHGBD> set up the original DNS, and I believe she has shared details with <@UL2AA1FF1>, maybe <@UKV4ZPEFQ> and probably me too. (I'd need to go digging)",
        "user": "UKTGLQNGG",
        "ts": "1606163586.018400",
        "team": "TKFJE6LDR",
        "user_team": "TKFJE6LDR",
        "source_team": "TKFJE6LDR",
        "user_profile": {
            "avatar_hash": "d6f4de222bb1",
            "image_72": "https:\/\/avatars.slack-edge.com\/2020-07-20\/1235580478119_d6f4de222bb1ed6b5960_72.jpg",
            "first_name": "Cameron",
            "real_name": "Cameron Shorter",
            "display_name": "cameronshorter",
            "team": "TKFJE6LDR",
            "name": "cameron.shorter",
            "is_restricted": false,
            "is_ultra_restricted": false
        },
        "blocks": [
            {
                "type": "rich_text",
                "block_id": "vUT1",
                "elements": [
                    {
                        "type": "rich_text_section",
                        "elements": [
                            {
                                "type": "user",
                                "user_id": "UKG4RHGBD"
                            },
                            {
                                "type": "text",
                                "text": " set up the original DNS, and I believe she has shared details with "
                            },
                            {
                                "type": "user",
                                "user_id": "UL2AA1FF1"
                            },
                            {
                                "type": "text",
                                "text": ", maybe "
                            },
                            {
                                "type": "user",
                                "user_id": "UKV4ZPEFQ"
                            },
                            {
                                "type": "text",
                                "text": " and probably me too. (I'd need to go digging)"
                            }
                        ]
                    }
                ]
            }
        ],
        "thread_ts": "1606161260.015100",
        "parent_user_id": "U018BJR6JQN",
        "reactions": [
            {
                "name": "+1",
                "users": [
                    "U018BJR6JQN"
                ],
                "count": 1
            }
        ]
    },
    {
        "client_msg_id": "08a38716-ea36-49b1-b65c-763aa7bd5975",
        "type": "message",
        "text": "I have access -- if you assign me an issue, I can make the switch :slightly_smiling_face:",
        "user": "UL2AA1FF1",
        "ts": "1606173673.018700",
        "team": "TKFJE6LDR",
        "user_team": "TKFJE6LDR",
        "source_team": "TKFJE6LDR",
        "user_profile": {
            "avatar_hash": "22135067b36d",
            "image_72": "https:\/\/avatars.slack-edge.com\/2019-10-23\/805254797908_22135067b36dfb715e99_72.jpg",
            "first_name": "",
            "real_name": "Erin McKean",
            "display_name": "Erin McKean",
            "team": "TKFJE6LDR",
            "name": "emckean",
            "is_restricted": false,
            "is_ultra_restricted": false
        },
        "blocks": [
            {
                "type": "rich_text",
                "block_id": "M14q",
                "elements": [
                    {
                        "type": "rich_text_section",
                        "elements": [
                            {
                                "type": "text",
                                "text": "I have access -- if you assign me an issue, I can make the switch "
                            },
                            {
                                "type": "emoji",
                                "name": "slightly_smiling_face"
                            }
                        ]
                    }
                ]
            }
        ],
        "thread_ts": "1606161260.015100",
        "parent_user_id": "U018BJR6JQN"
    },
    {
        "client_msg_id": "57a1baaa-f4ad-4a8d-901a-431cc46ea879",
        "type": "message",
        "text": "<@U012Y26QWNA> or <@U012KCMPP0V> there is a PR for review for whoever gets to it first.  This updates the Home, About, Contact and Community pages.",
        "user": "U018BJR6JQN",
        "ts": "1606204755.020100",
        "team": "TKFJE6LDR",
        "user_team": "TKFJE6LDR",
        "source_team": "TKFJE6LDR",
        "user_profile": {
            "avatar_hash": "b330151b5e4b",
            "image_72": "https:\/\/avatars.slack-edge.com\/2020-12-14\/1570880700693_b330151b5e4b5ff6ed0c_72.jpg",
            "first_name": "",
            "real_name": "Bryan Klein",
            "display_name": "Bryan Klein",
            "team": "TKFJE6LDR",
            "name": "klein",
            "is_restricted": false,
            "is_ultra_restricted": false
        },
        "blocks": [
            {
                "type": "rich_text",
                "block_id": "7SX",
                "elements": [
                    {
                        "type": "rich_text_section",
                        "elements": [
                            {
                                "type": "user",
                                "user_id": "U012Y26QWNA"
                            },
                            {
                                "type": "text",
                                "text": " or "
                            },
                            {
                                "type": "user",
                                "user_id": "U012KCMPP0V"
                            },
                            {
                                "type": "text",
                                "text": " there is a PR for review for whoever gets to it first.  This updates the Home, About, Contact and Community pages."
                            }
                        ]
                    }
                ]
            }
        ],
        "thread_ts": "1606204755.020100",
        "reply_count": 7,
        "reply_users_count": 3,
        "latest_reply": "1606565751.021900",
        "reply_users": [
            "U012KCMPP0V",
            "U018BJR6JQN",
            "U012Y26QWNA"
        ],
        "replies": [
            {
                "user": "U012KCMPP0V",
                "ts": "1606320501.020500"
            },
            {
                "user": "U012KCMPP0V",
                "ts": "1606320779.020700"
            },
            {
                "user": "U018BJR6JQN",
                "ts": "1606327379.020900"
            },
            {
                "user": "U018BJR6JQN",
                "ts": "1606327487.021100"
            },
            {
                "user": "U012KCMPP0V",
                "ts": "1606327510.021300"
            },
            {
                "user": "U012KCMPP0V",
                "ts": "1606350076.021600"
            },
            {
                "user": "U012Y26QWNA",
                "ts": "1606565751.021900"
            }
        ],
        "subscribed": false
    }
]