[
    {
        "client_msg_id": "320a05b0-c9e6-4481-911d-c9facb960f2c",
        "type": "message",
        "text": "I got the Netlify open source account set up and I will invite folks to the team over the next couple days :slightly_smiling_face:",
        "user": "UL2AA1FF1",
        "ts": "1605633956.000500",
        "team": "TKFJE6LDR",
        "user_team": "TKFJE6LDR",
        "source_team": "TKFJE6LDR",
        "user_profile": {
            "avatar_hash": "22135067b36d",
            "image_72": "https:\/\/avatars.slack-edge.com\/2019-10-23\/805254797908_22135067b36dfb715e99_72.jpg",
            "first_name": "",
            "real_name": "Erin McKean",
            "display_name": "Erin McKean",
            "team": "TKFJE6LDR",
            "name": "emckean",
            "is_restricted": false,
            "is_ultra_restricted": false
        },
        "blocks": [
            {
                "type": "rich_text",
                "block_id": "nDV",
                "elements": [
                    {
                        "type": "rich_text_section",
                        "elements": [
                            {
                                "type": "text",
                                "text": "I got the Netlify open source account set up and I will invite folks to the team over the next couple days "
                            },
                            {
                                "type": "emoji",
                                "name": "slightly_smiling_face"
                            }
                        ]
                    }
                ]
            }
        ],
        "reactions": [
            {
                "name": "star",
                "users": [
                    "U018BJR6JQN",
                    "U012Y26QWNA"
                ],
                "count": 2
            }
        ]
    },
    {
        "client_msg_id": "fbdfe806-8c3b-4a84-ab29-d6b25e522c1d",
        "type": "message",
        "text": "Thank you <@UL2AA1FF1>",
        "user": "U018BJR6JQN",
        "ts": "1605653219.000800",
        "team": "TKFJE6LDR",
        "user_team": "TKFJE6LDR",
        "source_team": "TKFJE6LDR",
        "user_profile": {
            "avatar_hash": "b330151b5e4b",
            "image_72": "https:\/\/avatars.slack-edge.com\/2020-12-14\/1570880700693_b330151b5e4b5ff6ed0c_72.jpg",
            "first_name": "",
            "real_name": "Bryan Klein",
            "display_name": "Bryan Klein",
            "team": "TKFJE6LDR",
            "name": "klein",
            "is_restricted": false,
            "is_ultra_restricted": false
        },
        "blocks": [
            {
                "type": "rich_text",
                "block_id": "oTr",
                "elements": [
                    {
                        "type": "rich_text_section",
                        "elements": [
                            {
                                "type": "text",
                                "text": "Thank you "
                            },
                            {
                                "type": "user",
                                "user_id": "UL2AA1FF1"
                            }
                        ]
                    }
                ]
            }
        ]
    }
]