[
    {
        "client_msg_id": "a7acb13f-1bad-46d5-b62a-a6fdd27354b0",
        "type": "message",
        "text": "Moved the 'about' page over to the new site... testing out the Docsy blocks for page elements. <https:\/\/gdp-hugo.netlify.app\/about\/>",
        "user": "U018BJR6JQN",
        "ts": "1605143254.000700",
        "team": "TKFJE6LDR",
        "user_team": "TKFJE6LDR",
        "source_team": "TKFJE6LDR",
        "user_profile": {
            "avatar_hash": "b330151b5e4b",
            "image_72": "https:\/\/avatars.slack-edge.com\/2020-12-14\/1570880700693_b330151b5e4b5ff6ed0c_72.jpg",
            "first_name": "",
            "real_name": "Bryan Klein",
            "display_name": "Bryan Klein",
            "team": "TKFJE6LDR",
            "name": "klein",
            "is_restricted": false,
            "is_ultra_restricted": false
        },
        "edited": {
            "user": "U018BJR6JQN",
            "ts": "1605143267.000000"
        },
        "blocks": [
            {
                "type": "rich_text",
                "block_id": "=IWB",
                "elements": [
                    {
                        "type": "rich_text_section",
                        "elements": [
                            {
                                "type": "text",
                                "text": "Moved the 'about' page over to the new site... testing out the Docsy blocks for page elements. "
                            },
                            {
                                "type": "link",
                                "url": "https:\/\/gdp-hugo.netlify.app\/about\/"
                            }
                        ]
                    }
                ]
            }
        ],
        "reactions": [
            {
                "name": "100",
                "users": [
                    "UL2AA1FF1"
                ],
                "count": 1
            }
        ]
    }
]