[
    {
        "client_msg_id": "4fd77ae9-a41e-4c1d-b3ff-db1e88369bbe",
        "type": "message",
        "text": "Also put my :eyes:  on it and gave it a :+1:  — most of my comments were just notes for small followups we will need to circle back to once we get other pages filled in",
        "user": "U012Y26QWNA",
        "ts": "1606565751.021900",
        "team": "TKFJE6LDR",
        "user_team": "TKFJE6LDR",
        "source_team": "TKFJE6LDR",
        "user_profile": {
            "avatar_hash": "b91365ff7b22",
            "image_72": "https:\/\/avatars.slack-edge.com\/2020-05-06\/1092095570535_b91365ff7b22e688f785_72.jpg",
            "first_name": "",
            "real_name": "Morgan Craft",
            "display_name": "Morgan Craft",
            "team": "TKFJE6LDR",
            "name": "morgan",
            "is_restricted": false,
            "is_ultra_restricted": false
        },
        "blocks": [
            {
                "type": "rich_text",
                "block_id": "mk8",
                "elements": [
                    {
                        "type": "rich_text_section",
                        "elements": [
                            {
                                "type": "text",
                                "text": "Also put my "
                            },
                            {
                                "type": "emoji",
                                "name": "eyes"
                            },
                            {
                                "type": "text",
                                "text": "  on it and gave it a "
                            },
                            {
                                "type": "emoji",
                                "name": "+1"
                            },
                            {
                                "type": "text",
                                "text": "  — most of my comments were just notes for small followups we will need to circle back to once we get other pages filled in"
                            }
                        ]
                    }
                ]
            }
        ],
        "thread_ts": "1606204755.020100",
        "parent_user_id": "U018BJR6JQN"
    },
    {
        "client_msg_id": "251903c1-f369-431a-abf7-69590af587f9",
        "type": "message",
        "text": "Opened 2 prs",
        "user": "U012Y26QWNA",
        "ts": "1606565758.022200",
        "team": "TKFJE6LDR",
        "user_team": "TKFJE6LDR",
        "source_team": "TKFJE6LDR",
        "user_profile": {
            "avatar_hash": "b91365ff7b22",
            "image_72": "https:\/\/avatars.slack-edge.com\/2020-05-06\/1092095570535_b91365ff7b22e688f785_72.jpg",
            "first_name": "",
            "real_name": "Morgan Craft",
            "display_name": "Morgan Craft",
            "team": "TKFJE6LDR",
            "name": "morgan",
            "is_restricted": false,
            "is_ultra_restricted": false
        },
        "blocks": [
            {
                "type": "rich_text",
                "block_id": "5CZj",
                "elements": [
                    {
                        "type": "rich_text_section",
                        "elements": [
                            {
                                "type": "text",
                                "text": "Opened 2 prs"
                            }
                        ]
                    }
                ]
            }
        ]
    },
    {
        "client_msg_id": "dcc520b0-2c31-4c92-83b8-4a04293becc1",
        "type": "message",
        "text": "<https:\/\/github.com\/thegooddocsproject\/website-hugo\/pull\/32> — Press Page",
        "user": "U012Y26QWNA",
        "ts": "1606565765.022500",
        "team": "TKFJE6LDR",
        "user_team": "TKFJE6LDR",
        "source_team": "TKFJE6LDR",
        "user_profile": {
            "avatar_hash": "b91365ff7b22",
            "image_72": "https:\/\/avatars.slack-edge.com\/2020-05-06\/1092095570535_b91365ff7b22e688f785_72.jpg",
            "first_name": "",
            "real_name": "Morgan Craft",
            "display_name": "Morgan Craft",
            "team": "TKFJE6LDR",
            "name": "morgan",
            "is_restricted": false,
            "is_ultra_restricted": false
        },
        "attachments": [
            {
                "fallback": "[thegooddocsproject\/website-hugo] #32 adding press page with redirect",
                "image_url": "https:\/\/user-images.githubusercontent.com\/89339\/100514899-66f90680-3146-11eb-8934-7e3bb4efcc52.png",
                "image_width": 1156,
                "image_height": 974,
                "image_bytes": 199533,
                "author_name": "mgan59",
                "text": "*Issue*\n\n• Issue <https:\/\/github.com\/thegooddocsproject\/website-hugo\/issues\/15|#15>\n\n*Purpose \/ why*\n\nPorting over the Press page as part of the initial migration.\n\n*What changes were made?*\n\nMade a new folder `press` and added the `_index.md`. Lifted the template from *About* and made some modifications and then inserted the `markdown` from the `press.md` file in the jekyll repo.\n\nAlso added the `aliases` to include a redirect for `press.html`.\n\nMade some tweaks to the copy and added some *bold* to the dates to give the section more contrast\n\n*Verification*\n\nI've forked the repo now so to do a review:\n\n1. `git add remote morgan <https:\/\/github.com\/mgan59\/website-hugo.git>` *OR* `git add remote morgan git@github.com:mgan59\/website-hugo.git`\n2. `git fetch --all`\n3. `git checkout morgan\/adding-press-page`\n4. `hugo server`\n\nGoto Press Page and should see\n\n<https:\/\/user-images.githubusercontent.com\/89339\/100514899-66f90680-3146-11eb-8934-7e3bb4efcc52.png|Screen Shot 2020-11-28 at 6 47 14 AM>\n\n* * *\n\n*Checklist*\n\n&gt; *Pull-request reviewer* should ensure the following\n\n☐ Are issues linked correctly?\n☐ Did the PR receive at least one :+1: and no :-1: from core-maintainers?",
                "title": "#32 adding press page with redirect",
                "footer": "<https:\/\/github.com\/thegooddocsproject\/website-hugo|thegooddocsproject\/website-hugo>",
                "id": 1,
                "title_link": "https:\/\/github.com\/thegooddocsproject\/website-hugo\/pull\/32",
                "author_link": "https:\/\/github.com\/mgan59",
                "author_icon": "https:\/\/avatars3.githubusercontent.com\/u\/89339?v=4",
                "footer_icon": "https:\/\/github.githubassets.com\/favicon.ico",
                "ts": 1606564427,
                "color": "36a64f",
                "mrkdwn_in": [
                    "text"
                ],
                "bot_id": "BU8U6P6AH",
                "app_unfurl_url": "https:\/\/github.com\/thegooddocsproject\/website-hugo\/pull\/32",
                "is_app_unfurl": true
            }
        ],
        "blocks": [
            {
                "type": "rich_text",
                "block_id": "2vB",
                "elements": [
                    {
                        "type": "rich_text_section",
                        "elements": [
                            {
                                "type": "link",
                                "url": "https:\/\/github.com\/thegooddocsproject\/website-hugo\/pull\/32"
                            },
                            {
                                "type": "text",
                                "text": " — Press Page"
                            }
                        ]
                    }
                ]
            }
        ],
        "thread_ts": "1606565765.022500",
        "reply_count": 2,
        "reply_users_count": 2,
        "latest_reply": "1606593537.024100",
        "reply_users": [
            "U012KCMPP0V",
            "U018BJR6JQN"
        ],
        "replies": [
            {
                "user": "U012KCMPP0V",
                "ts": "1606592221.023700"
            },
            {
                "user": "U018BJR6JQN",
                "ts": "1606593537.024100"
            }
        ],
        "subscribed": false
    },
    {
        "client_msg_id": "0cc099da-7cf4-4962-8c18-75878ecc753c",
        "type": "message",
        "text": "and also",
        "user": "U012Y26QWNA",
        "ts": "1606565779.022800",
        "team": "TKFJE6LDR",
        "user_team": "TKFJE6LDR",
        "source_team": "TKFJE6LDR",
        "user_profile": {
            "avatar_hash": "b91365ff7b22",
            "image_72": "https:\/\/avatars.slack-edge.com\/2020-05-06\/1092095570535_b91365ff7b22e688f785_72.jpg",
            "first_name": "",
            "real_name": "Morgan Craft",
            "display_name": "Morgan Craft",
            "team": "TKFJE6LDR",
            "name": "morgan",
            "is_restricted": false,
            "is_ultra_restricted": false
        },
        "blocks": [
            {
                "type": "rich_text",
                "block_id": "L1AV",
                "elements": [
                    {
                        "type": "rich_text_section",
                        "elements": [
                            {
                                "type": "text",
                                "text": "and also"
                            }
                        ]
                    }
                ]
            }
        ]
    },
    {
        "client_msg_id": "fc758235-7e36-4fa0-bcc1-f905697b6e8d",
        "type": "message",
        "text": "<https:\/\/github.com\/thegooddocsproject\/website-hugo\/pull\/33>",
        "user": "U012Y26QWNA",
        "ts": "1606565787.023000",
        "team": "TKFJE6LDR",
        "user_team": "TKFJE6LDR",
        "source_team": "TKFJE6LDR",
        "user_profile": {
            "avatar_hash": "b91365ff7b22",
            "image_72": "https:\/\/avatars.slack-edge.com\/2020-05-06\/1092095570535_b91365ff7b22e688f785_72.jpg",
            "first_name": "",
            "real_name": "Morgan Craft",
            "display_name": "Morgan Craft",
            "team": "TKFJE6LDR",
            "name": "morgan",
            "is_restricted": false,
            "is_ultra_restricted": false
        },
        "attachments": [
            {
                "fallback": "[thegooddocsproject\/website-hugo] #33 adding the project logo as svg",
                "image_url": "https:\/\/user-images.githubusercontent.com\/89339\/100515332-5302d400-3149-11eb-9b44-4ad7d1e60306.png",
                "image_width": 1163,
                "image_height": 848,
                "image_bytes": 1120963,
                "author_name": "mgan59",
                "text": "*Issue*\n\nIssue <https:\/\/github.com\/thegooddocsproject\/website-hugo\/issues\/30|#30>\n\n*Purpose \/ why*\n\nWe have a nicely designed `svg` logo parked in the <https:\/\/github.com\/thegooddocsproject\/brand-assets|brand-assets>.\n\n*What changes were made?*\n\nSimply dropping the `svg` into the `assets\/icons\/logo.svg` completed the override. But made a few resizing adjustments and ultimately went with 70px for the icon. any smaller and the face gets distorted and any larger and it is overwhelming to the navbar.\n\nHad to go into the `variables.scss` to do an override on the `.navbar` css because it sets a fixed height of `30px`. I needed to use `!important` to make the override stick. Maybe a better way to do this but it was quick and easy.\n\n*Verification*\n\nPull my branch in my fork.\n\n1. `git checkout morgan\/add-logo`\n2. `hugo server`\n\nShould see icon on pages\n\n<https:\/\/user-images.githubusercontent.com\/89339\/100515332-5302d400-3149-11eb-9b44-4ad7d1e60306.png|Screen Shot 2020-11-28 at 7 08 37 AM>  \n<https:\/\/user-images.githubusercontent.com\/89339\/100515334-54340100-3149-11eb-9b88-0011d42dd1c7.png|Screen Shot 2020-11-28 at 7 08 46 AM>  \n<https:\/\/user-images.githubusercontent.com\/89339\/100515335-54cc9780-3149-11eb-84e6-e3e8caa5c1aa.png|Screen Shot 2020-11-28 at 7 08 59 AM>\n\n* * *\n\n*Checklist*\n\n&gt; *Pull-request reviewer* should ensure the following\n\n☐ Are issues linked correctly?\n☐ Is this PR labeled correctly?",
                "title": "#33 adding the project logo as svg",
                "footer": "<https:\/\/github.com\/thegooddocsproject\/website-hugo|thegooddocsproject\/website-hugo>",
                "id": 1,
                "title_link": "https:\/\/github.com\/thegooddocsproject\/website-hugo\/pull\/33",
                "author_link": "https:\/\/github.com\/mgan59",
                "author_icon": "https:\/\/avatars3.githubusercontent.com\/u\/89339?v=4",
                "footer_icon": "https:\/\/github.githubassets.com\/favicon.ico",
                "ts": 1606565668,
                "color": "36a64f",
                "mrkdwn_in": [
                    "text"
                ],
                "bot_id": "BU8U6P6AH",
                "app_unfurl_url": "https:\/\/github.com\/thegooddocsproject\/website-hugo\/pull\/33",
                "is_app_unfurl": true
            }
        ],
        "blocks": [
            {
                "type": "rich_text",
                "block_id": "aeBk",
                "elements": [
                    {
                        "type": "rich_text_section",
                        "elements": [
                            {
                                "type": "link",
                                "url": "https:\/\/github.com\/thegooddocsproject\/website-hugo\/pull\/33"
                            }
                        ]
                    }
                ]
            }
        ],
        "thread_ts": "1606565787.023000",
        "reply_count": 1,
        "reply_users_count": 1,
        "latest_reply": "1606592850.023900",
        "reply_users": [
            "U012KCMPP0V"
        ],
        "replies": [
            {
                "user": "U012KCMPP0V",
                "ts": "1606592850.023900"
            }
        ],
        "subscribed": false
    },
    {
        "client_msg_id": "e4af8909-5cfa-4a25-83f2-632203c80b23",
        "type": "message",
        "text": "When I try to open this page on my end, Netlify freaks out and won't open it. I've seen this happen on a PR before. You might want to check with <@U018BJR6JQN> about how to fix it.",
        "user": "U012KCMPP0V",
        "ts": "1606592221.023700",
        "team": "TKFJE6LDR",
        "user_team": "TKFJE6LDR",
        "source_team": "TKFJE6LDR",
        "user_profile": {
            "avatar_hash": "b26729f0b5f2",
            "image_72": "https:\/\/avatars.slack-edge.com\/2020-04-27\/1089031639347_b26729f0b5f2375494a1_72.png",
            "first_name": "Alyssa",
            "real_name": "Alyssa",
            "display_name": "Alyssa",
            "team": "TKFJE6LDR",
            "name": "alyssa.rock.biz",
            "is_restricted": false,
            "is_ultra_restricted": false
        },
        "blocks": [
            {
                "type": "rich_text",
                "block_id": "8dc",
                "elements": [
                    {
                        "type": "rich_text_section",
                        "elements": [
                            {
                                "type": "text",
                                "text": "When I try to open this page on my end, Netlify freaks out and won't open it. I've seen this happen on a PR before. You might want to check with "
                            },
                            {
                                "type": "user",
                                "user_id": "U018BJR6JQN"
                            },
                            {
                                "type": "text",
                                "text": " about how to fix it."
                            }
                        ]
                    }
                ]
            }
        ],
        "thread_ts": "1606565765.022500",
        "parent_user_id": "U012Y26QWNA"
    },
    {
        "client_msg_id": "af909db3-ab61-4bb4-a27d-a1cb575c32b0",
        "type": "message",
        "text": "Looks good. I approved this change with one non-blocking suggestion. :merge-party:",
        "user": "U012KCMPP0V",
        "ts": "1606592850.023900",
        "team": "TKFJE6LDR",
        "user_team": "TKFJE6LDR",
        "source_team": "TKFJE6LDR",
        "user_profile": {
            "avatar_hash": "b26729f0b5f2",
            "image_72": "https:\/\/avatars.slack-edge.com\/2020-04-27\/1089031639347_b26729f0b5f2375494a1_72.png",
            "first_name": "Alyssa",
            "real_name": "Alyssa",
            "display_name": "Alyssa",
            "team": "TKFJE6LDR",
            "name": "alyssa.rock.biz",
            "is_restricted": false,
            "is_ultra_restricted": false
        },
        "blocks": [
            {
                "type": "rich_text",
                "block_id": "8rO",
                "elements": [
                    {
                        "type": "rich_text_section",
                        "elements": [
                            {
                                "type": "text",
                                "text": "Looks good. I approved this change with one non-blocking suggestion. "
                            },
                            {
                                "type": "emoji",
                                "name": "merge-party"
                            }
                        ]
                    }
                ]
            }
        ],
        "thread_ts": "1606565787.023000",
        "parent_user_id": "U012Y26QWNA"
    },
    {
        "client_msg_id": "f648be8b-6adf-4d06-9554-10c398f118ba",
        "type": "message",
        "text": "Yep, you don't need to alias the URL with .html at the end.  This page shouldn't need any alias entries. <@U012Y26QWNA>",
        "user": "U018BJR6JQN",
        "ts": "1606593537.024100",
        "team": "TKFJE6LDR",
        "user_team": "TKFJE6LDR",
        "source_team": "TKFJE6LDR",
        "user_profile": {
            "avatar_hash": "b330151b5e4b",
            "image_72": "https:\/\/avatars.slack-edge.com\/2020-12-14\/1570880700693_b330151b5e4b5ff6ed0c_72.jpg",
            "first_name": "",
            "real_name": "Bryan Klein",
            "display_name": "Bryan Klein",
            "team": "TKFJE6LDR",
            "name": "klein",
            "is_restricted": false,
            "is_ultra_restricted": false
        },
        "blocks": [
            {
                "type": "rich_text",
                "block_id": "lNKkL",
                "elements": [
                    {
                        "type": "rich_text_section",
                        "elements": [
                            {
                                "type": "text",
                                "text": "Yep, you don't need to alias the URL with .html at the end.  This page shouldn't need any alias entries. "
                            },
                            {
                                "type": "user",
                                "user_id": "U012Y26QWNA"
                            }
                        ]
                    }
                ]
            }
        ],
        "thread_ts": "1606565765.022500",
        "parent_user_id": "U012Y26QWNA"
    }
]