[
    {
        "client_msg_id": "f23e6d49-d803-4f43-8c82-978cbefbaa0b",
        "type": "message",
        "text": "I'll check it today",
        "user": "U012KCMPP0V",
        "ts": "1606320501.020500",
        "team": "TKFJE6LDR",
        "user_team": "TKFJE6LDR",
        "source_team": "TKFJE6LDR",
        "user_profile": {
            "avatar_hash": "b26729f0b5f2",
            "image_72": "https:\/\/avatars.slack-edge.com\/2020-04-27\/1089031639347_b26729f0b5f2375494a1_72.png",
            "first_name": "Alyssa",
            "real_name": "Alyssa",
            "display_name": "Alyssa",
            "team": "TKFJE6LDR",
            "name": "alyssa.rock.biz",
            "is_restricted": false,
            "is_ultra_restricted": false
        },
        "blocks": [
            {
                "type": "rich_text",
                "block_id": "Ymb1",
                "elements": [
                    {
                        "type": "rich_text_section",
                        "elements": [
                            {
                                "type": "text",
                                "text": "I'll check it today"
                            }
                        ]
                    }
                ]
            }
        ],
        "thread_ts": "1606204755.020100",
        "parent_user_id": "U018BJR6JQN"
    },
    {
        "client_msg_id": "f9a55410-8de2-4863-a857-5a027b77b118",
        "type": "message",
        "text": "FYI, the Community page is freaking out for me on Netlify and won't load....",
        "user": "U012KCMPP0V",
        "ts": "1606320779.020700",
        "team": "TKFJE6LDR",
        "user_team": "TKFJE6LDR",
        "source_team": "TKFJE6LDR",
        "user_profile": {
            "avatar_hash": "b26729f0b5f2",
            "image_72": "https:\/\/avatars.slack-edge.com\/2020-04-27\/1089031639347_b26729f0b5f2375494a1_72.png",
            "first_name": "Alyssa",
            "real_name": "Alyssa",
            "display_name": "Alyssa",
            "team": "TKFJE6LDR",
            "name": "alyssa.rock.biz",
            "is_restricted": false,
            "is_ultra_restricted": false
        },
        "blocks": [
            {
                "type": "rich_text",
                "block_id": "c6=",
                "elements": [
                    {
                        "type": "rich_text_section",
                        "elements": [
                            {
                                "type": "text",
                                "text": "FYI, the Community page is freaking out for me on Netlify and won't load...."
                            }
                        ]
                    }
                ]
            }
        ],
        "thread_ts": "1606204755.020100",
        "parent_user_id": "U018BJR6JQN"
    },
    {
        "client_msg_id": "053b7636-edd9-467e-87aa-5631d1ede9d1",
        "type": "message",
        "text": "It might be a redirect loop.",
        "user": "U018BJR6JQN",
        "ts": "1606327379.020900",
        "team": "TKFJE6LDR",
        "user_team": "TKFJE6LDR",
        "source_team": "TKFJE6LDR",
        "user_profile": {
            "avatar_hash": "b330151b5e4b",
            "image_72": "https:\/\/avatars.slack-edge.com\/2020-12-14\/1570880700693_b330151b5e4b5ff6ed0c_72.jpg",
            "first_name": "",
            "real_name": "Bryan Klein",
            "display_name": "Bryan Klein",
            "team": "TKFJE6LDR",
            "name": "klein",
            "is_restricted": false,
            "is_ultra_restricted": false
        },
        "blocks": [
            {
                "type": "rich_text",
                "block_id": "vAIN",
                "elements": [
                    {
                        "type": "rich_text_section",
                        "elements": [
                            {
                                "type": "text",
                                "text": "It might be a redirect loop."
                            }
                        ]
                    }
                ]
            }
        ],
        "thread_ts": "1606204755.020100",
        "parent_user_id": "U018BJR6JQN"
    },
    {
        "client_msg_id": "abb3a35b-5ebb-497d-8fdf-ad4aa63d964f",
        "type": "message",
        "text": "<@U012KCMPP0V> I just pushed a fix to the PR, it is working correctly now.",
        "user": "U018BJR6JQN",
        "ts": "1606327487.021100",
        "team": "TKFJE6LDR",
        "user_team": "TKFJE6LDR",
        "source_team": "TKFJE6LDR",
        "user_profile": {
            "avatar_hash": "b330151b5e4b",
            "image_72": "https:\/\/avatars.slack-edge.com\/2020-12-14\/1570880700693_b330151b5e4b5ff6ed0c_72.jpg",
            "first_name": "",
            "real_name": "Bryan Klein",
            "display_name": "Bryan Klein",
            "team": "TKFJE6LDR",
            "name": "klein",
            "is_restricted": false,
            "is_ultra_restricted": false
        },
        "blocks": [
            {
                "type": "rich_text",
                "block_id": "41glV",
                "elements": [
                    {
                        "type": "rich_text_section",
                        "elements": [
                            {
                                "type": "user",
                                "user_id": "U012KCMPP0V"
                            },
                            {
                                "type": "text",
                                "text": " I just pushed a fix to the PR, it is working correctly now."
                            }
                        ]
                    }
                ]
            }
        ],
        "thread_ts": "1606204755.020100",
        "parent_user_id": "U018BJR6JQN"
    },
    {
        "client_msg_id": "623771db-fb08-45c2-a288-a8d021ca938b",
        "type": "message",
        "text": "Nice! I'll take a look later this afternoon. :slightly_smiling_face:",
        "user": "U012KCMPP0V",
        "ts": "1606327510.021300",
        "team": "TKFJE6LDR",
        "user_team": "TKFJE6LDR",
        "source_team": "TKFJE6LDR",
        "user_profile": {
            "avatar_hash": "b26729f0b5f2",
            "image_72": "https:\/\/avatars.slack-edge.com\/2020-04-27\/1089031639347_b26729f0b5f2375494a1_72.png",
            "first_name": "Alyssa",
            "real_name": "Alyssa",
            "display_name": "Alyssa",
            "team": "TKFJE6LDR",
            "name": "alyssa.rock.biz",
            "is_restricted": false,
            "is_ultra_restricted": false
        },
        "blocks": [
            {
                "type": "rich_text",
                "block_id": "8YVe",
                "elements": [
                    {
                        "type": "rich_text_section",
                        "elements": [
                            {
                                "type": "text",
                                "text": "Nice! I'll take a look later this afternoon. "
                            },
                            {
                                "type": "emoji",
                                "name": "slightly_smiling_face"
                            }
                        ]
                    }
                ]
            }
        ],
        "thread_ts": "1606204755.020100",
        "parent_user_id": "U018BJR6JQN",
        "reactions": [
            {
                "name": "+1",
                "users": [
                    "U018BJR6JQN"
                ],
                "count": 1
            }
        ]
    },
    {
        "client_msg_id": "de68e967-be7d-4c65-9ac4-341aa7f50860",
        "type": "message",
        "text": "Approved! :merge-party:",
        "user": "U012KCMPP0V",
        "ts": "1606350076.021600",
        "team": "TKFJE6LDR",
        "user_team": "TKFJE6LDR",
        "source_team": "TKFJE6LDR",
        "user_profile": {
            "avatar_hash": "b26729f0b5f2",
            "image_72": "https:\/\/avatars.slack-edge.com\/2020-04-27\/1089031639347_b26729f0b5f2375494a1_72.png",
            "first_name": "Alyssa",
            "real_name": "Alyssa",
            "display_name": "Alyssa",
            "team": "TKFJE6LDR",
            "name": "alyssa.rock.biz",
            "is_restricted": false,
            "is_ultra_restricted": false
        },
        "blocks": [
            {
                "type": "rich_text",
                "block_id": "vyUg",
                "elements": [
                    {
                        "type": "rich_text_section",
                        "elements": [
                            {
                                "type": "text",
                                "text": "Approved! "
                            },
                            {
                                "type": "emoji",
                                "name": "merge-party"
                            }
                        ]
                    }
                ]
            }
        ],
        "thread_ts": "1606204755.020100",
        "parent_user_id": "U018BJR6JQN",
        "reactions": [
            {
                "name": "thankyou",
                "users": [
                    "U018BJR6JQN"
                ],
                "count": 1
            }
        ]
    }
]