[
    {
        "client_msg_id": "631dba72-a5d6-4999-9ae2-675e1924f801",
        "type": "message",
        "text": "I'll log in briefly on the half hour, to see if anyone wants to join. But I realize many of us will be busy, so happy to skip APEC meeting this week if you like.",
        "user": "UKTGLQNGG",
        "ts": "1606899309.149700",
        "team": "TKFJE6LDR",
        "user_team": "TKFJE6LDR",
        "source_team": "TKFJE6LDR",
        "user_profile": {
            "avatar_hash": "d6f4de222bb1",
            "image_72": "https:\/\/avatars.slack-edge.com\/2020-07-20\/1235580478119_d6f4de222bb1ed6b5960_72.jpg",
            "first_name": "Cameron",
            "real_name": "Cameron Shorter",
            "display_name": "cameronshorter",
            "team": "TKFJE6LDR",
            "name": "cameron.shorter",
            "is_restricted": false,
            "is_ultra_restricted": false
        },
        "edited": {
            "user": "UKTGLQNGG",
            "ts": "1606899329.000000"
        },
        "blocks": [
            {
                "type": "rich_text",
                "block_id": "ejI",
                "elements": [
                    {
                        "type": "rich_text_section",
                        "elements": [
                            {
                                "type": "text",
                                "text": "I'll log in briefly on the half hour, to see if anyone wants to join. But I realize many of us will be busy, so happy to skip APEC meeting this week if you like."
                            }
                        ]
                    }
                ]
            }
        ],
        "thread_ts": "1606892508.149400",
        "parent_user_id": "UKVC4NB71"
    },
    {
        "client_msg_id": "89262933-8c24-4745-b942-9dd21a1d28e4",
        "type": "message",
        "text": "Hey Cameron, are you joining the meeting?",
        "user": "U0170HMB87K",
        "ts": "1606901622.150400",
        "team": "TKFJE6LDR",
        "user_team": "TKFJE6LDR",
        "source_team": "TKFJE6LDR",
        "user_profile": {
            "avatar_hash": "f39553b0636b",
            "image_72": "https:\/\/avatars.slack-edge.com\/2020-07-22\/1249269540710_f39553b0636b29704992_72.jpg",
            "first_name": "",
            "real_name": "Ankita",
            "display_name": "Ankita",
            "team": "TKFJE6LDR",
            "name": "ankitatripathi.2312",
            "is_restricted": false,
            "is_ultra_restricted": false
        },
        "blocks": [
            {
                "type": "rich_text",
                "block_id": "tV=l",
                "elements": [
                    {
                        "type": "rich_text_section",
                        "elements": [
                            {
                                "type": "text",
                                "text": "Hey Cameron, are you joining the meeting?"
                            }
                        ]
                    }
                ]
            }
        ]
    },
    {
        "client_msg_id": "dc5ff04e-9542-4a11-8a2c-b2ac201d703f",
        "type": "message",
        "text": "coming ...",
        "user": "UKTGLQNGG",
        "ts": "1606901635.150600",
        "team": "TKFJE6LDR",
        "user_team": "TKFJE6LDR",
        "source_team": "TKFJE6LDR",
        "user_profile": {
            "avatar_hash": "d6f4de222bb1",
            "image_72": "https:\/\/avatars.slack-edge.com\/2020-07-20\/1235580478119_d6f4de222bb1ed6b5960_72.jpg",
            "first_name": "Cameron",
            "real_name": "Cameron Shorter",
            "display_name": "cameronshorter",
            "team": "TKFJE6LDR",
            "name": "cameron.shorter",
            "is_restricted": false,
            "is_ultra_restricted": false
        },
        "blocks": [
            {
                "type": "rich_text",
                "block_id": "Ipe3",
                "elements": [
                    {
                        "type": "rich_text_section",
                        "elements": [
                            {
                                "type": "text",
                                "text": "coming ..."
                            }
                        ]
                    }
                ]
            }
        ]
    },
    {
        "client_msg_id": "cd8cf774-d6a7-4be1-a3d2-fa64f9e2f55c",
        "type": "message",
        "text": "Unconference session booked in.",
        "user": "UKTGLQNGG",
        "ts": "1606937683.150700",
        "team": "TKFJE6LDR",
        "user_team": "TKFJE6LDR",
        "source_team": "TKFJE6LDR",
        "user_profile": {
            "avatar_hash": "d6f4de222bb1",
            "image_72": "https:\/\/avatars.slack-edge.com\/2020-07-20\/1235580478119_d6f4de222bb1ed6b5960_72.jpg",
            "first_name": "Cameron",
            "real_name": "Cameron Shorter",
            "display_name": "cameronshorter",
            "team": "TKFJE6LDR",
            "name": "cameron.shorter",
            "is_restricted": false,
            "is_ultra_restricted": false
        },
        "blocks": [
            {
                "type": "rich_text",
                "block_id": "MT3y",
                "elements": [
                    {
                        "type": "rich_text_section",
                        "elements": [
                            {
                                "type": "text",
                                "text": "Unconference session booked in."
                            }
                        ]
                    }
                ]
            }
        ],
        "thread_ts": "1606892508.149400",
        "parent_user_id": "UKVC4NB71"
    },
    {
        "client_msg_id": "5c43523e-449c-4cb6-9097-1f463cf6728a",
        "type": "message",
        "text": "US meeting now <https:\/\/meet.google.com\/nuj-qvxw-vvt?authuser=0>",
        "user": "UKTGLQNGG",
        "ts": "1606946609.151000",
        "team": "TKFJE6LDR",
        "user_team": "TKFJE6LDR",
        "source_team": "TKFJE6LDR",
        "user_profile": {
            "avatar_hash": "d6f4de222bb1",
            "image_72": "https:\/\/avatars.slack-edge.com\/2020-07-20\/1235580478119_d6f4de222bb1ed6b5960_72.jpg",
            "first_name": "Cameron",
            "real_name": "Cameron Shorter",
            "display_name": "cameronshorter",
            "team": "TKFJE6LDR",
            "name": "cameron.shorter",
            "is_restricted": false,
            "is_ultra_restricted": false
        },
        "attachments": [
            {
                "title": "Meet",
                "title_link": "https:\/\/meet.google.com\/nuj-qvxw-vvt?authuser=0",
                "text": "Real-time meetings by Google. Using your browser, share your video, desktop, and presentations with teammates and customers.",
                "fallback": "Meet",
                "thumb_url": "https:\/\/fonts.gstatic.com\/s\/i\/productlogos\/meet_2020q4\/v1\/web-96dp\/logo_meet_2020q4_color_2x_web_96dp.png",
                "from_url": "https:\/\/meet.google.com\/nuj-qvxw-vvt?authuser=0",
                "thumb_width": 192,
                "thumb_height": 192,
                "service_icon": "http:\/\/fonts.gstatic.com\/s\/i\/productlogos\/meet_2020q4\/v1\/web-24dp\/logo_meet_2020q4_color_1x_web_24dp.png",
                "service_name": "meet.google.com",
                "id": 1,
                "original_url": "https:\/\/meet.google.com\/nuj-qvxw-vvt?authuser=0"
            }
        ],
        "blocks": [
            {
                "type": "rich_text",
                "block_id": "Qzkt",
                "elements": [
                    {
                        "type": "rich_text_section",
                        "elements": [
                            {
                                "type": "text",
                                "text": "US meeting now "
                            },
                            {
                                "type": "link",
                                "url": "https:\/\/meet.google.com\/nuj-qvxw-vvt?authuser=0"
                            }
                        ]
                    }
                ]
            }
        ]
    },
    {
        "client_msg_id": "4fe1a93e-75a4-43bd-b057-e9375c7d8061",
        "type": "message",
        "text": "^^ <@U015GARCR8X>  , since you were interested",
        "user": "U012KCMPP0V",
        "ts": "1606952327.152600",
        "team": "TKFJE6LDR",
        "user_team": "TKFJE6LDR",
        "source_team": "TKFJE6LDR",
        "user_profile": {
            "avatar_hash": "b26729f0b5f2",
            "image_72": "https:\/\/avatars.slack-edge.com\/2020-04-27\/1089031639347_b26729f0b5f2375494a1_72.png",
            "first_name": "Alyssa",
            "real_name": "Alyssa",
            "display_name": "Alyssa",
            "team": "TKFJE6LDR",
            "name": "alyssa.rock.biz",
            "is_restricted": false,
            "is_ultra_restricted": false
        },
        "blocks": [
            {
                "type": "rich_text",
                "block_id": "hp6",
                "elements": [
                    {
                        "type": "rich_text_section",
                        "elements": [
                            {
                                "type": "text",
                                "text": "^^ "
                            },
                            {
                                "type": "user",
                                "user_id": "U015GARCR8X"
                            },
                            {
                                "type": "text",
                                "text": "  , since you were interested"
                            }
                        ]
                    }
                ]
            }
        ],
        "thread_ts": "1605146000.106600",
        "parent_user_id": "U012KCMPP0V"
    },
    {
        "client_msg_id": "aae55d2d-5652-4697-b4e3-60b30a92226b",
        "type": "message",
        "text": "haha I love this flowchart",
        "user": "U015GARCR8X",
        "ts": "1606952451.153000",
        "team": "TKFJE6LDR",
        "user_team": "TKFJE6LDR",
        "source_team": "TKFJE6LDR",
        "user_profile": {
            "avatar_hash": "37a234435192",
            "image_72": "https:\/\/avatars.slack-edge.com\/2020-08-06\/1283467109749_37a23443519259ddd5ca_72.png",
            "first_name": "Derek",
            "real_name": "Derek Ardolf",
            "display_name": "ScriptAutomate",
            "team": "TKFJE6LDR",
            "name": "derek",
            "is_restricted": false,
            "is_ultra_restricted": false
        },
        "blocks": [
            {
                "type": "rich_text",
                "block_id": "ExdWR",
                "elements": [
                    {
                        "type": "rich_text_section",
                        "elements": [
                            {
                                "type": "text",
                                "text": "haha I love this flowchart"
                            }
                        ]
                    }
                ]
            }
        ],
        "thread_ts": "1605146000.106600",
        "parent_user_id": "U012KCMPP0V"
    },
    {
        "client_msg_id": "49b7c2ec-605f-4c8c-9e2d-f02a186dc972",
        "type": "message",
        "text": "for those at Write The Docs AU\/IN, we are in Table 1 talking about The Good Docs",
        "user": "UKTGLQNGG",
        "ts": "1606972515.153600",
        "team": "TKFJE6LDR",
        "user_team": "TKFJE6LDR",
        "source_team": "TKFJE6LDR",
        "user_profile": {
            "avatar_hash": "d6f4de222bb1",
            "image_72": "https:\/\/avatars.slack-edge.com\/2020-07-20\/1235580478119_d6f4de222bb1ed6b5960_72.jpg",
            "first_name": "Cameron",
            "real_name": "Cameron Shorter",
            "display_name": "cameronshorter",
            "team": "TKFJE6LDR",
            "name": "cameron.shorter",
            "is_restricted": false,
            "is_ultra_restricted": false
        },
        "blocks": [
            {
                "type": "rich_text",
                "block_id": "p+y",
                "elements": [
                    {
                        "type": "rich_text_section",
                        "elements": [
                            {
                                "type": "text",
                                "text": "for those at Write The Docs AU\/IN, we are in Table 1 talking about The Good Docs"
                            }
                        ]
                    }
                ]
            }
        ]
    },
    {
        "client_msg_id": "b02014b3-c98a-47bc-b3ea-5917d147587b",
        "type": "message",
        "text": "Hello folks! Swati here. I am currently contributing to another open source community as part of the Google Season of Docs program. Once I 'm done with my responsibilities here, I would love to start contributing to the Good Docs project.",
        "user": "U01FM5N1ZAT",
        "ts": "1606974325.156600",
        "team": "TKFJE6LDR",
        "user_team": "TKFJE6LDR",
        "source_team": "TKFJE6LDR",
        "user_profile": {
            "avatar_hash": "c0a6152c44f1",
            "image_72": "https:\/\/avatars.slack-edge.com\/2020-12-02\/1546139207635_c0a6152c44f19e9b31ae_72.jpg",
            "first_name": "",
            "real_name": "swati thacker",
            "display_name": "swati thacker",
            "team": "TKFJE6LDR",
            "name": "swati.kgp13",
            "is_restricted": false,
            "is_ultra_restricted": false
        },
        "blocks": [
            {
                "type": "rich_text",
                "block_id": "Sl=a",
                "elements": [
                    {
                        "type": "rich_text_section",
                        "elements": [
                            {
                                "type": "text",
                                "text": "Hello folks! Swati here. I am currently contributing to another open source community as part of the Google Season of Docs program. Once I 'm done with my responsibilities here, I would love to start contributing to the Good Docs project."
                            }
                        ]
                    }
                ]
            }
        ],
        "thread_ts": "1606974325.156600",
        "reply_count": 3,
        "reply_users_count": 3,
        "latest_reply": "1606975504.170500",
        "reply_users": [
            "U0170HMB87K",
            "U01FM5N1ZAT",
            "UKTGLQNGG"
        ],
        "replies": [
            {
                "user": "U0170HMB87K",
                "ts": "1606974381.157800"
            },
            {
                "user": "U01FM5N1ZAT",
                "ts": "1606975108.166400"
            },
            {
                "user": "UKTGLQNGG",
                "ts": "1606975504.170500"
            }
        ],
        "subscribed": false,
        "reactions": [
            {
                "name": "wave",
                "users": [
                    "U0170HMB87K",
                    "UKTGLQNGG"
                ],
                "count": 2
            }
        ]
    },
    {
        "client_msg_id": "5b6f814b-8261-4b9d-9854-8e86629dbcbf",
        "type": "message",
        "text": "Damn I am outside and I am actually carrying my laptop to not miss anything from the conference :see_no_evil:",
        "user": "U0170HMB87K",
        "ts": "1606974343.157100",
        "team": "TKFJE6LDR",
        "user_team": "TKFJE6LDR",
        "source_team": "TKFJE6LDR",
        "user_profile": {
            "avatar_hash": "f39553b0636b",
            "image_72": "https:\/\/avatars.slack-edge.com\/2020-07-22\/1249269540710_f39553b0636b29704992_72.jpg",
            "first_name": "",
            "real_name": "Ankita",
            "display_name": "Ankita",
            "team": "TKFJE6LDR",
            "name": "ankitatripathi.2312",
            "is_restricted": false,
            "is_ultra_restricted": false
        },
        "blocks": [
            {
                "type": "rich_text",
                "block_id": "ros\/",
                "elements": [
                    {
                        "type": "rich_text_section",
                        "elements": [
                            {
                                "type": "text",
                                "text": "Damn I am outside and I am actually carrying my laptop to not miss anything from the conference "
                            },
                            {
                                "type": "emoji",
                                "name": "see_no_evil"
                            }
                        ]
                    }
                ]
            }
        ]
    },
    {
        "client_msg_id": "beb3417e-29a3-456b-a111-3f072d414686",
        "type": "message",
        "text": "Welcome <@U01FM5N1ZAT>!! We are glad to have you here.",
        "user": "U0170HMB87K",
        "ts": "1606974381.157800",
        "team": "TKFJE6LDR",
        "user_team": "TKFJE6LDR",
        "source_team": "TKFJE6LDR",
        "user_profile": {
            "avatar_hash": "f39553b0636b",
            "image_72": "https:\/\/avatars.slack-edge.com\/2020-07-22\/1249269540710_f39553b0636b29704992_72.jpg",
            "first_name": "",
            "real_name": "Ankita",
            "display_name": "Ankita",
            "team": "TKFJE6LDR",
            "name": "ankitatripathi.2312",
            "is_restricted": false,
            "is_ultra_restricted": false
        },
        "blocks": [
            {
                "type": "rich_text",
                "block_id": "kqgth",
                "elements": [
                    {
                        "type": "rich_text_section",
                        "elements": [
                            {
                                "type": "text",
                                "text": "Welcome "
                            },
                            {
                                "type": "user",
                                "user_id": "U01FM5N1ZAT"
                            },
                            {
                                "type": "text",
                                "text": "!! We are glad to have you here."
                            }
                        ]
                    }
                ]
            }
        ],
        "thread_ts": "1606974325.156600",
        "parent_user_id": "U01FM5N1ZAT"
    },
    {
        "client_msg_id": "372b4d51-eda9-46a6-a587-31b428ce4601",
        "type": "message",
        "text": "Hello! I have absolutely no experience with open source documentation.",
        "user": "U01G82UEWF6",
        "ts": "1606974487.158800",
        "team": "TKFJE6LDR",
        "user_team": "TKFJE6LDR",
        "source_team": "TKFJE6LDR",
        "user_profile": {
            "avatar_hash": "b559f87a113a",
            "image_72": "https:\/\/avatars.slack-edge.com\/2020-12-02\/1531192869175_b559f87a113a48cf6c9b_72.png",
            "first_name": "",
            "real_name": "shubha nag",
            "display_name": "shubha nag",
            "team": "TKFJE6LDR",
            "name": "shubha1012",
            "is_restricted": false,
            "is_ultra_restricted": false
        },
        "blocks": [
            {
                "type": "rich_text",
                "block_id": "fXV5",
                "elements": [
                    {
                        "type": "rich_text_section",
                        "elements": [
                            {
                                "type": "text",
                                "text": "Hello! I have absolutely no experience with open source documentation."
                            }
                        ]
                    }
                ]
            }
        ]
    },
    {
        "client_msg_id": "f89d312a-75c5-4669-9d7c-ce728890e37d",
        "type": "message",
        "text": "Hello! I'm Mohana and thank you for answering my questions at the conference. I am a technical writer at Xilinx where I usually work on product guides and user guides. I have only started working on GitHub documentation projects and API documentation recently and I am interested in exploring more, learning more. I've never contributed to an open source project and I'd love to learn more!",
        "user": "U01FV5E1TPY",
        "ts": "1606974826.164900",
        "team": "TKFJE6LDR",
        "user_team": "TKFJE6LDR",
        "source_team": "TKFJE6LDR",
        "user_profile": {
            "avatar_hash": "6cbb97b9d79e",
            "image_72": "https:\/\/avatars.slack-edge.com\/2020-12-02\/1569758418576_6cbb97b9d79eb3d177a1_72.jpg",
            "first_name": "",
            "real_name": "Mohana Das",
            "display_name": "Mohana Das",
            "team": "TKFJE6LDR",
            "name": "dasmohana91985",
            "is_restricted": false,
            "is_ultra_restricted": false
        },
        "blocks": [
            {
                "type": "rich_text",
                "block_id": "PcbFm",
                "elements": [
                    {
                        "type": "rich_text_section",
                        "elements": [
                            {
                                "type": "text",
                                "text": "Hello! I'm Mohana and thank you for answering my questions at the conference. I am a technical writer at Xilinx where I usually work on product guides and user guides. I have only started working on GitHub documentation projects and API documentation recently and I am interested in exploring more, learning more. I've never contributed to an open source project and I'd love to learn more!"
                            }
                        ]
                    }
                ]
            }
        ]
    },
    {
        "client_msg_id": "5486e57e-9adb-4498-8967-c02714db5cc2",
        "type": "message",
        "text": "If I do want to contribute to the project, how do I go about it?",
        "user": "U01G82UEWF6",
        "ts": "1606974916.165600",
        "team": "TKFJE6LDR",
        "user_team": "TKFJE6LDR",
        "source_team": "TKFJE6LDR",
        "user_profile": {
            "avatar_hash": "b559f87a113a",
            "image_72": "https:\/\/avatars.slack-edge.com\/2020-12-02\/1531192869175_b559f87a113a48cf6c9b_72.png",
            "first_name": "",
            "real_name": "shubha nag",
            "display_name": "shubha nag",
            "team": "TKFJE6LDR",
            "name": "shubha1012",
            "is_restricted": false,
            "is_ultra_restricted": false
        },
        "blocks": [
            {
                "type": "rich_text",
                "block_id": "NYsq",
                "elements": [
                    {
                        "type": "rich_text_section",
                        "elements": [
                            {
                                "type": "text",
                                "text": "If I do want to contribute to the project, how do I go about it?"
                            }
                        ]
                    }
                ]
            }
        ]
    },
    {
        "client_msg_id": "a0e25799-bbef-40fa-a97c-fb31b5ff83ca",
        "type": "message",
        "text": "<@U0170HMB87K> &amp; <@UKTGLQNGG> - are there any good first issues for first time contributors to this project?",
        "user": "U01FM5N1ZAT",
        "ts": "1606975108.166400",
        "team": "TKFJE6LDR",
        "user_team": "TKFJE6LDR",
        "source_team": "TKFJE6LDR",
        "user_profile": {
            "avatar_hash": "c0a6152c44f1",
            "image_72": "https:\/\/avatars.slack-edge.com\/2020-12-02\/1546139207635_c0a6152c44f19e9b31ae_72.jpg",
            "first_name": "",
            "real_name": "swati thacker",
            "display_name": "swati thacker",
            "team": "TKFJE6LDR",
            "name": "swati.kgp13",
            "is_restricted": false,
            "is_ultra_restricted": false
        },
        "blocks": [
            {
                "type": "rich_text",
                "block_id": "Hwj",
                "elements": [
                    {
                        "type": "rich_text_section",
                        "elements": [
                            {
                                "type": "user",
                                "user_id": "U0170HMB87K"
                            },
                            {
                                "type": "text",
                                "text": " & "
                            },
                            {
                                "type": "user",
                                "user_id": "UKTGLQNGG"
                            },
                            {
                                "type": "text",
                                "text": " - are there any good first issues for first time contributors to this project?"
                            }
                        ]
                    }
                ]
            }
        ],
        "thread_ts": "1606974325.156600",
        "parent_user_id": "U01FM5N1ZAT"
    },
    {
        "client_msg_id": "a8a1e912-3e57-4e0d-9c28-92153b7431bc",
        "type": "message",
        "text": "<@U01FV5E1TPY>, <@U01G82UEWF6> you've come to the right place to learn about contributing to open source. :slightly_smiling_face: A starting point is to look at our <https:\/\/thegooddocsproject.dev\/contribute.html|contribute page>, but that is not very personal. I think a better way is to talk to one of us personally. Find out the initiatives that we our working on, share what you are interested in. We can then pair you up with someone else to work with you.",
        "user": "UKTGLQNGG",
        "ts": "1606975309.169100",
        "team": "TKFJE6LDR",
        "user_team": "TKFJE6LDR",
        "source_team": "TKFJE6LDR",
        "user_profile": {
            "avatar_hash": "d6f4de222bb1",
            "image_72": "https:\/\/avatars.slack-edge.com\/2020-07-20\/1235580478119_d6f4de222bb1ed6b5960_72.jpg",
            "first_name": "Cameron",
            "real_name": "Cameron Shorter",
            "display_name": "cameronshorter",
            "team": "TKFJE6LDR",
            "name": "cameron.shorter",
            "is_restricted": false,
            "is_ultra_restricted": false
        },
        "attachments": [
            {
                "service_name": "The Good Docs Project",
                "title": "How to Contribute",
                "title_link": "https:\/\/thegooddocsproject.dev\/contribute.html",
                "text": "Templates to make good docs.",
                "fallback": "The Good Docs Project: How to Contribute",
                "from_url": "https:\/\/thegooddocsproject.dev\/contribute.html",
                "id": 1,
                "original_url": "https:\/\/thegooddocsproject.dev\/contribute.html"
            }
        ],
        "blocks": [
            {
                "type": "rich_text",
                "block_id": "J6f",
                "elements": [
                    {
                        "type": "rich_text_section",
                        "elements": [
                            {
                                "type": "user",
                                "user_id": "U01FV5E1TPY"
                            },
                            {
                                "type": "text",
                                "text": ", "
                            },
                            {
                                "type": "user",
                                "user_id": "U01G82UEWF6"
                            },
                            {
                                "type": "text",
                                "text": " you've come to the right place to learn about contributing to open source. "
                            },
                            {
                                "type": "emoji",
                                "name": "slightly_smiling_face"
                            },
                            {
                                "type": "text",
                                "text": " A starting point is to look at our "
                            },
                            {
                                "type": "link",
                                "url": "https:\/\/thegooddocsproject.dev\/contribute.html",
                                "text": "contribute page"
                            },
                            {
                                "type": "text",
                                "text": ", but that is not very personal. I think a better way is to talk to one of us personally. Find out the initiatives that we our working on, share what you are interested in. We can then pair you up with someone else to work with you."
                            }
                        ]
                    }
                ]
            }
        ],
        "thread_ts": "1606975309.169100",
        "reply_count": 1,
        "reply_users_count": 1,
        "latest_reply": "1606979633.170800",
        "reply_users": [
            "U01FV5E1TPY"
        ],
        "replies": [
            {
                "user": "U01FV5E1TPY",
                "ts": "1606979633.170800"
            }
        ],
        "subscribed": false,
        "reactions": [
            {
                "name": "+1",
                "users": [
                    "U01G82UEWF6",
                    "U01GEGKBZB3"
                ],
                "count": 2
            }
        ]
    },
    {
        "client_msg_id": "d2903d39-865e-4202-97e7-6d797d6877f6",
        "type": "message",
        "text": "I'd be happy to have a video call with any or all of you if you like, maybe during one of the conference breaks we can set up a video conference.",
        "user": "UKTGLQNGG",
        "ts": "1606975373.170400",
        "team": "TKFJE6LDR",
        "user_team": "TKFJE6LDR",
        "source_team": "TKFJE6LDR",
        "user_profile": {
            "avatar_hash": "d6f4de222bb1",
            "image_72": "https:\/\/avatars.slack-edge.com\/2020-07-20\/1235580478119_d6f4de222bb1ed6b5960_72.jpg",
            "first_name": "Cameron",
            "real_name": "Cameron Shorter",
            "display_name": "cameronshorter",
            "team": "TKFJE6LDR",
            "name": "cameron.shorter",
            "is_restricted": false,
            "is_ultra_restricted": false
        },
        "blocks": [
            {
                "type": "rich_text",
                "block_id": "Zy\/",
                "elements": [
                    {
                        "type": "rich_text_section",
                        "elements": [
                            {
                                "type": "text",
                                "text": "I'd be happy to have a video call with any or all of you if you like, maybe during one of the conference breaks we can set up a video conference."
                            }
                        ]
                    }
                ]
            }
        ]
    },
    {
        "client_msg_id": "782da771-fcf4-41d6-a1eb-77dc43596316",
        "type": "message",
        "text": "If you'd like to start from an issue, maybe pick a \"good first time issue\" from <https:\/\/github.com\/thegooddocsproject\/templates\/issues>",
        "user": "UKTGLQNGG",
        "ts": "1606975504.170500",
        "team": "TKFJE6LDR",
        "user_team": "TKFJE6LDR",
        "source_team": "TKFJE6LDR",
        "user_profile": {
            "avatar_hash": "d6f4de222bb1",
            "image_72": "https:\/\/avatars.slack-edge.com\/2020-07-20\/1235580478119_d6f4de222bb1ed6b5960_72.jpg",
            "first_name": "Cameron",
            "real_name": "Cameron Shorter",
            "display_name": "cameronshorter",
            "team": "TKFJE6LDR",
            "name": "cameron.shorter",
            "is_restricted": false,
            "is_ultra_restricted": false
        },
        "blocks": [
            {
                "type": "rich_text",
                "block_id": "C+O",
                "elements": [
                    {
                        "type": "rich_text_section",
                        "elements": [
                            {
                                "type": "text",
                                "text": "If you'd like to start from an issue, maybe pick a \"good first time issue\" from "
                            },
                            {
                                "type": "link",
                                "url": "https:\/\/github.com\/thegooddocsproject\/templates\/issues"
                            }
                        ]
                    }
                ]
            }
        ],
        "thread_ts": "1606974325.156600",
        "parent_user_id": "U01FM5N1ZAT"
    },
    {
        "client_msg_id": "e1c795d8-6103-4ac6-89d3-b6024ee4cd50",
        "type": "message",
        "text": "Sounds great, <@UKTGLQNGG>! Let's chat during one of the breaks tomorrow, if that is okay.",
        "user": "U01FV5E1TPY",
        "ts": "1606979633.170800",
        "team": "TKFJE6LDR",
        "user_team": "TKFJE6LDR",
        "source_team": "TKFJE6LDR",
        "user_profile": {
            "avatar_hash": "6cbb97b9d79e",
            "image_72": "https:\/\/avatars.slack-edge.com\/2020-12-02\/1569758418576_6cbb97b9d79eb3d177a1_72.jpg",
            "first_name": "",
            "real_name": "Mohana Das",
            "display_name": "Mohana Das",
            "team": "TKFJE6LDR",
            "name": "dasmohana91985",
            "is_restricted": false,
            "is_ultra_restricted": false
        },
        "blocks": [
            {
                "type": "rich_text",
                "block_id": "Y3MI",
                "elements": [
                    {
                        "type": "rich_text_section",
                        "elements": [
                            {
                                "type": "text",
                                "text": "Sounds great, "
                            },
                            {
                                "type": "user",
                                "user_id": "UKTGLQNGG"
                            },
                            {
                                "type": "text",
                                "text": "! Let's chat during one of the breaks tomorrow, if that is okay."
                            }
                        ]
                    }
                ]
            }
        ],
        "thread_ts": "1606975309.169100",
        "parent_user_id": "UKTGLQNGG"
    },
    {
        "client_msg_id": "ef739057-9ce2-4f05-9cf0-4590d807a1e6",
        "type": "message",
        "text": "<@U01FV5E1TPY> <@U015UGJ9Q9L>, <@U01FM5N1ZAT>, <@U01GEGKBZB3>, <@U01G82UEWF6> How about we meet at the 2pm AEDT break tomrrow, at Table 9 at WriteTheDocs tomorrow, Friday? Would any of you like to join and discuss (and turn your mic\/video on)? I'll be interested to know what you are interested in \/ working on, might like to work on. And I can give more details about the status of different things and then link you up.",
        "user": "UKTGLQNGG",
        "ts": "1606980649.176000",
        "team": "TKFJE6LDR",
        "user_team": "TKFJE6LDR",
        "source_team": "TKFJE6LDR",
        "user_profile": {
            "avatar_hash": "d6f4de222bb1",
            "image_72": "https:\/\/avatars.slack-edge.com\/2020-07-20\/1235580478119_d6f4de222bb1ed6b5960_72.jpg",
            "first_name": "Cameron",
            "real_name": "Cameron Shorter",
            "display_name": "cameronshorter",
            "team": "TKFJE6LDR",
            "name": "cameron.shorter",
            "is_restricted": false,
            "is_ultra_restricted": false
        },
        "blocks": [
            {
                "type": "rich_text",
                "block_id": "qEA",
                "elements": [
                    {
                        "type": "rich_text_section",
                        "elements": [
                            {
                                "type": "user",
                                "user_id": "U01FV5E1TPY"
                            },
                            {
                                "type": "text",
                                "text": " "
                            },
                            {
                                "type": "user",
                                "user_id": "U015UGJ9Q9L"
                            },
                            {
                                "type": "text",
                                "text": ", "
                            },
                            {
                                "type": "user",
                                "user_id": "U01FM5N1ZAT"
                            },
                            {
                                "type": "text",
                                "text": ", "
                            },
                            {
                                "type": "user",
                                "user_id": "U01GEGKBZB3"
                            },
                            {
                                "type": "text",
                                "text": ", "
                            },
                            {
                                "type": "user",
                                "user_id": "U01G82UEWF6"
                            },
                            {
                                "type": "text",
                                "text": " How about we meet at the 2pm AEDT break tomrrow, at Table 9 at WriteTheDocs tomorrow, Friday? Would any of you like to join and discuss (and turn your mic\/video on)? I'll be interested to know what you are interested in \/ working on, might like to work on. And I can give more details about the status of different things and then link you up."
                            }
                        ]
                    }
                ]
            }
        ],
        "thread_ts": "1606980649.176000",
        "reply_count": 6,
        "reply_users_count": 5,
        "latest_reply": "1607040197.182100",
        "reply_users": [
            "U01G82UEWF6",
            "U01GEGKBZB3",
            "U01FV5E1TPY",
            "U01FM5N1ZAT",
            "U01GHC71XUZ"
        ],
        "replies": [
            {
                "user": "U01G82UEWF6",
                "ts": "1606981851.176800"
            },
            {
                "user": "U01G82UEWF6",
                "ts": "1606981964.177100"
            },
            {
                "user": "U01GEGKBZB3",
                "ts": "1606982046.177300"
            },
            {
                "user": "U01FV5E1TPY",
                "ts": "1606982403.177700"
            },
            {
                "user": "U01FM5N1ZAT",
                "ts": "1606983381.177900"
            },
            {
                "user": "U01GHC71XUZ",
                "ts": "1607040197.182100"
            }
        ],
        "subscribed": false
    },
    {
        "client_msg_id": "4fa4574d-ca99-45be-8f2d-06b6134e9a88",
        "type": "message",
        "text": "Of for those in the Australian timezone, I can meet beforehand at either 10am or 10:30am.",
        "user": "UKTGLQNGG",
        "ts": "1606980711.176600",
        "team": "TKFJE6LDR",
        "user_team": "TKFJE6LDR",
        "source_team": "TKFJE6LDR",
        "user_profile": {
            "avatar_hash": "d6f4de222bb1",
            "image_72": "https:\/\/avatars.slack-edge.com\/2020-07-20\/1235580478119_d6f4de222bb1ed6b5960_72.jpg",
            "first_name": "Cameron",
            "real_name": "Cameron Shorter",
            "display_name": "cameronshorter",
            "team": "TKFJE6LDR",
            "name": "cameron.shorter",
            "is_restricted": false,
            "is_ultra_restricted": false
        },
        "blocks": [
            {
                "type": "rich_text",
                "block_id": "bSS",
                "elements": [
                    {
                        "type": "rich_text_section",
                        "elements": [
                            {
                                "type": "text",
                                "text": "Of for those in the Australian timezone, I can meet beforehand at either 10am or 10:30am."
                            }
                        ]
                    }
                ]
            }
        ]
    },
    {
        "client_msg_id": "2cecd2c0-d32b-4608-9613-4294accea66a",
        "type": "message",
        "text": "Yes, I would love to.",
        "user": "U01G82UEWF6",
        "ts": "1606981851.176800",
        "team": "TKFJE6LDR",
        "user_team": "TKFJE6LDR",
        "source_team": "TKFJE6LDR",
        "user_profile": {
            "avatar_hash": "b559f87a113a",
            "image_72": "https:\/\/avatars.slack-edge.com\/2020-12-02\/1531192869175_b559f87a113a48cf6c9b_72.png",
            "first_name": "",
            "real_name": "shubha nag",
            "display_name": "shubha nag",
            "team": "TKFJE6LDR",
            "name": "shubha1012",
            "is_restricted": false,
            "is_ultra_restricted": false
        },
        "blocks": [
            {
                "type": "rich_text",
                "block_id": "uJjnN",
                "elements": [
                    {
                        "type": "rich_text_section",
                        "elements": [
                            {
                                "type": "text",
                                "text": "Yes, I would love to."
                            }
                        ]
                    }
                ]
            }
        ],
        "thread_ts": "1606980649.176000",
        "parent_user_id": "UKTGLQNGG"
    },
    {
        "client_msg_id": "e20b6426-1cf3-4bde-bd38-e83c3203c2b0",
        "type": "message",
        "text": "That would be about 9ish AM for me. Yes, we can talk then.",
        "user": "U01G82UEWF6",
        "ts": "1606981964.177100",
        "team": "TKFJE6LDR",
        "user_team": "TKFJE6LDR",
        "source_team": "TKFJE6LDR",
        "user_profile": {
            "avatar_hash": "b559f87a113a",
            "image_72": "https:\/\/avatars.slack-edge.com\/2020-12-02\/1531192869175_b559f87a113a48cf6c9b_72.png",
            "first_name": "",
            "real_name": "shubha nag",
            "display_name": "shubha nag",
            "team": "TKFJE6LDR",
            "name": "shubha1012",
            "is_restricted": false,
            "is_ultra_restricted": false
        },
        "blocks": [
            {
                "type": "rich_text",
                "block_id": "O9I",
                "elements": [
                    {
                        "type": "rich_text_section",
                        "elements": [
                            {
                                "type": "text",
                                "text": "That would be about 9ish AM for me. Yes, we can talk then."
                            }
                        ]
                    }
                ]
            }
        ],
        "thread_ts": "1606980649.176000",
        "parent_user_id": "UKTGLQNGG"
    },
    {
        "client_msg_id": "3d5b9d17-48fa-4efa-bdce-b7da8a4e278a",
        "type": "message",
        "text": "Wow! That sounds great :hugging_face: It'll be 4 am in Stockholm, Sweden but I can manage. And I can turn on my video\/mic and try to speak in lower volume. :grin:",
        "user": "U01GEGKBZB3",
        "ts": "1606982046.177300",
        "team": "TKFJE6LDR",
        "user_team": "TKFJE6LDR",
        "source_team": "TKFJE6LDR",
        "user_profile": {
            "avatar_hash": "1dba434ce5ed",
            "image_72": "https:\/\/avatars.slack-edge.com\/2020-12-02\/1531192531127_1dba434ce5ed8406393b_72.jpg",
            "first_name": "Qian",
            "real_name": "Qian Lu",
            "display_name": "Qian Lu (Choco)",
            "team": "TKFJE6LDR",
            "name": "techwriter.chocolate",
            "is_restricted": false,
            "is_ultra_restricted": false
        },
        "edited": {
            "user": "U01GEGKBZB3",
            "ts": "1606982116.000000"
        },
        "blocks": [
            {
                "type": "rich_text",
                "block_id": "Q9C",
                "elements": [
                    {
                        "type": "rich_text_section",
                        "elements": [
                            {
                                "type": "text",
                                "text": "Wow! That sounds great "
                            },
                            {
                                "type": "emoji",
                                "name": "hugging_face"
                            },
                            {
                                "type": "text",
                                "text": " It'll be 4 am in Stockholm, Sweden but I can manage. And I can turn on my video\/mic and try to speak in lower volume. "
                            },
                            {
                                "type": "emoji",
                                "name": "grin"
                            }
                        ]
                    }
                ]
            }
        ],
        "thread_ts": "1606980649.176000",
        "parent_user_id": "UKTGLQNGG"
    }
]