[
    {
        "client_msg_id": "3efee6e4-8008-4831-b7dc-a3f451b58244",
        "type": "message",
        "text": "Ugh&lt; i meant to join the call. Sorry, very busy month",
        "user": "U014V7JDGPM",
        "ts": "1605089777.099200",
        "team": "TKFJE6LDR",
        "user_team": "TKFJE6LDR",
        "source_team": "TKFJE6LDR",
        "user_profile": {
            "avatar_hash": "g35a44b69ae5",
            "image_72": "https:\/\/secure.gravatar.com\/avatar\/35a44b69ae5c2c1d250216f8ccc9d67c.jpg?s=72&d=https%3A%2F%2Fa.slack-edge.com%2Fdf10d%2Fimg%2Favatars%2Fava_0019-72.png",
            "first_name": "",
            "real_name": "ChrisChinchilla",
            "display_name": "ChrisChinchilla",
            "team": "TKFJE6LDR",
            "name": "chris",
            "is_restricted": false,
            "is_ultra_restricted": false
        },
        "blocks": [
            {
                "type": "rich_text",
                "block_id": "IDn",
                "elements": [
                    {
                        "type": "rich_text_section",
                        "elements": [
                            {
                                "type": "text",
                                "text": "Ugh< i meant to join the call. Sorry, very busy month"
                            }
                        ]
                    }
                ]
            }
        ]
    },
    {
        "client_msg_id": "45e50579-28b0-4bc0-8634-096cb83ad663",
        "type": "message",
        "text": "No worries mate. The minutes will get you caught up.",
        "user": "UKVC4NB71",
        "ts": "1605089807.099600",
        "team": "TKFJE6LDR",
        "user_team": "TKFJE6LDR",
        "source_team": "TKFJE6LDR",
        "user_profile": {
            "avatar_hash": "c7d9788d4436",
            "image_72": "https:\/\/avatars.slack-edge.com\/2019-10-30\/814314609877_c7d9788d4436969613a7_72.jpg",
            "first_name": "Jared",
            "real_name": "Jared Morgan",
            "display_name": "jaredmorgs",
            "team": "TKFJE6LDR",
            "name": "jaredleonmorgan",
            "is_restricted": false,
            "is_ultra_restricted": false
        },
        "blocks": [
            {
                "type": "rich_text",
                "block_id": "02K",
                "elements": [
                    {
                        "type": "rich_text_section",
                        "elements": [
                            {
                                "type": "text",
                                "text": "No worries mate. The minutes will get you caught up."
                            }
                        ]
                    }
                ]
            }
        ]
    },
    {
        "client_msg_id": "6b288e7c-8802-43a4-a871-2daf434d8f76",
        "type": "message",
        "text": "I won't be able to attend the meeting today.  My update on the Hugo migration, the site is working as intended now, hosted on Netlify.  Issues are being created and content migration should begin tomorrow.",
        "user": "U018BJR6JQN",
        "ts": "1605113216.101400",
        "team": "TKFJE6LDR",
        "user_team": "TKFJE6LDR",
        "source_team": "TKFJE6LDR",
        "user_profile": {
            "avatar_hash": "b330151b5e4b",
            "image_72": "https:\/\/avatars.slack-edge.com\/2020-12-14\/1570880700693_b330151b5e4b5ff6ed0c_72.jpg",
            "first_name": "",
            "real_name": "Bryan Klein",
            "display_name": "Bryan Klein",
            "team": "TKFJE6LDR",
            "name": "klein",
            "is_restricted": false,
            "is_ultra_restricted": false
        },
        "blocks": [
            {
                "type": "rich_text",
                "block_id": "IIm",
                "elements": [
                    {
                        "type": "rich_text_section",
                        "elements": [
                            {
                                "type": "text",
                                "text": "I won't be able to attend the meeting today.  My update on the Hugo migration, the site is working as intended now, hosted on Netlify.  Issues are being created and content migration should begin tomorrow."
                            }
                        ]
                    }
                ]
            }
        ],
        "thread_ts": "1605113216.101400",
        "reply_count": 6,
        "reply_users_count": 2,
        "latest_reply": "1605127781.103100",
        "reply_users": [
            "UKTGLQNGG",
            "U018BJR6JQN"
        ],
        "replies": [
            {
                "user": "UKTGLQNGG",
                "ts": "1605127078.102000"
            },
            {
                "user": "U018BJR6JQN",
                "ts": "1605127509.102200"
            },
            {
                "user": "U018BJR6JQN",
                "ts": "1605127537.102400"
            },
            {
                "user": "U018BJR6JQN",
                "ts": "1605127644.102700"
            },
            {
                "user": "U018BJR6JQN",
                "ts": "1605127664.102900"
            },
            {
                "user": "UKTGLQNGG",
                "ts": "1605127781.103100"
            }
        ],
        "subscribed": false,
        "reactions": [
            {
                "name": "+1",
                "users": [
                    "U012KCMPP0V"
                ],
                "count": 1
            }
        ]
    },
    {
        "client_msg_id": "8f6b5b6b-b28e-4f27-a78b-e88ea1bcb2ae",
        "type": "message",
        "text": "<@U018BJR6JQN>, we'll miss you.  Do you have a URL to share and link into our <https:\/\/docs.google.com\/document\/d\/13xr5PLMMqm6Rz_yXzxl5WMOwY9H6liB1abU_i0-ws60\/edit#heading=h.c7p1s3kl3kxd|meeting notes>?",
        "user": "UKTGLQNGG",
        "ts": "1605127078.102000",
        "team": "TKFJE6LDR",
        "user_team": "TKFJE6LDR",
        "source_team": "TKFJE6LDR",
        "user_profile": {
            "avatar_hash": "d6f4de222bb1",
            "image_72": "https:\/\/avatars.slack-edge.com\/2020-07-20\/1235580478119_d6f4de222bb1ed6b5960_72.jpg",
            "first_name": "Cameron",
            "real_name": "Cameron Shorter",
            "display_name": "cameronshorter",
            "team": "TKFJE6LDR",
            "name": "cameron.shorter",
            "is_restricted": false,
            "is_ultra_restricted": false
        },
        "blocks": [
            {
                "type": "rich_text",
                "block_id": "fSWJ=",
                "elements": [
                    {
                        "type": "rich_text_section",
                        "elements": [
                            {
                                "type": "user",
                                "user_id": "U018BJR6JQN"
                            },
                            {
                                "type": "text",
                                "text": ", we'll miss you.  Do you have a URL to share and link into our "
                            },
                            {
                                "type": "link",
                                "url": "https:\/\/docs.google.com\/document\/d\/13xr5PLMMqm6Rz_yXzxl5WMOwY9H6liB1abU_i0-ws60\/edit#heading=h.c7p1s3kl3kxd",
                                "text": "meeting notes"
                            },
                            {
                                "type": "text",
                                "text": "?"
                            }
                        ]
                    }
                ]
            }
        ],
        "thread_ts": "1605113216.101400",
        "parent_user_id": "U018BJR6JQN"
    },
    {
        "client_msg_id": "143091a3-72c9-489b-b88b-8ef39e97aac1",
        "type": "message",
        "text": "I updated the ReadMe in the GitLab project with the new URL.",
        "user": "U018BJR6JQN",
        "ts": "1605127509.102200",
        "team": "TKFJE6LDR",
        "user_team": "TKFJE6LDR",
        "source_team": "TKFJE6LDR",
        "user_profile": {
            "avatar_hash": "b330151b5e4b",
            "image_72": "https:\/\/avatars.slack-edge.com\/2020-12-14\/1570880700693_b330151b5e4b5ff6ed0c_72.jpg",
            "first_name": "",
            "real_name": "Bryan Klein",
            "display_name": "Bryan Klein",
            "team": "TKFJE6LDR",
            "name": "klein",
            "is_restricted": false,
            "is_ultra_restricted": false
        },
        "blocks": [
            {
                "type": "rich_text",
                "block_id": "MrbWJ",
                "elements": [
                    {
                        "type": "rich_text_section",
                        "elements": [
                            {
                                "type": "text",
                                "text": "I updated the ReadMe in the GitLab project with the new URL."
                            }
                        ]
                    }
                ]
            }
        ],
        "thread_ts": "1605113216.101400",
        "parent_user_id": "U018BJR6JQN"
    },
    {
        "client_msg_id": "04b2f333-8471-481a-b8a2-c8771865dd63",
        "type": "message",
        "text": "Preview site URL is <https:\/\/gdp-hugo.netlify.app\/|https:\/\/gdp-hugo.netlify.app\/>",
        "user": "U018BJR6JQN",
        "ts": "1605127537.102400",
        "team": "TKFJE6LDR",
        "user_team": "TKFJE6LDR",
        "source_team": "TKFJE6LDR",
        "user_profile": {
            "avatar_hash": "b330151b5e4b",
            "image_72": "https:\/\/avatars.slack-edge.com\/2020-12-14\/1570880700693_b330151b5e4b5ff6ed0c_72.jpg",
            "first_name": "",
            "real_name": "Bryan Klein",
            "display_name": "Bryan Klein",
            "team": "TKFJE6LDR",
            "name": "klein",
            "is_restricted": false,
            "is_ultra_restricted": false
        },
        "attachments": [
            {
                "title": "The Good Docs Project",
                "title_link": "https:\/\/gdp-hugo.netlify.app\/",
                "text": "Templates to make good docs.",
                "fallback": "The Good Docs Project",
                "image_url": "https:\/\/gdp-hugo.netlify.app\/featured-background.jpg",
                "from_url": "https:\/\/gdp-hugo.netlify.app\/",
                "image_width": 375,
                "image_height": 250,
                "image_bytes": 496231,
                "service_icon": "https:\/\/gdp-hugo.netlify.app\/favicons\/apple-touch-icon-180x180.png",
                "service_name": "gdp-hugo.netlify.app",
                "id": 1,
                "original_url": "https:\/\/gdp-hugo.netlify.app\/"
            }
        ],
        "blocks": [
            {
                "type": "rich_text",
                "block_id": "zOsWM",
                "elements": [
                    {
                        "type": "rich_text_section",
                        "elements": [
                            {
                                "type": "text",
                                "text": "Preview site URL is "
                            },
                            {
                                "type": "link",
                                "url": "https:\/\/gdp-hugo.netlify.app\/",
                                "text": "https:\/\/gdp-hugo.netlify.app\/"
                            }
                        ]
                    }
                ]
            }
        ],
        "thread_ts": "1605113216.101400",
        "parent_user_id": "U018BJR6JQN"
    },
    {
        "client_msg_id": "f8f12930-b9a9-4154-bcce-5da5774824b6",
        "type": "message",
        "text": "<@UKTGLQNGG> this URL will be the same until we move the domain over.",
        "user": "U018BJR6JQN",
        "ts": "1605127644.102700",
        "team": "TKFJE6LDR",
        "user_team": "TKFJE6LDR",
        "source_team": "TKFJE6LDR",
        "user_profile": {
            "avatar_hash": "b330151b5e4b",
            "image_72": "https:\/\/avatars.slack-edge.com\/2020-12-14\/1570880700693_b330151b5e4b5ff6ed0c_72.jpg",
            "first_name": "",
            "real_name": "Bryan Klein",
            "display_name": "Bryan Klein",
            "team": "TKFJE6LDR",
            "name": "klein",
            "is_restricted": false,
            "is_ultra_restricted": false
        },
        "blocks": [
            {
                "type": "rich_text",
                "block_id": "3\/n",
                "elements": [
                    {
                        "type": "rich_text_section",
                        "elements": [
                            {
                                "type": "user",
                                "user_id": "UKTGLQNGG"
                            },
                            {
                                "type": "text",
                                "text": " this URL will be the same until we move the domain over."
                            }
                        ]
                    }
                ]
            }
        ],
        "thread_ts": "1605113216.101400",
        "parent_user_id": "U018BJR6JQN"
    },
    {
        "client_msg_id": "eaa2da0e-c440-43e8-89c9-dffa2e0cddd3",
        "type": "message",
        "text": "After content migration",
        "user": "U018BJR6JQN",
        "ts": "1605127664.102900",
        "team": "TKFJE6LDR",
        "user_team": "TKFJE6LDR",
        "source_team": "TKFJE6LDR",
        "user_profile": {
            "avatar_hash": "b330151b5e4b",
            "image_72": "https:\/\/avatars.slack-edge.com\/2020-12-14\/1570880700693_b330151b5e4b5ff6ed0c_72.jpg",
            "first_name": "",
            "real_name": "Bryan Klein",
            "display_name": "Bryan Klein",
            "team": "TKFJE6LDR",
            "name": "klein",
            "is_restricted": false,
            "is_ultra_restricted": false
        },
        "blocks": [
            {
                "type": "rich_text",
                "block_id": "rUa",
                "elements": [
                    {
                        "type": "rich_text_section",
                        "elements": [
                            {
                                "type": "text",
                                "text": "After content migration"
                            }
                        ]
                    }
                ]
            }
        ],
        "thread_ts": "1605113216.101400",
        "parent_user_id": "U018BJR6JQN"
    },
    {
        "client_msg_id": "1529ffac-a366-444d-baf8-798807baaecc",
        "type": "message",
        "text": "ok, thanks.",
        "user": "UKTGLQNGG",
        "ts": "1605127781.103100",
        "team": "TKFJE6LDR",
        "user_team": "TKFJE6LDR",
        "source_team": "TKFJE6LDR",
        "user_profile": {
            "avatar_hash": "d6f4de222bb1",
            "image_72": "https:\/\/avatars.slack-edge.com\/2020-07-20\/1235580478119_d6f4de222bb1ed6b5960_72.jpg",
            "first_name": "Cameron",
            "real_name": "Cameron Shorter",
            "display_name": "cameronshorter",
            "team": "TKFJE6LDR",
            "name": "cameron.shorter",
            "is_restricted": false,
            "is_ultra_restricted": false
        },
        "blocks": [
            {
                "type": "rich_text",
                "block_id": "qsJ",
                "elements": [
                    {
                        "type": "rich_text_section",
                        "elements": [
                            {
                                "type": "text",
                                "text": "ok, thanks."
                            }
                        ]
                    }
                ]
            }
        ],
        "thread_ts": "1605113216.101400",
        "parent_user_id": "U018BJR6JQN"
    },
    {
        "client_msg_id": "9441a300-f8d5-4732-9b41-a6c8f8569022",
        "type": "message",
        "text": "US timezone meeting now <https:\/\/meet.google.com\/nuj-qvxw-vvt?authuser=0>",
        "user": "UKTGLQNGG",
        "ts": "1605132063.103800",
        "team": "TKFJE6LDR",
        "user_team": "TKFJE6LDR",
        "source_team": "TKFJE6LDR",
        "user_profile": {
            "avatar_hash": "d6f4de222bb1",
            "image_72": "https:\/\/avatars.slack-edge.com\/2020-07-20\/1235580478119_d6f4de222bb1ed6b5960_72.jpg",
            "first_name": "Cameron",
            "real_name": "Cameron Shorter",
            "display_name": "cameronshorter",
            "team": "TKFJE6LDR",
            "name": "cameron.shorter",
            "is_restricted": false,
            "is_ultra_restricted": false
        },
        "attachments": [
            {
                "title": "Meet",
                "title_link": "https:\/\/meet.google.com\/nuj-qvxw-vvt?authuser=0",
                "text": "Real-time meetings by Google. Using your browser, share your video, desktop, and presentations with teammates and customers.",
                "fallback": "Meet",
                "thumb_url": "https:\/\/fonts.gstatic.com\/s\/i\/productlogos\/meet_2020q4\/v1\/web-96dp\/logo_meet_2020q4_color_2x_web_96dp.png",
                "from_url": "https:\/\/meet.google.com\/nuj-qvxw-vvt?authuser=0",
                "thumb_width": 192,
                "thumb_height": 192,
                "service_icon": "http:\/\/fonts.gstatic.com\/s\/i\/productlogos\/meet_2020q4\/v1\/web-24dp\/logo_meet_2020q4_color_1x_web_24dp.png",
                "service_name": "meet.google.com",
                "id": 1,
                "original_url": "https:\/\/meet.google.com\/nuj-qvxw-vvt?authuser=0"
            }
        ],
        "blocks": [
            {
                "type": "rich_text",
                "block_id": "LpSpL",
                "elements": [
                    {
                        "type": "rich_text_section",
                        "elements": [
                            {
                                "type": "text",
                                "text": "US timezone meeting now "
                            },
                            {
                                "type": "link",
                                "url": "https:\/\/meet.google.com\/nuj-qvxw-vvt?authuser=0"
                            }
                        ]
                    }
                ]
            }
        ]
    },
    {
        "client_msg_id": "3d8da5e3-445d-4fc4-9ab3-96ed3a4a0a7d",
        "type": "message",
        "text": "Draft announcement for our 0.2 release, which we can work up. (Currently just a list of links) <https:\/\/docs.google.com\/document\/d\/1cmgxeoYP_zTIJtbs13_UP8TPaqEfaCpLnBZm5vjVqtg\/edit#heading=h.h2pmatvdh88f>",
        "user": "UKTGLQNGG",
        "ts": "1605138438.104900",
        "team": "TKFJE6LDR",
        "user_team": "TKFJE6LDR",
        "source_team": "TKFJE6LDR",
        "user_profile": {
            "avatar_hash": "d6f4de222bb1",
            "image_72": "https:\/\/avatars.slack-edge.com\/2020-07-20\/1235580478119_d6f4de222bb1ed6b5960_72.jpg",
            "first_name": "Cameron",
            "real_name": "Cameron Shorter",
            "display_name": "cameronshorter",
            "team": "TKFJE6LDR",
            "name": "cameron.shorter",
            "is_restricted": false,
            "is_ultra_restricted": false
        },
        "blocks": [
            {
                "type": "rich_text",
                "block_id": "mdZLC",
                "elements": [
                    {
                        "type": "rich_text_section",
                        "elements": [
                            {
                                "type": "text",
                                "text": "Draft announcement for our 0.2 release, which we can work up. (Currently just a list of links) "
                            },
                            {
                                "type": "link",
                                "url": "https:\/\/docs.google.com\/document\/d\/1cmgxeoYP_zTIJtbs13_UP8TPaqEfaCpLnBZm5vjVqtg\/edit#heading=h.h2pmatvdh88f"
                            }
                        ]
                    }
                ]
            }
        ],
        "reactions": [
            {
                "name": "+1",
                "users": [
                    "U018BJR6JQN"
                ],
                "count": 1
            }
        ]
    },
    {
        "type": "message",
        "text": "Hey there, GDP friends. I had some spare time while I was waiting for a PR at work to pass the million tests and I threw together this rough draft of a flowchart of the current process (pain points and all) for contributing a template to the Good Docs:",
        "files": [
            {
                "id": "F01F92V4TRN",
                "created": 1605145992,
                "timestamp": 1605145992,
                "name": "Good Docs Templates - Current process as-is.png",
                "title": "Good Docs Templates - Current process as-is.png",
                "mimetype": "image\/png",
                "filetype": "png",
                "pretty_type": "PNG",
                "user": "U012KCMPP0V",
                "editable": false,
                "size": 184114,
                "mode": "hosted",
                "is_external": false,
                "external_type": "",
                "is_public": true,
                "public_url_shared": false,
                "display_as_bot": false,
                "username": "",
                "url_private": "https:\/\/files.slack.com\/files-pri\/TKFJE6LDR-F01F92V4TRN\/good_docs_templates_-_current_process_as-is.png?t=xoxe-661626224467-1580401085220-1571150327285-d5614a5771de6880e611eb631d8b0140",
                "url_private_download": "https:\/\/files.slack.com\/files-pri\/TKFJE6LDR-F01F92V4TRN\/download\/good_docs_templates_-_current_process_as-is.png?t=xoxe-661626224467-1580401085220-1571150327285-d5614a5771de6880e611eb631d8b0140",
                "thumb_64": "https:\/\/files.slack.com\/files-tmb\/TKFJE6LDR-F01F92V4TRN-efd1105352\/good_docs_templates_-_current_process_as-is_64.png?t=xoxe-661626224467-1580401085220-1571150327285-d5614a5771de6880e611eb631d8b0140",
                "thumb_80": "https:\/\/files.slack.com\/files-tmb\/TKFJE6LDR-F01F92V4TRN-efd1105352\/good_docs_templates_-_current_process_as-is_80.png?t=xoxe-661626224467-1580401085220-1571150327285-d5614a5771de6880e611eb631d8b0140",
                "thumb_360": "https:\/\/files.slack.com\/files-tmb\/TKFJE6LDR-F01F92V4TRN-efd1105352\/good_docs_templates_-_current_process_as-is_360.png?t=xoxe-661626224467-1580401085220-1571150327285-d5614a5771de6880e611eb631d8b0140",
                "thumb_360_w": 214,
                "thumb_360_h": 360,
                "thumb_480": "https:\/\/files.slack.com\/files-tmb\/TKFJE6LDR-F01F92V4TRN-efd1105352\/good_docs_templates_-_current_process_as-is_480.png?t=xoxe-661626224467-1580401085220-1571150327285-d5614a5771de6880e611eb631d8b0140",
                "thumb_480_w": 286,
                "thumb_480_h": 480,
                "thumb_160": "https:\/\/files.slack.com\/files-tmb\/TKFJE6LDR-F01F92V4TRN-efd1105352\/good_docs_templates_-_current_process_as-is_160.png?t=xoxe-661626224467-1580401085220-1571150327285-d5614a5771de6880e611eb631d8b0140",
                "thumb_720": "https:\/\/files.slack.com\/files-tmb\/TKFJE6LDR-F01F92V4TRN-efd1105352\/good_docs_templates_-_current_process_as-is_720.png?t=xoxe-661626224467-1580401085220-1571150327285-d5614a5771de6880e611eb631d8b0140",
                "thumb_720_w": 429,
                "thumb_720_h": 720,
                "thumb_800": "https:\/\/files.slack.com\/files-tmb\/TKFJE6LDR-F01F92V4TRN-efd1105352\/good_docs_templates_-_current_process_as-is_800.png?t=xoxe-661626224467-1580401085220-1571150327285-d5614a5771de6880e611eb631d8b0140",
                "thumb_800_w": 800,
                "thumb_800_h": 1343,
                "thumb_960": "https:\/\/files.slack.com\/files-tmb\/TKFJE6LDR-F01F92V4TRN-efd1105352\/good_docs_templates_-_current_process_as-is_960.png?t=xoxe-661626224467-1580401085220-1571150327285-d5614a5771de6880e611eb631d8b0140",
                "thumb_960_w": 572,
                "thumb_960_h": 960,
                "thumb_1024": "https:\/\/files.slack.com\/files-tmb\/TKFJE6LDR-F01F92V4TRN-efd1105352\/good_docs_templates_-_current_process_as-is_1024.png?t=xoxe-661626224467-1580401085220-1571150327285-d5614a5771de6880e611eb631d8b0140",
                "thumb_1024_w": 610,
                "thumb_1024_h": 1024,
                "original_w": 956,
                "original_h": 1605,
                "thumb_tiny": "AwAwABy+QcdO\/pQoOen6U4ZxwBQN3cDFACDPvT6BwKKAGggdT+tKCD0IP40nOOBmhc55UCgBcnsP1oy3oPzpRRQA3b9fzpQuO5\/E0hJUZ4pFfcccUAPooooA\/9k=",
                "permalink": "https:\/\/thegooddocs.slack.com\/files\/U012KCMPP0V\/F01F92V4TRN\/good_docs_templates_-_current_process_as-is.png",
                "permalink_public": "https:\/\/slack-files.com\/TKFJE6LDR-F01F92V4TRN-e8c192be79",
                "is_starred": false,
                "has_rich_preview": false
            }
        ],
        "upload": false,
        "blocks": [
            {
                "type": "rich_text",
                "block_id": "3b0A",
                "elements": [
                    {
                        "type": "rich_text_section",
                        "elements": [
                            {
                                "type": "text",
                                "text": "Hey there, GDP friends. I had some spare time while I was waiting for a PR at work to pass the million tests and I threw together this rough draft of a flowchart of the current process (pain points and all) for contributing a template to the Good Docs:"
                            }
                        ]
                    }
                ]
            }
        ],
        "user": "U012KCMPP0V",
        "display_as_bot": false,
        "ts": "1605146000.106600",
        "thread_ts": "1605146000.106600",
        "reply_count": 3,
        "reply_users_count": 2,
        "latest_reply": "1606952451.153000",
        "reply_users": [
            "U012KCMPP0V",
            "U015GARCR8X"
        ],
        "replies": [
            {
                "user": "U012KCMPP0V",
                "ts": "1605197279.109900"
            },
            {
                "user": "U012KCMPP0V",
                "ts": "1606952327.152600"
            },
            {
                "user": "U015GARCR8X",
                "ts": "1606952451.153000"
            }
        ],
        "subscribed": false,
        "reactions": [
            {
                "name": "heart_eyes",
                "users": [
                    "UKV4ZPEFQ",
                    "U018BJR6JQN",
                    "U0170HMB87K",
                    "U015GARCR8X"
                ],
                "count": 4
            },
            {
                "name": "100",
                "users": [
                    "UL2AA1FF1",
                    "U012Y26QWNA",
                    "U0174BRV404"
                ],
                "count": 3
            },
            {
                "name": "star",
                "users": [
                    "U012Y26QWNA",
                    "U015GARCR8X"
                ],
                "count": 2
            }
        ]
    },
    {
        "client_msg_id": "2594d346-fe91-4dd3-9318-82966305c86b",
        "type": "message",
        "text": "At my work, we have a process we call \"as-is\/to-be\" where we map out the current process (as is) and then we map out the future process (to be). This is the current process as I see it, but I welcome anyone who wants to add their own insights in terms of additional pain points and steps I've missed: <https:\/\/drive.google.com\/file\/d\/1fzQOsR7Y64hYAqgx1fcLQheIVrCFUOef\/view?usp=sharing>",
        "user": "U012KCMPP0V",
        "ts": "1605146111.108400",
        "team": "TKFJE6LDR",
        "user_team": "TKFJE6LDR",
        "source_team": "TKFJE6LDR",
        "user_profile": {
            "avatar_hash": "b26729f0b5f2",
            "image_72": "https:\/\/avatars.slack-edge.com\/2020-04-27\/1089031639347_b26729f0b5f2375494a1_72.png",
            "first_name": "Alyssa",
            "real_name": "Alyssa",
            "display_name": "Alyssa",
            "team": "TKFJE6LDR",
            "name": "alyssa.rock.biz",
            "is_restricted": false,
            "is_ultra_restricted": false
        },
        "blocks": [
            {
                "type": "rich_text",
                "block_id": "9MU",
                "elements": [
                    {
                        "type": "rich_text_section",
                        "elements": [
                            {
                                "type": "text",
                                "text": "At my work, we have a process we call \"as-is\/to-be\" where we map out the current process (as is) and then we map out the future process (to be). This is the current process as I see it, but I welcome anyone who wants to add their own insights in terms of additional pain points and steps I've missed: "
                            },
                            {
                                "type": "link",
                                "url": "https:\/\/drive.google.com\/file\/d\/1fzQOsR7Y64hYAqgx1fcLQheIVrCFUOef\/view?usp=sharing"
                            }
                        ]
                    }
                ]
            }
        ]
    },
    {
        "client_msg_id": "de5f3d66-68b5-4be0-a904-3a3c26f4c965",
        "type": "message",
        "text": "oh, this is awesome, i've been thinking a lot about exactly this with the base template!",
        "user": "UQ553K7DY",
        "ts": "1605151696.109300",
        "team": "TKFJE6LDR",
        "user_team": "TKFJE6LDR",
        "source_team": "TKFJE6LDR",
        "user_profile": {
            "avatar_hash": "e0f8604c1079",
            "image_72": "https:\/\/avatars.slack-edge.com\/2020-10-26\/1445509834998_e0f8604c1079f923f3e9_72.png",
            "first_name": "Loquacity",
            "real_name": "Loquacity",
            "display_name": "Loquacity",
            "team": "TKFJE6LDR",
            "name": "slack1",
            "is_restricted": false,
            "is_ultra_restricted": false
        },
        "blocks": [
            {
                "type": "rich_text",
                "block_id": "y+CBw",
                "elements": [
                    {
                        "type": "rich_text_section",
                        "elements": [
                            {
                                "type": "text",
                                "text": "oh, this is awesome, i've been thinking a lot about exactly this with the base template!"
                            }
                        ]
                    }
                ]
            }
        ],
        "thread_ts": "1605151696.109300",
        "reply_count": 2,
        "reply_users_count": 2,
        "latest_reply": "1605315418.116900",
        "reply_users": [
            "U012KCMPP0V",
            "UQ553K7DY"
        ],
        "replies": [
            {
                "user": "U012KCMPP0V",
                "ts": "1605197331.110600"
            },
            {
                "user": "UQ553K7DY",
                "ts": "1605315418.116900"
            }
        ],
        "subscribed": false
    },
    {
        "client_msg_id": "be467a83-e9dd-4c03-a62e-0d9b5925be7c",
        "type": "message",
        "text": "(and the IA guide, to a slightly lesser extent)",
        "user": "UQ553K7DY",
        "ts": "1605151712.109600",
        "team": "TKFJE6LDR",
        "user_team": "TKFJE6LDR",
        "source_team": "TKFJE6LDR",
        "user_profile": {
            "avatar_hash": "e0f8604c1079",
            "image_72": "https:\/\/avatars.slack-edge.com\/2020-10-26\/1445509834998_e0f8604c1079f923f3e9_72.png",
            "first_name": "Loquacity",
            "real_name": "Loquacity",
            "display_name": "Loquacity",
            "team": "TKFJE6LDR",
            "name": "slack1",
            "is_restricted": false,
            "is_ultra_restricted": false
        },
        "blocks": [
            {
                "type": "rich_text",
                "block_id": "xgm",
                "elements": [
                    {
                        "type": "rich_text_section",
                        "elements": [
                            {
                                "type": "text",
                                "text": "(and the IA guide, to a slightly lesser extent)"
                            }
                        ]
                    }
                ]
            }
        ]
    }
]