[
    {
        "type": "message",
        "subtype": "thread_broadcast",
        "text": "..and I'm always late to check my Slack messages, sorry! Have a super holiday Lana <@UQ553K7DY>. I'm honored to have had the chance to work with you and can't thank you enough for all the guidance and help all along! :heart_eyes::hugging_face:",
        "user": "U0174BRV404",
        "ts": "1607444841.235400",
        "thread_ts": "1607300863.227600",
        "root": {
            "client_msg_id": "01bb737e-2f1d-448e-9123-153744365050",
            "type": "message",
            "text": "I've just submitted my final project evaluation for GSoD, so I thought I'd let you know that that's it, I'm done! Thanks everyone for the support and mentorship over the past few months, and I hope you all enjoy the IA Guide. Special big thanks to <@UKVC4NB71> for being an awesome mentor and friend, and to <@U012Y26QWNA> for finding all my silly mistakes. Also a shout out to <@U0174BRV404> who is doing excellent work on the Base Template.\n\nI'm going on holidays from this week, and won't be around much until the new year, so please let me take this opportunity to say happy holidays to you, wherever you are in the world. 2020 has been wild, but that was what allowed me to participate in GSoD, so without it I would not have gotten to know you all and the work you're doing here. I'm looking forward to continuing to participate next year (but first, I need to read books on a beach for a bit!).\n\nStay safe, and keep it open :penguin: :beach_with_umbrella: :christmas_tree:\n\n<https:\/\/dyn1.heritagestatic.com\/lf?set=path%5B2%2F2%2F3%2F6%2F8%2F22368858%5D&amp;call=url%5Bfile%3Aproduct.chain%5D>",
            "user": "UQ553K7DY",
            "ts": "1607300863.227600",
            "team": "TKFJE6LDR",
            "edited": {
                "user": "UQ553K7DY",
                "ts": "1607300913.000000"
            },
            "attachments": [
                {
                    "fallback": "3000x2367px image",
                    "image_url": "https:\/\/dyn1.heritagestatic.com\/lf?set=path%5B2%2F2%2F3%2F6%2F8%2F22368858%5D&call=url%5Bfile%3Aproduct.chain%5D",
                    "image_width": 3000,
                    "image_height": 2367,
                    "image_bytes": 1326829,
                    "from_url": "https:\/\/dyn1.heritagestatic.com\/lf?set=path%5B2%2F2%2F3%2F6%2F8%2F22368858%5D&call=url%5Bfile%3Aproduct.chain%5D",
                    "id": 1,
                    "original_url": "https:\/\/dyn1.heritagestatic.com\/lf?set=path%5B2%2F2%2F3%2F6%2F8%2F22368858%5D&amp;call=url%5Bfile%3Aproduct.chain%5D"
                }
            ],
            "blocks": [
                {
                    "type": "rich_text",
                    "block_id": "iRU2",
                    "elements": [
                        {
                            "type": "rich_text_section",
                            "elements": [
                                {
                                    "type": "text",
                                    "text": "I've just submitted my final project evaluation for GSoD, so I thought I'd let you know that that's it, I'm done! Thanks everyone for the support and mentorship over the past few months, and I hope you all enjoy the IA Guide. Special big thanks to "
                                },
                                {
                                    "type": "user",
                                    "user_id": "UKVC4NB71"
                                },
                                {
                                    "type": "text",
                                    "text": " for being an awesome mentor and friend, and to "
                                },
                                {
                                    "type": "user",
                                    "user_id": "U012Y26QWNA"
                                },
                                {
                                    "type": "text",
                                    "text": " for finding all my silly mistakes. Also a shout out to "
                                },
                                {
                                    "type": "user",
                                    "user_id": "U0174BRV404"
                                },
                                {
                                    "type": "text",
                                    "text": " who is doing excellent work on the Base Template.\n\nI'm going on holidays from this week, and won't be around much until the new year, so please let me take this opportunity to say happy holidays to you, wherever you are in the world. 2020 has been wild, but that was what allowed me to participate in GSoD, so without it I would not have gotten to know you all and the work you're doing here. I'm looking forward to continuing to participate next year (but first, I need to read books on a beach for a bit!).\n\nStay safe, and keep it open "
                                },
                                {
                                    "type": "emoji",
                                    "name": "penguin"
                                },
                                {
                                    "type": "text",
                                    "text": " "
                                },
                                {
                                    "type": "emoji",
                                    "name": "beach_with_umbrella"
                                },
                                {
                                    "type": "text",
                                    "text": " "
                                },
                                {
                                    "type": "emoji",
                                    "name": "christmas_tree"
                                },
                                {
                                    "type": "text",
                                    "text": "\n\n"
                                },
                                {
                                    "type": "link",
                                    "url": "https:\/\/dyn1.heritagestatic.com\/lf?set=path%5B2%2F2%2F3%2F6%2F8%2F22368858%5D&call=url%5Bfile%3Aproduct.chain%5D"
                                }
                            ]
                        }
                    ]
                }
            ],
            "thread_ts": "1607300863.227600",
            "reply_count": 13,
            "reply_users_count": 6,
            "latest_reply": "1607444841.235400",
            "reply_users": [
                "UKVC4NB71",
                "UQ553K7DY",
                "UKTGLQNGG",
                "U012KCMPP0V",
                "U0170HMB87K",
                "U0174BRV404"
            ],
            "subscribed": false
        },
        "blocks": [
            {
                "type": "rich_text",
                "block_id": "4jN",
                "elements": [
                    {
                        "type": "rich_text_section",
                        "elements": [
                            {
                                "type": "text",
                                "text": "..and I'm always late to check my Slack messages, sorry! Have a super holiday Lana "
                            },
                            {
                                "type": "user",
                                "user_id": "UQ553K7DY"
                            },
                            {
                                "type": "text",
                                "text": ". I'm honored to have had the chance to work with you and can't thank you enough for all the guidance and help all along! "
                            },
                            {
                                "type": "emoji",
                                "name": "heart_eyes"
                            },
                            {
                                "type": "emoji",
                                "name": "hugging_face"
                            }
                        ]
                    }
                ]
            }
        ],
        "client_msg_id": "76273650-2ef2-4282-8325-d9ac07260e41",
        "reactions": [
            {
                "name": "sparkling_heart",
                "users": [
                    "UQ553K7DY"
                ],
                "count": 1
            }
        ]
    },
    {
        "bot_id": "B01",
        "type": "message",
        "text": "Reminder: remember to add items to the Weekly Meeting agenda before our meeting <https:\/\/github.com\/thegooddocsproject\/governance\/wiki\/Weekly-Meetings>",
        "user": "USLACKBOT",
        "ts": "1607446899.236000",
        "team": "TKFJE6LDR",
        "thread_ts": "1607446899.236000",
        "reply_count": 3,
        "reply_users_count": 2,
        "latest_reply": "1607488304.236600",
        "reply_users": [
            "UKTGLQNGG",
            "UL2AA1FF1"
        ],
        "replies": [
            {
                "user": "UKTGLQNGG",
                "ts": "1607479092.236200"
            },
            {
                "user": "UL2AA1FF1",
                "ts": "1607488272.236400"
            },
            {
                "user": "UKTGLQNGG",
                "ts": "1607488304.236600"
            }
        ],
        "subscribed": false
    },
    {
        "client_msg_id": "95d45cbc-e0ed-4deb-b113-00b60e6b22d6",
        "type": "message",
        "text": "<@UL2AA1FF1> did you notice the request earlier to either update text or turn off this reminder slackbot?\nOur current practice has moved to updating meeting notes in a Google doc rather than in the wiki page. And our agenda has evolved into walking around the room to hear each person's status, followed by closing the oldest issue\/pull request.\nI don't know how to change your <https:\/\/thegooddocs.slack.com\/apps\/AQ2DQE133-gdp-inviter?next_id=0|GDP-inviter>, but it seems I have the ability to remove the app, which I can do if you don't have bandwidth to look into this.\nCheers, Cameron",
        "user": "UKTGLQNGG",
        "ts": "1607479092.236200",
        "team": "TKFJE6LDR",
        "user_team": "TKFJE6LDR",
        "source_team": "TKFJE6LDR",
        "user_profile": {
            "avatar_hash": "d6f4de222bb1",
            "image_72": "https:\/\/avatars.slack-edge.com\/2020-07-20\/1235580478119_d6f4de222bb1ed6b5960_72.jpg",
            "first_name": "Cameron",
            "real_name": "Cameron Shorter",
            "display_name": "cameronshorter",
            "team": "TKFJE6LDR",
            "name": "cameron.shorter",
            "is_restricted": false,
            "is_ultra_restricted": false
        },
        "blocks": [
            {
                "type": "rich_text",
                "block_id": "UBIut",
                "elements": [
                    {
                        "type": "rich_text_section",
                        "elements": [
                            {
                                "type": "user",
                                "user_id": "UL2AA1FF1"
                            },
                            {
                                "type": "text",
                                "text": " did you notice the request earlier to either update text or turn off this reminder slackbot?\nOur current practice has moved to updating meeting notes in a Google doc rather than in the wiki page. And our agenda has evolved into walking around the room to hear each person's status, followed by closing the oldest issue\/pull request.\nI don't know how to change your "
                            },
                            {
                                "type": "link",
                                "url": "https:\/\/thegooddocs.slack.com\/apps\/AQ2DQE133-gdp-inviter?next_id=0",
                                "text": "GDP-inviter"
                            },
                            {
                                "type": "text",
                                "text": ", but it seems I have the ability to remove the app, which I can do if you don't have bandwidth to look into this.\nCheers, Cameron"
                            }
                        ]
                    }
                ]
            }
        ],
        "thread_ts": "1607446899.236000",
        "parent_user_id": "USLACKBOT"
    },
    {
        "client_msg_id": "c8fea3e6-b675-4272-98f8-4bf508a1b549",
        "type": "message",
        "text": "sorry did not see the message, thanks for @-ing me! removed now",
        "user": "UL2AA1FF1",
        "ts": "1607488272.236400",
        "team": "TKFJE6LDR",
        "user_team": "TKFJE6LDR",
        "source_team": "TKFJE6LDR",
        "user_profile": {
            "avatar_hash": "22135067b36d",
            "image_72": "https:\/\/avatars.slack-edge.com\/2019-10-23\/805254797908_22135067b36dfb715e99_72.jpg",
            "first_name": "",
            "real_name": "Erin McKean",
            "display_name": "Erin McKean",
            "team": "TKFJE6LDR",
            "name": "emckean",
            "is_restricted": false,
            "is_ultra_restricted": false
        },
        "blocks": [
            {
                "type": "rich_text",
                "block_id": "PFF",
                "elements": [
                    {
                        "type": "rich_text_section",
                        "elements": [
                            {
                                "type": "text",
                                "text": "sorry did not see the message, thanks for @-ing me! removed now"
                            }
                        ]
                    }
                ]
            }
        ],
        "thread_ts": "1607446899.236000",
        "parent_user_id": "USLACKBOT"
    },
    {
        "client_msg_id": "352d04f2-0a18-45ab-af6b-572bc241a4f4",
        "type": "message",
        "text": "Thanks.",
        "user": "UKTGLQNGG",
        "ts": "1607488304.236600",
        "team": "TKFJE6LDR",
        "user_team": "TKFJE6LDR",
        "source_team": "TKFJE6LDR",
        "user_profile": {
            "avatar_hash": "d6f4de222bb1",
            "image_72": "https:\/\/avatars.slack-edge.com\/2020-07-20\/1235580478119_d6f4de222bb1ed6b5960_72.jpg",
            "first_name": "Cameron",
            "real_name": "Cameron Shorter",
            "display_name": "cameronshorter",
            "team": "TKFJE6LDR",
            "name": "cameron.shorter",
            "is_restricted": false,
            "is_ultra_restricted": false
        },
        "blocks": [
            {
                "type": "rich_text",
                "block_id": "ezys",
                "elements": [
                    {
                        "type": "rich_text_section",
                        "elements": [
                            {
                                "type": "text",
                                "text": "Thanks."
                            }
                        ]
                    }
                ]
            }
        ],
        "thread_ts": "1607446899.236000",
        "parent_user_id": "USLACKBOT"
    }
]