[
    {
        "client_msg_id": "d40f57c5-0eaf-4c93-8126-1e54599fb01e",
        "type": "message",
        "text": "A number of us in the APEC region will be attending Write the Docs AU\/IN, and we have the chance to set up an <https:\/\/www.writethedocs.org\/conf\/australia\/2020\/unconference\/|unconference> session. Any suggestions about what we should cover? Maybe:\n\"The Good Docs Project\" are working on _“Best practice templates and writing instructions for documenting open source software.”_ Want to look under the bonnet with some of the project contributors? Maybe find something useful. Maybe suggest focus areas? Maybe ask how to get some of your best practices into the project?",
        "user": "UKTGLQNGG",
        "ts": "1606800280.143800",
        "team": "TKFJE6LDR",
        "user_team": "TKFJE6LDR",
        "source_team": "TKFJE6LDR",
        "user_profile": {
            "avatar_hash": "d6f4de222bb1",
            "image_72": "https:\/\/avatars.slack-edge.com\/2020-07-20\/1235580478119_d6f4de222bb1ed6b5960_72.jpg",
            "first_name": "Cameron",
            "real_name": "Cameron Shorter",
            "display_name": "cameronshorter",
            "team": "TKFJE6LDR",
            "name": "cameron.shorter",
            "is_restricted": false,
            "is_ultra_restricted": false
        },
        "edited": {
            "user": "UKTGLQNGG",
            "ts": "1606800310.000000"
        },
        "attachments": [
            {
                "service_name": "Write the Docs  Australia &amp; India 2020",
                "title": "                  Unconference - Write the Docs   Australia &amp; India 2020                  ",
                "title_link": "https:\/\/www.writethedocs.org\/conf\/australia\/2020\/unconference\/",
                "text": "A conference for tech writers, documentarians, and all those who write the docs.",
                "fallback": "Write the Docs  Australia &amp; India 2020:                   Unconference - Write the Docs   Australia &amp; India 2020                  ",
                "image_url": "https:\/\/www.writethedocs.org\/_static\/img\/stickers\/sticker-wtd-colors.png",
                "from_url": "https:\/\/www.writethedocs.org\/conf\/australia\/2020\/unconference\/",
                "image_width": 250,
                "image_height": 250,
                "image_bytes": 25403,
                "service_icon": "https:\/\/www.writethedocs.org\/_static\/favicon\/apple-icon-57x57.png",
                "id": 1,
                "original_url": "https:\/\/www.writethedocs.org\/conf\/australia\/2020\/unconference\/"
            }
        ],
        "blocks": [
            {
                "type": "rich_text",
                "block_id": "\/z8N",
                "elements": [
                    {
                        "type": "rich_text_section",
                        "elements": [
                            {
                                "type": "text",
                                "text": "A number of us in the APEC region will be attending Write the Docs AU\/IN, and we have the chance to set up an "
                            },
                            {
                                "type": "link",
                                "url": "https:\/\/www.writethedocs.org\/conf\/australia\/2020\/unconference\/",
                                "text": "unconference"
                            },
                            {
                                "type": "text",
                                "text": " session. Any suggestions about what we should cover? Maybe:\n\"The Good Docs Project\" are working on "
                            },
                            {
                                "type": "text",
                                "text": "“Best practice templates and writing instructions for documenting open source software.” ",
                                "style": {
                                    "italic": true
                                }
                            },
                            {
                                "type": "text",
                                "text": "Want to look under the bonnet with some of the project contributors? Maybe find something useful. Maybe suggest focus areas? Maybe ask how to get some of your best practices into the project?"
                            }
                        ]
                    }
                ]
            }
        ],
        "thread_ts": "1606800280.143800",
        "reply_count": 1,
        "reply_users_count": 1,
        "latest_reply": "1606840282.144100",
        "reply_users": [
            "U012KCMPP0V"
        ],
        "replies": [
            {
                "user": "U012KCMPP0V",
                "ts": "1606840282.144100"
            }
        ],
        "subscribed": false
    }
]