[
    {
        "client_msg_id": "60d48b66-0ba5-4b34-93bf-63b9501bb645",
        "type": "message",
        "text": "I've noticed that we are reaching our slack archive limit, which means we will start loosing our history if we don't join the commercial plan. One thing I've really liked about the OSGeo's IRC community is that there is a bot on all the IRC channels which triggers an <http:\/\/irclogs.geoapt.com\/qgis\/|archive on a listening server>. I suspect it wouldn't be too difficult to replicate something similar for slack. (There is a good chance someone has done this already).",
        "user": "UKTGLQNGG",
        "ts": "1607628640.241200",
        "team": "TKFJE6LDR",
        "user_team": "TKFJE6LDR",
        "source_team": "TKFJE6LDR",
        "user_profile": {
            "avatar_hash": "d6f4de222bb1",
            "image_72": "https:\/\/avatars.slack-edge.com\/2020-07-20\/1235580478119_d6f4de222bb1ed6b5960_72.jpg",
            "first_name": "Cameron",
            "real_name": "Cameron Shorter",
            "display_name": "cameronshorter",
            "team": "TKFJE6LDR",
            "name": "cameron.shorter",
            "is_restricted": false,
            "is_ultra_restricted": false
        },
        "blocks": [
            {
                "type": "rich_text",
                "block_id": "FQdj",
                "elements": [
                    {
                        "type": "rich_text_section",
                        "elements": [
                            {
                                "type": "text",
                                "text": "I've noticed that we are reaching our slack archive limit, which means we will start loosing our history if we don't join the commercial plan. One thing I've really liked about the OSGeo's IRC community is that there is a bot on all the IRC channels which triggers an "
                            },
                            {
                                "type": "link",
                                "url": "http:\/\/irclogs.geoapt.com\/qgis\/",
                                "text": "archive on a listening server"
                            },
                            {
                                "type": "text",
                                "text": ". I suspect it wouldn't be too difficult to replicate something similar for slack. (There is a good chance someone has done this already)."
                            }
                        ]
                    }
                ]
            }
        ],
        "thread_ts": "1607628640.241200",
        "reply_count": 9,
        "reply_users_count": 4,
        "latest_reply": "1607703579.243100",
        "reply_users": [
            "UL2AA1FF1",
            "UKTGLQNGG",
            "U012KCMPP0V",
            "U015GARCR8X"
        ],
        "replies": [
            {
                "user": "UL2AA1FF1",
                "ts": "1607628969.241300"
            },
            {
                "user": "UL2AA1FF1",
                "ts": "1607629035.241500"
            },
            {
                "user": "UKTGLQNGG",
                "ts": "1607629290.241700"
            },
            {
                "user": "UL2AA1FF1",
                "ts": "1607629396.241900"
            },
            {
                "user": "U012KCMPP0V",
                "ts": "1607630365.242200"
            },
            {
                "user": "U015GARCR8X",
                "ts": "1607638502.242500"
            },
            {
                "user": "UL2AA1FF1",
                "ts": "1607647968.242700"
            },
            {
                "user": "UL2AA1FF1",
                "ts": "1607647980.242900"
            },
            {
                "user": "U012KCMPP0V",
                "ts": "1607703579.243100"
            }
        ],
        "subscribed": false
    },
    {
        "client_msg_id": "131965eb-1b78-4ded-8a3e-134bc052d560",
        "type": "message",
        "text": "I'm behind on archiving, I'll do it today: <https:\/\/github.com\/thegooddocsproject\/governance\/wiki\/Plumbing-&amp;-Maintenance>",
        "user": "UL2AA1FF1",
        "ts": "1607628969.241300",
        "team": "TKFJE6LDR",
        "user_team": "TKFJE6LDR",
        "source_team": "TKFJE6LDR",
        "user_profile": {
            "avatar_hash": "22135067b36d",
            "image_72": "https:\/\/avatars.slack-edge.com\/2019-10-23\/805254797908_22135067b36dfb715e99_72.jpg",
            "first_name": "",
            "real_name": "Erin McKean",
            "display_name": "Erin McKean",
            "team": "TKFJE6LDR",
            "name": "emckean",
            "is_restricted": false,
            "is_ultra_restricted": false
        },
        "blocks": [
            {
                "type": "rich_text",
                "block_id": "AuU",
                "elements": [
                    {
                        "type": "rich_text_section",
                        "elements": [
                            {
                                "type": "text",
                                "text": "I'm behind on archiving, I'll do it today: "
                            },
                            {
                                "type": "link",
                                "url": "https:\/\/github.com\/thegooddocsproject\/governance\/wiki\/Plumbing-&-Maintenance"
                            }
                        ]
                    }
                ]
            }
        ],
        "thread_ts": "1607628640.241200",
        "parent_user_id": "UKTGLQNGG"
    },
    {
        "client_msg_id": "57df33d9-38d1-4123-bb9e-c165cddcfd0c",
        "type": "message",
        "text": "I think my reminder stopped firing when I upgraded to the new MacOS :disappointed:",
        "user": "UL2AA1FF1",
        "ts": "1607629035.241500",
        "team": "TKFJE6LDR",
        "user_team": "TKFJE6LDR",
        "source_team": "TKFJE6LDR",
        "user_profile": {
            "avatar_hash": "22135067b36d",
            "image_72": "https:\/\/avatars.slack-edge.com\/2019-10-23\/805254797908_22135067b36dfb715e99_72.jpg",
            "first_name": "",
            "real_name": "Erin McKean",
            "display_name": "Erin McKean",
            "team": "TKFJE6LDR",
            "name": "emckean",
            "is_restricted": false,
            "is_ultra_restricted": false
        },
        "blocks": [
            {
                "type": "rich_text",
                "block_id": "zHmr",
                "elements": [
                    {
                        "type": "rich_text_section",
                        "elements": [
                            {
                                "type": "text",
                                "text": "I think my reminder stopped firing when I upgraded to the new MacOS "
                            },
                            {
                                "type": "emoji",
                                "name": "disappointed"
                            }
                        ]
                    }
                ]
            }
        ],
        "thread_ts": "1607628640.241200",
        "parent_user_id": "UKTGLQNGG"
    },
    {
        "client_msg_id": "47152fc2-3a0e-4765-bc30-2082e2743938",
        "type": "message",
        "text": "Ah thanks, I'm interested to know how you plan to do this backup. Is there some neat tool you can use to help? Or is it a painful cut and past of every channel. (Maybe put this explanation on the page you mentioned so others can follow if needed.)",
        "user": "UKTGLQNGG",
        "ts": "1607629290.241700",
        "team": "TKFJE6LDR",
        "user_team": "TKFJE6LDR",
        "source_team": "TKFJE6LDR",
        "user_profile": {
            "avatar_hash": "d6f4de222bb1",
            "image_72": "https:\/\/avatars.slack-edge.com\/2020-07-20\/1235580478119_d6f4de222bb1ed6b5960_72.jpg",
            "first_name": "Cameron",
            "real_name": "Cameron Shorter",
            "display_name": "cameronshorter",
            "team": "TKFJE6LDR",
            "name": "cameron.shorter",
            "is_restricted": false,
            "is_ultra_restricted": false
        },
        "blocks": [
            {
                "type": "rich_text",
                "block_id": "2ng5g",
                "elements": [
                    {
                        "type": "rich_text_section",
                        "elements": [
                            {
                                "type": "text",
                                "text": "Ah thanks, I'm interested to know how you plan to do this backup. Is there some neat tool you can use to help? Or is it a painful cut and past of every channel. (Maybe put this explanation on the page you mentioned so others can follow if needed.)"
                            }
                        ]
                    }
                ]
            }
        ],
        "thread_ts": "1607628640.241200",
        "parent_user_id": "UKTGLQNGG"
    },
    {
        "client_msg_id": "f3044cf2-f7dd-4337-a94a-599367343d9f",
        "type": "message",
        "text": "<https:\/\/slack.com\/help\/articles\/201658943-Export-your-workspace-data>",
        "user": "UL2AA1FF1",
        "ts": "1607629396.241900",
        "team": "TKFJE6LDR",
        "user_team": "TKFJE6LDR",
        "source_team": "TKFJE6LDR",
        "user_profile": {
            "avatar_hash": "22135067b36d",
            "image_72": "https:\/\/avatars.slack-edge.com\/2019-10-23\/805254797908_22135067b36dfb715e99_72.jpg",
            "first_name": "",
            "real_name": "Erin McKean",
            "display_name": "Erin McKean",
            "team": "TKFJE6LDR",
            "name": "emckean",
            "is_restricted": false,
            "is_ultra_restricted": false
        },
        "attachments": [
            {
                "service_name": "Slack Help Center",
                "title": "Export your workspace data",
                "title_link": "https:\/\/slack.com\/help\/articles\/201658943-Export-your-workspace-data",
                "text": "With Slack data exports, you can export data from your workspace or Enterprise Grid org. Depending on your plan, you may have a few options for data exports: Exports for public channels onlyOn an...",
                "fallback": "Slack Help Center: Export your workspace data",
                "thumb_url": "https:\/\/a.slack-edge.com\/80588\/marketing\/img\/meta\/slack_hash_256.png",
                "from_url": "https:\/\/slack.com\/help\/articles\/201658943-Export-your-workspace-data",
                "thumb_width": 256,
                "thumb_height": 256,
                "service_icon": "https:\/\/a.slack-edge.com\/80588\/marketing\/img\/meta\/favicon-32.png",
                "id": 1,
                "original_url": "https:\/\/slack.com\/help\/articles\/201658943-Export-your-workspace-data"
            }
        ],
        "blocks": [
            {
                "type": "rich_text",
                "block_id": "ZBf",
                "elements": [
                    {
                        "type": "rich_text_section",
                        "elements": [
                            {
                                "type": "link",
                                "url": "https:\/\/slack.com\/help\/articles\/201658943-Export-your-workspace-data"
                            }
                        ]
                    }
                ]
            }
        ],
        "thread_ts": "1607628640.241200",
        "parent_user_id": "UKTGLQNGG"
    },
    {
        "client_msg_id": "fbd05b62-2132-4edd-9f9f-7b9766bbba3f",
        "type": "message",
        "text": "I'm kind of biased in favor of Slack. It just integrates with my work and other communities...",
        "user": "U012KCMPP0V",
        "ts": "1607630365.242200",
        "team": "TKFJE6LDR",
        "user_team": "TKFJE6LDR",
        "source_team": "TKFJE6LDR",
        "user_profile": {
            "avatar_hash": "b26729f0b5f2",
            "image_72": "https:\/\/avatars.slack-edge.com\/2020-04-27\/1089031639347_b26729f0b5f2375494a1_72.png",
            "first_name": "Alyssa",
            "real_name": "Alyssa",
            "display_name": "Alyssa",
            "team": "TKFJE6LDR",
            "name": "alyssa.rock.biz",
            "is_restricted": false,
            "is_ultra_restricted": false
        },
        "blocks": [
            {
                "type": "rich_text",
                "block_id": "LnDN",
                "elements": [
                    {
                        "type": "rich_text_section",
                        "elements": [
                            {
                                "type": "text",
                                "text": "I'm kind of biased in favor of Slack. It just integrates with my work and other communities..."
                            }
                        ]
                    }
                ]
            }
        ],
        "thread_ts": "1607628640.241200",
        "parent_user_id": "UKTGLQNGG"
    },
    {
        "client_msg_id": "9b8b5127-6091-4a16-8cfd-2e4793a8519b",
        "type": "message",
        "text": "I'm often saving and\/or pinning things in open\/free slack workspaces when I really don't want something to disappear from Slack search in the future :stuck_out_tongue:",
        "user": "U015GARCR8X",
        "ts": "1607638502.242500",
        "team": "TKFJE6LDR",
        "user_team": "TKFJE6LDR",
        "source_team": "TKFJE6LDR",
        "user_profile": {
            "avatar_hash": "37a234435192",
            "image_72": "https:\/\/avatars.slack-edge.com\/2020-08-06\/1283467109749_37a23443519259ddd5ca_72.png",
            "first_name": "Derek",
            "real_name": "Derek Ardolf",
            "display_name": "ScriptAutomate",
            "team": "TKFJE6LDR",
            "name": "derek",
            "is_restricted": false,
            "is_ultra_restricted": false
        },
        "blocks": [
            {
                "type": "rich_text",
                "block_id": "fSfX",
                "elements": [
                    {
                        "type": "rich_text_section",
                        "elements": [
                            {
                                "type": "text",
                                "text": "I'm often saving and\/or pinning things in open\/free slack workspaces when I really don't want something to disappear from Slack search in the future "
                            },
                            {
                                "type": "emoji",
                                "name": "stuck_out_tongue"
                            }
                        ]
                    }
                ]
            }
        ],
        "thread_ts": "1607628640.241200",
        "parent_user_id": "UKTGLQNGG"
    },
    {
        "client_msg_id": "6b8bc71b-ae72-4226-9ca4-33d3b6326058",
        "type": "message",
        "text": "I'm working my way through the last 6 mos of archives now, can only request 1x\/hour so it will take a little bit (the PR requesting an archive folder wasn't approved until Oct, which is probably why it slipped off my to-do list!)",
        "user": "UL2AA1FF1",
        "ts": "1607647968.242700",
        "team": "TKFJE6LDR",
        "user_team": "TKFJE6LDR",
        "source_team": "TKFJE6LDR",
        "user_profile": {
            "avatar_hash": "22135067b36d",
            "image_72": "https:\/\/avatars.slack-edge.com\/2019-10-23\/805254797908_22135067b36dfb715e99_72.jpg",
            "first_name": "",
            "real_name": "Erin McKean",
            "display_name": "Erin McKean",
            "team": "TKFJE6LDR",
            "name": "emckean",
            "is_restricted": false,
            "is_ultra_restricted": false
        },
        "blocks": [
            {
                "type": "rich_text",
                "block_id": "WAom\/",
                "elements": [
                    {
                        "type": "rich_text_section",
                        "elements": [
                            {
                                "type": "text",
                                "text": "I'm working my way through the last 6 mos of archives now, can only request 1x\/hour so it will take a little bit (the PR requesting an archive folder wasn't approved until Oct, which is probably why it slipped off my to-do list!)"
                            }
                        ]
                    }
                ]
            }
        ],
        "thread_ts": "1607628640.241200",
        "parent_user_id": "UKTGLQNGG"
    },
    {
        "client_msg_id": "ba35a39f-5926-4505-af6c-7a399bfea37d",
        "type": "message",
        "text": "once I have all the files added to my fork, I'll submit a PR",
        "user": "UL2AA1FF1",
        "ts": "1607647980.242900",
        "team": "TKFJE6LDR",
        "user_team": "TKFJE6LDR",
        "source_team": "TKFJE6LDR",
        "user_profile": {
            "avatar_hash": "22135067b36d",
            "image_72": "https:\/\/avatars.slack-edge.com\/2019-10-23\/805254797908_22135067b36dfb715e99_72.jpg",
            "first_name": "",
            "real_name": "Erin McKean",
            "display_name": "Erin McKean",
            "team": "TKFJE6LDR",
            "name": "emckean",
            "is_restricted": false,
            "is_ultra_restricted": false
        },
        "blocks": [
            {
                "type": "rich_text",
                "block_id": "2HX",
                "elements": [
                    {
                        "type": "rich_text_section",
                        "elements": [
                            {
                                "type": "text",
                                "text": "once I have all the files added to my fork, I'll submit a PR"
                            }
                        ]
                    }
                ]
            }
        ],
        "thread_ts": "1607628640.241200",
        "parent_user_id": "UKTGLQNGG"
    }
]