[
    {
        "client_msg_id": "0ca36103-1e67-4b18-8ba6-0ca61bee91ac",
        "type": "message",
        "text": "Thanks for representing GDP at the conference! Is there going to be a writing days component this year?",
        "user": "U012KCMPP0V",
        "ts": "1606840282.144100",
        "team": "TKFJE6LDR",
        "user_team": "TKFJE6LDR",
        "source_team": "TKFJE6LDR",
        "user_profile": {
            "avatar_hash": "b26729f0b5f2",
            "image_72": "https:\/\/avatars.slack-edge.com\/2020-04-27\/1089031639347_b26729f0b5f2375494a1_72.png",
            "first_name": "Alyssa",
            "real_name": "Alyssa",
            "display_name": "Alyssa",
            "team": "TKFJE6LDR",
            "name": "alyssa.rock.biz",
            "is_restricted": false,
            "is_ultra_restricted": false
        },
        "blocks": [
            {
                "type": "rich_text",
                "block_id": "XbChy",
                "elements": [
                    {
                        "type": "rich_text_section",
                        "elements": [
                            {
                                "type": "text",
                                "text": "Thanks for representing GDP at the conference! Is there going to be a writing days component this year?"
                            }
                        ]
                    }
                ]
            }
        ],
        "thread_ts": "1606800280.143800",
        "parent_user_id": "UKTGLQNGG"
    },
    {
        "bot_id": "B01",
        "type": "message",
        "text": "Reminder: remember to add items to the Weekly Meeting agenda before our meeting <https:\/\/github.com\/thegooddocsproject\/governance\/wiki\/Weekly-Meetings>",
        "user": "USLACKBOT",
        "ts": "1606842101.144300",
        "team": "TKFJE6LDR"
    },
    {
        "client_msg_id": "617a6421-f9e8-48d8-b66f-c775932bad1d",
        "type": "message",
        "text": "I've suggested an unconference session for Write the Docs tomorrow:\nUnconference timeslot: 16:15-17:00 AEDT Thursday\nLed by: Cameron Shorter\nTitle: Look into The Good Docs Project\nInterested in “Best practice templates and processes for documenting software\"? Want to chat with some of the project contributors? Maybe find something useful. Maybe suggest focus areas? Maybe ask how to get some of your best practices into the project?",
        "user": "UKTGLQNGG",
        "ts": "1606860634.148000",
        "team": "TKFJE6LDR",
        "user_team": "TKFJE6LDR",
        "source_team": "TKFJE6LDR",
        "user_profile": {
            "avatar_hash": "d6f4de222bb1",
            "image_72": "https:\/\/avatars.slack-edge.com\/2020-07-20\/1235580478119_d6f4de222bb1ed6b5960_72.jpg",
            "first_name": "Cameron",
            "real_name": "Cameron Shorter",
            "display_name": "cameronshorter",
            "team": "TKFJE6LDR",
            "name": "cameron.shorter",
            "is_restricted": false,
            "is_ultra_restricted": false
        },
        "blocks": [
            {
                "type": "rich_text",
                "block_id": "2or",
                "elements": [
                    {
                        "type": "rich_text_section",
                        "elements": [
                            {
                                "type": "text",
                                "text": "I've suggested an unconference session for Write the Docs tomorrow:\nUnconference timeslot: 16:15-17:00 AEDT Thursday\nLed by: Cameron Shorter\nTitle: Look into The Good Docs Project\nInterested in “Best practice templates and processes for documenting software\"? Want to chat with some of the project contributors? Maybe find something useful. Maybe suggest focus areas? Maybe ask how to get some of your best practices into the project?"
                            }
                        ]
                    }
                ]
            }
        ],
        "thread_ts": "1606860634.148000",
        "reply_count": 1,
        "reply_users_count": 1,
        "latest_reply": "1606860714.148300",
        "reply_users": [
            "UKTGLQNGG"
        ],
        "replies": [
            {
                "user": "UKTGLQNGG",
                "ts": "1606860714.148300"
            }
        ],
        "subscribed": false,
        "reactions": [
            {
                "name": "star-struck",
                "users": [
                    "U0170HMB87K"
                ],
                "count": 1
            }
        ]
    },
    {
        "client_msg_id": "868708aa-ba1e-4a75-a781-b9af10c0fe3a",
        "type": "message",
        "text": "I hope a few of you will be able to make it?\nThis slot is right after Lana's talk, and doesn't clash with Ankita's talk the following day.",
        "user": "UKTGLQNGG",
        "ts": "1606860714.148300",
        "team": "TKFJE6LDR",
        "user_team": "TKFJE6LDR",
        "source_team": "TKFJE6LDR",
        "user_profile": {
            "avatar_hash": "d6f4de222bb1",
            "image_72": "https:\/\/avatars.slack-edge.com\/2020-07-20\/1235580478119_d6f4de222bb1ed6b5960_72.jpg",
            "first_name": "Cameron",
            "real_name": "Cameron Shorter",
            "display_name": "cameronshorter",
            "team": "TKFJE6LDR",
            "name": "cameron.shorter",
            "is_restricted": false,
            "is_ultra_restricted": false
        },
        "blocks": [
            {
                "type": "rich_text",
                "block_id": "q1Us",
                "elements": [
                    {
                        "type": "rich_text_section",
                        "elements": [
                            {
                                "type": "text",
                                "text": "I hope a few of you will be able to make it?\nThis slot is right after Lana's talk, and doesn't clash with Ankita's talk the following day."
                            }
                        ]
                    }
                ]
            }
        ],
        "thread_ts": "1606860634.148000",
        "parent_user_id": "UKTGLQNGG"
    },
    {
        "client_msg_id": "0c0daac2-c492-4bfa-ad2a-17d5fb4276f6",
        "type": "message",
        "text": "Apologies for tonight's meetings. I'm leaving tonight free to sort out tech for the conference tomorrow. See you all there!",
        "user": "UKVC4NB71",
        "ts": "1606892508.149400",
        "team": "TKFJE6LDR",
        "user_team": "TKFJE6LDR",
        "source_team": "TKFJE6LDR",
        "user_profile": {
            "avatar_hash": "c7d9788d4436",
            "image_72": "https:\/\/avatars.slack-edge.com\/2019-10-30\/814314609877_c7d9788d4436969613a7_72.jpg",
            "first_name": "Jared",
            "real_name": "Jared Morgan",
            "display_name": "jaredmorgs",
            "team": "TKFJE6LDR",
            "name": "jaredleonmorgan",
            "is_restricted": false,
            "is_ultra_restricted": false
        },
        "blocks": [
            {
                "type": "rich_text",
                "block_id": "9f5+",
                "elements": [
                    {
                        "type": "rich_text_section",
                        "elements": [
                            {
                                "type": "text",
                                "text": "Apologies for tonight's meetings. I'm leaving tonight free to sort out tech for the conference tomorrow. See you all there!"
                            }
                        ]
                    }
                ]
            }
        ],
        "thread_ts": "1606892508.149400",
        "reply_count": 2,
        "reply_users_count": 1,
        "latest_reply": "1606937683.150700",
        "reply_users": [
            "UKTGLQNGG"
        ],
        "replies": [
            {
                "user": "UKTGLQNGG",
                "ts": "1606899309.149700"
            },
            {
                "user": "UKTGLQNGG",
                "ts": "1606937683.150700"
            }
        ],
        "subscribed": false,
        "reactions": [
            {
                "name": "wave",
                "users": [
                    "UKV4ZPEFQ",
                    "U0170HMB87K",
                    "UQ553K7DY"
                ],
                "count": 3
            }
        ]
    }
]