[
    {
        "client_msg_id": "7399f5c3-2483-4130-a819-c6e4fc2c67a3",
        "type": "message",
        "text": "Can you believe how verbose we are? We are nearly at the 10k limit on this workspace. :smile:",
        "user": "UKVC4NB71",
        "ts": "1607214058.188600",
        "team": "TKFJE6LDR",
        "user_team": "TKFJE6LDR",
        "source_team": "TKFJE6LDR",
        "user_profile": {
            "avatar_hash": "c7d9788d4436",
            "image_72": "https:\/\/avatars.slack-edge.com\/2019-10-30\/814314609877_c7d9788d4436969613a7_72.jpg",
            "first_name": "Jared",
            "real_name": "Jared Morgan",
            "display_name": "jaredmorgs",
            "team": "TKFJE6LDR",
            "name": "jaredleonmorgan",
            "is_restricted": false,
            "is_ultra_restricted": false
        },
        "blocks": [
            {
                "type": "rich_text",
                "block_id": "grkB2",
                "elements": [
                    {
                        "type": "rich_text_section",
                        "elements": [
                            {
                                "type": "text",
                                "text": "Can you believe how verbose we are? We are nearly at the 10k limit on this workspace. "
                            },
                            {
                                "type": "emoji",
                                "name": "smile"
                            }
                        ]
                    }
                ]
            }
        ],
        "thread_ts": "1607214058.188600",
        "reply_count": 5,
        "reply_users_count": 2,
        "latest_reply": "1607300484.221500",
        "reply_users": [
            "U012KCMPP0V",
            "UKVC4NB71"
        ],
        "replies": [
            {
                "user": "U012KCMPP0V",
                "ts": "1607282018.191600"
            },
            {
                "user": "UKVC4NB71",
                "ts": "1607300412.220100"
            },
            {
                "user": "UKVC4NB71",
                "ts": "1607300428.220300"
            },
            {
                "user": "UKVC4NB71",
                "ts": "1607300447.220500"
            },
            {
                "user": "UKVC4NB71",
                "ts": "1607300484.221500"
            }
        ],
        "subscribed": false
    },
    {
        "client_msg_id": "e478d507-5d7f-4355-a5cd-9f56e2c4567e",
        "type": "message",
        "text": "the Slack Monster :tm: is going to start eating our backscroll soon.",
        "user": "UKVC4NB71",
        "ts": "1607214083.189300",
        "team": "TKFJE6LDR",
        "user_team": "TKFJE6LDR",
        "source_team": "TKFJE6LDR",
        "user_profile": {
            "avatar_hash": "c7d9788d4436",
            "image_72": "https:\/\/avatars.slack-edge.com\/2019-10-30\/814314609877_c7d9788d4436969613a7_72.jpg",
            "first_name": "Jared",
            "real_name": "Jared Morgan",
            "display_name": "jaredmorgs",
            "team": "TKFJE6LDR",
            "name": "jaredleonmorgan",
            "is_restricted": false,
            "is_ultra_restricted": false
        },
        "blocks": [
            {
                "type": "rich_text",
                "block_id": "fFhU",
                "elements": [
                    {
                        "type": "rich_text_section",
                        "elements": [
                            {
                                "type": "text",
                                "text": "the Slack Monster "
                            },
                            {
                                "type": "emoji",
                                "name": "tm"
                            },
                            {
                                "type": "text",
                                "text": " is going to start eating our backscroll soon."
                            }
                        ]
                    }
                ]
            }
        ],
        "reactions": [
            {
                "name": "cold_sweat",
                "users": [
                    "U0170HMB87K",
                    "U012KCMPP0V"
                ],
                "count": 2
            }
        ]
    },
    {
        "client_msg_id": "3e868cad-9805-4996-96e7-067dcf5ab8be",
        "type": "message",
        "text": "Turns out tech writers type a lot :smirk:",
        "user": "UQ553K7DY",
        "ts": "1607214107.189700",
        "team": "TKFJE6LDR",
        "user_team": "TKFJE6LDR",
        "source_team": "TKFJE6LDR",
        "user_profile": {
            "avatar_hash": "e0f8604c1079",
            "image_72": "https:\/\/avatars.slack-edge.com\/2020-10-26\/1445509834998_e0f8604c1079f923f3e9_72.png",
            "first_name": "Loquacity",
            "real_name": "Loquacity",
            "display_name": "Loquacity",
            "team": "TKFJE6LDR",
            "name": "slack1",
            "is_restricted": false,
            "is_ultra_restricted": false
        },
        "blocks": [
            {
                "type": "rich_text",
                "block_id": "saqD",
                "elements": [
                    {
                        "type": "rich_text_section",
                        "elements": [
                            {
                                "type": "text",
                                "text": "Turns out tech writers type a lot "
                            },
                            {
                                "type": "emoji",
                                "name": "smirk"
                            }
                        ]
                    }
                ]
            }
        ]
    },
    {
        "client_msg_id": "44ec8ddd-0736-4a79-88d2-9d43a8979818",
        "type": "message",
        "text": ":smile:",
        "user": "UKVC4NB71",
        "ts": "1607214113.190000",
        "team": "TKFJE6LDR",
        "user_team": "TKFJE6LDR",
        "source_team": "TKFJE6LDR",
        "user_profile": {
            "avatar_hash": "c7d9788d4436",
            "image_72": "https:\/\/avatars.slack-edge.com\/2019-10-30\/814314609877_c7d9788d4436969613a7_72.jpg",
            "first_name": "Jared",
            "real_name": "Jared Morgan",
            "display_name": "jaredmorgs",
            "team": "TKFJE6LDR",
            "name": "jaredleonmorgan",
            "is_restricted": false,
            "is_ultra_restricted": false
        },
        "blocks": [
            {
                "type": "rich_text",
                "block_id": "pCGDo",
                "elements": [
                    {
                        "type": "rich_text_section",
                        "elements": [
                            {
                                "type": "emoji",
                                "name": "smile"
                            }
                        ]
                    }
                ]
            }
        ]
    },
    {
        "client_msg_id": "2ab5991e-53ba-4e51-ad71-5af012091c58",
        "type": "message",
        "text": "Obviously we aren't in a position to pay for the workspace so let the Slack Monster feast on our ramblings.",
        "user": "UKVC4NB71",
        "ts": "1607214169.191000",
        "team": "TKFJE6LDR",
        "user_team": "TKFJE6LDR",
        "source_team": "TKFJE6LDR",
        "user_profile": {
            "avatar_hash": "c7d9788d4436",
            "image_72": "https:\/\/avatars.slack-edge.com\/2019-10-30\/814314609877_c7d9788d4436969613a7_72.jpg",
            "first_name": "Jared",
            "real_name": "Jared Morgan",
            "display_name": "jaredmorgs",
            "team": "TKFJE6LDR",
            "name": "jaredleonmorgan",
            "is_restricted": false,
            "is_ultra_restricted": false
        },
        "blocks": [
            {
                "type": "rich_text",
                "block_id": "QqGo",
                "elements": [
                    {
                        "type": "rich_text_section",
                        "elements": [
                            {
                                "type": "text",
                                "text": "Obviously we aren't in a position to pay for the workspace so let the Slack Monster feast on our ramblings."
                            }
                        ]
                    }
                ]
            }
        ],
        "thread_ts": "1607214169.191000",
        "reply_count": 1,
        "reply_users_count": 1,
        "latest_reply": "1607337277.231200",
        "reply_users": [
            "U011GCVJFQF"
        ],
        "replies": [
            {
                "user": "U011GCVJFQF",
                "ts": "1607337277.231200"
            }
        ],
        "subscribed": false,
        "reactions": [
            {
                "name": "+1",
                "users": [
                    "UQ553K7DY",
                    "U0170HMB87K",
                    "U012KCMPP0V"
                ],
                "count": 3
            }
        ]
    }
]