[
    {
        "client_msg_id": "536117cb-5e2e-4a48-af63-21775ba5b482",
        "type": "message",
        "text": "Just in case you're not told often enough: THANK YOU for monitoring our Slack usage! :thankyou:",
        "user": "U012KCMPP0V",
        "ts": "1607282018.191600",
        "team": "TKFJE6LDR",
        "user_team": "TKFJE6LDR",
        "source_team": "TKFJE6LDR",
        "user_profile": {
            "avatar_hash": "b26729f0b5f2",
            "image_72": "https:\/\/avatars.slack-edge.com\/2020-04-27\/1089031639347_b26729f0b5f2375494a1_72.png",
            "first_name": "Alyssa",
            "real_name": "Alyssa",
            "display_name": "Alyssa",
            "team": "TKFJE6LDR",
            "name": "alyssa.rock.biz",
            "is_restricted": false,
            "is_ultra_restricted": false
        },
        "blocks": [
            {
                "type": "rich_text",
                "block_id": "Y3DbY",
                "elements": [
                    {
                        "type": "rich_text_section",
                        "elements": [
                            {
                                "type": "text",
                                "text": "Just in case you're not told often enough: THANK YOU for monitoring our Slack usage! "
                            },
                            {
                                "type": "emoji",
                                "name": "thankyou"
                            }
                        ]
                    }
                ]
            }
        ],
        "thread_ts": "1607214058.188600",
        "parent_user_id": "UKVC4NB71"
    },
    {
        "client_msg_id": "a120c283-41c8-4f52-ab36-e78e50e2b671",
        "type": "message",
        "text": "I've had a goal for the last month or so to get back into blog writing. I thought this group might be interested in my latest blog entry called \"Attracting active contributors to open source (a case study).\" My open source book club at work just finished chapter 3 of Nadia Eghbal's Working in Public: The Making and Maintenance of Open Source Software. In this chapter, she talks about the different types of participants in open source communities and discusses ways to improve open source community health. I summarize some of my key takeaways and talk about my positive experiences with the Good Docs community in my blog: <http:\/\/alyssarock.pro\/?p=274>",
        "user": "U012KCMPP0V",
        "ts": "1607282498.195900",
        "team": "TKFJE6LDR",
        "user_team": "TKFJE6LDR",
        "source_team": "TKFJE6LDR",
        "user_profile": {
            "avatar_hash": "b26729f0b5f2",
            "image_72": "https:\/\/avatars.slack-edge.com\/2020-04-27\/1089031639347_b26729f0b5f2375494a1_72.png",
            "first_name": "Alyssa",
            "real_name": "Alyssa",
            "display_name": "Alyssa",
            "team": "TKFJE6LDR",
            "name": "alyssa.rock.biz",
            "is_restricted": false,
            "is_ultra_restricted": false
        },
        "blocks": [
            {
                "type": "rich_text",
                "block_id": "CTAmv",
                "elements": [
                    {
                        "type": "rich_text_section",
                        "elements": [
                            {
                                "type": "text",
                                "text": "I've had a goal for the last month or so to get back into blog writing. I thought this group might be interested in my latest blog entry called \"Attracting active contributors to open source (a case study).\" My open source book club at work just finished chapter 3 of Nadia Eghbal's Working in Public: The Making and Maintenance of Open Source Software. In this chapter, she talks about the different types of participants in open source communities and discusses ways to improve open source community health. I summarize some of my key takeaways and talk about my positive experiences with the Good Docs community in my blog: "
                            },
                            {
                                "type": "link",
                                "url": "http:\/\/alyssarock.pro\/?p=274"
                            }
                        ]
                    }
                ]
            }
        ],
        "thread_ts": "1607282498.195900",
        "reply_count": 2,
        "reply_users_count": 2,
        "latest_reply": "1607293915.219800",
        "reply_users": [
            "UKV4ZPEFQ",
            "U012KCMPP0V"
        ],
        "replies": [
            {
                "user": "UKV4ZPEFQ",
                "ts": "1607288136.219300"
            },
            {
                "user": "U012KCMPP0V",
                "ts": "1607293915.219800"
            }
        ],
        "subscribed": true,
        "last_read": "1607293915.219800",
        "reactions": [
            {
                "name": "star-struck",
                "users": [
                    "U01GEGKBZB3",
                    "UKV4ZPEFQ",
                    "U0174BRV404"
                ],
                "count": 3
            }
        ]
    },
    {
        "client_msg_id": "1ee17d39-1eff-4c65-98a0-94693cd6cc52",
        "type": "message",
        "text": "Hello, Good Docs people:grinning: I'm very happy to have attended Write the Docs Australia and India and have got a second opportunity to join in the Good Docs community. Thank you Cameron for giving us an introduction to the Good Docs project. :blush:\nMy name is Qian (pronounced as \"chain\" in English), though my friends and colleagues call me \"Choco\". I'm a technical writer\/content designer who is from mainland China and currently living and working in Stockholm, Sweden. I used to work as a technical writer in the telecom industry, writing troubleshooting guides, installation instructions and so on with close collaborations with developers. I'm now working as a content strategist in the area of developer experience in Fintech iZettle (PayPal bought us in 2018). Literally I just finished my second week at this new job of mine 6 months after being laid off from a cyber security startup.\nI studied in environmental engineering for my bachelor's degree and human-computer interaction for my master's degree. My lifetime goal is to provide necessary information in the right format at the right time in the right place, besides advocating values of our content people.\nIf I can contribute to the Good Docs project, I'd be very happy. Please let me know if I can do anything here. :grin: For example, <@UKV4ZPEFQ>'s example project.\nI've signed up for the mailing lists. :smile:",
        "user": "U01GEGKBZB3",
        "ts": "1607285998.212000",
        "team": "TKFJE6LDR",
        "user_team": "TKFJE6LDR",
        "source_team": "TKFJE6LDR",
        "user_profile": {
            "avatar_hash": "1dba434ce5ed",
            "image_72": "https:\/\/avatars.slack-edge.com\/2020-12-02\/1531192531127_1dba434ce5ed8406393b_72.jpg",
            "first_name": "Qian",
            "real_name": "Qian Lu",
            "display_name": "Qian Lu (Choco)",
            "team": "TKFJE6LDR",
            "name": "techwriter.chocolate",
            "is_restricted": false,
            "is_ultra_restricted": false
        },
        "edited": {
            "user": "U01GEGKBZB3",
            "ts": "1607286402.000000"
        },
        "blocks": [
            {
                "type": "rich_text",
                "block_id": "7ak",
                "elements": [
                    {
                        "type": "rich_text_section",
                        "elements": [
                            {
                                "type": "text",
                                "text": "Hello, Good Docs people"
                            },
                            {
                                "type": "emoji",
                                "name": "grinning"
                            },
                            {
                                "type": "text",
                                "text": " I'm very happy to have attended Write the Docs Australia and India and have got a second opportunity to join in the Good Docs community. Thank you Cameron for giving us an introduction to the Good Docs project. "
                            },
                            {
                                "type": "emoji",
                                "name": "blush"
                            },
                            {
                                "type": "text",
                                "text": "\nMy name is Qian (pronounced as \"chain\" in English), though my friends and colleagues call me \"Choco\". I'm a technical writer\/content designer who is from mainland China and currently living and working in Stockholm, Sweden. I used to work as a technical writer in the telecom industry, writing troubleshooting guides, installation instructions and so on with close collaborations with developers. I'm now working as a content strategist in the area of developer experience in Fintech iZettle (PayPal bought us in 2018). Literally I just finished my second week at this new job of mine 6 months after being laid off from a cyber security startup.\nI studied in environmental engineering for my bachelor's degree and human-computer interaction for my master's degree. My lifetime goal is to provide necessary information in the right format at the right time in the right place, besides advocating values of our content people.\nIf I can contribute to the Good Docs project, I'd be very happy. Please let me know if I can do anything here. "
                            },
                            {
                                "type": "emoji",
                                "name": "grin"
                            },
                            {
                                "type": "text",
                                "text": " For example, "
                            },
                            {
                                "type": "user",
                                "user_id": "UKV4ZPEFQ"
                            },
                            {
                                "type": "text",
                                "text": "'s example project.\nI've signed up for the mailing lists. "
                            },
                            {
                                "type": "emoji",
                                "name": "smile"
                            }
                        ]
                    }
                ]
            }
        ],
        "thread_ts": "1607285998.212000",
        "reply_count": 3,
        "reply_users_count": 2,
        "latest_reply": "1607322673.231000",
        "reply_users": [
            "UKV4ZPEFQ",
            "U01GEGKBZB3"
        ],
        "replies": [
            {
                "user": "UKV4ZPEFQ",
                "ts": "1607287846.218200"
            },
            {
                "user": "UKV4ZPEFQ",
                "ts": "1607293895.219500"
            },
            {
                "user": "U01GEGKBZB3",
                "ts": "1607322673.231000"
            }
        ],
        "subscribed": true,
        "last_read": "1607322673.231000",
        "reactions": [
            {
                "name": "wave",
                "users": [
                    "UKV4ZPEFQ",
                    "UKTGLQNGG"
                ],
                "count": 2
            },
            {
                "name": "blush",
                "users": [
                    "U0174BRV404"
                ],
                "count": 1
            }
        ]
    },
    {
        "client_msg_id": "E74136C7-5DB7-46DC-876B-0542BAC06ECC",
        "type": "message",
        "text": "Hi, welcome. So nice to meet you at the conference! Chronologue is the name of the example project- I invited you to the Slack channel for that if you’re interested. We have other initiatives which may take your fancy. I think we have a list somewhere, I’ll dig them out when I’m back at my desk later this morning.",
        "user": "UKV4ZPEFQ",
        "ts": "1607287846.218200",
        "team": "TKFJE6LDR",
        "user_team": "TKFJE6LDR",
        "source_team": "TKFJE6LDR",
        "user_profile": {
            "avatar_hash": "g854c628ef64",
            "image_72": "https:\/\/secure.gravatar.com\/avatar\/6854c628ef64a4c129a994522e17cdf2.jpg?s=72&d=https%3A%2F%2Fa.slack-edge.com%2Fdf10d%2Fimg%2Favatars%2Fava_0007-72.png",
            "first_name": "felicitybrand",
            "real_name": "felicitybrand",
            "display_name": "flicstar",
            "team": "TKFJE6LDR",
            "name": "felicitybrand",
            "is_restricted": false,
            "is_ultra_restricted": false
        },
        "blocks": [
            {
                "type": "rich_text",
                "block_id": "KhBX",
                "elements": [
                    {
                        "type": "rich_text_section",
                        "elements": [
                            {
                                "type": "text",
                                "text": "Hi, welcome. So nice to meet you at the conference! Chronologue is the name of the example project- I invited you to the Slack channel for that if you’re interested. We have other initiatives which may take your fancy. I think we have a list somewhere, I’ll dig them out when I’m back at my desk later this morning."
                            }
                        ]
                    }
                ]
            }
        ],
        "thread_ts": "1607285998.212000",
        "parent_user_id": "U01GEGKBZB3"
    },
    {
        "client_msg_id": "5BA5C2B7-7B9B-4251-B467-AF5A8AEC752F",
        "type": "message",
        "text": "Loved your blog post! I’m reading the book and am in the middle of chapter 3 right now! So timely for me. :+1::skin-tone-3:",
        "user": "UKV4ZPEFQ",
        "ts": "1607288136.219300",
        "team": "TKFJE6LDR",
        "user_team": "TKFJE6LDR",
        "source_team": "TKFJE6LDR",
        "user_profile": {
            "avatar_hash": "g854c628ef64",
            "image_72": "https:\/\/secure.gravatar.com\/avatar\/6854c628ef64a4c129a994522e17cdf2.jpg?s=72&d=https%3A%2F%2Fa.slack-edge.com%2Fdf10d%2Fimg%2Favatars%2Fava_0007-72.png",
            "first_name": "felicitybrand",
            "real_name": "felicitybrand",
            "display_name": "flicstar",
            "team": "TKFJE6LDR",
            "name": "felicitybrand",
            "is_restricted": false,
            "is_ultra_restricted": false
        },
        "blocks": [
            {
                "type": "rich_text",
                "block_id": "+rfo",
                "elements": [
                    {
                        "type": "rich_text_section",
                        "elements": [
                            {
                                "type": "text",
                                "text": "Loved your blog post! I’m reading the book and am in the middle of chapter 3 right now! So timely for me. "
                            },
                            {
                                "type": "emoji",
                                "name": "+1",
                                "skin_tone": 3
                            }
                        ]
                    }
                ]
            }
        ],
        "thread_ts": "1607282498.195900",
        "parent_user_id": "U012KCMPP0V"
    },
    {
        "client_msg_id": "9ef91be5-2f5f-4be4-9c5e-00debc62d182",
        "type": "message",
        "text": "Oh yes, the list of initiatives is at the bottom of the home page <https:\/\/thegooddocsproject.dev\/>",
        "user": "UKV4ZPEFQ",
        "ts": "1607293895.219500",
        "team": "TKFJE6LDR",
        "user_team": "TKFJE6LDR",
        "source_team": "TKFJE6LDR",
        "user_profile": {
            "avatar_hash": "g854c628ef64",
            "image_72": "https:\/\/secure.gravatar.com\/avatar\/6854c628ef64a4c129a994522e17cdf2.jpg?s=72&d=https%3A%2F%2Fa.slack-edge.com%2Fdf10d%2Fimg%2Favatars%2Fava_0007-72.png",
            "first_name": "felicitybrand",
            "real_name": "felicitybrand",
            "display_name": "flicstar",
            "team": "TKFJE6LDR",
            "name": "felicitybrand",
            "is_restricted": false,
            "is_ultra_restricted": false
        },
        "attachments": [
            {
                "title": "The Good Docs Project",
                "title_link": "https:\/\/thegooddocsproject.dev\/",
                "text": "Templates to make good docs.",
                "fallback": "The Good Docs Project",
                "from_url": "https:\/\/thegooddocsproject.dev\/",
                "service_name": "thegooddocsproject.dev",
                "id": 1,
                "original_url": "https:\/\/thegooddocsproject.dev\/"
            }
        ],
        "blocks": [
            {
                "type": "rich_text",
                "block_id": "GIq",
                "elements": [
                    {
                        "type": "rich_text_section",
                        "elements": [
                            {
                                "type": "text",
                                "text": "Oh yes, the list of initiatives is at the bottom of the home page "
                            },
                            {
                                "type": "link",
                                "url": "https:\/\/thegooddocsproject.dev\/"
                            }
                        ]
                    }
                ]
            }
        ],
        "thread_ts": "1607285998.212000",
        "parent_user_id": "U01GEGKBZB3"
    },
    {
        "client_msg_id": "9642f4e1-1c41-4bd7-8930-e3c8ad206ecf",
        "type": "message",
        "text": "That's awesome! We should do a 1:1 coffee chat some time to talk about it. :smile:",
        "user": "U012KCMPP0V",
        "ts": "1607293915.219800",
        "team": "TKFJE6LDR",
        "user_team": "TKFJE6LDR",
        "source_team": "TKFJE6LDR",
        "user_profile": {
            "avatar_hash": "b26729f0b5f2",
            "image_72": "https:\/\/avatars.slack-edge.com\/2020-04-27\/1089031639347_b26729f0b5f2375494a1_72.png",
            "first_name": "Alyssa",
            "real_name": "Alyssa",
            "display_name": "Alyssa",
            "team": "TKFJE6LDR",
            "name": "alyssa.rock.biz",
            "is_restricted": false,
            "is_ultra_restricted": false
        },
        "blocks": [
            {
                "type": "rich_text",
                "block_id": "cH7B",
                "elements": [
                    {
                        "type": "rich_text_section",
                        "elements": [
                            {
                                "type": "text",
                                "text": "That's awesome! We should do a 1:1 coffee chat some time to talk about it. "
                            },
                            {
                                "type": "emoji",
                                "name": "smile"
                            }
                        ]
                    }
                ]
            }
        ],
        "thread_ts": "1607282498.195900",
        "parent_user_id": "U012KCMPP0V"
    },
    {
        "client_msg_id": "55f3ac82-f71b-4748-98be-a867881730cb",
        "type": "message",
        "text": "I only saw it because it came up as a banner in one of the secure chats.",
        "user": "UKVC4NB71",
        "ts": "1607300412.220100",
        "team": "TKFJE6LDR",
        "user_team": "TKFJE6LDR",
        "source_team": "TKFJE6LDR",
        "user_profile": {
            "avatar_hash": "c7d9788d4436",
            "image_72": "https:\/\/avatars.slack-edge.com\/2019-10-30\/814314609877_c7d9788d4436969613a7_72.jpg",
            "first_name": "Jared",
            "real_name": "Jared Morgan",
            "display_name": "jaredmorgs",
            "team": "TKFJE6LDR",
            "name": "jaredleonmorgan",
            "is_restricted": false,
            "is_ultra_restricted": false
        },
        "blocks": [
            {
                "type": "rich_text",
                "block_id": "Ho\/",
                "elements": [
                    {
                        "type": "rich_text_section",
                        "elements": [
                            {
                                "type": "text",
                                "text": "I only saw it because it came up as a banner in one of the secure chats."
                            }
                        ]
                    }
                ]
            }
        ],
        "thread_ts": "1607214058.188600",
        "parent_user_id": "UKVC4NB71"
    },
    {
        "client_msg_id": "e07436d6-6fc1-40f8-bc46-c32bbfab9a5d",
        "type": "message",
        "text": "I'm not sure why we are all not seeing it come up.",
        "user": "UKVC4NB71",
        "ts": "1607300428.220300",
        "team": "TKFJE6LDR",
        "user_team": "TKFJE6LDR",
        "source_team": "TKFJE6LDR",
        "user_profile": {
            "avatar_hash": "c7d9788d4436",
            "image_72": "https:\/\/avatars.slack-edge.com\/2019-10-30\/814314609877_c7d9788d4436969613a7_72.jpg",
            "first_name": "Jared",
            "real_name": "Jared Morgan",
            "display_name": "jaredmorgs",
            "team": "TKFJE6LDR",
            "name": "jaredleonmorgan",
            "is_restricted": false,
            "is_ultra_restricted": false
        },
        "blocks": [
            {
                "type": "rich_text",
                "block_id": "ao3S",
                "elements": [
                    {
                        "type": "rich_text_section",
                        "elements": [
                            {
                                "type": "text",
                                "text": "I'm not sure why we are all not seeing it come up."
                            }
                        ]
                    }
                ]
            }
        ],
        "thread_ts": "1607214058.188600",
        "parent_user_id": "UKVC4NB71"
    },
    {
        "client_msg_id": "ef36d3a2-cd8c-475f-a459-011a4745f2cb",
        "type": "message",
        "text": "I know on the WTD workspace you get reminded all the time about the Slack Monster.",
        "user": "UKVC4NB71",
        "ts": "1607300447.220500",
        "team": "TKFJE6LDR",
        "user_team": "TKFJE6LDR",
        "source_team": "TKFJE6LDR",
        "user_profile": {
            "avatar_hash": "c7d9788d4436",
            "image_72": "https:\/\/avatars.slack-edge.com\/2019-10-30\/814314609877_c7d9788d4436969613a7_72.jpg",
            "first_name": "Jared",
            "real_name": "Jared Morgan",
            "display_name": "jaredmorgs",
            "team": "TKFJE6LDR",
            "name": "jaredleonmorgan",
            "is_restricted": false,
            "is_ultra_restricted": false
        },
        "blocks": [
            {
                "type": "rich_text",
                "block_id": "6bdQ",
                "elements": [
                    {
                        "type": "rich_text_section",
                        "elements": [
                            {
                                "type": "text",
                                "text": "I know on the WTD workspace you get reminded all the time about the Slack Monster."
                            }
                        ]
                    }
                ]
            }
        ],
        "thread_ts": "1607214058.188600",
        "parent_user_id": "UKVC4NB71"
    },
    {
        "client_msg_id": "d6e13b1b-1fdb-43e5-9008-9c789ae27f1d",
        "type": "message",
        "text": "I think someone should definitely create a Slack Monster art with all the words falling off the back of a horizontal slack page into the monsters mouth (I know, very specific).",
        "user": "UKVC4NB71",
        "ts": "1607300484.221500",
        "team": "TKFJE6LDR",
        "user_team": "TKFJE6LDR",
        "source_team": "TKFJE6LDR",
        "user_profile": {
            "avatar_hash": "c7d9788d4436",
            "image_72": "https:\/\/avatars.slack-edge.com\/2019-10-30\/814314609877_c7d9788d4436969613a7_72.jpg",
            "first_name": "Jared",
            "real_name": "Jared Morgan",
            "display_name": "jaredmorgs",
            "team": "TKFJE6LDR",
            "name": "jaredleonmorgan",
            "is_restricted": false,
            "is_ultra_restricted": false
        },
        "edited": {
            "user": "UKVC4NB71",
            "ts": "1607300499.000000"
        },
        "blocks": [
            {
                "type": "rich_text",
                "block_id": "AGsL6",
                "elements": [
                    {
                        "type": "rich_text_section",
                        "elements": [
                            {
                                "type": "text",
                                "text": "I think someone should definitely create a Slack Monster art with all the words falling off the back of a horizontal slack page into the monsters mouth (I know, very specific)."
                            }
                        ]
                    }
                ]
            }
        ],
        "thread_ts": "1607214058.188600",
        "parent_user_id": "UKVC4NB71",
        "reactions": [
            {
                "name": "rolling_on_the_floor_laughing",
                "users": [
                    "U012KCMPP0V"
                ],
                "count": 1
            }
        ]
    },
    {
        "client_msg_id": "01bb737e-2f1d-448e-9123-153744365050",
        "type": "message",
        "text": "I've just submitted my final project evaluation for GSoD, so I thought I'd let you know that that's it, I'm done! Thanks everyone for the support and mentorship over the past few months, and I hope you all enjoy the IA Guide. Special big thanks to <@UKVC4NB71> for being an awesome mentor and friend, and to <@U012Y26QWNA> for finding all my silly mistakes. Also a shout out to <@U0174BRV404> who is doing excellent work on the Base Template.\n\nI'm going on holidays from this week, and won't be around much until the new year, so please let me take this opportunity to say happy holidays to you, wherever you are in the world. 2020 has been wild, but that was what allowed me to participate in GSoD, so without it I would not have gotten to know you all and the work you're doing here. I'm looking forward to continuing to participate next year (but first, I need to read books on a beach for a bit!).\n\nStay safe, and keep it open :penguin: :beach_with_umbrella: :christmas_tree:\n\n<https:\/\/dyn1.heritagestatic.com\/lf?set=path%5B2%2F2%2F3%2F6%2F8%2F22368858%5D&amp;call=url%5Bfile%3Aproduct.chain%5D>",
        "user": "UQ553K7DY",
        "ts": "1607300863.227600",
        "team": "TKFJE6LDR",
        "user_team": "TKFJE6LDR",
        "source_team": "TKFJE6LDR",
        "user_profile": {
            "avatar_hash": "e0f8604c1079",
            "image_72": "https:\/\/avatars.slack-edge.com\/2020-10-26\/1445509834998_e0f8604c1079f923f3e9_72.png",
            "first_name": "Loquacity",
            "real_name": "Loquacity",
            "display_name": "Loquacity",
            "team": "TKFJE6LDR",
            "name": "slack1",
            "is_restricted": false,
            "is_ultra_restricted": false
        },
        "edited": {
            "user": "UQ553K7DY",
            "ts": "1607300913.000000"
        },
        "attachments": [
            {
                "fallback": "3000x2367px image",
                "image_url": "https:\/\/dyn1.heritagestatic.com\/lf?set=path%5B2%2F2%2F3%2F6%2F8%2F22368858%5D&call=url%5Bfile%3Aproduct.chain%5D",
                "image_width": 3000,
                "image_height": 2367,
                "image_bytes": 1326829,
                "from_url": "https:\/\/dyn1.heritagestatic.com\/lf?set=path%5B2%2F2%2F3%2F6%2F8%2F22368858%5D&call=url%5Bfile%3Aproduct.chain%5D",
                "id": 1,
                "original_url": "https:\/\/dyn1.heritagestatic.com\/lf?set=path%5B2%2F2%2F3%2F6%2F8%2F22368858%5D&amp;call=url%5Bfile%3Aproduct.chain%5D"
            }
        ],
        "blocks": [
            {
                "type": "rich_text",
                "block_id": "iRU2",
                "elements": [
                    {
                        "type": "rich_text_section",
                        "elements": [
                            {
                                "type": "text",
                                "text": "I've just submitted my final project evaluation for GSoD, so I thought I'd let you know that that's it, I'm done! Thanks everyone for the support and mentorship over the past few months, and I hope you all enjoy the IA Guide. Special big thanks to "
                            },
                            {
                                "type": "user",
                                "user_id": "UKVC4NB71"
                            },
                            {
                                "type": "text",
                                "text": " for being an awesome mentor and friend, and to "
                            },
                            {
                                "type": "user",
                                "user_id": "U012Y26QWNA"
                            },
                            {
                                "type": "text",
                                "text": " for finding all my silly mistakes. Also a shout out to "
                            },
                            {
                                "type": "user",
                                "user_id": "U0174BRV404"
                            },
                            {
                                "type": "text",
                                "text": " who is doing excellent work on the Base Template.\n\nI'm going on holidays from this week, and won't be around much until the new year, so please let me take this opportunity to say happy holidays to you, wherever you are in the world. 2020 has been wild, but that was what allowed me to participate in GSoD, so without it I would not have gotten to know you all and the work you're doing here. I'm looking forward to continuing to participate next year (but first, I need to read books on a beach for a bit!).\n\nStay safe, and keep it open "
                            },
                            {
                                "type": "emoji",
                                "name": "penguin"
                            },
                            {
                                "type": "text",
                                "text": " "
                            },
                            {
                                "type": "emoji",
                                "name": "beach_with_umbrella"
                            },
                            {
                                "type": "text",
                                "text": " "
                            },
                            {
                                "type": "emoji",
                                "name": "christmas_tree"
                            },
                            {
                                "type": "text",
                                "text": "\n\n"
                            },
                            {
                                "type": "link",
                                "url": "https:\/\/dyn1.heritagestatic.com\/lf?set=path%5B2%2F2%2F3%2F6%2F8%2F22368858%5D&call=url%5Bfile%3Aproduct.chain%5D"
                            }
                        ]
                    }
                ]
            }
        ],
        "thread_ts": "1607300863.227600",
        "reply_count": 13,
        "reply_users_count": 6,
        "latest_reply": "1607444841.235400",
        "reply_users": [
            "UKVC4NB71",
            "UQ553K7DY",
            "UKTGLQNGG",
            "U012KCMPP0V",
            "U0170HMB87K",
            "U0174BRV404"
        ],
        "replies": [
            {
                "user": "UKVC4NB71",
                "ts": "1607300960.228000"
            },
            {
                "user": "UKVC4NB71",
                "ts": "1607300970.228200"
            },
            {
                "user": "UQ553K7DY",
                "ts": "1607300992.228400"
            },
            {
                "user": "UKVC4NB71",
                "ts": "1607301048.228600"
            },
            {
                "user": "UQ553K7DY",
                "ts": "1607301072.228800"
            },
            {
                "user": "UKTGLQNGG",
                "ts": "1607301081.229000"
            },
            {
                "user": "UQ553K7DY",
                "ts": "1607301119.229200"
            },
            {
                "user": "UKTGLQNGG",
                "ts": "1607301186.229400"
            },
            {
                "user": "U012KCMPP0V",
                "ts": "1607303656.229600"
            },
            {
                "user": "UQ553K7DY",
                "ts": "1607303694.229900"
            },
            {
                "user": "U0170HMB87K",
                "ts": "1607318812.230200"
            },
            {
                "user": "UQ553K7DY",
                "ts": "1607320736.230400"
            },
            {
                "user": "U0174BRV404",
                "ts": "1607444841.235400"
            }
        ],
        "subscribed": false,
        "reactions": [
            {
                "name": "heart_eyes",
                "users": [
                    "U0174BRV404"
                ],
                "count": 1
            }
        ]
    },
    {
        "client_msg_id": "7d123ba5-0419-44ba-8526-932ce8935cb5",
        "type": "message",
        "text": "It has been an absolute pleasure working with you (again) on the IA Guide along with all the other contributions you've made to TGD.",
        "user": "UKVC4NB71",
        "ts": "1607300960.228000",
        "team": "TKFJE6LDR",
        "user_team": "TKFJE6LDR",
        "source_team": "TKFJE6LDR",
        "user_profile": {
            "avatar_hash": "c7d9788d4436",
            "image_72": "https:\/\/avatars.slack-edge.com\/2019-10-30\/814314609877_c7d9788d4436969613a7_72.jpg",
            "first_name": "Jared",
            "real_name": "Jared Morgan",
            "display_name": "jaredmorgs",
            "team": "TKFJE6LDR",
            "name": "jaredleonmorgan",
            "is_restricted": false,
            "is_ultra_restricted": false
        },
        "blocks": [
            {
                "type": "rich_text",
                "block_id": "LF0a",
                "elements": [
                    {
                        "type": "rich_text_section",
                        "elements": [
                            {
                                "type": "text",
                                "text": "It has been an absolute pleasure working with you (again) on the IA Guide along with all the other contributions you've made to TGD."
                            }
                        ]
                    }
                ]
            }
        ],
        "thread_ts": "1607300863.227600",
        "parent_user_id": "UQ553K7DY"
    },
    {
        "client_msg_id": "7bfcfff1-36c1-46f0-ad8a-98890d0a7b5e",
        "type": "message",
        "text": "Enjoy the :beach_with_umbrella: and see you next year.",
        "user": "UKVC4NB71",
        "ts": "1607300970.228200",
        "team": "TKFJE6LDR",
        "user_team": "TKFJE6LDR",
        "source_team": "TKFJE6LDR",
        "user_profile": {
            "avatar_hash": "c7d9788d4436",
            "image_72": "https:\/\/avatars.slack-edge.com\/2019-10-30\/814314609877_c7d9788d4436969613a7_72.jpg",
            "first_name": "Jared",
            "real_name": "Jared Morgan",
            "display_name": "jaredmorgs",
            "team": "TKFJE6LDR",
            "name": "jaredleonmorgan",
            "is_restricted": false,
            "is_ultra_restricted": false
        },
        "blocks": [
            {
                "type": "rich_text",
                "block_id": "SbT3",
                "elements": [
                    {
                        "type": "rich_text_section",
                        "elements": [
                            {
                                "type": "text",
                                "text": "Enjoy the "
                            },
                            {
                                "type": "emoji",
                                "name": "beach_with_umbrella"
                            },
                            {
                                "type": "text",
                                "text": " and see you next year."
                            }
                        ]
                    }
                ]
            }
        ],
        "thread_ts": "1607300863.227600",
        "parent_user_id": "UQ553K7DY"
    },
    {
        "client_msg_id": "fa545976-c5b3-4168-90e1-2b20bbec7499",
        "type": "message",
        "text": "thanks jared, it's been a blast. hopefully you get a break over the summer too.",
        "user": "UQ553K7DY",
        "ts": "1607300992.228400",
        "team": "TKFJE6LDR",
        "user_team": "TKFJE6LDR",
        "source_team": "TKFJE6LDR",
        "user_profile": {
            "avatar_hash": "e0f8604c1079",
            "image_72": "https:\/\/avatars.slack-edge.com\/2020-10-26\/1445509834998_e0f8604c1079f923f3e9_72.png",
            "first_name": "Loquacity",
            "real_name": "Loquacity",
            "display_name": "Loquacity",
            "team": "TKFJE6LDR",
            "name": "slack1",
            "is_restricted": false,
            "is_ultra_restricted": false
        },
        "blocks": [
            {
                "type": "rich_text",
                "block_id": "yP=",
                "elements": [
                    {
                        "type": "rich_text_section",
                        "elements": [
                            {
                                "type": "text",
                                "text": "thanks jared, it's been a blast. hopefully you get a break over the summer too."
                            }
                        ]
                    }
                ]
            }
        ],
        "thread_ts": "1607300863.227600",
        "parent_user_id": "UQ553K7DY"
    },
    {
        "client_msg_id": "1f71b404-393a-4cad-854e-e629b3fc3efb",
        "type": "message",
        "text": "Yep I've got the week beginning the 20th off until a week after New year. Got to take turns with wrangling kids during the brutal Xmas Hols",
        "user": "UKVC4NB71",
        "ts": "1607301048.228600",
        "team": "TKFJE6LDR",
        "user_team": "TKFJE6LDR",
        "source_team": "TKFJE6LDR",
        "user_profile": {
            "avatar_hash": "c7d9788d4436",
            "image_72": "https:\/\/avatars.slack-edge.com\/2019-10-30\/814314609877_c7d9788d4436969613a7_72.jpg",
            "first_name": "Jared",
            "real_name": "Jared Morgan",
            "display_name": "jaredmorgs",
            "team": "TKFJE6LDR",
            "name": "jaredleonmorgan",
            "is_restricted": false,
            "is_ultra_restricted": false
        },
        "blocks": [
            {
                "type": "rich_text",
                "block_id": "qNZtJ",
                "elements": [
                    {
                        "type": "rich_text_section",
                        "elements": [
                            {
                                "type": "text",
                                "text": "Yep I've got the week beginning the 20th off until a week after New year. Got to take turns with wrangling kids during the brutal Xmas Hols"
                            }
                        ]
                    }
                ]
            }
        ],
        "thread_ts": "1607300863.227600",
        "parent_user_id": "UQ553K7DY"
    },
    {
        "client_msg_id": "7e074525-8ef5-410a-855f-11d76cfb221c",
        "type": "message",
        "text": "awesome. enjoy it :grin:",
        "user": "UQ553K7DY",
        "ts": "1607301072.228800",
        "team": "TKFJE6LDR",
        "user_team": "TKFJE6LDR",
        "source_team": "TKFJE6LDR",
        "user_profile": {
            "avatar_hash": "e0f8604c1079",
            "image_72": "https:\/\/avatars.slack-edge.com\/2020-10-26\/1445509834998_e0f8604c1079f923f3e9_72.png",
            "first_name": "Loquacity",
            "real_name": "Loquacity",
            "display_name": "Loquacity",
            "team": "TKFJE6LDR",
            "name": "slack1",
            "is_restricted": false,
            "is_ultra_restricted": false
        },
        "blocks": [
            {
                "type": "rich_text",
                "block_id": "Uyb",
                "elements": [
                    {
                        "type": "rich_text_section",
                        "elements": [
                            {
                                "type": "text",
                                "text": "awesome. enjoy it "
                            },
                            {
                                "type": "emoji",
                                "name": "grin"
                            }
                        ]
                    }
                ]
            }
        ],
        "thread_ts": "1607300863.227600",
        "parent_user_id": "UQ553K7DY"
    },
    {
        "client_msg_id": "a46e6a08-10db-435b-aba7-ee458abaa6a1",
        "type": "message",
        "text": "Yes <@UQ553K7DY>, it has been an absolute delight having your spark, enthusiasm, deep insight, and friendship. Well done.",
        "user": "UKTGLQNGG",
        "ts": "1607301081.229000",
        "team": "TKFJE6LDR",
        "user_team": "TKFJE6LDR",
        "source_team": "TKFJE6LDR",
        "user_profile": {
            "avatar_hash": "d6f4de222bb1",
            "image_72": "https:\/\/avatars.slack-edge.com\/2020-07-20\/1235580478119_d6f4de222bb1ed6b5960_72.jpg",
            "first_name": "Cameron",
            "real_name": "Cameron Shorter",
            "display_name": "cameronshorter",
            "team": "TKFJE6LDR",
            "name": "cameron.shorter",
            "is_restricted": false,
            "is_ultra_restricted": false
        },
        "blocks": [
            {
                "type": "rich_text",
                "block_id": "1Zp",
                "elements": [
                    {
                        "type": "rich_text_section",
                        "elements": [
                            {
                                "type": "text",
                                "text": "Yes "
                            },
                            {
                                "type": "user",
                                "user_id": "UQ553K7DY"
                            },
                            {
                                "type": "text",
                                "text": ", it has been an absolute delight having your spark, enthusiasm, deep insight, and friendship. Well done."
                            }
                        ]
                    }
                ]
            }
        ],
        "thread_ts": "1607300863.227600",
        "parent_user_id": "UQ553K7DY"
    },
    {
        "client_msg_id": "4d4640ba-faad-4c11-a146-3d633e006762",
        "type": "message",
        "text": "thanks cameron! i'm sorry for being so picky all the time :grinning_face_with_one_large_and_one_small_eye:",
        "user": "UQ553K7DY",
        "ts": "1607301119.229200",
        "team": "TKFJE6LDR",
        "user_team": "TKFJE6LDR",
        "source_team": "TKFJE6LDR",
        "user_profile": {
            "avatar_hash": "e0f8604c1079",
            "image_72": "https:\/\/avatars.slack-edge.com\/2020-10-26\/1445509834998_e0f8604c1079f923f3e9_72.png",
            "first_name": "Loquacity",
            "real_name": "Loquacity",
            "display_name": "Loquacity",
            "team": "TKFJE6LDR",
            "name": "slack1",
            "is_restricted": false,
            "is_ultra_restricted": false
        },
        "blocks": [
            {
                "type": "rich_text",
                "block_id": "IVLf",
                "elements": [
                    {
                        "type": "rich_text_section",
                        "elements": [
                            {
                                "type": "text",
                                "text": "thanks cameron! i'm sorry for being so picky all the time "
                            },
                            {
                                "type": "emoji",
                                "name": "grinning_face_with_one_large_and_one_small_eye"
                            }
                        ]
                    }
                ]
            }
        ],
        "thread_ts": "1607300863.227600",
        "parent_user_id": "UQ553K7DY",
        "reactions": [
            {
                "name": "raised_back_of_hand",
                "users": [
                    "U0170HMB87K"
                ],
                "count": 1
            }
        ]
    },
    {
        "client_msg_id": "5e04769a-af58-47c5-855b-eb626e6aa995",
        "type": "message",
        "text": "The thing you love about a person is also the thing you hate. (Or so my wife keeps reminding me.)",
        "user": "UKTGLQNGG",
        "ts": "1607301186.229400",
        "team": "TKFJE6LDR",
        "user_team": "TKFJE6LDR",
        "source_team": "TKFJE6LDR",
        "user_profile": {
            "avatar_hash": "d6f4de222bb1",
            "image_72": "https:\/\/avatars.slack-edge.com\/2020-07-20\/1235580478119_d6f4de222bb1ed6b5960_72.jpg",
            "first_name": "Cameron",
            "real_name": "Cameron Shorter",
            "display_name": "cameronshorter",
            "team": "TKFJE6LDR",
            "name": "cameron.shorter",
            "is_restricted": false,
            "is_ultra_restricted": false
        },
        "blocks": [
            {
                "type": "rich_text",
                "block_id": "PZV",
                "elements": [
                    {
                        "type": "rich_text_section",
                        "elements": [
                            {
                                "type": "text",
                                "text": "The thing you love about a person is also the thing you hate. (Or so my wife keeps reminding me.)"
                            }
                        ]
                    }
                ]
            }
        ],
        "thread_ts": "1607300863.227600",
        "parent_user_id": "UQ553K7DY"
    },
    {
        "client_msg_id": "bba2d4bc-97a3-4e56-a050-9d3e1dce4fa0",
        "type": "message",
        "text": "Thank you so much for all your hard work, Lana!",
        "user": "U012KCMPP0V",
        "ts": "1607303656.229600",
        "team": "TKFJE6LDR",
        "user_team": "TKFJE6LDR",
        "source_team": "TKFJE6LDR",
        "user_profile": {
            "avatar_hash": "b26729f0b5f2",
            "image_72": "https:\/\/avatars.slack-edge.com\/2020-04-27\/1089031639347_b26729f0b5f2375494a1_72.png",
            "first_name": "Alyssa",
            "real_name": "Alyssa",
            "display_name": "Alyssa",
            "team": "TKFJE6LDR",
            "name": "alyssa.rock.biz",
            "is_restricted": false,
            "is_ultra_restricted": false
        },
        "blocks": [
            {
                "type": "rich_text",
                "block_id": "o8Ew6",
                "elements": [
                    {
                        "type": "rich_text_section",
                        "elements": [
                            {
                                "type": "text",
                                "text": "Thank you so much for all your hard work, Lana!"
                            }
                        ]
                    }
                ]
            }
        ],
        "thread_ts": "1607300863.227600",
        "parent_user_id": "UQ553K7DY"
    },
    {
        "client_msg_id": "ce936f67-6aa8-4379-9c6d-1b2a7489f6f9",
        "type": "message",
        "text": "it was my pleasure, alyssa! thanks for the support :slightly_smiling_face:",
        "user": "UQ553K7DY",
        "ts": "1607303694.229900",
        "team": "TKFJE6LDR",
        "user_team": "TKFJE6LDR",
        "source_team": "TKFJE6LDR",
        "user_profile": {
            "avatar_hash": "e0f8604c1079",
            "image_72": "https:\/\/avatars.slack-edge.com\/2020-10-26\/1445509834998_e0f8604c1079f923f3e9_72.png",
            "first_name": "Loquacity",
            "real_name": "Loquacity",
            "display_name": "Loquacity",
            "team": "TKFJE6LDR",
            "name": "slack1",
            "is_restricted": false,
            "is_ultra_restricted": false
        },
        "edited": {
            "user": "UQ553K7DY",
            "ts": "1607303703.000000"
        },
        "blocks": [
            {
                "type": "rich_text",
                "block_id": "WzY",
                "elements": [
                    {
                        "type": "rich_text_section",
                        "elements": [
                            {
                                "type": "text",
                                "text": "it was my pleasure, alyssa! thanks for the support "
                            },
                            {
                                "type": "emoji",
                                "name": "slightly_smiling_face"
                            }
                        ]
                    }
                ]
            }
        ],
        "thread_ts": "1607300863.227600",
        "parent_user_id": "UQ553K7DY"
    },
    {
        "client_msg_id": "8537e1b5-63be-447c-9486-44aea1d6cf34",
        "type": "message",
        "text": "Lanaaaaaaaa, will definitely miss you. And amazing work on the IA guide. Happy holidays:star-struck::heart:",
        "user": "U0170HMB87K",
        "ts": "1607318812.230200",
        "team": "TKFJE6LDR",
        "user_team": "TKFJE6LDR",
        "source_team": "TKFJE6LDR",
        "user_profile": {
            "avatar_hash": "f39553b0636b",
            "image_72": "https:\/\/avatars.slack-edge.com\/2020-07-22\/1249269540710_f39553b0636b29704992_72.jpg",
            "first_name": "",
            "real_name": "Ankita",
            "display_name": "Ankita",
            "team": "TKFJE6LDR",
            "name": "ankitatripathi.2312",
            "is_restricted": false,
            "is_ultra_restricted": false
        },
        "edited": {
            "user": "U0170HMB87K",
            "ts": "1607320820.000000"
        },
        "blocks": [
            {
                "type": "rich_text",
                "block_id": "O+S",
                "elements": [
                    {
                        "type": "rich_text_section",
                        "elements": [
                            {
                                "type": "text",
                                "text": "Lanaaaaaaaa, will definitely miss you. And amazing work on the IA guide. Happy holidays"
                            },
                            {
                                "type": "emoji",
                                "name": "star-struck"
                            },
                            {
                                "type": "emoji",
                                "name": "heart"
                            }
                        ]
                    }
                ]
            }
        ],
        "thread_ts": "1607300863.227600",
        "parent_user_id": "UQ553K7DY"
    },
    {
        "client_msg_id": "afdbdbc1-fdab-4795-af73-9119b0e749ae",
        "type": "message",
        "text": "Thanks Ankita! :sparkling_heart:",
        "user": "UQ553K7DY",
        "ts": "1607320736.230400",
        "team": "TKFJE6LDR",
        "user_team": "TKFJE6LDR",
        "source_team": "TKFJE6LDR",
        "user_profile": {
            "avatar_hash": "e0f8604c1079",
            "image_72": "https:\/\/avatars.slack-edge.com\/2020-10-26\/1445509834998_e0f8604c1079f923f3e9_72.png",
            "first_name": "Loquacity",
            "real_name": "Loquacity",
            "display_name": "Loquacity",
            "team": "TKFJE6LDR",
            "name": "slack1",
            "is_restricted": false,
            "is_ultra_restricted": false
        },
        "blocks": [
            {
                "type": "rich_text",
                "block_id": "Sv7",
                "elements": [
                    {
                        "type": "rich_text_section",
                        "elements": [
                            {
                                "type": "text",
                                "text": "Thanks Ankita! "
                            },
                            {
                                "type": "emoji",
                                "name": "sparkling_heart"
                            }
                        ]
                    }
                ]
            }
        ],
        "thread_ts": "1607300863.227600",
        "parent_user_id": "UQ553K7DY",
        "reactions": [
            {
                "name": "hearts",
                "users": [
                    "U0170HMB87K"
                ],
                "count": 1
            }
        ]
    },
    {
        "client_msg_id": "e15af3b4-733d-407b-8823-e75dcbd4a0cd",
        "type": "message",
        "text": "Thank you very much Felicity for having me in Chronologue, I'll check the initiatives out.:star-struck:",
        "user": "U01GEGKBZB3",
        "ts": "1607322673.231000",
        "team": "TKFJE6LDR",
        "user_team": "TKFJE6LDR",
        "source_team": "TKFJE6LDR",
        "user_profile": {
            "avatar_hash": "1dba434ce5ed",
            "image_72": "https:\/\/avatars.slack-edge.com\/2020-12-02\/1531192531127_1dba434ce5ed8406393b_72.jpg",
            "first_name": "Qian",
            "real_name": "Qian Lu",
            "display_name": "Qian Lu (Choco)",
            "team": "TKFJE6LDR",
            "name": "techwriter.chocolate",
            "is_restricted": false,
            "is_ultra_restricted": false
        },
        "blocks": [
            {
                "type": "rich_text",
                "block_id": "\/+GH",
                "elements": [
                    {
                        "type": "rich_text_section",
                        "elements": [
                            {
                                "type": "text",
                                "text": "Thank you very much Felicity for having me in Chronologue, I'll check the initiatives out."
                            },
                            {
                                "type": "emoji",
                                "name": "star-struck"
                            }
                        ]
                    }
                ]
            }
        ],
        "thread_ts": "1607285998.212000",
        "parent_user_id": "U01GEGKBZB3"
    }
]