[
    {
        "client_msg_id": "7c7dce34-e3cf-441e-ad10-07a757dd6c2b",
        "type": "message",
        "text": "For those of you who have joined after attending Write The Docs Australia \/ India:\n• Welcome\n• If you haven't done so already, feel free to send an introduction message in this channel. Maybe mention a little about your background and anything that might interest you.\n• Please also sign up to our discuss email list. (Any major decisions we make go via the list which is archived). You can subscribe on the <https:\/\/thegooddocsproject.groups.io\/g\/main> page.\n• If you are interested in joining glossaries, you can sign up to our separate <https:\/\/lists.osgeo.org\/mailman\/listinfo\/lexicon|lexicon email list> and ask me if you'd like to be invited to our weekly virtual meeting. ",
        "user": "UKTGLQNGG",
        "ts": "1607110959.187800",
        "team": "TKFJE6LDR",
        "user_team": "TKFJE6LDR",
        "source_team": "TKFJE6LDR",
        "user_profile": {
            "avatar_hash": "d6f4de222bb1",
            "image_72": "https:\/\/avatars.slack-edge.com\/2020-07-20\/1235580478119_d6f4de222bb1ed6b5960_72.jpg",
            "first_name": "Cameron",
            "real_name": "Cameron Shorter",
            "display_name": "cameronshorter",
            "team": "TKFJE6LDR",
            "name": "cameron.shorter",
            "is_restricted": false,
            "is_ultra_restricted": false
        },
        "attachments": [
            {
                "title": "main groups.io Group",
                "title_link": "https:\/\/thegooddocsproject.groups.io\/g\/main",
                "text": "General discussion group for The Good Docs Project <https:\/\/thegooddocsproject.dev\/>. Dedicated to creating a suite of best practice templates for documenting open source software.",
                "fallback": "main groups.io Group",
                "image_url": "https:\/\/groups.io\/img\/logofull.png",
                "from_url": "https:\/\/thegooddocsproject.groups.io\/g\/main",
                "image_width": 491,
                "image_height": 132,
                "image_bytes": 28895,
                "service_icon": "https:\/\/thegooddocsproject.groups.io\/img\/org.1\/favicons\/apple-icon-57x57.png",
                "service_name": "thegooddocsproject.groups.io",
                "id": 1,
                "original_url": "https:\/\/thegooddocsproject.groups.io\/g\/main"
            }
        ],
        "blocks": [
            {
                "type": "rich_text",
                "block_id": "FoOg",
                "elements": [
                    {
                        "type": "rich_text_section",
                        "elements": [
                            {
                                "type": "text",
                                "text": "For those of you who have joined after attending Write The Docs Australia \/ India:\n"
                            }
                        ]
                    },
                    {
                        "type": "rich_text_list",
                        "elements": [
                            {
                                "type": "rich_text_section",
                                "elements": [
                                    {
                                        "type": "text",
                                        "text": "Welcome"
                                    }
                                ]
                            },
                            {
                                "type": "rich_text_section",
                                "elements": [
                                    {
                                        "type": "text",
                                        "text": "If you haven't done so already, feel free to send an introduction message in this channel. Maybe mention a little about your background and anything that might interest you."
                                    }
                                ]
                            },
                            {
                                "type": "rich_text_section",
                                "elements": [
                                    {
                                        "type": "text",
                                        "text": "Please also sign up to our discuss email list. (Any major decisions we make go via the list which is archived). You can subscribe on the "
                                    },
                                    {
                                        "type": "link",
                                        "url": "https:\/\/thegooddocsproject.groups.io\/g\/main"
                                    },
                                    {
                                        "type": "text",
                                        "text": " page."
                                    }
                                ]
                            },
                            {
                                "type": "rich_text_section",
                                "elements": [
                                    {
                                        "type": "text",
                                        "text": "If you are interested in joining glossaries, you can sign up to our separate "
                                    },
                                    {
                                        "type": "link",
                                        "url": "https:\/\/lists.osgeo.org\/mailman\/listinfo\/lexicon",
                                        "text": "lexicon email list"
                                    },
                                    {
                                        "type": "text",
                                        "text": " and ask me if you'd like to be invited to our weekly virtual meeting. "
                                    }
                                ]
                            }
                        ],
                        "style": "bullet",
                        "indent": 0
                    }
                ]
            }
        ],
        "reactions": [
            {
                "name": "+1",
                "users": [
                    "U018BJR6JQN",
                    "U01GEGKBZB3"
                ],
                "count": 2
            },
            {
                "name": "+1::skin-tone-4",
                "users": [
                    "U01FV5E1TPY"
                ],
                "count": 1
            }
        ]
    }
]