[
    {
        "type": "message",
        "text": "Ha ha... I noticed a typo... Here's the non-typo version, if anyone cares:",
        "files": [
            {
                "id": "F01ELV9QLD8",
                "created": 1605197274,
                "timestamp": 1605197274,
                "name": "Good Docs Templates - Current process as-is (1).png",
                "title": "Good Docs Templates - Current process as-is (1).png",
                "mimetype": "image\/png",
                "filetype": "png",
                "pretty_type": "PNG",
                "user": "U012KCMPP0V",
                "editable": false,
                "size": 183844,
                "mode": "hosted",
                "is_external": false,
                "external_type": "",
                "is_public": true,
                "public_url_shared": false,
                "display_as_bot": false,
                "username": "",
                "url_private": "https:\/\/files.slack.com\/files-pri\/TKFJE6LDR-F01ELV9QLD8\/good_docs_templates_-_current_process_as-is__1_.png?t=xoxe-661626224467-1580401085220-1571150327285-d5614a5771de6880e611eb631d8b0140",
                "url_private_download": "https:\/\/files.slack.com\/files-pri\/TKFJE6LDR-F01ELV9QLD8\/download\/good_docs_templates_-_current_process_as-is__1_.png?t=xoxe-661626224467-1580401085220-1571150327285-d5614a5771de6880e611eb631d8b0140",
                "thumb_64": "https:\/\/files.slack.com\/files-tmb\/TKFJE6LDR-F01ELV9QLD8-a2556b8f29\/good_docs_templates_-_current_process_as-is__1__64.png?t=xoxe-661626224467-1580401085220-1571150327285-d5614a5771de6880e611eb631d8b0140",
                "thumb_80": "https:\/\/files.slack.com\/files-tmb\/TKFJE6LDR-F01ELV9QLD8-a2556b8f29\/good_docs_templates_-_current_process_as-is__1__80.png?t=xoxe-661626224467-1580401085220-1571150327285-d5614a5771de6880e611eb631d8b0140",
                "thumb_360": "https:\/\/files.slack.com\/files-tmb\/TKFJE6LDR-F01ELV9QLD8-a2556b8f29\/good_docs_templates_-_current_process_as-is__1__360.png?t=xoxe-661626224467-1580401085220-1571150327285-d5614a5771de6880e611eb631d8b0140",
                "thumb_360_w": 214,
                "thumb_360_h": 360,
                "thumb_480": "https:\/\/files.slack.com\/files-tmb\/TKFJE6LDR-F01ELV9QLD8-a2556b8f29\/good_docs_templates_-_current_process_as-is__1__480.png?t=xoxe-661626224467-1580401085220-1571150327285-d5614a5771de6880e611eb631d8b0140",
                "thumb_480_w": 286,
                "thumb_480_h": 480,
                "thumb_160": "https:\/\/files.slack.com\/files-tmb\/TKFJE6LDR-F01ELV9QLD8-a2556b8f29\/good_docs_templates_-_current_process_as-is__1__160.png?t=xoxe-661626224467-1580401085220-1571150327285-d5614a5771de6880e611eb631d8b0140",
                "thumb_720": "https:\/\/files.slack.com\/files-tmb\/TKFJE6LDR-F01ELV9QLD8-a2556b8f29\/good_docs_templates_-_current_process_as-is__1__720.png?t=xoxe-661626224467-1580401085220-1571150327285-d5614a5771de6880e611eb631d8b0140",
                "thumb_720_w": 429,
                "thumb_720_h": 720,
                "thumb_800": "https:\/\/files.slack.com\/files-tmb\/TKFJE6LDR-F01ELV9QLD8-a2556b8f29\/good_docs_templates_-_current_process_as-is__1__800.png?t=xoxe-661626224467-1580401085220-1571150327285-d5614a5771de6880e611eb631d8b0140",
                "thumb_800_w": 800,
                "thumb_800_h": 1343,
                "thumb_960": "https:\/\/files.slack.com\/files-tmb\/TKFJE6LDR-F01ELV9QLD8-a2556b8f29\/good_docs_templates_-_current_process_as-is__1__960.png?t=xoxe-661626224467-1580401085220-1571150327285-d5614a5771de6880e611eb631d8b0140",
                "thumb_960_w": 572,
                "thumb_960_h": 960,
                "thumb_1024": "https:\/\/files.slack.com\/files-tmb\/TKFJE6LDR-F01ELV9QLD8-a2556b8f29\/good_docs_templates_-_current_process_as-is__1__1024.png?t=xoxe-661626224467-1580401085220-1571150327285-d5614a5771de6880e611eb631d8b0140",
                "thumb_1024_w": 610,
                "thumb_1024_h": 1024,
                "original_w": 956,
                "original_h": 1605,
                "thumb_tiny": "AwAwABy+QcdO\/pQoOen6U4ZxwBQN3cDFACDI9afQOBRQA0EDqf1pQQehB\/Gk5xwM0LnPKgUALk9h+tGW9B+dKKKAG7fr+dKFx3P4mkJKjPFIr7jjigB9FFFAH\/\/Z",
                "permalink": "https:\/\/thegooddocs.slack.com\/files\/U012KCMPP0V\/F01ELV9QLD8\/good_docs_templates_-_current_process_as-is__1_.png",
                "permalink_public": "https:\/\/slack-files.com\/TKFJE6LDR-F01ELV9QLD8-0218509a08",
                "is_starred": false,
                "has_rich_preview": false
            }
        ],
        "upload": false,
        "blocks": [
            {
                "type": "rich_text",
                "block_id": "np2h",
                "elements": [
                    {
                        "type": "rich_text_section",
                        "elements": [
                            {
                                "type": "text",
                                "text": "Ha ha... I noticed a typo... Here's the non-typo version, if anyone cares:"
                            }
                        ]
                    }
                ]
            }
        ],
        "user": "U012KCMPP0V",
        "display_as_bot": false,
        "ts": "1605197279.109900",
        "thread_ts": "1605146000.106600",
        "parent_user_id": "U012KCMPP0V"
    },
    {
        "client_msg_id": "75a5b4c1-c3d1-4201-94ee-9b5598152c51",
        "type": "message",
        "text": "Glad you like it! It looks like my link doesn't open it for editing like I had hoped. I can invite you as an editor if you want?",
        "user": "U012KCMPP0V",
        "ts": "1605197331.110600",
        "team": "TKFJE6LDR",
        "user_team": "TKFJE6LDR",
        "source_team": "TKFJE6LDR",
        "user_profile": {
            "avatar_hash": "b26729f0b5f2",
            "image_72": "https:\/\/avatars.slack-edge.com\/2020-04-27\/1089031639347_b26729f0b5f2375494a1_72.png",
            "first_name": "Alyssa",
            "real_name": "Alyssa",
            "display_name": "Alyssa",
            "team": "TKFJE6LDR",
            "name": "alyssa.rock.biz",
            "is_restricted": false,
            "is_ultra_restricted": false
        },
        "blocks": [
            {
                "type": "rich_text",
                "block_id": "oUhqQ",
                "elements": [
                    {
                        "type": "rich_text_section",
                        "elements": [
                            {
                                "type": "text",
                                "text": "Glad you like it! It looks like my link doesn't open it for editing like I had hoped. I can invite you as an editor if you want?"
                            }
                        ]
                    }
                ]
            }
        ],
        "thread_ts": "1605151696.109300",
        "parent_user_id": "UQ553K7DY"
    }
]