[
    {
        "client_msg_id": "fc6b16f0-cc21-4aa4-a271-2e1fa04456fe",
        "type": "message",
        "text": "yes, 8:30 am IST works for me!",
        "user": "U01FV5E1TPY",
        "ts": "1606982403.177700",
        "team": "TKFJE6LDR",
        "user_team": "TKFJE6LDR",
        "source_team": "TKFJE6LDR",
        "user_profile": {
            "avatar_hash": "6cbb97b9d79e",
            "image_72": "https:\/\/avatars.slack-edge.com\/2020-12-02\/1569758418576_6cbb97b9d79eb3d177a1_72.jpg",
            "first_name": "",
            "real_name": "Mohana Das",
            "display_name": "Mohana Das",
            "team": "TKFJE6LDR",
            "name": "dasmohana91985",
            "is_restricted": false,
            "is_ultra_restricted": false
        },
        "blocks": [
            {
                "type": "rich_text",
                "block_id": "v3N=b",
                "elements": [
                    {
                        "type": "rich_text_section",
                        "elements": [
                            {
                                "type": "text",
                                "text": "yes, 8:30 am IST works for me!"
                            }
                        ]
                    }
                ]
            }
        ],
        "thread_ts": "1606980649.176000",
        "parent_user_id": "UKTGLQNGG"
    },
    {
        "client_msg_id": "adff0779-3bda-45af-8936-359cfcda4672",
        "type": "message",
        "text": "Works fine for me <@UKTGLQNGG>! See you all at Table 9 tomorrow.",
        "user": "U01FM5N1ZAT",
        "ts": "1606983381.177900",
        "team": "TKFJE6LDR",
        "user_team": "TKFJE6LDR",
        "source_team": "TKFJE6LDR",
        "user_profile": {
            "avatar_hash": "c0a6152c44f1",
            "image_72": "https:\/\/avatars.slack-edge.com\/2020-12-02\/1546139207635_c0a6152c44f19e9b31ae_72.jpg",
            "first_name": "",
            "real_name": "swati thacker",
            "display_name": "swati thacker",
            "team": "TKFJE6LDR",
            "name": "swati.kgp13",
            "is_restricted": false,
            "is_ultra_restricted": false
        },
        "edited": {
            "user": "U01FM5N1ZAT",
            "ts": "1606983400.000000"
        },
        "blocks": [
            {
                "type": "rich_text",
                "block_id": "I6r",
                "elements": [
                    {
                        "type": "rich_text_section",
                        "elements": [
                            {
                                "type": "text",
                                "text": "Works fine for me "
                            },
                            {
                                "type": "user",
                                "user_id": "UKTGLQNGG"
                            },
                            {
                                "type": "text",
                                "text": "! See you all at Table 9 tomorrow."
                            }
                        ]
                    }
                ]
            }
        ],
        "thread_ts": "1606980649.176000",
        "parent_user_id": "UKTGLQNGG"
    },
    {
        "client_msg_id": "949fb77d-9f69-471e-a034-3c49aaeed6f0",
        "type": "message",
        "text": "Hello Cameron, I am in Bangalore, India. I work with Salesforce as a tech writer. I would like to ace Developer Documentation concepts especially API documentation. I am here for some guidance and some knowledge sharing :slightly_smiling_face:",
        "user": "U01GHC71XUZ",
        "ts": "1607040064.182000",
        "team": "TKFJE6LDR",
        "user_team": "TKFJE6LDR",
        "source_team": "TKFJE6LDR",
        "user_profile": {
            "avatar_hash": "5480322c970d",
            "image_72": "https:\/\/avatars.slack-edge.com\/2020-12-03\/1561415134977_5480322c970d7a16c4f8_72.jpg",
            "first_name": "Mridula",
            "real_name": "Mridula Menon",
            "display_name": "Mridula Menon",
            "team": "TKFJE6LDR",
            "name": "mollukutti",
            "is_restricted": false,
            "is_ultra_restricted": false
        },
        "blocks": [
            {
                "type": "rich_text",
                "block_id": "S1\/",
                "elements": [
                    {
                        "type": "rich_text_section",
                        "elements": [
                            {
                                "type": "text",
                                "text": "Hello Cameron, I am in Bangalore, India. I work with Salesforce as a tech writer. I would like to ace Developer Documentation concepts especially API documentation. I am here for some guidance and some knowledge sharing "
                            },
                            {
                                "type": "emoji",
                                "name": "slightly_smiling_face"
                            }
                        ]
                    }
                ]
            }
        ],
        "thread_ts": "1607040064.182000",
        "reply_count": 3,
        "reply_users_count": 3,
        "latest_reply": "1607044564.182800",
        "reply_users": [
            "U012KCMPP0V",
            "UKTGLQNGG",
            "U01GHC71XUZ"
        ],
        "replies": [
            {
                "user": "U012KCMPP0V",
                "ts": "1607040609.182400"
            },
            {
                "user": "UKTGLQNGG",
                "ts": "1607043328.182600"
            },
            {
                "user": "U01GHC71XUZ",
                "ts": "1607044564.182800"
            }
        ],
        "subscribed": false,
        "reactions": [
            {
                "name": "wave",
                "users": [
                    "U012KCMPP0V",
                    "U01GEGKBZB3"
                ],
                "count": 2
            }
        ]
    },
    {
        "client_msg_id": "9644f057-1aee-41c7-8334-133c0e3bfc00",
        "type": "message",
        "text": "Count me in please. This is my first experience at a doc writer centric conference. Its so exciting to meet all of you.",
        "user": "U01GHC71XUZ",
        "ts": "1607040197.182100",
        "team": "TKFJE6LDR",
        "user_team": "TKFJE6LDR",
        "source_team": "TKFJE6LDR",
        "user_profile": {
            "avatar_hash": "5480322c970d",
            "image_72": "https:\/\/avatars.slack-edge.com\/2020-12-03\/1561415134977_5480322c970d7a16c4f8_72.jpg",
            "first_name": "Mridula",
            "real_name": "Mridula Menon",
            "display_name": "Mridula Menon",
            "team": "TKFJE6LDR",
            "name": "mollukutti",
            "is_restricted": false,
            "is_ultra_restricted": false
        },
        "blocks": [
            {
                "type": "rich_text",
                "block_id": "Pz2de",
                "elements": [
                    {
                        "type": "rich_text_section",
                        "elements": [
                            {
                                "type": "text",
                                "text": "Count me in please. This is my first experience at a doc writer centric conference. Its so exciting to meet all of you."
                            }
                        ]
                    }
                ]
            }
        ],
        "thread_ts": "1606980649.176000",
        "parent_user_id": "UKTGLQNGG"
    },
    {
        "client_msg_id": "e944edc8-d65f-4786-b35c-a1b463a12931",
        "type": "message",
        "text": "Welcome! Cameron can add you to the Australia\/India time zone meeting!",
        "user": "U012KCMPP0V",
        "ts": "1607040609.182400",
        "team": "TKFJE6LDR",
        "user_team": "TKFJE6LDR",
        "source_team": "TKFJE6LDR",
        "user_profile": {
            "avatar_hash": "b26729f0b5f2",
            "image_72": "https:\/\/avatars.slack-edge.com\/2020-04-27\/1089031639347_b26729f0b5f2375494a1_72.png",
            "first_name": "Alyssa",
            "real_name": "Alyssa",
            "display_name": "Alyssa",
            "team": "TKFJE6LDR",
            "name": "alyssa.rock.biz",
            "is_restricted": false,
            "is_ultra_restricted": false
        },
        "blocks": [
            {
                "type": "rich_text",
                "block_id": "cL9",
                "elements": [
                    {
                        "type": "rich_text_section",
                        "elements": [
                            {
                                "type": "text",
                                "text": "Welcome! Cameron can add you to the Australia\/India time zone meeting!"
                            }
                        ]
                    }
                ]
            }
        ],
        "thread_ts": "1607040064.182000",
        "parent_user_id": "U01GHC71XUZ"
    },
    {
        "client_msg_id": "06c33427-26ff-4721-9bc4-21e4d845ba68",
        "type": "message",
        "text": "Hi <@U01GHC71XUZ> Yes welcome. If you direct message me your email address, I'll add you to our weekly meeting. I assume you are at the WTD conference too? If so, I'll be at Table 9, at 2pm AEDT, That should be 8:30am in India. I'll be asking:\n1. What do you know? \n2. What are you working on?\n3. What are you interested in helping with?\nI can share who else is working on stuff, where they are up to, where they could do with help.",
        "user": "UKTGLQNGG",
        "ts": "1607043328.182600",
        "team": "TKFJE6LDR",
        "user_team": "TKFJE6LDR",
        "source_team": "TKFJE6LDR",
        "user_profile": {
            "avatar_hash": "d6f4de222bb1",
            "image_72": "https:\/\/avatars.slack-edge.com\/2020-07-20\/1235580478119_d6f4de222bb1ed6b5960_72.jpg",
            "first_name": "Cameron",
            "real_name": "Cameron Shorter",
            "display_name": "cameronshorter",
            "team": "TKFJE6LDR",
            "name": "cameron.shorter",
            "is_restricted": false,
            "is_ultra_restricted": false
        },
        "blocks": [
            {
                "type": "rich_text",
                "block_id": "DUz7U",
                "elements": [
                    {
                        "type": "rich_text_section",
                        "elements": [
                            {
                                "type": "text",
                                "text": "Hi "
                            },
                            {
                                "type": "user",
                                "user_id": "U01GHC71XUZ"
                            },
                            {
                                "type": "text",
                                "text": " Yes welcome. If you direct message me your email address, I'll add you to our weekly meeting. I assume you are at the WTD conference too? If so, I'll be at Table 9, at 2pm AEDT, That should be 8:30am in India. I'll be asking:\n"
                            }
                        ]
                    },
                    {
                        "type": "rich_text_list",
                        "elements": [
                            {
                                "type": "rich_text_section",
                                "elements": [
                                    {
                                        "type": "text",
                                        "text": "What do you know? "
                                    }
                                ]
                            },
                            {
                                "type": "rich_text_section",
                                "elements": [
                                    {
                                        "type": "text",
                                        "text": "What are you working on?"
                                    }
                                ]
                            },
                            {
                                "type": "rich_text_section",
                                "elements": [
                                    {
                                        "type": "text",
                                        "text": "What are you interested in helping with?"
                                    }
                                ]
                            }
                        ],
                        "style": "ordered",
                        "indent": 0
                    },
                    {
                        "type": "rich_text_section",
                        "elements": [
                            {
                                "type": "text",
                                "text": "I can share who else is working on stuff, where they are up to, where they could do with help."
                            }
                        ]
                    }
                ]
            }
        ],
        "thread_ts": "1607040064.182000",
        "parent_user_id": "U01GHC71XUZ"
    },
    {
        "client_msg_id": "f34160ce-9f39-4ab8-b690-c7715320b556",
        "type": "message",
        "text": "Awesome! I will be there'",
        "user": "U01GHC71XUZ",
        "ts": "1607044564.182800",
        "team": "TKFJE6LDR",
        "user_team": "TKFJE6LDR",
        "source_team": "TKFJE6LDR",
        "user_profile": {
            "avatar_hash": "5480322c970d",
            "image_72": "https:\/\/avatars.slack-edge.com\/2020-12-03\/1561415134977_5480322c970d7a16c4f8_72.jpg",
            "first_name": "Mridula",
            "real_name": "Mridula Menon",
            "display_name": "Mridula Menon",
            "team": "TKFJE6LDR",
            "name": "mollukutti",
            "is_restricted": false,
            "is_ultra_restricted": false
        },
        "blocks": [
            {
                "type": "rich_text",
                "block_id": "=uTKm",
                "elements": [
                    {
                        "type": "rich_text_section",
                        "elements": [
                            {
                                "type": "text",
                                "text": "Awesome! I will be there'"
                            }
                        ]
                    }
                ]
            }
        ],
        "thread_ts": "1607040064.182000",
        "parent_user_id": "U01GHC71XUZ"
    }
]