[
    {
        "client_msg_id": "e0fc30f9-894d-40be-8bfd-7b2135bc756a",
        "type": "message",
        "text": "If we _really_ want the scroll back, we could switch to Discord :man-shrugging:",
        "user": "U011GCVJFQF",
        "ts": "1607337277.231200",
        "team": "TKFJE6LDR",
        "user_team": "TKFJE6LDR",
        "source_team": "TKFJE6LDR",
        "user_profile": {
            "avatar_hash": "5859193991fb",
            "image_72": "https:\/\/avatars.slack-edge.com\/2020-04-16\/1066602100115_5859193991fb4bbebcdf_72.png",
            "first_name": "",
            "real_name": "Daniel Beck",
            "display_name": "Daniel Beck",
            "team": "TKFJE6LDR",
            "name": "daniel",
            "is_restricted": false,
            "is_ultra_restricted": false
        },
        "blocks": [
            {
                "type": "rich_text",
                "block_id": "rP1",
                "elements": [
                    {
                        "type": "rich_text_section",
                        "elements": [
                            {
                                "type": "text",
                                "text": "If we "
                            },
                            {
                                "type": "text",
                                "text": "really",
                                "style": {
                                    "italic": true
                                }
                            },
                            {
                                "type": "text",
                                "text": " want the scroll back, we could switch to Discord "
                            },
                            {
                                "type": "emoji",
                                "name": "man-shrugging"
                            }
                        ]
                    }
                ]
            }
        ],
        "thread_ts": "1607214169.191000",
        "parent_user_id": "UKVC4NB71"
    },
    {
        "client_msg_id": "7be1bc4b-fd13-4ce9-be6f-3a7b54c88dca",
        "type": "message",
        "text": "APEC people: - I suggest we postpone tomorrow's APEC meeting timeslot (US timeslot will go ahead as normal). Lana is taking a well deserved holiday as per prior post, Jared has a meeting clash, and I have a family engagement. We will still have our normal glossary meeting on Friday. Reach out to me if you want an invite.",
        "user": "UKTGLQNGG",
        "ts": "1607375701.235000",
        "team": "TKFJE6LDR",
        "user_team": "TKFJE6LDR",
        "source_team": "TKFJE6LDR",
        "user_profile": {
            "avatar_hash": "d6f4de222bb1",
            "image_72": "https:\/\/avatars.slack-edge.com\/2020-07-20\/1235580478119_d6f4de222bb1ed6b5960_72.jpg",
            "first_name": "Cameron",
            "real_name": "Cameron Shorter",
            "display_name": "cameronshorter",
            "team": "TKFJE6LDR",
            "name": "cameron.shorter",
            "is_restricted": false,
            "is_ultra_restricted": false
        },
        "blocks": [
            {
                "type": "rich_text",
                "block_id": "rHpsI",
                "elements": [
                    {
                        "type": "rich_text_section",
                        "elements": [
                            {
                                "type": "text",
                                "text": "APEC people: - I suggest we postpone tomorrow's APEC meeting timeslot (US timeslot will go ahead as normal). Lana is taking a well deserved holiday as per prior post, Jared has a meeting clash, and I have a family engagement. We will still have our normal glossary meeting on Friday. Reach out to me if you want an invite."
                            }
                        ]
                    }
                ]
            }
        ],
        "reactions": [
            {
                "name": "+1",
                "users": [
                    "U0174BRV404"
                ],
                "count": 1
            }
        ]
    }
]