[
    {
        "client_msg_id": "daa68cba-53a3-4e9d-ad53-82f866e26e6b",
        "type": "message",
        "text": "<@U012KCMPP0V> Your diagram is really cool. (I was able to open with <http:\/\/diagrams.net|diagrams.net> which was an option for me from the link - possibly because I used it before).\nI think it quickly explains the maturity of our process, and will help all of us know where we could help best. It will be good for both old hands and people considering joining us.\nI think it could be used really well as a cornerstone for a \"State of the Good Docs\" blog post. We could present it as \"We've gone through the template creation process. It works,  is still very manual, but we know what is needed to smooth the process. Want to help?\"",
        "user": "UKTGLQNGG",
        "ts": "1605257560.116700",
        "team": "TKFJE6LDR",
        "user_team": "TKFJE6LDR",
        "source_team": "TKFJE6LDR",
        "user_profile": {
            "avatar_hash": "d6f4de222bb1",
            "image_72": "https:\/\/avatars.slack-edge.com\/2020-07-20\/1235580478119_d6f4de222bb1ed6b5960_72.jpg",
            "first_name": "Cameron",
            "real_name": "Cameron Shorter",
            "display_name": "cameronshorter",
            "team": "TKFJE6LDR",
            "name": "cameron.shorter",
            "is_restricted": false,
            "is_ultra_restricted": false
        },
        "blocks": [
            {
                "type": "rich_text",
                "block_id": "4E4",
                "elements": [
                    {
                        "type": "rich_text_section",
                        "elements": [
                            {
                                "type": "user",
                                "user_id": "U012KCMPP0V"
                            },
                            {
                                "type": "text",
                                "text": " Your diagram is really cool. (I was able to open with "
                            },
                            {
                                "type": "link",
                                "url": "http:\/\/diagrams.net",
                                "text": "diagrams.net"
                            },
                            {
                                "type": "text",
                                "text": " which was an option for me from the link - possibly because I used it before).\nI think it quickly explains the maturity of our process, and will help all of us know where we could help best. It will be good for both old hands and people considering joining us.\nI think it could be used really well as a cornerstone for a \"State of the Good Docs\" blog post. We could present it as \"We've gone through the template creation process. It works,  is still very manual, but we know what is needed to smooth the process. Want to help?\""
                            }
                        ]
                    }
                ]
            }
        ]
    },
    {
        "client_msg_id": "a2d52ccf-68ba-4ebd-8830-27cf26cd8b08",
        "type": "message",
        "text": "i don't have anything to add, really, i'm just super glad someone has done this :relaxed:",
        "user": "UQ553K7DY",
        "ts": "1605315418.116900",
        "team": "TKFJE6LDR",
        "user_team": "TKFJE6LDR",
        "source_team": "TKFJE6LDR",
        "user_profile": {
            "avatar_hash": "e0f8604c1079",
            "image_72": "https:\/\/avatars.slack-edge.com\/2020-10-26\/1445509834998_e0f8604c1079f923f3e9_72.png",
            "first_name": "Loquacity",
            "real_name": "Loquacity",
            "display_name": "Loquacity",
            "team": "TKFJE6LDR",
            "name": "slack1",
            "is_restricted": false,
            "is_ultra_restricted": false
        },
        "blocks": [
            {
                "type": "rich_text",
                "block_id": "z=j",
                "elements": [
                    {
                        "type": "rich_text_section",
                        "elements": [
                            {
                                "type": "text",
                                "text": "i don't have anything to add, really, i'm just super glad someone has done this "
                            },
                            {
                                "type": "emoji",
                                "name": "relaxed"
                            }
                        ]
                    }
                ]
            }
        ],
        "thread_ts": "1605151696.109300",
        "parent_user_id": "UQ553K7DY"
    }
]