[
    {
        "client_msg_id": "e72ee32a-5fef-4e1e-8a45-691e374f11f0",
        "type": "message",
        "text": "Hey team, I am sorry, I am out for some work. And hopefully, would not be able to make it within half an hour. :disappointed: Will update the meeting notes.",
        "user": "U0170HMB87K",
        "ts": "1606295431.133200",
        "team": "TKFJE6LDR",
        "user_team": "TKFJE6LDR",
        "source_team": "TKFJE6LDR",
        "user_profile": {
            "avatar_hash": "f39553b0636b",
            "image_72": "https:\/\/avatars.slack-edge.com\/2020-07-22\/1249269540710_f39553b0636b29704992_72.jpg",
            "first_name": "",
            "real_name": "Ankita",
            "display_name": "Ankita",
            "team": "TKFJE6LDR",
            "name": "ankitatripathi.2312",
            "is_restricted": false,
            "is_ultra_restricted": false
        },
        "blocks": [
            {
                "type": "rich_text",
                "block_id": "FgKK=",
                "elements": [
                    {
                        "type": "rich_text_section",
                        "elements": [
                            {
                                "type": "text",
                                "text": "Hey team, I am sorry, I am out for some work. And hopefully, would not be able to make it within half an hour. "
                            },
                            {
                                "type": "emoji",
                                "name": "disappointed"
                            },
                            {
                                "type": "text",
                                "text": " Will update the meeting notes."
                            }
                        ]
                    }
                ]
            }
        ],
        "reactions": [
            {
                "name": "+1",
                "users": [
                    "UKTGLQNGG",
                    "UQ553K7DY"
                ],
                "count": 2
            }
        ]
    },
    {
        "client_msg_id": "0796cab5-005b-4437-9d7a-49dbe369ad20",
        "type": "message",
        "text": "<@U0170HMB87K> I've just merged the link to your article from our <https:\/\/thegooddocsproject.dev\/press.html|press> page. Thanks <@U0174BRV404> for noticing that it wasn't live. For future reference, this is something that both of you are empowered to do, if you are confident that you don't need a second reviewer (which should have been the case for this simple update)",
        "user": "UKTGLQNGG",
        "ts": "1606299649.136000",
        "team": "TKFJE6LDR",
        "user_team": "TKFJE6LDR",
        "source_team": "TKFJE6LDR",
        "user_profile": {
            "avatar_hash": "d6f4de222bb1",
            "image_72": "https:\/\/avatars.slack-edge.com\/2020-07-20\/1235580478119_d6f4de222bb1ed6b5960_72.jpg",
            "first_name": "Cameron",
            "real_name": "Cameron Shorter",
            "display_name": "cameronshorter",
            "team": "TKFJE6LDR",
            "name": "cameron.shorter",
            "is_restricted": false,
            "is_ultra_restricted": false
        },
        "attachments": [
            {
                "service_name": "The Good Docs Project",
                "title": "Press",
                "title_link": "https:\/\/thegooddocsproject.dev\/press.html",
                "text": "Templates to make good docs.",
                "fallback": "The Good Docs Project: Press",
                "from_url": "https:\/\/thegooddocsproject.dev\/press.html",
                "id": 1,
                "original_url": "https:\/\/thegooddocsproject.dev\/press.html"
            }
        ],
        "blocks": [
            {
                "type": "rich_text",
                "block_id": "NmUZK",
                "elements": [
                    {
                        "type": "rich_text_section",
                        "elements": [
                            {
                                "type": "user",
                                "user_id": "U0170HMB87K"
                            },
                            {
                                "type": "text",
                                "text": " I've just merged the link to your article from our "
                            },
                            {
                                "type": "link",
                                "url": "https:\/\/thegooddocsproject.dev\/press.html",
                                "text": "press"
                            },
                            {
                                "type": "text",
                                "text": " page. Thanks "
                            },
                            {
                                "type": "user",
                                "user_id": "U0174BRV404"
                            },
                            {
                                "type": "text",
                                "text": " for noticing that it wasn't live. For future reference, this is something that both of you are empowered to do, if you are confident that you don't need a second reviewer (which should have been the case for this simple update)"
                            }
                        ]
                    }
                ]
            }
        ],
        "reactions": [
            {
                "name": "+1",
                "users": [
                    "U0174BRV404",
                    "U0170HMB87K",
                    "U012Y26QWNA"
                ],
                "count": 3
            }
        ]
    },
    {
        "client_msg_id": "952be628-62f8-4ae0-8af0-79f18f82ae82",
        "type": "message",
        "text": "And I just published my article at:",
        "user": "U0174BRV404",
        "ts": "1606304771.136700",
        "team": "TKFJE6LDR",
        "user_team": "TKFJE6LDR",
        "source_team": "TKFJE6LDR",
        "user_profile": {
            "avatar_hash": "g573d72c0bca",
            "image_72": "https:\/\/secure.gravatar.com\/avatar\/573d72c0bca8a54e4b8d8ef24ddf8f10.jpg?s=72&d=https%3A%2F%2Fa.slack-edge.com%2Fdf10d%2Fimg%2Favatars%2Fava_0022-72.png",
            "first_name": "",
            "real_name": "Viraji Ogodapola",
            "display_name": "Viraji Ogodapola",
            "team": "TKFJE6LDR",
            "name": "viraji",
            "is_restricted": false,
            "is_ultra_restricted": false
        },
        "blocks": [
            {
                "type": "rich_text",
                "block_id": "H\/PC",
                "elements": [
                    {
                        "type": "rich_text_section",
                        "elements": [
                            {
                                "type": "text",
                                "text": "And I just published my article at:"
                            }
                        ]
                    }
                ]
            }
        ]
    },
    {
        "client_msg_id": "2da48d20-3efe-484c-9361-87b9261cbffb",
        "type": "message",
        "text": "<https:\/\/viraji.medium.com\/good-docs-anyone-6a795a0751f4>",
        "user": "U0174BRV404",
        "ts": "1606304784.136900",
        "team": "TKFJE6LDR",
        "user_team": "TKFJE6LDR",
        "source_team": "TKFJE6LDR",
        "user_profile": {
            "avatar_hash": "g573d72c0bca",
            "image_72": "https:\/\/secure.gravatar.com\/avatar\/573d72c0bca8a54e4b8d8ef24ddf8f10.jpg?s=72&d=https%3A%2F%2Fa.slack-edge.com%2Fdf10d%2Fimg%2Favatars%2Fava_0022-72.png",
            "first_name": "",
            "real_name": "Viraji Ogodapola",
            "display_name": "Viraji Ogodapola",
            "team": "TKFJE6LDR",
            "name": "viraji",
            "is_restricted": false,
            "is_ultra_restricted": false
        },
        "attachments": [
            {
                "service_name": "Medium",
                "title": "Good Docs, Anyone?",
                "title_link": "https:\/\/viraji.medium.com\/good-docs-anyone-6a795a0751f4",
                "text": "Here’s where to find them!",
                "fallback": "Medium: Good Docs, Anyone?",
                "image_url": "https:\/\/miro.medium.com\/max\/1200\/1*Q9S6XpLIWX6RjXfTOrt3mg.jpeg",
                "fields": [
                    {
                        "title": "Reading time",
                        "value": "5 min read",
                        "short": true
                    }
                ],
                "ts": 1606304130,
                "from_url": "https:\/\/viraji.medium.com\/good-docs-anyone-6a795a0751f4",
                "image_width": 374,
                "image_height": 250,
                "image_bytes": 310969,
                "service_icon": "https:\/\/miro.medium.com\/fit\/c\/152\/152\/1*sHhtYhaCe2Uc3IU0IgKwIQ.png",
                "id": 1,
                "original_url": "https:\/\/viraji.medium.com\/good-docs-anyone-6a795a0751f4"
            }
        ],
        "blocks": [
            {
                "type": "rich_text",
                "block_id": "xFprF",
                "elements": [
                    {
                        "type": "rich_text_section",
                        "elements": [
                            {
                                "type": "link",
                                "url": "https:\/\/viraji.medium.com\/good-docs-anyone-6a795a0751f4"
                            }
                        ]
                    }
                ]
            }
        ],
        "reactions": [
            {
                "name": "sparkling_heart",
                "users": [
                    "UQ553K7DY"
                ],
                "count": 1
            },
            {
                "name": "star",
                "users": [
                    "U012Y26QWNA"
                ],
                "count": 1
            }
        ]
    },
    {
        "client_msg_id": "6b495a4e-fbe7-438c-b541-aeaaafe536a1",
        "type": "message",
        "text": "Thanks everyone for the review, and <@UKVC4NB71> for the extensive line review!",
        "user": "U0174BRV404",
        "ts": "1606304866.137700",
        "team": "TKFJE6LDR",
        "user_team": "TKFJE6LDR",
        "source_team": "TKFJE6LDR",
        "user_profile": {
            "avatar_hash": "g573d72c0bca",
            "image_72": "https:\/\/secure.gravatar.com\/avatar\/573d72c0bca8a54e4b8d8ef24ddf8f10.jpg?s=72&d=https%3A%2F%2Fa.slack-edge.com%2Fdf10d%2Fimg%2Favatars%2Fava_0022-72.png",
            "first_name": "",
            "real_name": "Viraji Ogodapola",
            "display_name": "Viraji Ogodapola",
            "team": "TKFJE6LDR",
            "name": "viraji",
            "is_restricted": false,
            "is_ultra_restricted": false
        },
        "blocks": [
            {
                "type": "rich_text",
                "block_id": "QVNYF",
                "elements": [
                    {
                        "type": "rich_text_section",
                        "elements": [
                            {
                                "type": "text",
                                "text": "Thanks everyone for the review, and "
                            },
                            {
                                "type": "user",
                                "user_id": "UKVC4NB71"
                            },
                            {
                                "type": "text",
                                "text": " for the extensive line review!"
                            }
                        ]
                    }
                ]
            }
        ],
        "thread_ts": "1606304866.137700",
        "reply_count": 4,
        "reply_users_count": 3,
        "latest_reply": "1606352903.138500",
        "reply_users": [
            "UKVC4NB71",
            "UKTGLQNGG",
            "U0174BRV404"
        ],
        "replies": [
            {
                "user": "UKVC4NB71",
                "ts": "1606305304.137800"
            },
            {
                "user": "UKTGLQNGG",
                "ts": "1606329626.138000"
            },
            {
                "user": "UKTGLQNGG",
                "ts": "1606329659.138200"
            },
            {
                "user": "U0174BRV404",
                "ts": "1606352903.138500"
            }
        ],
        "subscribed": false
    },
    {
        "client_msg_id": "7a7f8c25-3b94-494a-a29b-92362c0d0237",
        "type": "message",
        "text": "Any time. Good documentation is a team effort.",
        "user": "UKVC4NB71",
        "ts": "1606305304.137800",
        "team": "TKFJE6LDR",
        "user_team": "TKFJE6LDR",
        "source_team": "TKFJE6LDR",
        "user_profile": {
            "avatar_hash": "c7d9788d4436",
            "image_72": "https:\/\/avatars.slack-edge.com\/2019-10-30\/814314609877_c7d9788d4436969613a7_72.jpg",
            "first_name": "Jared",
            "real_name": "Jared Morgan",
            "display_name": "jaredmorgs",
            "team": "TKFJE6LDR",
            "name": "jaredleonmorgan",
            "is_restricted": false,
            "is_ultra_restricted": false
        },
        "blocks": [
            {
                "type": "rich_text",
                "block_id": "EOUE",
                "elements": [
                    {
                        "type": "rich_text_section",
                        "elements": [
                            {
                                "type": "text",
                                "text": "Any time. Good documentation is a team effort."
                            }
                        ]
                    }
                ]
            }
        ],
        "thread_ts": "1606304866.137700",
        "parent_user_id": "U0174BRV404"
    },
    {
        "client_msg_id": "2cdcf8bd-ffd2-4341-8365-1bfde10378c8",
        "type": "message",
        "text": "<@U0174BRV404> I've created a pull request to link to your article from the press page.",
        "user": "UKTGLQNGG",
        "ts": "1606329626.138000",
        "team": "TKFJE6LDR",
        "user_team": "TKFJE6LDR",
        "source_team": "TKFJE6LDR",
        "user_profile": {
            "avatar_hash": "d6f4de222bb1",
            "image_72": "https:\/\/avatars.slack-edge.com\/2020-07-20\/1235580478119_d6f4de222bb1ed6b5960_72.jpg",
            "first_name": "Cameron",
            "real_name": "Cameron Shorter",
            "display_name": "cameronshorter",
            "team": "TKFJE6LDR",
            "name": "cameron.shorter",
            "is_restricted": false,
            "is_ultra_restricted": false
        },
        "blocks": [
            {
                "type": "rich_text",
                "block_id": "D=Xgp",
                "elements": [
                    {
                        "type": "rich_text_section",
                        "elements": [
                            {
                                "type": "user",
                                "user_id": "U0174BRV404"
                            },
                            {
                                "type": "text",
                                "text": " I've created a pull request to link to your article from the press page."
                            }
                        ]
                    }
                ]
            }
        ],
        "thread_ts": "1606304866.137700",
        "parent_user_id": "U0174BRV404"
    },
    {
        "client_msg_id": "256d2cab-371a-41fc-b635-34199922ecf9",
        "type": "message",
        "text": "Could you please both review and merge this in. (Should be good git practice)",
        "user": "UKTGLQNGG",
        "ts": "1606329659.138200",
        "team": "TKFJE6LDR",
        "user_team": "TKFJE6LDR",
        "source_team": "TKFJE6LDR",
        "user_profile": {
            "avatar_hash": "d6f4de222bb1",
            "image_72": "https:\/\/avatars.slack-edge.com\/2020-07-20\/1235580478119_d6f4de222bb1ed6b5960_72.jpg",
            "first_name": "Cameron",
            "real_name": "Cameron Shorter",
            "display_name": "cameronshorter",
            "team": "TKFJE6LDR",
            "name": "cameron.shorter",
            "is_restricted": false,
            "is_ultra_restricted": false
        },
        "blocks": [
            {
                "type": "rich_text",
                "block_id": "XVDOj",
                "elements": [
                    {
                        "type": "rich_text_section",
                        "elements": [
                            {
                                "type": "text",
                                "text": "Could you please both review and merge this in. (Should be good git practice)"
                            }
                        ]
                    }
                ]
            }
        ],
        "thread_ts": "1606304866.137700",
        "parent_user_id": "U0174BRV404"
    },
    {
        "type": "message",
        "subtype": "thread_broadcast",
        "text": "Sure will do, Cameron.. thanks.",
        "user": "U0174BRV404",
        "ts": "1606352903.138500",
        "thread_ts": "1606304866.137700",
        "root": {
            "client_msg_id": "6b495a4e-fbe7-438c-b541-aeaaafe536a1",
            "type": "message",
            "text": "Thanks everyone for the review, and <@UKVC4NB71> for the extensive line review!",
            "user": "U0174BRV404",
            "ts": "1606304866.137700",
            "team": "TKFJE6LDR",
            "blocks": [
                {
                    "type": "rich_text",
                    "block_id": "QVNYF",
                    "elements": [
                        {
                            "type": "rich_text_section",
                            "elements": [
                                {
                                    "type": "text",
                                    "text": "Thanks everyone for the review, and "
                                },
                                {
                                    "type": "user",
                                    "user_id": "UKVC4NB71"
                                },
                                {
                                    "type": "text",
                                    "text": " for the extensive line review!"
                                }
                            ]
                        }
                    ]
                }
            ],
            "thread_ts": "1606304866.137700",
            "reply_count": 4,
            "reply_users_count": 3,
            "latest_reply": "1606352903.138500",
            "reply_users": [
                "UKVC4NB71",
                "UKTGLQNGG",
                "U0174BRV404"
            ],
            "subscribed": false
        },
        "blocks": [
            {
                "type": "rich_text",
                "block_id": "Bzw",
                "elements": [
                    {
                        "type": "rich_text_section",
                        "elements": [
                            {
                                "type": "text",
                                "text": "Sure will do, Cameron.. thanks."
                            }
                        ]
                    }
                ]
            }
        ],
        "client_msg_id": "ab244a99-4f54-4c0b-bfed-75ca25b60f1f"
    }
]