[
    {
        "bot_id": "B01",
        "type": "message",
        "text": "Reminder: remember to add items to the Weekly Meeting agenda before our meeting <https:\/\/github.com\/thegooddocsproject\/governance\/wiki\/Weekly-Meetings>",
        "user": "USLACKBOT",
        "ts": "1606237254.127100",
        "team": "TKFJE6LDR"
    },
    {
        "client_msg_id": "9ad431af-872f-4c98-8b59-a7c65c06bddc",
        "type": "message",
        "text": "Apologies for tonight's meeting. I need to complete the speaker intros for WTD AU conf tonight so I can do some test recordings tomorrow. I have day two to complete.",
        "user": "UKVC4NB71",
        "ts": "1606253341.128700",
        "team": "TKFJE6LDR",
        "user_team": "TKFJE6LDR",
        "source_team": "TKFJE6LDR",
        "user_profile": {
            "avatar_hash": "c7d9788d4436",
            "image_72": "https:\/\/avatars.slack-edge.com\/2019-10-30\/814314609877_c7d9788d4436969613a7_72.jpg",
            "first_name": "Jared",
            "real_name": "Jared Morgan",
            "display_name": "jaredmorgs",
            "team": "TKFJE6LDR",
            "name": "jaredleonmorgan",
            "is_restricted": false,
            "is_ultra_restricted": false
        },
        "blocks": [
            {
                "type": "rich_text",
                "block_id": "=bgcF",
                "elements": [
                    {
                        "type": "rich_text_section",
                        "elements": [
                            {
                                "type": "text",
                                "text": "Apologies for tonight's meeting. I need to complete the speaker intros for WTD AU conf tonight so I can do some test recordings tomorrow. I have day two to complete."
                            }
                        ]
                    }
                ]
            }
        ]
    },
    {
        "client_msg_id": "6f6b2c51-fdc2-4cc2-8bfe-f95a1c465720",
        "type": "message",
        "text": "Hey team, since the US meeting is canceled for tomorrow, if the AU meeting requires any oldest issues, the prior meeting notes contain details\/links to the \"oldest, oldest issues.\"  :rolling_on_the_floor_laughing:",
        "user": "U013XPC8Q9Z",
        "ts": "1606277756.131500",
        "team": "TKFJE6LDR",
        "user_team": "TKFJE6LDR",
        "source_team": "TKFJE6LDR",
        "user_profile": {
            "avatar_hash": "g014a14c2e81",
            "image_72": "https:\/\/secure.gravatar.com\/avatar\/014a14c2e812ad8e54d4dfc6615761ec.jpg?s=72&d=https%3A%2F%2Fa.slack-edge.com%2Fdf10d%2Fimg%2Favatars%2Fava_0014-72.png",
            "first_name": "",
            "real_name": "Aaron Peters",
            "display_name": "Aaron Peters",
            "team": "TKFJE6LDR",
            "name": "acpkendo",
            "is_restricted": false,
            "is_ultra_restricted": false
        },
        "blocks": [
            {
                "type": "rich_text",
                "block_id": "mR2yV",
                "elements": [
                    {
                        "type": "rich_text_section",
                        "elements": [
                            {
                                "type": "text",
                                "text": "Hey team, since the US meeting is canceled for tomorrow, if the AU meeting requires any oldest issues, the prior meeting notes contain details\/links to the \"oldest, oldest issues.\"  "
                            },
                            {
                                "type": "emoji",
                                "name": "rolling_on_the_floor_laughing"
                            }
                        ]
                    }
                ]
            }
        ],
        "reactions": [
            {
                "name": "joy",
                "users": [
                    "UQ553K7DY",
                    "U0170HMB87K"
                ],
                "count": 2
            },
            {
                "name": "+1",
                "users": [
                    "UKTGLQNGG"
                ],
                "count": 1
            }
        ]
    }
]