[
    {
        "bot_id": "B01",
        "type": "message",
        "text": "Reminder: remember to add items to the Weekly Meeting agenda before our meeting <https:\/\/github.com\/thegooddocsproject\/governance\/wiki\/Weekly-Meetings>",
        "user": "USLACKBOT",
        "ts": "1605633570.117100",
        "team": "TKFJE6LDR"
    },
    {
        "client_msg_id": "fcab902a-b38f-4181-ba57-4330046b4e3f",
        "type": "message",
        "text": "Great news guys!! Our article for Good Docs Project got published on <https:\/\/idratherbewriting.com\/blog\/documentation-templates-good-docs-project\/|I’d Rather Be Writing>. :star-struck::star-struck:",
        "user": "U0170HMB87K",
        "ts": "1605674825.118100",
        "team": "TKFJE6LDR",
        "user_team": "TKFJE6LDR",
        "source_team": "TKFJE6LDR",
        "user_profile": {
            "avatar_hash": "f39553b0636b",
            "image_72": "https:\/\/avatars.slack-edge.com\/2020-07-22\/1249269540710_f39553b0636b29704992_72.jpg",
            "first_name": "",
            "real_name": "Ankita",
            "display_name": "Ankita",
            "team": "TKFJE6LDR",
            "name": "ankitatripathi.2312",
            "is_restricted": false,
            "is_ultra_restricted": false
        },
        "edited": {
            "user": "U0170HMB87K",
            "ts": "1605676364.000000"
        },
        "attachments": [
            {
                "service_name": "I’d Rather Be Writing",
                "title": "Documentation templates and The Good Docs Project",
                "title_link": "https:\/\/idratherbewriting.com\/blog\/documentation-templates-good-docs-project\/",
                "text": "Documentation templates not only help teams align with consistent approaches in docs, templates help guide engineers, non-writers, or other roles in creating content, removing the intimidation of a blank page. A group of writers passionate about templates have been working together to create templates for a variety of documentation scenarios. This group’s project is called The Good Docs Project. The project makes available templates for API overviews, quickstart, reference, how-to topics, discussions, tutorials, and more. The following is a guest post by Ankita Tripathi, a member of The Good Docs project, discussing the project and her motivations for getting involved.",
                "fallback": "I’d Rather Be Writing: Documentation templates and The Good Docs Project",
                "ts": 1605600000,
                "from_url": "https:\/\/idratherbewriting.com\/blog\/documentation-templates-good-docs-project\/",
                "service_icon": "http:\/\/idratherbewriting.com\/favicon.ico",
                "id": 1,
                "original_url": "https:\/\/idratherbewriting.com\/blog\/documentation-templates-good-docs-project\/"
            }
        ],
        "blocks": [
            {
                "type": "rich_text",
                "block_id": "PX\/=",
                "elements": [
                    {
                        "type": "rich_text_section",
                        "elements": [
                            {
                                "type": "text",
                                "text": "Great news guys!! Our article for Good Docs Project got published on "
                            },
                            {
                                "type": "link",
                                "url": "https:\/\/idratherbewriting.com\/blog\/documentation-templates-good-docs-project\/",
                                "text": "I’d Rather Be Writing"
                            },
                            {
                                "type": "text",
                                "text": ". "
                            },
                            {
                                "type": "emoji",
                                "name": "star-struck"
                            },
                            {
                                "type": "emoji",
                                "name": "star-struck"
                            }
                        ]
                    }
                ]
            }
        ],
        "reactions": [
            {
                "name": "champagne",
                "users": [
                    "UQ553K7DY",
                    "U012Y26QWNA",
                    "U012KCMPP0V"
                ],
                "count": 3
            },
            {
                "name": "trophy",
                "users": [
                    "UKV4ZPEFQ",
                    "U012Y26QWNA",
                    "U012KCMPP0V"
                ],
                "count": 3
            },
            {
                "name": "star-struck",
                "users": [
                    "U0174BRV404",
                    "U012Y26QWNA",
                    "U012KCMPP0V"
                ],
                "count": 3
            }
        ]
    },
    {
        "client_msg_id": "5201b136-f1c1-46e5-a055-5e98a3abf99a",
        "type": "message",
        "text": "Nice one <@U0170HMB87K>, I've created a pull request to add a link to your article from our press page: <https:\/\/github.com\/thegooddocsproject\/thegooddocsproject.github.io\/pull\/60> Could you please review and accept.",
        "user": "UKTGLQNGG",
        "ts": "1605677249.119800",
        "team": "TKFJE6LDR",
        "user_team": "TKFJE6LDR",
        "source_team": "TKFJE6LDR",
        "user_profile": {
            "avatar_hash": "d6f4de222bb1",
            "image_72": "https:\/\/avatars.slack-edge.com\/2020-07-20\/1235580478119_d6f4de222bb1ed6b5960_72.jpg",
            "first_name": "Cameron",
            "real_name": "Cameron Shorter",
            "display_name": "cameronshorter",
            "team": "TKFJE6LDR",
            "name": "cameron.shorter",
            "is_restricted": false,
            "is_ultra_restricted": false
        },
        "attachments": [
            {
                "author_name": "camerons",
                "fallback": "[thegooddocsproject\/thegooddocsproject.github.io] #60 Link to Ankita story about joining The Good Docs",
                "text": "&gt; *ALL Pull-Requests require an associated <https:\/\/github.com\/thegooddocsproject\/templates\/issues?q=is%3Aissue+is%3Aopen+sort%3Aupdated-desc|Issue> as documented in <https:\/\/github.com\/thegooddocsproject\/templates\/blob\/master\/CONTRIBUTING.md#contributing|How to contribute>.*\n\n*Purpose \/ why*\n\n&gt; Link to Ankita story about joining The Good Docs from our press page: <https:\/\/github.com\/thegooddocsproject\/thegooddocsproject.github.io\/issues\/59|#59>\n\n*What changes were made?*\n\n&gt; Linked to Ankita's article.\n\n*Verification*\n\n&gt; Verify text is okay, and link works.\n\n* * *\n\n*Checklist*\n\n&gt; *Pull-request reviewer* should ensure the following\n\n☐ Are issues linked correctly?\n☐ Is this PR labeled correctly?\n☐ If template updates: do they align with <https:\/\/developers.google.com\/style\/|developers.google.com\/style\/>?\n☐ Did the PR receive at least one :+1: and no :-1: from core-maintainers?\n☐ On merging, did you complete the merge using <https:\/\/help.github.com\/en\/github\/managing-your-work-on-github\/linking-a-pull-request-to-an-issue#manually-linking-a-pull-request-to-an-issue|keywords>?\n☐ On merging, did you add any applicable notes to a <https:\/\/github.com\/thegooddocsproject\/templates\/releases|draft release> and link to this PR?",
                "title": "#60 Link to Ankita story about joining The Good Docs",
                "footer": "<https:\/\/github.com\/thegooddocsproject\/thegooddocsproject.github.io|thegooddocsproject\/thegooddocsproject.github.io>",
                "id": 1,
                "title_link": "https:\/\/github.com\/thegooddocsproject\/thegooddocsproject.github.io\/pull\/60",
                "author_link": "https:\/\/github.com\/camerons",
                "author_icon": "https:\/\/avatars0.githubusercontent.com\/u\/1243535?v=4",
                "footer_icon": "https:\/\/github.githubassets.com\/favicon.ico",
                "ts": 1605677160,
                "color": "36a64f",
                "fields": [
                    {
                        "title": "Reviewers",
                        "value": "@techtrailhead",
                        "short": true
                    }
                ],
                "mrkdwn_in": [
                    "text"
                ],
                "bot_id": "BU8U6P6AH",
                "app_unfurl_url": "https:\/\/github.com\/thegooddocsproject\/thegooddocsproject.github.io\/pull\/60",
                "is_app_unfurl": true
            }
        ],
        "blocks": [
            {
                "type": "rich_text",
                "block_id": "sxr+R",
                "elements": [
                    {
                        "type": "rich_text_section",
                        "elements": [
                            {
                                "type": "text",
                                "text": "Nice one "
                            },
                            {
                                "type": "user",
                                "user_id": "U0170HMB87K"
                            },
                            {
                                "type": "text",
                                "text": ", I've created a pull request to add a link to your article from our press page: "
                            },
                            {
                                "type": "link",
                                "url": "https:\/\/github.com\/thegooddocsproject\/thegooddocsproject.github.io\/pull\/60"
                            },
                            {
                                "type": "text",
                                "text": " Could you please review and accept."
                            }
                        ]
                    }
                ]
            }
        ],
        "reactions": [
            {
                "name": "star-struck",
                "users": [
                    "U0170HMB87K"
                ],
                "count": 1
            }
        ]
    }
]