[
    {
        "client_msg_id": "898f5f78-ddc1-4a25-ac9f-f330f83e1bad",
        "type": "message",
        "text": "issue templates 50",
        "user": "U019868JEQ0",
        "ts": "1603767854.000200",
        "team": "TKFJE6LDR",
        "user_team": "TKFJE6LDR",
        "source_team": "TKFJE6LDR",
        "user_profile": {
            "avatar_hash": "966d941975ff",
            "image_72": "https:\/\/avatars.slack-edge.com\/2020-08-09\/1275632926935_966d941975ff884d0fa4_72.jpg",
            "first_name": "",
            "real_name": "Aidan Doherty",
            "display_name": "Aidan Doherty",
            "team": "TKFJE6LDR",
            "name": "contact",
            "is_restricted": false,
            "is_ultra_restricted": false
        },
        "blocks": [
            {
                "type": "rich_text",
                "block_id": "OPeP",
                "elements": [
                    {
                        "type": "rich_text_section",
                        "elements": [
                            {
                                "type": "text",
                                "text": "issue templates 50"
                            }
                        ]
                    }
                ]
            }
        ]
    },
    {
        "bot_id": "B01CMAXGNUU",
        "type": "message",
        "text": "See GitHub <https:\/\/github.com\/thegooddocsproject\/templates\/issues\/50|issue templates 50> that was just mentioned.\n",
        "user": "U01C8E33D0W",
        "ts": "1603767855.000300",
        "team": "TKFJE6LDR",
        "bot_profile": {
            "id": "B01CMAXGNUU",
            "deleted": false,
            "name": "gdpbot",
            "updated": 1602974955,
            "app_id": "A01C39T14KW",
            "icons": {
                "image_36": "https:\/\/a.slack-edge.com\/80588\/img\/plugins\/app\/bot_36.png",
                "image_48": "https:\/\/a.slack-edge.com\/80588\/img\/plugins\/app\/bot_48.png",
                "image_72": "https:\/\/a.slack-edge.com\/80588\/img\/plugins\/app\/service_72.png"
            },
            "team_id": "TKFJE6LDR"
        },
        "edited": {
            "user": "B01CMAXGNUU",
            "ts": "1603767855.000000"
        },
        "attachments": [
            {
                "author_name": "camerons",
                "fallback": "[thegooddocsproject\/templates] #50 Reword: If you have the concept ...",
                "text": "Louise Brooks  \n14:12 14 Nov  \nTemplate: about-logging\n\nRe: If you have the concept of mandatory and app-specific log properties,  \nSuggestion: not sure it makes sense to have this part of the sentence, I would delete it.",
                "title": "#50 Reword: If you have the concept ...",
                "footer": "<https:\/\/github.com\/thegooddocsproject\/templates|thegooddocsproject\/templates>",
                "id": 1,
                "title_link": "https:\/\/github.com\/thegooddocsproject\/templates\/issues\/50",
                "author_link": "https:\/\/github.com\/camerons",
                "author_icon": "https:\/\/avatars0.githubusercontent.com\/u\/1243535?v=4",
                "footer_icon": "https:\/\/github.githubassets.com\/favicon.ico",
                "ts": 1575143198,
                "color": "cb2431",
                "fields": [
                    {
                        "title": "Labels",
                        "value": "good first issue, improve, template-about-logging",
                        "short": true
                    }
                ],
                "mrkdwn_in": [
                    "text"
                ],
                "bot_id": "BU8U6P6AH",
                "app_unfurl_url": "https:\/\/github.com\/thegooddocsproject\/templates\/issues\/50",
                "is_app_unfurl": true
            }
        ]
    },
    {
        "client_msg_id": "885b0b66-20e5-40d5-8bfa-778b617a045b",
        "type": "message",
        "text": "templates issue 50",
        "user": "U019868JEQ0",
        "ts": "1603767993.000600",
        "team": "TKFJE6LDR",
        "user_team": "TKFJE6LDR",
        "source_team": "TKFJE6LDR",
        "user_profile": {
            "avatar_hash": "966d941975ff",
            "image_72": "https:\/\/avatars.slack-edge.com\/2020-08-09\/1275632926935_966d941975ff884d0fa4_72.jpg",
            "first_name": "",
            "real_name": "Aidan Doherty",
            "display_name": "Aidan Doherty",
            "team": "TKFJE6LDR",
            "name": "contact",
            "is_restricted": false,
            "is_ultra_restricted": false
        },
        "blocks": [
            {
                "type": "rich_text",
                "block_id": "YxoQ\/",
                "elements": [
                    {
                        "type": "rich_text_section",
                        "elements": [
                            {
                                "type": "text",
                                "text": "templates issue 50"
                            }
                        ]
                    }
                ]
            }
        ]
    },
    {
        "bot_id": "B01CMAXGNUU",
        "type": "message",
        "text": "See GitHub <https:\/\/github.com\/thegooddocsproject\/templates\/issues\/50|templates issue 50> that was just mentioned.\n",
        "user": "U01C8E33D0W",
        "ts": "1603767994.000700",
        "team": "TKFJE6LDR",
        "bot_profile": {
            "id": "B01CMAXGNUU",
            "deleted": false,
            "name": "gdpbot",
            "updated": 1602974955,
            "app_id": "A01C39T14KW",
            "icons": {
                "image_36": "https:\/\/a.slack-edge.com\/80588\/img\/plugins\/app\/bot_36.png",
                "image_48": "https:\/\/a.slack-edge.com\/80588\/img\/plugins\/app\/bot_48.png",
                "image_72": "https:\/\/a.slack-edge.com\/80588\/img\/plugins\/app\/service_72.png"
            },
            "team_id": "TKFJE6LDR"
        }
    },
    {
        "client_msg_id": "5e834bf3-a87a-417e-9c2d-384a6490f9a4",
        "type": "message",
        "text": "governance issue 11 lorem ipsum",
        "user": "U019868JEQ0",
        "ts": "1603768071.000900",
        "team": "TKFJE6LDR",
        "user_team": "TKFJE6LDR",
        "source_team": "TKFJE6LDR",
        "user_profile": {
            "avatar_hash": "966d941975ff",
            "image_72": "https:\/\/avatars.slack-edge.com\/2020-08-09\/1275632926935_966d941975ff884d0fa4_72.jpg",
            "first_name": "",
            "real_name": "Aidan Doherty",
            "display_name": "Aidan Doherty",
            "team": "TKFJE6LDR",
            "name": "contact",
            "is_restricted": false,
            "is_ultra_restricted": false
        },
        "blocks": [
            {
                "type": "rich_text",
                "block_id": "LTdu",
                "elements": [
                    {
                        "type": "rich_text_section",
                        "elements": [
                            {
                                "type": "text",
                                "text": "governance issue 11 lorem ipsum"
                            }
                        ]
                    }
                ]
            }
        ]
    },
    {
        "bot_id": "B01CMAXGNUU",
        "type": "message",
        "text": "See GitHub <https:\/\/github.com\/thegooddocsproject\/governance\/issues\/11|governance issue 11> that was just mentioned.\n",
        "user": "U01C8E33D0W",
        "ts": "1603768072.001000",
        "team": "TKFJE6LDR",
        "bot_profile": {
            "id": "B01CMAXGNUU",
            "deleted": false,
            "name": "gdpbot",
            "updated": 1602974955,
            "app_id": "A01C39T14KW",
            "icons": {
                "image_36": "https:\/\/a.slack-edge.com\/80588\/img\/plugins\/app\/bot_36.png",
                "image_48": "https:\/\/a.slack-edge.com\/80588\/img\/plugins\/app\/bot_48.png",
                "image_72": "https:\/\/a.slack-edge.com\/80588\/img\/plugins\/app\/service_72.png"
            },
            "team_id": "TKFJE6LDR"
        },
        "edited": {
            "user": "B01CMAXGNUU",
            "ts": "1603768074.000000"
        },
        "attachments": [
            {
                "author_name": "ScriptAutomate",
                "fallback": "[thegooddocsproject\/governance] #11 Consider Creating a .github Repository at TheGoodDocsProject Org Level",
                "text": "It may be a good idea to consider creating a `.github` repository at the org-level for TheGoodDocsProject in order to ensure that default files are populated in repositories that are missing them (such as `CODE_OF_CONDUCT.md`). Since the code of conduct is a community\/org-wide type of file, rather than repository-specific, it makes sense to take advantage of the GitHub feature allowing for a master file to appear in all repositories throughout an org.\n\nResource:\n\n• <https:\/\/docs.github.com\/en\/free-pro-team@latest\/github\/building-a-strong-community\/creating-a-default-community-health-file|https:\/\/docs.github.com\/en\/free-pro-team@latest\/github\/building-a-strong-community\/creating-a-default-community-health-file>\n\nThis is how it works, along with a *bolded* caveat:\n\n&gt; GitHub will use and display default files for any public repository owned by the account that does not have its own file of that type in any of the following places:\n&gt; \n&gt; • the root of the repository\n&gt; • the .github folder\n&gt; • the docs folder\n&gt; \n&gt; For example, anyone who creates an issue or pull request in a public repository that does not have its own CONTRIBUTING file will see a link to the default CONTRIBUTING file. If a repository has any files in its own .github\/ISSUE_TEMPLATE folder, including issue templates or a config.yml file, none of the contents of the default .github\/ISSUE_TEMPLATE folder will be used.\n&gt; \n&gt; *Default files are not included in clones, packages, or downloads of individual repositories because they are stored only in the .github repository.*\n\nIf used, we could also make a minor note\/link addition to the <https:\/\/github.com\/thegooddocsproject\/templates|templates repo>, as I think others may find this useful since it can be done both at an org level or user level on GitHub. For example, if we provide basic *bug*, *feature*, etc. issue templates, making use of the `.github` repository would be an excellent way to make those issue templates easily available across all repositories.\n\n_This issue was created as a result of the conversation going on in <https:\/\/github.com\/thegooddocsproject\/templates\/issues\/158|thegooddocsproject\/templates#158>_",
                "title": "#11 Consider Creating a .github Repository at TheGoodDocsProject Org Level",
                "footer": "<https:\/\/github.com\/thegooddocsproject\/governance|thegooddocsproject\/governance>",
                "id": 1,
                "title_link": "https:\/\/github.com\/thegooddocsproject\/governance\/issues\/11",
                "author_link": "https:\/\/github.com\/ScriptAutomate",
                "author_icon": "https:\/\/avatars1.githubusercontent.com\/u\/5951023?v=4",
                "footer_icon": "https:\/\/github.githubassets.com\/favicon.ico",
                "ts": 1602517381,
                "color": "36a64f",
                "fields": [
                    {
                        "title": "Assignees",
                        "value": "barbaricyawps",
                        "short": true
                    },
                    {
                        "title": "Comments",
                        "value": "1",
                        "short": true
                    }
                ],
                "mrkdwn_in": [
                    "text"
                ],
                "bot_id": "BU8U6P6AH",
                "app_unfurl_url": "https:\/\/github.com\/thegooddocsproject\/governance\/issues\/11",
                "is_app_unfurl": true
            }
        ]
    },
    {
        "client_msg_id": "1659460b-eef3-4e1c-8ef8-276ba15d3777",
        "type": "message",
        "text": "<http:\/\/thegooddocsproject.github.io|thegooddocsproject.github.io> issue 45",
        "user": "U019868JEQ0",
        "ts": "1603768133.001300",
        "team": "TKFJE6LDR",
        "user_team": "TKFJE6LDR",
        "source_team": "TKFJE6LDR",
        "user_profile": {
            "avatar_hash": "966d941975ff",
            "image_72": "https:\/\/avatars.slack-edge.com\/2020-08-09\/1275632926935_966d941975ff884d0fa4_72.jpg",
            "first_name": "",
            "real_name": "Aidan Doherty",
            "display_name": "Aidan Doherty",
            "team": "TKFJE6LDR",
            "name": "contact",
            "is_restricted": false,
            "is_ultra_restricted": false
        },
        "blocks": [
            {
                "type": "rich_text",
                "block_id": "0fEM=",
                "elements": [
                    {
                        "type": "rich_text_section",
                        "elements": [
                            {
                                "type": "link",
                                "url": "http:\/\/thegooddocsproject.github.io",
                                "text": "thegooddocsproject.github.io"
                            },
                            {
                                "type": "text",
                                "text": " issue 45"
                            }
                        ]
                    }
                ]
            }
        ]
    },
    {
        "client_msg_id": "babaa80f-43f4-444e-91ba-725705812e54",
        "type": "message",
        "text": "<http:\/\/thegooddocsproject.github.io|thegooddocsproject.github.io> issue 40",
        "user": "U019868JEQ0",
        "ts": "1603768448.001700",
        "team": "TKFJE6LDR",
        "user_team": "TKFJE6LDR",
        "source_team": "TKFJE6LDR",
        "user_profile": {
            "avatar_hash": "966d941975ff",
            "image_72": "https:\/\/avatars.slack-edge.com\/2020-08-09\/1275632926935_966d941975ff884d0fa4_72.jpg",
            "first_name": "",
            "real_name": "Aidan Doherty",
            "display_name": "Aidan Doherty",
            "team": "TKFJE6LDR",
            "name": "contact",
            "is_restricted": false,
            "is_ultra_restricted": false
        },
        "blocks": [
            {
                "type": "rich_text",
                "block_id": "yP+1",
                "elements": [
                    {
                        "type": "rich_text_section",
                        "elements": [
                            {
                                "type": "link",
                                "url": "http:\/\/thegooddocsproject.github.io",
                                "text": "thegooddocsproject.github.io"
                            },
                            {
                                "type": "text",
                                "text": " issue 40"
                            }
                        ]
                    }
                ]
            }
        ]
    },
    {
        "client_msg_id": "77ba61b3-eef5-4fc2-91d3-81cc0f427591",
        "type": "message",
        "text": "templates issue 50",
        "user": "U019868JEQ0",
        "ts": "1603768462.002100",
        "team": "TKFJE6LDR",
        "user_team": "TKFJE6LDR",
        "source_team": "TKFJE6LDR",
        "user_profile": {
            "avatar_hash": "966d941975ff",
            "image_72": "https:\/\/avatars.slack-edge.com\/2020-08-09\/1275632926935_966d941975ff884d0fa4_72.jpg",
            "first_name": "",
            "real_name": "Aidan Doherty",
            "display_name": "Aidan Doherty",
            "team": "TKFJE6LDR",
            "name": "contact",
            "is_restricted": false,
            "is_ultra_restricted": false
        },
        "blocks": [
            {
                "type": "rich_text",
                "block_id": "q5c",
                "elements": [
                    {
                        "type": "rich_text_section",
                        "elements": [
                            {
                                "type": "text",
                                "text": "templates issue 50"
                            }
                        ]
                    }
                ]
            }
        ]
    },
    {
        "bot_id": "B01CMAXGNUU",
        "type": "message",
        "text": "See GitHub <https:\/\/github.com\/thegooddocsproject\/templates\/issues\/50|templates issue 50> that was just mentioned.\n",
        "user": "U01C8E33D0W",
        "ts": "1603768463.002200",
        "team": "TKFJE6LDR",
        "bot_profile": {
            "id": "B01CMAXGNUU",
            "deleted": false,
            "name": "gdpbot",
            "updated": 1602974955,
            "app_id": "A01C39T14KW",
            "icons": {
                "image_36": "https:\/\/a.slack-edge.com\/80588\/img\/plugins\/app\/bot_36.png",
                "image_48": "https:\/\/a.slack-edge.com\/80588\/img\/plugins\/app\/bot_48.png",
                "image_72": "https:\/\/a.slack-edge.com\/80588\/img\/plugins\/app\/service_72.png"
            },
            "team_id": "TKFJE6LDR"
        }
    },
    {
        "client_msg_id": "885d2350-6cc3-4b97-9f54-343c73a13d47",
        "type": "message",
        "text": "<http:\/\/thegooddocsproject.github.io|thegooddocsproject.github.io> issue 40",
        "user": "U019868JEQ0",
        "ts": "1603768479.002600",
        "team": "TKFJE6LDR",
        "user_team": "TKFJE6LDR",
        "source_team": "TKFJE6LDR",
        "user_profile": {
            "avatar_hash": "966d941975ff",
            "image_72": "https:\/\/avatars.slack-edge.com\/2020-08-09\/1275632926935_966d941975ff884d0fa4_72.jpg",
            "first_name": "",
            "real_name": "Aidan Doherty",
            "display_name": "Aidan Doherty",
            "team": "TKFJE6LDR",
            "name": "contact",
            "is_restricted": false,
            "is_ultra_restricted": false
        },
        "blocks": [
            {
                "type": "rich_text",
                "block_id": "0B4",
                "elements": [
                    {
                        "type": "rich_text_section",
                        "elements": [
                            {
                                "type": "link",
                                "url": "http:\/\/thegooddocsproject.github.io",
                                "text": "thegooddocsproject.github.io"
                            },
                            {
                                "type": "text",
                                "text": " issue 40"
                            }
                        ]
                    }
                ]
            }
        ]
    },
    {
        "client_msg_id": "eee9cde4-892c-4f68-9ea4-0837ea80fb62",
        "type": "message",
        "text": "templates issue 50",
        "user": "U019868JEQ0",
        "ts": "1603768726.002800",
        "team": "TKFJE6LDR",
        "user_team": "TKFJE6LDR",
        "source_team": "TKFJE6LDR",
        "user_profile": {
            "avatar_hash": "966d941975ff",
            "image_72": "https:\/\/avatars.slack-edge.com\/2020-08-09\/1275632926935_966d941975ff884d0fa4_72.jpg",
            "first_name": "",
            "real_name": "Aidan Doherty",
            "display_name": "Aidan Doherty",
            "team": "TKFJE6LDR",
            "name": "contact",
            "is_restricted": false,
            "is_ultra_restricted": false
        },
        "blocks": [
            {
                "type": "rich_text",
                "block_id": "wuF76",
                "elements": [
                    {
                        "type": "rich_text_section",
                        "elements": [
                            {
                                "type": "text",
                                "text": "templates issue 50"
                            }
                        ]
                    }
                ]
            }
        ]
    },
    {
        "bot_id": "B01CMAXGNUU",
        "type": "message",
        "text": "See GitHub <https:\/\/github.com\/thegooddocsproject\/templates\/issues\/50|templates issue 50> that was just mentioned.\n",
        "user": "U01C8E33D0W",
        "ts": "1603768727.002900",
        "team": "TKFJE6LDR",
        "bot_profile": {
            "id": "B01CMAXGNUU",
            "deleted": false,
            "name": "gdpbot",
            "updated": 1602974955,
            "app_id": "A01C39T14KW",
            "icons": {
                "image_36": "https:\/\/a.slack-edge.com\/80588\/img\/plugins\/app\/bot_36.png",
                "image_48": "https:\/\/a.slack-edge.com\/80588\/img\/plugins\/app\/bot_48.png",
                "image_72": "https:\/\/a.slack-edge.com\/80588\/img\/plugins\/app\/service_72.png"
            },
            "team_id": "TKFJE6LDR"
        }
    },
    {
        "client_msg_id": "27615815-1fba-4282-9c39-63b9eeff21e0",
        "type": "message",
        "text": "<http:\/\/thegooddocsproject.github.io|thegooddocsproject.github.io> issue 40",
        "user": "U019868JEQ0",
        "ts": "1603768746.003100",
        "team": "TKFJE6LDR",
        "user_team": "TKFJE6LDR",
        "source_team": "TKFJE6LDR",
        "user_profile": {
            "avatar_hash": "966d941975ff",
            "image_72": "https:\/\/avatars.slack-edge.com\/2020-08-09\/1275632926935_966d941975ff884d0fa4_72.jpg",
            "first_name": "",
            "real_name": "Aidan Doherty",
            "display_name": "Aidan Doherty",
            "team": "TKFJE6LDR",
            "name": "contact",
            "is_restricted": false,
            "is_ultra_restricted": false
        },
        "blocks": [
            {
                "type": "rich_text",
                "block_id": "gTmq3",
                "elements": [
                    {
                        "type": "rich_text_section",
                        "elements": [
                            {
                                "type": "link",
                                "url": "http:\/\/thegooddocsproject.github.io",
                                "text": "thegooddocsproject.github.io"
                            },
                            {
                                "type": "text",
                                "text": " issue 40"
                            }
                        ]
                    }
                ]
            }
        ]
    },
    {
        "client_msg_id": "968f9b57-f256-4447-8e7b-1b20fca90638",
        "type": "message",
        "text": "<http:\/\/thegooddocsproject.github.io|thegooddocsproject.github.io> issue 40",
        "user": "U019868JEQ0",
        "ts": "1603768801.003300",
        "team": "TKFJE6LDR",
        "user_team": "TKFJE6LDR",
        "source_team": "TKFJE6LDR",
        "user_profile": {
            "avatar_hash": "966d941975ff",
            "image_72": "https:\/\/avatars.slack-edge.com\/2020-08-09\/1275632926935_966d941975ff884d0fa4_72.jpg",
            "first_name": "",
            "real_name": "Aidan Doherty",
            "display_name": "Aidan Doherty",
            "team": "TKFJE6LDR",
            "name": "contact",
            "is_restricted": false,
            "is_ultra_restricted": false
        },
        "blocks": [
            {
                "type": "rich_text",
                "block_id": "C2o",
                "elements": [
                    {
                        "type": "rich_text_section",
                        "elements": [
                            {
                                "type": "link",
                                "url": "http:\/\/thegooddocsproject.github.io",
                                "text": "thegooddocsproject.github.io"
                            },
                            {
                                "type": "text",
                                "text": " issue 40"
                            }
                        ]
                    }
                ]
            }
        ]
    },
    {
        "client_msg_id": "8522f743-46d0-4cf6-bc3b-606a6e77a705",
        "type": "message",
        "text": "templates issue 50",
        "user": "U019868JEQ0",
        "ts": "1603769140.003500",
        "team": "TKFJE6LDR",
        "user_team": "TKFJE6LDR",
        "source_team": "TKFJE6LDR",
        "user_profile": {
            "avatar_hash": "966d941975ff",
            "image_72": "https:\/\/avatars.slack-edge.com\/2020-08-09\/1275632926935_966d941975ff884d0fa4_72.jpg",
            "first_name": "",
            "real_name": "Aidan Doherty",
            "display_name": "Aidan Doherty",
            "team": "TKFJE6LDR",
            "name": "contact",
            "is_restricted": false,
            "is_ultra_restricted": false
        },
        "blocks": [
            {
                "type": "rich_text",
                "block_id": "WdXa",
                "elements": [
                    {
                        "type": "rich_text_section",
                        "elements": [
                            {
                                "type": "text",
                                "text": "templates issue 50"
                            }
                        ]
                    }
                ]
            }
        ]
    },
    {
        "client_msg_id": "27a74080-3b70-4301-9079-ffb1d3145117",
        "type": "message",
        "text": "templates issue 50",
        "user": "U019868JEQ0",
        "ts": "1603769713.003700",
        "team": "TKFJE6LDR",
        "user_team": "TKFJE6LDR",
        "source_team": "TKFJE6LDR",
        "user_profile": {
            "avatar_hash": "966d941975ff",
            "image_72": "https:\/\/avatars.slack-edge.com\/2020-08-09\/1275632926935_966d941975ff884d0fa4_72.jpg",
            "first_name": "",
            "real_name": "Aidan Doherty",
            "display_name": "Aidan Doherty",
            "team": "TKFJE6LDR",
            "name": "contact",
            "is_restricted": false,
            "is_ultra_restricted": false
        },
        "blocks": [
            {
                "type": "rich_text",
                "block_id": "zo0I",
                "elements": [
                    {
                        "type": "rich_text_section",
                        "elements": [
                            {
                                "type": "text",
                                "text": "templates issue 50"
                            }
                        ]
                    }
                ]
            }
        ]
    },
    {
        "bot_id": "B01CMAXGNUU",
        "type": "message",
        "text": "See GitHub <https:\/\/github.com\/thegooddocsproject\/templates\/issues\/50|templates issue 50> that was just mentioned.\n",
        "user": "U01C8E33D0W",
        "ts": "1603769714.003800",
        "team": "TKFJE6LDR",
        "bot_profile": {
            "id": "B01CMAXGNUU",
            "deleted": false,
            "name": "gdpbot",
            "updated": 1602974955,
            "app_id": "A01C39T14KW",
            "icons": {
                "image_36": "https:\/\/a.slack-edge.com\/80588\/img\/plugins\/app\/bot_36.png",
                "image_48": "https:\/\/a.slack-edge.com\/80588\/img\/plugins\/app\/bot_48.png",
                "image_72": "https:\/\/a.slack-edge.com\/80588\/img\/plugins\/app\/service_72.png"
            },
            "team_id": "TKFJE6LDR"
        },
        "edited": {
            "user": "B01CMAXGNUU",
            "ts": "1603769715.000000"
        },
        "attachments": [
            {
                "author_name": "camerons",
                "fallback": "[thegooddocsproject\/templates] #50 Reword: If you have the concept ...",
                "text": "Louise Brooks  \n14:12 14 Nov  \nTemplate: about-logging\n\nRe: If you have the concept of mandatory and app-specific log properties,  \nSuggestion: not sure it makes sense to have this part of the sentence, I would delete it.",
                "title": "#50 Reword: If you have the concept ...",
                "footer": "<https:\/\/github.com\/thegooddocsproject\/templates|thegooddocsproject\/templates>",
                "id": 1,
                "title_link": "https:\/\/github.com\/thegooddocsproject\/templates\/issues\/50",
                "author_link": "https:\/\/github.com\/camerons",
                "author_icon": "https:\/\/avatars0.githubusercontent.com\/u\/1243535?v=4",
                "footer_icon": "https:\/\/github.githubassets.com\/favicon.ico",
                "ts": 1575143198,
                "color": "cb2431",
                "fields": [
                    {
                        "title": "Labels",
                        "value": "good first issue, improve, template-about-logging",
                        "short": true
                    }
                ],
                "mrkdwn_in": [
                    "text"
                ],
                "bot_id": "BU8U6P6AH",
                "app_unfurl_url": "https:\/\/github.com\/thegooddocsproject\/templates\/issues\/50",
                "is_app_unfurl": true
            }
        ]
    },
    {
        "client_msg_id": "7c769099-8387-457e-b2eb-05d7aef17118",
        "type": "message",
        "text": "templates issue 50",
        "user": "U019868JEQ0",
        "ts": "1603769918.004100",
        "team": "TKFJE6LDR",
        "user_team": "TKFJE6LDR",
        "source_team": "TKFJE6LDR",
        "user_profile": {
            "avatar_hash": "966d941975ff",
            "image_72": "https:\/\/avatars.slack-edge.com\/2020-08-09\/1275632926935_966d941975ff884d0fa4_72.jpg",
            "first_name": "",
            "real_name": "Aidan Doherty",
            "display_name": "Aidan Doherty",
            "team": "TKFJE6LDR",
            "name": "contact",
            "is_restricted": false,
            "is_ultra_restricted": false
        },
        "blocks": [
            {
                "type": "rich_text",
                "block_id": "WCn",
                "elements": [
                    {
                        "type": "rich_text_section",
                        "elements": [
                            {
                                "type": "text",
                                "text": "templates issue 50"
                            }
                        ]
                    }
                ]
            }
        ]
    },
    {
        "bot_id": "B01CMAXGNUU",
        "type": "message",
        "text": "See GitHub <https:\/\/github.com\/thegooddocsproject\/templates\/issues\/50|templates issue 50> that was just mentioned.\n",
        "user": "U01C8E33D0W",
        "ts": "1603769920.004200",
        "team": "TKFJE6LDR",
        "bot_profile": {
            "id": "B01CMAXGNUU",
            "deleted": false,
            "name": "gdpbot",
            "updated": 1602974955,
            "app_id": "A01C39T14KW",
            "icons": {
                "image_36": "https:\/\/a.slack-edge.com\/80588\/img\/plugins\/app\/bot_36.png",
                "image_48": "https:\/\/a.slack-edge.com\/80588\/img\/plugins\/app\/bot_48.png",
                "image_72": "https:\/\/a.slack-edge.com\/80588\/img\/plugins\/app\/service_72.png"
            },
            "team_id": "TKFJE6LDR"
        }
    },
    {
        "client_msg_id": "d005a5f6-41fa-4a1c-bb05-717182748e2e",
        "type": "message",
        "text": "<http:\/\/thegooddocsproject.github.io|thegooddocsproject.github.io> issue 40",
        "user": "U019868JEQ0",
        "ts": "1603770022.004400",
        "team": "TKFJE6LDR",
        "user_team": "TKFJE6LDR",
        "source_team": "TKFJE6LDR",
        "user_profile": {
            "avatar_hash": "966d941975ff",
            "image_72": "https:\/\/avatars.slack-edge.com\/2020-08-09\/1275632926935_966d941975ff884d0fa4_72.jpg",
            "first_name": "",
            "real_name": "Aidan Doherty",
            "display_name": "Aidan Doherty",
            "team": "TKFJE6LDR",
            "name": "contact",
            "is_restricted": false,
            "is_ultra_restricted": false
        },
        "blocks": [
            {
                "type": "rich_text",
                "block_id": "Cc8no",
                "elements": [
                    {
                        "type": "rich_text_section",
                        "elements": [
                            {
                                "type": "link",
                                "url": "http:\/\/thegooddocsproject.github.io",
                                "text": "thegooddocsproject.github.io"
                            },
                            {
                                "type": "text",
                                "text": " issue 40"
                            }
                        ]
                    }
                ]
            }
        ]
    },
    {
        "client_msg_id": "b9acf42d-23af-4417-92ca-c57be130c862",
        "type": "message",
        "text": "templates issue 50",
        "user": "U019868JEQ0",
        "ts": "1603770135.004600",
        "team": "TKFJE6LDR",
        "user_team": "TKFJE6LDR",
        "source_team": "TKFJE6LDR",
        "user_profile": {
            "avatar_hash": "966d941975ff",
            "image_72": "https:\/\/avatars.slack-edge.com\/2020-08-09\/1275632926935_966d941975ff884d0fa4_72.jpg",
            "first_name": "",
            "real_name": "Aidan Doherty",
            "display_name": "Aidan Doherty",
            "team": "TKFJE6LDR",
            "name": "contact",
            "is_restricted": false,
            "is_ultra_restricted": false
        },
        "blocks": [
            {
                "type": "rich_text",
                "block_id": "uByC",
                "elements": [
                    {
                        "type": "rich_text_section",
                        "elements": [
                            {
                                "type": "text",
                                "text": "templates issue 50"
                            }
                        ]
                    }
                ]
            }
        ]
    },
    {
        "bot_id": "B01CMAXGNUU",
        "type": "message",
        "text": "See GitHub <https:\/\/github.com\/thegooddocsproject\/templates\/issues\/50|templates issue 50> that was just mentioned.\n",
        "user": "U01C8E33D0W",
        "ts": "1603770136.004700",
        "team": "TKFJE6LDR",
        "bot_profile": {
            "id": "B01CMAXGNUU",
            "deleted": false,
            "name": "gdpbot",
            "updated": 1602974955,
            "app_id": "A01C39T14KW",
            "icons": {
                "image_36": "https:\/\/a.slack-edge.com\/80588\/img\/plugins\/app\/bot_36.png",
                "image_48": "https:\/\/a.slack-edge.com\/80588\/img\/plugins\/app\/bot_48.png",
                "image_72": "https:\/\/a.slack-edge.com\/80588\/img\/plugins\/app\/service_72.png"
            },
            "team_id": "TKFJE6LDR"
        }
    },
    {
        "client_msg_id": "b1ef7939-9ce0-4f01-b75a-60ac0e59f5b6",
        "type": "message",
        "text": "<http:\/\/thegooddocsproject.github.io|thegooddocsproject.github.io> issue 40",
        "user": "U019868JEQ0",
        "ts": "1603770146.004900",
        "team": "TKFJE6LDR",
        "user_team": "TKFJE6LDR",
        "source_team": "TKFJE6LDR",
        "user_profile": {
            "avatar_hash": "966d941975ff",
            "image_72": "https:\/\/avatars.slack-edge.com\/2020-08-09\/1275632926935_966d941975ff884d0fa4_72.jpg",
            "first_name": "",
            "real_name": "Aidan Doherty",
            "display_name": "Aidan Doherty",
            "team": "TKFJE6LDR",
            "name": "contact",
            "is_restricted": false,
            "is_ultra_restricted": false
        },
        "blocks": [
            {
                "type": "rich_text",
                "block_id": "ONxk",
                "elements": [
                    {
                        "type": "rich_text_section",
                        "elements": [
                            {
                                "type": "link",
                                "url": "http:\/\/thegooddocsproject.github.io",
                                "text": "thegooddocsproject.github.io"
                            },
                            {
                                "type": "text",
                                "text": " issue 40"
                            }
                        ]
                    }
                ]
            }
        ]
    }
]