[
    {
        "type": "message",
        "subtype": "channel_join",
        "ts": "1603166208.000200",
        "user": "U019868JEQ0",
        "text": "<@U019868JEQ0> has joined the channel"
    },
    {
        "type": "message",
        "subtype": "channel_purpose",
        "ts": "1603166208.000300",
        "user": "U019868JEQ0",
        "text": "<@U019868JEQ0> set the channel purpose: testing GDP Bot, where it is specifically added to the channel",
        "purpose": "testing GDP Bot, where it is specifically added to the channel"
    },
    {
        "bot_id": "B01CMAXGNUU",
        "type": "message",
        "text": "See GitHub <https:\/\/github.com\/thegooddocsproject\/templates\/issues\/160|issue 160> that was just mentioned.",
        "user": "U01C8E33D0W",
        "ts": "1603166218.000500",
        "team": "TKFJE6LDR",
        "bot_profile": {
            "id": "B01CMAXGNUU",
            "deleted": false,
            "name": "gdpbot",
            "updated": 1602974955,
            "app_id": "A01C39T14KW",
            "icons": {
                "image_36": "https:\/\/a.slack-edge.com\/80588\/img\/plugins\/app\/bot_36.png",
                "image_48": "https:\/\/a.slack-edge.com\/80588\/img\/plugins\/app\/bot_48.png",
                "image_72": "https:\/\/a.slack-edge.com\/80588\/img\/plugins\/app\/service_72.png"
            },
            "team_id": "TKFJE6LDR"
        },
        "edited": {
            "user": "B01CMAXGNUU",
            "ts": "1603166220.000000"
        },
        "attachments": [
            {
                "author_name": "ddbeck",
                "fallback": "[thegooddocsproject\/templates] #160 Consider adopting a Markdown source formatter",
                "text": "Inspired by this thread <https:\/\/github.com\/thegooddocsproject\/incubator\/pull\/4\/files#r486759278|https:\/\/github.com\/thegooddocsproject\/incubator\/pull\/4\/files#r486759278>, we ought to consider choosing a Markdown source formatter to enforce source style.\n\nIf we care about source style for Markdown (a big if!), then we may want to adopt a tool like <https:\/\/prettier.io\/|Prettier>. It would push the responsibility of choosing a style onto a tool (so we don't have to debate it) and makes keeping to that style a snap (because the tool does it for you).\n\nIf we don't care about enforcing a source style for Markdown, we should write that down somewhere and close this issue.",
                "title": "#160 Consider adopting a Markdown source formatter",
                "footer": "<https:\/\/github.com\/thegooddocsproject\/templates|thegooddocsproject\/templates>",
                "id": 1,
                "title_link": "https:\/\/github.com\/thegooddocsproject\/templates\/issues\/160",
                "author_link": "https:\/\/github.com\/ddbeck",
                "author_icon": "https:\/\/avatars2.githubusercontent.com\/u\/64103?v=4",
                "footer_icon": "https:\/\/github.githubassets.com\/favicon.ico",
                "ts": 1600089003,
                "color": "36a64f",
                "fields": [
                    {
                        "title": "Labels",
                        "value": "decision",
                        "short": true
                    },
                    {
                        "title": "Comments",
                        "value": "2",
                        "short": true
                    }
                ],
                "mrkdwn_in": [
                    "text"
                ],
                "bot_id": "BU8U6P6AH",
                "app_unfurl_url": "https:\/\/github.com\/thegooddocsproject\/templates\/issues\/160",
                "is_app_unfurl": true
            }
        ]
    },
    {
        "bot_id": "B01CMAXGNUU",
        "type": "message",
        "text": "See GitHub <https:\/\/github.com\/thegooddocsproject\/templates\/issues\/160|issue 160> that was just mentioned.",
        "user": "U01C8E33D0W",
        "ts": "1603166265.000800",
        "team": "TKFJE6LDR",
        "bot_profile": {
            "id": "B01CMAXGNUU",
            "deleted": false,
            "name": "gdpbot",
            "updated": 1602974955,
            "app_id": "A01C39T14KW",
            "icons": {
                "image_36": "https:\/\/a.slack-edge.com\/80588\/img\/plugins\/app\/bot_36.png",
                "image_48": "https:\/\/a.slack-edge.com\/80588\/img\/plugins\/app\/bot_48.png",
                "image_72": "https:\/\/a.slack-edge.com\/80588\/img\/plugins\/app\/service_72.png"
            },
            "team_id": "TKFJE6LDR"
        }
    },
    {
        "client_msg_id": "d96fbc16-1ae1-404d-bfa3-b77148a6b93e",
        "type": "message",
        "text": "issue 160",
        "user": "U019868JEQ0",
        "ts": "1603166286.001000",
        "team": "TKFJE6LDR",
        "user_team": "TKFJE6LDR",
        "source_team": "TKFJE6LDR",
        "user_profile": {
            "avatar_hash": "966d941975ff",
            "image_72": "https:\/\/avatars.slack-edge.com\/2020-08-09\/1275632926935_966d941975ff884d0fa4_72.jpg",
            "first_name": "",
            "real_name": "Aidan Doherty",
            "display_name": "Aidan Doherty",
            "team": "TKFJE6LDR",
            "name": "contact",
            "is_restricted": false,
            "is_ultra_restricted": false
        },
        "blocks": [
            {
                "type": "rich_text",
                "block_id": "GGqB",
                "elements": [
                    {
                        "type": "rich_text_section",
                        "elements": [
                            {
                                "type": "text",
                                "text": "issue 160"
                            }
                        ]
                    }
                ]
            }
        ]
    }
]