[
    {
        "client_msg_id": "1c06ca81-6e29-49d9-9bc2-7bd6b74f2642",
        "type": "message",
        "text": "<http:\/\/thegooddocsproject.github.io|thegooddocsproject.github.io> issue 40",
        "user": "U019868JEQ0",
        "ts": "1603854812.000200",
        "team": "TKFJE6LDR",
        "user_team": "TKFJE6LDR",
        "source_team": "TKFJE6LDR",
        "user_profile": {
            "avatar_hash": "966d941975ff",
            "image_72": "https:\/\/avatars.slack-edge.com\/2020-08-09\/1275632926935_966d941975ff884d0fa4_72.jpg",
            "first_name": "",
            "real_name": "Aidan Doherty",
            "display_name": "Aidan Doherty",
            "team": "TKFJE6LDR",
            "name": "contact",
            "is_restricted": false,
            "is_ultra_restricted": false
        },
        "blocks": [
            {
                "type": "rich_text",
                "block_id": "p1=J",
                "elements": [
                    {
                        "type": "rich_text_section",
                        "elements": [
                            {
                                "type": "link",
                                "url": "http:\/\/thegooddocsproject.github.io",
                                "text": "thegooddocsproject.github.io"
                            },
                            {
                                "type": "text",
                                "text": " issue 40"
                            }
                        ]
                    }
                ]
            }
        ]
    },
    {
        "client_msg_id": "42b4fa29-8b07-4f43-a1f2-518fdda37df4",
        "type": "message",
        "text": "<http:\/\/thegooddocsproject.github.io|thegooddocsproject.github.io> issue 40",
        "user": "U019868JEQ0",
        "ts": "1603854949.000500",
        "team": "TKFJE6LDR",
        "user_team": "TKFJE6LDR",
        "source_team": "TKFJE6LDR",
        "user_profile": {
            "avatar_hash": "966d941975ff",
            "image_72": "https:\/\/avatars.slack-edge.com\/2020-08-09\/1275632926935_966d941975ff884d0fa4_72.jpg",
            "first_name": "",
            "real_name": "Aidan Doherty",
            "display_name": "Aidan Doherty",
            "team": "TKFJE6LDR",
            "name": "contact",
            "is_restricted": false,
            "is_ultra_restricted": false
        },
        "blocks": [
            {
                "type": "rich_text",
                "block_id": "XcP",
                "elements": [
                    {
                        "type": "rich_text_section",
                        "elements": [
                            {
                                "type": "link",
                                "url": "http:\/\/thegooddocsproject.github.io",
                                "text": "thegooddocsproject.github.io"
                            },
                            {
                                "type": "text",
                                "text": " issue 40"
                            }
                        ]
                    }
                ]
            }
        ]
    },
    {
        "client_msg_id": "193df536-3fae-4f59-9ad4-580424a2b3ac",
        "type": "message",
        "text": "<http:\/\/thegooddocsproject.github.io|thegooddocsproject.github.io> issue 40",
        "user": "U019868JEQ0",
        "ts": "1603855154.000700",
        "team": "TKFJE6LDR",
        "user_team": "TKFJE6LDR",
        "source_team": "TKFJE6LDR",
        "user_profile": {
            "avatar_hash": "966d941975ff",
            "image_72": "https:\/\/avatars.slack-edge.com\/2020-08-09\/1275632926935_966d941975ff884d0fa4_72.jpg",
            "first_name": "",
            "real_name": "Aidan Doherty",
            "display_name": "Aidan Doherty",
            "team": "TKFJE6LDR",
            "name": "contact",
            "is_restricted": false,
            "is_ultra_restricted": false
        },
        "blocks": [
            {
                "type": "rich_text",
                "block_id": "Y1gyf",
                "elements": [
                    {
                        "type": "rich_text_section",
                        "elements": [
                            {
                                "type": "link",
                                "url": "http:\/\/thegooddocsproject.github.io",
                                "text": "thegooddocsproject.github.io"
                            },
                            {
                                "type": "text",
                                "text": " issue 40"
                            }
                        ]
                    }
                ]
            }
        ]
    },
    {
        "client_msg_id": "7dc05b8c-b819-401b-a3fb-8f846789f7f0",
        "type": "message",
        "text": "<http:\/\/thegooddocsproject.github.io|thegooddocsproject.github.io> issue 40",
        "user": "U019868JEQ0",
        "ts": "1603855300.001000",
        "team": "TKFJE6LDR",
        "user_team": "TKFJE6LDR",
        "source_team": "TKFJE6LDR",
        "user_profile": {
            "avatar_hash": "966d941975ff",
            "image_72": "https:\/\/avatars.slack-edge.com\/2020-08-09\/1275632926935_966d941975ff884d0fa4_72.jpg",
            "first_name": "",
            "real_name": "Aidan Doherty",
            "display_name": "Aidan Doherty",
            "team": "TKFJE6LDR",
            "name": "contact",
            "is_restricted": false,
            "is_ultra_restricted": false
        },
        "blocks": [
            {
                "type": "rich_text",
                "block_id": "qaK",
                "elements": [
                    {
                        "type": "rich_text_section",
                        "elements": [
                            {
                                "type": "link",
                                "url": "http:\/\/thegooddocsproject.github.io",
                                "text": "thegooddocsproject.github.io"
                            },
                            {
                                "type": "text",
                                "text": " issue 40"
                            }
                        ]
                    }
                ]
            }
        ]
    },
    {
        "client_msg_id": "17b7da91-9b95-4b58-9961-0ae3e26652b7",
        "type": "message",
        "text": "<http:\/\/thegooddocsproject.github.io|thegooddocsproject.github.io> issue 40",
        "user": "U019868JEQ0",
        "ts": "1603855443.001200",
        "team": "TKFJE6LDR",
        "user_team": "TKFJE6LDR",
        "source_team": "TKFJE6LDR",
        "user_profile": {
            "avatar_hash": "966d941975ff",
            "image_72": "https:\/\/avatars.slack-edge.com\/2020-08-09\/1275632926935_966d941975ff884d0fa4_72.jpg",
            "first_name": "",
            "real_name": "Aidan Doherty",
            "display_name": "Aidan Doherty",
            "team": "TKFJE6LDR",
            "name": "contact",
            "is_restricted": false,
            "is_ultra_restricted": false
        },
        "blocks": [
            {
                "type": "rich_text",
                "block_id": "mBd",
                "elements": [
                    {
                        "type": "rich_text_section",
                        "elements": [
                            {
                                "type": "link",
                                "url": "http:\/\/thegooddocsproject.github.io",
                                "text": "thegooddocsproject.github.io"
                            },
                            {
                                "type": "text",
                                "text": " issue 40"
                            }
                        ]
                    }
                ]
            }
        ]
    },
    {
        "client_msg_id": "dcd7f04a-10ca-4356-922a-00f7123a0ea4",
        "type": "message",
        "text": "<http:\/\/thegooddocsproject.github.io|thegooddocsproject.github.io> issue 40",
        "user": "U019868JEQ0",
        "ts": "1603855757.001400",
        "team": "TKFJE6LDR",
        "user_team": "TKFJE6LDR",
        "source_team": "TKFJE6LDR",
        "user_profile": {
            "avatar_hash": "966d941975ff",
            "image_72": "https:\/\/avatars.slack-edge.com\/2020-08-09\/1275632926935_966d941975ff884d0fa4_72.jpg",
            "first_name": "",
            "real_name": "Aidan Doherty",
            "display_name": "Aidan Doherty",
            "team": "TKFJE6LDR",
            "name": "contact",
            "is_restricted": false,
            "is_ultra_restricted": false
        },
        "blocks": [
            {
                "type": "rich_text",
                "block_id": "gzV3",
                "elements": [
                    {
                        "type": "rich_text_section",
                        "elements": [
                            {
                                "type": "link",
                                "url": "http:\/\/thegooddocsproject.github.io",
                                "text": "thegooddocsproject.github.io"
                            },
                            {
                                "type": "text",
                                "text": " issue 40"
                            }
                        ]
                    }
                ]
            }
        ]
    },
    {
        "bot_id": "B01CMAXGNUU",
        "type": "message",
        "text": "See GitHub <https:\/\/github.com\/thegooddocsproject\/thegooddocsproject.github.io issue\/issues\/undefined|thegooddocsproject.github.io issue 40> that was just mentioned.\n",
        "user": "U01C8E33D0W",
        "ts": "1603855759.001500",
        "team": "TKFJE6LDR",
        "bot_profile": {
            "id": "B01CMAXGNUU",
            "deleted": false,
            "name": "gdpbot",
            "updated": 1602974955,
            "app_id": "A01C39T14KW",
            "icons": {
                "image_36": "https:\/\/a.slack-edge.com\/80588\/img\/plugins\/app\/bot_36.png",
                "image_48": "https:\/\/a.slack-edge.com\/80588\/img\/plugins\/app\/bot_48.png",
                "image_72": "https:\/\/a.slack-edge.com\/80588\/img\/plugins\/app\/service_72.png"
            },
            "team_id": "TKFJE6LDR"
        }
    },
    {
        "client_msg_id": "7f993f9a-874f-4e13-ae80-a795ce7c4f19",
        "type": "message",
        "text": "<http:\/\/thegooddocsproject.github.io|thegooddocsproject.github.io> issue 40",
        "user": "U019868JEQ0",
        "ts": "1603856075.001700",
        "team": "TKFJE6LDR",
        "user_team": "TKFJE6LDR",
        "source_team": "TKFJE6LDR",
        "user_profile": {
            "avatar_hash": "966d941975ff",
            "image_72": "https:\/\/avatars.slack-edge.com\/2020-08-09\/1275632926935_966d941975ff884d0fa4_72.jpg",
            "first_name": "",
            "real_name": "Aidan Doherty",
            "display_name": "Aidan Doherty",
            "team": "TKFJE6LDR",
            "name": "contact",
            "is_restricted": false,
            "is_ultra_restricted": false
        },
        "blocks": [
            {
                "type": "rich_text",
                "block_id": "pm=8",
                "elements": [
                    {
                        "type": "rich_text_section",
                        "elements": [
                            {
                                "type": "link",
                                "url": "http:\/\/thegooddocsproject.github.io",
                                "text": "thegooddocsproject.github.io"
                            },
                            {
                                "type": "text",
                                "text": " issue 40"
                            }
                        ]
                    }
                ]
            }
        ]
    },
    {
        "bot_id": "B01CMAXGNUU",
        "type": "message",
        "text": "See GitHub <https:\/\/github.com\/thegooddocsproject\/thegooddocsproject.github.io issue\/issues\/undefined|thegooddocsproject.github.io issue 40> that was just mentioned.\n",
        "user": "U01C8E33D0W",
        "ts": "1603856076.001800",
        "team": "TKFJE6LDR",
        "bot_profile": {
            "id": "B01CMAXGNUU",
            "deleted": false,
            "name": "gdpbot",
            "updated": 1602974955,
            "app_id": "A01C39T14KW",
            "icons": {
                "image_36": "https:\/\/a.slack-edge.com\/80588\/img\/plugins\/app\/bot_36.png",
                "image_48": "https:\/\/a.slack-edge.com\/80588\/img\/plugins\/app\/bot_48.png",
                "image_72": "https:\/\/a.slack-edge.com\/80588\/img\/plugins\/app\/service_72.png"
            },
            "team_id": "TKFJE6LDR"
        }
    },
    {
        "client_msg_id": "0baaea5b-53f2-41c6-a9c4-3d1d15348c40",
        "type": "message",
        "text": "<http:\/\/thegooddocsproject.github.io|thegooddocsproject.github.io> issue 40",
        "user": "U019868JEQ0",
        "ts": "1603856129.002000",
        "team": "TKFJE6LDR",
        "user_team": "TKFJE6LDR",
        "source_team": "TKFJE6LDR",
        "user_profile": {
            "avatar_hash": "966d941975ff",
            "image_72": "https:\/\/avatars.slack-edge.com\/2020-08-09\/1275632926935_966d941975ff884d0fa4_72.jpg",
            "first_name": "",
            "real_name": "Aidan Doherty",
            "display_name": "Aidan Doherty",
            "team": "TKFJE6LDR",
            "name": "contact",
            "is_restricted": false,
            "is_ultra_restricted": false
        },
        "blocks": [
            {
                "type": "rich_text",
                "block_id": "2uf",
                "elements": [
                    {
                        "type": "rich_text_section",
                        "elements": [
                            {
                                "type": "link",
                                "url": "http:\/\/thegooddocsproject.github.io",
                                "text": "thegooddocsproject.github.io"
                            },
                            {
                                "type": "text",
                                "text": " issue 40"
                            }
                        ]
                    }
                ]
            }
        ]
    },
    {
        "bot_id": "B01CMAXGNUU",
        "type": "message",
        "text": "See GitHub <https:\/\/github.com\/thegooddocsproject\/thegooddocsproject.github.io issue\/issues\/undefined|thegooddocsproject.github.io issue 40> that was just mentioned.\n",
        "user": "U01C8E33D0W",
        "ts": "1603856130.002100",
        "team": "TKFJE6LDR",
        "bot_profile": {
            "id": "B01CMAXGNUU",
            "deleted": false,
            "name": "gdpbot",
            "updated": 1602974955,
            "app_id": "A01C39T14KW",
            "icons": {
                "image_36": "https:\/\/a.slack-edge.com\/80588\/img\/plugins\/app\/bot_36.png",
                "image_48": "https:\/\/a.slack-edge.com\/80588\/img\/plugins\/app\/bot_48.png",
                "image_72": "https:\/\/a.slack-edge.com\/80588\/img\/plugins\/app\/service_72.png"
            },
            "team_id": "TKFJE6LDR"
        }
    },
    {
        "client_msg_id": "1a614cb1-dd54-4b36-9a09-c06ae6075f9d",
        "type": "message",
        "text": "<http:\/\/thegooddocsproject.github.io|thegooddocsproject.github.io> issue 40",
        "user": "U019868JEQ0",
        "ts": "1603856214.002300",
        "team": "TKFJE6LDR",
        "user_team": "TKFJE6LDR",
        "source_team": "TKFJE6LDR",
        "user_profile": {
            "avatar_hash": "966d941975ff",
            "image_72": "https:\/\/avatars.slack-edge.com\/2020-08-09\/1275632926935_966d941975ff884d0fa4_72.jpg",
            "first_name": "",
            "real_name": "Aidan Doherty",
            "display_name": "Aidan Doherty",
            "team": "TKFJE6LDR",
            "name": "contact",
            "is_restricted": false,
            "is_ultra_restricted": false
        },
        "blocks": [
            {
                "type": "rich_text",
                "block_id": "nZyM",
                "elements": [
                    {
                        "type": "rich_text_section",
                        "elements": [
                            {
                                "type": "link",
                                "url": "http:\/\/thegooddocsproject.github.io",
                                "text": "thegooddocsproject.github.io"
                            },
                            {
                                "type": "text",
                                "text": " issue 40"
                            }
                        ]
                    }
                ]
            }
        ]
    },
    {
        "bot_id": "B01CMAXGNUU",
        "type": "message",
        "text": "See GitHub <https:\/\/github.com\/thegooddocsproject\/thegooddocsproject.github.io issue\/issues\/undefined|thegooddocsproject.github.io issue 40> that was just mentioned.\n",
        "user": "U01C8E33D0W",
        "ts": "1603856215.002400",
        "team": "TKFJE6LDR",
        "bot_profile": {
            "id": "B01CMAXGNUU",
            "deleted": false,
            "name": "gdpbot",
            "updated": 1602974955,
            "app_id": "A01C39T14KW",
            "icons": {
                "image_36": "https:\/\/a.slack-edge.com\/80588\/img\/plugins\/app\/bot_36.png",
                "image_48": "https:\/\/a.slack-edge.com\/80588\/img\/plugins\/app\/bot_48.png",
                "image_72": "https:\/\/a.slack-edge.com\/80588\/img\/plugins\/app\/service_72.png"
            },
            "team_id": "TKFJE6LDR"
        }
    },
    {
        "client_msg_id": "7bab85f0-56f2-4ed5-b16d-105c714e5143",
        "type": "message",
        "text": "<http:\/\/thegooddocsproject.github.io|thegooddocsproject.github.io> issue 40",
        "user": "U019868JEQ0",
        "ts": "1603856484.002600",
        "team": "TKFJE6LDR",
        "user_team": "TKFJE6LDR",
        "source_team": "TKFJE6LDR",
        "user_profile": {
            "avatar_hash": "966d941975ff",
            "image_72": "https:\/\/avatars.slack-edge.com\/2020-08-09\/1275632926935_966d941975ff884d0fa4_72.jpg",
            "first_name": "",
            "real_name": "Aidan Doherty",
            "display_name": "Aidan Doherty",
            "team": "TKFJE6LDR",
            "name": "contact",
            "is_restricted": false,
            "is_ultra_restricted": false
        },
        "blocks": [
            {
                "type": "rich_text",
                "block_id": "HqKBx",
                "elements": [
                    {
                        "type": "rich_text_section",
                        "elements": [
                            {
                                "type": "link",
                                "url": "http:\/\/thegooddocsproject.github.io",
                                "text": "thegooddocsproject.github.io"
                            },
                            {
                                "type": "text",
                                "text": " issue 40"
                            }
                        ]
                    }
                ]
            }
        ]
    },
    {
        "bot_id": "B01CMAXGNUU",
        "type": "message",
        "text": "See GitHub <https:\/\/github.com\/thegooddocsproject\/thegooddocsproject.github.io\/issues\/40|thegooddocsproject.github.io issue 40> that was just mentioned.\n",
        "user": "U01C8E33D0W",
        "ts": "1603856486.002700",
        "team": "TKFJE6LDR",
        "bot_profile": {
            "id": "B01CMAXGNUU",
            "deleted": false,
            "name": "gdpbot",
            "updated": 1602974955,
            "app_id": "A01C39T14KW",
            "icons": {
                "image_36": "https:\/\/a.slack-edge.com\/80588\/img\/plugins\/app\/bot_36.png",
                "image_48": "https:\/\/a.slack-edge.com\/80588\/img\/plugins\/app\/bot_48.png",
                "image_72": "https:\/\/a.slack-edge.com\/80588\/img\/plugins\/app\/service_72.png"
            },
            "team_id": "TKFJE6LDR"
        },
        "edited": {
            "user": "B01CMAXGNUU",
            "ts": "1603856488.000000"
        },
        "attachments": [
            {
                "author_name": "emckean",
                "fallback": "[thegooddocsproject\/thegooddocsproject.github.io] #40 create a Docsy version of the site",
                "text": "I've made PR for a new branch, to move the content over, clone this branch and edit :)",
                "title": "#40 create a Docsy version of the site",
                "footer": "<https:\/\/github.com\/thegooddocsproject\/thegooddocsproject.github.io|thegooddocsproject\/thegooddocsproject.github.io>",
                "id": 1,
                "title_link": "https:\/\/github.com\/thegooddocsproject\/thegooddocsproject.github.io\/pull\/40",
                "author_link": "https:\/\/github.com\/emckean",
                "author_icon": "https:\/\/avatars1.githubusercontent.com\/u\/225433?v=4",
                "footer_icon": "https:\/\/github.githubassets.com\/favicon.ico",
                "ts": 1597873067,
                "color": "36a64f",
                "fields": [
                    {
                        "title": "Comments",
                        "value": "2",
                        "short": true
                    }
                ],
                "mrkdwn_in": [
                    "text"
                ],
                "bot_id": "BU8U6P6AH",
                "app_unfurl_url": "https:\/\/github.com\/thegooddocsproject\/thegooddocsproject.github.io\/issues\/40",
                "is_app_unfurl": true
            }
        ]
    },
    {
        "client_msg_id": "47aa522a-a3a6-4997-a056-8e35c3b6e578",
        "type": "message",
        "text": "<http:\/\/thegooddocsproject.github.io|thegooddocsproject.github.io> issue 40",
        "user": "U019868JEQ0",
        "ts": "1603856798.003000",
        "team": "TKFJE6LDR",
        "user_team": "TKFJE6LDR",
        "source_team": "TKFJE6LDR",
        "user_profile": {
            "avatar_hash": "966d941975ff",
            "image_72": "https:\/\/avatars.slack-edge.com\/2020-08-09\/1275632926935_966d941975ff884d0fa4_72.jpg",
            "first_name": "",
            "real_name": "Aidan Doherty",
            "display_name": "Aidan Doherty",
            "team": "TKFJE6LDR",
            "name": "contact",
            "is_restricted": false,
            "is_ultra_restricted": false
        },
        "blocks": [
            {
                "type": "rich_text",
                "block_id": "EtFZ",
                "elements": [
                    {
                        "type": "rich_text_section",
                        "elements": [
                            {
                                "type": "link",
                                "url": "http:\/\/thegooddocsproject.github.io",
                                "text": "thegooddocsproject.github.io"
                            },
                            {
                                "type": "text",
                                "text": " issue 40"
                            }
                        ]
                    }
                ]
            }
        ]
    },
    {
        "bot_id": "B01CMAXGNUU",
        "type": "message",
        "text": "See GitHub <https:\/\/github.com\/thegooddocsproject\/thegooddocsproject.github.io\/issues\/40|thegooddocsproject.github.io issue 40> that was just mentioned.\n",
        "user": "U01C8E33D0W",
        "ts": "1603856799.003100",
        "team": "TKFJE6LDR",
        "bot_profile": {
            "id": "B01CMAXGNUU",
            "deleted": false,
            "name": "gdpbot",
            "updated": 1602974955,
            "app_id": "A01C39T14KW",
            "icons": {
                "image_36": "https:\/\/a.slack-edge.com\/80588\/img\/plugins\/app\/bot_36.png",
                "image_48": "https:\/\/a.slack-edge.com\/80588\/img\/plugins\/app\/bot_48.png",
                "image_72": "https:\/\/a.slack-edge.com\/80588\/img\/plugins\/app\/service_72.png"
            },
            "team_id": "TKFJE6LDR"
        }
    },
    {
        "client_msg_id": "e7f5859d-8993-427d-b437-e91a6aaa01a8",
        "type": "message",
        "text": "lorem <http:\/\/thegooddocsproject.github.io|thegooddocsproject.github.io> issue 40 and <http:\/\/thegooddocsproject.github.io|thegooddocsproject.github.io> issue 33 and templates issue 50",
        "user": "U019868JEQ0",
        "ts": "1603856825.003400",
        "team": "TKFJE6LDR",
        "user_team": "TKFJE6LDR",
        "source_team": "TKFJE6LDR",
        "user_profile": {
            "avatar_hash": "966d941975ff",
            "image_72": "https:\/\/avatars.slack-edge.com\/2020-08-09\/1275632926935_966d941975ff884d0fa4_72.jpg",
            "first_name": "",
            "real_name": "Aidan Doherty",
            "display_name": "Aidan Doherty",
            "team": "TKFJE6LDR",
            "name": "contact",
            "is_restricted": false,
            "is_ultra_restricted": false
        },
        "blocks": [
            {
                "type": "rich_text",
                "block_id": "vZep8",
                "elements": [
                    {
                        "type": "rich_text_section",
                        "elements": [
                            {
                                "type": "text",
                                "text": "lorem "
                            },
                            {
                                "type": "link",
                                "url": "http:\/\/thegooddocsproject.github.io",
                                "text": "thegooddocsproject.github.io"
                            },
                            {
                                "type": "text",
                                "text": " issue 40 and "
                            },
                            {
                                "type": "link",
                                "url": "http:\/\/thegooddocsproject.github.io",
                                "text": "thegooddocsproject.github.io"
                            },
                            {
                                "type": "text",
                                "text": " issue 33 and templates issue 50"
                            }
                        ]
                    }
                ]
            }
        ]
    },
    {
        "bot_id": "B01CMAXGNUU",
        "type": "message",
        "text": "See GitHub <https:\/\/github.com\/thegooddocsproject\/thegooddocsproject.github.io\/issues\/40|thegooddocsproject.github.io issue 40> that was just mentioned.\nSee GitHub <https:\/\/github.com\/thegooddocsproject\/thegooddocsproject.github.io\/issues\/33|thegooddocsproject.github.io issue 33> that was just mentioned.\nSee GitHub <https:\/\/github.com\/thegooddocsproject\/templates\/issues\/50|templates issue 50> that was just mentioned.\n",
        "user": "U01C8E33D0W",
        "ts": "1603856826.003500",
        "team": "TKFJE6LDR",
        "bot_profile": {
            "id": "B01CMAXGNUU",
            "deleted": false,
            "name": "gdpbot",
            "updated": 1602974955,
            "app_id": "A01C39T14KW",
            "icons": {
                "image_36": "https:\/\/a.slack-edge.com\/80588\/img\/plugins\/app\/bot_36.png",
                "image_48": "https:\/\/a.slack-edge.com\/80588\/img\/plugins\/app\/bot_48.png",
                "image_72": "https:\/\/a.slack-edge.com\/80588\/img\/plugins\/app\/service_72.png"
            },
            "team_id": "TKFJE6LDR"
        }
    },
    {
        "client_msg_id": "ddd378d6-7de2-4972-ad3b-58e34b409b9b",
        "type": "message",
        "text": "lorem <http:\/\/thegooddocsproject.github.io|thegooddocsproject.github.io> issue 40 and <http:\/\/thegooddocsproject.github.io|thegooddocsproject.github.io> issue 33 and templates issue 50",
        "user": "U019868JEQ0",
        "ts": "1603856953.003700",
        "team": "TKFJE6LDR",
        "user_team": "TKFJE6LDR",
        "source_team": "TKFJE6LDR",
        "user_profile": {
            "avatar_hash": "966d941975ff",
            "image_72": "https:\/\/avatars.slack-edge.com\/2020-08-09\/1275632926935_966d941975ff884d0fa4_72.jpg",
            "first_name": "",
            "real_name": "Aidan Doherty",
            "display_name": "Aidan Doherty",
            "team": "TKFJE6LDR",
            "name": "contact",
            "is_restricted": false,
            "is_ultra_restricted": false
        },
        "blocks": [
            {
                "type": "rich_text",
                "block_id": "EQZi",
                "elements": [
                    {
                        "type": "rich_text_section",
                        "elements": [
                            {
                                "type": "text",
                                "text": "lorem "
                            },
                            {
                                "type": "link",
                                "url": "http:\/\/thegooddocsproject.github.io",
                                "text": "thegooddocsproject.github.io"
                            },
                            {
                                "type": "text",
                                "text": " issue 40 and "
                            },
                            {
                                "type": "link",
                                "url": "http:\/\/thegooddocsproject.github.io",
                                "text": "thegooddocsproject.github.io"
                            },
                            {
                                "type": "text",
                                "text": " issue 33 and templates issue 50"
                            }
                        ]
                    }
                ]
            }
        ]
    },
    {
        "bot_id": "B01CMAXGNUU",
        "type": "message",
        "text": "See GitHub <https:\/\/github.com\/thegooddocsproject\/thegooddocsproject.github.io\/issues\/40|thegooddocsproject.github.io issue 40> that was just mentioned.\nSee GitHub <https:\/\/github.com\/thegooddocsproject\/thegooddocsproject.github.io\/issues\/33|thegooddocsproject.github.io issue 33> that was just mentioned.\nSee GitHub <https:\/\/github.com\/thegooddocsproject\/templates\/issues\/50|templates issue 50> that was just mentioned.\n",
        "user": "U01C8E33D0W",
        "ts": "1603856954.003800",
        "team": "TKFJE6LDR",
        "bot_profile": {
            "id": "B01CMAXGNUU",
            "deleted": false,
            "name": "gdpbot",
            "updated": 1602974955,
            "app_id": "A01C39T14KW",
            "icons": {
                "image_36": "https:\/\/a.slack-edge.com\/80588\/img\/plugins\/app\/bot_36.png",
                "image_48": "https:\/\/a.slack-edge.com\/80588\/img\/plugins\/app\/bot_48.png",
                "image_72": "https:\/\/a.slack-edge.com\/80588\/img\/plugins\/app\/service_72.png"
            },
            "team_id": "TKFJE6LDR"
        }
    },
    {
        "client_msg_id": "ab7f5014-d44f-4f00-b2d9-f0df008d2e3f",
        "type": "message",
        "text": "lorem <http:\/\/thegooddocsproject.github.io|thegooddocsproject.github.io> issue 40 and <http:\/\/thegooddocsproject.github.io|thegooddocsproject.github.io> issue 33 and templates issue 50",
        "user": "U019868JEQ0",
        "ts": "1603856994.004000",
        "team": "TKFJE6LDR",
        "user_team": "TKFJE6LDR",
        "source_team": "TKFJE6LDR",
        "user_profile": {
            "avatar_hash": "966d941975ff",
            "image_72": "https:\/\/avatars.slack-edge.com\/2020-08-09\/1275632926935_966d941975ff884d0fa4_72.jpg",
            "first_name": "",
            "real_name": "Aidan Doherty",
            "display_name": "Aidan Doherty",
            "team": "TKFJE6LDR",
            "name": "contact",
            "is_restricted": false,
            "is_ultra_restricted": false
        },
        "blocks": [
            {
                "type": "rich_text",
                "block_id": "MQILx",
                "elements": [
                    {
                        "type": "rich_text_section",
                        "elements": [
                            {
                                "type": "text",
                                "text": "lorem "
                            },
                            {
                                "type": "link",
                                "url": "http:\/\/thegooddocsproject.github.io",
                                "text": "thegooddocsproject.github.io"
                            },
                            {
                                "type": "text",
                                "text": " issue 40 and "
                            },
                            {
                                "type": "link",
                                "url": "http:\/\/thegooddocsproject.github.io",
                                "text": "thegooddocsproject.github.io"
                            },
                            {
                                "type": "text",
                                "text": " issue 33 and templates issue 50"
                            }
                        ]
                    }
                ]
            }
        ]
    },
    {
        "bot_id": "B01CMAXGNUU",
        "type": "message",
        "text": "See GitHub <https:\/\/github.com\/thegooddocsproject\/thegooddocsproject.github.io\/issues\/40|thegooddocsproject.github.io issue 40> that was just mentioned.\nSee GitHub <https:\/\/github.com\/thegooddocsproject\/thegooddocsproject.github.io\/issues\/33|thegooddocsproject.github.io issue 33> that was just mentioned.\nSee GitHub <https:\/\/github.com\/thegooddocsproject\/templates\/issues\/50|templates issue 50> that was just mentioned.\n",
        "user": "U01C8E33D0W",
        "ts": "1603856996.004100",
        "team": "TKFJE6LDR",
        "bot_profile": {
            "id": "B01CMAXGNUU",
            "deleted": false,
            "name": "gdpbot",
            "updated": 1602974955,
            "app_id": "A01C39T14KW",
            "icons": {
                "image_36": "https:\/\/a.slack-edge.com\/80588\/img\/plugins\/app\/bot_36.png",
                "image_48": "https:\/\/a.slack-edge.com\/80588\/img\/plugins\/app\/bot_48.png",
                "image_72": "https:\/\/a.slack-edge.com\/80588\/img\/plugins\/app\/service_72.png"
            },
            "team_id": "TKFJE6LDR"
        }
    }
]