[
    {
        "client_msg_id": "567acf1b-aba1-4db2-a1f4-3f4b67aa7ef6",
        "type": "message",
        "text": "hi all. I just finished reviewing the intro to <https:\/\/gohugo.io\/templates\/introduction\/|Hugo templating> page today, so I'd be interested to help out if there is a technical task I can assist with.",
        "user": "U019868JEQ0",
        "ts": "1600292928.003800",
        "team": "TKFJE6LDR",
        "user_team": "TKFJE6LDR",
        "source_team": "TKFJE6LDR",
        "user_profile": {
            "avatar_hash": "966d941975ff",
            "image_72": "https:\/\/avatars.slack-edge.com\/2020-08-09\/1275632926935_966d941975ff884d0fa4_72.jpg",
            "first_name": "",
            "real_name": "Aidan Doherty",
            "display_name": "Aidan Doherty",
            "team": "TKFJE6LDR",
            "name": "contact",
            "is_restricted": false,
            "is_ultra_restricted": false
        },
        "attachments": [
            {
                "title": "Introduction to Hugo Templating",
                "title_link": "https:\/\/gohugo.io\/templates\/introduction\/",
                "text": "Hugo uses Go's `html\/template` and `text\/template` libraries as the basis for the templating.",
                "fallback": "Introduction to Hugo Templating",
                "image_url": "https:\/\/gohugo.io\/images\/gohugoio-card.png",
                "ts": 1485907200,
                "from_url": "https:\/\/gohugo.io\/templates\/introduction\/",
                "image_width": 500,
                "image_height": 250,
                "image_bytes": 218051,
                "service_icon": "https:\/\/gohugo.io\/favicon.ico",
                "service_name": "gohugo.io",
                "id": 1,
                "original_url": "https:\/\/gohugo.io\/templates\/introduction\/"
            }
        ],
        "blocks": [
            {
                "type": "rich_text",
                "block_id": "YXz0",
                "elements": [
                    {
                        "type": "rich_text_section",
                        "elements": [
                            {
                                "type": "text",
                                "text": "hi all. I just finished reviewing the intro to "
                            },
                            {
                                "type": "link",
                                "url": "https:\/\/gohugo.io\/templates\/introduction\/",
                                "text": "Hugo templating"
                            },
                            {
                                "type": "text",
                                "text": " page today, so I'd be interested to help out if there is a technical task I can assist with."
                            }
                        ]
                    }
                ]
            }
        ],
        "reactions": [
            {
                "name": "+1",
                "users": [
                    "U018BJR6JQN"
                ],
                "count": 1
            }
        ]
    },
    {
        "client_msg_id": "8f4fe3ef-593e-4e3b-a63d-320d8ac35613",
        "type": "message",
        "text": "That's great!  Thank you.",
        "user": "U018BJR6JQN",
        "ts": "1600295608.004200",
        "team": "TKFJE6LDR",
        "user_team": "TKFJE6LDR",
        "source_team": "TKFJE6LDR",
        "user_profile": {
            "avatar_hash": "97b8f5caa203",
            "image_72": "https:\/\/avatars.slack-edge.com\/2020-08-09\/1283637239046_97b8f5caa203a559ac3e_72.jpg",
            "first_name": "",
            "real_name": "Bryan Klein",
            "display_name": "Bryan Klein",
            "team": "TKFJE6LDR",
            "name": "klein",
            "is_restricted": false,
            "is_ultra_restricted": false
        },
        "blocks": [
            {
                "type": "rich_text",
                "block_id": "D+v",
                "elements": [
                    {
                        "type": "rich_text_section",
                        "elements": [
                            {
                                "type": "text",
                                "text": "That's great!  Thank you."
                            }
                        ]
                    }
                ]
            }
        ]
    }
]