[
    {
        "type": "message",
        "text": "Anyone else seeing this in the website repo, and can I just ignore it? :see_no_evil:",
        "files": [
            {
                "id": "F01BRFCFVC7",
                "created": 1602110817,
                "timestamp": 1602110817,
                "name": "image.png",
                "title": "image.png",
                "mimetype": "image\/png",
                "filetype": "png",
                "pretty_type": "PNG",
                "user": "UKV4ZPEFQ",
                "editable": false,
                "size": 12130,
                "mode": "hosted",
                "is_external": false,
                "external_type": "",
                "is_public": true,
                "public_url_shared": false,
                "display_as_bot": false,
                "username": "",
                "url_private": "https:\/\/files.slack.com\/files-pri\/TKFJE6LDR-F01BRFCFVC7\/image.png?t=xoxe-661626224467-1569526674690-1562795895158-d39017af3b428bb8f8343c45199c28ef",
                "url_private_download": "https:\/\/files.slack.com\/files-pri\/TKFJE6LDR-F01BRFCFVC7\/download\/image.png?t=xoxe-661626224467-1569526674690-1562795895158-d39017af3b428bb8f8343c45199c28ef",
                "thumb_64": "https:\/\/files.slack.com\/files-tmb\/TKFJE6LDR-F01BRFCFVC7-5229ddbcc0\/image_64.png?t=xoxe-661626224467-1569526674690-1562795895158-d39017af3b428bb8f8343c45199c28ef",
                "thumb_80": "https:\/\/files.slack.com\/files-tmb\/TKFJE6LDR-F01BRFCFVC7-5229ddbcc0\/image_80.png?t=xoxe-661626224467-1569526674690-1562795895158-d39017af3b428bb8f8343c45199c28ef",
                "thumb_360": "https:\/\/files.slack.com\/files-tmb\/TKFJE6LDR-F01BRFCFVC7-5229ddbcc0\/image_360.png?t=xoxe-661626224467-1569526674690-1562795895158-d39017af3b428bb8f8343c45199c28ef",
                "thumb_360_w": 360,
                "thumb_360_h": 41,
                "thumb_480": "https:\/\/files.slack.com\/files-tmb\/TKFJE6LDR-F01BRFCFVC7-5229ddbcc0\/image_480.png?t=xoxe-661626224467-1569526674690-1562795895158-d39017af3b428bb8f8343c45199c28ef",
                "thumb_480_w": 480,
                "thumb_480_h": 55,
                "thumb_160": "https:\/\/files.slack.com\/files-tmb\/TKFJE6LDR-F01BRFCFVC7-5229ddbcc0\/image_160.png?t=xoxe-661626224467-1569526674690-1562795895158-d39017af3b428bb8f8343c45199c28ef",
                "thumb_720": "https:\/\/files.slack.com\/files-tmb\/TKFJE6LDR-F01BRFCFVC7-5229ddbcc0\/image_720.png?t=xoxe-661626224467-1569526674690-1562795895158-d39017af3b428bb8f8343c45199c28ef",
                "thumb_720_w": 720,
                "thumb_720_h": 83,
                "thumb_800": "https:\/\/files.slack.com\/files-tmb\/TKFJE6LDR-F01BRFCFVC7-5229ddbcc0\/image_800.png?t=xoxe-661626224467-1569526674690-1562795895158-d39017af3b428bb8f8343c45199c28ef",
                "thumb_800_w": 800,
                "thumb_800_h": 92,
                "original_w": 890,
                "original_h": 102,
                "thumb_tiny": "AwAFADDSwfWkwfWloqRiYPrS8+tFFABRz60UUCP\/2Q==",
                "permalink": "https:\/\/thegooddocs.slack.com\/files\/UKV4ZPEFQ\/F01BRFCFVC7\/image.png",
                "permalink_public": "https:\/\/slack-files.com\/TKFJE6LDR-F01BRFCFVC7-91d881df33",
                "is_starred": false,
                "has_rich_preview": false
            }
        ],
        "upload": false,
        "blocks": [
            {
                "type": "rich_text",
                "block_id": "XCXb",
                "elements": [
                    {
                        "type": "rich_text_section",
                        "elements": [
                            {
                                "type": "text",
                                "text": "Anyone else seeing this in the website repo, and can I just ignore it? "
                            },
                            {
                                "type": "emoji",
                                "name": "see_no_evil"
                            }
                        ]
                    }
                ]
            }
        ],
        "user": "UKV4ZPEFQ",
        "display_as_bot": false,
        "ts": "1602110824.003500"
    },
    {
        "client_msg_id": "1a8a27e0-a50b-4be0-8bcc-bf2eaa7ce185",
        "type": "message",
        "text": "we should take a look at it and see the severity level of the vulnerability",
        "user": "U019868JEQ0",
        "ts": "1602125372.004300",
        "team": "TKFJE6LDR",
        "user_team": "TKFJE6LDR",
        "source_team": "TKFJE6LDR",
        "user_profile": {
            "avatar_hash": "966d941975ff",
            "image_72": "https:\/\/avatars.slack-edge.com\/2020-08-09\/1275632926935_966d941975ff884d0fa4_72.jpg",
            "first_name": "",
            "real_name": "Aidan Doherty",
            "display_name": "Aidan Doherty",
            "team": "TKFJE6LDR",
            "name": "contact",
            "is_restricted": false,
            "is_ultra_restricted": false
        },
        "blocks": [
            {
                "type": "rich_text",
                "block_id": "y\/PS",
                "elements": [
                    {
                        "type": "rich_text_section",
                        "elements": [
                            {
                                "type": "text",
                                "text": "we should take a look at it and see the severity level of the vulnerability"
                            }
                        ]
                    }
                ]
            }
        ]
    },
    {
        "client_msg_id": "6430cfad-e1c1-4608-a39d-4efc2bb415cc",
        "type": "message",
        "text": "but strangely I'm not seeing it",
        "user": "U019868JEQ0",
        "ts": "1602125447.004500",
        "team": "TKFJE6LDR",
        "user_team": "TKFJE6LDR",
        "source_team": "TKFJE6LDR",
        "user_profile": {
            "avatar_hash": "966d941975ff",
            "image_72": "https:\/\/avatars.slack-edge.com\/2020-08-09\/1275632926935_966d941975ff884d0fa4_72.jpg",
            "first_name": "",
            "real_name": "Aidan Doherty",
            "display_name": "Aidan Doherty",
            "team": "TKFJE6LDR",
            "name": "contact",
            "is_restricted": false,
            "is_ultra_restricted": false
        },
        "blocks": [
            {
                "type": "rich_text",
                "block_id": "548",
                "elements": [
                    {
                        "type": "rich_text_section",
                        "elements": [
                            {
                                "type": "text",
                                "text": "but strangely I'm not seeing it"
                            }
                        ]
                    }
                ]
            }
        ]
    },
    {
        "client_msg_id": "4c4fc1ef-a269-48e2-94d5-0f351a9350f4",
        "type": "message",
        "text": "might have something to do with my permission levels, I would check with Bryan or Rigs maybe",
        "user": "U019868JEQ0",
        "ts": "1602125648.005100",
        "team": "TKFJE6LDR",
        "user_team": "TKFJE6LDR",
        "source_team": "TKFJE6LDR",
        "user_profile": {
            "avatar_hash": "966d941975ff",
            "image_72": "https:\/\/avatars.slack-edge.com\/2020-08-09\/1275632926935_966d941975ff884d0fa4_72.jpg",
            "first_name": "",
            "real_name": "Aidan Doherty",
            "display_name": "Aidan Doherty",
            "team": "TKFJE6LDR",
            "name": "contact",
            "is_restricted": false,
            "is_ultra_restricted": false
        },
        "blocks": [
            {
                "type": "rich_text",
                "block_id": "sDeDM",
                "elements": [
                    {
                        "type": "rich_text_section",
                        "elements": [
                            {
                                "type": "text",
                                "text": "might have something to do with my permission levels, I would check with Bryan or Rigs maybe"
                            }
                        ]
                    }
                ]
            }
        ]
    }
]