[
    {
        "client_msg_id": "8133bc63-4e87-405e-ac1c-04fcc6d23efb",
        "type": "message",
        "text": "I put some columns in the Kanban <https:\/\/github.com\/thegooddocsproject\/thegooddocsproject.github.io\/projects\/1|https:\/\/github.com\/thegooddocsproject\/thegooddocsproject.github.io\/projects\/1>\nI put all the existing issues in the 'Backlog' column and added the ones I think are relevant to the 'To Do' column. Feel free to move these.\nI also created a *Hugo* label, so we can add that to issues.",
        "user": "UKV4ZPEFQ",
        "ts": "1600984556.001400",
        "team": "TKFJE6LDR",
        "user_team": "TKFJE6LDR",
        "source_team": "TKFJE6LDR",
        "user_profile": {
            "avatar_hash": "g854c628ef64",
            "image_72": "https:\/\/secure.gravatar.com\/avatar\/6854c628ef64a4c129a994522e17cdf2.jpg?s=72&d=https%3A%2F%2Fa.slack-edge.com%2Fdf10d%2Fimg%2Favatars%2Fava_0007-72.png",
            "first_name": "felicitybrand",
            "real_name": "felicitybrand",
            "display_name": "flicstar",
            "team": "TKFJE6LDR",
            "name": "felicitybrand",
            "is_restricted": false,
            "is_ultra_restricted": false
        },
        "edited": {
            "user": "UKV4ZPEFQ",
            "ts": "1600996546.000000"
        },
        "blocks": [
            {
                "type": "rich_text",
                "block_id": "\/Y4",
                "elements": [
                    {
                        "type": "rich_text_section",
                        "elements": [
                            {
                                "type": "text",
                                "text": "I put some columns in the Kanban "
                            },
                            {
                                "type": "link",
                                "url": "https:\/\/github.com\/thegooddocsproject\/thegooddocsproject.github.io\/projects\/1",
                                "text": "https:\/\/github.com\/thegooddocsproject\/thegooddocsproject.github.io\/projects\/1"
                            },
                            {
                                "type": "text",
                                "text": "\nI put all the existing issues in the 'Backlog' column and added the ones I think are relevant to the 'To Do' column. Feel free to move these.\nI also created a "
                            },
                            {
                                "type": "text",
                                "text": "Hugo ",
                                "style": {
                                    "bold": true
                                }
                            },
                            {
                                "type": "text",
                                "text": "label, so we can add that to issues."
                            }
                        ]
                    }
                ]
            }
        ],
        "thread_ts": "1600984556.001400",
        "reply_count": 1,
        "reply_users_count": 1,
        "latest_reply": "1601318514.001800",
        "reply_users": [
            "U018BJR6JQN"
        ],
        "replies": [
            {
                "user": "U018BJR6JQN",
                "ts": "1601318514.001800"
            }
        ],
        "subscribed": true,
        "last_read": "1601318514.001800",
        "reactions": [
            {
                "name": "thankyou",
                "users": [
                    "UL2AA1FF1",
                    "U018BJR6JQN"
                ],
                "count": 2
            }
        ]
    }
]