[
    {
        "client_msg_id": "0af2d9a7-ee60-4695-be3c-b6e049b62857",
        "type": "message",
        "text": "Awesome, thank you!",
        "user": "U018BJR6JQN",
        "ts": "1601318514.001800",
        "team": "TKFJE6LDR",
        "user_team": "TKFJE6LDR",
        "source_team": "TKFJE6LDR",
        "user_profile": {
            "avatar_hash": "97b8f5caa203",
            "image_72": "https:\/\/avatars.slack-edge.com\/2020-08-09\/1283637239046_97b8f5caa203a559ac3e_72.jpg",
            "first_name": "",
            "real_name": "Bryan Klein",
            "display_name": "Bryan Klein",
            "team": "TKFJE6LDR",
            "name": "klein",
            "is_restricted": false,
            "is_ultra_restricted": false
        },
        "blocks": [
            {
                "type": "rich_text",
                "block_id": "HmB",
                "elements": [
                    {
                        "type": "rich_text_section",
                        "elements": [
                            {
                                "type": "text",
                                "text": "Awesome, thank you!"
                            }
                        ]
                    }
                ]
            }
        ],
        "thread_ts": "1600984556.001400",
        "parent_user_id": "UKV4ZPEFQ"
    }
]