[
    {
        "client_msg_id": "30678fd8-db78-47ef-beda-1ea6b2c126b9",
        "type": "message",
        "text": "Hey <@U015W4HK0HL>, in our weekly meeting today, we were talking about Hugo migration, what people have learned, next steps etc. In a prior meeting you have mentioned a guide which I understand that you have which potentially could be a good reference? Is this in a form that can be shared, and if so, can you please provide a link to it.",
        "user": "UKTGLQNGG",
        "ts": "1600898369.002400",
        "team": "TKFJE6LDR",
        "user_team": "TKFJE6LDR",
        "source_team": "TKFJE6LDR",
        "user_profile": {
            "avatar_hash": "d6f4de222bb1",
            "image_72": "https:\/\/avatars.slack-edge.com\/2020-07-20\/1235580478119_d6f4de222bb1ed6b5960_72.jpg",
            "first_name": "Cameron",
            "real_name": "Cameron Shorter",
            "display_name": "cameronshorter",
            "team": "TKFJE6LDR",
            "name": "cameron.shorter",
            "is_restricted": false,
            "is_ultra_restricted": false
        },
        "blocks": [
            {
                "type": "rich_text",
                "block_id": "j3ygp",
                "elements": [
                    {
                        "type": "rich_text_section",
                        "elements": [
                            {
                                "type": "text",
                                "text": "Hey "
                            },
                            {
                                "type": "user",
                                "user_id": "U015W4HK0HL"
                            },
                            {
                                "type": "text",
                                "text": ", in our weekly meeting today, we were talking about Hugo migration, what people have learned, next steps etc. In a prior meeting you have mentioned a guide which I understand that you have which potentially could be a good reference? Is this in a form that can be shared, and if so, can you please provide a link to it."
                            }
                        ]
                    }
                ]
            }
        ]
    },
    {
        "client_msg_id": "215ef586-5cb7-4b15-b128-a00e70eb77e7",
        "type": "message",
        "text": "I mentioned the Istio Documentation Contribution guide: <https:\/\/istio.io\/latest\/about\/contribute\/>",
        "user": "U015W4HK0HL",
        "ts": "1600900819.003000",
        "team": "TKFJE6LDR",
        "user_team": "TKFJE6LDR",
        "source_team": "TKFJE6LDR",
        "user_profile": {
            "avatar_hash": "gcfe00a65e02",
            "image_72": "https:\/\/secure.gravatar.com\/avatar\/cfe00a65e02072b85ad937ab0e735882.jpg?s=72&d=https%3A%2F%2Fa.slack-edge.com%2Fdf10d%2Fimg%2Favatars%2Fava_0002-72.png",
            "first_name": "",
            "real_name": "Rigs Caballero",
            "display_name": "Rigs Caballero",
            "team": "TKFJE6LDR",
            "name": "grca",
            "is_restricted": false,
            "is_ultra_restricted": false
        },
        "attachments": [
            {
                "service_name": "Istio",
                "title": "Contribute Documentation",
                "title_link": "https:\/\/istio.io\/latest\/about\/contribute\/",
                "text": "Details how to create and maintain Istio documentation pages.",
                "fallback": "Istio: Contribute Documentation",
                "from_url": "https:\/\/istio.io\/latest\/about\/contribute\/",
                "service_icon": "https:\/\/istio.io\/favicon.ico",
                "id": 1,
                "original_url": "https:\/\/istio.io\/latest\/about\/contribute\/"
            }
        ],
        "blocks": [
            {
                "type": "rich_text",
                "block_id": "tc+",
                "elements": [
                    {
                        "type": "rich_text_section",
                        "elements": [
                            {
                                "type": "text",
                                "text": "I mentioned the Istio Documentation Contribution guide: "
                            },
                            {
                                "type": "link",
                                "url": "https:\/\/istio.io\/latest\/about\/contribute\/"
                            }
                        ]
                    }
                ]
            }
        ],
        "reactions": [
            {
                "name": "doctopus",
                "users": [
                    "UKTGLQNGG"
                ],
                "count": 1
            }
        ]
    }
]