[
    {
        "client_msg_id": "3f5c5b78-1a67-483f-a7b8-4262dc7e530f",
        "type": "message",
        "text": "<@UKV4ZPEFQ> I’d sort of ignored it — it is a static\/jekyll site so security vulns on that repo are probably low-level (I could be wrong…).  Unless you are pulling that from somewhere else?",
        "user": "U012Y26QWNA",
        "ts": "1602151704.006400",
        "team": "TKFJE6LDR",
        "user_team": "TKFJE6LDR",
        "source_team": "TKFJE6LDR",
        "user_profile": {
            "avatar_hash": "b91365ff7b22",
            "image_72": "https:\/\/avatars.slack-edge.com\/2020-05-06\/1092095570535_b91365ff7b22e688f785_72.jpg",
            "first_name": "",
            "real_name": "Morgan Craft",
            "display_name": "Morgan Craft",
            "team": "TKFJE6LDR",
            "name": "morgan",
            "is_restricted": false,
            "is_ultra_restricted": false
        },
        "edited": {
            "user": "U012Y26QWNA",
            "ts": "1602151728.000000"
        },
        "blocks": [
            {
                "type": "rich_text",
                "block_id": "StdLp",
                "elements": [
                    {
                        "type": "rich_text_section",
                        "elements": [
                            {
                                "type": "user",
                                "user_id": "UKV4ZPEFQ"
                            },
                            {
                                "type": "text",
                                "text": " I’d sort of ignored it — it is a static\/jekyll site so security vulns on that repo are probably low-level (I could be wrong…).  Unless you are pulling that from somewhere else?"
                            }
                        ]
                    }
                ]
            }
        ]
    },
    {
        "type": "message",
        "text": "",
        "files": [
            {
                "id": "F01C80GLW6N",
                "created": 1602170628,
                "timestamp": 1602170628,
                "name": "Screen Shot 2020-10-08 at 8.22.54 AM.png",
                "title": "Screen Shot 2020-10-08 at 8.22.54 AM.png",
                "mimetype": "image\/png",
                "filetype": "png",
                "pretty_type": "PNG",
                "user": "UL2AA1FF1",
                "editable": false,
                "size": 97036,
                "mode": "hosted",
                "is_external": false,
                "external_type": "",
                "is_public": true,
                "public_url_shared": false,
                "display_as_bot": false,
                "username": "",
                "url_private": "https:\/\/files.slack.com\/files-pri\/TKFJE6LDR-F01C80GLW6N\/screen_shot_2020-10-08_at_8.22.54_am.png?t=xoxe-661626224467-1569526674690-1562795895158-d39017af3b428bb8f8343c45199c28ef",
                "url_private_download": "https:\/\/files.slack.com\/files-pri\/TKFJE6LDR-F01C80GLW6N\/download\/screen_shot_2020-10-08_at_8.22.54_am.png?t=xoxe-661626224467-1569526674690-1562795895158-d39017af3b428bb8f8343c45199c28ef",
                "thumb_64": "https:\/\/files.slack.com\/files-tmb\/TKFJE6LDR-F01C80GLW6N-90d9184c9d\/screen_shot_2020-10-08_at_8.22.54_am_64.png?t=xoxe-661626224467-1569526674690-1562795895158-d39017af3b428bb8f8343c45199c28ef",
                "thumb_80": "https:\/\/files.slack.com\/files-tmb\/TKFJE6LDR-F01C80GLW6N-90d9184c9d\/screen_shot_2020-10-08_at_8.22.54_am_80.png?t=xoxe-661626224467-1569526674690-1562795895158-d39017af3b428bb8f8343c45199c28ef",
                "thumb_360": "https:\/\/files.slack.com\/files-tmb\/TKFJE6LDR-F01C80GLW6N-90d9184c9d\/screen_shot_2020-10-08_at_8.22.54_am_360.png?t=xoxe-661626224467-1569526674690-1562795895158-d39017af3b428bb8f8343c45199c28ef",
                "thumb_360_w": 360,
                "thumb_360_h": 181,
                "thumb_480": "https:\/\/files.slack.com\/files-tmb\/TKFJE6LDR-F01C80GLW6N-90d9184c9d\/screen_shot_2020-10-08_at_8.22.54_am_480.png?t=xoxe-661626224467-1569526674690-1562795895158-d39017af3b428bb8f8343c45199c28ef",
                "thumb_480_w": 480,
                "thumb_480_h": 242,
                "thumb_160": "https:\/\/files.slack.com\/files-tmb\/TKFJE6LDR-F01C80GLW6N-90d9184c9d\/screen_shot_2020-10-08_at_8.22.54_am_160.png?t=xoxe-661626224467-1569526674690-1562795895158-d39017af3b428bb8f8343c45199c28ef",
                "thumb_720": "https:\/\/files.slack.com\/files-tmb\/TKFJE6LDR-F01C80GLW6N-90d9184c9d\/screen_shot_2020-10-08_at_8.22.54_am_720.png?t=xoxe-661626224467-1569526674690-1562795895158-d39017af3b428bb8f8343c45199c28ef",
                "thumb_720_w": 720,
                "thumb_720_h": 363,
                "thumb_800": "https:\/\/files.slack.com\/files-tmb\/TKFJE6LDR-F01C80GLW6N-90d9184c9d\/screen_shot_2020-10-08_at_8.22.54_am_800.png?t=xoxe-661626224467-1569526674690-1562795895158-d39017af3b428bb8f8343c45199c28ef",
                "thumb_800_w": 800,
                "thumb_800_h": 403,
                "thumb_960": "https:\/\/files.slack.com\/files-tmb\/TKFJE6LDR-F01C80GLW6N-90d9184c9d\/screen_shot_2020-10-08_at_8.22.54_am_960.png?t=xoxe-661626224467-1569526674690-1562795895158-d39017af3b428bb8f8343c45199c28ef",
                "thumb_960_w": 960,
                "thumb_960_h": 484,
                "thumb_1024": "https:\/\/files.slack.com\/files-tmb\/TKFJE6LDR-F01C80GLW6N-90d9184c9d\/screen_shot_2020-10-08_at_8.22.54_am_1024.png?t=xoxe-661626224467-1569526674690-1562795895158-d39017af3b428bb8f8343c45199c28ef",
                "thumb_1024_w": 1024,
                "thumb_1024_h": 516,
                "original_w": 1088,
                "original_h": 548,
                "thumb_tiny": "AwAYADDRPX\/69H5\/nQSATml4NAAKWjFFABRRRQA1gSeKNp9adRQA3afWjDetOooAbhvWlAI6mlooA\/\/Z",
                "permalink": "https:\/\/thegooddocs.slack.com\/files\/UL2AA1FF1\/F01C80GLW6N\/screen_shot_2020-10-08_at_8.22.54_am.png",
                "permalink_public": "https:\/\/slack-files.com\/TKFJE6LDR-F01C80GLW6N-a2d3e1fb57",
                "is_starred": false,
                "has_rich_preview": false
            }
        ],
        "upload": false,
        "user": "UL2AA1FF1",
        "display_as_bot": false,
        "ts": "1602170637.007000"
    }
]