[
    {
        "type": "message",
        "subtype": "channel_join",
        "ts": "1607314661.007700",
        "user": "U01C8E33D0W",
        "text": "<@U01C8E33D0W> has joined the channel",
        "inviter": "U019868JEQ0"
    },
    {
        "client_msg_id": "8da156eb-dc8d-47ef-8ddc-f944f354c8c9",
        "type": "message",
        "text": "hi all! I'm testing out our new Slackbot, which will automatically post a link to a GitHub issue for this project, if you mention it in the format \"{repo name} issue {issue number}\". For example: templates issue 10",
        "user": "U019868JEQ0",
        "ts": "1607314790.009600",
        "team": "TKFJE6LDR",
        "user_team": "TKFJE6LDR",
        "source_team": "TKFJE6LDR",
        "user_profile": {
            "avatar_hash": "966d941975ff",
            "image_72": "https:\/\/avatars.slack-edge.com\/2020-08-09\/1275632926935_966d941975ff884d0fa4_72.jpg",
            "first_name": "",
            "real_name": "Aidan Doherty",
            "display_name": "Aidan Doherty",
            "team": "TKFJE6LDR",
            "name": "contact",
            "is_restricted": false,
            "is_ultra_restricted": false
        },
        "blocks": [
            {
                "type": "rich_text",
                "block_id": "teWYp",
                "elements": [
                    {
                        "type": "rich_text_section",
                        "elements": [
                            {
                                "type": "text",
                                "text": "hi all! I'm testing out our new Slackbot, which will automatically post a link to a GitHub issue for this project, if you mention it in the format \"{repo name} issue {issue number}\". For example: templates issue 10"
                            }
                        ]
                    }
                ]
            }
        ]
    },
    {
        "bot_id": "B01CMAXGNUU",
        "type": "message",
        "text": "See GitHub <https:\/\/github.com\/thegooddocsproject\/templates\/issues\/10|templates issue 10> that was just mentioned.\n",
        "user": "U01C8E33D0W",
        "ts": "1607314791.009700",
        "team": "TKFJE6LDR",
        "bot_profile": {
            "id": "B01CMAXGNUU",
            "deleted": false,
            "name": "gdpbot",
            "updated": 1602974955,
            "app_id": "A01C39T14KW",
            "icons": {
                "image_36": "https:\/\/a.slack-edge.com\/80588\/img\/plugins\/app\/bot_36.png",
                "image_48": "https:\/\/a.slack-edge.com\/80588\/img\/plugins\/app\/bot_48.png",
                "image_72": "https:\/\/a.slack-edge.com\/80588\/img\/plugins\/app\/service_72.png"
            },
            "team_id": "TKFJE6LDR"
        },
        "edited": {
            "user": "B01CMAXGNUU",
            "ts": "1607314792.000000"
        },
        "attachments": [
            {
                "author_name": "camerons",
                "fallback": "[thegooddocsproject\/templates] #10 test 9",
                "title": "#10 test 9",
                "footer": "<https:\/\/github.com\/thegooddocsproject\/templates|thegooddocsproject\/templates>",
                "id": 1,
                "title_link": "https:\/\/github.com\/thegooddocsproject\/templates\/pull\/10",
                "author_link": "https:\/\/github.com\/camerons",
                "author_icon": "https:\/\/avatars0.githubusercontent.com\/u\/1243535?v=4",
                "footer_icon": "https:\/\/github.githubassets.com\/favicon.ico",
                "ts": 1566470935,
                "color": "cb2431",
                "fields": [
                    {
                        "title": "Comments",
                        "value": "1",
                        "short": true
                    }
                ],
                "mrkdwn_in": [
                    "text"
                ],
                "bot_id": "BU8U6P6AH",
                "app_unfurl_url": "https:\/\/github.com\/thegooddocsproject\/templates\/issues\/10",
                "is_app_unfurl": true
            }
        ]
    },
    {
        "bot_id": "B01CMAXGNUU",
        "type": "message",
        "text": "See GitHub <https:\/\/github.com\/thegooddocsproject\/templates\/issues\/10|templates issue 10> that was just mentioned.\n",
        "user": "U01C8E33D0W",
        "ts": "1607314794.009900",
        "team": "TKFJE6LDR",
        "bot_profile": {
            "id": "B01CMAXGNUU",
            "deleted": false,
            "name": "gdpbot",
            "updated": 1602974955,
            "app_id": "A01C39T14KW",
            "icons": {
                "image_36": "https:\/\/a.slack-edge.com\/80588\/img\/plugins\/app\/bot_36.png",
                "image_48": "https:\/\/a.slack-edge.com\/80588\/img\/plugins\/app\/bot_48.png",
                "image_72": "https:\/\/a.slack-edge.com\/80588\/img\/plugins\/app\/service_72.png"
            },
            "team_id": "TKFJE6LDR"
        }
    },
    {
        "client_msg_id": "9d9b41c8-5a42-46e6-8746-8d9442cf06b6",
        "type": "message",
        "text": "feel free to kick the tires and let me know if you find any bugs",
        "user": "U019868JEQ0",
        "ts": "1607314832.010400",
        "team": "TKFJE6LDR",
        "user_team": "TKFJE6LDR",
        "source_team": "TKFJE6LDR",
        "user_profile": {
            "avatar_hash": "966d941975ff",
            "image_72": "https:\/\/avatars.slack-edge.com\/2020-08-09\/1275632926935_966d941975ff884d0fa4_72.jpg",
            "first_name": "",
            "real_name": "Aidan Doherty",
            "display_name": "Aidan Doherty",
            "team": "TKFJE6LDR",
            "name": "contact",
            "is_restricted": false,
            "is_ultra_restricted": false
        },
        "blocks": [
            {
                "type": "rich_text",
                "block_id": "GTJzH",
                "elements": [
                    {
                        "type": "rich_text_section",
                        "elements": [
                            {
                                "type": "text",
                                "text": "feel free to kick the tires and let me know if you find any bugs"
                            }
                        ]
                    }
                ]
            }
        ],
        "thread_ts": "1607314832.010400",
        "reply_count": 2,
        "reply_users_count": 2,
        "latest_reply": "1607361563.013000",
        "reply_users": [
            "UKV4ZPEFQ",
            "U019868JEQ0"
        ],
        "replies": [
            {
                "user": "UKV4ZPEFQ",
                "ts": "1607318572.012400"
            },
            {
                "user": "U019868JEQ0",
                "ts": "1607361563.013000"
            }
        ],
        "subscribed": true,
        "last_read": "1607361563.013000"
    },
    {
        "bot_id": "B01CMAXGNUU",
        "type": "message",
        "text": "See GitHub <https:\/\/github.com\/thegooddocsproject\/templates\/issues\/10|templates issue 10> that was just mentioned.\n",
        "user": "U01C8E33D0W",
        "ts": "1607314857.010500",
        "team": "TKFJE6LDR",
        "bot_profile": {
            "id": "B01CMAXGNUU",
            "deleted": false,
            "name": "gdpbot",
            "updated": 1602974955,
            "app_id": "A01C39T14KW",
            "icons": {
                "image_36": "https:\/\/a.slack-edge.com\/80588\/img\/plugins\/app\/bot_36.png",
                "image_48": "https:\/\/a.slack-edge.com\/80588\/img\/plugins\/app\/bot_48.png",
                "image_72": "https:\/\/a.slack-edge.com\/80588\/img\/plugins\/app\/service_72.png"
            },
            "team_id": "TKFJE6LDR"
        }
    },
    {
        "bot_id": "B01CMAXGNUU",
        "type": "message",
        "text": "See GitHub <https:\/\/github.com\/thegooddocsproject\/templates\/issues\/10|templates issue 10> that was just mentioned.\n",
        "user": "U01C8E33D0W",
        "ts": "1607315166.010600",
        "team": "TKFJE6LDR",
        "bot_profile": {
            "id": "B01CMAXGNUU",
            "deleted": false,
            "name": "gdpbot",
            "updated": 1602974955,
            "app_id": "A01C39T14KW",
            "icons": {
                "image_36": "https:\/\/a.slack-edge.com\/80588\/img\/plugins\/app\/bot_36.png",
                "image_48": "https:\/\/a.slack-edge.com\/80588\/img\/plugins\/app\/bot_48.png",
                "image_72": "https:\/\/a.slack-edge.com\/80588\/img\/plugins\/app\/service_72.png"
            },
            "team_id": "TKFJE6LDR"
        }
    },
    {
        "client_msg_id": "A5446061-FBC3-4094-9D09-156F3CBFB96B",
        "type": "message",
        "text": "<http:\/\/thegooddocsproject.github.io|thegooddocsproject.github.io> issue 66",
        "user": "UKV4ZPEFQ",
        "ts": "1607318454.010900",
        "team": "TKFJE6LDR",
        "user_team": "TKFJE6LDR",
        "source_team": "TKFJE6LDR",
        "user_profile": {
            "avatar_hash": "g854c628ef64",
            "image_72": "https:\/\/secure.gravatar.com\/avatar\/6854c628ef64a4c129a994522e17cdf2.jpg?s=72&d=https%3A%2F%2Fa.slack-edge.com%2Fdf10d%2Fimg%2Favatars%2Fava_0007-72.png",
            "first_name": "felicitybrand",
            "real_name": "felicitybrand",
            "display_name": "flicstar",
            "team": "TKFJE6LDR",
            "name": "felicitybrand",
            "is_restricted": false,
            "is_ultra_restricted": false
        },
        "blocks": [
            {
                "type": "rich_text",
                "block_id": "L5MD",
                "elements": [
                    {
                        "type": "rich_text_section",
                        "elements": [
                            {
                                "type": "link",
                                "url": "http:\/\/thegooddocsproject.github.io",
                                "text": "thegooddocsproject.github.io"
                            },
                            {
                                "type": "text",
                                "text": " issue 66"
                            }
                        ]
                    }
                ]
            }
        ]
    },
    {
        "bot_id": "B01CMAXGNUU",
        "type": "message",
        "text": "See GitHub <https:\/\/github.com\/thegooddocsproject\/thegooddocsproject.github.io\/issues\/66|thegooddocsproject.github.io issue 66> that was just mentioned.\n",
        "user": "U01C8E33D0W",
        "ts": "1607318462.011000",
        "team": "TKFJE6LDR",
        "bot_profile": {
            "id": "B01CMAXGNUU",
            "deleted": false,
            "name": "gdpbot",
            "updated": 1602974955,
            "app_id": "A01C39T14KW",
            "icons": {
                "image_36": "https:\/\/a.slack-edge.com\/80588\/img\/plugins\/app\/bot_36.png",
                "image_48": "https:\/\/a.slack-edge.com\/80588\/img\/plugins\/app\/bot_48.png",
                "image_72": "https:\/\/a.slack-edge.com\/80588\/img\/plugins\/app\/service_72.png"
            },
            "team_id": "TKFJE6LDR"
        },
        "edited": {
            "user": "B01CMAXGNUU",
            "ts": "1607318464.000000"
        },
        "attachments": [
            {
                "author_name": "flicstar",
                "fallback": "[thegooddocsproject\/thegooddocsproject.github.io] #66 Wiggles copyright issue on car image in IA Guide",
                "text": "*Describe the bug*\n\n<http:\/\/thegooddocsproject.github.io\/ia-guide\/images\/car.png|thegooddocsproject.github.io\/ia-guide\/images\/car.png>  \n<http:\/\/thegooddocsproject.github.io\/ia-guide\/images\/car.svg|thegooddocsproject.github.io\/ia-guide\/images\/car.svg>\n\nI'm not across copyright law, but I'm wondering if we're borderline with the Wiggles here? \"The Big Red Car\" is clearly affiliated with The Wiggles, and the song \"Toot toot chugga chugga big red car\" is one of their biggest hits.  \nThe image on this page <https:\/\/wiggles.fandom.com\/wiki\/Toot_Toot,_Chugga_Chugga,_Big_Red_Car|https:\/\/wiggles.fandom.com\/wiki\/Toot_Toot,_Chugga_Chugga,_Big_Red_Car> looks very close to the hand drawn image we're using. Are we infringing?\n\nPerhaps we can change the words or remove the words from the image.",
                "title": "#66 Wiggles copyright issue on car image in IA Guide",
                "footer": "<https:\/\/github.com\/thegooddocsproject\/thegooddocsproject.github.io|thegooddocsproject\/thegooddocsproject.github.io>",
                "id": 1,
                "title_link": "https:\/\/github.com\/thegooddocsproject\/thegooddocsproject.github.io\/issues\/66",
                "author_link": "https:\/\/github.com\/flicstar",
                "author_icon": "https:\/\/avatars3.githubusercontent.com\/u\/10190723?v=4",
                "footer_icon": "https:\/\/github.githubassets.com\/favicon.ico",
                "ts": 1607294727,
                "color": "36a64f",
                "mrkdwn_in": [
                    "text"
                ],
                "bot_id": "BU8U6P6AH",
                "app_unfurl_url": "https:\/\/github.com\/thegooddocsproject\/thegooddocsproject.github.io\/issues\/66",
                "is_app_unfurl": true
            }
        ]
    },
    {
        "bot_id": "B01CMAXGNUU",
        "type": "message",
        "text": "See GitHub <https:\/\/github.com\/thegooddocsproject\/thegooddocsproject.github.io\/issues\/66|thegooddocsproject.github.io issue 66> that was just mentioned.\n",
        "user": "U01C8E33D0W",
        "ts": "1607318462.011100",
        "team": "TKFJE6LDR",
        "bot_profile": {
            "id": "B01CMAXGNUU",
            "deleted": false,
            "name": "gdpbot",
            "updated": 1602974955,
            "app_id": "A01C39T14KW",
            "icons": {
                "image_36": "https:\/\/a.slack-edge.com\/80588\/img\/plugins\/app\/bot_36.png",
                "image_48": "https:\/\/a.slack-edge.com\/80588\/img\/plugins\/app\/bot_48.png",
                "image_72": "https:\/\/a.slack-edge.com\/80588\/img\/plugins\/app\/service_72.png"
            },
            "team_id": "TKFJE6LDR"
        }
    },
    {
        "bot_id": "B01CMAXGNUU",
        "type": "message",
        "text": "See GitHub <https:\/\/github.com\/thegooddocsproject\/thegooddocsproject.github.io\/issues\/66|thegooddocsproject.github.io issue 66> that was just mentioned.\n",
        "user": "U01C8E33D0W",
        "ts": "1607318526.011300",
        "team": "TKFJE6LDR",
        "bot_profile": {
            "id": "B01CMAXGNUU",
            "deleted": false,
            "name": "gdpbot",
            "updated": 1602974955,
            "app_id": "A01C39T14KW",
            "icons": {
                "image_36": "https:\/\/a.slack-edge.com\/80588\/img\/plugins\/app\/bot_36.png",
                "image_48": "https:\/\/a.slack-edge.com\/80588\/img\/plugins\/app\/bot_48.png",
                "image_72": "https:\/\/a.slack-edge.com\/80588\/img\/plugins\/app\/service_72.png"
            },
            "team_id": "TKFJE6LDR"
        }
    },
    {
        "client_msg_id": "C7A28DC4-0B49-440A-91B0-85CB9B79C176",
        "type": "message",
        "text": "I raised an issue today. Tested and it works :+1::skin-tone-3: it’s a bit echoey- how many times did you expect it to say the same thing? :smiley:",
        "user": "UKV4ZPEFQ",
        "ts": "1607318572.012400",
        "team": "TKFJE6LDR",
        "user_team": "TKFJE6LDR",
        "source_team": "TKFJE6LDR",
        "user_profile": {
            "avatar_hash": "g854c628ef64",
            "image_72": "https:\/\/secure.gravatar.com\/avatar\/6854c628ef64a4c129a994522e17cdf2.jpg?s=72&d=https%3A%2F%2Fa.slack-edge.com%2Fdf10d%2Fimg%2Favatars%2Fava_0007-72.png",
            "first_name": "felicitybrand",
            "real_name": "felicitybrand",
            "display_name": "flicstar",
            "team": "TKFJE6LDR",
            "name": "felicitybrand",
            "is_restricted": false,
            "is_ultra_restricted": false
        },
        "blocks": [
            {
                "type": "rich_text",
                "block_id": "F2YUC",
                "elements": [
                    {
                        "type": "rich_text_section",
                        "elements": [
                            {
                                "type": "text",
                                "text": "I raised an issue today. Tested and it works "
                            },
                            {
                                "type": "emoji",
                                "name": "+1",
                                "skin_tone": 3
                            },
                            {
                                "type": "text",
                                "text": " it’s a bit echoey- how many times did you expect it to say the same thing? "
                            },
                            {
                                "type": "emoji",
                                "name": "smiley"
                            }
                        ]
                    }
                ]
            }
        ],
        "thread_ts": "1607314832.010400",
        "parent_user_id": "U019868JEQ0"
    },
    {
        "bot_id": "B01CMAXGNUU",
        "type": "message",
        "text": "See GitHub <https:\/\/github.com\/thegooddocsproject\/thegooddocsproject.github.io\/issues\/66|thegooddocsproject.github.io issue 66> that was just mentioned.\n",
        "user": "U01C8E33D0W",
        "ts": "1607318829.012600",
        "team": "TKFJE6LDR",
        "bot_profile": {
            "id": "B01CMAXGNUU",
            "deleted": false,
            "name": "gdpbot",
            "updated": 1602974955,
            "app_id": "A01C39T14KW",
            "icons": {
                "image_36": "https:\/\/a.slack-edge.com\/80588\/img\/plugins\/app\/bot_36.png",
                "image_48": "https:\/\/a.slack-edge.com\/80588\/img\/plugins\/app\/bot_48.png",
                "image_72": "https:\/\/a.slack-edge.com\/80588\/img\/plugins\/app\/service_72.png"
            },
            "team_id": "TKFJE6LDR"
        }
    }
]