[
    {
        "client_msg_id": "34055407-d26b-420d-94f4-d70ba47e0949",
        "type": "message",
        "text": "Folks, we’re running the Tool the Docs Dev room again at Fosdem next year, can I post the CfP here? It’s slightly long…",
        "user": "U014V7JDGPM",
        "ts": "1607093692.002900",
        "team": "TKFJE6LDR",
        "user_team": "TKFJE6LDR",
        "source_team": "TKFJE6LDR",
        "user_profile": {
            "avatar_hash": "g35a44b69ae5",
            "image_72": "https:\/\/secure.gravatar.com\/avatar\/35a44b69ae5c2c1d250216f8ccc9d67c.jpg?s=72&d=https%3A%2F%2Fa.slack-edge.com%2Fdf10d%2Fimg%2Favatars%2Fava_0019-72.png",
            "first_name": "",
            "real_name": "ChrisChinchilla",
            "display_name": "ChrisChinchilla",
            "team": "TKFJE6LDR",
            "name": "chris",
            "is_restricted": false,
            "is_ultra_restricted": false
        },
        "blocks": [
            {
                "type": "rich_text",
                "block_id": "6Ia3K",
                "elements": [
                    {
                        "type": "rich_text_section",
                        "elements": [
                            {
                                "type": "text",
                                "text": "Folks, we’re running the Tool the Docs Dev room again at Fosdem next year, can I post the CfP here? It’s slightly long…"
                            }
                        ]
                    }
                ]
            }
        ],
        "reactions": [
            {
                "name": "+1",
                "users": [
                    "UL2AA1FF1"
                ],
                "count": 1
            }
        ]
    },
    {
        "client_msg_id": "2f1d915e-3cb7-4a7a-aab7-d152c11166b2",
        "type": "message",
        "text": "I don't see why not?",
        "user": "U012KCMPP0V",
        "ts": "1607098571.003100",
        "team": "TKFJE6LDR",
        "user_team": "TKFJE6LDR",
        "source_team": "TKFJE6LDR",
        "user_profile": {
            "avatar_hash": "b26729f0b5f2",
            "image_72": "https:\/\/avatars.slack-edge.com\/2020-04-27\/1089031639347_b26729f0b5f2375494a1_72.png",
            "first_name": "Alyssa",
            "real_name": "Alyssa",
            "display_name": "Alyssa",
            "team": "TKFJE6LDR",
            "name": "alyssa.rock.biz",
            "is_restricted": false,
            "is_ultra_restricted": false
        },
        "blocks": [
            {
                "type": "rich_text",
                "block_id": "LL+kx",
                "elements": [
                    {
                        "type": "rich_text_section",
                        "elements": [
                            {
                                "type": "text",
                                "text": "I don't see why not?"
                            }
                        ]
                    }
                ]
            }
        ]
    },
    {
        "client_msg_id": "b8936db4-2548-4792-a22c-50a6cdb80247",
        "type": "message",
        "text": "Here it comes…\n\n*We’re pleased to announce the *Call for Participation* for the FOSDEM 2021 *Tool The Docs* devroom.*\n\n- FOSDEM is one of the largest gatherings of Free Software contributors in the world and happens each year in Brussels (Belgium) at the ULB Campus Solbosch. In 2021, it will be held online on Saturday, February 6th, and Sunday, February 7th.\n- FOSDEM is free to attend. There is no registration.\n- FOSDEM website: <http:\/\/www.fosdem.org\/>\n- FOSDEM code of conduct: <https:\/\/fosdem.org\/2021\/practical\/conduct\/>\n\nPlease forward this CFP to anyone you think may be interested in presenting or attending.\n-------------------------------------------------------------------------------------------------------------------------\n\nAfter a successful run in 2019, we are excited to announce the *Tool the Docs developer room* at FOSDEM 2021!\n\nThe developer room focuses on *free and open source tools for writing, managing, testing and rendering documentation*. \nIt will run on *Sunday 7th February* for half a day.\n\n## New rules \/ What changes since last year:\n\n- For obvious reasons, this year the event will not take place in a physical location but online.\n- The reference time will be Brussels local lime (CET).\n- Talks will be pre-recorded in advance, and streamed during the event – Before proposing a session, please make sure you will have the facilities (camera, microphone, network) and time to prepare, upload and review a recording during the first two weeks of January if your proposal is accepted.\n- Q\/A session will be live after your talk.\n- A platform will be provided for people watching to chat between themselves.\n- A platform will be provided for people watching to submit questions.\n.\n## Key dates:\n\n*- Submission deadline: 22nd December 2020*\n- Announcement of selected talks: 31st December 2020\n- Devroom date: Sunday 7th February 2021 online\n\n## Topics:\n\n**We welcome proposals from those working with tools for documentation as well as those creating and maintaining them*, plus any related topics you think might fit into the room.* This is a great opportunity to show new ideas and developments to a technical audience from a wide range of free and open source communities. *Please do keep in mind that product pitches are not allowed at FOSDEM.*\n\nA few examples:\n- Static site generators for documentation\n- Docs-as-code\n- Automated processes\n- Toolchains\n\n## How to submit:\n\nWe are accepting talks of 20-30 minutes, with time for questions afterward. The QA session will be live. If you want less or more time, please let us know in your submission.\n\nAll submissions have to be made in the Pentabarf event planning tool:\n<http:\/\/penta.fosdem.org\/submission\/FOSDEM21|penta.fosdem.org\/submission\/FOSDEM21>\n\nWhile creating your proposal, please provide the title of your talk, a short abstract (one or two paragraphs), some information about yourself (eg. name, bio, photo, contact information, but remember that your profile might be already stored in Pentabarf).",
        "user": "U014V7JDGPM",
        "ts": "1607099463.003500",
        "team": "TKFJE6LDR",
        "user_team": "TKFJE6LDR",
        "source_team": "TKFJE6LDR",
        "user_profile": {
            "avatar_hash": "g35a44b69ae5",
            "image_72": "https:\/\/secure.gravatar.com\/avatar\/35a44b69ae5c2c1d250216f8ccc9d67c.jpg?s=72&d=https%3A%2F%2Fa.slack-edge.com%2Fdf10d%2Fimg%2Favatars%2Fava_0019-72.png",
            "first_name": "",
            "real_name": "ChrisChinchilla",
            "display_name": "ChrisChinchilla",
            "team": "TKFJE6LDR",
            "name": "chris",
            "is_restricted": false,
            "is_ultra_restricted": false
        },
        "attachments": [
            {
                "title": "FOSDEM 2021 - Home",
                "title_link": "http:\/\/www.fosdem.org\/",
                "fallback": "FOSDEM 2021 - Home",
                "image_url": "https:\/\/fosdem.org\/2021\/assets\/style\/logo-gear-7204a6874eb0128932db10ff4030910401ac06f4e907f8b4a40da24ba592b252.png",
                "from_url": "http:\/\/www.fosdem.org\/",
                "image_width": 200,
                "image_height": 200,
                "image_bytes": 9557,
                "service_icon": "https:\/\/fosdem.org\/2021\/apple-touch-icon.png",
                "service_name": "fosdem.org",
                "id": 1,
                "original_url": "http:\/\/www.fosdem.org\/"
            },
            {
                "title": "FOSDEM 2021 - Code of Conduct",
                "title_link": "https:\/\/fosdem.org\/2021\/practical\/conduct\/",
                "fallback": "FOSDEM 2021 - Code of Conduct",
                "image_url": "https:\/\/fosdem.org\/2021\/assets\/style\/logo-gear-7204a6874eb0128932db10ff4030910401ac06f4e907f8b4a40da24ba592b252.png",
                "from_url": "https:\/\/fosdem.org\/2021\/practical\/conduct\/",
                "image_width": 200,
                "image_height": 200,
                "image_bytes": 9557,
                "service_icon": "https:\/\/fosdem.org\/2021\/apple-touch-icon.png",
                "service_name": "fosdem.org",
                "id": 2,
                "original_url": "https:\/\/fosdem.org\/2021\/practical\/conduct\/"
            }
        ],
        "blocks": [
            {
                "type": "rich_text",
                "block_id": "29oH",
                "elements": [
                    {
                        "type": "rich_text_section",
                        "elements": [
                            {
                                "type": "text",
                                "text": "Here it comes…\n\n"
                            },
                            {
                                "type": "text",
                                "text": "We’re pleased to announce the *Call for Participation* for the FOSDEM 2021 *Tool The Docs* devroom.",
                                "style": {
                                    "bold": true
                                }
                            },
                            {
                                "type": "text",
                                "text": "\n\n- FOSDEM is one of the largest gatherings of Free Software contributors in the world and happens each year in Brussels (Belgium) at the ULB Campus Solbosch. In 2021, it will be held online on Saturday, February 6th, and Sunday, February 7th.\n- FOSDEM is free to attend. There is no registration.\n- FOSDEM website: "
                            },
                            {
                                "type": "link",
                                "url": "http:\/\/www.fosdem.org\/"
                            },
                            {
                                "type": "text",
                                "text": "\n- FOSDEM code of conduct: "
                            },
                            {
                                "type": "link",
                                "url": "https:\/\/fosdem.org\/2021\/practical\/conduct\/"
                            },
                            {
                                "type": "text",
                                "text": "\n\nPlease forward this CFP to anyone you think may be interested in presenting or attending.\n-------------------------------------------------------------------------------------------------------------------------\n\nAfter a successful run in 2019, we are excited to announce the *Tool the Docs developer room* at FOSDEM 2021!\n\nThe developer room focuses on *free and open source tools for writing, managing, testing and rendering documentation*. \nIt will run on *Sunday 7th February* for half a day.\n\n## New rules \/ What changes since last year:\n\n- For obvious reasons, this year the event will not take place in a physical location but online.\n- The reference time will be Brussels local lime (CET).\n- Talks will be pre-recorded in advance, and streamed during the event – Before proposing a session, please make sure you will have the facilities (camera, microphone, network) and time to prepare, upload and review a recording during the first two weeks of January if your proposal is accepted.\n- Q\/A session will be live after your talk.\n- A platform will be provided for people watching to chat between themselves.\n- A platform will be provided for people watching to submit questions.\n.\n## Key dates:\n\n"
                            },
                            {
                                "type": "text",
                                "text": "- Submission deadline: 22nd December 2020",
                                "style": {
                                    "bold": true
                                }
                            },
                            {
                                "type": "text",
                                "text": "\n- Announcement of selected talks: 31st December 2020\n- Devroom date: Sunday 7th February 2021 online\n\n## Topics:\n\n"
                            },
                            {
                                "type": "text",
                                "text": "*We welcome proposals from those working with tools for documentation as well as those creating and maintaining them*, plus any related topics you think might fit into the room.",
                                "style": {
                                    "bold": true
                                }
                            },
                            {
                                "type": "text",
                                "text": " This is a great opportunity to show new ideas and developments to a technical audience from a wide range of free and open source communities. *Please do keep in mind that product pitches are not allowed at FOSDEM.*\n\nA few examples:\n- Static site generators for documentation\n- Docs-as-code\n- Automated processes\n- Toolchains\n\n## How to submit:\n\nWe are accepting talks of 20-30 minutes, with time for questions afterward. The QA session will be live. If you want less or more time, please let us know in your submission.\n\nAll submissions have to be made in the Pentabarf event planning tool:\n"
                            },
                            {
                                "type": "link",
                                "url": "http:\/\/penta.fosdem.org\/submission\/FOSDEM21",
                                "text": "penta.fosdem.org\/submission\/FOSDEM21"
                            },
                            {
                                "type": "text",
                                "text": "\n\nWhile creating your proposal, please provide the title of your talk, a short abstract (one or two paragraphs), some information about yourself (eg. name, bio, photo, contact information, but remember that your profile might be already stored in Pentabarf)."
                            }
                        ]
                    }
                ]
            }
        ]
    },
    {
        "client_msg_id": "ebd16d96-1a4f-4b13-82a9-dda5807fea25",
        "type": "message",
        "text": "hey <@U014V7JDGPM>,I assume you have this \"Tools for Docs\" as an email? Could you please email to <mailto:thegooddocsproject@groups.io|thegooddocsproject@groups.io> . I'd like to forward it internally within Google.\nI think it would be great to make a showing from The Good Docs Project. Maybe a lightning talk about what we are trying to achieve \"best practice templates and processes for open source docs\", followed by our wish-list for doc-tooling.",
        "user": "UKTGLQNGG",
        "ts": "1607105788.007300",
        "team": "TKFJE6LDR",
        "user_team": "TKFJE6LDR",
        "source_team": "TKFJE6LDR",
        "user_profile": {
            "avatar_hash": "d6f4de222bb1",
            "image_72": "https:\/\/avatars.slack-edge.com\/2020-07-20\/1235580478119_d6f4de222bb1ed6b5960_72.jpg",
            "first_name": "Cameron",
            "real_name": "Cameron Shorter",
            "display_name": "cameronshorter",
            "team": "TKFJE6LDR",
            "name": "cameron.shorter",
            "is_restricted": false,
            "is_ultra_restricted": false
        },
        "blocks": [
            {
                "type": "rich_text",
                "block_id": "lyQ",
                "elements": [
                    {
                        "type": "rich_text_section",
                        "elements": [
                            {
                                "type": "text",
                                "text": "hey "
                            },
                            {
                                "type": "user",
                                "user_id": "U014V7JDGPM"
                            },
                            {
                                "type": "text",
                                "text": ",I assume you have this \"Tools for Docs\" as an email? Could you please email to "
                            },
                            {
                                "type": "link",
                                "url": "mailto:thegooddocsproject@groups.io",
                                "text": "thegooddocsproject@groups.io"
                            },
                            {
                                "type": "text",
                                "text": " . I'd like to forward it internally within Google.\nI think it would be great to make a showing from The Good Docs Project. Maybe a lightning talk about what we are trying to achieve \"best practice templates and processes for open source docs\", followed by our wish-list for doc-tooling."
                            }
                        ]
                    }
                ]
            }
        ],
        "thread_ts": "1607105788.007300",
        "reply_count": 1,
        "reply_users_count": 1,
        "latest_reply": "1607336318.012700",
        "reply_users": [
            "U014V7JDGPM"
        ],
        "replies": [
            {
                "user": "U014V7JDGPM",
                "ts": "1607336318.012700"
            }
        ],
        "subscribed": false
    }
]