[
    {
        "client_msg_id": "ae10f1fe-2338-47a2-b131-951e07f7f379",
        "type": "message",
        "text": "Ahh yes we do, as that’s how Fosdem organises things",
        "user": "U014V7JDGPM",
        "ts": "1607336318.012700",
        "team": "TKFJE6LDR",
        "user_team": "TKFJE6LDR",
        "source_team": "TKFJE6LDR",
        "user_profile": {
            "avatar_hash": "g35a44b69ae5",
            "image_72": "https:\/\/secure.gravatar.com\/avatar\/35a44b69ae5c2c1d250216f8ccc9d67c.jpg?s=72&d=https%3A%2F%2Fa.slack-edge.com%2Fdf10d%2Fimg%2Favatars%2Fava_0019-72.png",
            "first_name": "",
            "real_name": "ChrisChinchilla",
            "display_name": "ChrisChinchilla",
            "team": "TKFJE6LDR",
            "name": "chris",
            "is_restricted": false,
            "is_ultra_restricted": false
        },
        "blocks": [
            {
                "type": "rich_text",
                "block_id": "\/Znr",
                "elements": [
                    {
                        "type": "rich_text_section",
                        "elements": [
                            {
                                "type": "text",
                                "text": "Ahh yes we do, as that’s how Fosdem organises things"
                            }
                        ]
                    }
                ]
            }
        ],
        "thread_ts": "1607105788.007300",
        "parent_user_id": "UKTGLQNGG"
    },
    {
        "client_msg_id": "ab80b0c7-3c86-4f72-ad46-ff5b608b0400",
        "type": "message",
        "text": "it should only say it once, so it looks like there's a bug there :slightly_smiling_face:",
        "user": "U019868JEQ0",
        "ts": "1607361563.013000",
        "team": "TKFJE6LDR",
        "user_team": "TKFJE6LDR",
        "source_team": "TKFJE6LDR",
        "user_profile": {
            "avatar_hash": "966d941975ff",
            "image_72": "https:\/\/avatars.slack-edge.com\/2020-08-09\/1275632926935_966d941975ff884d0fa4_72.jpg",
            "first_name": "",
            "real_name": "Aidan Doherty",
            "display_name": "Aidan Doherty",
            "team": "TKFJE6LDR",
            "name": "contact",
            "is_restricted": false,
            "is_ultra_restricted": false
        },
        "blocks": [
            {
                "type": "rich_text",
                "block_id": "uJeDF",
                "elements": [
                    {
                        "type": "rich_text_section",
                        "elements": [
                            {
                                "type": "text",
                                "text": "it should only say it once, so it looks like there's a bug there "
                            },
                            {
                                "type": "emoji",
                                "name": "slightly_smiling_face"
                            }
                        ]
                    }
                ]
            }
        ],
        "thread_ts": "1607314832.010400",
        "parent_user_id": "U019868JEQ0"
    }
]