[
    {
        "type": "message",
        "subtype": "channel_join",
        "ts": "1573591986.000200",
        "user": "UL9F82XL3",
        "text": "<@UL9F82XL3> has joined the channel"
    },
    {
        "type": "message",
        "subtype": "channel_purpose",
        "ts": "1573591986.000300",
        "user": "UL9F82XL3",
        "text": "<@UL9F82XL3> set the channel purpose: Channel for all peeps who are taking part in the activity during WTD Conference 2019",
        "purpose": "Channel for all peeps who are taking part in the activity during WTD Conference 2019"
    },
    {
        "type": "message",
        "subtype": "channel_join",
        "ts": "1573592530.000500",
        "user": "UL2AA1FF1",
        "text": "<@UL2AA1FF1> has joined the channel"
    },
    {
        "type": "message",
        "subtype": "channel_join",
        "ts": "1573596348.000200",
        "user": "UKV4ZPEFQ",
        "text": "<@UKV4ZPEFQ> has joined the channel"
    },
    {
        "client_msg_id": "0b3c88b2-31c4-4409-978d-14bbb79754c6",
        "type": "message",
        "text": "Can someone remember to take some photos please? :camera_with_flash:",
        "user": "UKV4ZPEFQ",
        "ts": "1573596405.000700",
        "team": "TKFJE6LDR",
        "user_team": "TKFJE6LDR",
        "source_team": "TKFJE6LDR",
        "user_profile": {
            "avatar_hash": "g854c628ef64",
            "image_72": "https:\/\/secure.gravatar.com\/avatar\/6854c628ef64a4c129a994522e17cdf2.jpg?s=72&d=https%3A%2F%2Fa.slack-edge.com%2Fdf10d%2Fimg%2Favatars%2Fava_0007-72.png",
            "first_name": "felicitybrand",
            "real_name": "felicitybrand",
            "display_name": "flicstar",
            "team": "TKFJE6LDR",
            "name": "felicitybrand",
            "is_restricted": false,
            "is_ultra_restricted": false
        }
    },
    {
        "type": "message",
        "subtype": "channel_join",
        "ts": "1573598468.000900",
        "user": "UKVC4NB71",
        "text": "<@UKVC4NB71> has joined the channel"
    },
    {
        "client_msg_id": "7b574e80-6aff-4632-81d1-9d6154a66124",
        "type": "message",
        "text": "Yep",
        "user": "UKVC4NB71",
        "ts": "1573598472.001100",
        "team": "TKFJE6LDR",
        "user_team": "TKFJE6LDR",
        "source_team": "TKFJE6LDR",
        "user_profile": {
            "avatar_hash": "c7d9788d4436",
            "image_72": "https:\/\/avatars.slack-edge.com\/2019-10-30\/814314609877_c7d9788d4436969613a7_72.jpg",
            "first_name": "Jared",
            "real_name": "Jared Morgan",
            "display_name": "jaredmorgs",
            "team": "TKFJE6LDR",
            "name": "jaredleonmorgan",
            "is_restricted": false,
            "is_ultra_restricted": false
        }
    },
    {
        "type": "message",
        "subtype": "channel_topic",
        "ts": "1573599190.001200",
        "user": "UKVC4NB71",
        "text": "<@UKVC4NB71> set the channel topic: <https:\/\/slack.thegooddocsproject.dev\/>",
        "topic": "<https:\/\/slack.thegooddocsproject.dev\/>"
    },
    {
        "type": "message",
        "subtype": "channel_topic",
        "ts": "1573599233.001300",
        "user": "UKVC4NB71",
        "text": "<@UKVC4NB71> set the channel topic: <https:\/\/slack.thegooddocsproject.dev\/> | <https:\/\/github.com\/thegooddocsproject\/templates>",
        "topic": "<https:\/\/slack.thegooddocsproject.dev\/> | <https:\/\/github.com\/thegooddocsproject\/templates>"
    }
]