[
    {
        "client_msg_id": "0560335c-2807-4a84-8fe1-45ed727fbbd7",
        "type": "message",
        "text": "<https:\/\/drive.google.com\/drive\/u\/1\/folders\/1He_WbY7qEzCVs1ub9nLQhrL8GOoogy5d>",
        "user": "UKV4ZPEFQ",
        "ts": "1573697687.000300",
        "team": "TKFJE6LDR",
        "user_team": "TKFJE6LDR",
        "source_team": "TKFJE6LDR",
        "user_profile": {
            "avatar_hash": "g854c628ef64",
            "image_72": "https:\/\/secure.gravatar.com\/avatar\/6854c628ef64a4c129a994522e17cdf2.jpg?s=72&d=https%3A%2F%2Fa.slack-edge.com%2Fdf10d%2Fimg%2Favatars%2Fava_0007-72.png",
            "first_name": "felicitybrand",
            "real_name": "felicitybrand",
            "display_name": "flicstar",
            "team": "TKFJE6LDR",
            "name": "felicitybrand",
            "is_restricted": false,
            "is_ultra_restricted": false
        }
    },
    {
        "client_msg_id": "f1571490-fd33-4753-bb05-d9b891238a87",
        "type": "message",
        "text": "It's the slack redirector not working?",
        "user": "UKVC4NB71",
        "ts": "1573697978.001100",
        "team": "TKFJE6LDR",
        "user_team": "TKFJE6LDR",
        "source_team": "TKFJE6LDR",
        "user_profile": {
            "avatar_hash": "c7d9788d4436",
            "image_72": "https:\/\/avatars.slack-edge.com\/2019-10-30\/814314609877_c7d9788d4436969613a7_72.jpg",
            "first_name": "Jared",
            "real_name": "Jared Morgan",
            "display_name": "jaredmorgs",
            "team": "TKFJE6LDR",
            "name": "jaredleonmorgan",
            "is_restricted": false,
            "is_ultra_restricted": false
        }
    },
    {
        "type": "message",
        "subtype": "channel_join",
        "ts": "1573705640.001300",
        "user": "UQ54YNUPL",
        "text": "<@UQ54YNUPL> has joined the channel"
    }
]