[
    {
        "client_msg_id": "ff81c64c-2d25-4f0e-abc3-04e4fb661ad2",
        "type": "message",
        "text": "I watched this video earlier today...wow. :sweat_smile: The list of flaws in Microsoft Windows docs reads like a checklist of what not to do! <https:\/\/youtu.be\/0hNBPfkJck4>",
        "user": "U013U5JASUR",
        "ts": "1593225688.009000",
        "team": "TKFJE6LDR",
        "user_team": "TKFJE6LDR",
        "source_team": "TKFJE6LDR",
        "user_profile": {
            "avatar_hash": "g867376d27e2",
            "image_72": "https:\/\/secure.gravatar.com\/avatar\/867376d27e2382f7e1ef59d9277809ac.jpg?s=72&d=https%3A%2F%2Fa.slack-edge.com%2Fdf10d%2Fimg%2Favatars%2Fava_0020-72.png",
            "first_name": "",
            "real_name": "Sabita Rao",
            "display_name": "",
            "team": "TKFJE6LDR",
            "name": "sabitarao",
            "is_restricted": false,
            "is_ultra_restricted": false
        },
        "edited": {
            "user": "U013U5JASUR",
            "ts": "1593229184.000000"
        },
        "attachments": [
            {
                "service_name": "YouTube",
                "service_url": "https:\/\/www.youtube.com\/",
                "title": "Windows 10 documentation frustration",
                "title_link": "https:\/\/youtu.be\/0hNBPfkJck4",
                "author_name": "ZDNet",
                "author_link": "https:\/\/www.youtube.com\/user\/zdnetvideo",
                "thumb_url": "https:\/\/i.ytimg.com\/vi\/0hNBPfkJck4\/hqdefault.jpg",
                "thumb_width": 480,
                "thumb_height": 360,
                "fallback": "YouTube Video: Windows 10 documentation frustration",
                "video_html": "<iframe width=\"400\" height=\"225\" src=\"https:\/\/www.youtube.com\/embed\/0hNBPfkJck4?feature=oembed&autoplay=1&iv_load_policy=3\" frameborder=\"0\" allow=\"accelerometer; autoplay; encrypted-media; gyroscope; picture-in-picture\" allowfullscreen><\/iframe>",
                "video_html_width": 400,
                "video_html_height": 225,
                "from_url": "https:\/\/youtu.be\/0hNBPfkJck4",
                "service_icon": "https:\/\/a.slack-edge.com\/80588\/img\/unfurl_icons\/youtube.png",
                "id": 1,
                "original_url": "https:\/\/youtu.be\/0hNBPfkJck4"
            }
        ]
    }
]