[
    {
        "client_msg_id": "b80a118f-1b88-4406-8ea5-8e911cf75ff5",
        "type": "message",
        "text": "Hey everyone, I won't be able to attend tonights call (family dinner) but I'll be back on next week :slightly_smiling_face:",
        "user": "UR4F409LG",
        "ts": "1576138704.058900",
        "team": "TKFJE6LDR",
        "user_team": "TKFJE6LDR",
        "source_team": "TKFJE6LDR",
        "user_profile": {
            "avatar_hash": "g79ec87b785b",
            "image_72": "https:\/\/secure.gravatar.com\/avatar\/79ec87b785b963697860ca73ad5e539e.jpg?s=72&d=https%3A%2F%2Fa.slack-edge.com%2Fdf10d%2Fimg%2Favatars%2Fava_0003-72.png",
            "first_name": "",
            "real_name": "Francesco Lanciana",
            "display_name": "Francesco Lanciana",
            "team": "TKFJE6LDR",
            "name": "francescolanciana",
            "is_restricted": false,
            "is_ultra_restricted": false
        },
        "blocks": [
            {
                "type": "rich_text",
                "block_id": "=Ex=M",
                "elements": [
                    {
                        "type": "rich_text_section",
                        "elements": [
                            {
                                "type": "text",
                                "text": "Hey everyone, I won't be able to attend tonights call (family dinner) but I'll be back on next week "
                            },
                            {
                                "type": "emoji",
                                "name": "slightly_smiling_face"
                            }
                        ]
                    }
                ]
            }
        ]
    },
    {
        "client_msg_id": "f54aaf95-6718-4401-9d68-e1e87f7d3901",
        "type": "message",
        "text": "I'll be unavailable tonight.",
        "user": "UKVC4NB71",
        "ts": "1576140786.059300",
        "team": "TKFJE6LDR",
        "user_team": "TKFJE6LDR",
        "source_team": "TKFJE6LDR",
        "user_profile": {
            "avatar_hash": "c7d9788d4436",
            "image_72": "https:\/\/avatars.slack-edge.com\/2019-10-30\/814314609877_c7d9788d4436969613a7_72.jpg",
            "first_name": "Jared",
            "real_name": "Jared Morgan",
            "display_name": "jaredmorgs",
            "team": "TKFJE6LDR",
            "name": "jaredleonmorgan",
            "is_restricted": false,
            "is_ultra_restricted": false
        },
        "blocks": [
            {
                "type": "rich_text",
                "block_id": "LGP",
                "elements": [
                    {
                        "type": "rich_text_section",
                        "elements": [
                            {
                                "type": "text",
                                "text": "I'll be unavailable tonight."
                            }
                        ]
                    }
                ]
            }
        ]
    },
    {
        "client_msg_id": "bce11a80-2e66-48f2-b93c-224d4e27b1f1",
        "type": "message",
        "text": "<!here> Google Hangout meeting on in 2 minutes.",
        "user": "UKTGLQNGG",
        "ts": "1576141129.060000",
        "team": "TKFJE6LDR",
        "user_team": "TKFJE6LDR",
        "source_team": "TKFJE6LDR",
        "user_profile": {
            "avatar_hash": "ge03fcb118b0",
            "image_72": "https:\/\/secure.gravatar.com\/avatar\/9e03fcb118b0853a3fedfdee2367779d.jpg?s=72&d=https%3A%2F%2Fa.slack-edge.com%2Fdf10d%2Fimg%2Favatars%2Fava_0021-72.png",
            "first_name": "Cameron",
            "real_name": "Cameron Shorter",
            "display_name": "cameronshorter",
            "team": "TKFJE6LDR",
            "name": "cameron.shorter",
            "is_restricted": false,
            "is_ultra_restricted": false
        },
        "blocks": [
            {
                "type": "rich_text",
                "block_id": "kJjZ",
                "elements": [
                    {
                        "type": "rich_text_section",
                        "elements": [
                            {
                                "type": "broadcast",
                                "range": "here"
                            },
                            {
                                "type": "text",
                                "text": " Google Hangout meeting on in 2 minutes."
                            }
                        ]
                    }
                ]
            }
        ]
    },
    {
        "client_msg_id": "1a78cbfd-8713-4b3f-9cd8-6a39630d9f5f",
        "type": "message",
        "text": "<@UQHTJTYM6>, sorry to loose you. I appreciate this can be a time sink. Hopefully we might see you back some time in the future.",
        "user": "UKTGLQNGG",
        "ts": "1576141210.061300",
        "team": "TKFJE6LDR",
        "user_team": "TKFJE6LDR",
        "source_team": "TKFJE6LDR",
        "user_profile": {
            "avatar_hash": "ge03fcb118b0",
            "image_72": "https:\/\/secure.gravatar.com\/avatar\/9e03fcb118b0853a3fedfdee2367779d.jpg?s=72&d=https%3A%2F%2Fa.slack-edge.com%2Fdf10d%2Fimg%2Favatars%2Fava_0021-72.png",
            "first_name": "Cameron",
            "real_name": "Cameron Shorter",
            "display_name": "cameronshorter",
            "team": "TKFJE6LDR",
            "name": "cameron.shorter",
            "is_restricted": false,
            "is_ultra_restricted": false
        },
        "blocks": [
            {
                "type": "rich_text",
                "block_id": "8PnCz",
                "elements": [
                    {
                        "type": "rich_text_section",
                        "elements": [
                            {
                                "type": "user",
                                "user_id": "UQHTJTYM6"
                            },
                            {
                                "type": "text",
                                "text": ", sorry to loose you. I appreciate this can be a time sink. Hopefully we might see you back some time in the future."
                            }
                        ]
                    }
                ]
            }
        ]
    },
    {
        "client_msg_id": "78ea836a-47c8-4af6-b18e-5e059a246b25",
        "type": "message",
        "text": "<@UR4F409LG> <@UKVC4NB71> thanks for the heads up. In case you haven’t picked it up yet, we alternate morning\/evening every other week.",
        "user": "UKTGLQNGG",
        "ts": "1576141278.062400",
        "team": "TKFJE6LDR",
        "user_team": "TKFJE6LDR",
        "source_team": "TKFJE6LDR",
        "user_profile": {
            "avatar_hash": "ge03fcb118b0",
            "image_72": "https:\/\/secure.gravatar.com\/avatar\/9e03fcb118b0853a3fedfdee2367779d.jpg?s=72&d=https%3A%2F%2Fa.slack-edge.com%2Fdf10d%2Fimg%2Favatars%2Fava_0021-72.png",
            "first_name": "Cameron",
            "real_name": "Cameron Shorter",
            "display_name": "cameronshorter",
            "team": "TKFJE6LDR",
            "name": "cameron.shorter",
            "is_restricted": false,
            "is_ultra_restricted": false
        },
        "blocks": [
            {
                "type": "rich_text",
                "block_id": "D4Y",
                "elements": [
                    {
                        "type": "rich_text_section",
                        "elements": [
                            {
                                "type": "user",
                                "user_id": "UR4F409LG"
                            },
                            {
                                "type": "text",
                                "text": " "
                            },
                            {
                                "type": "user",
                                "user_id": "UKVC4NB71"
                            },
                            {
                                "type": "text",
                                "text": " thanks for the heads up. In case you haven’t picked it up yet, we alternate morning\/evening every other week."
                            }
                        ]
                    }
                ]
            }
        ]
    },
    {
        "client_msg_id": "7B882209-8D17-4F74-B6F0-81EED9C04DE8",
        "type": "message",
        "text": "I’ve sent out a message to the STC Mumbai and other technical writing groups in India so hoping for some traction around the holidays :santa:",
        "user": "UL9F82XL3",
        "ts": "1576150011.063800",
        "team": "TKFJE6LDR",
        "user_team": "TKFJE6LDR",
        "source_team": "TKFJE6LDR",
        "user_profile": {
            "avatar_hash": "431cbc5b0797",
            "image_72": "https:\/\/avatars.slack-edge.com\/2019-07-23\/702616820016_431cbc5b0797a8cc9f24_72.jpg",
            "first_name": "Sanket",
            "real_name": "Sanket Totewar",
            "display_name": "",
            "team": "TKFJE6LDR",
            "name": "sanket.totewar",
            "is_restricted": false,
            "is_ultra_restricted": false
        },
        "blocks": [
            {
                "type": "rich_text",
                "block_id": "iKgo6",
                "elements": [
                    {
                        "type": "rich_text_section",
                        "elements": [
                            {
                                "type": "text",
                                "text": "I’ve sent out a message to the STC Mumbai and other technical writing groups in India so hoping for some traction around the holidays "
                            },
                            {
                                "type": "emoji",
                                "name": "santa"
                            }
                        ]
                    }
                ]
            }
        ]
    }
]