[
    {
        "client_msg_id": "8746e077-18ba-47e1-a7d9-77c1affba4b8",
        "type": "message",
        "text": "Welcome <@UR4F409LG>. Great to hear about your interest in templates. Why don’t you introduce some of your ideas here so the rest of our team can see them.",
        "user": "UKTGLQNGG",
        "ts": "1575089248.001400",
        "team": "TKFJE6LDR",
        "user_team": "TKFJE6LDR",
        "source_team": "TKFJE6LDR",
        "user_profile": {
            "avatar_hash": "ge03fcb118b0",
            "image_72": "https:\/\/secure.gravatar.com\/avatar\/9e03fcb118b0853a3fedfdee2367779d.jpg?s=72&d=https%3A%2F%2Fa.slack-edge.com%2Fdf10d%2Fimg%2Favatars%2Fava_0021-72.png",
            "first_name": "Cameron",
            "real_name": "Cameron Shorter",
            "display_name": "cameronshorter",
            "team": "TKFJE6LDR",
            "name": "cameron.shorter",
            "is_restricted": false,
            "is_ultra_restricted": false
        },
        "blocks": [
            {
                "type": "rich_text",
                "block_id": "rK+Wq",
                "elements": [
                    {
                        "type": "rich_text_section",
                        "elements": [
                            {
                                "type": "text",
                                "text": "Welcome "
                            },
                            {
                                "type": "user",
                                "user_id": "UR4F409LG"
                            },
                            {
                                "type": "text",
                                "text": ". Great to hear about your interest in templates. Why don’t you introduce some of your ideas here so the rest of our team can see them."
                            }
                        ]
                    }
                ]
            }
        ]
    },
    {
        "client_msg_id": "0c284cba-a6b7-4634-aba5-3f272b4234e0",
        "type": "message",
        "text": "Hey everyone! Little bit about myself and my thoughts on templates. I've been a software dev specialising in front-end for the last 2.5 years. I had the enlightening but not so fun experience of being a consultant to one of Australias largest banks. During that that time I was fortunate to work on pretty much every part of the stack, moving to a different team every 6 months or so. This meant I had to get up to speed quickly in a lot of areas, which our documentation made very very very hard. Information was hard to find because it had been scattered all over, when I did find it there was always a step missing, and I had no insight into whether the work I contributed was even being read.\n\nSo that lead me to quit and spend a decent amount of time thinking about the documentation\/wiki space, specifically how to fix it. Long story short I made a landing page for a hypothetical product, got a decent amount of people signing up, and spent time interviewing whoever would let me. Something that came up was poor documentation quality and lack of consistency which got me thinking about what we could do with templates.\n\nMy initial thought for fixing this was that maybe you could find a subset of document types that software teams write all the time (maybe 100 or so), and you could then come up with highly opinionated prescriptive templates that they could follow. The problem with templates and process is it still puts too much responsibility on time pressured devs and technical writers to learn all of it and recall the right pattern for a given situation, especially when you have a large number of templates. Across a larger group the only way this tends to work is with a culture that encourages it which is rare or a champion that pushes everyone else, but once they leave things generally fall back into disarray.\n\nSo to my next thought, was there a way to not put the onus on the user to pick the correct template? Maybe there was a way to detect the template the user should follow as they start writing the title or description, which is kind of interesting. The other problem with prescriptive templates is that they can be both overwhelming and wrong. So my thought there was that you could have a product (i.e. Scribe - the hypothetical product I made a landing page for) that would give you a soft-template. As you created your document with the wysiwyg editor you would see to the right of it recommendations on what your headings should be, what content should go in each the body underneath, and how long that content should be. You could agree with the template and do what it says or opt out of it and just write what you want, the key is we aren't forcing you to do anything. If you wondered too far from the template it would ask if you would like to overwrite the template or create a new one, which would then be recommended to you and everyone else if they had to make a similar document. The hope was that the user didn't have to worry about the structure, they just have to tell us what they know and we do that for you.\n\nHowever after looking into public internal developer documentation (e.g. CockroachDB) I realised that making prescriptive templates might be a little hard\/not doable for a lot of what people write as it's so specific to the project. I'm now thinking that maybe it's possible for a wiki to be more based around questions and answers which might circumvent the need for really prescriptive templates. More general templates like what you are all working on with The Good Docs Project would still be really helpful in helping users structure long form answers. Bit of a long introduction but I would really like to help contribute to the work you are all doing here. While I'm definitely interested in incorporating this work into Scribe to lower the barrier to writing great docs, I also just like the idea of there existing a standardised resource that anyone can go to to level up their writing skills.",
        "user": "UR4F409LG",
        "ts": "1575091906.030100",
        "team": "TKFJE6LDR",
        "user_team": "TKFJE6LDR",
        "source_team": "TKFJE6LDR",
        "user_profile": {
            "avatar_hash": "g79ec87b785b",
            "image_72": "https:\/\/secure.gravatar.com\/avatar\/79ec87b785b963697860ca73ad5e539e.jpg?s=72&d=https%3A%2F%2Fa.slack-edge.com%2Fdf10d%2Fimg%2Favatars%2Fava_0003-72.png",
            "first_name": "",
            "real_name": "Francesco Lanciana",
            "display_name": "Francesco Lanciana",
            "team": "TKFJE6LDR",
            "name": "francescolanciana",
            "is_restricted": false,
            "is_ultra_restricted": false
        },
        "edited": {
            "user": "UR4F409LG",
            "ts": "1575092053.000000"
        },
        "blocks": [
            {
                "type": "rich_text",
                "block_id": "lBd",
                "elements": [
                    {
                        "type": "rich_text_section",
                        "elements": [
                            {
                                "type": "text",
                                "text": "Hey everyone! Little bit about myself and my thoughts on templates. I've been a software dev specialising in front-end for the last 2.5 years. I had the enlightening but not so fun experience of being a consultant to one of Australias largest banks. During that that time I was fortunate to work on pretty much every part of the stack, moving to a different team every 6 months or so. This meant I had to get up to speed quickly in a lot of areas, which our documentation made very very very hard. Information was hard to find because it had been scattered all over, when I did find it there was always a step missing, and I had no insight into whether the work I contributed was even being read.\n\nSo that lead me to quit and spend a decent amount of time thinking about the documentation\/wiki space, specifically how to fix it. Long story short I made a landing page for a hypothetical product, got a decent amount of people signing up, and spent time interviewing whoever would let me. Something that came up was poor documentation quality and lack of consistency which got me thinking about what we could do with templates.\n\nMy initial thought for fixing this was that maybe you could find a subset of document types that software teams write all the time (maybe 100 or so), and you could then come up with highly opinionated prescriptive templates that they could follow. The problem with templates and process is it still puts too much responsibility on time pressured devs and technical writers to learn all of it and recall the right pattern for a given situation, especially when you have a large number of templates. Across a larger group the only way this tends to work is with a culture that encourages it which is rare or a champion that pushes everyone else, but once they leave things generally fall back into disarray.\n\nSo to my next thought, was there a way to not put the onus on the user to pick the correct template? Maybe there was a way to detect the template the user should follow as they start writing the title or description, which is kind of interesting. The other problem with prescriptive templates is that they can be both overwhelming and wrong. So my thought there was that you could have a product (i.e. Scribe - the hypothetical product I made a landing page for) that would give you a soft-template. As you created your document with the wysiwyg editor you would see to the right of it recommendations on what your headings should be, what content should go in each the body underneath, and how long that content should be. You could agree with the template and do what it says or opt out of it and just write what you want, the key is we aren't forcing you to do anything. If you wondered too far from the template it would ask if you would like to overwrite the template or create a new one, which would then be recommended to you and everyone else if they had to make a similar document. The hope was that the user didn't have to worry about the structure, they just have to tell us what they know and we do that for you.\n\nHowever after looking into public internal developer documentation (e.g. CockroachDB) I realised that making prescriptive templates might be a little hard\/not doable for a lot of what people write as it's so specific to the project. I'm now thinking that maybe it's possible for a wiki to be more based around questions and answers which might circumvent the need for really prescriptive templates. More general templates like what you are all working on with The Good Docs Project would still be really helpful in helping users structure long form answers. Bit of a long introduction but I would really like to help contribute to the work you are all doing here. While I'm definitely interested in incorporating this work into Scribe to lower the barrier to writing great docs, I also just like the idea of there existing a standardised resource that anyone can go to to level up their writing skills."
                            }
                        ]
                    }
                ]
            }
        ]
    },
    {
        "client_msg_id": "80bada55-3c66-4a63-972c-8541f70c776d",
        "type": "message",
        "text": "Great intro <@UR4F409LG>. I feel a bit silly asking you to send this to slack, because I’m now asking you to send it to our email list. (Too much good info and ideas to be lost, our email list is archived).",
        "user": "UKTGLQNGG",
        "ts": "1575092121.031900",
        "team": "TKFJE6LDR",
        "user_team": "TKFJE6LDR",
        "source_team": "TKFJE6LDR",
        "user_profile": {
            "avatar_hash": "ge03fcb118b0",
            "image_72": "https:\/\/secure.gravatar.com\/avatar\/9e03fcb118b0853a3fedfdee2367779d.jpg?s=72&d=https%3A%2F%2Fa.slack-edge.com%2Fdf10d%2Fimg%2Favatars%2Fava_0021-72.png",
            "first_name": "Cameron",
            "real_name": "Cameron Shorter",
            "display_name": "cameronshorter",
            "team": "TKFJE6LDR",
            "name": "cameron.shorter",
            "is_restricted": false,
            "is_ultra_restricted": false
        },
        "blocks": [
            {
                "type": "rich_text",
                "block_id": "htH",
                "elements": [
                    {
                        "type": "rich_text_section",
                        "elements": [
                            {
                                "type": "text",
                                "text": "Great intro "
                            },
                            {
                                "type": "user",
                                "user_id": "UR4F409LG"
                            },
                            {
                                "type": "text",
                                "text": ". I feel a bit silly asking you to send this to slack, because I’m now asking you to send it to our email list. (Too much good info and ideas to be lost, our email list is archived)."
                            }
                        ]
                    }
                ]
            }
        ]
    },
    {
        "client_msg_id": "621a25fe-a621-44a7-bc35-28839daf621f",
        "type": "message",
        "text": "Not a problem, I'll email it to the group now :slightly_smiling_face: Got to admit I've never used an email list, so do I just send this to  <mailto:main@thegooddocsproject.groups.io|main@thegooddocsproject.groups.io> and the subject will be the title you see on <http:\/\/groups.io|groups.io>?",
        "user": "UR4F409LG",
        "ts": "1575092255.033300",
        "team": "TKFJE6LDR",
        "user_team": "TKFJE6LDR",
        "source_team": "TKFJE6LDR",
        "user_profile": {
            "avatar_hash": "g79ec87b785b",
            "image_72": "https:\/\/secure.gravatar.com\/avatar\/79ec87b785b963697860ca73ad5e539e.jpg?s=72&d=https%3A%2F%2Fa.slack-edge.com%2Fdf10d%2Fimg%2Favatars%2Fava_0003-72.png",
            "first_name": "",
            "real_name": "Francesco Lanciana",
            "display_name": "Francesco Lanciana",
            "team": "TKFJE6LDR",
            "name": "francescolanciana",
            "is_restricted": false,
            "is_ultra_restricted": false
        },
        "blocks": [
            {
                "type": "rich_text",
                "block_id": "kI3P",
                "elements": [
                    {
                        "type": "rich_text_section",
                        "elements": [
                            {
                                "type": "text",
                                "text": "Not a problem, I'll email it to the group now "
                            },
                            {
                                "type": "emoji",
                                "name": "slightly_smiling_face"
                            },
                            {
                                "type": "text",
                                "text": " Got to admit I've never used an email list, so do I just send this to  "
                            },
                            {
                                "type": "link",
                                "url": "mailto:main@thegooddocsproject.groups.io",
                                "text": "main@thegooddocsproject.groups.io"
                            },
                            {
                                "type": "text",
                                "text": " and the subject will be the title you see on "
                            },
                            {
                                "type": "link",
                                "url": "http:\/\/groups.io",
                                "text": "groups.io"
                            },
                            {
                                "type": "text",
                                "text": "?"
                            }
                        ]
                    }
                ]
            }
        ]
    }
]