[
    {
        "type": "message",
        "subtype": "channel_name",
        "ts": "1574277433.000100",
        "user": "UL2AA1FF1",
        "text": "<@UL2AA1FF1> has renamed the channel from \"announcements\" to \"new-general\"",
        "old_name": "announcements",
        "name": "new-general"
    },
    {
        "type": "message",
        "subtype": "channel_name",
        "ts": "1574277481.000200",
        "user": "UL2AA1FF1",
        "text": "<@UL2AA1FF1> has renamed the channel from \"new-general\" to \"general\"",
        "old_name": "new-general",
        "name": "general"
    },
    {
        "type": "message",
        "subtype": "channel_topic",
        "ts": "1574277560.000300",
        "user": "UL2AA1FF1",
        "text": "<@UL2AA1FF1> set the channel topic: the shiny new general discussion channel!",
        "topic": "the shiny new general discussion channel!"
    },
    {
        "type": "message",
        "subtype": "channel_join",
        "ts": "1574277611.000500",
        "user": "UQHTJTYM6",
        "text": "<@UQHTJTYM6> has joined the channel",
        "inviter": "UL2AA1FF1"
    },
    {
        "type": "message",
        "subtype": "channel_join",
        "ts": "1574277612.000700",
        "user": "UKTGLQNGG",
        "text": "<@UKTGLQNGG> has joined the channel",
        "inviter": "UL2AA1FF1"
    },
    {
        "type": "message",
        "subtype": "channel_join",
        "ts": "1574277612.000900",
        "user": "UKG4RHGBD",
        "text": "<@UKG4RHGBD> has joined the channel",
        "inviter": "UL2AA1FF1"
    },
    {
        "type": "message",
        "subtype": "channel_join",
        "ts": "1574277612.001100",
        "user": "UKV4ZPEFQ",
        "text": "<@UKV4ZPEFQ> has joined the channel",
        "inviter": "UL2AA1FF1"
    },
    {
        "type": "message",
        "subtype": "channel_join",
        "ts": "1574277612.001300",
        "user": "UL9F82XL3",
        "text": "<@UL9F82XL3> has joined the channel",
        "inviter": "UL2AA1FF1"
    },
    {
        "type": "message",
        "subtype": "channel_join",
        "ts": "1574277719.001500",
        "user": "UKZUE07MJ",
        "text": "<@UKZUE07MJ> has joined the channel",
        "inviter": "UL2AA1FF1"
    },
    {
        "type": "message",
        "subtype": "channel_join",
        "ts": "1574277719.001700",
        "user": "UL2JX2QNA",
        "text": "<@UL2JX2QNA> has joined the channel",
        "inviter": "UL2AA1FF1"
    },
    {
        "type": "message",
        "subtype": "channel_join",
        "ts": "1574277719.001900",
        "user": "UL3UNUMK6",
        "text": "<@UL3UNUMK6> has joined the channel",
        "inviter": "UL2AA1FF1"
    },
    {
        "type": "message",
        "subtype": "channel_join",
        "ts": "1574277719.002100",
        "user": "UQJBJ8LN4",
        "text": "<@UQJBJ8LN4> has joined the channel",
        "inviter": "UL2AA1FF1"
    },
    {
        "type": "message",
        "subtype": "channel_join",
        "ts": "1574277719.002400",
        "user": "UQ5FCQXT4",
        "text": "<@UQ5FCQXT4> has joined the channel",
        "inviter": "UL2AA1FF1"
    },
    {
        "type": "message",
        "subtype": "channel_join",
        "ts": "1574277719.002600",
        "user": "UQ54YNUPL",
        "text": "<@UQ54YNUPL> has joined the channel",
        "inviter": "UL2AA1FF1"
    },
    {
        "type": "message",
        "subtype": "channel_join",
        "ts": "1574277719.002800",
        "user": "UKVC4NB71",
        "text": "<@UKVC4NB71> has joined the channel",
        "inviter": "UL2AA1FF1"
    },
    {
        "type": "message",
        "subtype": "channel_join",
        "ts": "1574277719.003000",
        "user": "UKU2JGKEV",
        "text": "<@UKU2JGKEV> has joined the channel",
        "inviter": "UL2AA1FF1"
    },
    {
        "type": "message",
        "subtype": "channel_join",
        "ts": "1574277719.003200",
        "user": "UQ553K7DY",
        "text": "<@UQ553K7DY> has joined the channel",
        "inviter": "UL2AA1FF1"
    },
    {
        "type": "message",
        "subtype": "channel_join",
        "ts": "1574277719.003400",
        "user": "UL0EZ6PRT",
        "text": "<@UL0EZ6PRT> has joined the channel",
        "inviter": "UL2AA1FF1"
    },
    {
        "type": "message",
        "subtype": "channel_join",
        "ts": "1574277719.003700",
        "user": "UQCGMRB6F",
        "text": "<@UQCGMRB6F> has joined the channel",
        "inviter": "UL2AA1FF1"
    },
    {
        "type": "message",
        "subtype": "channel_join",
        "ts": "1574277720.003900",
        "user": "UKU4BJ57T",
        "text": "<@UKU4BJ57T> has joined the channel",
        "inviter": "UL2AA1FF1"
    }
]