[
    {
        "client_msg_id": "42bd9b65-1f8a-428c-835c-89c6fdc2ee04",
        "type": "message",
        "text": "Yes <@UR4F409LG> send a normal email, with the to: field set to <mailto:main@thegooddocsproject.groups.io|main@thegooddocsproject.groups.io> , title set to whatever you like, maybe “introducing myself”, and body set to your text above.",
        "user": "UKTGLQNGG",
        "ts": "1575113969.035200",
        "team": "TKFJE6LDR",
        "user_team": "TKFJE6LDR",
        "source_team": "TKFJE6LDR",
        "user_profile": {
            "avatar_hash": "ge03fcb118b0",
            "image_72": "https:\/\/secure.gravatar.com\/avatar\/9e03fcb118b0853a3fedfdee2367779d.jpg?s=72&d=https%3A%2F%2Fa.slack-edge.com%2Fdf10d%2Fimg%2Favatars%2Fava_0021-72.png",
            "first_name": "Cameron",
            "real_name": "Cameron Shorter",
            "display_name": "cameronshorter",
            "team": "TKFJE6LDR",
            "name": "cameron.shorter",
            "is_restricted": false,
            "is_ultra_restricted": false
        },
        "blocks": [
            {
                "type": "rich_text",
                "block_id": "9flvn",
                "elements": [
                    {
                        "type": "rich_text_section",
                        "elements": [
                            {
                                "type": "text",
                                "text": "Yes "
                            },
                            {
                                "type": "user",
                                "user_id": "UR4F409LG"
                            },
                            {
                                "type": "text",
                                "text": " send a normal email, with the to: field set to "
                            },
                            {
                                "type": "link",
                                "url": "mailto:main@thegooddocsproject.groups.io",
                                "text": "main@thegooddocsproject.groups.io"
                            },
                            {
                                "type": "text",
                                "text": " , title set to whatever you like, maybe “introducing myself”, and body set to your text above."
                            }
                        ]
                    }
                ]
            }
        ],
        "thread_ts": "1575113969.035200",
        "reply_count": 2,
        "reply_users_count": 2,
        "latest_reply": "1575238679.044100",
        "reply_users": [
            "UR4F409LG",
            "UKTGLQNGG"
        ],
        "replies": [
            {
                "user": "UR4F409LG",
                "ts": "1575193680.035300"
            },
            {
                "user": "UKTGLQNGG",
                "ts": "1575238679.044100"
            }
        ],
        "subscribed": false
    }
]