[
    {
        "client_msg_id": "425b52d5-f117-4373-9542-0b541594e76f",
        "type": "message",
        "text": "Hi <@UR4F409LG> I just added you to the project so you should be able to move issues on the kanban. I think GitHub sends you an email invite - let me know if you have probs with this because I know Clarence had a few issues with it.",
        "user": "UKV4ZPEFQ",
        "ts": "1576572609.001300",
        "team": "TKFJE6LDR",
        "user_team": "TKFJE6LDR",
        "source_team": "TKFJE6LDR",
        "user_profile": {
            "avatar_hash": "g854c628ef64",
            "image_72": "https:\/\/secure.gravatar.com\/avatar\/6854c628ef64a4c129a994522e17cdf2.jpg?s=72&d=https%3A%2F%2Fa.slack-edge.com%2Fdf10d%2Fimg%2Favatars%2Fava_0007-72.png",
            "first_name": "felicitybrand",
            "real_name": "felicitybrand",
            "display_name": "flicstar",
            "team": "TKFJE6LDR",
            "name": "felicitybrand",
            "is_restricted": false,
            "is_ultra_restricted": false
        },
        "edited": {
            "user": "UKV4ZPEFQ",
            "ts": "1576573141.000000"
        },
        "blocks": [
            {
                "type": "rich_text",
                "block_id": "8Actf",
                "elements": [
                    {
                        "type": "rich_text_section",
                        "elements": [
                            {
                                "type": "text",
                                "text": "Hi "
                            },
                            {
                                "type": "user",
                                "user_id": "UR4F409LG"
                            },
                            {
                                "type": "text",
                                "text": " I just added you to the project so you should be able to move issues on the kanban. I think GitHub sends you an email invite - let me know if you have probs with this because I know Clarence had a few issues with it."
                            }
                        ]
                    }
                ]
            }
        ],
        "thread_ts": "1576572609.001300",
        "reply_count": 8,
        "reply_users_count": 2,
        "latest_reply": "1576613327.001800",
        "reply_users": [
            "UR4F409LG",
            "UKV4ZPEFQ"
        ],
        "replies": [
            {
                "user": "UR4F409LG",
                "ts": "1576577579.002800"
            },
            {
                "user": "UKV4ZPEFQ",
                "ts": "1576612363.000400"
            },
            {
                "user": "UKV4ZPEFQ",
                "ts": "1576612432.000600"
            },
            {
                "user": "UKV4ZPEFQ",
                "ts": "1576612906.000800"
            },
            {
                "user": "UKV4ZPEFQ",
                "ts": "1576613164.001200"
            },
            {
                "user": "UKV4ZPEFQ",
                "ts": "1576613172.001400"
            },
            {
                "user": "UKV4ZPEFQ",
                "ts": "1576613215.001600"
            },
            {
                "user": "UKV4ZPEFQ",
                "ts": "1576613327.001800"
            }
        ],
        "subscribed": true,
        "last_read": "1576613327.001800"
    },
    {
        "client_msg_id": "7a74d9cf-7cb6-47af-acc7-12345745b9ee",
        "type": "message",
        "text": "<!here> reminder that we have our last GoodDocsProject meeting in under 10 hours.",
        "user": "UKTGLQNGG",
        "ts": "1576576256.002400",
        "team": "TKFJE6LDR",
        "user_team": "TKFJE6LDR",
        "source_team": "TKFJE6LDR",
        "user_profile": {
            "avatar_hash": "ge03fcb118b0",
            "image_72": "https:\/\/secure.gravatar.com\/avatar\/9e03fcb118b0853a3fedfdee2367779d.jpg?s=72&d=https%3A%2F%2Fa.slack-edge.com%2Fdf10d%2Fimg%2Favatars%2Fava_0021-72.png",
            "first_name": "Cameron",
            "real_name": "Cameron Shorter",
            "display_name": "cameronshorter",
            "team": "TKFJE6LDR",
            "name": "cameron.shorter",
            "is_restricted": false,
            "is_ultra_restricted": false
        },
        "blocks": [
            {
                "type": "rich_text",
                "block_id": "=TrD",
                "elements": [
                    {
                        "type": "rich_text_section",
                        "elements": [
                            {
                                "type": "broadcast",
                                "range": "here"
                            },
                            {
                                "type": "text",
                                "text": " reminder that we have our last GoodDocsProject meeting in under 10 hours."
                            }
                        ]
                    }
                ]
            }
        ]
    },
    {
        "client_msg_id": "08a7fd4a-4e8e-493c-af5b-99994f864939",
        "type": "message",
        "text": "Last meeting before Xmas break.",
        "user": "UKTGLQNGG",
        "ts": "1576576286.002700",
        "team": "TKFJE6LDR",
        "user_team": "TKFJE6LDR",
        "source_team": "TKFJE6LDR",
        "user_profile": {
            "avatar_hash": "ge03fcb118b0",
            "image_72": "https:\/\/secure.gravatar.com\/avatar\/9e03fcb118b0853a3fedfdee2367779d.jpg?s=72&d=https%3A%2F%2Fa.slack-edge.com%2Fdf10d%2Fimg%2Favatars%2Fava_0021-72.png",
            "first_name": "Cameron",
            "real_name": "Cameron Shorter",
            "display_name": "cameronshorter",
            "team": "TKFJE6LDR",
            "name": "cameron.shorter",
            "is_restricted": false,
            "is_ultra_restricted": false
        },
        "blocks": [
            {
                "type": "rich_text",
                "block_id": "WL5kI",
                "elements": [
                    {
                        "type": "rich_text_section",
                        "elements": [
                            {
                                "type": "text",
                                "text": "Last meeting before Xmas break."
                            }
                        ]
                    }
                ]
            }
        ]
    },
    {
        "client_msg_id": "c4af399b-b367-42cb-b592-65e1de09aa1c",
        "type": "message",
        "text": "Thanks for that but I don't think I got it, did you send it to <mailto:francescolanciana@gmail.com|francescolanciana@gmail.com>?",
        "user": "UR4F409LG",
        "ts": "1576577579.002800",
        "team": "TKFJE6LDR",
        "user_team": "TKFJE6LDR",
        "source_team": "TKFJE6LDR",
        "user_profile": {
            "avatar_hash": "g79ec87b785b",
            "image_72": "https:\/\/secure.gravatar.com\/avatar\/79ec87b785b963697860ca73ad5e539e.jpg?s=72&d=https%3A%2F%2Fa.slack-edge.com%2Fdf10d%2Fimg%2Favatars%2Fava_0003-72.png",
            "first_name": "",
            "real_name": "Francesco Lanciana",
            "display_name": "Francesco Lanciana",
            "team": "TKFJE6LDR",
            "name": "francescolanciana",
            "is_restricted": false,
            "is_ultra_restricted": false
        },
        "blocks": [
            {
                "type": "rich_text",
                "block_id": "wNh",
                "elements": [
                    {
                        "type": "rich_text_section",
                        "elements": [
                            {
                                "type": "text",
                                "text": "Thanks for that but I don't think I got it, did you send it to "
                            },
                            {
                                "type": "link",
                                "url": "mailto:francescolanciana@gmail.com",
                                "text": "francescolanciana@gmail.com"
                            },
                            {
                                "type": "text",
                                "text": "?"
                            }
                        ]
                    }
                ]
            }
        ],
        "thread_ts": "1576572609.001300",
        "parent_user_id": "UKV4ZPEFQ"
    },
    {
        "client_msg_id": "413f92e5-72c3-40a4-abd0-bfaaa301461c",
        "type": "message",
        "text": "<!here> Meeting in 5 mins.",
        "user": "UKTGLQNGG",
        "ts": "1576610600.000300",
        "team": "TKFJE6LDR",
        "user_team": "TKFJE6LDR",
        "source_team": "TKFJE6LDR",
        "user_profile": {
            "avatar_hash": "ge03fcb118b0",
            "image_72": "https:\/\/secure.gravatar.com\/avatar\/9e03fcb118b0853a3fedfdee2367779d.jpg?s=72&d=https%3A%2F%2Fa.slack-edge.com%2Fdf10d%2Fimg%2Favatars%2Fava_0021-72.png",
            "first_name": "Cameron",
            "real_name": "Cameron Shorter",
            "display_name": "cameronshorter",
            "team": "TKFJE6LDR",
            "name": "cameron.shorter",
            "is_restricted": false,
            "is_ultra_restricted": false
        },
        "blocks": [
            {
                "type": "rich_text",
                "block_id": "YGz2Q",
                "elements": [
                    {
                        "type": "rich_text_section",
                        "elements": [
                            {
                                "type": "broadcast",
                                "range": "here"
                            },
                            {
                                "type": "text",
                                "text": " Meeting in 5 mins."
                            }
                        ]
                    }
                ]
            }
        ]
    },
    {
        "client_msg_id": "a1140840-4072-44b4-b6d3-6e0698707f0b",
        "type": "message",
        "text": "Try this link - I typed it out based on Clarence's comment in the meeting this morning. <https:\/\/github.com\/thegooddocsproject\/Francesco-Lanciana>",
        "user": "UKV4ZPEFQ",
        "ts": "1576612363.000400",
        "team": "TKFJE6LDR",
        "user_team": "TKFJE6LDR",
        "source_team": "TKFJE6LDR",
        "user_profile": {
            "avatar_hash": "g854c628ef64",
            "image_72": "https:\/\/secure.gravatar.com\/avatar\/6854c628ef64a4c129a994522e17cdf2.jpg?s=72&d=https%3A%2F%2Fa.slack-edge.com%2Fdf10d%2Fimg%2Favatars%2Fava_0007-72.png",
            "first_name": "felicitybrand",
            "real_name": "felicitybrand",
            "display_name": "flicstar",
            "team": "TKFJE6LDR",
            "name": "felicitybrand",
            "is_restricted": false,
            "is_ultra_restricted": false
        },
        "blocks": [
            {
                "type": "rich_text",
                "block_id": "zjac",
                "elements": [
                    {
                        "type": "rich_text_section",
                        "elements": [
                            {
                                "type": "text",
                                "text": "Try this link - I typed it out based on Clarence's comment in the meeting this morning. "
                            },
                            {
                                "type": "link",
                                "url": "https:\/\/github.com\/thegooddocsproject\/Francesco-Lanciana"
                            }
                        ]
                    }
                ]
            }
        ],
        "thread_ts": "1576572609.001300",
        "parent_user_id": "UKV4ZPEFQ"
    },
    {
        "client_msg_id": "168dc610-0835-4e8e-a3a2-af9b70fd352b",
        "type": "message",
        "text": "Nup, didn't work. hang on",
        "user": "UKV4ZPEFQ",
        "ts": "1576612432.000600",
        "team": "TKFJE6LDR",
        "user_team": "TKFJE6LDR",
        "source_team": "TKFJE6LDR",
        "user_profile": {
            "avatar_hash": "g854c628ef64",
            "image_72": "https:\/\/secure.gravatar.com\/avatar\/6854c628ef64a4c129a994522e17cdf2.jpg?s=72&d=https%3A%2F%2Fa.slack-edge.com%2Fdf10d%2Fimg%2Favatars%2Fava_0007-72.png",
            "first_name": "felicitybrand",
            "real_name": "felicitybrand",
            "display_name": "flicstar",
            "team": "TKFJE6LDR",
            "name": "felicitybrand",
            "is_restricted": false,
            "is_ultra_restricted": false
        },
        "blocks": [
            {
                "type": "rich_text",
                "block_id": "U\/n6",
                "elements": [
                    {
                        "type": "rich_text_section",
                        "elements": [
                            {
                                "type": "text",
                                "text": "Nup, didn't work. hang on"
                            }
                        ]
                    }
                ]
            }
        ],
        "thread_ts": "1576572609.001300",
        "parent_user_id": "UKV4ZPEFQ"
    },
    {
        "client_msg_id": "5d4318fe-f126-4d67-a8c5-bff665f4729a",
        "type": "message",
        "text": "This is the link Clarence was talking about...I dug it out from an email chat we had:\n&gt; There is a topic on stackoverflow about what to do when you've been invited and cannot find the invitation: \n<https:\/\/stackoverflow.com\/questions\/34020327\/cant-find-github-invitation-to-join-repo>",
        "user": "UKV4ZPEFQ",
        "ts": "1576612906.000800",
        "team": "TKFJE6LDR",
        "user_team": "TKFJE6LDR",
        "source_team": "TKFJE6LDR",
        "user_profile": {
            "avatar_hash": "g854c628ef64",
            "image_72": "https:\/\/secure.gravatar.com\/avatar\/6854c628ef64a4c129a994522e17cdf2.jpg?s=72&d=https%3A%2F%2Fa.slack-edge.com%2Fdf10d%2Fimg%2Favatars%2Fava_0007-72.png",
            "first_name": "felicitybrand",
            "real_name": "felicitybrand",
            "display_name": "flicstar",
            "team": "TKFJE6LDR",
            "name": "felicitybrand",
            "is_restricted": false,
            "is_ultra_restricted": false
        },
        "edited": {
            "user": "UKV4ZPEFQ",
            "ts": "1576612914.000000"
        },
        "blocks": [
            {
                "type": "rich_text",
                "block_id": "KVJ",
                "elements": [
                    {
                        "type": "rich_text_section",
                        "elements": [
                            {
                                "type": "text",
                                "text": "This is the link Clarence was talking about...I dug it out from an email chat we had:\n"
                            }
                        ]
                    },
                    {
                        "type": "rich_text_quote",
                        "elements": [
                            {
                                "type": "text",
                                "text": "There is a topic on stackoverflow about what to do when you've been invited and cannot find the invitation: "
                            }
                        ]
                    },
                    {
                        "type": "rich_text_section",
                        "elements": [
                            {
                                "type": "link",
                                "url": "https:\/\/stackoverflow.com\/questions\/34020327\/cant-find-github-invitation-to-join-repo"
                            }
                        ]
                    }
                ]
            }
        ],
        "thread_ts": "1576572609.001300",
        "parent_user_id": "UKV4ZPEFQ"
    },
    {
        "client_msg_id": "f7b83df4-7717-4e86-bc86-9f14add3ad33",
        "type": "message",
        "text": "I think your link didn't work cos I didn't add the repo.",
        "user": "UKV4ZPEFQ",
        "ts": "1576613164.001200",
        "team": "TKFJE6LDR",
        "user_team": "TKFJE6LDR",
        "source_team": "TKFJE6LDR",
        "user_profile": {
            "avatar_hash": "g854c628ef64",
            "image_72": "https:\/\/secure.gravatar.com\/avatar\/6854c628ef64a4c129a994522e17cdf2.jpg?s=72&d=https%3A%2F%2Fa.slack-edge.com%2Fdf10d%2Fimg%2Favatars%2Fava_0007-72.png",
            "first_name": "felicitybrand",
            "real_name": "felicitybrand",
            "display_name": "flicstar",
            "team": "TKFJE6LDR",
            "name": "felicitybrand",
            "is_restricted": false,
            "is_ultra_restricted": false
        },
        "blocks": [
            {
                "type": "rich_text",
                "block_id": "nKtKs",
                "elements": [
                    {
                        "type": "rich_text_section",
                        "elements": [
                            {
                                "type": "text",
                                "text": "I think your link didn't work cos I didn't add the repo."
                            }
                        ]
                    }
                ]
            }
        ],
        "thread_ts": "1576572609.001300",
        "parent_user_id": "UKV4ZPEFQ"
    },
    {
        "client_msg_id": "4b9c3110-d42f-4d84-8a39-b3f1d784a5b9",
        "type": "message",
        "text": "Hmm, nah I can't get it to work...",
        "user": "UKV4ZPEFQ",
        "ts": "1576613172.001400",
        "team": "TKFJE6LDR",
        "user_team": "TKFJE6LDR",
        "source_team": "TKFJE6LDR",
        "user_profile": {
            "avatar_hash": "g854c628ef64",
            "image_72": "https:\/\/secure.gravatar.com\/avatar\/6854c628ef64a4c129a994522e17cdf2.jpg?s=72&d=https%3A%2F%2Fa.slack-edge.com%2Fdf10d%2Fimg%2Favatars%2Fava_0007-72.png",
            "first_name": "felicitybrand",
            "real_name": "felicitybrand",
            "display_name": "flicstar",
            "team": "TKFJE6LDR",
            "name": "felicitybrand",
            "is_restricted": false,
            "is_ultra_restricted": false
        },
        "blocks": [
            {
                "type": "rich_text",
                "block_id": "8s5",
                "elements": [
                    {
                        "type": "rich_text_section",
                        "elements": [
                            {
                                "type": "text",
                                "text": "Hmm, nah I can't get it to work..."
                            }
                        ]
                    }
                ]
            }
        ],
        "thread_ts": "1576572609.001300",
        "parent_user_id": "UKV4ZPEFQ"
    },
    {
        "client_msg_id": "38af8353-1416-48cc-9bd6-ad7c294ddd98",
        "type": "message",
        "text": "I can see two instances of Francesco in GitHub - one has the same avatar as you use in Slack so I'm figuring that one's kosher.",
        "user": "UKV4ZPEFQ",
        "ts": "1576613215.001600",
        "team": "TKFJE6LDR",
        "user_team": "TKFJE6LDR",
        "source_team": "TKFJE6LDR",
        "user_profile": {
            "avatar_hash": "g854c628ef64",
            "image_72": "https:\/\/secure.gravatar.com\/avatar\/6854c628ef64a4c129a994522e17cdf2.jpg?s=72&d=https%3A%2F%2Fa.slack-edge.com%2Fdf10d%2Fimg%2Favatars%2Fava_0007-72.png",
            "first_name": "felicitybrand",
            "real_name": "felicitybrand",
            "display_name": "flicstar",
            "team": "TKFJE6LDR",
            "name": "felicitybrand",
            "is_restricted": false,
            "is_ultra_restricted": false
        },
        "blocks": [
            {
                "type": "rich_text",
                "block_id": "Ac3",
                "elements": [
                    {
                        "type": "rich_text_section",
                        "elements": [
                            {
                                "type": "text",
                                "text": "I can see two instances of Francesco in GitHub - one has the same avatar as you use in Slack so I'm figuring that one's kosher."
                            }
                        ]
                    }
                ]
            }
        ],
        "thread_ts": "1576572609.001300",
        "parent_user_id": "UKV4ZPEFQ"
    },
    {
        "client_msg_id": "7c98893e-d1cc-471a-bb9c-5b2b16dcf2d1",
        "type": "message",
        "text": "Give it a bash, see what you come up with. I've sent and re-sent the invite and cancelled and resent it.",
        "user": "UKV4ZPEFQ",
        "ts": "1576613327.001800",
        "team": "TKFJE6LDR",
        "user_team": "TKFJE6LDR",
        "source_team": "TKFJE6LDR",
        "user_profile": {
            "avatar_hash": "g854c628ef64",
            "image_72": "https:\/\/secure.gravatar.com\/avatar\/6854c628ef64a4c129a994522e17cdf2.jpg?s=72&d=https%3A%2F%2Fa.slack-edge.com%2Fdf10d%2Fimg%2Favatars%2Fava_0007-72.png",
            "first_name": "felicitybrand",
            "real_name": "felicitybrand",
            "display_name": "flicstar",
            "team": "TKFJE6LDR",
            "name": "felicitybrand",
            "is_restricted": false,
            "is_ultra_restricted": false
        },
        "blocks": [
            {
                "type": "rich_text",
                "block_id": "aNS",
                "elements": [
                    {
                        "type": "rich_text_section",
                        "elements": [
                            {
                                "type": "text",
                                "text": "Give it a bash, see what you come up with. I've sent and re-sent the invite and cancelled and resent it."
                            }
                        ]
                    }
                ]
            }
        ],
        "thread_ts": "1576572609.001300",
        "parent_user_id": "UKV4ZPEFQ"
    }
]