[
    {
        "client_msg_id": "C5526A20-A8B7-4D0A-B0F9-1B8910033DA0",
        "type": "message",
        "text": "Good morning everyone I’m DeafDave. I worked in the “highly technical” technical documentation space 10 years ago for around 15 years. I use Auslan - Australian sign language as my primary mode of communication. I love writing. I’m not a morning person at all!\n\nI hope to contribute in the areas of inclusion and accessibility. Few things that spring to mind. How documentation can be structured and formatted to cater to a widest possible audience. Videos are generally not accessible to deaf people. The mantra is one source only! Generate multiple outputs from one source.\n\nI look forward to learning from you writers!\n\nI’m off to Deaf Youth Sydney activity in an hour time. A Wet n Wild activity.\n\nDeafDave.\n ",
        "user": "UR1VBKHD1",
        "ts": "1575666586.055300",
        "team": "TKFJE6LDR",
        "user_team": "TKFJE6LDR",
        "source_team": "TKFJE6LDR",
        "user_profile": {
            "avatar_hash": "g1d6ae089679",
            "image_72": "https:\/\/secure.gravatar.com\/avatar\/1d6ae08967983f1973436beba61255d9.jpg?s=72&d=https%3A%2F%2Fa.slack-edge.com%2Fdf10d%2Fimg%2Favatars%2Fava_0026-72.png",
            "first_name": "David",
            "real_name": "David Parker",
            "display_name": "DeafDave",
            "team": "TKFJE6LDR",
            "name": "deafdave",
            "is_restricted": false,
            "is_ultra_restricted": false
        },
        "reactions": [
            {
                "name": "wave",
                "users": [
                    "UL2AA1FF1",
                    "UKVC4NB71",
                    "UL9F82XL3",
                    "UR1VBKHD1"
                ],
                "count": 4
            }
        ]
    },
    {
        "client_msg_id": "171CD658-978E-4EBA-BE71-C26A384360FE",
        "type": "message",
        "text": "<@UR4F409LG> thanks for your interesting introduction. ",
        "user": "UR1VBKHD1",
        "ts": "1575666618.055900",
        "team": "TKFJE6LDR",
        "user_team": "TKFJE6LDR",
        "source_team": "TKFJE6LDR",
        "user_profile": {
            "avatar_hash": "g1d6ae089679",
            "image_72": "https:\/\/secure.gravatar.com\/avatar\/1d6ae08967983f1973436beba61255d9.jpg?s=72&d=https%3A%2F%2Fa.slack-edge.com%2Fdf10d%2Fimg%2Favatars%2Fava_0026-72.png",
            "first_name": "David",
            "real_name": "David Parker",
            "display_name": "DeafDave",
            "team": "TKFJE6LDR",
            "name": "deafdave",
            "is_restricted": false,
            "is_ultra_restricted": false
        },
        "reactions": [
            {
                "name": "+1",
                "users": [
                    "UR4F409LG"
                ],
                "count": 1
            }
        ]
    },
    {
        "client_msg_id": "e664ff53-6fd5-4508-98de-840ec33d3166",
        "type": "message",
        "text": "Welcome <@UR1VBKHD1>, I’m looking forward to working with you.",
        "user": "UKTGLQNGG",
        "ts": "1575666787.057000",
        "team": "TKFJE6LDR",
        "user_team": "TKFJE6LDR",
        "source_team": "TKFJE6LDR",
        "user_profile": {
            "avatar_hash": "ge03fcb118b0",
            "image_72": "https:\/\/secure.gravatar.com\/avatar\/9e03fcb118b0853a3fedfdee2367779d.jpg?s=72&d=https%3A%2F%2Fa.slack-edge.com%2Fdf10d%2Fimg%2Favatars%2Fava_0021-72.png",
            "first_name": "Cameron",
            "real_name": "Cameron Shorter",
            "display_name": "cameronshorter",
            "team": "TKFJE6LDR",
            "name": "cameron.shorter",
            "is_restricted": false,
            "is_ultra_restricted": false
        },
        "blocks": [
            {
                "type": "rich_text",
                "block_id": "RXJFE",
                "elements": [
                    {
                        "type": "rich_text_section",
                        "elements": [
                            {
                                "type": "text",
                                "text": "Welcome "
                            },
                            {
                                "type": "user",
                                "user_id": "UR1VBKHD1"
                            },
                            {
                                "type": "text",
                                "text": ", I’m looking forward to working with you."
                            }
                        ]
                    }
                ]
            }
        ]
    }
]