[
    {
        "client_msg_id": "c9508938-3e96-4848-8ac5-37d90cc3608e",
        "type": "message",
        "text": "<!here> Uh, Google Hangout? I\"m in with <@UKG4RHGBD> in <https:\/\/hangouts.google.com\/call\/TBkl_TqnqpZDocadsmKnAEEI?no_rd>",
        "user": "UKVC4NB71",
        "ts": "1574931998.004800",
        "team": "TKFJE6LDR",
        "user_team": "TKFJE6LDR",
        "source_team": "TKFJE6LDR",
        "user_profile": {
            "avatar_hash": "c7d9788d4436",
            "image_72": "https:\/\/avatars.slack-edge.com\/2019-10-30\/814314609877_c7d9788d4436969613a7_72.jpg",
            "first_name": "Jared",
            "real_name": "Jared Morgan",
            "display_name": "jaredmorgs",
            "team": "TKFJE6LDR",
            "name": "jaredleonmorgan",
            "is_restricted": false,
            "is_ultra_restricted": false
        },
        "blocks": [
            {
                "type": "rich_text",
                "block_id": "Ccqnv",
                "elements": [
                    {
                        "type": "rich_text_section",
                        "elements": [
                            {
                                "type": "broadcast",
                                "range": "here"
                            },
                            {
                                "type": "text",
                                "text": " Uh, Google Hangout? I\"m in with "
                            },
                            {
                                "type": "user",
                                "user_id": "UKG4RHGBD"
                            },
                            {
                                "type": "text",
                                "text": " in "
                            },
                            {
                                "type": "link",
                                "url": "https:\/\/hangouts.google.com\/call\/TBkl_TqnqpZDocadsmKnAEEI?no_rd"
                            }
                        ]
                    }
                ]
            }
        ]
    },
    {
        "client_msg_id": "45193d0c-6c08-45c9-aac8-7c5e217b0919",
        "type": "message",
        "text": "Starring this to this channel\n<https:\/\/drive.google.com\/drive\/u\/0\/folders\/1He_WbY7qEzCVs1ub9nLQhrL8GOoogy5d>",
        "user": "UL9F82XL3",
        "ts": "1574932495.005100",
        "team": "TKFJE6LDR",
        "user_team": "TKFJE6LDR",
        "source_team": "TKFJE6LDR",
        "user_profile": {
            "avatar_hash": "431cbc5b0797",
            "image_72": "https:\/\/avatars.slack-edge.com\/2019-07-23\/702616820016_431cbc5b0797a8cc9f24_72.jpg",
            "first_name": "Sanket",
            "real_name": "Sanket Totewar",
            "display_name": "",
            "team": "TKFJE6LDR",
            "name": "sanket.totewar",
            "is_restricted": false,
            "is_ultra_restricted": false
        },
        "blocks": [
            {
                "type": "rich_text",
                "block_id": "4WUa",
                "elements": [
                    {
                        "type": "rich_text_section",
                        "elements": [
                            {
                                "type": "text",
                                "text": "Starring this to this channel\n"
                            },
                            {
                                "type": "link",
                                "url": "https:\/\/drive.google.com\/drive\/u\/0\/folders\/1He_WbY7qEzCVs1ub9nLQhrL8GOoogy5d"
                            }
                        ]
                    }
                ]
            }
        ]
    }
]