[
    {
        "client_msg_id": "BB7EDF74-B536-4088-98D5-1E557E404541",
        "type": "message",
        "text": "Have shared our website with the OpenAPI Spec slack channel so we may get Henry and some others from there to join.",
        "user": "UL9F82XL3",
        "ts": "1576357533.001100",
        "team": "TKFJE6LDR",
        "user_team": "TKFJE6LDR",
        "source_team": "TKFJE6LDR",
        "user_profile": {
            "avatar_hash": "431cbc5b0797",
            "image_72": "https:\/\/avatars.slack-edge.com\/2019-07-23\/702616820016_431cbc5b0797a8cc9f24_72.jpg",
            "first_name": "Sanket",
            "real_name": "Sanket Totewar",
            "display_name": "",
            "team": "TKFJE6LDR",
            "name": "sanket.totewar",
            "is_restricted": false,
            "is_ultra_restricted": false
        },
        "blocks": [
            {
                "type": "rich_text",
                "block_id": "76wgO",
                "elements": [
                    {
                        "type": "rich_text_section",
                        "elements": [
                            {
                                "type": "text",
                                "text": "Have shared our website with the OpenAPI Spec slack channel so we may get Henry and some others from there to join."
                            }
                        ]
                    }
                ]
            }
        ]
    }
]