[
    {
        "client_msg_id": "6b779df8-03e4-4fac-a877-7121a61b9b4b",
        "type": "message",
        "text": "I'm afraid I don't have the time to spend on this project so I am bowing out. Good luck to everyone",
        "user": "UQHTJTYM6",
        "ts": "1576095560.058000",
        "team": "TKFJE6LDR",
        "user_team": "TKFJE6LDR",
        "source_team": "TKFJE6LDR",
        "user_profile": {
            "avatar_hash": "g65080694902",
            "image_72": "https:\/\/secure.gravatar.com\/avatar\/650806949023f752870363ad7de45188.jpg?s=72&d=https%3A%2F%2Fa.slack-edge.com%2Fdf10d%2Fimg%2Favatars%2Fava_0023-72.png",
            "first_name": "",
            "real_name": "Alec Clews",
            "display_name": "Alec Clews",
            "team": "TKFJE6LDR",
            "name": "alecclews",
            "is_restricted": false,
            "is_ultra_restricted": false
        },
        "blocks": [
            {
                "type": "rich_text",
                "block_id": "K8d",
                "elements": [
                    {
                        "type": "rich_text_section",
                        "elements": [
                            {
                                "type": "text",
                                "text": "I'm afraid I don't have the time to spend on this project so I am bowing out. Good luck to everyone"
                            }
                        ]
                    }
                ]
            }
        ]
    }
]