[
    {
        "client_msg_id": "357f232a-4be3-479b-a1c6-1035b3b5faf5",
        "type": "message",
        "text": "Apologies for tomorrow's meeting. Family has been battling a gastro bug and I need to rest.",
        "user": "UKVC4NB71",
        "ts": "1575372361.045900",
        "team": "TKFJE6LDR",
        "user_team": "TKFJE6LDR",
        "source_team": "TKFJE6LDR",
        "user_profile": {
            "avatar_hash": "c7d9788d4436",
            "image_72": "https:\/\/avatars.slack-edge.com\/2019-10-30\/814314609877_c7d9788d4436969613a7_72.jpg",
            "first_name": "Jared",
            "real_name": "Jared Morgan",
            "display_name": "jaredmorgs",
            "team": "TKFJE6LDR",
            "name": "jaredleonmorgan",
            "is_restricted": false,
            "is_ultra_restricted": false
        },
        "blocks": [
            {
                "type": "rich_text",
                "block_id": "V=g9O",
                "elements": [
                    {
                        "type": "rich_text_section",
                        "elements": [
                            {
                                "type": "text",
                                "text": "Apologies for tomorrow's meeting. Family has been battling a gastro bug and I need to rest."
                            }
                        ]
                    }
                ]
            }
        ]
    },
    {
        "client_msg_id": "39e3930c-9b61-4418-935e-26c5929b9281",
        "type": "message",
        "text": "Sorry I missed the meeting this morning folks! I slept through it.",
        "user": "UKV4ZPEFQ",
        "ts": "1575404078.046300",
        "team": "TKFJE6LDR",
        "user_team": "TKFJE6LDR",
        "source_team": "TKFJE6LDR",
        "user_profile": {
            "avatar_hash": "g854c628ef64",
            "image_72": "https:\/\/secure.gravatar.com\/avatar\/6854c628ef64a4c129a994522e17cdf2.jpg?s=72&d=https%3A%2F%2Fa.slack-edge.com%2Fdf10d%2Fimg%2Favatars%2Fava_0007-72.png",
            "first_name": "felicitybrand",
            "real_name": "felicitybrand",
            "display_name": "flicstar",
            "team": "TKFJE6LDR",
            "name": "felicitybrand",
            "is_restricted": false,
            "is_ultra_restricted": false
        },
        "blocks": [
            {
                "type": "rich_text",
                "block_id": "lgtRv",
                "elements": [
                    {
                        "type": "rich_text_section",
                        "elements": [
                            {
                                "type": "text",
                                "text": "Sorry I missed the meeting this morning folks! I slept through it."
                            }
                        ]
                    }
                ]
            }
        ]
    },
    {
        "client_msg_id": "580fb8b8-69c4-48cf-ab68-9bb603e38e55",
        "type": "message",
        "text": ":slightly_smiling_face:",
        "user": "UKTGLQNGG",
        "ts": "1575404601.046500",
        "team": "TKFJE6LDR",
        "user_team": "TKFJE6LDR",
        "source_team": "TKFJE6LDR",
        "user_profile": {
            "avatar_hash": "ge03fcb118b0",
            "image_72": "https:\/\/secure.gravatar.com\/avatar\/9e03fcb118b0853a3fedfdee2367779d.jpg?s=72&d=https%3A%2F%2Fa.slack-edge.com%2Fdf10d%2Fimg%2Favatars%2Fava_0021-72.png",
            "first_name": "Cameron",
            "real_name": "Cameron Shorter",
            "display_name": "cameronshorter",
            "team": "TKFJE6LDR",
            "name": "cameron.shorter",
            "is_restricted": false,
            "is_ultra_restricted": false
        },
        "blocks": [
            {
                "type": "rich_text",
                "block_id": "elI",
                "elements": [
                    {
                        "type": "rich_text_section",
                        "elements": [
                            {
                                "type": "emoji",
                                "name": "slightly_smiling_face"
                            }
                        ]
                    }
                ]
            }
        ]
    }
]