[
    {
        "client_msg_id": "9585f487-8cd3-427a-b366-d449f54b6bba",
        "type": "message",
        "text": "I did it but I don't see the email in <http:\/\/groups.io|groups.io> :confused:",
        "user": "UR4F409LG",
        "ts": "1575193680.035300",
        "team": "TKFJE6LDR",
        "user_team": "TKFJE6LDR",
        "source_team": "TKFJE6LDR",
        "user_profile": {
            "avatar_hash": "g79ec87b785b",
            "image_72": "https:\/\/secure.gravatar.com\/avatar\/79ec87b785b963697860ca73ad5e539e.jpg?s=72&d=https%3A%2F%2Fa.slack-edge.com%2Fdf10d%2Fimg%2Favatars%2Fava_0003-72.png",
            "first_name": "",
            "real_name": "Francesco Lanciana",
            "display_name": "Francesco Lanciana",
            "team": "TKFJE6LDR",
            "name": "francescolanciana",
            "is_restricted": false,
            "is_ultra_restricted": false
        },
        "blocks": [
            {
                "type": "rich_text",
                "block_id": "TKc",
                "elements": [
                    {
                        "type": "rich_text_section",
                        "elements": [
                            {
                                "type": "text",
                                "text": "I did it but I don't see the email in "
                            },
                            {
                                "type": "link",
                                "url": "http:\/\/groups.io",
                                "text": "groups.io"
                            },
                            {
                                "type": "text",
                                "text": " "
                            },
                            {
                                "type": "emoji",
                                "name": "confused"
                            }
                        ]
                    }
                ]
            }
        ],
        "thread_ts": "1575113969.035200",
        "parent_user_id": "UKTGLQNGG"
    },
    {
        "client_msg_id": "fc44bff4-b3ec-49d2-904a-cc30da1f9729",
        "type": "message",
        "text": "<@UKTGLQNGG> No it was *far* easier to read on Slack than on Email, so I'm really glad you encouraged <@UR4F409LG> to do it. Our <http:\/\/Groups.io|Groups.io> email makes the text teeny-tiny and it formats it like an impenetrable wall of text. :disappointed:",
        "user": "UKVC4NB71",
        "ts": "1575237052.036800",
        "team": "TKFJE6LDR",
        "user_team": "TKFJE6LDR",
        "source_team": "TKFJE6LDR",
        "user_profile": {
            "avatar_hash": "c7d9788d4436",
            "image_72": "https:\/\/avatars.slack-edge.com\/2019-10-30\/814314609877_c7d9788d4436969613a7_72.jpg",
            "first_name": "Jared",
            "real_name": "Jared Morgan",
            "display_name": "jaredmorgs",
            "team": "TKFJE6LDR",
            "name": "jaredleonmorgan",
            "is_restricted": false,
            "is_ultra_restricted": false
        },
        "blocks": [
            {
                "type": "rich_text",
                "block_id": "syYnt",
                "elements": [
                    {
                        "type": "rich_text_section",
                        "elements": [
                            {
                                "type": "user",
                                "user_id": "UKTGLQNGG"
                            },
                            {
                                "type": "text",
                                "text": " No it was "
                            },
                            {
                                "type": "text",
                                "text": "far",
                                "style": {
                                    "bold": true
                                }
                            },
                            {
                                "type": "text",
                                "text": " easier to read on Slack than on Email, so I'm really glad you encouraged "
                            },
                            {
                                "type": "user",
                                "user_id": "UR4F409LG"
                            },
                            {
                                "type": "text",
                                "text": " to do it. Our "
                            },
                            {
                                "type": "link",
                                "url": "http:\/\/Groups.io",
                                "text": "Groups.io"
                            },
                            {
                                "type": "text",
                                "text": " email makes the text teeny-tiny and it formats it like an impenetrable wall of text. "
                            },
                            {
                                "type": "emoji",
                                "name": "disappointed"
                            }
                        ]
                    }
                ]
            }
        ]
    },
    {
        "client_msg_id": "a736ec44-34bd-4957-9938-1c3b4667a593",
        "type": "message",
        "text": "This type of software driven approach is what some of the folks were discussing down at the Write The Docs Australia conference.",
        "user": "UKVC4NB71",
        "ts": "1575237107.037600",
        "team": "TKFJE6LDR",
        "user_team": "TKFJE6LDR",
        "source_team": "TKFJE6LDR",
        "user_profile": {
            "avatar_hash": "c7d9788d4436",
            "image_72": "https:\/\/avatars.slack-edge.com\/2019-10-30\/814314609877_c7d9788d4436969613a7_72.jpg",
            "first_name": "Jared",
            "real_name": "Jared Morgan",
            "display_name": "jaredmorgs",
            "team": "TKFJE6LDR",
            "name": "jaredleonmorgan",
            "is_restricted": false,
            "is_ultra_restricted": false
        },
        "blocks": [
            {
                "type": "rich_text",
                "block_id": "bUNPr",
                "elements": [
                    {
                        "type": "rich_text_section",
                        "elements": [
                            {
                                "type": "text",
                                "text": "This type of software driven approach is what some of the folks were discussing down at the Write The Docs Australia conference."
                            }
                        ]
                    }
                ]
            }
        ]
    },
    {
        "client_msg_id": "7e4866ae-9bc8-4514-9c02-a1ba3ad30f44",
        "type": "message",
        "text": "What was pitched down there was some sort of command-line tool that asks simple questions about what you're trying to produce.\nBased on your answers it spits out a documentation set you can use to get started.",
        "user": "UKVC4NB71",
        "ts": "1575237168.038800",
        "team": "TKFJE6LDR",
        "user_team": "TKFJE6LDR",
        "source_team": "TKFJE6LDR",
        "user_profile": {
            "avatar_hash": "c7d9788d4436",
            "image_72": "https:\/\/avatars.slack-edge.com\/2019-10-30\/814314609877_c7d9788d4436969613a7_72.jpg",
            "first_name": "Jared",
            "real_name": "Jared Morgan",
            "display_name": "jaredmorgs",
            "team": "TKFJE6LDR",
            "name": "jaredleonmorgan",
            "is_restricted": false,
            "is_ultra_restricted": false
        },
        "blocks": [
            {
                "type": "rich_text",
                "block_id": "c9euK",
                "elements": [
                    {
                        "type": "rich_text_section",
                        "elements": [
                            {
                                "type": "text",
                                "text": "What was pitched down there was some sort of command-line tool that asks simple questions about what you're trying to produce.\nBased on your answers it spits out a documentation set you can use to get started."
                            }
                        ]
                    }
                ]
            }
        ]
    },
    {
        "client_msg_id": "84d1f137-62a6-478d-aae9-b2da70b423f1",
        "type": "message",
        "text": "That's cool.",
        "user": "UKV4ZPEFQ",
        "ts": "1575237586.040800",
        "team": "TKFJE6LDR",
        "user_team": "TKFJE6LDR",
        "source_team": "TKFJE6LDR",
        "user_profile": {
            "avatar_hash": "g854c628ef64",
            "image_72": "https:\/\/secure.gravatar.com\/avatar\/6854c628ef64a4c129a994522e17cdf2.jpg?s=72&d=https%3A%2F%2Fa.slack-edge.com%2Fdf10d%2Fimg%2Favatars%2Fava_0007-72.png",
            "first_name": "felicitybrand",
            "real_name": "felicitybrand",
            "display_name": "flicstar",
            "team": "TKFJE6LDR",
            "name": "felicitybrand",
            "is_restricted": false,
            "is_ultra_restricted": false
        },
        "blocks": [
            {
                "type": "rich_text",
                "block_id": "ap=vT",
                "elements": [
                    {
                        "type": "rich_text_section",
                        "elements": [
                            {
                                "type": "text",
                                "text": "That's cool."
                            }
                        ]
                    }
                ]
            }
        ]
    },
    {
        "client_msg_id": "5e03d592-9be6-4ba8-8ea8-0eb4655a0c09",
        "type": "message",
        "text": "Your first email to the list is moderated to protect against spam. You should dee email now",
        "user": "UKTGLQNGG",
        "ts": "1575238679.044100",
        "team": "TKFJE6LDR",
        "user_team": "TKFJE6LDR",
        "source_team": "TKFJE6LDR",
        "user_profile": {
            "avatar_hash": "ge03fcb118b0",
            "image_72": "https:\/\/secure.gravatar.com\/avatar\/9e03fcb118b0853a3fedfdee2367779d.jpg?s=72&d=https%3A%2F%2Fa.slack-edge.com%2Fdf10d%2Fimg%2Favatars%2Fava_0021-72.png",
            "first_name": "Cameron",
            "real_name": "Cameron Shorter",
            "display_name": "cameronshorter",
            "team": "TKFJE6LDR",
            "name": "cameron.shorter",
            "is_restricted": false,
            "is_ultra_restricted": false
        },
        "thread_ts": "1575113969.035200",
        "parent_user_id": "UKTGLQNGG",
        "reactions": [
            {
                "name": "+1",
                "users": [
                    "UR4F409LG"
                ],
                "count": 1
            }
        ]
    },
    {
        "client_msg_id": "7e629a10-a8fd-409a-841c-9ea66a064387",
        "type": "message",
        "text": "That's interesting, I wonder how much you could recommend before too much of it didn't apply to their situation. It's always a tradeoff with things like that though, you want to give the user a mind blowing experience and the more questions you ask the less impressive the whole thing becomes. Also I feel like having to repeatedly go through the process would get a little annoying...\n\nI'm really thinking the key to the whole thing is encouraging bite sized pieces of information, which makes it easier to detect duplicate content, gives much more fine grained controls into controlling the reported freshness of info, reduces the need for complex templates, and I think could possibly do wonders for search. Still thinking through how to make it work though...",
        "user": "UR4F409LG",
        "ts": "1575238729.044800",
        "team": "TKFJE6LDR",
        "user_team": "TKFJE6LDR",
        "source_team": "TKFJE6LDR",
        "user_profile": {
            "avatar_hash": "g79ec87b785b",
            "image_72": "https:\/\/secure.gravatar.com\/avatar\/79ec87b785b963697860ca73ad5e539e.jpg?s=72&d=https%3A%2F%2Fa.slack-edge.com%2Fdf10d%2Fimg%2Favatars%2Fava_0003-72.png",
            "first_name": "",
            "real_name": "Francesco Lanciana",
            "display_name": "Francesco Lanciana",
            "team": "TKFJE6LDR",
            "name": "francescolanciana",
            "is_restricted": false,
            "is_ultra_restricted": false
        },
        "blocks": [
            {
                "type": "rich_text",
                "block_id": "4RJ6P",
                "elements": [
                    {
                        "type": "rich_text_section",
                        "elements": [
                            {
                                "type": "text",
                                "text": "That's interesting, I wonder how much you could recommend before too much of it didn't apply to their situation. It's always a tradeoff with things like that though, you want to give the user a mind blowing experience and the more questions you ask the less impressive the whole thing becomes. Also I feel like having to repeatedly go through the process would get a little annoying...\n\nI'm really thinking the key to the whole thing is encouraging bite sized pieces of information, which makes it easier to detect duplicate content, gives much more fine grained controls into controlling the reported freshness of info, reduces the need for complex templates, and I think could possibly do wonders for search. Still thinking through how to make it work though..."
                            }
                        ]
                    }
                ]
            }
        ]
    }
]