[
    {
        "client_msg_id": "5d358e3e-b63b-4895-a335-e36db72eda39",
        "type": "message",
        "text": "yay, the OAI folks are great!",
        "user": "UL2AA1FF1",
        "ts": "1576508022.000200",
        "team": "TKFJE6LDR",
        "user_team": "TKFJE6LDR",
        "source_team": "TKFJE6LDR",
        "user_profile": {
            "avatar_hash": "22135067b36d",
            "image_72": "https:\/\/avatars.slack-edge.com\/2019-10-23\/805254797908_22135067b36dfb715e99_72.jpg",
            "first_name": "",
            "real_name": "Erin McKean",
            "display_name": "Erin McKean",
            "team": "TKFJE6LDR",
            "name": "emckean",
            "is_restricted": false,
            "is_ultra_restricted": false
        },
        "blocks": [
            {
                "type": "rich_text",
                "block_id": "9lkns",
                "elements": [
                    {
                        "type": "rich_text_section",
                        "elements": [
                            {
                                "type": "text",
                                "text": "yay, the OAI folks are great!"
                            }
                        ]
                    }
                ]
            }
        ]
    },
    {
        "client_msg_id": "446b7c40-827e-4c79-a448-d5f3cdf63b31",
        "type": "message",
        "text": "Just starting off tackling a few of the easier issues and I have some questions:\n\n• Do we have some sort of standard for branch names? (e.g. Issue number - few word description)\n• I'm not able to move issues on the Kanban board to in progress, do I need permissions for this?\n• How do we feel about formatters (e.g. prettier). I just edited a markdown file and prettier changed asterisks to hyphens so it's probably good to settle on something soon so the PRs don't get muddled by formatting.",
        "user": "UR4F409LG",
        "ts": "1576567505.004600",
        "team": "TKFJE6LDR",
        "user_team": "TKFJE6LDR",
        "source_team": "TKFJE6LDR",
        "user_profile": {
            "avatar_hash": "g79ec87b785b",
            "image_72": "https:\/\/secure.gravatar.com\/avatar\/79ec87b785b963697860ca73ad5e539e.jpg?s=72&d=https%3A%2F%2Fa.slack-edge.com%2Fdf10d%2Fimg%2Favatars%2Fava_0003-72.png",
            "first_name": "",
            "real_name": "Francesco Lanciana",
            "display_name": "Francesco Lanciana",
            "team": "TKFJE6LDR",
            "name": "francescolanciana",
            "is_restricted": false,
            "is_ultra_restricted": false
        },
        "blocks": [
            {
                "type": "rich_text",
                "block_id": "LBb",
                "elements": [
                    {
                        "type": "rich_text_section",
                        "elements": [
                            {
                                "type": "text",
                                "text": "Just starting off tackling a few of the easier issues and I have some questions:\n\n"
                            }
                        ]
                    },
                    {
                        "type": "rich_text_list",
                        "elements": [
                            {
                                "type": "rich_text_section",
                                "elements": [
                                    {
                                        "type": "text",
                                        "text": "Do we have some sort of standard for branch names? (e.g. Issue number - few word description)"
                                    }
                                ]
                            },
                            {
                                "type": "rich_text_section",
                                "elements": [
                                    {
                                        "type": "text",
                                        "text": "I'm not able to move issues on the Kanban board to in progress, do I need permissions for this?"
                                    }
                                ]
                            },
                            {
                                "type": "rich_text_section",
                                "elements": [
                                    {
                                        "type": "text",
                                        "text": "How do we feel about formatters (e.g. prettier). I just edited a markdown file and prettier changed asterisks to hyphens so it's probably good to settle on something soon so the PRs don't get muddled by formatting."
                                    }
                                ]
                            }
                        ],
                        "style": "bullet",
                        "indent": 0
                    }
                ]
            }
        ]
    }
]