[
    {
        "client_msg_id": "5e214f8f-56bb-4163-b6e6-d5a2c5035d87",
        "type": "message",
        "text": "I added a slackbot for timezones :slightly_smiling_face: use \/converttime 5 pm PDT to UTC",
        "user": "UL2AA1FF1",
        "ts": "1588265038.181700",
        "team": "TKFJE6LDR",
        "user_team": "TKFJE6LDR",
        "source_team": "TKFJE6LDR",
        "user_profile": {
            "avatar_hash": "22135067b36d",
            "image_72": "https:\/\/avatars.slack-edge.com\/2019-10-23\/805254797908_22135067b36dfb715e99_72.jpg",
            "first_name": "",
            "real_name": "Erin McKean",
            "display_name": "Erin McKean",
            "team": "TKFJE6LDR",
            "name": "emckean",
            "is_restricted": false,
            "is_ultra_restricted": false
        },
        "blocks": [
            {
                "type": "rich_text",
                "block_id": "EkVg",
                "elements": [
                    {
                        "type": "rich_text_section",
                        "elements": [
                            {
                                "type": "text",
                                "text": "I added a slackbot for timezones "
                            },
                            {
                                "type": "emoji",
                                "name": "slightly_smiling_face"
                            },
                            {
                                "type": "text",
                                "text": " use \/converttime 5 pm PDT to UTC"
                            }
                        ]
                    }
                ]
            }
        ],
        "reactions": [
            {
                "name": "tada",
                "users": [
                    "U011GCVJFQF"
                ],
                "count": 1
            }
        ]
    },
    {
        "type": "message",
        "text": "\/converttime 5 pm PDT to UTC",
        "user": "UL2AA1FF1",
        "ts": "1588265044.181800",
        "team": "TKFJE6LDR",
        "user_team": "TKFJE6LDR",
        "source_team": "TKFJE6LDR",
        "user_profile": {
            "avatar_hash": "22135067b36d",
            "image_72": "https:\/\/avatars.slack-edge.com\/2019-10-23\/805254797908_22135067b36dfb715e99_72.jpg",
            "first_name": "",
            "real_name": "Erin McKean",
            "display_name": "Erin McKean",
            "team": "TKFJE6LDR",
            "name": "emckean",
            "is_restricted": false,
            "is_ultra_restricted": false
        }
    },
    {
        "type": "message",
        "subtype": "bot_message",
        "text": "Converted time(s): \n*    UTC:  May 01 12:00AM*\n\nLive countdown here: <https:\/\/countle.com\/_KygT_e0o?s=s>",
        "ts": "1588265044.181900",
        "bot_id": "B012SQGSJ10"
    },
    {
        "client_msg_id": "00510385-d35e-4b6d-bda0-34b19a5d980d",
        "type": "message",
        "text": "OK, I've applied my patent-pending technique of \"start writing and hope a plan materializes\" to the docs audit checklist project: <https:\/\/docs.google.com\/document\/d\/1e6Jc6zh-aMiEKP3BCRb5IVy4Y_FCzugYINeMcJqO9ds\/edit?usp=sharing> (Anyone can comment on that link and DM me your email if you want to edit)",
        "user": "U011GCVJFQF",
        "ts": "1588273699.183200",
        "team": "TKFJE6LDR",
        "user_team": "TKFJE6LDR",
        "source_team": "TKFJE6LDR",
        "user_profile": {
            "avatar_hash": "5859193991fb",
            "image_72": "https:\/\/avatars.slack-edge.com\/2020-04-16\/1066602100115_5859193991fb4bbebcdf_72.png",
            "first_name": "",
            "real_name": "Daniel Beck",
            "display_name": "Daniel Beck",
            "team": "TKFJE6LDR",
            "name": "daniel",
            "is_restricted": false,
            "is_ultra_restricted": false
        },
        "edited": {
            "user": "U011GCVJFQF",
            "ts": "1588273797.000000"
        },
        "blocks": [
            {
                "type": "rich_text",
                "block_id": "B\/FXV",
                "elements": [
                    {
                        "type": "rich_text_section",
                        "elements": [
                            {
                                "type": "text",
                                "text": "OK, I've applied my patent-pending technique of \"start writing and hope a plan materializes\" to the docs audit checklist project: "
                            },
                            {
                                "type": "link",
                                "url": "https:\/\/docs.google.com\/document\/d\/1e6Jc6zh-aMiEKP3BCRb5IVy4Y_FCzugYINeMcJqO9ds\/edit?usp=sharing"
                            },
                            {
                                "type": "text",
                                "text": " (Anyone can comment on that link and DM me your email if you want to edit)"
                            }
                        ]
                    }
                ]
            }
        ],
        "thread_ts": "1588273699.183200",
        "reply_count": 6,
        "reply_users_count": 3,
        "latest_reply": "1588366953.194000",
        "reply_users": [
            "UKTGLQNGG",
            "U012J5AMMEY",
            "U011GCVJFQF"
        ],
        "replies": [
            {
                "user": "UKTGLQNGG",
                "ts": "1588299648.189900"
            },
            {
                "user": "U012J5AMMEY",
                "ts": "1588303753.190100"
            },
            {
                "user": "U011GCVJFQF",
                "ts": "1588323519.192400"
            },
            {
                "user": "UKTGLQNGG",
                "ts": "1588323595.192600"
            },
            {
                "user": "U012J5AMMEY",
                "ts": "1588358142.192900"
            },
            {
                "user": "UKTGLQNGG",
                "ts": "1588366953.194000"
            }
        ],
        "subscribed": false,
        "reactions": [
            {
                "name": "tada",
                "users": [
                    "UL2AA1FF1"
                ],
                "count": 1
            }
        ]
    },
    {
        "client_msg_id": "475d85dc-3fa5-4382-8055-fbaf1871fb40",
        "type": "message",
        "text": "<@UKTGLQNGG> That needs to go into the wiki, but I thought it better to share it sooner rather than later",
        "user": "U011GCVJFQF",
        "ts": "1588273741.184100",
        "team": "TKFJE6LDR",
        "user_team": "TKFJE6LDR",
        "source_team": "TKFJE6LDR",
        "user_profile": {
            "avatar_hash": "5859193991fb",
            "image_72": "https:\/\/avatars.slack-edge.com\/2020-04-16\/1066602100115_5859193991fb4bbebcdf_72.png",
            "first_name": "",
            "real_name": "Daniel Beck",
            "display_name": "Daniel Beck",
            "team": "TKFJE6LDR",
            "name": "daniel",
            "is_restricted": false,
            "is_ultra_restricted": false
        },
        "blocks": [
            {
                "type": "rich_text",
                "block_id": "nTY",
                "elements": [
                    {
                        "type": "rich_text_section",
                        "elements": [
                            {
                                "type": "user",
                                "user_id": "UKTGLQNGG"
                            },
                            {
                                "type": "text",
                                "text": " That needs to go into the wiki, but I thought it better to share it sooner rather than later"
                            }
                        ]
                    }
                ]
            }
        ]
    },
    {
        "client_msg_id": "f9921016-59e7-4e5c-93e3-d00ce8b4c174",
        "type": "message",
        "text": "I updated <https:\/\/github.com\/thegooddocsproject\/templates\/wiki> with a clarified purpose and a list of external resources from my bookmarks and links shared here.\nI rather unilaterally declared that \"_This wiki is a resource for the team of maintainers and contributors. Information intended for template users should go into one of the documents in <https:\/\/github.com\/thegooddocsproject\/templates|code section>.\"._ My rational was that wikis on GitHub are the last place anyone would use to find information. Feel free to disagree.",
        "user": "U012J5AMMEY",
        "ts": "1588295720.189600",
        "team": "TKFJE6LDR",
        "user_team": "TKFJE6LDR",
        "source_team": "TKFJE6LDR",
        "user_profile": {
            "avatar_hash": "f0294109ed4a",
            "image_72": "https:\/\/avatars.slack-edge.com\/2020-04-23\/1080225857475_f0294109ed4a12a988f3_72.jpg",
            "first_name": "Max",
            "real_name": "Max Voskob",
            "display_name": "Max Voskob",
            "team": "TKFJE6LDR",
            "name": "max",
            "is_restricted": false,
            "is_ultra_restricted": false
        },
        "edited": {
            "user": "U012J5AMMEY",
            "ts": "1588295734.000000"
        },
        "blocks": [
            {
                "type": "rich_text",
                "block_id": "lSe",
                "elements": [
                    {
                        "type": "rich_text_section",
                        "elements": [
                            {
                                "type": "text",
                                "text": "I updated "
                            },
                            {
                                "type": "link",
                                "url": "https:\/\/github.com\/thegooddocsproject\/templates\/wiki"
                            },
                            {
                                "type": "text",
                                "text": " with a clarified purpose and a list of external resources from my bookmarks and links shared here.\nI rather unilaterally declared that \""
                            },
                            {
                                "type": "text",
                                "text": "This wiki is a resource for the team of maintainers and contributors. Information intended for template users should go into one of the documents in ",
                                "style": {
                                    "italic": true
                                }
                            },
                            {
                                "type": "link",
                                "url": "https:\/\/github.com\/thegooddocsproject\/templates",
                                "text": "code section",
                                "style": {
                                    "italic": true
                                }
                            },
                            {
                                "type": "text",
                                "text": ".\". ",
                                "style": {
                                    "italic": true
                                }
                            },
                            {
                                "type": "text",
                                "text": "My rational was that wikis on GitHub are the last place anyone would use to find information. Feel free to disagree."
                            }
                        ]
                    }
                ]
            }
        ],
        "reactions": [
            {
                "name": "+1",
                "users": [
                    "UL2AA1FF1"
                ],
                "count": 1
            }
        ]
    },
    {
        "client_msg_id": "7f5a4109-daf9-4d5c-916d-da96570e8d1a",
        "type": "message",
        "text": "Thanks Daniel, I'll review this within the next 48 hours.",
        "user": "UKTGLQNGG",
        "ts": "1588299648.189900",
        "team": "TKFJE6LDR",
        "user_team": "TKFJE6LDR",
        "source_team": "TKFJE6LDR",
        "user_profile": {
            "avatar_hash": "ge03fcb118b0",
            "image_72": "https:\/\/secure.gravatar.com\/avatar\/9e03fcb118b0853a3fedfdee2367779d.jpg?s=72&d=https%3A%2F%2Fa.slack-edge.com%2Fdf10d%2Fimg%2Favatars%2Fava_0021-72.png",
            "first_name": "Cameron",
            "real_name": "Cameron Shorter",
            "display_name": "cameronshorter",
            "team": "TKFJE6LDR",
            "name": "cameron.shorter",
            "is_restricted": false,
            "is_ultra_restricted": false
        },
        "blocks": [
            {
                "type": "rich_text",
                "block_id": "wbnb",
                "elements": [
                    {
                        "type": "rich_text_section",
                        "elements": [
                            {
                                "type": "text",
                                "text": "Thanks Daniel, I'll review this within the next 48 hours."
                            }
                        ]
                    }
                ]
            }
        ],
        "thread_ts": "1588273699.183200",
        "parent_user_id": "U011GCVJFQF"
    },
    {
        "client_msg_id": "8c4f3ad1-d221-491c-8d71-71accd3590e1",
        "type": "message",
        "text": "Daniel, happy to review as well if you give me access as *<mailto:max@onebro.me|max@onebro.me>* ",
        "user": "U012J5AMMEY",
        "ts": "1588303753.190100",
        "team": "TKFJE6LDR",
        "user_team": "TKFJE6LDR",
        "source_team": "TKFJE6LDR",
        "user_profile": {
            "avatar_hash": "f0294109ed4a",
            "image_72": "https:\/\/avatars.slack-edge.com\/2020-04-23\/1080225857475_f0294109ed4a12a988f3_72.jpg",
            "first_name": "Max",
            "real_name": "Max Voskob",
            "display_name": "Max Voskob",
            "team": "TKFJE6LDR",
            "name": "max",
            "is_restricted": false,
            "is_ultra_restricted": false
        },
        "blocks": [
            {
                "type": "rich_text",
                "block_id": "qKzP",
                "elements": [
                    {
                        "type": "rich_text_section",
                        "elements": [
                            {
                                "type": "text",
                                "text": "Daniel, happy to review as well if you give me access as "
                            },
                            {
                                "type": "link",
                                "url": "mailto:max@onebro.me",
                                "text": "max@onebro.me",
                                "style": {
                                    "bold": true
                                }
                            },
                            {
                                "type": "text",
                                "text": " ",
                                "style": {
                                    "bold": true
                                }
                            }
                        ]
                    }
                ]
            }
        ],
        "thread_ts": "1588273699.183200",
        "parent_user_id": "U011GCVJFQF"
    }
]