[
    {
        "client_msg_id": "5b0950ce-9ce9-478e-afa7-1ac357b08648",
        "type": "message",
        "text": "Hi Aaron, welcome. I'll be interested to hear your ideas.",
        "user": "UKTGLQNGG",
        "ts": "1589969114.299800",
        "team": "TKFJE6LDR",
        "user_team": "TKFJE6LDR",
        "source_team": "TKFJE6LDR",
        "user_profile": {
            "avatar_hash": "ge03fcb118b0",
            "image_72": "https:\/\/secure.gravatar.com\/avatar\/9e03fcb118b0853a3fedfdee2367779d.jpg?s=72&d=https%3A%2F%2Fa.slack-edge.com%2Fdf10d%2Fimg%2Favatars%2Fava_0021-72.png",
            "first_name": "Cameron",
            "real_name": "Cameron Shorter",
            "display_name": "cameronshorter",
            "team": "TKFJE6LDR",
            "name": "cameron.shorter",
            "is_restricted": false,
            "is_ultra_restricted": false
        },
        "blocks": [
            {
                "type": "rich_text",
                "block_id": "gV1",
                "elements": [
                    {
                        "type": "rich_text_section",
                        "elements": [
                            {
                                "type": "text",
                                "text": "Hi Aaron, welcome. I'll be interested to hear your ideas."
                            }
                        ]
                    }
                ]
            }
        ],
        "thread_ts": "1589946661.299500",
        "parent_user_id": "U013XPC8Q9Z"
    },
    {
        "client_msg_id": "06e8c80f-a63d-4972-a352-328ac65c15b8",
        "type": "message",
        "text": "Hi all, we have our weekly video conference meeting in 11 hours (with Google Meet). If you would like to join us, and don't have an invite yet, send me a message with your email address and I'll send you an invite. (It might need to be a google id to work)",
        "user": "UKTGLQNGG",
        "ts": "1589969424.302600",
        "team": "TKFJE6LDR",
        "user_team": "TKFJE6LDR",
        "source_team": "TKFJE6LDR",
        "user_profile": {
            "avatar_hash": "ge03fcb118b0",
            "image_72": "https:\/\/secure.gravatar.com\/avatar\/9e03fcb118b0853a3fedfdee2367779d.jpg?s=72&d=https%3A%2F%2Fa.slack-edge.com%2Fdf10d%2Fimg%2Favatars%2Fava_0021-72.png",
            "first_name": "Cameron",
            "real_name": "Cameron Shorter",
            "display_name": "cameronshorter",
            "team": "TKFJE6LDR",
            "name": "cameron.shorter",
            "is_restricted": false,
            "is_ultra_restricted": false
        },
        "blocks": [
            {
                "type": "rich_text",
                "block_id": "xnwhK",
                "elements": [
                    {
                        "type": "rich_text_section",
                        "elements": [
                            {
                                "type": "text",
                                "text": "Hi all, we have our weekly video conference meeting in 11 hours (with Google Meet). If you would like to join us, and don't have an invite yet, send me a message with your email address and I'll send you an invite. (It might need to be a google id to work)"
                            }
                        ]
                    }
                ]
            }
        ],
        "thread_ts": "1589969424.302600",
        "reply_count": 6,
        "reply_users_count": 2,
        "latest_reply": "1590166844.316300",
        "reply_users": [
            "UTCKDLXJ9",
            "UKTGLQNGG"
        ],
        "replies": [
            {
                "user": "UTCKDLXJ9",
                "ts": "1590127476.305700"
            },
            {
                "user": "UKTGLQNGG",
                "ts": "1590127719.305900"
            },
            {
                "user": "UKTGLQNGG",
                "ts": "1590127794.306100"
            },
            {
                "user": "UTCKDLXJ9",
                "ts": "1590128953.306300"
            },
            {
                "user": "UTCKDLXJ9",
                "ts": "1590128963.306500"
            },
            {
                "user": "UTCKDLXJ9",
                "ts": "1590166844.316300"
            }
        ],
        "subscribed": false
    },
    {
        "client_msg_id": "8b784d60-a57b-444f-a5a1-36ef5376d1a8",
        "type": "message",
        "text": "<https:\/\/www.timeanddate.com\/worldclock\/meetingdetails.html?year=2020&amp;month=5&amp;day=20&amp;hour=21&amp;min=0&amp;sec=0&amp;p1=240&amp;p2=136&amp;p3=179&amp;p4=224>",
        "user": "UKTGLQNGG",
        "ts": "1589969447.303000",
        "team": "TKFJE6LDR",
        "user_team": "TKFJE6LDR",
        "source_team": "TKFJE6LDR",
        "user_profile": {
            "avatar_hash": "ge03fcb118b0",
            "image_72": "https:\/\/secure.gravatar.com\/avatar\/9e03fcb118b0853a3fedfdee2367779d.jpg?s=72&d=https%3A%2F%2Fa.slack-edge.com%2Fdf10d%2Fimg%2Favatars%2Fava_0021-72.png",
            "first_name": "Cameron",
            "real_name": "Cameron Shorter",
            "display_name": "cameronshorter",
            "team": "TKFJE6LDR",
            "name": "cameron.shorter",
            "is_restricted": false,
            "is_ultra_restricted": false
        },
        "attachments": [
            {
                "title": "The World Clock Meeting Planner - Details",
                "title_link": "https:\/\/www.timeanddate.com\/worldclock\/meetingdetails.html?year=2020&month=5&day=20&hour=21&min=0&sec=0&p1=240&p2=136&p3=179&p4=224",
                "text": "Local time for a meeting, in user selected locations.",
                "fallback": "The World Clock Meeting Planner - Details",
                "image_url": "https:\/\/c.tadst.com\/gfx\/og\/tadlogo-facebook.png",
                "from_url": "https:\/\/www.timeanddate.com\/worldclock\/meetingdetails.html?year=2020&month=5&day=20&hour=21&min=0&sec=0&p1=240&p2=136&p3=179&p4=224",
                "image_width": 476,
                "image_height": 250,
                "image_bytes": 55884,
                "service_icon": "https:\/\/www.timeanddate.com\/favicon.ico",
                "service_name": "timeanddate.com",
                "id": 1,
                "original_url": "https:\/\/www.timeanddate.com\/worldclock\/meetingdetails.html?year=2020&amp;month=5&amp;day=20&amp;hour=21&amp;min=0&amp;sec=0&amp;p1=240&amp;p2=136&amp;p3=179&amp;p4=224"
            }
        ],
        "blocks": [
            {
                "type": "rich_text",
                "block_id": "Z=xC",
                "elements": [
                    {
                        "type": "rich_text_section",
                        "elements": [
                            {
                                "type": "link",
                                "url": "https:\/\/www.timeanddate.com\/worldclock\/meetingdetails.html?year=2020&month=5&day=20&hour=21&min=0&sec=0&p1=240&p2=136&p3=179&p4=224"
                            }
                        ]
                    }
                ]
            }
        ]
    },
    {
        "client_msg_id": "fd8bb582-05c4-4649-86d7-58771a7f1e8c",
        "type": "message",
        "text": "I hope you come along to our weekly meeting in 11 hours. It sounds like you have a lot of great ideas.",
        "user": "UKTGLQNGG",
        "ts": "1589969504.303200",
        "team": "TKFJE6LDR",
        "user_team": "TKFJE6LDR",
        "source_team": "TKFJE6LDR",
        "user_profile": {
            "avatar_hash": "ge03fcb118b0",
            "image_72": "https:\/\/secure.gravatar.com\/avatar\/9e03fcb118b0853a3fedfdee2367779d.jpg?s=72&d=https%3A%2F%2Fa.slack-edge.com%2Fdf10d%2Fimg%2Favatars%2Fava_0021-72.png",
            "first_name": "Cameron",
            "real_name": "Cameron Shorter",
            "display_name": "cameronshorter",
            "team": "TKFJE6LDR",
            "name": "cameron.shorter",
            "is_restricted": false,
            "is_ultra_restricted": false
        },
        "blocks": [
            {
                "type": "rich_text",
                "block_id": "yPK",
                "elements": [
                    {
                        "type": "rich_text_section",
                        "elements": [
                            {
                                "type": "text",
                                "text": "I hope you come along to our weekly meeting in 11 hours. It sounds like you have a lot of great ideas."
                            }
                        ]
                    }
                ]
            }
        ],
        "thread_ts": "1589946661.299500",
        "parent_user_id": "U013XPC8Q9Z"
    },
    {
        "client_msg_id": "78094ae6-6ffe-42c3-9b72-b17cf7adec82",
        "type": "message",
        "text": "Meeting now <https:\/\/meet.google.com\/nuj-qvxw-vvt?authuser=0|https:\/\/meet.google.com\/nuj-qvxw-vvt?authuser=0>",
        "user": "UKTGLQNGG",
        "ts": "1590008475.303600",
        "team": "TKFJE6LDR",
        "user_team": "TKFJE6LDR",
        "source_team": "TKFJE6LDR",
        "user_profile": {
            "avatar_hash": "ge03fcb118b0",
            "image_72": "https:\/\/secure.gravatar.com\/avatar\/9e03fcb118b0853a3fedfdee2367779d.jpg?s=72&d=https%3A%2F%2Fa.slack-edge.com%2Fdf10d%2Fimg%2Favatars%2Fava_0021-72.png",
            "first_name": "Cameron",
            "real_name": "Cameron Shorter",
            "display_name": "cameronshorter",
            "team": "TKFJE6LDR",
            "name": "cameron.shorter",
            "is_restricted": false,
            "is_ultra_restricted": false
        },
        "attachments": [
            {
                "title": "Meet",
                "title_link": "https:\/\/meet.google.com\/nuj-qvxw-vvt?authuser=0",
                "text": "Real-time meetings by Google. Using your browser, share your video, desktop, and presentations with teammates and customers.",
                "fallback": "Meet",
                "thumb_url": "https:\/\/www.gstatic.com\/images\/branding\/product\/2x\/meet_96dp.png",
                "from_url": "https:\/\/meet.google.com\/nuj-qvxw-vvt?authuser=0",
                "thumb_width": 192,
                "thumb_height": 192,
                "service_icon": "http:\/\/www.gstatic.com\/images\/branding\/product\/1x\/meet_16dp.png",
                "service_name": "meet.google.com",
                "id": 1,
                "original_url": "https:\/\/meet.google.com\/nuj-qvxw-vvt?authuser=0"
            }
        ],
        "blocks": [
            {
                "type": "rich_text",
                "block_id": "Ppc2",
                "elements": [
                    {
                        "type": "rich_text_section",
                        "elements": [
                            {
                                "type": "text",
                                "text": "Meeting now "
                            },
                            {
                                "type": "link",
                                "url": "https:\/\/meet.google.com\/nuj-qvxw-vvt?authuser=0",
                                "text": "https:\/\/meet.google.com\/nuj-qvxw-vvt?authuser=0"
                            }
                        ]
                    }
                ]
            }
        ]
    }
]