[
    {
        "client_msg_id": "28f8076f-5d09-48c9-a513-600f94449dba",
        "type": "message",
        "text": "Hi there :wave: I heard about this project at SustainOSS and I'm really keen to contribute templates for design documentation and any other design support :bouquet:",
        "user": "UTCCCN999",
        "ts": "1581084534.001000",
        "team": "TKFJE6LDR",
        "user_team": "TKFJE6LDR",
        "source_team": "TKFJE6LDR",
        "user_profile": {
            "avatar_hash": "47bf3bbbbfed",
            "image_72": "https:\/\/avatars.slack-edge.com\/2020-02-07\/930421695843_47bf3bbbbfedeac66e72_72.jpg",
            "first_name": "",
            "real_name": "Eriol Fox",
            "display_name": "Eriol Fox",
            "team": "TKFJE6LDR",
            "name": "eriolfox",
            "is_restricted": false,
            "is_ultra_restricted": false
        },
        "blocks": [
            {
                "type": "rich_text",
                "block_id": "Ja25",
                "elements": [
                    {
                        "type": "rich_text_section",
                        "elements": [
                            {
                                "type": "text",
                                "text": "Hi there "
                            },
                            {
                                "type": "emoji",
                                "name": "wave"
                            },
                            {
                                "type": "text",
                                "text": " I heard about this project at SustainOSS and I'm really keen to contribute templates for design documentation and any other design support "
                            },
                            {
                                "type": "emoji",
                                "name": "bouquet"
                            }
                        ]
                    }
                ]
            }
        ],
        "thread_ts": "1581084534.001000",
        "reply_count": 1,
        "reply_users_count": 1,
        "latest_reply": "1581096457.002300",
        "reply_users": [
            "UTCKDLXJ9"
        ],
        "replies": [
            {
                "user": "UTCKDLXJ9",
                "ts": "1581096457.002300"
            }
        ],
        "subscribed": false,
        "reactions": [
            {
                "name": "tada",
                "users": [
                    "UL2AA1FF1",
                    "UTCKDLXJ9"
                ],
                "count": 2
            }
        ]
    },
    {
        "client_msg_id": "781c4edf-1423-4ea3-9fc2-6e564779d344",
        "type": "message",
        "text": "Hi, Eriol. Thanks for joining us.",
        "user": "UL3UNUMK6",
        "ts": "1581092634.001300",
        "team": "TKFJE6LDR",
        "user_team": "TKFJE6LDR",
        "source_team": "TKFJE6LDR",
        "user_profile": {
            "avatar_hash": "g886aa2ab03e",
            "image_72": "https:\/\/secure.gravatar.com\/avatar\/1886aa2ab03e30db78524e761889e101.jpg?s=72&d=https%3A%2F%2Fa.slack-edge.com%2Fdf10d%2Fimg%2Favatars%2Fava_0005-72.png",
            "first_name": "",
            "real_name": "Clarence Cromwell",
            "display_name": "",
            "team": "TKFJE6LDR",
            "name": "clarencewcromwell",
            "is_restricted": false,
            "is_ultra_restricted": false
        },
        "blocks": [
            {
                "type": "rich_text",
                "block_id": "T+W",
                "elements": [
                    {
                        "type": "rich_text_section",
                        "elements": [
                            {
                                "type": "text",
                                "text": "Hi, Eriol. Thanks for joining us."
                            }
                        ]
                    }
                ]
            }
        ]
    },
    {
        "client_msg_id": "b85e6685-870c-4857-b96d-b05c36461254",
        "type": "message",
        "text": "That sounds like it would be a good thing to have. How many templates do you have in mind?",
        "user": "UL3UNUMK6",
        "ts": "1581092734.002000",
        "team": "TKFJE6LDR",
        "user_team": "TKFJE6LDR",
        "source_team": "TKFJE6LDR",
        "user_profile": {
            "avatar_hash": "g886aa2ab03e",
            "image_72": "https:\/\/secure.gravatar.com\/avatar\/1886aa2ab03e30db78524e761889e101.jpg?s=72&d=https%3A%2F%2Fa.slack-edge.com%2Fdf10d%2Fimg%2Favatars%2Fava_0005-72.png",
            "first_name": "",
            "real_name": "Clarence Cromwell",
            "display_name": "",
            "team": "TKFJE6LDR",
            "name": "clarencewcromwell",
            "is_restricted": false,
            "is_ultra_restricted": false
        },
        "blocks": [
            {
                "type": "rich_text",
                "block_id": "=4a",
                "elements": [
                    {
                        "type": "rich_text_section",
                        "elements": [
                            {
                                "type": "text",
                                "text": "That sounds like it would be a good thing to have. How many templates do you have in mind?"
                            }
                        ]
                    }
                ]
            }
        ]
    },
    {
        "client_msg_id": "409cb0f8-3175-449b-9461-bcbb6a34cfac",
        "type": "message",
        "text": "Good to have you here Eriol :tada:",
        "user": "UTCKDLXJ9",
        "ts": "1581096457.002300",
        "team": "TKFJE6LDR",
        "user_team": "TKFJE6LDR",
        "source_team": "TKFJE6LDR",
        "user_profile": {
            "avatar_hash": "0be4307e6d1c",
            "image_72": "https:\/\/avatars.slack-edge.com\/2020-05-22\/1152413971041_0be4307e6d1c12a4752f_72.jpg",
            "first_name": "",
            "real_name": "Bolaji Ayodeji",
            "display_name": "Bolaji Ayodeji",
            "team": "TKFJE6LDR",
            "name": "sirbeejay1",
            "is_restricted": false,
            "is_ultra_restricted": false
        },
        "blocks": [
            {
                "type": "rich_text",
                "block_id": "yrQ",
                "elements": [
                    {
                        "type": "rich_text_section",
                        "elements": [
                            {
                                "type": "text",
                                "text": "Good to have you here Eriol "
                            },
                            {
                                "type": "emoji",
                                "name": "tada"
                            }
                        ]
                    }
                ]
            }
        ],
        "thread_ts": "1581084534.001000",
        "parent_user_id": "UTCCCN999",
        "reactions": [
            {
                "name": "heart",
                "users": [
                    "UTCCCN999"
                ],
                "count": 1
            }
        ]
    },
    {
        "client_msg_id": "c74000a4-17af-492d-b7e5-12afd2557caf",
        "type": "message",
        "text": "Welcome <@UTCCCN999>. Great to hear that you’d like to contribute a design template. I’d love to hear you expand on your ideas. Do you have specific material already which you’d like to point to as an example? Maybe float a few ideas to our email list (which gets archived, we loose our slack messages). <https:\/\/thegooddocsproject.dev\/contact.html>",
        "user": "UKTGLQNGG",
        "ts": "1581099228.006000",
        "team": "TKFJE6LDR",
        "user_team": "TKFJE6LDR",
        "source_team": "TKFJE6LDR",
        "user_profile": {
            "avatar_hash": "ge03fcb118b0",
            "image_72": "https:\/\/secure.gravatar.com\/avatar\/9e03fcb118b0853a3fedfdee2367779d.jpg?s=72&d=https%3A%2F%2Fa.slack-edge.com%2Fdf10d%2Fimg%2Favatars%2Fava_0021-72.png",
            "first_name": "Cameron",
            "real_name": "Cameron Shorter",
            "display_name": "cameronshorter",
            "team": "TKFJE6LDR",
            "name": "cameron.shorter",
            "is_restricted": false,
            "is_ultra_restricted": false
        },
        "attachments": [
            {
                "service_name": "The Good Docs Project",
                "title": "Contact us",
                "title_link": "https:\/\/thegooddocsproject.dev\/contact.html",
                "text": "Templates to make good docs.",
                "fallback": "The Good Docs Project: Contact us",
                "from_url": "https:\/\/thegooddocsproject.dev\/contact.html",
                "id": 1,
                "original_url": "https:\/\/thegooddocsproject.dev\/contact.html"
            }
        ],
        "blocks": [
            {
                "type": "rich_text",
                "block_id": "lqxyY",
                "elements": [
                    {
                        "type": "rich_text_section",
                        "elements": [
                            {
                                "type": "text",
                                "text": "Welcome "
                            },
                            {
                                "type": "user",
                                "user_id": "UTCCCN999"
                            },
                            {
                                "type": "text",
                                "text": ". Great to hear that you’d like to contribute a design template. I’d love to hear you expand on your ideas. Do you have specific material already which you’d like to point to as an example? Maybe float a few ideas to our email list (which gets archived, we loose our slack messages). "
                            },
                            {
                                "type": "link",
                                "url": "https:\/\/thegooddocsproject.dev\/contact.html"
                            }
                        ]
                    }
                ]
            }
        ],
        "thread_ts": "1581099228.006000",
        "reply_count": 8,
        "reply_users_count": 3,
        "latest_reply": "1581274242.000800",
        "reply_users": [
            "UTCCCN999",
            "UL3UNUMK6",
            "UKTGLQNGG"
        ],
        "replies": [
            {
                "user": "UTCCCN999",
                "ts": "1581104737.009000"
            },
            {
                "user": "UTCCCN999",
                "ts": "1581104802.009500"
            },
            {
                "user": "UL3UNUMK6",
                "ts": "1581108070.009900"
            },
            {
                "user": "UKTGLQNGG",
                "ts": "1581158102.000500"
            },
            {
                "user": "UTCCCN999",
                "ts": "1581170605.000100"
            },
            {
                "user": "UKTGLQNGG",
                "ts": "1581187428.000100"
            },
            {
                "user": "UKTGLQNGG",
                "ts": "1581188565.000300"
            },
            {
                "user": "UTCCCN999",
                "ts": "1581274242.000800"
            }
        ],
        "subscribed": false
    },
    {
        "client_msg_id": "9631821e-3e6d-4298-8399-2aa6fc03fc3a",
        "type": "message",
        "text": "<@UL2AA1FF1> <@UTCCCN999> <@UTCKDLXJ9> It seems like SustainOSS might have been an inspiring place to connect with others. I’d be interested to learn about it, and in particular, what conversations were had with regards to TheGoodDocsProject. Has anyone written a blog post or similar? Or are there presentations online?",
        "user": "UKTGLQNGG",
        "ts": "1581099516.008900",
        "team": "TKFJE6LDR",
        "user_team": "TKFJE6LDR",
        "source_team": "TKFJE6LDR",
        "user_profile": {
            "avatar_hash": "ge03fcb118b0",
            "image_72": "https:\/\/secure.gravatar.com\/avatar\/9e03fcb118b0853a3fedfdee2367779d.jpg?s=72&d=https%3A%2F%2Fa.slack-edge.com%2Fdf10d%2Fimg%2Favatars%2Fava_0021-72.png",
            "first_name": "Cameron",
            "real_name": "Cameron Shorter",
            "display_name": "cameronshorter",
            "team": "TKFJE6LDR",
            "name": "cameron.shorter",
            "is_restricted": false,
            "is_ultra_restricted": false
        },
        "blocks": [
            {
                "type": "rich_text",
                "block_id": "NS9",
                "elements": [
                    {
                        "type": "rich_text_section",
                        "elements": [
                            {
                                "type": "user",
                                "user_id": "UL2AA1FF1"
                            },
                            {
                                "type": "text",
                                "text": " "
                            },
                            {
                                "type": "user",
                                "user_id": "UTCCCN999"
                            },
                            {
                                "type": "text",
                                "text": " "
                            },
                            {
                                "type": "user",
                                "user_id": "UTCKDLXJ9"
                            },
                            {
                                "type": "text",
                                "text": " It seems like SustainOSS might have been an inspiring place to connect with others. I’d be interested to learn about it, and in particular, what conversations were had with regards to TheGoodDocsProject. Has anyone written a blog post or similar? Or are there presentations online?"
                            }
                        ]
                    }
                ]
            }
        ],
        "thread_ts": "1581099516.008900",
        "reply_count": 2,
        "reply_users_count": 2,
        "latest_reply": "1581152865.000100",
        "reply_users": [
            "UTCCCN999",
            "UTCKDLXJ9"
        ],
        "replies": [
            {
                "user": "UTCCCN999",
                "ts": "1581104884.009700"
            },
            {
                "user": "UTCKDLXJ9",
                "ts": "1581152865.000100"
            }
        ],
        "subscribed": false,
        "reactions": [
            {
                "name": "+1",
                "users": [
                    "UTCCCN999",
                    "UTCKDLXJ9"
                ],
                "count": 2
            }
        ]
    },
    {
        "client_msg_id": "f63ce019-ea9d-455c-8192-71ff0a49398f",
        "type": "message",
        "text": "I created specific design docs for Ushahidi when I was working there and we had DIAL funding to improve docs:\n<https:\/\/app.gitbook.com\/@ushahidi\/s\/platform-developer-documentation\/design\/design-process>\n\nI would like to see what of that can be re-purposed into a template. Also some work around design task labelling in documentation form (i did a lot of work on one of Ushahidi's repos re. labels for design related tasks) as also templates for structuring design issues in a repo (this came out of some of our research from <https:\/\/github.com\/ushahidi\/opendesign>)\n\nAll depending on what you folks think of course!\n\nI went to a session (I think <@UL3UNUMK6> led?) about this project and I mentioned design docs and they seemed excited by it :smile: also I love documentation :sparkles:",
        "user": "UTCCCN999",
        "ts": "1581104737.009000",
        "team": "TKFJE6LDR",
        "user_team": "TKFJE6LDR",
        "source_team": "TKFJE6LDR",
        "user_profile": {
            "avatar_hash": "47bf3bbbbfed",
            "image_72": "https:\/\/avatars.slack-edge.com\/2020-02-07\/930421695843_47bf3bbbbfedeac66e72_72.jpg",
            "first_name": "",
            "real_name": "Eriol Fox",
            "display_name": "Eriol Fox",
            "team": "TKFJE6LDR",
            "name": "eriolfox",
            "is_restricted": false,
            "is_ultra_restricted": false
        },
        "attachments": [
            {
                "service_name": "GitHub",
                "title": "ushahidi\/opendesign",
                "title_link": "https:\/\/github.com\/ushahidi\/opendesign",
                "text": "A methodology for distributed, asynchronous design contributions to software projects - ushahidi\/opendesign",
                "fallback": "GitHub: ushahidi\/opendesign",
                "from_url": "https:\/\/github.com\/ushahidi\/opendesign",
                "thumb_url": "https:\/\/repository-images.githubusercontent.com\/179710835\/d5129580-a891-11e9-8477-cdd4f376f9cd",
                "thumb_width": 500,
                "thumb_height": 250,
                "service_icon": "https:\/\/a.slack-edge.com\/80588\/img\/unfurl_icons\/github.png",
                "id": 1,
                "original_url": "https:\/\/github.com\/ushahidi\/opendesign"
            }
        ],
        "blocks": [
            {
                "type": "rich_text",
                "block_id": "W7x",
                "elements": [
                    {
                        "type": "rich_text_section",
                        "elements": [
                            {
                                "type": "text",
                                "text": "I created specific design docs for Ushahidi when I was working there and we had DIAL funding to improve docs:\n"
                            },
                            {
                                "type": "link",
                                "url": "https:\/\/app.gitbook.com\/@ushahidi\/s\/platform-developer-documentation\/design\/design-process"
                            },
                            {
                                "type": "text",
                                "text": "\n\nI would like to see what of that can be re-purposed into a template. Also some work around design task labelling in documentation form (i did a lot of work on one of Ushahidi's repos re. labels for design related tasks) as also templates for structuring design issues in a repo (this came out of some of our research from "
                            },
                            {
                                "type": "link",
                                "url": "https:\/\/github.com\/ushahidi\/opendesign"
                            },
                            {
                                "type": "text",
                                "text": ")\n\nAll depending on what you folks think of course!\n\nI went to a session (I think "
                            },
                            {
                                "type": "user",
                                "user_id": "UL3UNUMK6"
                            },
                            {
                                "type": "text",
                                "text": " led?) about this project and I mentioned design docs and they seemed excited by it "
                            },
                            {
                                "type": "emoji",
                                "name": "smile"
                            },
                            {
                                "type": "text",
                                "text": " also I love documentation "
                            },
                            {
                                "type": "emoji",
                                "name": "sparkles"
                            }
                        ]
                    }
                ]
            }
        ],
        "thread_ts": "1581099228.006000",
        "parent_user_id": "UKTGLQNGG"
    },
    {
        "client_msg_id": "ddd7243a-aa3c-499e-9959-2ab71a595caa",
        "type": "message",
        "text": "Or perhaps the person at Sustain was called 'Constance?'...my memory isn't great",
        "user": "UTCCCN999",
        "ts": "1581104802.009500",
        "team": "TKFJE6LDR",
        "user_team": "TKFJE6LDR",
        "source_team": "TKFJE6LDR",
        "user_profile": {
            "avatar_hash": "47bf3bbbbfed",
            "image_72": "https:\/\/avatars.slack-edge.com\/2020-02-07\/930421695843_47bf3bbbbfedeac66e72_72.jpg",
            "first_name": "",
            "real_name": "Eriol Fox",
            "display_name": "Eriol Fox",
            "team": "TKFJE6LDR",
            "name": "eriolfox",
            "is_restricted": false,
            "is_ultra_restricted": false
        },
        "blocks": [
            {
                "type": "rich_text",
                "block_id": "2Bu4",
                "elements": [
                    {
                        "type": "rich_text_section",
                        "elements": [
                            {
                                "type": "text",
                                "text": "Or perhaps the person at Sustain was called 'Constance?'...my memory isn't great"
                            }
                        ]
                    }
                ]
            }
        ],
        "thread_ts": "1581099228.006000",
        "parent_user_id": "UKTGLQNGG"
    },
    {
        "client_msg_id": "153f7c78-1f6c-47cb-9a83-23bf94871db2",
        "type": "message",
        "text": "SustainOSS runs more un-conference style than standard sit and watch talks. We all collaborate over the day on important topics.\n\nthey are all documented though so it'd be worth reaching out to Pia and the rest of the SustainOSS team to see whether it isn't breaking confidentiality to share the folders.\n\n<https:\/\/sustainoss.org\/>",
        "user": "UTCCCN999",
        "ts": "1581104884.009700",
        "team": "TKFJE6LDR",
        "user_team": "TKFJE6LDR",
        "source_team": "TKFJE6LDR",
        "user_profile": {
            "avatar_hash": "47bf3bbbbfed",
            "image_72": "https:\/\/avatars.slack-edge.com\/2020-02-07\/930421695843_47bf3bbbbfedeac66e72_72.jpg",
            "first_name": "",
            "real_name": "Eriol Fox",
            "display_name": "Eriol Fox",
            "team": "TKFJE6LDR",
            "name": "eriolfox",
            "is_restricted": false,
            "is_ultra_restricted": false
        },
        "blocks": [
            {
                "type": "rich_text",
                "block_id": "6LPQ",
                "elements": [
                    {
                        "type": "rich_text_section",
                        "elements": [
                            {
                                "type": "text",
                                "text": "SustainOSS runs more un-conference style than standard sit and watch talks. We all collaborate over the day on important topics.\n\nthey are all documented though so it'd be worth reaching out to Pia and the rest of the SustainOSS team to see whether it isn't breaking confidentiality to share the folders.\n\n"
                            },
                            {
                                "type": "link",
                                "url": "https:\/\/sustainoss.org\/"
                            }
                        ]
                    }
                ]
            }
        ],
        "thread_ts": "1581099516.008900",
        "parent_user_id": "UKTGLQNGG"
    },
    {
        "client_msg_id": "4981350e-f22d-409c-b283-3760a44ae41c",
        "type": "message",
        "text": "I haven’t been to Sustain. But we are all excited.",
        "user": "UL3UNUMK6",
        "ts": "1581108070.009900",
        "team": "TKFJE6LDR",
        "user_team": "TKFJE6LDR",
        "source_team": "TKFJE6LDR",
        "user_profile": {
            "avatar_hash": "g886aa2ab03e",
            "image_72": "https:\/\/secure.gravatar.com\/avatar\/1886aa2ab03e30db78524e761889e101.jpg?s=72&d=https%3A%2F%2Fa.slack-edge.com%2Fdf10d%2Fimg%2Favatars%2Fava_0005-72.png",
            "first_name": "",
            "real_name": "Clarence Cromwell",
            "display_name": "",
            "team": "TKFJE6LDR",
            "name": "clarencewcromwell",
            "is_restricted": false,
            "is_ultra_restricted": false
        },
        "blocks": [
            {
                "type": "rich_text",
                "block_id": "fAq5k",
                "elements": [
                    {
                        "type": "rich_text_section",
                        "elements": [
                            {
                                "type": "text",
                                "text": "I haven’t been to Sustain. But we are all excited."
                            }
                        ]
                    }
                ]
            }
        ],
        "thread_ts": "1581099228.006000",
        "parent_user_id": "UKTGLQNGG"
    }
]