[
    {
        "client_msg_id": "e7d4bd23-32fc-4cbb-a6e6-e30151af916f",
        "type": "message",
        "text": "<http:\/\/opensource.org|opensource.org> have offered to publish my blog post about our involvement in Google Season of Docs. All going well, it should come out in a couple of weeks.",
        "user": "UKTGLQNGG",
        "ts": "1584526369.029000",
        "team": "TKFJE6LDR",
        "user_team": "TKFJE6LDR",
        "source_team": "TKFJE6LDR",
        "user_profile": {
            "avatar_hash": "ge03fcb118b0",
            "image_72": "https:\/\/secure.gravatar.com\/avatar\/9e03fcb118b0853a3fedfdee2367779d.jpg?s=72&d=https%3A%2F%2Fa.slack-edge.com%2Fdf10d%2Fimg%2Favatars%2Fava_0021-72.png",
            "first_name": "Cameron",
            "real_name": "Cameron Shorter",
            "display_name": "cameronshorter",
            "team": "TKFJE6LDR",
            "name": "cameron.shorter",
            "is_restricted": false,
            "is_ultra_restricted": false
        },
        "blocks": [
            {
                "type": "rich_text",
                "block_id": "ffv",
                "elements": [
                    {
                        "type": "rich_text_section",
                        "elements": [
                            {
                                "type": "link",
                                "url": "http:\/\/opensource.org",
                                "text": "opensource.org"
                            },
                            {
                                "type": "text",
                                "text": " have offered to publish my blog post about our involvement in Google Season of Docs. All going well, it should come out in a couple of weeks."
                            }
                        ]
                    }
                ]
            }
        ],
        "reactions": [
            {
                "name": "+1",
                "users": [
                    "UKVC4NB71",
                    "UKV4ZPEFQ",
                    "UL2AA1FF1",
                    "UL9F82XL3",
                    "UTCKDLXJ9",
                    "UR1VBKHD1"
                ],
                "count": 6
            }
        ]
    }
]