[
    {
        "client_msg_id": "A420D80F-4F63-49AD-A5E7-774274F17022",
        "type": "message",
        "text": "I think the definition of quality will inevitably be larger than the templates, because they’re more like an outline. They can make sure the documents are complete and organized correctly, but that won’t be the whole picture.",
        "user": "UL3UNUMK6",
        "ts": "1584467579.024800",
        "team": "TKFJE6LDR",
        "user_team": "TKFJE6LDR",
        "source_team": "TKFJE6LDR",
        "user_profile": {
            "avatar_hash": "g886aa2ab03e",
            "image_72": "https:\/\/secure.gravatar.com\/avatar\/1886aa2ab03e30db78524e761889e101.jpg?s=72&d=https%3A%2F%2Fa.slack-edge.com%2Fdf10d%2Fimg%2Favatars%2Fava_0005-72.png",
            "first_name": "",
            "real_name": "Clarence Cromwell",
            "display_name": "",
            "team": "TKFJE6LDR",
            "name": "clarencewcromwell",
            "is_restricted": false,
            "is_ultra_restricted": false
        },
        "blocks": [
            {
                "type": "rich_text",
                "block_id": "nlGy",
                "elements": [
                    {
                        "type": "rich_text_section",
                        "elements": [
                            {
                                "type": "text",
                                "text": "I think the definition of quality will inevitably be larger than the templates, because they’re more like an outline. They can make sure the documents are complete and organized correctly, but that won’t be the whole picture."
                            }
                        ]
                    }
                ]
            }
        ],
        "thread_ts": "1584376293.020000",
        "parent_user_id": "UKTGLQNGG"
    },
    {
        "client_msg_id": "57b699fa-baad-472d-baad-ad5a4ba4f0a3",
        "type": "message",
        "text": "Here’s a pedestrian analogy: I can choose a cake pan to make the kind of cake I want (layer cake, angel food, sheet cake, etc.) but it doesn’t guarantee that the results will be the highest quality. It just prevents the cake from being a mess. Having the right pan is one part of the process, but not the whole process.",
        "user": "UL3UNUMK6",
        "ts": "1584467760.025000",
        "team": "TKFJE6LDR",
        "user_team": "TKFJE6LDR",
        "source_team": "TKFJE6LDR",
        "user_profile": {
            "avatar_hash": "g886aa2ab03e",
            "image_72": "https:\/\/secure.gravatar.com\/avatar\/1886aa2ab03e30db78524e761889e101.jpg?s=72&d=https%3A%2F%2Fa.slack-edge.com%2Fdf10d%2Fimg%2Favatars%2Fava_0005-72.png",
            "first_name": "",
            "real_name": "Clarence Cromwell",
            "display_name": "",
            "team": "TKFJE6LDR",
            "name": "clarencewcromwell",
            "is_restricted": false,
            "is_ultra_restricted": false
        },
        "blocks": [
            {
                "type": "rich_text",
                "block_id": "LcI7l",
                "elements": [
                    {
                        "type": "rich_text_section",
                        "elements": [
                            {
                                "type": "text",
                                "text": "Here’s a pedestrian analogy: I can choose a cake pan to make the kind of cake I want (layer cake, angel food, sheet cake, etc.) but it doesn’t guarantee that the results will be the highest quality. It just prevents the cake from being a mess. Having the right pan is one part of the process, but not the whole process."
                            }
                        ]
                    }
                ]
            }
        ],
        "thread_ts": "1584376293.020000",
        "parent_user_id": "UKTGLQNGG"
    },
    {
        "client_msg_id": "a43405b0-8ded-4d77-b961-646b4dd9bd7b",
        "type": "message",
        "text": "If you think about the recipe, it has a lot more impact on the outcome of your cake. But the recipe is a process. It describes all the ingredients, what you do with them, and how you do it. It encompasses a lot more than a template, which is more like a table of contents than it is like a recipe.",
        "user": "UL3UNUMK6",
        "ts": "1584467858.025200",
        "team": "TKFJE6LDR",
        "user_team": "TKFJE6LDR",
        "source_team": "TKFJE6LDR",
        "user_profile": {
            "avatar_hash": "g886aa2ab03e",
            "image_72": "https:\/\/secure.gravatar.com\/avatar\/1886aa2ab03e30db78524e761889e101.jpg?s=72&d=https%3A%2F%2Fa.slack-edge.com%2Fdf10d%2Fimg%2Favatars%2Fava_0005-72.png",
            "first_name": "",
            "real_name": "Clarence Cromwell",
            "display_name": "",
            "team": "TKFJE6LDR",
            "name": "clarencewcromwell",
            "is_restricted": false,
            "is_ultra_restricted": false
        },
        "edited": {
            "user": "UL3UNUMK6",
            "ts": "1584467961.000000"
        },
        "blocks": [
            {
                "type": "rich_text",
                "block_id": "KzS",
                "elements": [
                    {
                        "type": "rich_text_section",
                        "elements": [
                            {
                                "type": "text",
                                "text": "If you think about the recipe, it has a lot more impact on the outcome of your cake. But the recipe is a process. It describes all the ingredients, what you do with them, and how you do it. It encompasses a lot more than a template, which is more like a table of contents than it is like a recipe."
                            }
                        ]
                    }
                ]
            }
        ],
        "thread_ts": "1584376293.020000",
        "parent_user_id": "UKTGLQNGG"
    },
    {
        "client_msg_id": "3f77eb82-dc9e-44e5-81f2-464c22c0ac9f",
        "type": "message",
        "text": "So I think quality could be addressed, but I think that would involve a description of processes and procedures, and using these templates would be just one of the requirements.",
        "user": "UL3UNUMK6",
        "ts": "1584467939.025400",
        "team": "TKFJE6LDR",
        "user_team": "TKFJE6LDR",
        "source_team": "TKFJE6LDR",
        "user_profile": {
            "avatar_hash": "g886aa2ab03e",
            "image_72": "https:\/\/secure.gravatar.com\/avatar\/1886aa2ab03e30db78524e761889e101.jpg?s=72&d=https%3A%2F%2Fa.slack-edge.com%2Fdf10d%2Fimg%2Favatars%2Fava_0005-72.png",
            "first_name": "",
            "real_name": "Clarence Cromwell",
            "display_name": "",
            "team": "TKFJE6LDR",
            "name": "clarencewcromwell",
            "is_restricted": false,
            "is_ultra_restricted": false
        },
        "edited": {
            "user": "UL3UNUMK6",
            "ts": "1584468204.000000"
        },
        "blocks": [
            {
                "type": "rich_text",
                "block_id": "7eHa",
                "elements": [
                    {
                        "type": "rich_text_section",
                        "elements": [
                            {
                                "type": "text",
                                "text": "So I think quality could be addressed, but I think that would involve a description of processes and procedures, and using these templates would be just one of the requirements."
                            }
                        ]
                    }
                ]
            }
        ],
        "thread_ts": "1584376293.020000",
        "parent_user_id": "UKTGLQNGG"
    },
    {
        "client_msg_id": "37e16c99-4db6-4956-ae6d-c74ae6276eb4",
        "type": "message",
        "text": "I do happen to think the templates are a really important part of quality documentation, because when people are unhappy with documentation, it’s because things are missing or incomplete. It’s a very common problem.",
        "user": "UL3UNUMK6",
        "ts": "1584468049.025800",
        "team": "TKFJE6LDR",
        "user_team": "TKFJE6LDR",
        "source_team": "TKFJE6LDR",
        "user_profile": {
            "avatar_hash": "g886aa2ab03e",
            "image_72": "https:\/\/secure.gravatar.com\/avatar\/1886aa2ab03e30db78524e761889e101.jpg?s=72&d=https%3A%2F%2Fa.slack-edge.com%2Fdf10d%2Fimg%2Favatars%2Fava_0005-72.png",
            "first_name": "",
            "real_name": "Clarence Cromwell",
            "display_name": "",
            "team": "TKFJE6LDR",
            "name": "clarencewcromwell",
            "is_restricted": false,
            "is_ultra_restricted": false
        },
        "edited": {
            "user": "UL3UNUMK6",
            "ts": "1584468081.000000"
        },
        "blocks": [
            {
                "type": "rich_text",
                "block_id": "OkE",
                "elements": [
                    {
                        "type": "rich_text_section",
                        "elements": [
                            {
                                "type": "text",
                                "text": "I do happen to think the templates are a really important part of quality documentation, because when people are unhappy with documentation, it’s because things are missing or incomplete. It’s a very common problem."
                            }
                        ]
                    }
                ]
            }
        ],
        "thread_ts": "1584376293.020000",
        "parent_user_id": "UKTGLQNGG"
    }
]