[
    {
        "client_msg_id": "38b894a8-42dc-4080-928c-6dc623e23141",
        "type": "message",
        "text": "<https:\/\/meet.google.com\/nuj-qvxw-vvt|https:\/\/meet.google.com\/nuj-qvxw-vvt> for weekly video meeting. Starting right now",
        "user": "UKTGLQNGG",
        "ts": "1588798873.216500",
        "team": "TKFJE6LDR",
        "user_team": "TKFJE6LDR",
        "source_team": "TKFJE6LDR",
        "user_profile": {
            "avatar_hash": "ge03fcb118b0",
            "image_72": "https:\/\/secure.gravatar.com\/avatar\/9e03fcb118b0853a3fedfdee2367779d.jpg?s=72&d=https%3A%2F%2Fa.slack-edge.com%2Fdf10d%2Fimg%2Favatars%2Fava_0021-72.png",
            "first_name": "Cameron",
            "real_name": "Cameron Shorter",
            "display_name": "cameronshorter",
            "team": "TKFJE6LDR",
            "name": "cameron.shorter",
            "is_restricted": false,
            "is_ultra_restricted": false
        },
        "attachments": [
            {
                "title": "Meet",
                "title_link": "https:\/\/meet.google.com\/nuj-qvxw-vvt",
                "text": "Real-time meetings by Google. Using your browser, share your video, desktop, and presentations with teammates and customers.",
                "fallback": "Meet",
                "thumb_url": "https:\/\/www.gstatic.com\/images\/branding\/product\/2x\/meet_96dp.png",
                "from_url": "https:\/\/meet.google.com\/nuj-qvxw-vvt",
                "thumb_width": 192,
                "thumb_height": 192,
                "service_icon": "http:\/\/www.gstatic.com\/images\/branding\/product\/1x\/meet_16dp.png",
                "service_name": "meet.google.com",
                "id": 1,
                "original_url": "https:\/\/meet.google.com\/nuj-qvxw-vvt"
            }
        ],
        "blocks": [
            {
                "type": "rich_text",
                "block_id": "TiJP",
                "elements": [
                    {
                        "type": "rich_text_section",
                        "elements": [
                            {
                                "type": "link",
                                "url": "https:\/\/meet.google.com\/nuj-qvxw-vvt",
                                "text": "https:\/\/meet.google.com\/nuj-qvxw-vvt"
                            },
                            {
                                "type": "text",
                                "text": " for weekly video meeting. Starting right now"
                            }
                        ]
                    }
                ]
            }
        ]
    },
    {
        "client_msg_id": "390a47b9-efe2-4a62-a1f5-2e73a57e18d5",
        "type": "message",
        "text": "here's the course mentioned by Max: <https:\/\/developers.google.com\/tech-writing>",
        "user": "UL2AA1FF1",
        "ts": "1588800355.217100",
        "team": "TKFJE6LDR",
        "user_team": "TKFJE6LDR",
        "source_team": "TKFJE6LDR",
        "user_profile": {
            "avatar_hash": "22135067b36d",
            "image_72": "https:\/\/avatars.slack-edge.com\/2019-10-23\/805254797908_22135067b36dfb715e99_72.jpg",
            "first_name": "",
            "real_name": "Erin McKean",
            "display_name": "Erin McKean",
            "team": "TKFJE6LDR",
            "name": "emckean",
            "is_restricted": false,
            "is_ultra_restricted": false
        },
        "attachments": [
            {
                "service_name": "Google Developers",
                "title": "Technical Writing  |  Google Developers",
                "title_link": "https:\/\/developers.google.com\/tech-writing",
                "text": "Technical Writing Courses for Engineers",
                "fallback": "Google Developers: Technical Writing  |  Google Developers",
                "image_url": "https:\/\/www.gstatic.com\/devrel-devsite\/prod\/vdc02fc75073da889497b42e970262e7e661131c92eb9242d0255017005e2d568\/developers\/images\/opengraph\/white.png",
                "image_width": 476,
                "image_height": 250,
                "from_url": "https:\/\/developers.google.com\/tech-writing",
                "image_bytes": 60975,
                "service_icon": "https:\/\/www.gstatic.com\/devrel-devsite\/prod\/vdc02fc75073da889497b42e970262e7e661131c92eb9242d0255017005e2d568\/developers\/images\/touchicon-180.png",
                "id": 1,
                "original_url": "https:\/\/developers.google.com\/tech-writing"
            }
        ],
        "blocks": [
            {
                "type": "rich_text",
                "block_id": "EgJR2",
                "elements": [
                    {
                        "type": "rich_text_section",
                        "elements": [
                            {
                                "type": "text",
                                "text": "here's the course mentioned by Max: "
                            },
                            {
                                "type": "link",
                                "url": "https:\/\/developers.google.com\/tech-writing"
                            }
                        ]
                    }
                ]
            }
        ],
        "thread_ts": "1588800355.217100",
        "reply_count": 1,
        "reply_users_count": 1,
        "latest_reply": "1588809017.217600",
        "reply_users": [
            "U012J5AMMEY"
        ],
        "replies": [
            {
                "user": "U012J5AMMEY",
                "ts": "1588809017.217600"
            }
        ],
        "subscribed": false,
        "reactions": [
            {
                "name": "heart",
                "users": [
                    "UTCKDLXJ9"
                ],
                "count": 1
            }
        ]
    },
    {
        "client_msg_id": "a95b58b4-29ca-44b6-920a-7c09ccef5166",
        "type": "message",
        "text": "My apologies for dropping off half sentence. My new phone is in the mail ... :slightly_smiling_face:\n\nWhat I was trying to say was a little bit of educational component in the form of WHY and HOW with a link to learn more will go a long way for non-writers.",
        "user": "U012J5AMMEY",
        "ts": "1588809017.217600",
        "team": "TKFJE6LDR",
        "user_team": "TKFJE6LDR",
        "source_team": "TKFJE6LDR",
        "user_profile": {
            "avatar_hash": "f0294109ed4a",
            "image_72": "https:\/\/avatars.slack-edge.com\/2020-04-23\/1080225857475_f0294109ed4a12a988f3_72.jpg",
            "first_name": "Max",
            "real_name": "Max Voskob",
            "display_name": "Max Voskob",
            "team": "TKFJE6LDR",
            "name": "max",
            "is_restricted": false,
            "is_ultra_restricted": false
        },
        "blocks": [
            {
                "type": "rich_text",
                "block_id": "t78V",
                "elements": [
                    {
                        "type": "rich_text_section",
                        "elements": [
                            {
                                "type": "text",
                                "text": "My apologies for dropping off half sentence. My new phone is in the mail ... "
                            },
                            {
                                "type": "emoji",
                                "name": "slightly_smiling_face"
                            },
                            {
                                "type": "text",
                                "text": "\n\nWhat I was trying to say was a little bit of educational component in the form of WHY and HOW with a link to learn more will go a long way for non-writers."
                            }
                        ]
                    }
                ]
            }
        ],
        "thread_ts": "1588800355.217100",
        "parent_user_id": "UL2AA1FF1",
        "reactions": [
            {
                "name": "+1",
                "users": [
                    "UL2AA1FF1",
                    "UTCKDLXJ9"
                ],
                "count": 2
            }
        ]
    }
]