[
    {
        "client_msg_id": "99b4d641-7fee-47ef-be64-0c3285ee67bf",
        "type": "message",
        "text": "Hi folks, anyone here to chat about TheGoodDocsProject?",
        "user": "UKTGLQNGG",
        "ts": "1582745543.003700",
        "team": "TKFJE6LDR",
        "user_team": "TKFJE6LDR",
        "source_team": "TKFJE6LDR",
        "user_profile": {
            "avatar_hash": "ge03fcb118b0",
            "image_72": "https:\/\/secure.gravatar.com\/avatar\/9e03fcb118b0853a3fedfdee2367779d.jpg?s=72&d=https%3A%2F%2Fa.slack-edge.com%2Fdf10d%2Fimg%2Favatars%2Fava_0021-72.png",
            "first_name": "Cameron",
            "real_name": "Cameron Shorter",
            "display_name": "cameronshorter",
            "team": "TKFJE6LDR",
            "name": "cameron.shorter",
            "is_restricted": false,
            "is_ultra_restricted": false
        },
        "blocks": [
            {
                "type": "rich_text",
                "block_id": "0AW8",
                "elements": [
                    {
                        "type": "rich_text_section",
                        "elements": [
                            {
                                "type": "text",
                                "text": "Hi folks, anyone here to chat about TheGoodDocsProject?"
                            }
                        ]
                    }
                ]
            }
        ]
    },
    {
        "client_msg_id": "05de3dc4-7964-485b-b540-ed001ddf4dee",
        "type": "message",
        "text": "<@UL3UNUMK6>, <@UL2AA1FF1>?",
        "user": "UKTGLQNGG",
        "ts": "1582745555.004000",
        "team": "TKFJE6LDR",
        "user_team": "TKFJE6LDR",
        "source_team": "TKFJE6LDR",
        "user_profile": {
            "avatar_hash": "ge03fcb118b0",
            "image_72": "https:\/\/secure.gravatar.com\/avatar\/9e03fcb118b0853a3fedfdee2367779d.jpg?s=72&d=https%3A%2F%2Fa.slack-edge.com%2Fdf10d%2Fimg%2Favatars%2Fava_0021-72.png",
            "first_name": "Cameron",
            "real_name": "Cameron Shorter",
            "display_name": "cameronshorter",
            "team": "TKFJE6LDR",
            "name": "cameron.shorter",
            "is_restricted": false,
            "is_ultra_restricted": false
        },
        "blocks": [
            {
                "type": "rich_text",
                "block_id": "EnAa",
                "elements": [
                    {
                        "type": "rich_text_section",
                        "elements": [
                            {
                                "type": "user",
                                "user_id": "UL3UNUMK6"
                            },
                            {
                                "type": "text",
                                "text": ", "
                            },
                            {
                                "type": "user",
                                "user_id": "UL2AA1FF1"
                            },
                            {
                                "type": "text",
                                "text": "?"
                            }
                        ]
                    }
                ]
            }
        ]
    },
    {
        "client_msg_id": "0e5f8bac-9aaf-4419-9993-4d514f0aa4fe",
        "type": "message",
        "text": "I'm here but I have the kind of head cold that makes you REALLY STUPID",
        "user": "UL2AA1FF1",
        "ts": "1582745571.004300",
        "team": "TKFJE6LDR",
        "user_team": "TKFJE6LDR",
        "source_team": "TKFJE6LDR",
        "user_profile": {
            "avatar_hash": "22135067b36d",
            "image_72": "https:\/\/avatars.slack-edge.com\/2019-10-23\/805254797908_22135067b36dfb715e99_72.jpg",
            "first_name": "",
            "real_name": "Erin McKean",
            "display_name": "Erin McKean",
            "team": "TKFJE6LDR",
            "name": "emckean",
            "is_restricted": false,
            "is_ultra_restricted": false
        },
        "blocks": [
            {
                "type": "rich_text",
                "block_id": "t9O",
                "elements": [
                    {
                        "type": "rich_text_section",
                        "elements": [
                            {
                                "type": "text",
                                "text": "I'm here but I have the kind of head cold that makes you REALLY STUPID"
                            }
                        ]
                    }
                ]
            }
        ]
    },
    {
        "client_msg_id": "8fb7d35d-9edd-4a4d-8791-96b520c6e3c4",
        "type": "message",
        "text": "That’s no good - hope you haven’t been to China lately.",
        "user": "UKTGLQNGG",
        "ts": "1582745601.004700",
        "team": "TKFJE6LDR",
        "user_team": "TKFJE6LDR",
        "source_team": "TKFJE6LDR",
        "user_profile": {
            "avatar_hash": "ge03fcb118b0",
            "image_72": "https:\/\/secure.gravatar.com\/avatar\/9e03fcb118b0853a3fedfdee2367779d.jpg?s=72&d=https%3A%2F%2Fa.slack-edge.com%2Fdf10d%2Fimg%2Favatars%2Fava_0021-72.png",
            "first_name": "Cameron",
            "real_name": "Cameron Shorter",
            "display_name": "cameronshorter",
            "team": "TKFJE6LDR",
            "name": "cameron.shorter",
            "is_restricted": false,
            "is_ultra_restricted": false
        },
        "blocks": [
            {
                "type": "rich_text",
                "block_id": "eVopm",
                "elements": [
                    {
                        "type": "rich_text_section",
                        "elements": [
                            {
                                "type": "text",
                                "text": "That’s no good - hope you haven’t been to China lately."
                            }
                        ]
                    }
                ]
            }
        ]
    },
    {
        "client_msg_id": "7638f943-87c0-40cb-85d3-104bd71a82b1",
        "type": "message",
        "text": "We’ve been seeing a bunch of good source references come through our channels which I figure we should collate. I’ve started putting here to start with: <https:\/\/docs.google.com\/document\/d\/1sPaVeFQFEqUs0w0sbvvWz1yW3rZd7Lba2_hNheQG25Y\/edit#heading=h.hgf4wkvr7zmx>",
        "user": "UKTGLQNGG",
        "ts": "1582745689.005800",
        "team": "TKFJE6LDR",
        "user_team": "TKFJE6LDR",
        "source_team": "TKFJE6LDR",
        "user_profile": {
            "avatar_hash": "ge03fcb118b0",
            "image_72": "https:\/\/secure.gravatar.com\/avatar\/9e03fcb118b0853a3fedfdee2367779d.jpg?s=72&d=https%3A%2F%2Fa.slack-edge.com%2Fdf10d%2Fimg%2Favatars%2Fava_0021-72.png",
            "first_name": "Cameron",
            "real_name": "Cameron Shorter",
            "display_name": "cameronshorter",
            "team": "TKFJE6LDR",
            "name": "cameron.shorter",
            "is_restricted": false,
            "is_ultra_restricted": false
        },
        "blocks": [
            {
                "type": "rich_text",
                "block_id": "SUr",
                "elements": [
                    {
                        "type": "rich_text_section",
                        "elements": [
                            {
                                "type": "text",
                                "text": "We’ve been seeing a bunch of good source references come through our channels which I figure we should collate. I’ve started putting here to start with: "
                            },
                            {
                                "type": "link",
                                "url": "https:\/\/docs.google.com\/document\/d\/1sPaVeFQFEqUs0w0sbvvWz1yW3rZd7Lba2_hNheQG25Y\/edit#heading=h.hgf4wkvr7zmx"
                            }
                        ]
                    }
                ]
            }
        ]
    },
    {
        "client_msg_id": "d9a9e7b6-e5b9-4a91-864f-4df1a10bb774",
        "type": "message",
        "text": "I’m questioning whether the difference between a Tutorial and Howto should result in a change in structure of the two templates.",
        "user": "UKTGLQNGG",
        "ts": "1582745910.008300",
        "team": "TKFJE6LDR",
        "user_team": "TKFJE6LDR",
        "source_team": "TKFJE6LDR",
        "user_profile": {
            "avatar_hash": "ge03fcb118b0",
            "image_72": "https:\/\/secure.gravatar.com\/avatar\/9e03fcb118b0853a3fedfdee2367779d.jpg?s=72&d=https%3A%2F%2Fa.slack-edge.com%2Fdf10d%2Fimg%2Favatars%2Fava_0021-72.png",
            "first_name": "Cameron",
            "real_name": "Cameron Shorter",
            "display_name": "cameronshorter",
            "team": "TKFJE6LDR",
            "name": "cameron.shorter",
            "is_restricted": false,
            "is_ultra_restricted": false
        },
        "blocks": [
            {
                "type": "rich_text",
                "block_id": "i9ky",
                "elements": [
                    {
                        "type": "rich_text_section",
                        "elements": [
                            {
                                "type": "text",
                                "text": "I’m questioning whether the difference between a Tutorial and Howto should result in a change in structure of the two templates."
                            }
                        ]
                    }
                ]
            }
        ]
    },
    {
        "client_msg_id": "b82005bd-8b71-4627-b6d2-971ba90e30e8",
        "type": "message",
        "text": "Should they both have the same headings, even though they have a different purpose?",
        "user": "UKTGLQNGG",
        "ts": "1582745962.009000",
        "team": "TKFJE6LDR",
        "user_team": "TKFJE6LDR",
        "source_team": "TKFJE6LDR",
        "user_profile": {
            "avatar_hash": "ge03fcb118b0",
            "image_72": "https:\/\/secure.gravatar.com\/avatar\/9e03fcb118b0853a3fedfdee2367779d.jpg?s=72&d=https%3A%2F%2Fa.slack-edge.com%2Fdf10d%2Fimg%2Favatars%2Fava_0021-72.png",
            "first_name": "Cameron",
            "real_name": "Cameron Shorter",
            "display_name": "cameronshorter",
            "team": "TKFJE6LDR",
            "name": "cameron.shorter",
            "is_restricted": false,
            "is_ultra_restricted": false
        },
        "blocks": [
            {
                "type": "rich_text",
                "block_id": "EqsxR",
                "elements": [
                    {
                        "type": "rich_text_section",
                        "elements": [
                            {
                                "type": "text",
                                "text": "Should they both have the same headings, even though they have a different purpose?"
                            }
                        ]
                    }
                ]
            }
        ]
    },
    {
        "client_msg_id": "99c0c5c8-1ff3-40bd-9da6-698bd834021f",
        "type": "message",
        "text": "Long answer: They have different purposes, because they have different audiences. The goal of the tutorial is to understand something, as opposed to producing code that you can check in; and that’s because the user is a beginner. The goal of the how-to is to explain the effective, production-ready way to get things done because the user is the go-to developer.",
        "user": "UL3UNUMK6",
        "ts": "1582752514.011700",
        "team": "TKFJE6LDR",
        "user_team": "TKFJE6LDR",
        "source_team": "TKFJE6LDR",
        "user_profile": {
            "avatar_hash": "g886aa2ab03e",
            "image_72": "https:\/\/secure.gravatar.com\/avatar\/1886aa2ab03e30db78524e761889e101.jpg?s=72&d=https%3A%2F%2Fa.slack-edge.com%2Fdf10d%2Fimg%2Favatars%2Fava_0005-72.png",
            "first_name": "",
            "real_name": "Clarence Cromwell",
            "display_name": "",
            "team": "TKFJE6LDR",
            "name": "clarencewcromwell",
            "is_restricted": false,
            "is_ultra_restricted": false
        },
        "blocks": [
            {
                "type": "rich_text",
                "block_id": "9AxY6",
                "elements": [
                    {
                        "type": "rich_text_section",
                        "elements": [
                            {
                                "type": "text",
                                "text": "Long answer: They have different purposes, because they have different audiences. The goal of the tutorial is to understand something, as opposed to producing code that you can check in; and that’s because the user is a beginner. The goal of the how-to is to explain the effective, production-ready way to get things done because the user is the go-to developer."
                            }
                        ]
                    }
                ]
            }
        ]
    },
    {
        "client_msg_id": "0fbe416c-a911-43de-878b-eca038678643",
        "type": "message",
        "text": "So anyway, what heading does the user require at this particular line? Maybe in some cases the two users need the same thing, maybe in some cases the needs are different.",
        "user": "UL3UNUMK6",
        "ts": "1582752572.012900",
        "team": "TKFJE6LDR",
        "user_team": "TKFJE6LDR",
        "source_team": "TKFJE6LDR",
        "user_profile": {
            "avatar_hash": "g886aa2ab03e",
            "image_72": "https:\/\/secure.gravatar.com\/avatar\/1886aa2ab03e30db78524e761889e101.jpg?s=72&d=https%3A%2F%2Fa.slack-edge.com%2Fdf10d%2Fimg%2Favatars%2Fava_0005-72.png",
            "first_name": "",
            "real_name": "Clarence Cromwell",
            "display_name": "",
            "team": "TKFJE6LDR",
            "name": "clarencewcromwell",
            "is_restricted": false,
            "is_ultra_restricted": false
        },
        "blocks": [
            {
                "type": "rich_text",
                "block_id": "=h5Y",
                "elements": [
                    {
                        "type": "rich_text_section",
                        "elements": [
                            {
                                "type": "text",
                                "text": "So anyway, what heading does the user require at this particular line? Maybe in some cases the two users need the same thing, maybe in some cases the needs are different."
                            }
                        ]
                    }
                ]
            }
        ]
    },
    {
        "client_msg_id": "f6632209-2205-41b5-af22-c70ec61a3ef6",
        "type": "message",
        "text": "Hi everyone,\nI'm a newcomer wanting to contribute to The Good Docs Project. I'm not sure where to start and I don't know much about github.\nWould any of you be able to directly message me and point me in the right direction?",
        "user": "UUKDDFDLM",
        "ts": "1582786255.015300",
        "team": "TKFJE6LDR",
        "user_team": "TKFJE6LDR",
        "source_team": "TKFJE6LDR",
        "user_profile": {
            "avatar_hash": "gb83d14b7e86",
            "image_72": "https:\/\/secure.gravatar.com\/avatar\/b83d14b7e86b1f5129bde6fecb58663b.jpg?s=72&d=https%3A%2F%2Fa.slack-edge.com%2Fdf10d%2Fimg%2Favatars%2Fava_0009-72.png",
            "first_name": "Naomi",
            "real_name": "Naomi Shen",
            "display_name": "Naomi Shen",
            "team": "TKFJE6LDR",
            "name": "nshen1993",
            "is_restricted": false,
            "is_ultra_restricted": false
        },
        "blocks": [
            {
                "type": "rich_text",
                "block_id": "gFN",
                "elements": [
                    {
                        "type": "rich_text_section",
                        "elements": [
                            {
                                "type": "text",
                                "text": "Hi everyone,\nI'm a newcomer wanting to contribute to The Good Docs Project. I'm not sure where to start and I don't know much about github.\nWould any of you be able to directly message me and point me in the right direction?"
                            }
                        ]
                    }
                ]
            }
        ],
        "thread_ts": "1582786255.015300",
        "reply_count": 2,
        "reply_users_count": 2,
        "latest_reply": "1583402805.015900",
        "reply_users": [
            "UL9F82XL3",
            "UR1VBKHD1"
        ],
        "replies": [
            {
                "user": "UL9F82XL3",
                "ts": "1582797282.016500"
            },
            {
                "user": "UR1VBKHD1",
                "ts": "1583402805.015900"
            }
        ],
        "subscribed": false,
        "reactions": [
            {
                "name": "wave",
                "users": [
                    "UR1VBKHD1"
                ],
                "count": 1
            }
        ]
    }
]