[
    {
        "client_msg_id": "8613e414-9ed9-48e6-9e49-e9756c5ebb97",
        "type": "message",
        "text": "Hey folks I'm not certain if we've made a style rule about \"one sentence per line\" or what's known as ventilated prose or semantic linefeeds?\n\n<https:\/\/asciidoctor.org\/docs\/asciidoc-recommended-practices\/#one-sentence-per-line>\n\nWhile that is an Asciidoctor practice I believe markdown supports this in paragraphs also.\n\nI'm finding that reviewing some PRs is becoming difficult because a large block of text shows an update.\n\nThere might be only one word changed in the block. Due to lack of ventilated sentences I waste time trying to find the word changed to verify the fix.",
        "user": "UKVC4NB71",
        "ts": "1590148896.310000",
        "team": "TKFJE6LDR",
        "user_team": "TKFJE6LDR",
        "source_team": "TKFJE6LDR",
        "user_profile": {
            "avatar_hash": "c7d9788d4436",
            "image_72": "https:\/\/avatars.slack-edge.com\/2019-10-30\/814314609877_c7d9788d4436969613a7_72.jpg",
            "first_name": "Jared",
            "real_name": "Jared Morgan",
            "display_name": "jaredmorgs",
            "team": "TKFJE6LDR",
            "name": "jaredleonmorgan",
            "is_restricted": false,
            "is_ultra_restricted": false
        },
        "blocks": [
            {
                "type": "rich_text",
                "block_id": "pb4",
                "elements": [
                    {
                        "type": "rich_text_section",
                        "elements": [
                            {
                                "type": "text",
                                "text": "Hey folks I'm not certain if we've made a style rule about \"one sentence per line\" or what's known as ventilated prose or semantic linefeeds?\n\n"
                            },
                            {
                                "type": "link",
                                "url": "https:\/\/asciidoctor.org\/docs\/asciidoc-recommended-practices\/#one-sentence-per-line"
                            },
                            {
                                "type": "text",
                                "text": "\n\nWhile that is an Asciidoctor practice I believe markdown supports this in paragraphs also.\n\nI'm finding that reviewing some PRs is becoming difficult because a large block of text shows an update.\n\nThere might be only one word changed in the block. Due to lack of ventilated sentences I waste time trying to find the word changed to verify the fix."
                            }
                        ]
                    }
                ]
            }
        ]
    },
    {
        "client_msg_id": "7f304d8d-36b4-4e03-9de8-6338798152ce",
        "type": "message",
        "text": "See  <https:\/\/github.com\/thegooddocsproject\/templates\/pull\/129\/files#diff-04c6e90faac2675aa89e2176d2eec7d8> for an example of what this looks like in practice.\n\nit makes no difference to the person reading the transformed Markdown, but it makes all the difference to the maintainers. :wink:",
        "user": "UKVC4NB71",
        "ts": "1590149228.311500",
        "team": "TKFJE6LDR",
        "user_team": "TKFJE6LDR",
        "source_team": "TKFJE6LDR",
        "user_profile": {
            "avatar_hash": "c7d9788d4436",
            "image_72": "https:\/\/avatars.slack-edge.com\/2019-10-30\/814314609877_c7d9788d4436969613a7_72.jpg",
            "first_name": "Jared",
            "real_name": "Jared Morgan",
            "display_name": "jaredmorgs",
            "team": "TKFJE6LDR",
            "name": "jaredleonmorgan",
            "is_restricted": false,
            "is_ultra_restricted": false
        },
        "blocks": [
            {
                "type": "rich_text",
                "block_id": "ieA",
                "elements": [
                    {
                        "type": "rich_text_section",
                        "elements": [
                            {
                                "type": "text",
                                "text": "See  "
                            },
                            {
                                "type": "link",
                                "url": "https:\/\/github.com\/thegooddocsproject\/templates\/pull\/129\/files#diff-04c6e90faac2675aa89e2176d2eec7d8"
                            },
                            {
                                "type": "text",
                                "text": " for an example of what this looks like in practice.\n\nit makes no difference to the person reading the transformed Markdown, but it makes all the difference to the maintainers. "
                            },
                            {
                                "type": "emoji",
                                "name": "wink"
                            }
                        ]
                    }
                ]
            }
        ]
    },
    {
        "client_msg_id": "590d396d-674e-4840-a509-7c8ce4489536",
        "type": "message",
        "text": "I've gone and done the needful for this question: <https:\/\/github.com\/thegooddocsproject\/templates\/issues\/135>",
        "user": "UKVC4NB71",
        "ts": "1590150841.311900",
        "team": "TKFJE6LDR",
        "user_team": "TKFJE6LDR",
        "source_team": "TKFJE6LDR",
        "user_profile": {
            "avatar_hash": "c7d9788d4436",
            "image_72": "https:\/\/avatars.slack-edge.com\/2019-10-30\/814314609877_c7d9788d4436969613a7_72.jpg",
            "first_name": "Jared",
            "real_name": "Jared Morgan",
            "display_name": "jaredmorgs",
            "team": "TKFJE6LDR",
            "name": "jaredleonmorgan",
            "is_restricted": false,
            "is_ultra_restricted": false
        },
        "attachments": [
            {
                "author_name": "jaredmorgs",
                "fallback": "[thegooddocsproject\/templates] #135 Implement ventilated prose as a standard for the project",
                "text": "Hey folks I'm not certain if we've made a style rule about \"one sentence per line\" or what's known as ventilated prose or semantic linefeeds?\n\n<https:\/\/asciidoctor.org\/docs\/asciidoc-recommended-practices\/#one-sentence-per-line|https:\/\/asciidoctor.org\/docs\/asciidoc-recommended-practices\/#one-sentence-per-line> describes what this is all about.\n\nWhile that is an Asciidoctor practice I confirm that Markdown supports this for paragraphs also.\n\nI'm finding that reviewing some PRs is becoming difficult because a large block of the text shows an update.  \nThere might be only one word changed in the block.  \nDue to a lack of ventilated sentences I waste time trying to find the word changed to verify the fix.\n\nIt makes no difference to the person reading the transformed Markdown, but it makes all the difference to the maintainers reviewing textual changes to files.\n\nI can say with confidence that I've been using ventilated prose for at least three years now and would never go back.",
                "title": "#135 Implement ventilated prose as a standard for the project",
                "footer": "<https:\/\/github.com\/thegooddocsproject\/templates|thegooddocsproject\/templates>",
                "id": 1,
                "title_link": "https:\/\/github.com\/thegooddocsproject\/templates\/issues\/135",
                "author_link": "https:\/\/github.com\/jaredmorgs",
                "author_icon": "https:\/\/avatars1.githubusercontent.com\/u\/952793?v=4",
                "footer_icon": "https:\/\/github.githubassets.com\/favicon.ico",
                "ts": 1590150822,
                "color": "36a64f",
                "fields": [
                    {
                        "title": "Labels",
                        "value": "decision, question",
                        "short": true
                    }
                ],
                "mrkdwn_in": [
                    "text"
                ],
                "bot_id": "BU8U6P6AH",
                "app_unfurl_url": "https:\/\/github.com\/thegooddocsproject\/templates\/issues\/135",
                "is_app_unfurl": true
            }
        ],
        "blocks": [
            {
                "type": "rich_text",
                "block_id": "GwN",
                "elements": [
                    {
                        "type": "rich_text_section",
                        "elements": [
                            {
                                "type": "text",
                                "text": "I've gone and done the needful for this question: "
                            },
                            {
                                "type": "link",
                                "url": "https:\/\/github.com\/thegooddocsproject\/templates\/issues\/135"
                            }
                        ]
                    }
                ]
            }
        ]
    },
    {
        "client_msg_id": "07120748-7535-461c-bb88-9634d5a4a97a",
        "type": "message",
        "text": "Hi <@UKVC4NB71> am I allowed to review PRs? Not really sure as I'm not a maintainer. Of course in the end you'll have to review again as the maintainer. Asking 'cause someone is tagging me and asking me to review.",
        "user": "U013SP763UH",
        "ts": "1590165691.315800",
        "team": "TKFJE6LDR",
        "user_team": "TKFJE6LDR",
        "source_team": "TKFJE6LDR",
        "user_profile": {
            "avatar_hash": "ge679a953230",
            "image_72": "https:\/\/secure.gravatar.com\/avatar\/e679a953230d7fe2144b09ae62707900.jpg?s=72&d=https%3A%2F%2Fa.slack-edge.com%2Fdf10d%2Fimg%2Favatars%2Fava_0015-72.png",
            "first_name": "Shreyas",
            "real_name": "Shreyas Thirumalai",
            "display_name": "shreyas1599",
            "team": "TKFJE6LDR",
            "name": "shreyasthirumalai",
            "is_restricted": false,
            "is_ultra_restricted": false
        },
        "blocks": [
            {
                "type": "rich_text",
                "block_id": "1Dp",
                "elements": [
                    {
                        "type": "rich_text_section",
                        "elements": [
                            {
                                "type": "text",
                                "text": "Hi "
                            },
                            {
                                "type": "user",
                                "user_id": "UKVC4NB71"
                            },
                            {
                                "type": "text",
                                "text": " am I allowed to review PRs? Not really sure as I'm not a maintainer. Of course in the end you'll have to review again as the maintainer. Asking 'cause someone is tagging me and asking me to review."
                            }
                        ]
                    }
                ]
            }
        ]
    },
    {
        "client_msg_id": "f143251f-8d71-4af7-81e1-b6929c6ab7f0",
        "type": "message",
        "text": "I haven't seen the invite yet, am I doing something wrong?",
        "user": "UTCKDLXJ9",
        "ts": "1590166844.316300",
        "team": "TKFJE6LDR",
        "user_team": "TKFJE6LDR",
        "source_team": "TKFJE6LDR",
        "user_profile": {
            "avatar_hash": "0be4307e6d1c",
            "image_72": "https:\/\/avatars.slack-edge.com\/2020-05-22\/1152413971041_0be4307e6d1c12a4752f_72.jpg",
            "first_name": "",
            "real_name": "Bolaji Ayodeji",
            "display_name": "Bolaji Ayodeji",
            "team": "TKFJE6LDR",
            "name": "sirbeejay1",
            "is_restricted": false,
            "is_ultra_restricted": false
        },
        "blocks": [
            {
                "type": "rich_text",
                "block_id": "+J67",
                "elements": [
                    {
                        "type": "rich_text_section",
                        "elements": [
                            {
                                "type": "text",
                                "text": "I haven't seen the invite yet, am I doing something wrong?"
                            }
                        ]
                    }
                ]
            }
        ],
        "thread_ts": "1589969424.302600",
        "parent_user_id": "UKTGLQNGG"
    },
    {
        "client_msg_id": "e062f4f5-64ab-41a4-8bd4-92a5cce64af0",
        "type": "message",
        "text": "yes <@U013SP763UH> you are welcome to review, especially if you feel you have value to add in your review comments. For accepting pull requests, that is typically reserved for our core contributors who have built up a level of trust.\n<@UKVC4NB71> I'm added my thoughts to github comments. I feel we shouldn't add format specific comments in our style guide. <https:\/\/github.com\/thegooddocsproject\/templates\/issues\/135#issuecomment-632978820>",
        "user": "UKTGLQNGG",
        "ts": "1590205218.319900",
        "team": "TKFJE6LDR",
        "user_team": "TKFJE6LDR",
        "source_team": "TKFJE6LDR",
        "user_profile": {
            "avatar_hash": "ge03fcb118b0",
            "image_72": "https:\/\/secure.gravatar.com\/avatar\/9e03fcb118b0853a3fedfdee2367779d.jpg?s=72&d=https%3A%2F%2Fa.slack-edge.com%2Fdf10d%2Fimg%2Favatars%2Fava_0021-72.png",
            "first_name": "Cameron",
            "real_name": "Cameron Shorter",
            "display_name": "cameronshorter",
            "team": "TKFJE6LDR",
            "name": "cameron.shorter",
            "is_restricted": false,
            "is_ultra_restricted": false
        },
        "attachments": [
            {
                "author_name": "camerons",
                "fallback": "[thegooddocsproject\/templates] Comment on #135",
                "text": "Jared, I feel that we shouldn't introduce a \"one sentence per line\" rule into our doc templates.  \nIt would be a rule which works around the limitations with storing data in a wiki format, and the tools which attempt to work around that. (It is a valid convention for that problem.)  \nIt is a case of \"first we shape the tools, then the tools shape us\".  \nI feel that we should focus our templates purely on content and words, and try and avoid introducing format decisions into our style guide.  \nA test of this would be to see whether this recommendation makes sense if we were to translate the template into using a Google Docs format (or some other format).  \nWe could potentially add a separate guide for formatting source docs (for this type of guidance).  \nSo my recommendation would be to close out this suggestion with no action. I'd be interested to hear the opinion of others.",
                "title": "Comment on #135 Implement ventilated prose as a standard for the project",
                "footer": "<https:\/\/github.com\/thegooddocsproject\/templates|thegooddocsproject\/templates>",
                "id": 1,
                "title_link": "https:\/\/github.com\/thegooddocsproject\/templates\/issues\/135#issuecomment-632978820",
                "author_link": "https:\/\/github.com\/camerons",
                "author_icon": "https:\/\/avatars1.githubusercontent.com\/u\/1243535?u=47eb10bd87211e6517a6356957df1bdbb9fededd&v=4",
                "footer_icon": "https:\/\/github.githubassets.com\/favicon.ico",
                "ts": 1590204968,
                "color": "24292f",
                "mrkdwn_in": [
                    "text"
                ],
                "bot_id": "BU8U6P6AH",
                "app_unfurl_url": "https:\/\/github.com\/thegooddocsproject\/templates\/issues\/135#issuecomment-632978820",
                "is_app_unfurl": true
            }
        ],
        "blocks": [
            {
                "type": "rich_text",
                "block_id": "lJQY",
                "elements": [
                    {
                        "type": "rich_text_section",
                        "elements": [
                            {
                                "type": "text",
                                "text": "yes "
                            },
                            {
                                "type": "user",
                                "user_id": "U013SP763UH"
                            },
                            {
                                "type": "text",
                                "text": " you are welcome to review, especially if you feel you have value to add in your review comments. For accepting pull requests, that is typically reserved for our core contributors who have built up a level of trust.\n"
                            },
                            {
                                "type": "user",
                                "user_id": "UKVC4NB71"
                            },
                            {
                                "type": "text",
                                "text": " I'm added my thoughts to github comments. I feel we shouldn't add format specific comments in our style guide. "
                            },
                            {
                                "type": "link",
                                "url": "https:\/\/github.com\/thegooddocsproject\/templates\/issues\/135#issuecomment-632978820"
                            }
                        ]
                    }
                ]
            }
        ],
        "thread_ts": "1590205218.319900",
        "reply_count": 2,
        "reply_users_count": 2,
        "latest_reply": "1590498498.323500",
        "reply_users": [
            "UKVC4NB71",
            "U0149891D4J"
        ],
        "replies": [
            {
                "user": "UKVC4NB71",
                "ts": "1590315893.320800"
            },
            {
                "user": "U0149891D4J",
                "ts": "1590498498.323500"
            }
        ],
        "subscribed": false,
        "reactions": [
            {
                "name": "+1",
                "users": [
                    "U013SP763UH"
                ],
                "count": 1
            }
        ]
    }
]