[
    {
        "client_msg_id": "76ff224c-8121-46bf-a33f-2467c55a4839",
        "type": "message",
        "text": "our weekly video conference meeting starts in 1 hours. Send me a personal message with your gmail credentials if you would like me to add you to the meeting invite. (I'll be away from my computer for the next hour, will send invites just before the meeting).",
        "user": "UKTGLQNGG",
        "ts": "1589399383.260800",
        "team": "TKFJE6LDR",
        "user_team": "TKFJE6LDR",
        "source_team": "TKFJE6LDR",
        "user_profile": {
            "avatar_hash": "ge03fcb118b0",
            "image_72": "https:\/\/secure.gravatar.com\/avatar\/9e03fcb118b0853a3fedfdee2367779d.jpg?s=72&d=https%3A%2F%2Fa.slack-edge.com%2Fdf10d%2Fimg%2Favatars%2Fava_0021-72.png",
            "first_name": "Cameron",
            "real_name": "Cameron Shorter",
            "display_name": "cameronshorter",
            "team": "TKFJE6LDR",
            "name": "cameron.shorter",
            "is_restricted": false,
            "is_ultra_restricted": false
        },
        "blocks": [
            {
                "type": "rich_text",
                "block_id": "dsj1",
                "elements": [
                    {
                        "type": "rich_text_section",
                        "elements": [
                            {
                                "type": "text",
                                "text": "our weekly video conference meeting starts in 1 hours. Send me a personal message with your gmail credentials if you would like me to add you to the meeting invite. (I'll be away from my computer for the next hour, will send invites just before the meeting)."
                            }
                        ]
                    }
                ]
            }
        ]
    },
    {
        "client_msg_id": "50334DF3-7C4D-4F78-B6C6-965530235496",
        "type": "message",
        "text": "I send my apologies for today’s meeting. Have other things to do now. All the best. ",
        "user": "UR1VBKHD1",
        "ts": "1589403848.261800",
        "team": "TKFJE6LDR",
        "user_team": "TKFJE6LDR",
        "source_team": "TKFJE6LDR",
        "user_profile": {
            "avatar_hash": "g1d6ae089679",
            "image_72": "https:\/\/secure.gravatar.com\/avatar\/1d6ae08967983f1973436beba61255d9.jpg?s=72&d=https%3A%2F%2Fa.slack-edge.com%2Fdf10d%2Fimg%2Favatars%2Fava_0026-72.png",
            "first_name": "David",
            "real_name": "David Parker",
            "display_name": "DeafDave",
            "team": "TKFJE6LDR",
            "name": "deafdave",
            "is_restricted": false,
            "is_ultra_restricted": false
        },
        "blocks": [
            {
                "type": "rich_text",
                "block_id": "F1O7",
                "elements": [
                    {
                        "type": "rich_text_section",
                        "elements": [
                            {
                                "type": "text",
                                "text": "I send my apologies for today’s meeting. Have other things to do now. All the best. "
                            }
                        ]
                    }
                ]
            }
        ]
    },
    {
        "client_msg_id": "b9658442-6330-4bab-9b1b-12ff88f47fef",
        "type": "message",
        "text": "as mentioned in the call -- this just got open-sourced: <https:\/\/github.com\/evbacher\/gd2md-html\/wiki>",
        "user": "UL2AA1FF1",
        "ts": "1589404486.262300",
        "team": "TKFJE6LDR",
        "user_team": "TKFJE6LDR",
        "source_team": "TKFJE6LDR",
        "user_profile": {
            "avatar_hash": "22135067b36d",
            "image_72": "https:\/\/avatars.slack-edge.com\/2019-10-23\/805254797908_22135067b36dfb715e99_72.jpg",
            "first_name": "",
            "real_name": "Erin McKean",
            "display_name": "Erin McKean",
            "team": "TKFJE6LDR",
            "name": "emckean",
            "is_restricted": false,
            "is_ultra_restricted": false
        },
        "blocks": [
            {
                "type": "rich_text",
                "block_id": "93S",
                "elements": [
                    {
                        "type": "rich_text_section",
                        "elements": [
                            {
                                "type": "text",
                                "text": "as mentioned in the call -- this just got open-sourced: "
                            },
                            {
                                "type": "link",
                                "url": "https:\/\/github.com\/evbacher\/gd2md-html\/wiki"
                            }
                        ]
                    }
                ]
            }
        ]
    },
    {
        "client_msg_id": "e13365c5-12bf-44b9-88c9-9bc3e96b5998",
        "type": "message",
        "text": "GDocs to markdown or html",
        "user": "UL2AA1FF1",
        "ts": "1589404497.262600",
        "team": "TKFJE6LDR",
        "user_team": "TKFJE6LDR",
        "source_team": "TKFJE6LDR",
        "user_profile": {
            "avatar_hash": "22135067b36d",
            "image_72": "https:\/\/avatars.slack-edge.com\/2019-10-23\/805254797908_22135067b36dfb715e99_72.jpg",
            "first_name": "",
            "real_name": "Erin McKean",
            "display_name": "Erin McKean",
            "team": "TKFJE6LDR",
            "name": "emckean",
            "is_restricted": false,
            "is_ultra_restricted": false
        },
        "blocks": [
            {
                "type": "rich_text",
                "block_id": "v+aA7",
                "elements": [
                    {
                        "type": "rich_text_section",
                        "elements": [
                            {
                                "type": "text",
                                "text": "GDocs to markdown or html"
                            }
                        ]
                    }
                ]
            }
        ]
    },
    {
        "client_msg_id": "73837178-e0ae-405b-a4fd-fc65538221a4",
        "type": "message",
        "text": "<https:\/\/bookshop.org\/a\/5185\/9781430219484>",
        "user": "UL2AA1FF1",
        "ts": "1589404678.262800",
        "team": "TKFJE6LDR",
        "user_team": "TKFJE6LDR",
        "source_team": "TKFJE6LDR",
        "user_profile": {
            "avatar_hash": "22135067b36d",
            "image_72": "https:\/\/avatars.slack-edge.com\/2019-10-23\/805254797908_22135067b36dfb715e99_72.jpg",
            "first_name": "",
            "real_name": "Erin McKean",
            "display_name": "Erin McKean",
            "team": "TKFJE6LDR",
            "name": "emckean",
            "is_restricted": false,
            "is_ultra_restricted": false
        },
        "attachments": [
            {
                "service_name": "Bookshop",
                "title": "Coders at Work: Reflections on the Craft of Programming",
                "title_link": "https:\/\/bookshop.org\/a\/5185\/9781430219484",
                "text": "Peter Seibel interviews 15 of the most interesting computer programmers alive today in Coders at Work, offering a companion volume to Apress's highly acclaimed best-seller Founders at Work by Jessica Livingston. As the words \"at work\" suggest, Peter Seibel focuses on how his interviewees tackle the day-to-day work of programming, while revealing much more, like how they became great programmers, how they recognize programming talent in others, and what kinds of problems they find most interesting.Hundreds of people have suggested names of programmers to interview on the Coders at Work web site: <http:\/\/www.codersatwork.com|www.codersatwork.com>. The complete list was 284 names. Having digested everyone's feedback, we selected 15 folks who've been kind enough to agree to be interviewed: Frances Allen: Pioneer in optimizing compilers, first woman to win the Turing Award (2006) and first female IBM fellow Joe Armstrong: Inventor of Erlang Joshua Bloch: Author of the Java collections framework, now at Google Bernie Cosell: One of the main software guys behind the original ARPANET IMPs and a master debugger Douglas Crockford: JSON founder, JavaScript architect at Yahoo! L. Peter Deutsch: Author of Ghostscript, implementer of Smalltalk-80 at Xerox PARC and Lisp 1.5 on PDP-1 Brendan Eich: Inventor of JavaScript, CTO of the Mozilla Corporation Brad Fitzpatrick: Writer of LiveJournal, OpenID, memcached, and Perlbal Dan Ingalls: Smalltalk implementor and designer Simon Peyton Jones: Coinventor of Haskell and lead designer of Glasgow Haskell Compiler Donald Knuth: Author of The Art of Computer Programming and creator of TeX Peter Norvig: Director of Research at Google and author of the standard text on AI Guy Steele: Coinventor of Scheme and part of the Common Lisp Gang of Five, currently working on Fortress Ken Thompson: Inventor of UNIX Jamie Zawinski: Author of XEmacs and early Netscape\/Mozilla hacker",
                "fallback": "Bookshop: Coders at Work: Reflections on the Craft of Programming",
                "thumb_url": "https:\/\/images-production.bookshop.org\/spree\/images\/attachments\/6968328\/original\/9781430219484.jpg?1586113779",
                "from_url": "https:\/\/bookshop.org\/a\/5185\/9781430219484",
                "thumb_width": 267,
                "thumb_height": 400,
                "service_icon": "https:\/\/bookshop.org\/assets\/favicon-63cb20989e2516343feeab429626798a43afdaa28eeaba777b7e0acde8a25dd2.png",
                "id": 1,
                "original_url": "https:\/\/bookshop.org\/a\/5185\/9781430219484"
            }
        ],
        "blocks": [
            {
                "type": "rich_text",
                "block_id": "p9Hp",
                "elements": [
                    {
                        "type": "rich_text_section",
                        "elements": [
                            {
                                "type": "link",
                                "url": "https:\/\/bookshop.org\/a\/5185\/9781430219484"
                            }
                        ]
                    }
                ]
            }
        ]
    },
    {
        "client_msg_id": "f4ab9767-1a79-4eea-a3c2-e5e88ca665b8",
        "type": "message",
        "text": "<https:\/\/bookshop.org\/a\/5185\/9781430210788>",
        "user": "UL2AA1FF1",
        "ts": "1589404701.263100",
        "team": "TKFJE6LDR",
        "user_team": "TKFJE6LDR",
        "source_team": "TKFJE6LDR",
        "user_profile": {
            "avatar_hash": "22135067b36d",
            "image_72": "https:\/\/avatars.slack-edge.com\/2019-10-23\/805254797908_22135067b36dfb715e99_72.jpg",
            "first_name": "",
            "real_name": "Erin McKean",
            "display_name": "Erin McKean",
            "team": "TKFJE6LDR",
            "name": "emckean",
            "is_restricted": false,
            "is_ultra_restricted": false
        },
        "attachments": [
            {
                "service_name": "Bookshop",
                "title": "Founders at Work: Stories of Startups' Early Days",
                "title_link": "https:\/\/bookshop.org\/a\/5185\/9781430210788",
                "text": "Now available in paperback--with a new preface and interview with Jessica Livingston about Y Combinator!Founders at Work: Stories of Startups' Early Days is a collection of interviews with founders of famous technology companies about what happened in the very earliest days. These people are celebrities now. What was it like when they were just a couple friends with an idea? Founders like Steve Wozniak (Apple), Caterina Fake (Flickr), Mitch Kapor (Lotus), Max Levchin (PayPal), and Sabeer Bhatia (Hotmail) tell you in their own words about their surprising and often very funny discoveries as they learned how to build a company.Where did they get the ideas that made them rich? How did they convince investors to back them? What went wrong, and how did they recover?Nearly all technical people have thought of one day starting or working for a startup. For them, this book is the closest you can come to being a fly on the wall at a successful startup, to learn how it's done.But ultimately these interviews are required reading for anyone who wants to understand business, because startups are business reduced to its essence. The reason their founders become rich is that startups do what businesses do--create value--more intensively than almost any other part of the economy. How? What are the secrets that make successful startups so insanely productive? Read this book, and let the founders themselves tell you.",
                "fallback": "Bookshop: Founders at Work: Stories of Startups' Early Days",
                "thumb_url": "https:\/\/images-production.bookshop.org\/spree\/images\/attachments\/1673303\/original\/9781430210788.jpg?1588023778",
                "from_url": "https:\/\/bookshop.org\/a\/5185\/9781430210788",
                "thumb_width": 266,
                "thumb_height": 400,
                "service_icon": "https:\/\/bookshop.org\/assets\/favicon-63cb20989e2516343feeab429626798a43afdaa28eeaba777b7e0acde8a25dd2.png",
                "id": 1,
                "original_url": "https:\/\/bookshop.org\/a\/5185\/9781430210788"
            }
        ],
        "blocks": [
            {
                "type": "rich_text",
                "block_id": "\/oeF",
                "elements": [
                    {
                        "type": "rich_text_section",
                        "elements": [
                            {
                                "type": "link",
                                "url": "https:\/\/bookshop.org\/a\/5185\/9781430210788"
                            }
                        ]
                    }
                ]
            }
        ]
    },
    {
        "client_msg_id": "c208de22-0cef-435a-bb3f-eb141c6e3924",
        "type": "message",
        "text": "I was going to drive forward work on the PR template, should I describe the scope of work as an issue and put it into flight on the project board — <https:\/\/github.com\/thegooddocsproject\/templates\/projects\/1>",
        "user": "U012Y26QWNA",
        "ts": "1589409588.264100",
        "team": "TKFJE6LDR",
        "user_team": "TKFJE6LDR",
        "source_team": "TKFJE6LDR",
        "user_profile": {
            "avatar_hash": "b91365ff7b22",
            "image_72": "https:\/\/avatars.slack-edge.com\/2020-05-06\/1092095570535_b91365ff7b22e688f785_72.jpg",
            "first_name": "",
            "real_name": "Morgan Craft",
            "display_name": "Morgan Craft",
            "team": "TKFJE6LDR",
            "name": "morgan",
            "is_restricted": false,
            "is_ultra_restricted": false
        },
        "blocks": [
            {
                "type": "rich_text",
                "block_id": "dW\/d",
                "elements": [
                    {
                        "type": "rich_text_section",
                        "elements": [
                            {
                                "type": "text",
                                "text": "I was going to drive forward work on the PR template, should I describe the scope of work as an issue and put it into flight on the project board — "
                            },
                            {
                                "type": "link",
                                "url": "https:\/\/github.com\/thegooddocsproject\/templates\/projects\/1"
                            }
                        ]
                    }
                ]
            }
        ]
    },
    {
        "client_msg_id": "6915e736-6970-4f92-8e7e-275ba6b44589",
        "type": "message",
        "text": "I recently pushed back on a PR because it didn't have an associated ticket.\n\nNot because of any militant desire for process conformance, but because the PR actually did work that changed some IA in a way that should've been discussed before implementing.\n\nSo yes, it would be awesome if you could create a ticket so we could review the scope before implementing <@U012Y26QWNA>e",
        "user": "UKVC4NB71",
        "ts": "1589409648.265400",
        "team": "TKFJE6LDR",
        "user_team": "TKFJE6LDR",
        "source_team": "TKFJE6LDR",
        "user_profile": {
            "avatar_hash": "c7d9788d4436",
            "image_72": "https:\/\/avatars.slack-edge.com\/2019-10-30\/814314609877_c7d9788d4436969613a7_72.jpg",
            "first_name": "Jared",
            "real_name": "Jared Morgan",
            "display_name": "jaredmorgs",
            "team": "TKFJE6LDR",
            "name": "jaredleonmorgan",
            "is_restricted": false,
            "is_ultra_restricted": false
        },
        "edited": {
            "user": "UKVC4NB71",
            "ts": "1589409738.000000"
        },
        "blocks": [
            {
                "type": "rich_text",
                "block_id": "rrsb5",
                "elements": [
                    {
                        "type": "rich_text_section",
                        "elements": [
                            {
                                "type": "text",
                                "text": "I recently pushed back on a PR because it didn't have an associated ticket.\n\nNot because of any militant desire for process conformance, but because the PR actually did work that changed some IA in a way that should've been discussed before implementing.\n\nSo yes, it would be awesome if you could create a ticket so we could review the scope before implementing "
                            },
                            {
                                "type": "user",
                                "user_id": "U012Y26QWNA"
                            },
                            {
                                "type": "text",
                                "text": "e"
                            }
                        ]
                    }
                ]
            }
        ]
    },
    {
        "client_msg_id": "fc0710bb-e5f7-4003-9e12-5197a0b83fb4",
        "type": "message",
        "text": "also, in like onboarding onto the repo, would be good to have a doc that helps layout this process, scope\/groom on an issue, and what gives a project the green-light so-2-speak (governance)",
        "user": "U012Y26QWNA",
        "ts": "1589409713.266600",
        "team": "TKFJE6LDR",
        "user_team": "TKFJE6LDR",
        "source_team": "TKFJE6LDR",
        "user_profile": {
            "avatar_hash": "b91365ff7b22",
            "image_72": "https:\/\/avatars.slack-edge.com\/2020-05-06\/1092095570535_b91365ff7b22e688f785_72.jpg",
            "first_name": "",
            "real_name": "Morgan Craft",
            "display_name": "Morgan Craft",
            "team": "TKFJE6LDR",
            "name": "morgan",
            "is_restricted": false,
            "is_ultra_restricted": false
        },
        "blocks": [
            {
                "type": "rich_text",
                "block_id": "A+Y",
                "elements": [
                    {
                        "type": "rich_text_section",
                        "elements": [
                            {
                                "type": "text",
                                "text": "also, in like onboarding onto the repo, would be good to have a doc that helps layout this process, scope\/groom on an issue, and what gives a project the green-light so-2-speak (governance)"
                            }
                        ]
                    }
                ]
            }
        ]
    },
    {
        "client_msg_id": "d2fc0134-43d6-46a1-be32-a5eca00e92f8",
        "type": "message",
        "text": "Yes we should have a contributing.md file.",
        "user": "UKVC4NB71",
        "ts": "1589409764.267100",
        "team": "TKFJE6LDR",
        "user_team": "TKFJE6LDR",
        "source_team": "TKFJE6LDR",
        "user_profile": {
            "avatar_hash": "c7d9788d4436",
            "image_72": "https:\/\/avatars.slack-edge.com\/2019-10-30\/814314609877_c7d9788d4436969613a7_72.jpg",
            "first_name": "Jared",
            "real_name": "Jared Morgan",
            "display_name": "jaredmorgs",
            "team": "TKFJE6LDR",
            "name": "jaredleonmorgan",
            "is_restricted": false,
            "is_ultra_restricted": false
        },
        "blocks": [
            {
                "type": "rich_text",
                "block_id": "5+hI",
                "elements": [
                    {
                        "type": "rich_text_section",
                        "elements": [
                            {
                                "type": "text",
                                "text": "Yes we should have a contributing.md file."
                            }
                        ]
                    }
                ]
            }
        ]
    },
    {
        "client_msg_id": "4f6d6c4a-e4ac-49ce-bb42-485ea60f944c",
        "type": "message",
        "text": "<@U012Y26QWNA> I just went and fixed that problem with a PR: <https:\/\/github.com\/thegooddocsproject\/templates\/pull\/121>",
        "user": "UKVC4NB71",
        "ts": "1589410275.267500",
        "team": "TKFJE6LDR",
        "user_team": "TKFJE6LDR",
        "source_team": "TKFJE6LDR",
        "user_profile": {
            "avatar_hash": "c7d9788d4436",
            "image_72": "https:\/\/avatars.slack-edge.com\/2019-10-30\/814314609877_c7d9788d4436969613a7_72.jpg",
            "first_name": "Jared",
            "real_name": "Jared Morgan",
            "display_name": "jaredmorgs",
            "team": "TKFJE6LDR",
            "name": "jaredleonmorgan",
            "is_restricted": false,
            "is_ultra_restricted": false
        },
        "attachments": [
            {
                "author_name": "jaredmorgs",
                "fallback": "[thegooddocsproject\/templates] #121 Add more detailed contributing information",
                "text": "Add a basic procedure about how to contribute a fix that isn't a typo.\n\nThis enhancement was identified in the slack #general room.",
                "title": "#121 Add more detailed contributing information",
                "footer": "<https:\/\/github.com\/thegooddocsproject\/templates|thegooddocsproject\/templates>",
                "id": 1,
                "title_link": "https:\/\/github.com\/thegooddocsproject\/templates\/pull\/121",
                "author_link": "https:\/\/github.com\/jaredmorgs",
                "author_icon": "https:\/\/avatars1.githubusercontent.com\/u\/952793?v=4",
                "footer_icon": "https:\/\/github.githubassets.com\/favicon.ico",
                "ts": 1589410170,
                "color": "36a64f",
                "fields": [
                    {
                        "title": "Assignees",
                        "value": "jaredmorgs",
                        "short": true
                    },
                    {
                        "title": "Labels",
                        "value": "improve",
                        "short": true
                    }
                ],
                "mrkdwn_in": [
                    "text"
                ],
                "bot_id": "BU8U6P6AH",
                "app_unfurl_url": "https:\/\/github.com\/thegooddocsproject\/templates\/pull\/121",
                "is_app_unfurl": true
            }
        ],
        "blocks": [
            {
                "type": "rich_text",
                "block_id": "i8+",
                "elements": [
                    {
                        "type": "rich_text_section",
                        "elements": [
                            {
                                "type": "user",
                                "user_id": "U012Y26QWNA"
                            },
                            {
                                "type": "text",
                                "text": " I just went and fixed that problem with a PR: "
                            },
                            {
                                "type": "link",
                                "url": "https:\/\/github.com\/thegooddocsproject\/templates\/pull\/121"
                            }
                        ]
                    }
                ]
            }
        ]
    },
    {
        "client_msg_id": "5a858595-dc5e-4a52-ad88-5279b7d187d6",
        "type": "message",
        "text": ":+1:",
        "user": "U012Y26QWNA",
        "ts": "1589410293.267800",
        "team": "TKFJE6LDR",
        "user_team": "TKFJE6LDR",
        "source_team": "TKFJE6LDR",
        "user_profile": {
            "avatar_hash": "b91365ff7b22",
            "image_72": "https:\/\/avatars.slack-edge.com\/2020-05-06\/1092095570535_b91365ff7b22e688f785_72.jpg",
            "first_name": "",
            "real_name": "Morgan Craft",
            "display_name": "Morgan Craft",
            "team": "TKFJE6LDR",
            "name": "morgan",
            "is_restricted": false,
            "is_ultra_restricted": false
        },
        "blocks": [
            {
                "type": "rich_text",
                "block_id": "Z8Ipf",
                "elements": [
                    {
                        "type": "rich_text_section",
                        "elements": [
                            {
                                "type": "emoji",
                                "name": "+1"
                            }
                        ]
                    }
                ]
            }
        ]
    },
    {
        "client_msg_id": "e8612481-c0a9-44ef-9280-acc2141e971f",
        "type": "message",
        "text": "The process was touched on very briefly but this procedure should make it very clear what the expectations are.",
        "user": "UKVC4NB71",
        "ts": "1589410318.268400",
        "team": "TKFJE6LDR",
        "user_team": "TKFJE6LDR",
        "source_team": "TKFJE6LDR",
        "user_profile": {
            "avatar_hash": "c7d9788d4436",
            "image_72": "https:\/\/avatars.slack-edge.com\/2019-10-30\/814314609877_c7d9788d4436969613a7_72.jpg",
            "first_name": "Jared",
            "real_name": "Jared Morgan",
            "display_name": "jaredmorgs",
            "team": "TKFJE6LDR",
            "name": "jaredleonmorgan",
            "is_restricted": false,
            "is_ultra_restricted": false
        },
        "blocks": [
            {
                "type": "rich_text",
                "block_id": "gPE1",
                "elements": [
                    {
                        "type": "rich_text_section",
                        "elements": [
                            {
                                "type": "text",
                                "text": "The process was touched on very briefly but this procedure should make it very clear what the expectations are."
                            }
                        ]
                    }
                ]
            }
        ],
        "reactions": [
            {
                "name": "heavy_plus_sign",
                "users": [
                    "UL2AA1FF1"
                ],
                "count": 1
            }
        ]
    },
    {
        "client_msg_id": "9f77184d-337b-440f-9954-9209ca9ff777",
        "type": "message",
        "text": "Opened this up for discussion — <https:\/\/github.com\/thegooddocsproject\/templates\/issues\/122>",
        "user": "U012Y26QWNA",
        "ts": "1589411458.268900",
        "team": "TKFJE6LDR",
        "user_team": "TKFJE6LDR",
        "source_team": "TKFJE6LDR",
        "user_profile": {
            "avatar_hash": "b91365ff7b22",
            "image_72": "https:\/\/avatars.slack-edge.com\/2020-05-06\/1092095570535_b91365ff7b22e688f785_72.jpg",
            "first_name": "",
            "real_name": "Morgan Craft",
            "display_name": "Morgan Craft",
            "team": "TKFJE6LDR",
            "name": "morgan",
            "is_restricted": false,
            "is_ultra_restricted": false
        },
        "attachments": [
            {
                "fallback": "[thegooddocsproject\/templates] #122 PR Template Initial",
                "image_url": "https:\/\/user-images.githubusercontent.com\/89339\/81874751-8fc00280-954c-11ea-9525-d5f9b3426c47.png",
                "image_width": 757,
                "image_height": 613,
                "image_bytes": 90521,
                "author_name": "mgan59",
                "text": "*PR Template Initial*\n*Context*\n\nAs discussed on the weekly-call 05\/13\/2020, the need for a pull-request template will help us expedite the reviewing process. There are a few requirements and questions that come to mind. We should view this work as a living doc, for now we start with a simple PR template. We can also update it, and if needed we can add more <https:\/\/github.blog\/2018-01-25-multiple-issue-and-pull-request-templates\/|PR Templates> for different types. We had for example discussed a separate repo for `proposals` but realizing we could present a different PR template for Template-Proposals versus Modifications\/Repo work.\n\n*Requirements*\n\n• PR templates should include a section to indicate the *Issues* being addressed as those issues include the initial conversation and define the scope of work.\n• The PR should also include its own additional _Description__ section that details the work that was ACTUAL done as the scope can sometimes change.\n• PR should include a checklist _Type of Change_ -- TBD, but recommend indicating if the PR is copy\/type corrections, content additions\/deletions. With this specific PR we are modifying the internals of github's PR system. I refer to this work as `tooling-support-framework` and usually classify it is *TSF* work. This would apply to an additions of _github actions_ as well.\n\n*Example*\n\n&gt; Example from one of my project repos that is primarily docs and testing-fixtures.\n\n<https:\/\/user-images.githubusercontent.com\/89339\/81874751-8fc00280-954c-11ea-9525-d5f9b3426c47.png|Screen Shot 2020-05-13 at 7 01 23 PM>\n\n*Open Questions*\n\n• What are the other types of work being scoped? -- aside from copy. As I'd suggested their is this doc-tooling work. I've also seen PRS where just files are being renamed\/re-organized, so that maybe a scope of work.\n• Thoughts on the Proposals, track here in this repo with a different PR template or make a standalone repo.",
                "title": "#122 PR Template Initial",
                "footer": "<https:\/\/github.com\/thegooddocsproject\/templates|thegooddocsproject\/templates>",
                "id": 1,
                "title_link": "https:\/\/github.com\/thegooddocsproject\/templates\/issues\/122",
                "author_link": "https:\/\/github.com\/mgan59",
                "author_icon": "https:\/\/avatars3.githubusercontent.com\/u\/89339?v=4",
                "footer_icon": "https:\/\/github.githubassets.com\/favicon.ico",
                "ts": 1589411436,
                "color": "36a64f",
                "mrkdwn_in": [
                    "text"
                ],
                "bot_id": "BU8U6P6AH",
                "app_unfurl_url": "https:\/\/github.com\/thegooddocsproject\/templates\/issues\/122",
                "is_app_unfurl": true
            }
        ],
        "blocks": [
            {
                "type": "rich_text",
                "block_id": "OYd",
                "elements": [
                    {
                        "type": "rich_text_section",
                        "elements": [
                            {
                                "type": "text",
                                "text": "Opened this up for discussion — "
                            },
                            {
                                "type": "link",
                                "url": "https:\/\/github.com\/thegooddocsproject\/templates\/issues\/122"
                            }
                        ]
                    }
                ]
            }
        ]
    },
    {
        "client_msg_id": "3b9b946e-288a-4aba-a8a1-cd0787668828",
        "type": "message",
        "text": "Most of us are working now but because you've shared this here we can check it out in our slack time later on in the evening. Thanks for the ideas in here <@U012Y26QWNA>",
        "user": "UKVC4NB71",
        "ts": "1589411572.269700",
        "team": "TKFJE6LDR",
        "user_team": "TKFJE6LDR",
        "source_team": "TKFJE6LDR",
        "user_profile": {
            "avatar_hash": "c7d9788d4436",
            "image_72": "https:\/\/avatars.slack-edge.com\/2019-10-30\/814314609877_c7d9788d4436969613a7_72.jpg",
            "first_name": "Jared",
            "real_name": "Jared Morgan",
            "display_name": "jaredmorgs",
            "team": "TKFJE6LDR",
            "name": "jaredleonmorgan",
            "is_restricted": false,
            "is_ultra_restricted": false
        },
        "blocks": [
            {
                "type": "rich_text",
                "block_id": "Fwdt",
                "elements": [
                    {
                        "type": "rich_text_section",
                        "elements": [
                            {
                                "type": "text",
                                "text": "Most of us are working now but because you've shared this here we can check it out in our slack time later on in the evening. Thanks for the ideas in here "
                            },
                            {
                                "type": "user",
                                "user_id": "U012Y26QWNA"
                            }
                        ]
                    }
                ]
            }
        ]
    },
    {
        "client_msg_id": "6a746c43-2a48-4b01-ac8f-a7f353125537",
        "type": "message",
        "text": "My blog post on Season of Docs 2019, which introduces TheGoodDocsProject was just picked up by the Google Open Source blog <https:\/\/opensource.googleblog.com\/2020\/05\/insights-from-mixing-writers-with-open.html>",
        "user": "UKTGLQNGG",
        "ts": "1589415250.270700",
        "team": "TKFJE6LDR",
        "user_team": "TKFJE6LDR",
        "source_team": "TKFJE6LDR",
        "user_profile": {
            "avatar_hash": "ge03fcb118b0",
            "image_72": "https:\/\/secure.gravatar.com\/avatar\/9e03fcb118b0853a3fedfdee2367779d.jpg?s=72&d=https%3A%2F%2Fa.slack-edge.com%2Fdf10d%2Fimg%2Favatars%2Fava_0021-72.png",
            "first_name": "Cameron",
            "real_name": "Cameron Shorter",
            "display_name": "cameronshorter",
            "team": "TKFJE6LDR",
            "name": "cameron.shorter",
            "is_restricted": false,
            "is_ultra_restricted": false
        },
        "attachments": [
            {
                "service_name": "Google Open Source Blog",
                "title": "Insights from mixing writers with open source",
                "title_link": "https:\/\/opensource.googleblog.com\/2020\/05\/insights-from-mixing-writers-with-open.html",
                "text": "The OSGeo Foundation participated in Google’s first Season of Docs, where Google sponsored technical writers to contribute to open source projects. The Open Geospatial Foundation (OSGeo), is an umbrella organization for around 50 geospatial open source projects.",
                "fallback": "Google Open Source Blog: Insights from mixing writers with open source",
                "thumb_url": "https:\/\/lh4.googleusercontent.com\/cv818tv8WPc336iD0JNb3uJsTULkdg2MgP9BdURF49o1X3PiQTRRwv7HoOlsaR5nbX_JWDjamQJRfJitvphKay5QT75Pr7y9uFTDBrT0uLS8395lgCiaf3V-Tlldqp-LbmaBgtjC",
                "from_url": "https:\/\/opensource.googleblog.com\/2020\/05\/insights-from-mixing-writers-with-open.html",
                "thumb_width": 800,
                "thumb_height": 600,
                "service_icon": "https:\/\/opensource.googleblog.com\/favicon.ico",
                "id": 1,
                "original_url": "https:\/\/opensource.googleblog.com\/2020\/05\/insights-from-mixing-writers-with-open.html"
            }
        ],
        "blocks": [
            {
                "type": "rich_text",
                "block_id": "yblmM",
                "elements": [
                    {
                        "type": "rich_text_section",
                        "elements": [
                            {
                                "type": "text",
                                "text": "My blog post on Season of Docs 2019, which introduces TheGoodDocsProject was just picked up by the Google Open Source blog "
                            },
                            {
                                "type": "link",
                                "url": "https:\/\/opensource.googleblog.com\/2020\/05\/insights-from-mixing-writers-with-open.html"
                            }
                        ]
                    }
                ]
            }
        ],
        "reactions": [
            {
                "name": "clap",
                "users": [
                    "UKV4ZPEFQ",
                    "UTCKDLXJ9",
                    "UKVC4NB71",
                    "U013SP763UH",
                    "U012Y26QWNA"
                ],
                "count": 5
            }
        ]
    }
]