[
    {
        "client_msg_id": "c5ad3c94-d58b-4d3e-9d83-bbc8645b903f",
        "type": "message",
        "text": "Hi <@UV68NG0C8>, welcome.",
        "user": "UKTGLQNGG",
        "ts": "1583917190.008200",
        "team": "TKFJE6LDR",
        "user_team": "TKFJE6LDR",
        "source_team": "TKFJE6LDR",
        "user_profile": {
            "avatar_hash": "ge03fcb118b0",
            "image_72": "https:\/\/secure.gravatar.com\/avatar\/9e03fcb118b0853a3fedfdee2367779d.jpg?s=72&d=https%3A%2F%2Fa.slack-edge.com%2Fdf10d%2Fimg%2Favatars%2Fava_0021-72.png",
            "first_name": "Cameron",
            "real_name": "Cameron Shorter",
            "display_name": "cameronshorter",
            "team": "TKFJE6LDR",
            "name": "cameron.shorter",
            "is_restricted": false,
            "is_ultra_restricted": false
        },
        "blocks": [
            {
                "type": "rich_text",
                "block_id": "Ioe",
                "elements": [
                    {
                        "type": "rich_text_section",
                        "elements": [
                            {
                                "type": "text",
                                "text": "Hi "
                            },
                            {
                                "type": "user",
                                "user_id": "UV68NG0C8"
                            },
                            {
                                "type": "text",
                                "text": ", welcome."
                            }
                        ]
                    }
                ]
            }
        ],
        "thread_ts": "1583886040.007500",
        "parent_user_id": "UV68NG0C8"
    },
    {
        "client_msg_id": "c17da0b9-f75d-46e1-9bc3-29b4e2d86604",
        "type": "message",
        "text": "Hi, I think I’m going to say I’m finished with my Season of Docs post: <https:\/\/docs.google.com\/document\/d\/1rvBDrqHKr4unhD_peicyAfshiYg8kbDI9Na4Ui8MQDA\/edit#>",
        "user": "UKTGLQNGG",
        "ts": "1583920909.009400",
        "team": "TKFJE6LDR",
        "user_team": "TKFJE6LDR",
        "source_team": "TKFJE6LDR",
        "user_profile": {
            "avatar_hash": "ge03fcb118b0",
            "image_72": "https:\/\/secure.gravatar.com\/avatar\/9e03fcb118b0853a3fedfdee2367779d.jpg?s=72&d=https%3A%2F%2Fa.slack-edge.com%2Fdf10d%2Fimg%2Favatars%2Fava_0021-72.png",
            "first_name": "Cameron",
            "real_name": "Cameron Shorter",
            "display_name": "cameronshorter",
            "team": "TKFJE6LDR",
            "name": "cameron.shorter",
            "is_restricted": false,
            "is_ultra_restricted": false
        },
        "blocks": [
            {
                "type": "rich_text",
                "block_id": "WP=",
                "elements": [
                    {
                        "type": "rich_text_section",
                        "elements": [
                            {
                                "type": "text",
                                "text": "Hi, I think I’m going to say I’m finished with my Season of Docs post: "
                            },
                            {
                                "type": "link",
                                "url": "https:\/\/docs.google.com\/document\/d\/1rvBDrqHKr4unhD_peicyAfshiYg8kbDI9Na4Ui8MQDA\/edit#"
                            }
                        ]
                    }
                ]
            }
        ]
    },
    {
        "client_msg_id": "1d78154d-c548-49bd-ae70-0bf1427420f4",
        "type": "message",
        "text": "My apologies, I saw this late. I'll check and leave comments if I have any.",
        "user": "UTCKDLXJ9",
        "ts": "1583920969.010800",
        "team": "TKFJE6LDR",
        "user_team": "TKFJE6LDR",
        "source_team": "TKFJE6LDR",
        "user_profile": {
            "avatar_hash": "0be4307e6d1c",
            "image_72": "https:\/\/avatars.slack-edge.com\/2020-05-22\/1152413971041_0be4307e6d1c12a4752f_72.jpg",
            "first_name": "",
            "real_name": "Bolaji Ayodeji",
            "display_name": "Bolaji Ayodeji",
            "team": "TKFJE6LDR",
            "name": "sirbeejay1",
            "is_restricted": false,
            "is_ultra_restricted": false
        },
        "blocks": [
            {
                "type": "rich_text",
                "block_id": "CER2",
                "elements": [
                    {
                        "type": "rich_text_section",
                        "elements": [
                            {
                                "type": "text",
                                "text": "My apologies, I saw this late. I'll check and leave comments if I have any."
                            }
                        ]
                    }
                ]
            }
        ],
        "thread_ts": "1583868761.002100",
        "parent_user_id": "UKTGLQNGG"
    },
    {
        "client_msg_id": "98331c5f-7c6c-45ca-8dea-c985d6572b19",
        "type": "message",
        "text": "Hi, 2nd round of meeting starts now.",
        "user": "UKTGLQNGG",
        "ts": "1583921029.011000",
        "team": "TKFJE6LDR",
        "user_team": "TKFJE6LDR",
        "source_team": "TKFJE6LDR",
        "user_profile": {
            "avatar_hash": "ge03fcb118b0",
            "image_72": "https:\/\/secure.gravatar.com\/avatar\/9e03fcb118b0853a3fedfdee2367779d.jpg?s=72&d=https%3A%2F%2Fa.slack-edge.com%2Fdf10d%2Fimg%2Favatars%2Fava_0021-72.png",
            "first_name": "Cameron",
            "real_name": "Cameron Shorter",
            "display_name": "cameronshorter",
            "team": "TKFJE6LDR",
            "name": "cameron.shorter",
            "is_restricted": false,
            "is_ultra_restricted": false
        },
        "blocks": [
            {
                "type": "rich_text",
                "block_id": "sQDo9",
                "elements": [
                    {
                        "type": "rich_text_section",
                        "elements": [
                            {
                                "type": "text",
                                "text": "Hi, 2nd round of meeting starts now."
                            }
                        ]
                    }
                ]
            }
        ],
        "thread_ts": "1583868761.002100",
        "parent_user_id": "UKTGLQNGG"
    },
    {
        "client_msg_id": "5b041127-a683-45ad-af5a-c254673998a2",
        "type": "message",
        "text": "Happy to take comments.",
        "user": "UKTGLQNGG",
        "ts": "1583921046.011200",
        "team": "TKFJE6LDR",
        "user_team": "TKFJE6LDR",
        "source_team": "TKFJE6LDR",
        "user_profile": {
            "avatar_hash": "ge03fcb118b0",
            "image_72": "https:\/\/secure.gravatar.com\/avatar\/9e03fcb118b0853a3fedfdee2367779d.jpg?s=72&d=https%3A%2F%2Fa.slack-edge.com%2Fdf10d%2Fimg%2Favatars%2Fava_0021-72.png",
            "first_name": "Cameron",
            "real_name": "Cameron Shorter",
            "display_name": "cameronshorter",
            "team": "TKFJE6LDR",
            "name": "cameron.shorter",
            "is_restricted": false,
            "is_ultra_restricted": false
        },
        "blocks": [
            {
                "type": "rich_text",
                "block_id": "iZDt",
                "elements": [
                    {
                        "type": "rich_text_section",
                        "elements": [
                            {
                                "type": "text",
                                "text": "Happy to take comments."
                            }
                        ]
                    }
                ]
            }
        ],
        "thread_ts": "1583868761.002100",
        "parent_user_id": "UKTGLQNGG"
    },
    {
        "client_msg_id": "569812df-4cdd-4bf2-9ec7-60d7b09b52ba",
        "type": "message",
        "text": "It reads very well, <@UKTGLQNGG>",
        "user": "UKVC4NB71",
        "ts": "1583921904.012000",
        "team": "TKFJE6LDR",
        "user_team": "TKFJE6LDR",
        "source_team": "TKFJE6LDR",
        "user_profile": {
            "avatar_hash": "c7d9788d4436",
            "image_72": "https:\/\/avatars.slack-edge.com\/2019-10-30\/814314609877_c7d9788d4436969613a7_72.jpg",
            "first_name": "Jared",
            "real_name": "Jared Morgan",
            "display_name": "jaredmorgs",
            "team": "TKFJE6LDR",
            "name": "jaredleonmorgan",
            "is_restricted": false,
            "is_ultra_restricted": false
        },
        "blocks": [
            {
                "type": "rich_text",
                "block_id": "D1zQE",
                "elements": [
                    {
                        "type": "rich_text_section",
                        "elements": [
                            {
                                "type": "text",
                                "text": "It reads very well, "
                            },
                            {
                                "type": "user",
                                "user_id": "UKTGLQNGG"
                            }
                        ]
                    }
                ]
            }
        ],
        "thread_ts": "1583921904.012000",
        "reply_count": 3,
        "reply_users_count": 3,
        "latest_reply": "1583922843.012800",
        "reply_users": [
            "UKTGLQNGG",
            "UKV4ZPEFQ",
            "UTCKDLXJ9"
        ],
        "replies": [
            {
                "user": "UKTGLQNGG",
                "ts": "1583921955.012100"
            },
            {
                "user": "UKV4ZPEFQ",
                "ts": "1583922272.012400"
            },
            {
                "user": "UTCKDLXJ9",
                "ts": "1583922843.012800"
            }
        ],
        "subscribed": true,
        "last_read": "1583922843.012800"
    },
    {
        "client_msg_id": "fdc1e753-36ed-4b5d-a47c-89918121f101",
        "type": "message",
        "text": "Ok, thanks.",
        "user": "UKTGLQNGG",
        "ts": "1583921955.012100",
        "team": "TKFJE6LDR",
        "user_team": "TKFJE6LDR",
        "source_team": "TKFJE6LDR",
        "user_profile": {
            "avatar_hash": "ge03fcb118b0",
            "image_72": "https:\/\/secure.gravatar.com\/avatar\/9e03fcb118b0853a3fedfdee2367779d.jpg?s=72&d=https%3A%2F%2Fa.slack-edge.com%2Fdf10d%2Fimg%2Favatars%2Fava_0021-72.png",
            "first_name": "Cameron",
            "real_name": "Cameron Shorter",
            "display_name": "cameronshorter",
            "team": "TKFJE6LDR",
            "name": "cameron.shorter",
            "is_restricted": false,
            "is_ultra_restricted": false
        },
        "blocks": [
            {
                "type": "rich_text",
                "block_id": "iBBFg",
                "elements": [
                    {
                        "type": "rich_text_section",
                        "elements": [
                            {
                                "type": "text",
                                "text": "Ok, thanks."
                            }
                        ]
                    }
                ]
            }
        ],
        "thread_ts": "1583921904.012000",
        "parent_user_id": "UKVC4NB71"
    },
    {
        "client_msg_id": "29C4BA27-E2EC-4665-AC3C-0B6F05BBBC04",
        "type": "message",
        "text": "Yes, it’s looking good.",
        "user": "UKV4ZPEFQ",
        "ts": "1583922272.012400",
        "team": "TKFJE6LDR",
        "user_team": "TKFJE6LDR",
        "source_team": "TKFJE6LDR",
        "user_profile": {
            "avatar_hash": "g854c628ef64",
            "image_72": "https:\/\/secure.gravatar.com\/avatar\/6854c628ef64a4c129a994522e17cdf2.jpg?s=72&d=https%3A%2F%2Fa.slack-edge.com%2Fdf10d%2Fimg%2Favatars%2Fava_0007-72.png",
            "first_name": "felicitybrand",
            "real_name": "felicitybrand",
            "display_name": "flicstar",
            "team": "TKFJE6LDR",
            "name": "felicitybrand",
            "is_restricted": false,
            "is_ultra_restricted": false
        },
        "blocks": [
            {
                "type": "rich_text",
                "block_id": "Rh6do",
                "elements": [
                    {
                        "type": "rich_text_section",
                        "elements": [
                            {
                                "type": "text",
                                "text": "Yes, it’s looking good."
                            }
                        ]
                    }
                ]
            }
        ],
        "thread_ts": "1583921904.012000",
        "parent_user_id": "UKVC4NB71"
    },
    {
        "client_msg_id": "785d9c84-59e0-4912-ad9d-a93128b38aa3",
        "type": "message",
        "text": "I just checked through and it's really great\n\nI only added some commas to some paragraphs. (I don't know why it didn't suggest like before but added the change immediately)",
        "user": "UTCKDLXJ9",
        "ts": "1583922826.012600",
        "team": "TKFJE6LDR",
        "user_team": "TKFJE6LDR",
        "source_team": "TKFJE6LDR",
        "user_profile": {
            "avatar_hash": "0be4307e6d1c",
            "image_72": "https:\/\/avatars.slack-edge.com\/2020-05-22\/1152413971041_0be4307e6d1c12a4752f_72.jpg",
            "first_name": "",
            "real_name": "Bolaji Ayodeji",
            "display_name": "Bolaji Ayodeji",
            "team": "TKFJE6LDR",
            "name": "sirbeejay1",
            "is_restricted": false,
            "is_ultra_restricted": false
        },
        "blocks": [
            {
                "type": "rich_text",
                "block_id": "ScFjU",
                "elements": [
                    {
                        "type": "rich_text_section",
                        "elements": [
                            {
                                "type": "text",
                                "text": "I just checked through and it's really great\n\nI only added some commas to some paragraphs. (I don't know why it didn't suggest like before but added the change immediately)"
                            }
                        ]
                    }
                ]
            }
        ],
        "thread_ts": "1583868761.002100",
        "parent_user_id": "UKTGLQNGG"
    },
    {
        "client_msg_id": "159f5846-982d-44af-9efa-63a0efa8cadb",
        "type": "message",
        "text": "I agree",
        "user": "UTCKDLXJ9",
        "ts": "1583922843.012800",
        "team": "TKFJE6LDR",
        "user_team": "TKFJE6LDR",
        "source_team": "TKFJE6LDR",
        "user_profile": {
            "avatar_hash": "0be4307e6d1c",
            "image_72": "https:\/\/avatars.slack-edge.com\/2020-05-22\/1152413971041_0be4307e6d1c12a4752f_72.jpg",
            "first_name": "",
            "real_name": "Bolaji Ayodeji",
            "display_name": "Bolaji Ayodeji",
            "team": "TKFJE6LDR",
            "name": "sirbeejay1",
            "is_restricted": false,
            "is_ultra_restricted": false
        },
        "blocks": [
            {
                "type": "rich_text",
                "block_id": "aXJt",
                "elements": [
                    {
                        "type": "rich_text_section",
                        "elements": [
                            {
                                "type": "text",
                                "text": "I agree"
                            }
                        ]
                    }
                ]
            }
        ],
        "thread_ts": "1583921904.012000",
        "parent_user_id": "UKVC4NB71"
    },
    {
        "client_msg_id": "ee8d4f93-f9bd-4f8d-989d-913807463a0c",
        "type": "message",
        "text": "ok thanks",
        "user": "UKTGLQNGG",
        "ts": "1583922920.013000",
        "team": "TKFJE6LDR",
        "user_team": "TKFJE6LDR",
        "source_team": "TKFJE6LDR",
        "user_profile": {
            "avatar_hash": "ge03fcb118b0",
            "image_72": "https:\/\/secure.gravatar.com\/avatar\/9e03fcb118b0853a3fedfdee2367779d.jpg?s=72&d=https%3A%2F%2Fa.slack-edge.com%2Fdf10d%2Fimg%2Favatars%2Fava_0021-72.png",
            "first_name": "Cameron",
            "real_name": "Cameron Shorter",
            "display_name": "cameronshorter",
            "team": "TKFJE6LDR",
            "name": "cameron.shorter",
            "is_restricted": false,
            "is_ultra_restricted": false
        },
        "blocks": [
            {
                "type": "rich_text",
                "block_id": "YPccD",
                "elements": [
                    {
                        "type": "rich_text_section",
                        "elements": [
                            {
                                "type": "text",
                                "text": "ok thanks"
                            }
                        ]
                    }
                ]
            }
        ],
        "thread_ts": "1583868761.002100",
        "parent_user_id": "UKTGLQNGG"
    },
    {
        "client_msg_id": "d43743e1-25c5-499b-a839-56b82dbbfc35",
        "type": "message",
        "text": "<@UL2AA1FF1> Final version of a the blog post from me re our SeasonOfDocs involvement <https:\/\/cameronshorter.blogspot.com\/2020\/03\/insights-from-mixing-writers-with-open.html> and twitter: <https:\/\/twitter.com\/cameronshorter\/status\/1237797694292123650> . Are you in a position to republish through your pipelines?",
        "user": "UKTGLQNGG",
        "ts": "1583955265.014400",
        "team": "TKFJE6LDR",
        "user_team": "TKFJE6LDR",
        "source_team": "TKFJE6LDR",
        "user_profile": {
            "avatar_hash": "ge03fcb118b0",
            "image_72": "https:\/\/secure.gravatar.com\/avatar\/9e03fcb118b0853a3fedfdee2367779d.jpg?s=72&d=https%3A%2F%2Fa.slack-edge.com%2Fdf10d%2Fimg%2Favatars%2Fava_0021-72.png",
            "first_name": "Cameron",
            "real_name": "Cameron Shorter",
            "display_name": "cameronshorter",
            "team": "TKFJE6LDR",
            "name": "cameron.shorter",
            "is_restricted": false,
            "is_ultra_restricted": false
        },
        "edited": {
            "user": "UKTGLQNGG",
            "ts": "1583955339.000000"
        },
        "blocks": [
            {
                "type": "rich_text",
                "block_id": "Trhe",
                "elements": [
                    {
                        "type": "rich_text_section",
                        "elements": [
                            {
                                "type": "user",
                                "user_id": "UL2AA1FF1"
                            },
                            {
                                "type": "text",
                                "text": " Final version of a the blog post from me re our SeasonOfDocs involvement "
                            },
                            {
                                "type": "link",
                                "url": "https:\/\/cameronshorter.blogspot.com\/2020\/03\/insights-from-mixing-writers-with-open.html"
                            },
                            {
                                "type": "text",
                                "text": " and twitter: "
                            },
                            {
                                "type": "link",
                                "url": "https:\/\/twitter.com\/cameronshorter\/status\/1237797694292123650"
                            },
                            {
                                "type": "text",
                                "text": " . Are you in a position to republish through your pipelines?"
                            }
                        ]
                    }
                ]
            }
        ]
    },
    {
        "client_msg_id": "2cd3cbe3-4dd9-41c9-b646-57efc5859fa7",
        "type": "message",
        "text": "is that the right link?",
        "user": "UL2AA1FF1",
        "ts": "1583955298.014800",
        "team": "TKFJE6LDR",
        "user_team": "TKFJE6LDR",
        "source_team": "TKFJE6LDR",
        "user_profile": {
            "avatar_hash": "22135067b36d",
            "image_72": "https:\/\/avatars.slack-edge.com\/2019-10-23\/805254797908_22135067b36dfb715e99_72.jpg",
            "first_name": "",
            "real_name": "Erin McKean",
            "display_name": "Erin McKean",
            "team": "TKFJE6LDR",
            "name": "emckean",
            "is_restricted": false,
            "is_ultra_restricted": false
        },
        "blocks": [
            {
                "type": "rich_text",
                "block_id": "aAd3W",
                "elements": [
                    {
                        "type": "rich_text_section",
                        "elements": [
                            {
                                "type": "text",
                                "text": "is that the right link?"
                            }
                        ]
                    }
                ]
            }
        ]
    },
    {
        "client_msg_id": "2c4e3fab-5691-4d1f-ab2a-3566710cc968",
        "type": "message",
        "text": "Oops, just corrected link above ^",
        "user": "UKTGLQNGG",
        "ts": "1583955368.015400",
        "team": "TKFJE6LDR",
        "user_team": "TKFJE6LDR",
        "source_team": "TKFJE6LDR",
        "user_profile": {
            "avatar_hash": "ge03fcb118b0",
            "image_72": "https:\/\/secure.gravatar.com\/avatar\/9e03fcb118b0853a3fedfdee2367779d.jpg?s=72&d=https%3A%2F%2Fa.slack-edge.com%2Fdf10d%2Fimg%2Favatars%2Fava_0021-72.png",
            "first_name": "Cameron",
            "real_name": "Cameron Shorter",
            "display_name": "cameronshorter",
            "team": "TKFJE6LDR",
            "name": "cameron.shorter",
            "is_restricted": false,
            "is_ultra_restricted": false
        },
        "blocks": [
            {
                "type": "rich_text",
                "block_id": "2Ai",
                "elements": [
                    {
                        "type": "rich_text_section",
                        "elements": [
                            {
                                "type": "text",
                                "text": "Oops, just corrected link above ^"
                            }
                        ]
                    }
                ]
            }
        ]
    },
    {
        "client_msg_id": "f3671454-b77e-464f-b7ff-27ac5b69d8d6",
        "type": "message",
        "text": "thanks! I'll take a look!",
        "user": "UL2AA1FF1",
        "ts": "1583956976.015600",
        "team": "TKFJE6LDR",
        "user_team": "TKFJE6LDR",
        "source_team": "TKFJE6LDR",
        "user_profile": {
            "avatar_hash": "22135067b36d",
            "image_72": "https:\/\/avatars.slack-edge.com\/2019-10-23\/805254797908_22135067b36dfb715e99_72.jpg",
            "first_name": "",
            "real_name": "Erin McKean",
            "display_name": "Erin McKean",
            "team": "TKFJE6LDR",
            "name": "emckean",
            "is_restricted": false,
            "is_ultra_restricted": false
        },
        "blocks": [
            {
                "type": "rich_text",
                "block_id": "u+H",
                "elements": [
                    {
                        "type": "rich_text_section",
                        "elements": [
                            {
                                "type": "text",
                                "text": "thanks! I'll take a look!"
                            }
                        ]
                    }
                ]
            }
        ]
    },
    {
        "client_msg_id": "921fbe21-b1b7-4ac3-a606-19bb85de49c4",
        "type": "message",
        "text": "retweeted!",
        "user": "UL2AA1FF1",
        "ts": "1583958881.016000",
        "team": "TKFJE6LDR",
        "user_team": "TKFJE6LDR",
        "source_team": "TKFJE6LDR",
        "user_profile": {
            "avatar_hash": "22135067b36d",
            "image_72": "https:\/\/avatars.slack-edge.com\/2019-10-23\/805254797908_22135067b36dfb715e99_72.jpg",
            "first_name": "",
            "real_name": "Erin McKean",
            "display_name": "Erin McKean",
            "team": "TKFJE6LDR",
            "name": "emckean",
            "is_restricted": false,
            "is_ultra_restricted": false
        },
        "blocks": [
            {
                "type": "rich_text",
                "block_id": "i2aop",
                "elements": [
                    {
                        "type": "rich_text_section",
                        "elements": [
                            {
                                "type": "text",
                                "text": "retweeted!"
                            }
                        ]
                    }
                ]
            }
        ]
    }
]