[
    {
        "client_msg_id": "68ceb282-4d30-40bf-a823-b0519f7d8c99",
        "type": "message",
        "text": "Hi, I’m thinking it would be nice to have a GoodDocs checkin tomorrow - if others are up for it? How many of us are working from home? Hopefully that enables people to be more flexible about timeslots for meeting? I’m thinking meet in 23 hours. 8:30am Sydney\/Melbourne, 7:30am Brisbane, 2:30pm San Francisco.",
        "user": "UKTGLQNGG",
        "ts": "1585693314.005600",
        "team": "TKFJE6LDR",
        "user_team": "TKFJE6LDR",
        "source_team": "TKFJE6LDR",
        "user_profile": {
            "avatar_hash": "ge03fcb118b0",
            "image_72": "https:\/\/secure.gravatar.com\/avatar\/9e03fcb118b0853a3fedfdee2367779d.jpg?s=72&d=https%3A%2F%2Fa.slack-edge.com%2Fdf10d%2Fimg%2Favatars%2Fava_0021-72.png",
            "first_name": "Cameron",
            "real_name": "Cameron Shorter",
            "display_name": "cameronshorter",
            "team": "TKFJE6LDR",
            "name": "cameron.shorter",
            "is_restricted": false,
            "is_ultra_restricted": false
        },
        "blocks": [
            {
                "type": "rich_text",
                "block_id": "6eIf",
                "elements": [
                    {
                        "type": "rich_text_section",
                        "elements": [
                            {
                                "type": "text",
                                "text": "Hi, I’m thinking it would be nice to have a GoodDocs checkin tomorrow - if others are up for it? How many of us are working from home? Hopefully that enables people to be more flexible about timeslots for meeting? I’m thinking meet in 23 hours. 8:30am Sydney\/Melbourne, 7:30am Brisbane, 2:30pm San Francisco."
                            }
                        ]
                    }
                ]
            }
        ],
        "reactions": [
            {
                "name": "100",
                "users": [
                    "UL2AA1FF1"
                ],
                "count": 1
            }
        ]
    },
    {
        "client_msg_id": "2c5b7db8-4d18-419f-b16e-55e6c0123a9e",
        "type": "message",
        "text": "I might have to dip in and out but I'd love for us to talk about applying to Season of Docs as an org. :slightly_smiling_face: I can't be the org admin (and other people have to approve it, not just me) but it would be a great way to get some traction on some of the roadmap items!",
        "user": "UL2AA1FF1",
        "ts": "1585701230.007000",
        "team": "TKFJE6LDR",
        "user_team": "TKFJE6LDR",
        "source_team": "TKFJE6LDR",
        "user_profile": {
            "avatar_hash": "22135067b36d",
            "image_72": "https:\/\/avatars.slack-edge.com\/2019-10-23\/805254797908_22135067b36dfb715e99_72.jpg",
            "first_name": "",
            "real_name": "Erin McKean",
            "display_name": "Erin McKean",
            "team": "TKFJE6LDR",
            "name": "emckean",
            "is_restricted": false,
            "is_ultra_restricted": false
        },
        "blocks": [
            {
                "type": "rich_text",
                "block_id": "Bd=",
                "elements": [
                    {
                        "type": "rich_text_section",
                        "elements": [
                            {
                                "type": "text",
                                "text": "I might have to dip in and out but I'd love for us to talk about applying to Season of Docs as an org. "
                            },
                            {
                                "type": "emoji",
                                "name": "slightly_smiling_face"
                            },
                            {
                                "type": "text",
                                "text": " I can't be the org admin (and other people have to approve it, not just me) but it would be a great way to get some traction on some of the roadmap items!"
                            }
                        ]
                    }
                ]
            }
        ]
    }
]