[
    {
        "client_msg_id": "a4daf3b1-ebb0-47e3-a4d6-5470969b36f3",
        "type": "message",
        "text": "Hi <@UL2AA1FF1> <@UL3UNUMK6> <@UTCKDLXJ9> <@UKV4ZPEFQ> <@UR4F409LG> <@UL9F82XL3> - starting our rolling slack meeting now. Any of you around?",
        "user": "UKTGLQNGG",
        "ts": "1581449309.001300",
        "team": "TKFJE6LDR",
        "user_team": "TKFJE6LDR",
        "source_team": "TKFJE6LDR",
        "user_profile": {
            "avatar_hash": "ge03fcb118b0",
            "image_72": "https:\/\/secure.gravatar.com\/avatar\/9e03fcb118b0853a3fedfdee2367779d.jpg?s=72&d=https%3A%2F%2Fa.slack-edge.com%2Fdf10d%2Fimg%2Favatars%2Fava_0021-72.png",
            "first_name": "Cameron",
            "real_name": "Cameron Shorter",
            "display_name": "cameronshorter",
            "team": "TKFJE6LDR",
            "name": "cameron.shorter",
            "is_restricted": false,
            "is_ultra_restricted": false
        },
        "blocks": [
            {
                "type": "rich_text",
                "block_id": "3op",
                "elements": [
                    {
                        "type": "rich_text_section",
                        "elements": [
                            {
                                "type": "text",
                                "text": "Hi "
                            },
                            {
                                "type": "user",
                                "user_id": "UL2AA1FF1"
                            },
                            {
                                "type": "text",
                                "text": " "
                            },
                            {
                                "type": "user",
                                "user_id": "UL3UNUMK6"
                            },
                            {
                                "type": "text",
                                "text": " "
                            },
                            {
                                "type": "user",
                                "user_id": "UTCKDLXJ9"
                            },
                            {
                                "type": "text",
                                "text": " "
                            },
                            {
                                "type": "user",
                                "user_id": "UKV4ZPEFQ"
                            },
                            {
                                "type": "text",
                                "text": " "
                            },
                            {
                                "type": "user",
                                "user_id": "UR4F409LG"
                            },
                            {
                                "type": "text",
                                "text": " "
                            },
                            {
                                "type": "user",
                                "user_id": "UL9F82XL3"
                            },
                            {
                                "type": "text",
                                "text": " - starting our rolling slack meeting now. Any of you around?"
                            }
                        ]
                    }
                ]
            }
        ]
    },
    {
        "client_msg_id": "96859b87-c044-4c71-a891-a139554fa7ed",
        "type": "message",
        "text": "I'm Ol :slightly_smiling_face:",
        "user": "UTCKDLXJ9",
        "ts": "1581449323.001500",
        "team": "TKFJE6LDR",
        "user_team": "TKFJE6LDR",
        "source_team": "TKFJE6LDR",
        "user_profile": {
            "avatar_hash": "0be4307e6d1c",
            "image_72": "https:\/\/avatars.slack-edge.com\/2020-05-22\/1152413971041_0be4307e6d1c12a4752f_72.jpg",
            "first_name": "",
            "real_name": "Bolaji Ayodeji",
            "display_name": "Bolaji Ayodeji",
            "team": "TKFJE6LDR",
            "name": "sirbeejay1",
            "is_restricted": false,
            "is_ultra_restricted": false
        },
        "blocks": [
            {
                "type": "rich_text",
                "block_id": "Tq=q",
                "elements": [
                    {
                        "type": "rich_text_section",
                        "elements": [
                            {
                                "type": "text",
                                "text": "I'm Ol "
                            },
                            {
                                "type": "emoji",
                                "name": "slightly_smiling_face"
                            }
                        ]
                    }
                ]
            }
        ]
    },
    {
        "client_msg_id": "6809680d-63db-49ae-badf-d0bf1072d456",
        "type": "message",
        "text": ":wave:",
        "user": "UL2AA1FF1",
        "ts": "1581449409.001700",
        "team": "TKFJE6LDR",
        "user_team": "TKFJE6LDR",
        "source_team": "TKFJE6LDR",
        "user_profile": {
            "avatar_hash": "22135067b36d",
            "image_72": "https:\/\/avatars.slack-edge.com\/2019-10-23\/805254797908_22135067b36dfb715e99_72.jpg",
            "first_name": "",
            "real_name": "Erin McKean",
            "display_name": "Erin McKean",
            "team": "TKFJE6LDR",
            "name": "emckean",
            "is_restricted": false,
            "is_ultra_restricted": false
        },
        "blocks": [
            {
                "type": "rich_text",
                "block_id": "fl2",
                "elements": [
                    {
                        "type": "rich_text_section",
                        "elements": [
                            {
                                "type": "emoji",
                                "name": "wave"
                            }
                        ]
                    }
                ]
            }
        ]
    },
    {
        "client_msg_id": "9d2938e0-f8f5-402e-a1b5-57036596bad4",
        "type": "message",
        "text": "Ok, any topics people would like to set on the agenda?",
        "user": "UKTGLQNGG",
        "ts": "1581449451.002300",
        "team": "TKFJE6LDR",
        "user_team": "TKFJE6LDR",
        "source_team": "TKFJE6LDR",
        "user_profile": {
            "avatar_hash": "ge03fcb118b0",
            "image_72": "https:\/\/secure.gravatar.com\/avatar\/9e03fcb118b0853a3fedfdee2367779d.jpg?s=72&d=https%3A%2F%2Fa.slack-edge.com%2Fdf10d%2Fimg%2Favatars%2Fava_0021-72.png",
            "first_name": "Cameron",
            "real_name": "Cameron Shorter",
            "display_name": "cameronshorter",
            "team": "TKFJE6LDR",
            "name": "cameron.shorter",
            "is_restricted": false,
            "is_ultra_restricted": false
        },
        "blocks": [
            {
                "type": "rich_text",
                "block_id": "zvFb6",
                "elements": [
                    {
                        "type": "rich_text_section",
                        "elements": [
                            {
                                "type": "text",
                                "text": "Ok, any topics people would like to set on the agenda?"
                            }
                        ]
                    }
                ]
            }
        ]
    },
    {
        "client_msg_id": "51423506-3258-4518-8985-8b06db15739b",
        "type": "message",
        "text": "I’m catching up on emails.",
        "user": "UKTGLQNGG",
        "ts": "1581449485.002500",
        "team": "TKFJE6LDR",
        "user_team": "TKFJE6LDR",
        "source_team": "TKFJE6LDR",
        "user_profile": {
            "avatar_hash": "ge03fcb118b0",
            "image_72": "https:\/\/secure.gravatar.com\/avatar\/9e03fcb118b0853a3fedfdee2367779d.jpg?s=72&d=https%3A%2F%2Fa.slack-edge.com%2Fdf10d%2Fimg%2Favatars%2Fava_0021-72.png",
            "first_name": "Cameron",
            "real_name": "Cameron Shorter",
            "display_name": "cameronshorter",
            "team": "TKFJE6LDR",
            "name": "cameron.shorter",
            "is_restricted": false,
            "is_ultra_restricted": false
        },
        "blocks": [
            {
                "type": "rich_text",
                "block_id": "yldH",
                "elements": [
                    {
                        "type": "rich_text_section",
                        "elements": [
                            {
                                "type": "text",
                                "text": "I’m catching up on emails."
                            }
                        ]
                    }
                ]
            }
        ]
    },
    {
        "client_msg_id": "dec9ce15-bf14-46f1-853f-b547a1620b68",
        "type": "message",
        "text": "(just woken up)",
        "user": "UKTGLQNGG",
        "ts": "1581449492.002700",
        "team": "TKFJE6LDR",
        "user_team": "TKFJE6LDR",
        "source_team": "TKFJE6LDR",
        "user_profile": {
            "avatar_hash": "ge03fcb118b0",
            "image_72": "https:\/\/secure.gravatar.com\/avatar\/9e03fcb118b0853a3fedfdee2367779d.jpg?s=72&d=https%3A%2F%2Fa.slack-edge.com%2Fdf10d%2Fimg%2Favatars%2Fava_0021-72.png",
            "first_name": "Cameron",
            "real_name": "Cameron Shorter",
            "display_name": "cameronshorter",
            "team": "TKFJE6LDR",
            "name": "cameron.shorter",
            "is_restricted": false,
            "is_ultra_restricted": false
        },
        "blocks": [
            {
                "type": "rich_text",
                "block_id": "OoM2",
                "elements": [
                    {
                        "type": "rich_text_section",
                        "elements": [
                            {
                                "type": "text",
                                "text": "(just woken up)"
                            }
                        ]
                    }
                ]
            }
        ]
    },
    {
        "client_msg_id": "a9fe798d-c9c2-476e-9943-e7fbac63903d",
        "type": "message",
        "text": "Re CoC, I can see a thread is moving there - I’ll answer that on email.",
        "user": "UKTGLQNGG",
        "ts": "1581449579.003400",
        "team": "TKFJE6LDR",
        "user_team": "TKFJE6LDR",
        "source_team": "TKFJE6LDR",
        "user_profile": {
            "avatar_hash": "ge03fcb118b0",
            "image_72": "https:\/\/secure.gravatar.com\/avatar\/9e03fcb118b0853a3fedfdee2367779d.jpg?s=72&d=https%3A%2F%2Fa.slack-edge.com%2Fdf10d%2Fimg%2Favatars%2Fava_0021-72.png",
            "first_name": "Cameron",
            "real_name": "Cameron Shorter",
            "display_name": "cameronshorter",
            "team": "TKFJE6LDR",
            "name": "cameron.shorter",
            "is_restricted": false,
            "is_ultra_restricted": false
        },
        "blocks": [
            {
                "type": "rich_text",
                "block_id": "JUO",
                "elements": [
                    {
                        "type": "rich_text_section",
                        "elements": [
                            {
                                "type": "text",
                                "text": "Re CoC, I can see a thread is moving there - I’ll answer that on email."
                            }
                        ]
                    }
                ]
            }
        ]
    },
    {
        "client_msg_id": "82093acb-e162-4e26-b7a3-d6544fdd6caf",
        "type": "message",
        "text": "Thanks Erin for your review of our processes, I reckon I’ll incorporate all but the CoC initiallly, then add what we decide re CoC later.",
        "user": "UKTGLQNGG",
        "ts": "1581449621.004200",
        "team": "TKFJE6LDR",
        "user_team": "TKFJE6LDR",
        "source_team": "TKFJE6LDR",
        "user_profile": {
            "avatar_hash": "ge03fcb118b0",
            "image_72": "https:\/\/secure.gravatar.com\/avatar\/9e03fcb118b0853a3fedfdee2367779d.jpg?s=72&d=https%3A%2F%2Fa.slack-edge.com%2Fdf10d%2Fimg%2Favatars%2Fava_0021-72.png",
            "first_name": "Cameron",
            "real_name": "Cameron Shorter",
            "display_name": "cameronshorter",
            "team": "TKFJE6LDR",
            "name": "cameron.shorter",
            "is_restricted": false,
            "is_ultra_restricted": false
        },
        "blocks": [
            {
                "type": "rich_text",
                "block_id": "ocqKe",
                "elements": [
                    {
                        "type": "rich_text_section",
                        "elements": [
                            {
                                "type": "text",
                                "text": "Thanks Erin for your review of our processes, I reckon I’ll incorporate all but the CoC initiallly, then add what we decide re CoC later."
                            }
                        ]
                    }
                ]
            }
        ]
    },
    {
        "client_msg_id": "5339f30e-11c3-4470-b31b-ddbe06af93ff",
        "type": "message",
        "text": "Has anyone reviewed the Information Strategy draft I put together and have opinions to share now? <https:\/\/docs.google.com\/document\/d\/1sPaVeFQFEqUs0w0sbvvWz1yW3rZd7Lba2_hNheQG25Y\/edit#heading=h.6ym3ww6wrlzo>",
        "user": "UKTGLQNGG",
        "ts": "1581449688.004900",
        "team": "TKFJE6LDR",
        "user_team": "TKFJE6LDR",
        "source_team": "TKFJE6LDR",
        "user_profile": {
            "avatar_hash": "ge03fcb118b0",
            "image_72": "https:\/\/secure.gravatar.com\/avatar\/9e03fcb118b0853a3fedfdee2367779d.jpg?s=72&d=https%3A%2F%2Fa.slack-edge.com%2Fdf10d%2Fimg%2Favatars%2Fava_0021-72.png",
            "first_name": "Cameron",
            "real_name": "Cameron Shorter",
            "display_name": "cameronshorter",
            "team": "TKFJE6LDR",
            "name": "cameron.shorter",
            "is_restricted": false,
            "is_ultra_restricted": false
        },
        "blocks": [
            {
                "type": "rich_text",
                "block_id": "Sc+jc",
                "elements": [
                    {
                        "type": "rich_text_section",
                        "elements": [
                            {
                                "type": "text",
                                "text": "Has anyone reviewed the Information Strategy draft I put together and have opinions to share now? "
                            },
                            {
                                "type": "link",
                                "url": "https:\/\/docs.google.com\/document\/d\/1sPaVeFQFEqUs0w0sbvvWz1yW3rZd7Lba2_hNheQG25Y\/edit#heading=h.6ym3ww6wrlzo"
                            }
                        ]
                    }
                ]
            }
        ]
    },
    {
        "client_msg_id": "c845e828-4ab3-407d-9b15-ef82abe2e671",
        "type": "message",
        "text": ":wave:",
        "user": "UL9F82XL3",
        "ts": "1581449733.006400",
        "team": "TKFJE6LDR",
        "user_team": "TKFJE6LDR",
        "source_team": "TKFJE6LDR",
        "user_profile": {
            "avatar_hash": "431cbc5b0797",
            "image_72": "https:\/\/avatars.slack-edge.com\/2019-07-23\/702616820016_431cbc5b0797a8cc9f24_72.jpg",
            "first_name": "Sanket",
            "real_name": "Sanket Totewar",
            "display_name": "",
            "team": "TKFJE6LDR",
            "name": "sanket.totewar",
            "is_restricted": false,
            "is_ultra_restricted": false
        },
        "blocks": [
            {
                "type": "rich_text",
                "block_id": "SyaX",
                "elements": [
                    {
                        "type": "rich_text_section",
                        "elements": [
                            {
                                "type": "emoji",
                                "name": "wave"
                            }
                        ]
                    }
                ]
            }
        ]
    },
    {
        "client_msg_id": "dd17973b-0687-4d9d-904f-6154e35f2d23",
        "type": "message",
        "text": "Hi Sanket - thanks for waking early. Anything you wish to add to agenda - or comment on so far?",
        "user": "UKTGLQNGG",
        "ts": "1581449793.007300",
        "team": "TKFJE6LDR",
        "user_team": "TKFJE6LDR",
        "source_team": "TKFJE6LDR",
        "user_profile": {
            "avatar_hash": "ge03fcb118b0",
            "image_72": "https:\/\/secure.gravatar.com\/avatar\/9e03fcb118b0853a3fedfdee2367779d.jpg?s=72&d=https%3A%2F%2Fa.slack-edge.com%2Fdf10d%2Fimg%2Favatars%2Fava_0021-72.png",
            "first_name": "Cameron",
            "real_name": "Cameron Shorter",
            "display_name": "cameronshorter",
            "team": "TKFJE6LDR",
            "name": "cameron.shorter",
            "is_restricted": false,
            "is_ultra_restricted": false
        },
        "blocks": [
            {
                "type": "rich_text",
                "block_id": "JpUka",
                "elements": [
                    {
                        "type": "rich_text_section",
                        "elements": [
                            {
                                "type": "text",
                                "text": "Hi Sanket - thanks for waking early. Anything you wish to add to agenda - or comment on so far?"
                            }
                        ]
                    }
                ]
            }
        ]
    },
    {
        "client_msg_id": "e89f212f-4077-4a08-bbe0-8ecdc4da99d4",
        "type": "message",
        "text": "No comments from my end for now.",
        "user": "UTCKDLXJ9",
        "ts": "1581449817.007600",
        "team": "TKFJE6LDR",
        "user_team": "TKFJE6LDR",
        "source_team": "TKFJE6LDR",
        "user_profile": {
            "avatar_hash": "0be4307e6d1c",
            "image_72": "https:\/\/avatars.slack-edge.com\/2020-05-22\/1152413971041_0be4307e6d1c12a4752f_72.jpg",
            "first_name": "",
            "real_name": "Bolaji Ayodeji",
            "display_name": "Bolaji Ayodeji",
            "team": "TKFJE6LDR",
            "name": "sirbeejay1",
            "is_restricted": false,
            "is_ultra_restricted": false
        },
        "blocks": [
            {
                "type": "rich_text",
                "block_id": "RwT",
                "elements": [
                    {
                        "type": "rich_text_section",
                        "elements": [
                            {
                                "type": "text",
                                "text": "No comments from my end for now."
                            }
                        ]
                    }
                ]
            }
        ]
    },
    {
        "client_msg_id": "7767bfd9-773a-4954-9944-b2a18d4e5f34",
        "type": "message",
        "text": "<@UL2AA1FF1> <@UTCKDLXJ9> do you have a comment on the strategy?",
        "user": "UKTGLQNGG",
        "ts": "1581449850.008200",
        "team": "TKFJE6LDR",
        "user_team": "TKFJE6LDR",
        "source_team": "TKFJE6LDR",
        "user_profile": {
            "avatar_hash": "ge03fcb118b0",
            "image_72": "https:\/\/secure.gravatar.com\/avatar\/9e03fcb118b0853a3fedfdee2367779d.jpg?s=72&d=https%3A%2F%2Fa.slack-edge.com%2Fdf10d%2Fimg%2Favatars%2Fava_0021-72.png",
            "first_name": "Cameron",
            "real_name": "Cameron Shorter",
            "display_name": "cameronshorter",
            "team": "TKFJE6LDR",
            "name": "cameron.shorter",
            "is_restricted": false,
            "is_ultra_restricted": false
        },
        "blocks": [
            {
                "type": "rich_text",
                "block_id": "kH\/",
                "elements": [
                    {
                        "type": "rich_text_section",
                        "elements": [
                            {
                                "type": "user",
                                "user_id": "UL2AA1FF1"
                            },
                            {
                                "type": "text",
                                "text": " "
                            },
                            {
                                "type": "user",
                                "user_id": "UTCKDLXJ9"
                            },
                            {
                                "type": "text",
                                "text": " do you have a comment on the strategy?"
                            }
                        ]
                    }
                ]
            }
        ]
    },
    {
        "client_msg_id": "D0F89E4C-1027-4918-AF01-14CA6EB9B59A",
        "type": "message",
        "text": "I’m happy to see personas. I think that’s a good way to narrow the vision initially.",
        "user": "UL9F82XL3",
        "ts": "1581449908.009000",
        "team": "TKFJE6LDR",
        "user_team": "TKFJE6LDR",
        "source_team": "TKFJE6LDR",
        "user_profile": {
            "avatar_hash": "431cbc5b0797",
            "image_72": "https:\/\/avatars.slack-edge.com\/2019-07-23\/702616820016_431cbc5b0797a8cc9f24_72.jpg",
            "first_name": "Sanket",
            "real_name": "Sanket Totewar",
            "display_name": "",
            "team": "TKFJE6LDR",
            "name": "sanket.totewar",
            "is_restricted": false,
            "is_ultra_restricted": false
        },
        "blocks": [
            {
                "type": "rich_text",
                "block_id": "li5q",
                "elements": [
                    {
                        "type": "rich_text_section",
                        "elements": [
                            {
                                "type": "text",
                                "text": "I’m happy to see personas. I think that’s a good way to narrow the vision initially."
                            }
                        ]
                    }
                ]
            }
        ]
    },
    {
        "client_msg_id": "b101a90b-3745-4fe6-b51d-784e3a850ccc",
        "type": "message",
        "text": "Yes Sanket, I think personas are an important part of the story, and some research into finding best practices in personas is needed.",
        "user": "UKTGLQNGG",
        "ts": "1581449991.011900",
        "team": "TKFJE6LDR",
        "user_team": "TKFJE6LDR",
        "source_team": "TKFJE6LDR",
        "user_profile": {
            "avatar_hash": "ge03fcb118b0",
            "image_72": "https:\/\/secure.gravatar.com\/avatar\/9e03fcb118b0853a3fedfdee2367779d.jpg?s=72&d=https%3A%2F%2Fa.slack-edge.com%2Fdf10d%2Fimg%2Favatars%2Fava_0021-72.png",
            "first_name": "Cameron",
            "real_name": "Cameron Shorter",
            "display_name": "cameronshorter",
            "team": "TKFJE6LDR",
            "name": "cameron.shorter",
            "is_restricted": false,
            "is_ultra_restricted": false
        },
        "blocks": [
            {
                "type": "rich_text",
                "block_id": "sSBRO",
                "elements": [
                    {
                        "type": "rich_text_section",
                        "elements": [
                            {
                                "type": "text",
                                "text": "Yes Sanket, I think personas are an important part of the story, and some research into finding best practices in personas is needed."
                            }
                        ]
                    }
                ]
            }
        ],
        "reactions": [
            {
                "name": "heavy_plus_sign",
                "users": [
                    "UL9F82XL3"
                ],
                "count": 1
            }
        ]
    },
    {
        "client_msg_id": "b51b92fa-37ee-4afa-b77e-a9e0ceec7f1f",
        "type": "message",
        "text": "sorry I'm still behind :disappointed:",
        "user": "UL2AA1FF1",
        "ts": "1581450015.012600",
        "team": "TKFJE6LDR",
        "user_team": "TKFJE6LDR",
        "source_team": "TKFJE6LDR",
        "user_profile": {
            "avatar_hash": "22135067b36d",
            "image_72": "https:\/\/avatars.slack-edge.com\/2019-10-23\/805254797908_22135067b36dfb715e99_72.jpg",
            "first_name": "",
            "real_name": "Erin McKean",
            "display_name": "Erin McKean",
            "team": "TKFJE6LDR",
            "name": "emckean",
            "is_restricted": false,
            "is_ultra_restricted": false
        },
        "blocks": [
            {
                "type": "rich_text",
                "block_id": "x40Ob",
                "elements": [
                    {
                        "type": "rich_text_section",
                        "elements": [
                            {
                                "type": "text",
                                "text": "sorry I'm still behind "
                            },
                            {
                                "type": "emoji",
                                "name": "disappointed"
                            }
                        ]
                    }
                ]
            }
        ]
    },
    {
        "client_msg_id": "aa004602-d05e-4cd8-93fb-6621b3d24256",
        "type": "message",
        "text": "the strategy was sent via email, yes?",
        "user": "UL2AA1FF1",
        "ts": "1581450021.013000",
        "team": "TKFJE6LDR",
        "user_team": "TKFJE6LDR",
        "source_team": "TKFJE6LDR",
        "user_profile": {
            "avatar_hash": "22135067b36d",
            "image_72": "https:\/\/avatars.slack-edge.com\/2019-10-23\/805254797908_22135067b36dfb715e99_72.jpg",
            "first_name": "",
            "real_name": "Erin McKean",
            "display_name": "Erin McKean",
            "team": "TKFJE6LDR",
            "name": "emckean",
            "is_restricted": false,
            "is_ultra_restricted": false
        },
        "blocks": [
            {
                "type": "rich_text",
                "block_id": "\/1Jn0",
                "elements": [
                    {
                        "type": "rich_text_section",
                        "elements": [
                            {
                                "type": "text",
                                "text": "the strategy was sent via email, yes?"
                            }
                        ]
                    }
                ]
            }
        ]
    },
    {
        "client_msg_id": "9b38daa2-9c7a-42eb-b09a-4d4d64e83e0e",
        "type": "message",
        "text": "Erin it is bullet points here: <https:\/\/docs.google.com\/document\/d\/1sPaVeFQFEqUs0w0sbvvWz1yW3rZd7Lba2_hNheQG25Y\/edit#heading=h.6ym3ww6wrlzo>",
        "user": "UKTGLQNGG",
        "ts": "1581450047.013600",
        "team": "TKFJE6LDR",
        "user_team": "TKFJE6LDR",
        "source_team": "TKFJE6LDR",
        "user_profile": {
            "avatar_hash": "ge03fcb118b0",
            "image_72": "https:\/\/secure.gravatar.com\/avatar\/9e03fcb118b0853a3fedfdee2367779d.jpg?s=72&d=https%3A%2F%2Fa.slack-edge.com%2Fdf10d%2Fimg%2Favatars%2Fava_0021-72.png",
            "first_name": "Cameron",
            "real_name": "Cameron Shorter",
            "display_name": "cameronshorter",
            "team": "TKFJE6LDR",
            "name": "cameron.shorter",
            "is_restricted": false,
            "is_ultra_restricted": false
        },
        "blocks": [
            {
                "type": "rich_text",
                "block_id": "AK0",
                "elements": [
                    {
                        "type": "rich_text_section",
                        "elements": [
                            {
                                "type": "text",
                                "text": "Erin it is bullet points here: "
                            },
                            {
                                "type": "link",
                                "url": "https:\/\/docs.google.com\/document\/d\/1sPaVeFQFEqUs0w0sbvvWz1yW3rZd7Lba2_hNheQG25Y\/edit#heading=h.6ym3ww6wrlzo"
                            }
                        ]
                    }
                ]
            }
        ]
    },
    {
        "client_msg_id": "77f53018-962b-4ee6-8bd4-628869873a9e",
        "type": "message",
        "text": "And yes, I did send via email too.",
        "user": "UKTGLQNGG",
        "ts": "1581450063.015100",
        "team": "TKFJE6LDR",
        "user_team": "TKFJE6LDR",
        "source_team": "TKFJE6LDR",
        "user_profile": {
            "avatar_hash": "ge03fcb118b0",
            "image_72": "https:\/\/secure.gravatar.com\/avatar\/9e03fcb118b0853a3fedfdee2367779d.jpg?s=72&d=https%3A%2F%2Fa.slack-edge.com%2Fdf10d%2Fimg%2Favatars%2Fava_0021-72.png",
            "first_name": "Cameron",
            "real_name": "Cameron Shorter",
            "display_name": "cameronshorter",
            "team": "TKFJE6LDR",
            "name": "cameron.shorter",
            "is_restricted": false,
            "is_ultra_restricted": false
        },
        "blocks": [
            {
                "type": "rich_text",
                "block_id": "zXN",
                "elements": [
                    {
                        "type": "rich_text_section",
                        "elements": [
                            {
                                "type": "text",
                                "text": "And yes, I did send via email too."
                            }
                        ]
                    }
                ]
            }
        ]
    },
    {
        "client_msg_id": "1fc7420b-c7bb-4fcb-b827-55afd551e924",
        "type": "message",
        "text": "Personas are really great and was one of the key discussions we had during sustainOSS documentation sessions, we put together some useful defined personas and their needs and we planned to incorporate it into this project. Hopefully the report comes out soon.",
        "user": "UTCKDLXJ9",
        "ts": "1581450093.015500",
        "team": "TKFJE6LDR",
        "user_team": "TKFJE6LDR",
        "source_team": "TKFJE6LDR",
        "user_profile": {
            "avatar_hash": "0be4307e6d1c",
            "image_72": "https:\/\/avatars.slack-edge.com\/2020-05-22\/1152413971041_0be4307e6d1c12a4752f_72.jpg",
            "first_name": "",
            "real_name": "Bolaji Ayodeji",
            "display_name": "Bolaji Ayodeji",
            "team": "TKFJE6LDR",
            "name": "sirbeejay1",
            "is_restricted": false,
            "is_ultra_restricted": false
        },
        "blocks": [
            {
                "type": "rich_text",
                "block_id": "UPD",
                "elements": [
                    {
                        "type": "rich_text_section",
                        "elements": [
                            {
                                "type": "text",
                                "text": "Personas are really great and was one of the key discussions we had during sustainOSS documentation sessions, we put together some useful defined personas and their needs and we planned to incorporate it into this project. Hopefully the report comes out soon."
                            }
                        ]
                    }
                ]
            }
        ]
    },
    {
        "client_msg_id": "8f608f51-9537-49a7-839e-4d9b3973532d",
        "type": "message",
        "text": "<@UTCKDLXJ9> great - I’d love to see the work you have on this.",
        "user": "UKTGLQNGG",
        "ts": "1581450146.017700",
        "team": "TKFJE6LDR",
        "user_team": "TKFJE6LDR",
        "source_team": "TKFJE6LDR",
        "user_profile": {
            "avatar_hash": "ge03fcb118b0",
            "image_72": "https:\/\/secure.gravatar.com\/avatar\/9e03fcb118b0853a3fedfdee2367779d.jpg?s=72&d=https%3A%2F%2Fa.slack-edge.com%2Fdf10d%2Fimg%2Favatars%2Fava_0021-72.png",
            "first_name": "Cameron",
            "real_name": "Cameron Shorter",
            "display_name": "cameronshorter",
            "team": "TKFJE6LDR",
            "name": "cameron.shorter",
            "is_restricted": false,
            "is_ultra_restricted": false
        },
        "blocks": [
            {
                "type": "rich_text",
                "block_id": "Y3b",
                "elements": [
                    {
                        "type": "rich_text_section",
                        "elements": [
                            {
                                "type": "user",
                                "user_id": "UTCKDLXJ9"
                            },
                            {
                                "type": "text",
                                "text": " great - I’d love to see the work you have on this."
                            }
                        ]
                    }
                ]
            }
        ]
    },
    {
        "client_msg_id": "1ED495E4-652C-4A02-8C75-A222BB00E5DA",
        "type": "message",
        "text": "In my experience, in addition to templates, I’ve found it’s very useful to create “reusable blocks of content”. E.g. OpenAPI doc for single method; a tiny tutorial on how to troubleshoot a specific error, etc.\n\nWill we be taking this into account when suggesting templates?",
        "user": "UL9F82XL3",
        "ts": "1581450249.020200",
        "team": "TKFJE6LDR",
        "user_team": "TKFJE6LDR",
        "source_team": "TKFJE6LDR",
        "user_profile": {
            "avatar_hash": "431cbc5b0797",
            "image_72": "https:\/\/avatars.slack-edge.com\/2019-07-23\/702616820016_431cbc5b0797a8cc9f24_72.jpg",
            "first_name": "Sanket",
            "real_name": "Sanket Totewar",
            "display_name": "",
            "team": "TKFJE6LDR",
            "name": "sanket.totewar",
            "is_restricted": false,
            "is_ultra_restricted": false
        },
        "blocks": [
            {
                "type": "rich_text",
                "block_id": "CxgmL",
                "elements": [
                    {
                        "type": "rich_text_section",
                        "elements": [
                            {
                                "type": "text",
                                "text": "In my experience, in addition to templates, I’ve found it’s very useful to create “reusable blocks of content”. E.g. OpenAPI doc for single method; a tiny tutorial on how to troubleshoot a specific error, etc.\n\n"
                            },
                            {
                                "type": "text",
                                "text": "Will we be taking this into account when suggesting templates?"
                            }
                        ]
                    }
                ]
            }
        ]
    },
    {
        "client_msg_id": "32DA96AB-5F79-44F9-A810-8079B11D19BE",
        "type": "message",
        "text": "Sometimes the same piece of content can be used in a quickstart and a help guide.",
        "user": "UL9F82XL3",
        "ts": "1581450295.021000",
        "team": "TKFJE6LDR",
        "user_team": "TKFJE6LDR",
        "source_team": "TKFJE6LDR",
        "user_profile": {
            "avatar_hash": "431cbc5b0797",
            "image_72": "https:\/\/avatars.slack-edge.com\/2019-07-23\/702616820016_431cbc5b0797a8cc9f24_72.jpg",
            "first_name": "Sanket",
            "real_name": "Sanket Totewar",
            "display_name": "",
            "team": "TKFJE6LDR",
            "name": "sanket.totewar",
            "is_restricted": false,
            "is_ultra_restricted": false
        },
        "blocks": [
            {
                "type": "rich_text",
                "block_id": "qLr",
                "elements": [
                    {
                        "type": "rich_text_section",
                        "elements": [
                            {
                                "type": "text",
                                "text": "Sometimes the same piece of content can be used in a quickstart and a help guide."
                            }
                        ]
                    }
                ]
            }
        ]
    },
    {
        "client_msg_id": "e14510d5-0723-4431-880a-c9f271e9d937",
        "type": "message",
        "text": "<@UL9F82XL3> that is a good question. I’ve seen the same problem before myself. The concept hasn’t been woven into the templates yet, but it might be worth doing.",
        "user": "UKTGLQNGG",
        "ts": "1581450391.022500",
        "team": "TKFJE6LDR",
        "user_team": "TKFJE6LDR",
        "source_team": "TKFJE6LDR",
        "user_profile": {
            "avatar_hash": "ge03fcb118b0",
            "image_72": "https:\/\/secure.gravatar.com\/avatar\/9e03fcb118b0853a3fedfdee2367779d.jpg?s=72&d=https%3A%2F%2Fa.slack-edge.com%2Fdf10d%2Fimg%2Favatars%2Fava_0021-72.png",
            "first_name": "Cameron",
            "real_name": "Cameron Shorter",
            "display_name": "cameronshorter",
            "team": "TKFJE6LDR",
            "name": "cameron.shorter",
            "is_restricted": false,
            "is_ultra_restricted": false
        },
        "blocks": [
            {
                "type": "rich_text",
                "block_id": "aPp",
                "elements": [
                    {
                        "type": "rich_text_section",
                        "elements": [
                            {
                                "type": "user",
                                "user_id": "UL9F82XL3"
                            },
                            {
                                "type": "text",
                                "text": " that is a good question. I’ve seen the same problem before myself. The concept hasn’t been woven into the templates yet, but it might be worth doing."
                            }
                        ]
                    }
                ]
            }
        ]
    },
    {
        "client_msg_id": "a4b3fd1b-d91a-4601-b60b-5e0170bf48b1",
        "type": "message",
        "text": "I’m not sure how to approach it within our current template format.",
        "user": "UKTGLQNGG",
        "ts": "1581450416.023000",
        "team": "TKFJE6LDR",
        "user_team": "TKFJE6LDR",
        "source_team": "TKFJE6LDR",
        "user_profile": {
            "avatar_hash": "ge03fcb118b0",
            "image_72": "https:\/\/secure.gravatar.com\/avatar\/9e03fcb118b0853a3fedfdee2367779d.jpg?s=72&d=https%3A%2F%2Fa.slack-edge.com%2Fdf10d%2Fimg%2Favatars%2Fava_0021-72.png",
            "first_name": "Cameron",
            "real_name": "Cameron Shorter",
            "display_name": "cameronshorter",
            "team": "TKFJE6LDR",
            "name": "cameron.shorter",
            "is_restricted": false,
            "is_ultra_restricted": false
        },
        "blocks": [
            {
                "type": "rich_text",
                "block_id": "WHD",
                "elements": [
                    {
                        "type": "rich_text_section",
                        "elements": [
                            {
                                "type": "text",
                                "text": "I’m not sure how to approach it within our current template format."
                            }
                        ]
                    }
                ]
            }
        ]
    },
    {
        "client_msg_id": "5c95fdf9-a9ad-45de-bf37-b172730102dd",
        "type": "message",
        "text": "<@UL9F82XL3> an earlier version of my approach to the problem (later abandoned) is here: <http:\/\/generguide.sourceforge.net\/>",
        "user": "UKTGLQNGG",
        "ts": "1581450486.024300",
        "team": "TKFJE6LDR",
        "user_team": "TKFJE6LDR",
        "source_team": "TKFJE6LDR",
        "user_profile": {
            "avatar_hash": "ge03fcb118b0",
            "image_72": "https:\/\/secure.gravatar.com\/avatar\/9e03fcb118b0853a3fedfdee2367779d.jpg?s=72&d=https%3A%2F%2Fa.slack-edge.com%2Fdf10d%2Fimg%2Favatars%2Fava_0021-72.png",
            "first_name": "Cameron",
            "real_name": "Cameron Shorter",
            "display_name": "cameronshorter",
            "team": "TKFJE6LDR",
            "name": "cameron.shorter",
            "is_restricted": false,
            "is_ultra_restricted": false
        },
        "blocks": [
            {
                "type": "rich_text",
                "block_id": "Hd8OW",
                "elements": [
                    {
                        "type": "rich_text_section",
                        "elements": [
                            {
                                "type": "user",
                                "user_id": "UL9F82XL3"
                            },
                            {
                                "type": "text",
                                "text": " an earlier version of my approach to the problem (later abandoned) is here: "
                            },
                            {
                                "type": "link",
                                "url": "http:\/\/generguide.sourceforge.net\/"
                            }
                        ]
                    }
                ]
            }
        ]
    },
    {
        "client_msg_id": "950d2114-ae0d-455f-8e78-ff56c8fc0ab9",
        "type": "message",
        "text": "Thanks for sharing. I thought maybe we could have a set of rules to make sure such pieces are self-sufficient by themselves. Maybe we can just tackle this later once we have the minimum viable docset.",
        "user": "UL9F82XL3",
        "ts": "1581450526.024800",
        "team": "TKFJE6LDR",
        "user_team": "TKFJE6LDR",
        "source_team": "TKFJE6LDR",
        "user_profile": {
            "avatar_hash": "431cbc5b0797",
            "image_72": "https:\/\/avatars.slack-edge.com\/2019-07-23\/702616820016_431cbc5b0797a8cc9f24_72.jpg",
            "first_name": "Sanket",
            "real_name": "Sanket Totewar",
            "display_name": "",
            "team": "TKFJE6LDR",
            "name": "sanket.totewar",
            "is_restricted": false,
            "is_ultra_restricted": false
        },
        "blocks": [
            {
                "type": "rich_text",
                "block_id": "yA=",
                "elements": [
                    {
                        "type": "rich_text_section",
                        "elements": [
                            {
                                "type": "text",
                                "text": "Thanks for sharing. I thought maybe we could have a set of rules to make sure such pieces are self-sufficient by themselves. Maybe we can just tackle this later once we have the minimum viable docset."
                            }
                        ]
                    }
                ]
            }
        ],
        "reactions": [
            {
                "name": "heavy_plus_sign",
                "users": [
                    "UL2AA1FF1"
                ],
                "count": 1
            }
        ]
    },
    {
        "client_msg_id": "40537794-86e8-48b1-b5dd-cf4d17fd0f5a",
        "type": "message",
        "text": "Yes, I think that snippets of sections is usually project or organisation specific.",
        "user": "UKTGLQNGG",
        "ts": "1581450579.025400",
        "team": "TKFJE6LDR",
        "user_team": "TKFJE6LDR",
        "source_team": "TKFJE6LDR",
        "user_profile": {
            "avatar_hash": "ge03fcb118b0",
            "image_72": "https:\/\/secure.gravatar.com\/avatar\/9e03fcb118b0853a3fedfdee2367779d.jpg?s=72&d=https%3A%2F%2Fa.slack-edge.com%2Fdf10d%2Fimg%2Favatars%2Fava_0021-72.png",
            "first_name": "Cameron",
            "real_name": "Cameron Shorter",
            "display_name": "cameronshorter",
            "team": "TKFJE6LDR",
            "name": "cameron.shorter",
            "is_restricted": false,
            "is_ultra_restricted": false
        },
        "blocks": [
            {
                "type": "rich_text",
                "block_id": "qWC4R",
                "elements": [
                    {
                        "type": "rich_text_section",
                        "elements": [
                            {
                                "type": "text",
                                "text": "Yes, I think that snippets of sections is usually project or organisation specific."
                            }
                        ]
                    }
                ]
            }
        ]
    },
    {
        "client_msg_id": "2ca17409-9b3d-4a8f-8ac7-2dbface907e5",
        "type": "message",
        "text": "I agree that it is something we can loop back to in a later version.",
        "user": "UKTGLQNGG",
        "ts": "1581450596.025800",
        "team": "TKFJE6LDR",
        "user_team": "TKFJE6LDR",
        "source_team": "TKFJE6LDR",
        "user_profile": {
            "avatar_hash": "ge03fcb118b0",
            "image_72": "https:\/\/secure.gravatar.com\/avatar\/9e03fcb118b0853a3fedfdee2367779d.jpg?s=72&d=https%3A%2F%2Fa.slack-edge.com%2Fdf10d%2Fimg%2Favatars%2Fava_0021-72.png",
            "first_name": "Cameron",
            "real_name": "Cameron Shorter",
            "display_name": "cameronshorter",
            "team": "TKFJE6LDR",
            "name": "cameron.shorter",
            "is_restricted": false,
            "is_ultra_restricted": false
        },
        "blocks": [
            {
                "type": "rich_text",
                "block_id": "n2k2",
                "elements": [
                    {
                        "type": "rich_text_section",
                        "elements": [
                            {
                                "type": "text",
                                "text": "I agree that it is something we can loop back to in a later version."
                            }
                        ]
                    }
                ]
            }
        ],
        "reactions": [
            {
                "name": "heavy_plus_sign",
                "users": [
                    "UL9F82XL3"
                ],
                "count": 1
            }
        ]
    },
    {
        "client_msg_id": "3703523f-d94f-4f20-8724-a0203792df2c",
        "type": "message",
        "text": "I wonder if the vision should be in a different document.",
        "user": "UL9F82XL3",
        "ts": "1581450656.026300",
        "team": "TKFJE6LDR",
        "user_team": "TKFJE6LDR",
        "source_team": "TKFJE6LDR",
        "user_profile": {
            "avatar_hash": "431cbc5b0797",
            "image_72": "https:\/\/avatars.slack-edge.com\/2019-07-23\/702616820016_431cbc5b0797a8cc9f24_72.jpg",
            "first_name": "Sanket",
            "real_name": "Sanket Totewar",
            "display_name": "",
            "team": "TKFJE6LDR",
            "name": "sanket.totewar",
            "is_restricted": false,
            "is_ultra_restricted": false
        },
        "blocks": [
            {
                "type": "rich_text",
                "block_id": "U22I",
                "elements": [
                    {
                        "type": "rich_text_section",
                        "elements": [
                            {
                                "type": "text",
                                "text": "I wonder if the vision should be in a different document."
                            }
                        ]
                    }
                ]
            }
        ]
    },
    {
        "client_msg_id": "9e949412-d2f9-4429-8c79-9133a2fe0b3d",
        "type": "message",
        "text": "Also, Linette from Atlassian shared this last week. Maybe we can add a reference to that post.\n<https:\/\/medium.com\/designing-atlassian\/content-design-below-the-surface-36d02746bfdb>\nI think it'll be good to split the types of templates into\n• what's visible in final docs\n• what's required to create the final docs",
        "user": "UL9F82XL3",
        "ts": "1581450837.028600",
        "team": "TKFJE6LDR",
        "user_team": "TKFJE6LDR",
        "source_team": "TKFJE6LDR",
        "user_profile": {
            "avatar_hash": "431cbc5b0797",
            "image_72": "https:\/\/avatars.slack-edge.com\/2019-07-23\/702616820016_431cbc5b0797a8cc9f24_72.jpg",
            "first_name": "Sanket",
            "real_name": "Sanket Totewar",
            "display_name": "",
            "team": "TKFJE6LDR",
            "name": "sanket.totewar",
            "is_restricted": false,
            "is_ultra_restricted": false
        },
        "edited": {
            "user": "UL9F82XL3",
            "ts": "1581450932.000000"
        },
        "blocks": [
            {
                "type": "rich_text",
                "block_id": "7oLSZ",
                "elements": [
                    {
                        "type": "rich_text_section",
                        "elements": [
                            {
                                "type": "text",
                                "text": "Also, Linette from Atlassian shared this last week. Maybe we can add a reference to that post.\n"
                            },
                            {
                                "type": "link",
                                "url": "https:\/\/medium.com\/designing-atlassian\/content-design-below-the-surface-36d02746bfdb"
                            },
                            {
                                "type": "text",
                                "text": "\nI think it'll be good to split the types of templates into\n"
                            }
                        ]
                    },
                    {
                        "type": "rich_text_list",
                        "elements": [
                            {
                                "type": "rich_text_section",
                                "elements": [
                                    {
                                        "type": "text",
                                        "text": "what's visible in final docs"
                                    }
                                ]
                            },
                            {
                                "type": "rich_text_section",
                                "elements": [
                                    {
                                        "type": "text",
                                        "text": "what's required to create the final docs"
                                    }
                                ]
                            }
                        ],
                        "style": "bullet",
                        "indent": 0
                    }
                ]
            }
        ]
    },
    {
        "client_msg_id": "4843f231-3b77-4521-838a-09cd87b6e2a4",
        "type": "message",
        "text": "<@UTCKDLXJ9> we’ve had problems connecting. We can discuss what you are interested here in slack for next 5 mins, but probably set a timeslot for us both to commit to. Say in 23.5 hours? 8:30pm for me. 10:30am for you.",
        "user": "UKTGLQNGG",
        "ts": "1581450855.029100",
        "team": "TKFJE6LDR",
        "user_team": "TKFJE6LDR",
        "source_team": "TKFJE6LDR",
        "user_profile": {
            "avatar_hash": "ge03fcb118b0",
            "image_72": "https:\/\/secure.gravatar.com\/avatar\/9e03fcb118b0853a3fedfdee2367779d.jpg?s=72&d=https%3A%2F%2Fa.slack-edge.com%2Fdf10d%2Fimg%2Favatars%2Fava_0021-72.png",
            "first_name": "Cameron",
            "real_name": "Cameron Shorter",
            "display_name": "cameronshorter",
            "team": "TKFJE6LDR",
            "name": "cameron.shorter",
            "is_restricted": false,
            "is_ultra_restricted": false
        },
        "blocks": [
            {
                "type": "rich_text",
                "block_id": "C4P",
                "elements": [
                    {
                        "type": "rich_text_section",
                        "elements": [
                            {
                                "type": "user",
                                "user_id": "UTCKDLXJ9"
                            },
                            {
                                "type": "text",
                                "text": " we’ve had problems connecting. We can discuss what you are interested here in slack for next 5 mins, but probably set a timeslot for us both to commit to. Say in 23.5 hours? 8:30pm for me. 10:30am for you."
                            }
                        ]
                    }
                ]
            }
        ],
        "thread_ts": "1581450855.029100",
        "reply_count": 1,
        "reply_users_count": 1,
        "latest_reply": "1581452367.032800",
        "reply_users": [
            "UTCKDLXJ9"
        ],
        "replies": [
            {
                "user": "UTCKDLXJ9",
                "ts": "1581452367.032800"
            }
        ],
        "subscribed": false
    },
    {
        "client_msg_id": "b7bfe5bb-1505-4d49-ad29-33f1e8e17001",
        "type": "message",
        "text": "I like the idea of having a \"reading list\" separate from the templates",
        "user": "UL2AA1FF1",
        "ts": "1581450927.029800",
        "team": "TKFJE6LDR",
        "user_team": "TKFJE6LDR",
        "source_team": "TKFJE6LDR",
        "user_profile": {
            "avatar_hash": "22135067b36d",
            "image_72": "https:\/\/avatars.slack-edge.com\/2019-10-23\/805254797908_22135067b36dfb715e99_72.jpg",
            "first_name": "",
            "real_name": "Erin McKean",
            "display_name": "Erin McKean",
            "team": "TKFJE6LDR",
            "name": "emckean",
            "is_restricted": false,
            "is_ultra_restricted": false
        },
        "blocks": [
            {
                "type": "rich_text",
                "block_id": "2VCFa",
                "elements": [
                    {
                        "type": "rich_text_section",
                        "elements": [
                            {
                                "type": "text",
                                "text": "I like the idea of having a \"reading list\" separate from the templates"
                            }
                        ]
                    }
                ]
            }
        ],
        "reactions": [
            {
                "name": "heavy_plus_sign",
                "users": [
                    "UL9F82XL3"
                ],
                "count": 1
            }
        ]
    },
    {
        "client_msg_id": "6e29321e-f56b-42e6-918e-29815f813b36",
        "type": "message",
        "text": "Thanks for sharing <@UL9F82XL3>, I’ll review in the next 48 hours or so.",
        "user": "UKTGLQNGG",
        "ts": "1581450959.030400",
        "team": "TKFJE6LDR",
        "user_team": "TKFJE6LDR",
        "source_team": "TKFJE6LDR",
        "user_profile": {
            "avatar_hash": "ge03fcb118b0",
            "image_72": "https:\/\/secure.gravatar.com\/avatar\/9e03fcb118b0853a3fedfdee2367779d.jpg?s=72&d=https%3A%2F%2Fa.slack-edge.com%2Fdf10d%2Fimg%2Favatars%2Fava_0021-72.png",
            "first_name": "Cameron",
            "real_name": "Cameron Shorter",
            "display_name": "cameronshorter",
            "team": "TKFJE6LDR",
            "name": "cameron.shorter",
            "is_restricted": false,
            "is_ultra_restricted": false
        },
        "blocks": [
            {
                "type": "rich_text",
                "block_id": "V6MOU",
                "elements": [
                    {
                        "type": "rich_text_section",
                        "elements": [
                            {
                                "type": "text",
                                "text": "Thanks for sharing "
                            },
                            {
                                "type": "user",
                                "user_id": "UL9F82XL3"
                            },
                            {
                                "type": "text",
                                "text": ", I’ll review in the next 48 hours or so."
                            }
                        ]
                    }
                ]
            }
        ]
    },
    {
        "client_msg_id": "638e6983-688f-4937-bc1c-f783b9562efb",
        "type": "message",
        "text": "Yes Erin, I like the idea of a reading list.",
        "user": "UKTGLQNGG",
        "ts": "1581450998.030900",
        "team": "TKFJE6LDR",
        "user_team": "TKFJE6LDR",
        "source_team": "TKFJE6LDR",
        "user_profile": {
            "avatar_hash": "ge03fcb118b0",
            "image_72": "https:\/\/secure.gravatar.com\/avatar\/9e03fcb118b0853a3fedfdee2367779d.jpg?s=72&d=https%3A%2F%2Fa.slack-edge.com%2Fdf10d%2Fimg%2Favatars%2Fava_0021-72.png",
            "first_name": "Cameron",
            "real_name": "Cameron Shorter",
            "display_name": "cameronshorter",
            "team": "TKFJE6LDR",
            "name": "cameron.shorter",
            "is_restricted": false,
            "is_ultra_restricted": false
        },
        "blocks": [
            {
                "type": "rich_text",
                "block_id": "jSB",
                "elements": [
                    {
                        "type": "rich_text_section",
                        "elements": [
                            {
                                "type": "text",
                                "text": "Yes Erin, I like the idea of a reading list."
                            }
                        ]
                    }
                ]
            }
        ]
    },
    {
        "client_msg_id": "d4135de4-e6b5-46a6-b60f-15f163d572a7",
        "type": "message",
        "text": "I need to move to another meeting in 3 mins.",
        "user": "UKTGLQNGG",
        "ts": "1581451038.031300",
        "team": "TKFJE6LDR",
        "user_team": "TKFJE6LDR",
        "source_team": "TKFJE6LDR",
        "user_profile": {
            "avatar_hash": "ge03fcb118b0",
            "image_72": "https:\/\/secure.gravatar.com\/avatar\/9e03fcb118b0853a3fedfdee2367779d.jpg?s=72&d=https%3A%2F%2Fa.slack-edge.com%2Fdf10d%2Fimg%2Favatars%2Fava_0021-72.png",
            "first_name": "Cameron",
            "real_name": "Cameron Shorter",
            "display_name": "cameronshorter",
            "team": "TKFJE6LDR",
            "name": "cameron.shorter",
            "is_restricted": false,
            "is_ultra_restricted": false
        },
        "blocks": [
            {
                "type": "rich_text",
                "block_id": "Yy2",
                "elements": [
                    {
                        "type": "rich_text_section",
                        "elements": [
                            {
                                "type": "text",
                                "text": "I need to move to another meeting in 3 mins."
                            }
                        ]
                    }
                ]
            }
        ]
    },
    {
        "client_msg_id": "5432f197-8f63-4ec3-bd88-d9c3eb98d143",
        "type": "message",
        "text": "Anything else to cover in person? (Plan is to keep the line open for asynchronous conversation for next 24 hours).",
        "user": "UKTGLQNGG",
        "ts": "1581451095.032400",
        "team": "TKFJE6LDR",
        "user_team": "TKFJE6LDR",
        "source_team": "TKFJE6LDR",
        "user_profile": {
            "avatar_hash": "ge03fcb118b0",
            "image_72": "https:\/\/secure.gravatar.com\/avatar\/9e03fcb118b0853a3fedfdee2367779d.jpg?s=72&d=https%3A%2F%2Fa.slack-edge.com%2Fdf10d%2Fimg%2Favatars%2Fava_0021-72.png",
            "first_name": "Cameron",
            "real_name": "Cameron Shorter",
            "display_name": "cameronshorter",
            "team": "TKFJE6LDR",
            "name": "cameron.shorter",
            "is_restricted": false,
            "is_ultra_restricted": false
        },
        "blocks": [
            {
                "type": "rich_text",
                "block_id": "Qvs",
                "elements": [
                    {
                        "type": "rich_text_section",
                        "elements": [
                            {
                                "type": "text",
                                "text": "Anything else to cover in person? (Plan is to keep the line open for asynchronous conversation for next 24 hours)."
                            }
                        ]
                    }
                ]
            }
        ]
    },
    {
        "client_msg_id": "a00f0e85-16f7-45ad-a854-c41d1476dc34",
        "type": "message",
        "text": "That's all from me. Great chat!",
        "user": "UL9F82XL3",
        "ts": "1581451125.032700",
        "team": "TKFJE6LDR",
        "user_team": "TKFJE6LDR",
        "source_team": "TKFJE6LDR",
        "user_profile": {
            "avatar_hash": "431cbc5b0797",
            "image_72": "https:\/\/avatars.slack-edge.com\/2019-07-23\/702616820016_431cbc5b0797a8cc9f24_72.jpg",
            "first_name": "Sanket",
            "real_name": "Sanket Totewar",
            "display_name": "",
            "team": "TKFJE6LDR",
            "name": "sanket.totewar",
            "is_restricted": false,
            "is_ultra_restricted": false
        },
        "blocks": [
            {
                "type": "rich_text",
                "block_id": "T=UJ",
                "elements": [
                    {
                        "type": "rich_text_section",
                        "elements": [
                            {
                                "type": "text",
                                "text": "That's all from me. Great chat!"
                            }
                        ]
                    }
                ]
            }
        ]
    },
    {
        "client_msg_id": "5e62c57d-6971-4d25-9a9f-1d5b615e5bc7",
        "type": "message",
        "text": "This time won't work for me but I've DM you already.",
        "user": "UTCKDLXJ9",
        "ts": "1581452367.032800",
        "team": "TKFJE6LDR",
        "user_team": "TKFJE6LDR",
        "source_team": "TKFJE6LDR",
        "user_profile": {
            "avatar_hash": "0be4307e6d1c",
            "image_72": "https:\/\/avatars.slack-edge.com\/2020-05-22\/1152413971041_0be4307e6d1c12a4752f_72.jpg",
            "first_name": "",
            "real_name": "Bolaji Ayodeji",
            "display_name": "Bolaji Ayodeji",
            "team": "TKFJE6LDR",
            "name": "sirbeejay1",
            "is_restricted": false,
            "is_ultra_restricted": false
        },
        "blocks": [
            {
                "type": "rich_text",
                "block_id": "0G87j",
                "elements": [
                    {
                        "type": "rich_text_section",
                        "elements": [
                            {
                                "type": "text",
                                "text": "This time won't work for me but I've DM you already."
                            }
                        ]
                    }
                ]
            }
        ],
        "thread_ts": "1581450855.029100",
        "parent_user_id": "UKTGLQNGG"
    },
    {
        "client_msg_id": "164E1866-998B-4529-AFE0-3A8A60D12F9B",
        "type": "message",
        "text": "Sorry I missed the main meeting, my alarm stood no chance this morning haha. I really like the information strategy draft! In regards to community management I think the points touched are really good, however I think it’s also important to have a good process for the community to simply ask questions (not actually contribute). I think the bar to contributing will always be higher than just asking a question and these questions will really help you refine your doc set. ",
        "user": "UR4F409LG",
        "ts": "1581460382.037900",
        "team": "TKFJE6LDR",
        "user_team": "TKFJE6LDR",
        "source_team": "TKFJE6LDR",
        "user_profile": {
            "avatar_hash": "g79ec87b785b",
            "image_72": "https:\/\/secure.gravatar.com\/avatar\/79ec87b785b963697860ca73ad5e539e.jpg?s=72&d=https%3A%2F%2Fa.slack-edge.com%2Fdf10d%2Fimg%2Favatars%2Fava_0003-72.png",
            "first_name": "",
            "real_name": "Francesco Lanciana",
            "display_name": "Francesco Lanciana",
            "team": "TKFJE6LDR",
            "name": "francescolanciana",
            "is_restricted": false,
            "is_ultra_restricted": false
        },
        "blocks": [
            {
                "type": "rich_text",
                "block_id": "zp9=i",
                "elements": [
                    {
                        "type": "rich_text_section",
                        "elements": [
                            {
                                "type": "text",
                                "text": "Sorry I missed the main meeting, my alarm stood no chance this morning haha. I really like the information strategy draft! In regards to community management I think the points touched are really good, however I think it’s also important to have a good process for the community to simply ask questions (not actually contribute). I think the bar to contributing will always be higher than just asking a question and these questions will really help you refine your doc set. "
                            }
                        ]
                    }
                ]
            }
        ]
    }
]