[
    {
        "client_msg_id": "8BD112FC-C8C3-46F2-94F1-B4BF0BA99EF7",
        "type": "message",
        "text": "As promised <@UKVC4NB71>, Dr Hollier replied just now. “Yes tables without headings are a major accessibility issue. In terms of testing with a screen reader that provides a good tutorial, recent updated to Windows 10 have significantly improved the built-in Narrator screen reader. If your Windows 10 is up-to-date with the latest build, running Narrator (Windows key + Ctrl + Enter) will launch you into a useful tutorial.\n \nWhile Narrator is a good starting point, better screen readers include JAWS and NVDA with NVDA having the benefit of being free. This can be downloaded for Windows from www.nvaccessorg. The user manual will provide some guidance on navigating tables but it is quite a complicated screen reader when trying to navigate for the first time. My recommendation would be to start with Narrator with the latest Windows 10 updates, then switch to NVDA as more specific testing with tables is required.”",
        "user": "UR1VBKHD1",
        "ts": "1586170115.022900",
        "team": "TKFJE6LDR",
        "user_team": "TKFJE6LDR",
        "source_team": "TKFJE6LDR",
        "user_profile": {
            "avatar_hash": "g1d6ae089679",
            "image_72": "https:\/\/secure.gravatar.com\/avatar\/1d6ae08967983f1973436beba61255d9.jpg?s=72&d=https%3A%2F%2Fa.slack-edge.com%2Fdf10d%2Fimg%2Favatars%2Fava_0026-72.png",
            "first_name": "David",
            "real_name": "David Parker",
            "display_name": "DeafDave",
            "team": "TKFJE6LDR",
            "name": "deafdave",
            "is_restricted": false,
            "is_ultra_restricted": false
        },
        "blocks": [
            {
                "type": "rich_text",
                "block_id": "UNu",
                "elements": [
                    {
                        "type": "rich_text_section",
                        "elements": [
                            {
                                "type": "text",
                                "text": "As promised "
                            },
                            {
                                "type": "user",
                                "user_id": "UKVC4NB71"
                            },
                            {
                                "type": "text",
                                "text": ", Dr Hollier replied just now. “Yes tables without headings are a major accessibility issue. In terms of testing with a screen reader that provides a good tutorial, recent updated to Windows 10 have significantly improved the built-in Narrator screen reader. If your Windows 10 is up-to-date with the latest build, running Narrator (Windows key + Ctrl + Enter) will launch you into a useful tutorial.\n"
                            },
                            {
                                "type": "text",
                                "text": " \nWhile Narrator is a good starting point, better screen readers include JAWS and NVDA with NVDA having the benefit of being free. This can be downloaded for Windows from www.nvaccessorg. The user manual will provide some guidance on navigating tables but it is quite a complicated screen reader when trying to navigate for the first time. My recommendation would be to start with Narrator with the latest Windows 10 updates, then switch to NVDA as more specific testing with tables is required.”"
                            }
                        ]
                    }
                ]
            }
        ],
        "thread_ts": "1586170115.022900",
        "reply_count": 2,
        "reply_users_count": 2,
        "latest_reply": "1586170414.023800",
        "reply_users": [
            "UKVC4NB71",
            "UR1VBKHD1"
        ],
        "replies": [
            {
                "user": "UKVC4NB71",
                "ts": "1586170365.023400"
            },
            {
                "user": "UR1VBKHD1",
                "ts": "1586170414.023800"
            }
        ],
        "subscribed": false,
        "reactions": [
            {
                "name": "raised_hands",
                "users": [
                    "UKVC4NB71"
                ],
                "count": 1
            }
        ]
    },
    {
        "client_msg_id": "18766796-696c-4c8f-ae14-1bc6e90d9203",
        "type": "message",
        "text": "Congratulations Cameron",
        "user": "UTCKDLXJ9",
        "ts": "1586170152.023200",
        "team": "TKFJE6LDR",
        "user_team": "TKFJE6LDR",
        "source_team": "TKFJE6LDR",
        "user_profile": {
            "avatar_hash": "0be4307e6d1c",
            "image_72": "https:\/\/avatars.slack-edge.com\/2020-05-22\/1152413971041_0be4307e6d1c12a4752f_72.jpg",
            "first_name": "",
            "real_name": "Bolaji Ayodeji",
            "display_name": "Bolaji Ayodeji",
            "team": "TKFJE6LDR",
            "name": "sirbeejay1",
            "is_restricted": false,
            "is_ultra_restricted": false
        },
        "blocks": [
            {
                "type": "rich_text",
                "block_id": "P7Vo",
                "elements": [
                    {
                        "type": "rich_text_section",
                        "elements": [
                            {
                                "type": "text",
                                "text": "Congratulations Cameron"
                            }
                        ]
                    }
                ]
            }
        ],
        "thread_ts": "1584992319.032100",
        "parent_user_id": "UKTGLQNGG"
    },
    {
        "client_msg_id": "86584334-6ccc-4d7c-ab54-6b228683171a",
        "type": "message",
        "text": "Great info there <@UR1VBKHD1> thanks for the info",
        "user": "UKVC4NB71",
        "ts": "1586170365.023400",
        "team": "TKFJE6LDR",
        "user_team": "TKFJE6LDR",
        "source_team": "TKFJE6LDR",
        "user_profile": {
            "avatar_hash": "c7d9788d4436",
            "image_72": "https:\/\/avatars.slack-edge.com\/2019-10-30\/814314609877_c7d9788d4436969613a7_72.jpg",
            "first_name": "Jared",
            "real_name": "Jared Morgan",
            "display_name": "jaredmorgs",
            "team": "TKFJE6LDR",
            "name": "jaredleonmorgan",
            "is_restricted": false,
            "is_ultra_restricted": false
        },
        "blocks": [
            {
                "type": "rich_text",
                "block_id": "WiQ1",
                "elements": [
                    {
                        "type": "rich_text_section",
                        "elements": [
                            {
                                "type": "text",
                                "text": "Great info there "
                            },
                            {
                                "type": "user",
                                "user_id": "UR1VBKHD1"
                            },
                            {
                                "type": "text",
                                "text": " thanks for the info"
                            }
                        ]
                    }
                ]
            }
        ],
        "thread_ts": "1586170115.022900",
        "parent_user_id": "UR1VBKHD1"
    },
    {
        "client_msg_id": "310AE364-505D-4B13-B444-570BA1E931D1",
        "type": "message",
        "text": "Happy to help out! ",
        "user": "UR1VBKHD1",
        "ts": "1586170414.023800",
        "team": "TKFJE6LDR",
        "user_team": "TKFJE6LDR",
        "source_team": "TKFJE6LDR",
        "user_profile": {
            "avatar_hash": "g1d6ae089679",
            "image_72": "https:\/\/secure.gravatar.com\/avatar\/1d6ae08967983f1973436beba61255d9.jpg?s=72&d=https%3A%2F%2Fa.slack-edge.com%2Fdf10d%2Fimg%2Favatars%2Fava_0026-72.png",
            "first_name": "David",
            "real_name": "David Parker",
            "display_name": "DeafDave",
            "team": "TKFJE6LDR",
            "name": "deafdave",
            "is_restricted": false,
            "is_ultra_restricted": false
        },
        "blocks": [
            {
                "type": "rich_text",
                "block_id": "lDUw0",
                "elements": [
                    {
                        "type": "rich_text_section",
                        "elements": [
                            {
                                "type": "text",
                                "text": "Happy to help out! "
                            }
                        ]
                    }
                ]
            }
        ],
        "thread_ts": "1586170115.022900",
        "parent_user_id": "UR1VBKHD1"
    }
]