[
    {
        "client_msg_id": "3163a436-677a-48c7-9b8f-717ac8cc90f4",
        "type": "message",
        "text": "Hi everyone! :wave:\nI sent an introduction email to the mailing list over the weekend, but thought I'd better introduce myself here as well. I've been hanging around open source communities for ages, currently working for SUSE as the documentation team lead on the SUSE Manager product. Super interested in dedicating some time to the project through GSoD, probably on IA stuff, if you'll have me :slightly_smiling_face:\nLooking forward to getting to know you all!",
        "user": "UQ553K7DY",
        "ts": "1591577001.348700",
        "team": "TKFJE6LDR",
        "user_team": "TKFJE6LDR",
        "source_team": "TKFJE6LDR",
        "user_profile": {
            "avatar_hash": "ga3437841d0a",
            "image_72": "https:\/\/secure.gravatar.com\/avatar\/a3437841d0a33dcc31916ae4f94a54c4.jpg?s=72&d=https%3A%2F%2Fa.slack-edge.com%2Fdf10d%2Fimg%2Favatars%2Fava_0020-72.png",
            "first_name": "",
            "real_name": "Loquacity",
            "display_name": "Loquacity",
            "team": "TKFJE6LDR",
            "name": "slack1",
            "is_restricted": false,
            "is_ultra_restricted": false
        },
        "blocks": [
            {
                "type": "rich_text",
                "block_id": "PgY2",
                "elements": [
                    {
                        "type": "rich_text_section",
                        "elements": [
                            {
                                "type": "text",
                                "text": "Hi everyone! "
                            },
                            {
                                "type": "emoji",
                                "name": "wave"
                            },
                            {
                                "type": "text",
                                "text": "\nI sent an introduction email to the mailing list over the weekend, but thought I'd better introduce myself here as well. I've been hanging around open source communities for ages, currently working for SUSE as the documentation team lead on the SUSE Manager product. Super interested in dedicating some time to the project through GSoD, probably on IA stuff, if you'll have me "
                            },
                            {
                                "type": "emoji",
                                "name": "slightly_smiling_face"
                            },
                            {
                                "type": "text",
                                "text": "\nLooking forward to getting to know you all!"
                            }
                        ]
                    }
                ]
            }
        ]
    },
    {
        "client_msg_id": "5563b971-9240-4f80-8449-32b42b5064e8",
        "type": "message",
        "text": "g'day <@UQ553K7DY> and welcome to TGD.",
        "user": "UKVC4NB71",
        "ts": "1591578202.349300",
        "team": "TKFJE6LDR",
        "user_team": "TKFJE6LDR",
        "source_team": "TKFJE6LDR",
        "user_profile": {
            "avatar_hash": "c7d9788d4436",
            "image_72": "https:\/\/avatars.slack-edge.com\/2019-10-30\/814314609877_c7d9788d4436969613a7_72.jpg",
            "first_name": "Jared",
            "real_name": "Jared Morgan",
            "display_name": "jaredmorgs",
            "team": "TKFJE6LDR",
            "name": "jaredleonmorgan",
            "is_restricted": false,
            "is_ultra_restricted": false
        },
        "blocks": [
            {
                "type": "rich_text",
                "block_id": "4Fw\/8",
                "elements": [
                    {
                        "type": "rich_text_section",
                        "elements": [
                            {
                                "type": "text",
                                "text": "g'day "
                            },
                            {
                                "type": "user",
                                "user_id": "UQ553K7DY"
                            },
                            {
                                "type": "text",
                                "text": " and welcome to TGD."
                            }
                        ]
                    }
                ]
            }
        ]
    },
    {
        "client_msg_id": "0e5dd21f-27f1-43a8-96df-b2e3a0ce1c01",
        "type": "message",
        "text": "Let <@UKTGLQNGG> and I know if you have any questions, or if the links you've already seen leave any questions unanswered.",
        "user": "UKVC4NB71",
        "ts": "1591578243.350000",
        "team": "TKFJE6LDR",
        "user_team": "TKFJE6LDR",
        "source_team": "TKFJE6LDR",
        "user_profile": {
            "avatar_hash": "c7d9788d4436",
            "image_72": "https:\/\/avatars.slack-edge.com\/2019-10-30\/814314609877_c7d9788d4436969613a7_72.jpg",
            "first_name": "Jared",
            "real_name": "Jared Morgan",
            "display_name": "jaredmorgs",
            "team": "TKFJE6LDR",
            "name": "jaredleonmorgan",
            "is_restricted": false,
            "is_ultra_restricted": false
        },
        "blocks": [
            {
                "type": "rich_text",
                "block_id": "4vE",
                "elements": [
                    {
                        "type": "rich_text_section",
                        "elements": [
                            {
                                "type": "text",
                                "text": "Let "
                            },
                            {
                                "type": "user",
                                "user_id": "UKTGLQNGG"
                            },
                            {
                                "type": "text",
                                "text": " and I know if you have any questions, or if the links you've already seen leave any questions unanswered."
                            }
                        ]
                    }
                ]
            }
        ]
    },
    {
        "client_msg_id": "61d1e2a0-bda0-4cac-b5b5-4c6892982c17",
        "type": "message",
        "text": "thanks Jared!",
        "user": "UQ553K7DY",
        "ts": "1591578424.350200",
        "team": "TKFJE6LDR",
        "user_team": "TKFJE6LDR",
        "source_team": "TKFJE6LDR",
        "user_profile": {
            "avatar_hash": "ga3437841d0a",
            "image_72": "https:\/\/secure.gravatar.com\/avatar\/a3437841d0a33dcc31916ae4f94a54c4.jpg?s=72&d=https%3A%2F%2Fa.slack-edge.com%2Fdf10d%2Fimg%2Favatars%2Fava_0020-72.png",
            "first_name": "",
            "real_name": "Loquacity",
            "display_name": "Loquacity",
            "team": "TKFJE6LDR",
            "name": "slack1",
            "is_restricted": false,
            "is_ultra_restricted": false
        },
        "blocks": [
            {
                "type": "rich_text",
                "block_id": "bbk8",
                "elements": [
                    {
                        "type": "rich_text_section",
                        "elements": [
                            {
                                "type": "text",
                                "text": "thanks Jared!"
                            }
                        ]
                    }
                ]
            }
        ]
    },
    {
        "client_msg_id": "CA8E1DD6-A80C-4A14-84E1-1BC6C1EEFC17",
        "type": "message",
        "text": "Hi <@UQ553K7DY> :wave::skin-tone-3: Great to have you here. ",
        "user": "UKV4ZPEFQ",
        "ts": "1591583388.350800",
        "team": "TKFJE6LDR",
        "user_team": "TKFJE6LDR",
        "source_team": "TKFJE6LDR",
        "user_profile": {
            "avatar_hash": "g854c628ef64",
            "image_72": "https:\/\/secure.gravatar.com\/avatar\/6854c628ef64a4c129a994522e17cdf2.jpg?s=72&d=https%3A%2F%2Fa.slack-edge.com%2Fdf10d%2Fimg%2Favatars%2Fava_0007-72.png",
            "first_name": "felicitybrand",
            "real_name": "felicitybrand",
            "display_name": "flicstar",
            "team": "TKFJE6LDR",
            "name": "felicitybrand",
            "is_restricted": false,
            "is_ultra_restricted": false
        },
        "blocks": [
            {
                "type": "rich_text",
                "block_id": "SAIzf",
                "elements": [
                    {
                        "type": "rich_text_section",
                        "elements": [
                            {
                                "type": "text",
                                "text": "Hi "
                            },
                            {
                                "type": "user",
                                "user_id": "UQ553K7DY"
                            },
                            {
                                "type": "text",
                                "text": " "
                            },
                            {
                                "type": "emoji",
                                "name": "wave",
                                "skin_tone": 3
                            },
                            {
                                "type": "text",
                                "text": " Great to have you here. "
                            }
                        ]
                    }
                ]
            }
        ],
        "reactions": [
            {
                "name": "wave",
                "users": [
                    "UQ553K7DY"
                ],
                "count": 1
            }
        ]
    },
    {
        "client_msg_id": "ad0e57df-e634-4385-8332-68807a7cee16",
        "type": "message",
        "text": "<@UKVC4NB71> <@UKV4ZPEFQ> <@UKV4ZPEFQ> Would you be up for up an Australian friendly meeting slot this week? Maybe 8:30pm Wednesday (Eastern Australian Time)?",
        "user": "UKTGLQNGG",
        "ts": "1591587182.353700",
        "team": "TKFJE6LDR",
        "user_team": "TKFJE6LDR",
        "source_team": "TKFJE6LDR",
        "user_profile": {
            "avatar_hash": "ge03fcb118b0",
            "image_72": "https:\/\/secure.gravatar.com\/avatar\/9e03fcb118b0853a3fedfdee2367779d.jpg?s=72&d=https%3A%2F%2Fa.slack-edge.com%2Fdf10d%2Fimg%2Favatars%2Fava_0021-72.png",
            "first_name": "Cameron",
            "real_name": "Cameron Shorter",
            "display_name": "cameronshorter",
            "team": "TKFJE6LDR",
            "name": "cameron.shorter",
            "is_restricted": false,
            "is_ultra_restricted": false
        },
        "blocks": [
            {
                "type": "rich_text",
                "block_id": "tJp9L",
                "elements": [
                    {
                        "type": "rich_text_section",
                        "elements": [
                            {
                                "type": "user",
                                "user_id": "UKVC4NB71"
                            },
                            {
                                "type": "text",
                                "text": " "
                            },
                            {
                                "type": "user",
                                "user_id": "UKV4ZPEFQ"
                            },
                            {
                                "type": "text",
                                "text": " "
                            },
                            {
                                "type": "user",
                                "user_id": "UKV4ZPEFQ"
                            },
                            {
                                "type": "text",
                                "text": " Would you be up for up an Australian friendly meeting slot this week? Maybe 8:30pm Wednesday (Eastern Australian Time)?"
                            }
                        ]
                    }
                ]
            }
        ],
        "thread_ts": "1591587182.353700",
        "reply_count": 5,
        "reply_users_count": 2,
        "latest_reply": "1591595223.355200",
        "reply_users": [
            "UKTGLQNGG",
            "UQ553K7DY"
        ],
        "replies": [
            {
                "user": "UKTGLQNGG",
                "ts": "1591594441.354400"
            },
            {
                "user": "UQ553K7DY",
                "ts": "1591594909.354600"
            },
            {
                "user": "UQ553K7DY",
                "ts": "1591594947.354800"
            },
            {
                "user": "UKTGLQNGG",
                "ts": "1591594960.355000"
            },
            {
                "user": "UQ553K7DY",
                "ts": "1591595223.355200"
            }
        ],
        "subscribed": true,
        "last_read": "1591595246.685461"
    },
    {
        "client_msg_id": "2838a637-92f3-468d-9b01-0592fbe1a8dc",
        "type": "message",
        "text": "That should work for me <@UKTGLQNGG>",
        "user": "UKVC4NB71",
        "ts": "1591587371.354000",
        "team": "TKFJE6LDR",
        "user_team": "TKFJE6LDR",
        "source_team": "TKFJE6LDR",
        "user_profile": {
            "avatar_hash": "c7d9788d4436",
            "image_72": "https:\/\/avatars.slack-edge.com\/2019-10-30\/814314609877_c7d9788d4436969613a7_72.jpg",
            "first_name": "Jared",
            "real_name": "Jared Morgan",
            "display_name": "jaredmorgs",
            "team": "TKFJE6LDR",
            "name": "jaredleonmorgan",
            "is_restricted": false,
            "is_ultra_restricted": false
        },
        "blocks": [
            {
                "type": "rich_text",
                "block_id": "tfmI",
                "elements": [
                    {
                        "type": "rich_text_section",
                        "elements": [
                            {
                                "type": "text",
                                "text": "That should work for me "
                            },
                            {
                                "type": "user",
                                "user_id": "UKTGLQNGG"
                            }
                        ]
                    }
                ]
            }
        ]
    },
    {
        "client_msg_id": "8dbf6043-fdd8-4d73-a2e0-eb9e725d83b4",
        "type": "message",
        "text": "Yes that should work for me too <@UKTGLQNGG>",
        "user": "UKV4ZPEFQ",
        "ts": "1591590496.354300",
        "team": "TKFJE6LDR",
        "user_team": "TKFJE6LDR",
        "source_team": "TKFJE6LDR",
        "user_profile": {
            "avatar_hash": "g854c628ef64",
            "image_72": "https:\/\/secure.gravatar.com\/avatar\/6854c628ef64a4c129a994522e17cdf2.jpg?s=72&d=https%3A%2F%2Fa.slack-edge.com%2Fdf10d%2Fimg%2Favatars%2Fava_0007-72.png",
            "first_name": "felicitybrand",
            "real_name": "felicitybrand",
            "display_name": "flicstar",
            "team": "TKFJE6LDR",
            "name": "felicitybrand",
            "is_restricted": false,
            "is_ultra_restricted": false
        },
        "blocks": [
            {
                "type": "rich_text",
                "block_id": "fwfo",
                "elements": [
                    {
                        "type": "rich_text_section",
                        "elements": [
                            {
                                "type": "text",
                                "text": "Yes that should work for me too "
                            },
                            {
                                "type": "user",
                                "user_id": "UKTGLQNGG"
                            }
                        ]
                    }
                ]
            }
        ]
    },
    {
        "client_msg_id": "42327ad9-0a01-461a-a1cc-15eefd6635f1",
        "type": "message",
        "text": "<@UKVC4NB71> <@UKV4ZPEFQ> <@UQ553K7DY>, Lana is apparently working on German time, which takes out her evenings. (I'm busiest in the morning talking doing meetings with the US). What is everyone's availability in the afternoon? Maybe 4pm or 5pm?",
        "user": "UKTGLQNGG",
        "ts": "1591594441.354400",
        "team": "TKFJE6LDR",
        "user_team": "TKFJE6LDR",
        "source_team": "TKFJE6LDR",
        "user_profile": {
            "avatar_hash": "ge03fcb118b0",
            "image_72": "https:\/\/secure.gravatar.com\/avatar\/9e03fcb118b0853a3fedfdee2367779d.jpg?s=72&d=https%3A%2F%2Fa.slack-edge.com%2Fdf10d%2Fimg%2Favatars%2Fava_0021-72.png",
            "first_name": "Cameron",
            "real_name": "Cameron Shorter",
            "display_name": "cameronshorter",
            "team": "TKFJE6LDR",
            "name": "cameron.shorter",
            "is_restricted": false,
            "is_ultra_restricted": false
        },
        "blocks": [
            {
                "type": "rich_text",
                "block_id": "EzPL",
                "elements": [
                    {
                        "type": "rich_text_section",
                        "elements": [
                            {
                                "type": "user",
                                "user_id": "UKVC4NB71"
                            },
                            {
                                "type": "text",
                                "text": " "
                            },
                            {
                                "type": "user",
                                "user_id": "UKV4ZPEFQ"
                            },
                            {
                                "type": "text",
                                "text": " "
                            },
                            {
                                "type": "user",
                                "user_id": "UQ553K7DY"
                            },
                            {
                                "type": "text",
                                "text": ", Lana is apparently working on German time, which takes out her evenings. (I'm busiest in the morning talking doing meetings with the US). What is everyone's availability in the afternoon? Maybe 4pm or 5pm?"
                            }
                        ]
                    }
                ]
            }
        ],
        "thread_ts": "1591587182.353700",
        "parent_user_id": "UKTGLQNGG"
    },
    {
        "client_msg_id": "80ec96fc-2c7a-497a-9fbd-f81a850ce56f",
        "type": "message",
        "text": "I can do 8:30 on a wednesday",
        "user": "UQ553K7DY",
        "ts": "1591594909.354600",
        "team": "TKFJE6LDR",
        "user_team": "TKFJE6LDR",
        "source_team": "TKFJE6LDR",
        "user_profile": {
            "avatar_hash": "ga3437841d0a",
            "image_72": "https:\/\/secure.gravatar.com\/avatar\/a3437841d0a33dcc31916ae4f94a54c4.jpg?s=72&d=https%3A%2F%2Fa.slack-edge.com%2Fdf10d%2Fimg%2Favatars%2Fava_0020-72.png",
            "first_name": "",
            "real_name": "Loquacity",
            "display_name": "Loquacity",
            "team": "TKFJE6LDR",
            "name": "slack1",
            "is_restricted": false,
            "is_ultra_restricted": false
        },
        "blocks": [
            {
                "type": "rich_text",
                "block_id": "BUF",
                "elements": [
                    {
                        "type": "rich_text_section",
                        "elements": [
                            {
                                "type": "text",
                                "text": "I can do 8:30 on a wednesday"
                            }
                        ]
                    }
                ]
            }
        ],
        "thread_ts": "1591587182.353700",
        "parent_user_id": "UKTGLQNGG"
    },
    {
        "client_msg_id": "49c3d7ab-a814-4c4c-9b7d-d05798302635",
        "type": "message",
        "text": "i have a daily standup between 7-7:30, and later meetings on tuesdays &amp; thursdays, but wed is usually pretty free",
        "user": "UQ553K7DY",
        "ts": "1591594947.354800",
        "team": "TKFJE6LDR",
        "user_team": "TKFJE6LDR",
        "source_team": "TKFJE6LDR",
        "user_profile": {
            "avatar_hash": "ga3437841d0a",
            "image_72": "https:\/\/secure.gravatar.com\/avatar\/a3437841d0a33dcc31916ae4f94a54c4.jpg?s=72&d=https%3A%2F%2Fa.slack-edge.com%2Fdf10d%2Fimg%2Favatars%2Fava_0020-72.png",
            "first_name": "",
            "real_name": "Loquacity",
            "display_name": "Loquacity",
            "team": "TKFJE6LDR",
            "name": "slack1",
            "is_restricted": false,
            "is_ultra_restricted": false
        },
        "blocks": [
            {
                "type": "rich_text",
                "block_id": "8IZ",
                "elements": [
                    {
                        "type": "rich_text_section",
                        "elements": [
                            {
                                "type": "text",
                                "text": "i have a daily standup between 7-7:30, and later meetings on tuesdays & thursdays, but wed is usually pretty free"
                            }
                        ]
                    }
                ]
            }
        ],
        "thread_ts": "1591587182.353700",
        "parent_user_id": "UKTGLQNGG"
    },
    {
        "client_msg_id": "15b96a3a-f9eb-4ef8-8e93-0ab679c510b7",
        "type": "message",
        "text": "Ok great, I'll send out a meeting invitation.",
        "user": "UKTGLQNGG",
        "ts": "1591594960.355000",
        "team": "TKFJE6LDR",
        "user_team": "TKFJE6LDR",
        "source_team": "TKFJE6LDR",
        "user_profile": {
            "avatar_hash": "ge03fcb118b0",
            "image_72": "https:\/\/secure.gravatar.com\/avatar\/9e03fcb118b0853a3fedfdee2367779d.jpg?s=72&d=https%3A%2F%2Fa.slack-edge.com%2Fdf10d%2Fimg%2Favatars%2Fava_0021-72.png",
            "first_name": "Cameron",
            "real_name": "Cameron Shorter",
            "display_name": "cameronshorter",
            "team": "TKFJE6LDR",
            "name": "cameron.shorter",
            "is_restricted": false,
            "is_ultra_restricted": false
        },
        "blocks": [
            {
                "type": "rich_text",
                "block_id": "UdWI",
                "elements": [
                    {
                        "type": "rich_text_section",
                        "elements": [
                            {
                                "type": "text",
                                "text": "Ok great, I'll send out a meeting invitation."
                            }
                        ]
                    }
                ]
            }
        ],
        "thread_ts": "1591587182.353700",
        "parent_user_id": "UKTGLQNGG"
    },
    {
        "client_msg_id": "f774c5b2-31cd-4899-8f2d-f50eb2513c30",
        "type": "message",
        "text": ":+1:",
        "user": "UQ553K7DY",
        "ts": "1591595223.355200",
        "team": "TKFJE6LDR",
        "user_team": "TKFJE6LDR",
        "source_team": "TKFJE6LDR",
        "user_profile": {
            "avatar_hash": "ga3437841d0a",
            "image_72": "https:\/\/secure.gravatar.com\/avatar\/a3437841d0a33dcc31916ae4f94a54c4.jpg?s=72&d=https%3A%2F%2Fa.slack-edge.com%2Fdf10d%2Fimg%2Favatars%2Fava_0020-72.png",
            "first_name": "",
            "real_name": "Loquacity",
            "display_name": "Loquacity",
            "team": "TKFJE6LDR",
            "name": "slack1",
            "is_restricted": false,
            "is_ultra_restricted": false
        },
        "blocks": [
            {
                "type": "rich_text",
                "block_id": "YWxGb",
                "elements": [
                    {
                        "type": "rich_text_section",
                        "elements": [
                            {
                                "type": "emoji",
                                "name": "+1"
                            }
                        ]
                    }
                ]
            }
        ],
        "thread_ts": "1591587182.353700",
        "parent_user_id": "UKTGLQNGG"
    },
    {
        "client_msg_id": "7a8380f5-0334-4b3f-a0ee-c2bb78cf3a34",
        "type": "message",
        "text": "<@U011GCVJFQF> It would be great if you could drop in on this meeting too, I see synergies between ideas both of you are suggesting.",
        "user": "UKTGLQNGG",
        "ts": "1591595443.358100",
        "team": "TKFJE6LDR",
        "user_team": "TKFJE6LDR",
        "source_team": "TKFJE6LDR",
        "user_profile": {
            "avatar_hash": "ge03fcb118b0",
            "image_72": "https:\/\/secure.gravatar.com\/avatar\/9e03fcb118b0853a3fedfdee2367779d.jpg?s=72&d=https%3A%2F%2Fa.slack-edge.com%2Fdf10d%2Fimg%2Favatars%2Fava_0021-72.png",
            "first_name": "Cameron",
            "real_name": "Cameron Shorter",
            "display_name": "cameronshorter",
            "team": "TKFJE6LDR",
            "name": "cameron.shorter",
            "is_restricted": false,
            "is_ultra_restricted": false
        },
        "blocks": [
            {
                "type": "rich_text",
                "block_id": "jInB",
                "elements": [
                    {
                        "type": "rich_text_section",
                        "elements": [
                            {
                                "type": "user",
                                "user_id": "U011GCVJFQF"
                            },
                            {
                                "type": "text",
                                "text": " It would be great if you could drop in on this meeting too, I see synergies between ideas both of you are suggesting."
                            }
                        ]
                    }
                ]
            }
        ]
    }
]