[
    {
        "client_msg_id": "d3d1f4d3-066b-4418-8bc8-24f3dfba9c68",
        "type": "message",
        "text": "Our weekly meeting is in 1 hour. Proposed agenda: Meeting will be on Google Hangouts, and have our slack channel <#CQT6T04CW|general> channel open too. <https:\/\/app.slack.com\/client\/TKFJE6LDR\/CQT6T04CW|https:\/\/app.slack.com\/client\/TKFJE6LDR\/CQT6T04CW>\n\nProposed agenda:\n* A good docs checklist, as being looked into by Daniel\n* Itemising work items so they can go into our SeasonOfDocs page. <https:\/\/github.com\/thegooddocsproject\/templates\/wiki\/Season-of-Docs-Ideas-2020|https:\/\/github.com\/thegooddocsproject\/templates\/wiki\/Season-of-Docs-Ideas-2020>\n* Putting in our organisation's SeasonOfDocs application. (Due next week)\n* Open Collective and sponsorship as suggested by Erin.\n* Introductions to new faces, and potential new tasks. (Hi Alyssa and Max)",
        "user": "UKTGLQNGG",
        "ts": "1588190228.163100",
        "team": "TKFJE6LDR",
        "user_team": "TKFJE6LDR",
        "source_team": "TKFJE6LDR",
        "user_profile": {
            "avatar_hash": "ge03fcb118b0",
            "image_72": "https:\/\/secure.gravatar.com\/avatar\/9e03fcb118b0853a3fedfdee2367779d.jpg?s=72&d=https%3A%2F%2Fa.slack-edge.com%2Fdf10d%2Fimg%2Favatars%2Fava_0021-72.png",
            "first_name": "Cameron",
            "real_name": "Cameron Shorter",
            "display_name": "cameronshorter",
            "team": "TKFJE6LDR",
            "name": "cameron.shorter",
            "is_restricted": false,
            "is_ultra_restricted": false
        },
        "blocks": [
            {
                "type": "rich_text",
                "block_id": "rsPdQ",
                "elements": [
                    {
                        "type": "rich_text_section",
                        "elements": [
                            {
                                "type": "text",
                                "text": "Our weekly meeting is in 1 hour. Proposed agenda: Meeting will be on Google Hangouts, and have our slack channel "
                            },
                            {
                                "type": "channel",
                                "channel_id": "CQT6T04CW"
                            },
                            {
                                "type": "text",
                                "text": " channel open too. "
                            },
                            {
                                "type": "link",
                                "url": "https:\/\/app.slack.com\/client\/TKFJE6LDR\/CQT6T04CW",
                                "text": "https:\/\/app.slack.com\/client\/TKFJE6LDR\/CQT6T04CW"
                            },
                            {
                                "type": "text",
                                "text": "\n\nProposed agenda:\n* A good docs checklist, as being looked into by Daniel\n* Itemising work items so they can go into our SeasonOfDocs page. "
                            },
                            {
                                "type": "link",
                                "url": "https:\/\/github.com\/thegooddocsproject\/templates\/wiki\/Season-of-Docs-Ideas-2020",
                                "text": "https:\/\/github.com\/thegooddocsproject\/templates\/wiki\/Season-of-Docs-Ideas-2020"
                            },
                            {
                                "type": "text",
                                "text": "\n* Putting in our organisation's SeasonOfDocs application. (Due next week)\n* Open Collective and sponsorship as suggested by Erin.\n* Introductions to new faces, and potential new tasks. (Hi Alyssa and Max)"
                            }
                        ]
                    }
                ]
            }
        ]
    },
    {
        "client_msg_id": "41804e3b-3e85-425f-9a78-1b011613f5cf",
        "type": "message",
        "text": "All welcome. If you haven't got a meeting invite, then please send me your google id and I will add you to the meeting invite. <@U012J5AMMEY> - I don't think I have your id.",
        "user": "UKTGLQNGG",
        "ts": "1588190343.165900",
        "team": "TKFJE6LDR",
        "user_team": "TKFJE6LDR",
        "source_team": "TKFJE6LDR",
        "user_profile": {
            "avatar_hash": "ge03fcb118b0",
            "image_72": "https:\/\/secure.gravatar.com\/avatar\/9e03fcb118b0853a3fedfdee2367779d.jpg?s=72&d=https%3A%2F%2Fa.slack-edge.com%2Fdf10d%2Fimg%2Favatars%2Fava_0021-72.png",
            "first_name": "Cameron",
            "real_name": "Cameron Shorter",
            "display_name": "cameronshorter",
            "team": "TKFJE6LDR",
            "name": "cameron.shorter",
            "is_restricted": false,
            "is_ultra_restricted": false
        },
        "blocks": [
            {
                "type": "rich_text",
                "block_id": "2lGd\/",
                "elements": [
                    {
                        "type": "rich_text_section",
                        "elements": [
                            {
                                "type": "text",
                                "text": "All welcome. If you haven't got a meeting invite, then please send me your google id and I will add you to the meeting invite. "
                            },
                            {
                                "type": "user",
                                "user_id": "U012J5AMMEY"
                            },
                            {
                                "type": "text",
                                "text": " - I don't think I have your id."
                            }
                        ]
                    }
                ]
            }
        ]
    },
    {
        "client_msg_id": "A5230713-54FA-4462-8D60-E38D496270DA",
        "type": "message",
        "text": "I’m sorry, I won’t be able to attend. Hubby is back working so I am sole parent at this time on this day now. ",
        "user": "UKV4ZPEFQ",
        "ts": "1588193200.167500",
        "team": "TKFJE6LDR",
        "user_team": "TKFJE6LDR",
        "source_team": "TKFJE6LDR",
        "user_profile": {
            "avatar_hash": "g854c628ef64",
            "image_72": "https:\/\/secure.gravatar.com\/avatar\/6854c628ef64a4c129a994522e17cdf2.jpg?s=72&d=https%3A%2F%2Fa.slack-edge.com%2Fdf10d%2Fimg%2Favatars%2Fava_0007-72.png",
            "first_name": "felicitybrand",
            "real_name": "felicitybrand",
            "display_name": "flicstar",
            "team": "TKFJE6LDR",
            "name": "felicitybrand",
            "is_restricted": false,
            "is_ultra_restricted": false
        },
        "blocks": [
            {
                "type": "rich_text",
                "block_id": "3Dw",
                "elements": [
                    {
                        "type": "rich_text_section",
                        "elements": [
                            {
                                "type": "text",
                                "text": "I’m sorry, I won’t be able to attend. Hubby is back working so I am sole parent at this time on this day now. "
                            }
                        ]
                    }
                ]
            }
        ]
    },
    {
        "client_msg_id": "9f836ec7-9fe6-4a92-82c2-c0f6ea06bb3a",
        "type": "message",
        "text": "oh no <@UKV4ZPEFQ>, we'll miss you. Would you be free for a brief checkin this evening? <@UKVC4NB71> is in a similar situation and might be up for an evening checkin too. Maybe 8pm Eastern Australian Time? (in 13 hours)",
        "user": "UKTGLQNGG",
        "ts": "1588193489.171100",
        "team": "TKFJE6LDR",
        "user_team": "TKFJE6LDR",
        "source_team": "TKFJE6LDR",
        "user_profile": {
            "avatar_hash": "ge03fcb118b0",
            "image_72": "https:\/\/secure.gravatar.com\/avatar\/9e03fcb118b0853a3fedfdee2367779d.jpg?s=72&d=https%3A%2F%2Fa.slack-edge.com%2Fdf10d%2Fimg%2Favatars%2Fava_0021-72.png",
            "first_name": "Cameron",
            "real_name": "Cameron Shorter",
            "display_name": "cameronshorter",
            "team": "TKFJE6LDR",
            "name": "cameron.shorter",
            "is_restricted": false,
            "is_ultra_restricted": false
        },
        "blocks": [
            {
                "type": "rich_text",
                "block_id": "I961",
                "elements": [
                    {
                        "type": "rich_text_section",
                        "elements": [
                            {
                                "type": "text",
                                "text": "oh no "
                            },
                            {
                                "type": "user",
                                "user_id": "UKV4ZPEFQ"
                            },
                            {
                                "type": "text",
                                "text": ", we'll miss you. Would you be free for a brief checkin this evening? "
                            },
                            {
                                "type": "user",
                                "user_id": "UKVC4NB71"
                            },
                            {
                                "type": "text",
                                "text": " is in a similar situation and might be up for an evening checkin too. Maybe 8pm Eastern Australian Time? (in 13 hours)"
                            }
                        ]
                    }
                ]
            }
        ]
    },
    {
        "client_msg_id": "1684f2b3-09ec-4466-8578-e00736307a60",
        "type": "message",
        "text": "meeting started.",
        "user": "UKTGLQNGG",
        "ts": "1588194138.171300",
        "team": "TKFJE6LDR",
        "user_team": "TKFJE6LDR",
        "source_team": "TKFJE6LDR",
        "user_profile": {
            "avatar_hash": "ge03fcb118b0",
            "image_72": "https:\/\/secure.gravatar.com\/avatar\/9e03fcb118b0853a3fedfdee2367779d.jpg?s=72&d=https%3A%2F%2Fa.slack-edge.com%2Fdf10d%2Fimg%2Favatars%2Fava_0021-72.png",
            "first_name": "Cameron",
            "real_name": "Cameron Shorter",
            "display_name": "cameronshorter",
            "team": "TKFJE6LDR",
            "name": "cameron.shorter",
            "is_restricted": false,
            "is_ultra_restricted": false
        },
        "blocks": [
            {
                "type": "rich_text",
                "block_id": "Q6u",
                "elements": [
                    {
                        "type": "rich_text_section",
                        "elements": [
                            {
                                "type": "text",
                                "text": "meeting started."
                            }
                        ]
                    }
                ]
            }
        ]
    },
    {
        "client_msg_id": "fec49fb8-e8f0-49fe-9628-3792cded3761",
        "type": "message",
        "text": "<@U011GCVJFQF> a filled in Season of Docs <https:\/\/wiki.osgeo.org\/wiki\/Season_of_Docs_Ideas_2019|https:\/\/wiki.osgeo.org\/wiki\/Season_of_Docs_Ideas_2019> (probably too extensive)",
        "user": "UKTGLQNGG",
        "ts": "1588195105.172400",
        "team": "TKFJE6LDR",
        "user_team": "TKFJE6LDR",
        "source_team": "TKFJE6LDR",
        "user_profile": {
            "avatar_hash": "ge03fcb118b0",
            "image_72": "https:\/\/secure.gravatar.com\/avatar\/9e03fcb118b0853a3fedfdee2367779d.jpg?s=72&d=https%3A%2F%2Fa.slack-edge.com%2Fdf10d%2Fimg%2Favatars%2Fava_0021-72.png",
            "first_name": "Cameron",
            "real_name": "Cameron Shorter",
            "display_name": "cameronshorter",
            "team": "TKFJE6LDR",
            "name": "cameron.shorter",
            "is_restricted": false,
            "is_ultra_restricted": false
        },
        "blocks": [
            {
                "type": "rich_text",
                "block_id": "yLyPR",
                "elements": [
                    {
                        "type": "rich_text_section",
                        "elements": [
                            {
                                "type": "user",
                                "user_id": "U011GCVJFQF"
                            },
                            {
                                "type": "text",
                                "text": " a filled in Season of Docs "
                            },
                            {
                                "type": "link",
                                "url": "https:\/\/wiki.osgeo.org\/wiki\/Season_of_Docs_Ideas_2019",
                                "text": "https:\/\/wiki.osgeo.org\/wiki\/Season_of_Docs_Ideas_2019"
                            },
                            {
                                "type": "text",
                                "text": " (probably too extensive)"
                            }
                        ]
                    }
                ]
            }
        ]
    },
    {
        "client_msg_id": "4f94f34b-c7c9-45a9-b8be-8246423f3eb5",
        "type": "message",
        "text": "<http:\/\/atulgawande.com\/book\/the-checklist-manifesto\/>",
        "user": "UL2AA1FF1",
        "ts": "1588195674.172600",
        "team": "TKFJE6LDR",
        "user_team": "TKFJE6LDR",
        "source_team": "TKFJE6LDR",
        "user_profile": {
            "avatar_hash": "22135067b36d",
            "image_72": "https:\/\/avatars.slack-edge.com\/2019-10-23\/805254797908_22135067b36dfb715e99_72.jpg",
            "first_name": "",
            "real_name": "Erin McKean",
            "display_name": "Erin McKean",
            "team": "TKFJE6LDR",
            "name": "emckean",
            "is_restricted": false,
            "is_ultra_restricted": false
        },
        "attachments": [
            {
                "service_name": "Atul Gawande",
                "title": "The Checklist Manifesto",
                "title_link": "http:\/\/atulgawande.com\/book\/the-checklist-manifesto\/",
                "text": "Atul Gawande, MD, MPH, is a surgeon, writer, and public health researcher. He practices general and endocrine surgery at Brigham and Women’s Hospital and is professor in both the Department of Health Policy and Management at the Harvard School of Public Health and the Department of Surgery at Harvard Medical School. He is Executive Director of Ariadne Labs, a joint center for health systems innovation, and Chairman of Lifebox, a nonprofit organization making surgery safer globally.",
                "fallback": "Atul Gawande: The Checklist Manifesto",
                "from_url": "http:\/\/atulgawande.com\/book\/the-checklist-manifesto\/",
                "id": 1,
                "original_url": "http:\/\/atulgawande.com\/book\/the-checklist-manifesto\/"
            }
        ],
        "blocks": [
            {
                "type": "rich_text",
                "block_id": "BrO",
                "elements": [
                    {
                        "type": "rich_text_section",
                        "elements": [
                            {
                                "type": "link",
                                "url": "http:\/\/atulgawande.com\/book\/the-checklist-manifesto\/"
                            }
                        ]
                    }
                ]
            }
        ]
    },
    {
        "client_msg_id": "5af41ee0-56ec-4d09-b28a-06d0bafe9f6d",
        "type": "message",
        "text": "<https:\/\/cloud.google.com\/blog\/products\/gcp\/github-on-bigquery-analyze-all-the-open-source-code>",
        "user": "UL2AA1FF1",
        "ts": "1588195752.173100",
        "team": "TKFJE6LDR",
        "user_team": "TKFJE6LDR",
        "source_team": "TKFJE6LDR",
        "user_profile": {
            "avatar_hash": "22135067b36d",
            "image_72": "https:\/\/avatars.slack-edge.com\/2019-10-23\/805254797908_22135067b36dfb715e99_72.jpg",
            "first_name": "",
            "real_name": "Erin McKean",
            "display_name": "Erin McKean",
            "team": "TKFJE6LDR",
            "name": "emckean",
            "is_restricted": false,
            "is_ultra_restricted": false
        },
        "attachments": [
            {
                "service_name": "Google Cloud Blog",
                "title": "GitHub on BigQuery: Analyze all the open source code",
                "title_link": "https:\/\/cloud.google.com\/blog\/products\/gcp\/github-on-bigquery-analyze-all-the-open-source-code",
                "fallback": "Google Cloud Blog: GitHub on BigQuery: Analyze all the open source code",
                "image_url": "https:\/\/cloud.google.com\/blog\/static\/assets\/GCP_Twitter_Card-2000×1000.png",
                "from_url": "https:\/\/cloud.google.com\/blog\/products\/gcp\/github-on-bigquery-analyze-all-the-open-source-code",
                "image_width": 500,
                "image_height": 250,
                "image_bytes": 199670,
                "service_icon": "https:\/\/cloud.google.com\/blog\/static\/assets\/apple-icon.png",
                "id": 1,
                "original_url": "https:\/\/cloud.google.com\/blog\/products\/gcp\/github-on-bigquery-analyze-all-the-open-source-code"
            }
        ],
        "blocks": [
            {
                "type": "rich_text",
                "block_id": "AApU7",
                "elements": [
                    {
                        "type": "rich_text_section",
                        "elements": [
                            {
                                "type": "link",
                                "url": "https:\/\/cloud.google.com\/blog\/products\/gcp\/github-on-bigquery-analyze-all-the-open-source-code"
                            }
                        ]
                    }
                ]
            }
        ]
    },
    {
        "client_msg_id": "05649be3-4263-49f8-b509-63f3454da88b",
        "type": "message",
        "text": "<https:\/\/www.writethedocs.org\/videos\/na\/2016\/write-the-readable-readme-daniel-beck\/>",
        "user": "UL2AA1FF1",
        "ts": "1588195933.174100",
        "team": "TKFJE6LDR",
        "user_team": "TKFJE6LDR",
        "source_team": "TKFJE6LDR",
        "user_profile": {
            "avatar_hash": "22135067b36d",
            "image_72": "https:\/\/avatars.slack-edge.com\/2019-10-23\/805254797908_22135067b36dfb715e99_72.jpg",
            "first_name": "",
            "real_name": "Erin McKean",
            "display_name": "Erin McKean",
            "team": "TKFJE6LDR",
            "name": "emckean",
            "is_restricted": false,
            "is_ultra_restricted": false
        },
        "blocks": [
            {
                "type": "rich_text",
                "block_id": "70wQe",
                "elements": [
                    {
                        "type": "rich_text_section",
                        "elements": [
                            {
                                "type": "link",
                                "url": "https:\/\/www.writethedocs.org\/videos\/na\/2016\/write-the-readable-readme-daniel-beck\/"
                            }
                        ]
                    }
                ]
            }
        ]
    },
    {
        "client_msg_id": "d93b31b2-acca-43ad-baae-c2a15cde2084",
        "type": "message",
        "text": "<@U012J5AMMEY> you will likely find this a useful read, if you haven't seen it already <https:\/\/documentation.divio.com\/|https:\/\/documentation.divio.com\/>",
        "user": "UKTGLQNGG",
        "ts": "1588196228.175700",
        "team": "TKFJE6LDR",
        "user_team": "TKFJE6LDR",
        "source_team": "TKFJE6LDR",
        "user_profile": {
            "avatar_hash": "ge03fcb118b0",
            "image_72": "https:\/\/secure.gravatar.com\/avatar\/9e03fcb118b0853a3fedfdee2367779d.jpg?s=72&d=https%3A%2F%2Fa.slack-edge.com%2Fdf10d%2Fimg%2Favatars%2Fava_0021-72.png",
            "first_name": "Cameron",
            "real_name": "Cameron Shorter",
            "display_name": "cameronshorter",
            "team": "TKFJE6LDR",
            "name": "cameron.shorter",
            "is_restricted": false,
            "is_ultra_restricted": false
        },
        "blocks": [
            {
                "type": "rich_text",
                "block_id": "ZMKpP",
                "elements": [
                    {
                        "type": "rich_text_section",
                        "elements": [
                            {
                                "type": "user",
                                "user_id": "U012J5AMMEY"
                            },
                            {
                                "type": "text",
                                "text": " you will likely find this a useful read, if you haven't seen it already "
                            },
                            {
                                "type": "link",
                                "url": "https:\/\/documentation.divio.com\/",
                                "text": "https:\/\/documentation.divio.com\/"
                            }
                        ]
                    }
                ]
            }
        ]
    },
    {
        "client_msg_id": "78216268-4481-4d23-a384-9a03cd4d74f7",
        "type": "message",
        "text": "<@U012J5AMMEY> I did a talk on checklists for documentation that was _heavily_ inspired by the Checklist Manifesto <https:\/\/ddbeck.com\/wtdeu2016\/> (there was lots of prior art for checklists in traditional engineering, very little turned up for documentation specifically)",
        "user": "U011GCVJFQF",
        "ts": "1588196268.176400",
        "team": "TKFJE6LDR",
        "user_team": "TKFJE6LDR",
        "source_team": "TKFJE6LDR",
        "user_profile": {
            "avatar_hash": "5859193991fb",
            "image_72": "https:\/\/avatars.slack-edge.com\/2020-04-16\/1066602100115_5859193991fb4bbebcdf_72.png",
            "first_name": "",
            "real_name": "Daniel Beck",
            "display_name": "Daniel Beck",
            "team": "TKFJE6LDR",
            "name": "daniel",
            "is_restricted": false,
            "is_ultra_restricted": false
        },
        "attachments": [
            {
                "service_name": "ddbeck.com",
                "title": "“Checklist the Docs” at Write the Docs Europe 2016",
                "title_link": "https:\/\/ddbeck.com\/wtdeu2016\/",
                "text": "Use checklists in your technical writing process.",
                "fallback": "ddbeck.com: “Checklist the Docs” at Write the Docs Europe 2016",
                "ts": 1474329600,
                "from_url": "https:\/\/ddbeck.com\/wtdeu2016\/",
                "service_icon": "https:\/\/ddbeck.com\/apple-touch-icon.png",
                "id": 1,
                "original_url": "https:\/\/ddbeck.com\/wtdeu2016\/"
            }
        ],
        "blocks": [
            {
                "type": "rich_text",
                "block_id": "=c=Va",
                "elements": [
                    {
                        "type": "rich_text_section",
                        "elements": [
                            {
                                "type": "user",
                                "user_id": "U012J5AMMEY"
                            },
                            {
                                "type": "text",
                                "text": " I did a talk on checklists for documentation that was "
                            },
                            {
                                "type": "text",
                                "text": "heavily ",
                                "style": {
                                    "italic": true
                                }
                            },
                            {
                                "type": "text",
                                "text": "inspired by the Checklist Manifesto "
                            },
                            {
                                "type": "link",
                                "url": "https:\/\/ddbeck.com\/wtdeu2016\/"
                            },
                            {
                                "type": "text",
                                "text": " (there was lots of prior art for checklists in traditional engineering, very little turned up for documentation specifically)"
                            }
                        ]
                    }
                ]
            }
        ],
        "reactions": [
            {
                "name": "+1",
                "users": [
                    "U012J5AMMEY"
                ],
                "count": 1
            }
        ]
    },
    {
        "client_msg_id": "249448f4-838a-4749-aa60-566210dc25bb",
        "type": "message",
        "text": "I added a PR with a few links for non-writers. If you do merge, we should set a limit of 7-10 items in there.\n\nCan we have a wiki page for our links?\nThere seem to be a lot of them and they are all over the place.\nI don't think I have permissions to add or edit wiki pages.",
        "user": "U012J5AMMEY",
        "ts": "1588208648.180900",
        "team": "TKFJE6LDR",
        "user_team": "TKFJE6LDR",
        "source_team": "TKFJE6LDR",
        "user_profile": {
            "avatar_hash": "f0294109ed4a",
            "image_72": "https:\/\/avatars.slack-edge.com\/2020-04-23\/1080225857475_f0294109ed4a12a988f3_72.jpg",
            "first_name": "Max",
            "real_name": "Max Voskob",
            "display_name": "Max Voskob",
            "team": "TKFJE6LDR",
            "name": "max",
            "is_restricted": false,
            "is_ultra_restricted": false
        },
        "blocks": [
            {
                "type": "rich_text",
                "block_id": "zc4",
                "elements": [
                    {
                        "type": "rich_text_section",
                        "elements": [
                            {
                                "type": "text",
                                "text": "I added a PR with a few links for non-writers. If you do merge, we should set a limit of 7-10 items in there.\n\nCan we have a wiki page for our links?\nThere seem to be a lot of them and they are all over the place.\nI don't think I have permissions to add or edit wiki pages."
                            }
                        ]
                    }
                ]
            }
        ],
        "thread_ts": "1588208648.180900",
        "reply_count": 1,
        "reply_users_count": 1,
        "latest_reply": "1588212160.181000",
        "reply_users": [
            "UKV4ZPEFQ"
        ],
        "replies": [
            {
                "user": "UKV4ZPEFQ",
                "ts": "1588212160.181000"
            }
        ],
        "subscribed": true,
        "last_read": "1588212160.181000"
    },
    {
        "client_msg_id": "3754117e-ead8-47b1-b13f-e4162fec1eeb",
        "type": "message",
        "text": "I just sent you an invite on github to hopefully give you permission to the wiki (to rimutaka) - let me know if you don't receive it.",
        "user": "UKV4ZPEFQ",
        "ts": "1588212160.181000",
        "team": "TKFJE6LDR",
        "user_team": "TKFJE6LDR",
        "source_team": "TKFJE6LDR",
        "user_profile": {
            "avatar_hash": "g854c628ef64",
            "image_72": "https:\/\/secure.gravatar.com\/avatar\/6854c628ef64a4c129a994522e17cdf2.jpg?s=72&d=https%3A%2F%2Fa.slack-edge.com%2Fdf10d%2Fimg%2Favatars%2Fava_0007-72.png",
            "first_name": "felicitybrand",
            "real_name": "felicitybrand",
            "display_name": "flicstar",
            "team": "TKFJE6LDR",
            "name": "felicitybrand",
            "is_restricted": false,
            "is_ultra_restricted": false
        },
        "blocks": [
            {
                "type": "rich_text",
                "block_id": "QWK",
                "elements": [
                    {
                        "type": "rich_text_section",
                        "elements": [
                            {
                                "type": "text",
                                "text": "I just sent you an invite on github to hopefully give you permission to the wiki (to rimutaka) - let me know if you don't receive it."
                            }
                        ]
                    }
                ]
            }
        ],
        "thread_ts": "1588208648.180900",
        "parent_user_id": "U012J5AMMEY"
    }
]