[
    {
        "client_msg_id": "5b0cf111-a76b-4684-ae60-7d79464764ea",
        "type": "message",
        "text": "<@UL2AA1FF1>, I won’t be attending the Sustain conference, and don’t know anyone there, but I have a presentation I reckon fits within this community. Not sure if you will have the opportunity to present any of these ideas? <http:\/\/cameronshorter.blogspot.com\/2018\/10\/the-open-business-business-case.html>",
        "user": "UKTGLQNGG",
        "ts": "1579304198.001100",
        "team": "TKFJE6LDR",
        "user_team": "TKFJE6LDR",
        "source_team": "TKFJE6LDR",
        "user_profile": {
            "avatar_hash": "ge03fcb118b0",
            "image_72": "https:\/\/secure.gravatar.com\/avatar\/9e03fcb118b0853a3fedfdee2367779d.jpg?s=72&d=https%3A%2F%2Fa.slack-edge.com%2Fdf10d%2Fimg%2Favatars%2Fava_0021-72.png",
            "first_name": "Cameron",
            "real_name": "Cameron Shorter",
            "display_name": "cameronshorter",
            "team": "TKFJE6LDR",
            "name": "cameron.shorter",
            "is_restricted": false,
            "is_ultra_restricted": false
        },
        "edited": {
            "user": "UKTGLQNGG",
            "ts": "1579304267.000000"
        },
        "attachments": [
            {
                "title": "The Open Business - Business Case",
                "title_link": "http:\/\/cameronshorter.blogspot.com\/2018\/10\/the-open-business-business-case.html",
                "text": "Abstract: Despite many attempts, large companies and governments’ rarely achieve the level of collaboration experienced by Open Source c...",
                "fallback": "The Open Business - Business Case",
                "image_url": "https:\/\/2.bp.blogspot.com\/-cY8N-MbcHr8\/W8BUldBq6jI\/AAAAAAAADYQ\/ft78YMRqLRA6MkXSACMP-y96J9IN013dwCK4BGAYYCw\/w1200-h630-p-k-no-nu\/Slide01.png",
                "from_url": "http:\/\/cameronshorter.blogspot.com\/2018\/10\/the-open-business-business-case.html",
                "image_width": 475,
                "image_height": 250,
                "image_bytes": 44653,
                "service_icon": "http:\/\/cameronshorter.blogspot.com\/favicon.ico",
                "service_name": "cameronshorter.blogspot.com",
                "id": 1,
                "original_url": "http:\/\/cameronshorter.blogspot.com\/2018\/10\/the-open-business-business-case.html"
            }
        ],
        "blocks": [
            {
                "type": "rich_text",
                "block_id": "zFxx",
                "elements": [
                    {
                        "type": "rich_text_section",
                        "elements": [
                            {
                                "type": "user",
                                "user_id": "UL2AA1FF1"
                            },
                            {
                                "type": "text",
                                "text": ", I won’t be attending the Sustain conference, and don’t know anyone there, but I have a presentation I reckon fits within this community. Not sure if you will have the opportunity to present any of these ideas? "
                            },
                            {
                                "type": "link",
                                "url": "http:\/\/cameronshorter.blogspot.com\/2018\/10\/the-open-business-business-case.html"
                            }
                        ]
                    }
                ]
            }
        ]
    }
]