[
    {
        "client_msg_id": "ef3ac746-7bc3-441f-8c1a-121e5016dc53",
        "type": "message",
        "text": "<https:\/\/opensource.com\/article\/20\/3\/documentation>",
        "user": "UKV4ZPEFQ",
        "ts": "1584069596.016200",
        "team": "TKFJE6LDR",
        "user_team": "TKFJE6LDR",
        "source_team": "TKFJE6LDR",
        "user_profile": {
            "avatar_hash": "g854c628ef64",
            "image_72": "https:\/\/secure.gravatar.com\/avatar\/6854c628ef64a4c129a994522e17cdf2.jpg?s=72&d=https%3A%2F%2Fa.slack-edge.com%2Fdf10d%2Fimg%2Favatars%2Fava_0007-72.png",
            "first_name": "felicitybrand",
            "real_name": "felicitybrand",
            "display_name": "flicstar",
            "team": "TKFJE6LDR",
            "name": "felicitybrand",
            "is_restricted": false,
            "is_ultra_restricted": false
        },
        "attachments": [
            {
                "service_name": "Opensource.com",
                "title": "How to write effective documentation for your open source project",
                "title_link": "https:\/\/opensource.com\/article\/20\/3\/documentation",
                "text": "Unfortunately, good code won't speak for itself. Even the most elegantly designed and well-written codebase that solves the most pressing problem in the world won't just get adopted on its own. You, the open source creator, need to speak for your code and breathe life into your creation. That's where technical writing and documentation come in.",
                "fallback": "Opensource.com: How to write effective documentation for your open source project",
                "thumb_url": "https:\/\/opensource.com\/sites\/default\/files\/lead-images\/osdc-docdish-typewriter-pink.png",
                "from_url": "https:\/\/opensource.com\/article\/20\/3\/documentation",
                "thumb_width": 520,
                "thumb_height": 292,
                "service_icon": "https:\/\/opensource.com\/sites\/all\/themes\/opensource\/favicon.ico",
                "id": 1,
                "original_url": "https:\/\/opensource.com\/article\/20\/3\/documentation"
            }
        ],
        "blocks": [
            {
                "type": "rich_text",
                "block_id": "IO21u",
                "elements": [
                    {
                        "type": "rich_text_section",
                        "elements": [
                            {
                                "type": "link",
                                "url": "https:\/\/opensource.com\/article\/20\/3\/documentation"
                            }
                        ]
                    }
                ]
            }
        ]
    }
]