[
    {
        "client_msg_id": "0e63dc9f-f93c-434e-8c63-cdef7aaec067",
        "type": "message",
        "text": "I'm about to hop onto a video chat with <@U012MGCK4GG>, who is interested in TheGoodDocsProject, others are welcome to drop by if interested. <https:\/\/meet.google.com\/zpn-broh-fyv>",
        "user": "UKTGLQNGG",
        "ts": "1587074299.076300",
        "team": "TKFJE6LDR",
        "user_team": "TKFJE6LDR",
        "source_team": "TKFJE6LDR",
        "user_profile": {
            "avatar_hash": "ge03fcb118b0",
            "image_72": "https:\/\/secure.gravatar.com\/avatar\/9e03fcb118b0853a3fedfdee2367779d.jpg?s=72&d=https%3A%2F%2Fa.slack-edge.com%2Fdf10d%2Fimg%2Favatars%2Fava_0021-72.png",
            "first_name": "Cameron",
            "real_name": "Cameron Shorter",
            "display_name": "cameronshorter",
            "team": "TKFJE6LDR",
            "name": "cameron.shorter",
            "is_restricted": false,
            "is_ultra_restricted": false
        },
        "attachments": [
            {
                "title": "Meet",
                "title_link": "https:\/\/meet.google.com\/zpn-broh-fyv",
                "text": "Real-time meetings by Google. Using your browser, share your video, desktop, and presentations with teammates and customers.",
                "fallback": "Meet",
                "thumb_url": "https:\/\/www.gstatic.com\/images\/branding\/product\/2x\/meet_96dp.png",
                "from_url": "https:\/\/meet.google.com\/zpn-broh-fyv",
                "thumb_width": 192,
                "thumb_height": 192,
                "service_icon": "http:\/\/www.gstatic.com\/images\/branding\/product\/1x\/meet_16dp.png",
                "service_name": "meet.google.com",
                "id": 1,
                "original_url": "https:\/\/meet.google.com\/zpn-broh-fyv"
            }
        ],
        "blocks": [
            {
                "type": "rich_text",
                "block_id": "ieg",
                "elements": [
                    {
                        "type": "rich_text_section",
                        "elements": [
                            {
                                "type": "text",
                                "text": "I'm about to hop onto a video chat with "
                            },
                            {
                                "type": "user",
                                "user_id": "U012MGCK4GG"
                            },
                            {
                                "type": "text",
                                "text": ", who is interested in TheGoodDocsProject, others are welcome to drop by if interested. "
                            },
                            {
                                "type": "link",
                                "url": "https:\/\/meet.google.com\/zpn-broh-fyv"
                            }
                        ]
                    }
                ]
            }
        ]
    }
]