[
    {
        "client_msg_id": "0bd3be1f-9da6-45a4-80a1-40747efc8bcb",
        "type": "message",
        "text": "Hey <@UR1VBKHD1> if I wanted to test how a site works with a screen reader, what would be your recommended set of tools? I'm particularly interested in how tabular data is read using a screen reader when tables don't have properly tagged header rows.",
        "user": "UKVC4NB71",
        "ts": "1586143762.013700",
        "team": "TKFJE6LDR",
        "user_team": "TKFJE6LDR",
        "source_team": "TKFJE6LDR",
        "user_profile": {
            "avatar_hash": "c7d9788d4436",
            "image_72": "https:\/\/avatars.slack-edge.com\/2019-10-30\/814314609877_c7d9788d4436969613a7_72.jpg",
            "first_name": "Jared",
            "real_name": "Jared Morgan",
            "display_name": "jaredmorgs",
            "team": "TKFJE6LDR",
            "name": "jaredleonmorgan",
            "is_restricted": false,
            "is_ultra_restricted": false
        },
        "blocks": [
            {
                "type": "rich_text",
                "block_id": "2\/kB8",
                "elements": [
                    {
                        "type": "rich_text_section",
                        "elements": [
                            {
                                "type": "text",
                                "text": "Hey "
                            },
                            {
                                "type": "user",
                                "user_id": "UR1VBKHD1"
                            },
                            {
                                "type": "text",
                                "text": " if I wanted to test how a site works with a screen reader, what would be your recommended set of tools? I'm particularly interested in how tabular data is read using a screen reader when tables don't have properly tagged header rows."
                            }
                        ]
                    }
                ]
            }
        ]
    },
    {
        "client_msg_id": "B80DF4C6-1D98-40B4-8AA6-2C8E0BF6BA67",
        "type": "message",
        "text": "<@UKVC4NB71> let me do a quick look and get back to you tonight. I’m at my work place right now. I promise you I have a few things. ",
        "user": "UR1VBKHD1",
        "ts": "1586146450.015000",
        "team": "TKFJE6LDR",
        "user_team": "TKFJE6LDR",
        "source_team": "TKFJE6LDR",
        "user_profile": {
            "avatar_hash": "g1d6ae089679",
            "image_72": "https:\/\/secure.gravatar.com\/avatar\/1d6ae08967983f1973436beba61255d9.jpg?s=72&d=https%3A%2F%2Fa.slack-edge.com%2Fdf10d%2Fimg%2Favatars%2Fava_0026-72.png",
            "first_name": "David",
            "real_name": "David Parker",
            "display_name": "DeafDave",
            "team": "TKFJE6LDR",
            "name": "deafdave",
            "is_restricted": false,
            "is_ultra_restricted": false
        },
        "blocks": [
            {
                "type": "rich_text",
                "block_id": "ULd",
                "elements": [
                    {
                        "type": "rich_text_section",
                        "elements": [
                            {
                                "type": "user",
                                "user_id": "UKVC4NB71"
                            },
                            {
                                "type": "text",
                                "text": " let me do a quick look and get back to you tonight. I’m at my work place right now. I promise you I have a few things. "
                            }
                        ]
                    }
                ]
            }
        ]
    },
    {
        "client_msg_id": "A60F377E-72E2-42D2-804B-955207AB9E5D",
        "type": "message",
        "text": "Vision Australia mainly recommends JAWS and Window Eyes screen readers for workplace environments and cannot vouch for other screen readers in these environments.",
        "user": "UR1VBKHD1",
        "ts": "1586146627.015200",
        "team": "TKFJE6LDR",
        "user_team": "TKFJE6LDR",
        "source_team": "TKFJE6LDR",
        "user_profile": {
            "avatar_hash": "g1d6ae089679",
            "image_72": "https:\/\/secure.gravatar.com\/avatar\/1d6ae08967983f1973436beba61255d9.jpg?s=72&d=https%3A%2F%2Fa.slack-edge.com%2Fdf10d%2Fimg%2Favatars%2Fava_0026-72.png",
            "first_name": "David",
            "real_name": "David Parker",
            "display_name": "DeafDave",
            "team": "TKFJE6LDR",
            "name": "deafdave",
            "is_restricted": false,
            "is_ultra_restricted": false
        },
        "blocks": [
            {
                "type": "rich_text",
                "block_id": "cJY",
                "elements": [
                    {
                        "type": "rich_text_section",
                        "elements": [
                            {
                                "type": "text",
                                "text": "Vision Australia mainly recommends JAWS and Window Eyes screen readers for workplace environments and cannot vouch for other screen readers in these environments."
                            }
                        ]
                    }
                ]
            }
        ]
    },
    {
        "client_msg_id": "1ca32be5-3846-43ce-97dd-918b3414da17",
        "type": "message",
        "text": "I just tried VoiceOver on Mac and I found it a bit challenging to get the cursor to focus on what I wanted to analyse.",
        "user": "UKVC4NB71",
        "ts": "1586147280.016000",
        "team": "TKFJE6LDR",
        "user_team": "TKFJE6LDR",
        "source_team": "TKFJE6LDR",
        "user_profile": {
            "avatar_hash": "c7d9788d4436",
            "image_72": "https:\/\/avatars.slack-edge.com\/2019-10-30\/814314609877_c7d9788d4436969613a7_72.jpg",
            "first_name": "Jared",
            "real_name": "Jared Morgan",
            "display_name": "jaredmorgs",
            "team": "TKFJE6LDR",
            "name": "jaredleonmorgan",
            "is_restricted": false,
            "is_ultra_restricted": false
        },
        "blocks": [
            {
                "type": "rich_text",
                "block_id": "62sC",
                "elements": [
                    {
                        "type": "rich_text_section",
                        "elements": [
                            {
                                "type": "text",
                                "text": "I just tried VoiceOver on Mac and I found it a bit challenging to get the cursor to focus on what I wanted to analyse."
                            }
                        ]
                    }
                ]
            }
        ]
    },
    {
        "client_msg_id": "A2058D09-C78D-43F1-A240-5E11B212A102",
        "type": "message",
        "text": "I can get in touch with Dr Scott Hollier. He’s a blind person and an accessibility consultant ",
        "user": "UR1VBKHD1",
        "ts": "1586149164.016900",
        "team": "TKFJE6LDR",
        "user_team": "TKFJE6LDR",
        "source_team": "TKFJE6LDR",
        "user_profile": {
            "avatar_hash": "g1d6ae089679",
            "image_72": "https:\/\/secure.gravatar.com\/avatar\/1d6ae08967983f1973436beba61255d9.jpg?s=72&d=https%3A%2F%2Fa.slack-edge.com%2Fdf10d%2Fimg%2Favatars%2Fava_0026-72.png",
            "first_name": "David",
            "real_name": "David Parker",
            "display_name": "DeafDave",
            "team": "TKFJE6LDR",
            "name": "deafdave",
            "is_restricted": false,
            "is_ultra_restricted": false
        },
        "blocks": [
            {
                "type": "rich_text",
                "block_id": "q5b\/u",
                "elements": [
                    {
                        "type": "rich_text_section",
                        "elements": [
                            {
                                "type": "text",
                                "text": "I can get in touch with Dr Scott Hollier. He’s a blind person and an accessibility consultant "
                            }
                        ]
                    }
                ]
            }
        ]
    },
    {
        "client_msg_id": "F37FE844-E6BE-4D04-B5E3-D65E51807E8E",
        "type": "message",
        "text": "I don’t use screen readers at all. Cheers ",
        "user": "UR1VBKHD1",
        "ts": "1586149194.017400",
        "team": "TKFJE6LDR",
        "user_team": "TKFJE6LDR",
        "source_team": "TKFJE6LDR",
        "user_profile": {
            "avatar_hash": "g1d6ae089679",
            "image_72": "https:\/\/secure.gravatar.com\/avatar\/1d6ae08967983f1973436beba61255d9.jpg?s=72&d=https%3A%2F%2Fa.slack-edge.com%2Fdf10d%2Fimg%2Favatars%2Fava_0026-72.png",
            "first_name": "David",
            "real_name": "David Parker",
            "display_name": "DeafDave",
            "team": "TKFJE6LDR",
            "name": "deafdave",
            "is_restricted": false,
            "is_ultra_restricted": false
        },
        "blocks": [
            {
                "type": "rich_text",
                "block_id": "9MM",
                "elements": [
                    {
                        "type": "rich_text_section",
                        "elements": [
                            {
                                "type": "text",
                                "text": "I don’t use screen readers at all. Cheers "
                            }
                        ]
                    }
                ]
            }
        ]
    },
    {
        "client_msg_id": "0c47b238-6d91-49ea-b75c-1d458538e2fd",
        "type": "message",
        "text": "Oh, OK. That would be really helpful <@UR1VBKHD1>",
        "user": "UKVC4NB71",
        "ts": "1586149231.017800",
        "team": "TKFJE6LDR",
        "user_team": "TKFJE6LDR",
        "source_team": "TKFJE6LDR",
        "user_profile": {
            "avatar_hash": "c7d9788d4436",
            "image_72": "https:\/\/avatars.slack-edge.com\/2019-10-30\/814314609877_c7d9788d4436969613a7_72.jpg",
            "first_name": "Jared",
            "real_name": "Jared Morgan",
            "display_name": "jaredmorgs",
            "team": "TKFJE6LDR",
            "name": "jaredleonmorgan",
            "is_restricted": false,
            "is_ultra_restricted": false
        },
        "blocks": [
            {
                "type": "rich_text",
                "block_id": "41Jk1",
                "elements": [
                    {
                        "type": "rich_text_section",
                        "elements": [
                            {
                                "type": "text",
                                "text": "Oh, OK. That would be really helpful "
                            },
                            {
                                "type": "user",
                                "user_id": "UR1VBKHD1"
                            }
                        ]
                    }
                ]
            }
        ]
    },
    {
        "client_msg_id": "C12BA482-75BB-4111-A11E-73E5119E1859",
        "type": "message",
        "text": "I can only do my best :) ",
        "user": "UR1VBKHD1",
        "ts": "1586149242.018100",
        "team": "TKFJE6LDR",
        "user_team": "TKFJE6LDR",
        "source_team": "TKFJE6LDR",
        "user_profile": {
            "avatar_hash": "g1d6ae089679",
            "image_72": "https:\/\/secure.gravatar.com\/avatar\/1d6ae08967983f1973436beba61255d9.jpg?s=72&d=https%3A%2F%2Fa.slack-edge.com%2Fdf10d%2Fimg%2Favatars%2Fava_0026-72.png",
            "first_name": "David",
            "real_name": "David Parker",
            "display_name": "DeafDave",
            "team": "TKFJE6LDR",
            "name": "deafdave",
            "is_restricted": false,
            "is_ultra_restricted": false
        },
        "blocks": [
            {
                "type": "rich_text",
                "block_id": "ViCt",
                "elements": [
                    {
                        "type": "rich_text_section",
                        "elements": [
                            {
                                "type": "text",
                                "text": "I can only do my best :) "
                            }
                        ]
                    }
                ]
            }
        ]
    },
    {
        "client_msg_id": "0987A287-72FF-45E1-803F-F8D498B8982F",
        "type": "message",
        "text": "I have send your query to Dr Hollier. Once I get his reply I’ll get back to you ASAP. ",
        "user": "UR1VBKHD1",
        "ts": "1586149599.019100",
        "team": "TKFJE6LDR",
        "user_team": "TKFJE6LDR",
        "source_team": "TKFJE6LDR",
        "user_profile": {
            "avatar_hash": "g1d6ae089679",
            "image_72": "https:\/\/secure.gravatar.com\/avatar\/1d6ae08967983f1973436beba61255d9.jpg?s=72&d=https%3A%2F%2Fa.slack-edge.com%2Fdf10d%2Fimg%2Favatars%2Fava_0026-72.png",
            "first_name": "David",
            "real_name": "David Parker",
            "display_name": "DeafDave",
            "team": "TKFJE6LDR",
            "name": "deafdave",
            "is_restricted": false,
            "is_ultra_restricted": false
        },
        "blocks": [
            {
                "type": "rich_text",
                "block_id": "Z5q",
                "elements": [
                    {
                        "type": "rich_text_section",
                        "elements": [
                            {
                                "type": "text",
                                "text": "I have send your query to Dr Hollier. Once I get his reply I’ll get back to you ASAP. "
                            }
                        ]
                    }
                ]
            }
        ]
    },
    {
        "client_msg_id": "6493014D-BDCB-40B6-B466-DECF3E4AE422",
        "type": "message",
        "text": "Useful Ozzie website in regards to accessibility is Media Access Australia. <http:\/\/Mediaaccess.org.au|Mediaaccess.org.au>",
        "user": "UR1VBKHD1",
        "ts": "1586149677.020900",
        "team": "TKFJE6LDR",
        "user_team": "TKFJE6LDR",
        "source_team": "TKFJE6LDR",
        "user_profile": {
            "avatar_hash": "g1d6ae089679",
            "image_72": "https:\/\/secure.gravatar.com\/avatar\/1d6ae08967983f1973436beba61255d9.jpg?s=72&d=https%3A%2F%2Fa.slack-edge.com%2Fdf10d%2Fimg%2Favatars%2Fava_0026-72.png",
            "first_name": "David",
            "real_name": "David Parker",
            "display_name": "DeafDave",
            "team": "TKFJE6LDR",
            "name": "deafdave",
            "is_restricted": false,
            "is_ultra_restricted": false
        },
        "blocks": [
            {
                "type": "rich_text",
                "block_id": "TX4q",
                "elements": [
                    {
                        "type": "rich_text_section",
                        "elements": [
                            {
                                "type": "text",
                                "text": "Useful Ozzie website in regards to accessibility is Media Access Australia. "
                            },
                            {
                                "type": "link",
                                "url": "http:\/\/Mediaaccess.org.au",
                                "text": "Mediaaccess.org.au"
                            }
                        ]
                    }
                ]
            }
        ]
    },
    {
        "client_msg_id": "0e59f082-8ce7-4258-96b8-34160d0f918a",
        "type": "message",
        "text": "Thanks heaps for your help with this. I know that vision related issues are not something you're directly affected by but I was hoping you may have some contacts.",
        "user": "UKVC4NB71",
        "ts": "1586149811.021500",
        "team": "TKFJE6LDR",
        "user_team": "TKFJE6LDR",
        "source_team": "TKFJE6LDR",
        "user_profile": {
            "avatar_hash": "c7d9788d4436",
            "image_72": "https:\/\/avatars.slack-edge.com\/2019-10-30\/814314609877_c7d9788d4436969613a7_72.jpg",
            "first_name": "Jared",
            "real_name": "Jared Morgan",
            "display_name": "jaredmorgs",
            "team": "TKFJE6LDR",
            "name": "jaredleonmorgan",
            "is_restricted": false,
            "is_ultra_restricted": false
        },
        "blocks": [
            {
                "type": "rich_text",
                "block_id": "j7I00",
                "elements": [
                    {
                        "type": "rich_text_section",
                        "elements": [
                            {
                                "type": "text",
                                "text": "Thanks heaps for your help with this. I know that vision related issues are not something you're directly affected by but I was hoping you may have some contacts."
                            }
                        ]
                    }
                ]
            }
        ]
    },
    {
        "client_msg_id": "eb720b16-f57d-4331-83ad-26a69e82c10e",
        "type": "message",
        "text": "I'll check out that link as well. Thanks for the info.",
        "user": "UKVC4NB71",
        "ts": "1586149826.021900",
        "team": "TKFJE6LDR",
        "user_team": "TKFJE6LDR",
        "source_team": "TKFJE6LDR",
        "user_profile": {
            "avatar_hash": "c7d9788d4436",
            "image_72": "https:\/\/avatars.slack-edge.com\/2019-10-30\/814314609877_c7d9788d4436969613a7_72.jpg",
            "first_name": "Jared",
            "real_name": "Jared Morgan",
            "display_name": "jaredmorgs",
            "team": "TKFJE6LDR",
            "name": "jaredleonmorgan",
            "is_restricted": false,
            "is_ultra_restricted": false
        },
        "blocks": [
            {
                "type": "rich_text",
                "block_id": "40X5",
                "elements": [
                    {
                        "type": "rich_text_section",
                        "elements": [
                            {
                                "type": "text",
                                "text": "I'll check out that link as well. Thanks for the info."
                            }
                        ]
                    }
                ]
            }
        ]
    }
]