[
    {
        "client_msg_id": "63dc29db-3a3a-488f-a2a1-0f1d41a84e46",
        "type": "message",
        "text": "Hi <@UL3UNUMK6> and <@UL2AA1FF1>, <@UTCKDLXJ9> any topics you wish to cover re TheGoodDocsProject? I’m currently wrapping up a blog post about SeasonOfDocs, which I’m expecting should be finished within 48 hours: <https:\/\/docs.google.com\/document\/d\/1rvBDrqHKr4unhD_peicyAfshiYg8kbDI9Na4Ui8MQDA\/edit#|https:\/\/docs.google.com\/document\/d\/1rvBDrqHKr4unhD_peicyAfshiYg8kbDI9Na4Ui8MQDA\/> . For the Australians, I’ll be back online at 9pm Sydney \/ 8pm Brisbane time.",
        "user": "UKTGLQNGG",
        "ts": "1583868761.002100",
        "team": "TKFJE6LDR",
        "user_team": "TKFJE6LDR",
        "source_team": "TKFJE6LDR",
        "user_profile": {
            "avatar_hash": "ge03fcb118b0",
            "image_72": "https:\/\/secure.gravatar.com\/avatar\/9e03fcb118b0853a3fedfdee2367779d.jpg?s=72&d=https%3A%2F%2Fa.slack-edge.com%2Fdf10d%2Fimg%2Favatars%2Fava_0021-72.png",
            "first_name": "Cameron",
            "real_name": "Cameron Shorter",
            "display_name": "cameronshorter",
            "team": "TKFJE6LDR",
            "name": "cameron.shorter",
            "is_restricted": false,
            "is_ultra_restricted": false
        },
        "edited": {
            "user": "UKTGLQNGG",
            "ts": "1583868877.000000"
        },
        "blocks": [
            {
                "type": "rich_text",
                "block_id": "2FSt",
                "elements": [
                    {
                        "type": "rich_text_section",
                        "elements": [
                            {
                                "type": "text",
                                "text": "Hi "
                            },
                            {
                                "type": "user",
                                "user_id": "UL3UNUMK6"
                            },
                            {
                                "type": "text",
                                "text": " and "
                            },
                            {
                                "type": "user",
                                "user_id": "UL2AA1FF1"
                            },
                            {
                                "type": "text",
                                "text": ", "
                            },
                            {
                                "type": "user",
                                "user_id": "UTCKDLXJ9"
                            },
                            {
                                "type": "text",
                                "text": " any topics you wish to cover re TheGoodDocsProject? I’m currently wrapping up a blog post about SeasonOfDocs, which I’m expecting should be finished within 48 hours: "
                            },
                            {
                                "type": "link",
                                "url": "https:\/\/docs.google.com\/document\/d\/1rvBDrqHKr4unhD_peicyAfshiYg8kbDI9Na4Ui8MQDA\/edit#",
                                "text": "https:\/\/docs.google.com\/document\/d\/1rvBDrqHKr4unhD_peicyAfshiYg8kbDI9Na4Ui8MQDA\/"
                            },
                            {
                                "type": "text",
                                "text": " . For the Australians, I’ll be back online at 9pm Sydney \/ 8pm Brisbane time."
                            }
                        ]
                    }
                ]
            }
        ],
        "thread_ts": "1583868761.002100",
        "reply_count": 5,
        "reply_users_count": 2,
        "latest_reply": "1583922920.013000",
        "reply_users": [
            "UTCKDLXJ9",
            "UKTGLQNGG"
        ],
        "replies": [
            {
                "user": "UTCKDLXJ9",
                "ts": "1583920969.010800"
            },
            {
                "user": "UKTGLQNGG",
                "ts": "1583921029.011000"
            },
            {
                "user": "UKTGLQNGG",
                "ts": "1583921046.011200"
            },
            {
                "user": "UTCKDLXJ9",
                "ts": "1583922826.012600"
            },
            {
                "user": "UKTGLQNGG",
                "ts": "1583922920.013000"
            }
        ],
        "subscribed": false,
        "reactions": [
            {
                "name": "heavy_plus_sign",
                "users": [
                    "UL2AA1FF1"
                ],
                "count": 1
            }
        ]
    },
    {
        "client_msg_id": "ed263e34-7e58-493c-a578-ac5053fb88d6",
        "type": "message",
        "text": "Howdy! My name's Mike. Most of my career I was doing Unix engineering but I've moved on to devops. I always knew documentation was important but now I'm realizing how important it really is. I'm typically pretty short with words. :slightly_smiling_face:",
        "user": "UV68NG0C8",
        "ts": "1583886040.007500",
        "team": "TKFJE6LDR",
        "user_team": "TKFJE6LDR",
        "source_team": "TKFJE6LDR",
        "user_profile": {
            "avatar_hash": "gdc642b2ad32",
            "image_72": "https:\/\/secure.gravatar.com\/avatar\/dc642b2ad320aeda0c9496f9a2015507.jpg?s=72&d=https%3A%2F%2Fa.slack-edge.com%2Fdf10d%2Fimg%2Favatars%2Fava_0015-72.png",
            "first_name": "Mike",
            "real_name": "Mike May",
            "display_name": "MikeD",
            "team": "TKFJE6LDR",
            "name": "mike48229",
            "is_restricted": false,
            "is_ultra_restricted": false
        },
        "blocks": [
            {
                "type": "rich_text",
                "block_id": "nLi",
                "elements": [
                    {
                        "type": "rich_text_section",
                        "elements": [
                            {
                                "type": "text",
                                "text": "Howdy! My name's Mike. Most of my career I was doing Unix engineering but I've moved on to devops. I always knew documentation was important but now I'm realizing how important it really is. I'm typically pretty short with words. "
                            },
                            {
                                "type": "emoji",
                                "name": "slightly_smiling_face"
                            }
                        ]
                    }
                ]
            }
        ],
        "thread_ts": "1583886040.007500",
        "reply_count": 1,
        "reply_users_count": 1,
        "latest_reply": "1583917190.008200",
        "reply_users": [
            "UKTGLQNGG"
        ],
        "replies": [
            {
                "user": "UKTGLQNGG",
                "ts": "1583917190.008200"
            }
        ],
        "subscribed": false,
        "reactions": [
            {
                "name": "wave",
                "users": [
                    "UL2AA1FF1",
                    "UKV4ZPEFQ",
                    "UKVC4NB71",
                    "UR1VBKHD1"
                ],
                "count": 4
            }
        ]
    },
    {
        "client_msg_id": "258095d4-68e1-4517-8b90-e457708b9bb9",
        "type": "message",
        "text": "Thanks for joining!",
        "user": "UL2AA1FF1",
        "ts": "1583888787.007800",
        "team": "TKFJE6LDR",
        "user_team": "TKFJE6LDR",
        "source_team": "TKFJE6LDR",
        "user_profile": {
            "avatar_hash": "22135067b36d",
            "image_72": "https:\/\/avatars.slack-edge.com\/2019-10-23\/805254797908_22135067b36dfb715e99_72.jpg",
            "first_name": "",
            "real_name": "Erin McKean",
            "display_name": "Erin McKean",
            "team": "TKFJE6LDR",
            "name": "emckean",
            "is_restricted": false,
            "is_ultra_restricted": false
        },
        "blocks": [
            {
                "type": "rich_text",
                "block_id": "inGa",
                "elements": [
                    {
                        "type": "rich_text_section",
                        "elements": [
                            {
                                "type": "text",
                                "text": "Thanks for joining!"
                            }
                        ]
                    }
                ]
            }
        ]
    }
]