[
    {
        "client_msg_id": "94D62778-09E4-4820-AD0B-6149420D3B0A",
        "type": "message",
        "text": "I took a look at the Google doc. The first three bullets regarding quality, and the last two, are easy to answer. The seven in the middle require research every time.",
        "user": "UL3UNUMK6",
        "ts": "1584367934.009500",
        "team": "TKFJE6LDR",
        "user_team": "TKFJE6LDR",
        "source_team": "TKFJE6LDR",
        "user_profile": {
            "avatar_hash": "g886aa2ab03e",
            "image_72": "https:\/\/secure.gravatar.com\/avatar\/1886aa2ab03e30db78524e761889e101.jpg?s=72&d=https%3A%2F%2Fa.slack-edge.com%2Fdf10d%2Fimg%2Favatars%2Fava_0005-72.png",
            "first_name": "",
            "real_name": "Clarence Cromwell",
            "display_name": "",
            "team": "TKFJE6LDR",
            "name": "clarencewcromwell",
            "is_restricted": false,
            "is_ultra_restricted": false
        },
        "blocks": [
            {
                "type": "rich_text",
                "block_id": "6pHv",
                "elements": [
                    {
                        "type": "rich_text_section",
                        "elements": [
                            {
                                "type": "text",
                                "text": "I took a look at the Google doc. The first three bullets regarding quality, and the last two, are easy to answer. The seven in the middle require research every time."
                            }
                        ]
                    }
                ]
            }
        ]
    },
    {
        "client_msg_id": "8FC3EC0C-850D-4533-92F3-82C71EC1A261",
        "type": "message",
        "text": "Whether docs are useful, findable, or complete depends on the customer’s context, and it would be challenging to describe how to actually measure all of those. ",
        "user": "UL3UNUMK6",
        "ts": "1584368188.012100",
        "team": "TKFJE6LDR",
        "user_team": "TKFJE6LDR",
        "source_team": "TKFJE6LDR",
        "user_profile": {
            "avatar_hash": "g886aa2ab03e",
            "image_72": "https:\/\/secure.gravatar.com\/avatar\/1886aa2ab03e30db78524e761889e101.jpg?s=72&d=https%3A%2F%2Fa.slack-edge.com%2Fdf10d%2Fimg%2Favatars%2Fava_0005-72.png",
            "first_name": "",
            "real_name": "Clarence Cromwell",
            "display_name": "",
            "team": "TKFJE6LDR",
            "name": "clarencewcromwell",
            "is_restricted": false,
            "is_ultra_restricted": false
        },
        "blocks": [
            {
                "type": "rich_text",
                "block_id": "Yny",
                "elements": [
                    {
                        "type": "rich_text_section",
                        "elements": [
                            {
                                "type": "text",
                                "text": "Whether docs are useful, findable, or complete depends on the customer’s context, and it would be challenging to describe how to actually measure all of those. "
                            }
                        ]
                    }
                ]
            }
        ]
    },
    {
        "client_msg_id": "5A860B6D-66E4-4257-93AE-2DC321536E04",
        "type": "message",
        "text": "If that’s what we want to do, it should be a separate project within TGDP, both because it’s a big job, and because users can only absorb so much new material at once.",
        "user": "UL3UNUMK6",
        "ts": "1584368419.014800",
        "team": "TKFJE6LDR",
        "user_team": "TKFJE6LDR",
        "source_team": "TKFJE6LDR",
        "user_profile": {
            "avatar_hash": "g886aa2ab03e",
            "image_72": "https:\/\/secure.gravatar.com\/avatar\/1886aa2ab03e30db78524e761889e101.jpg?s=72&d=https%3A%2F%2Fa.slack-edge.com%2Fdf10d%2Fimg%2Favatars%2Fava_0005-72.png",
            "first_name": "",
            "real_name": "Clarence Cromwell",
            "display_name": "",
            "team": "TKFJE6LDR",
            "name": "clarencewcromwell",
            "is_restricted": false,
            "is_ultra_restricted": false
        },
        "blocks": [
            {
                "type": "rich_text",
                "block_id": "f9+",
                "elements": [
                    {
                        "type": "rich_text_section",
                        "elements": [
                            {
                                "type": "text",
                                "text": "If that’s what we want to do, it should be a separate project within TGDP, both because it’s a big job, and because users can only absorb so much new material at once."
                            }
                        ]
                    }
                ]
            }
        ],
        "reactions": [
            {
                "name": "heavy_plus_sign",
                "users": [
                    "UL2AA1FF1"
                ],
                "count": 1
            }
        ]
    },
    {
        "client_msg_id": "c3fc4b90-6c10-464c-94bc-cf347b8fbc7b",
        "type": "message",
        "text": "TGDP has a few interesting topics that people are interested in exploring outside of templates, and I’d be in favor of building separate projects for thost (if volunteers are willing and able) so that each project can be tightly focused on solving a single problem.",
        "user": "UL3UNUMK6",
        "ts": "1584372048.016400",
        "team": "TKFJE6LDR",
        "user_team": "TKFJE6LDR",
        "source_team": "TKFJE6LDR",
        "user_profile": {
            "avatar_hash": "g886aa2ab03e",
            "image_72": "https:\/\/secure.gravatar.com\/avatar\/1886aa2ab03e30db78524e761889e101.jpg?s=72&d=https%3A%2F%2Fa.slack-edge.com%2Fdf10d%2Fimg%2Favatars%2Fava_0005-72.png",
            "first_name": "",
            "real_name": "Clarence Cromwell",
            "display_name": "",
            "team": "TKFJE6LDR",
            "name": "clarencewcromwell",
            "is_restricted": false,
            "is_ultra_restricted": false
        },
        "blocks": [
            {
                "type": "rich_text",
                "block_id": "MdQ",
                "elements": [
                    {
                        "type": "rich_text_section",
                        "elements": [
                            {
                                "type": "text",
                                "text": "TGDP has a few interesting topics that people are interested in exploring outside of templates, and I’d be in favor of building separate projects for thost (if volunteers are willing and able) so that each project can be tightly focused on solving a single problem."
                            }
                        ]
                    }
                ]
            }
        ]
    },
    {
        "client_msg_id": "7062a3b8-0a3f-4080-8f9d-db1a03f7447e",
        "type": "message",
        "text": "Yes, I’m also interested in helping build more than templates, a definition of “quality docs” that can be audited against being one of these things. Ellis shared a refined list, and links to source which I’ve copied to <https:\/\/docs.google.com\/document\/d\/1sPaVeFQFEqUs0w0sbvvWz1yW3rZd7Lba2_hNheQG25Y\/edit#heading=h.vg9fm4iab4am> . In particular, I’ve found a researched definition of “Credible”.",
        "user": "UKTGLQNGG",
        "ts": "1584376293.020000",
        "team": "TKFJE6LDR",
        "user_team": "TKFJE6LDR",
        "source_team": "TKFJE6LDR",
        "user_profile": {
            "avatar_hash": "ge03fcb118b0",
            "image_72": "https:\/\/secure.gravatar.com\/avatar\/9e03fcb118b0853a3fedfdee2367779d.jpg?s=72&d=https%3A%2F%2Fa.slack-edge.com%2Fdf10d%2Fimg%2Favatars%2Fava_0021-72.png",
            "first_name": "Cameron",
            "real_name": "Cameron Shorter",
            "display_name": "cameronshorter",
            "team": "TKFJE6LDR",
            "name": "cameron.shorter",
            "is_restricted": false,
            "is_ultra_restricted": false
        },
        "blocks": [
            {
                "type": "rich_text",
                "block_id": "qrD",
                "elements": [
                    {
                        "type": "rich_text_section",
                        "elements": [
                            {
                                "type": "text",
                                "text": "Yes, I’m also interested in helping build more than templates, a definition of “quality docs” that can be audited against being one of these things. Ellis shared a refined list, and links to source which I’ve copied to "
                            },
                            {
                                "type": "link",
                                "url": "https:\/\/docs.google.com\/document\/d\/1sPaVeFQFEqUs0w0sbvvWz1yW3rZd7Lba2_hNheQG25Y\/edit#heading=h.vg9fm4iab4am"
                            },
                            {
                                "type": "text",
                                "text": " . In particular, I’ve found a researched definition of “Credible”."
                            }
                        ]
                    }
                ]
            }
        ],
        "thread_ts": "1584376293.020000",
        "reply_count": 6,
        "reply_users_count": 2,
        "latest_reply": "1584468049.025800",
        "reply_users": [
            "UKTGLQNGG",
            "UL3UNUMK6"
        ],
        "replies": [
            {
                "user": "UKTGLQNGG",
                "ts": "1584394355.022000"
            },
            {
                "user": "UL3UNUMK6",
                "ts": "1584467579.024800"
            },
            {
                "user": "UL3UNUMK6",
                "ts": "1584467760.025000"
            },
            {
                "user": "UL3UNUMK6",
                "ts": "1584467858.025200"
            },
            {
                "user": "UL3UNUMK6",
                "ts": "1584467939.025400"
            },
            {
                "user": "UL3UNUMK6",
                "ts": "1584468049.025800"
            }
        ],
        "subscribed": false
    },
    {
        "client_msg_id": "cba4e926-ab67-4fd6-a599-51ee51c6519e",
        "type": "message",
        "text": "interesting post on \"what makes a good bug\/feature report\" with some nice extractable info: <https:\/\/blog.jetbrains.com\/dotnet\/2019\/12\/19\/file-bug-feature-reports-effectively-easily\/>",
        "user": "UL2AA1FF1",
        "ts": "1584386594.021800",
        "team": "TKFJE6LDR",
        "user_team": "TKFJE6LDR",
        "source_team": "TKFJE6LDR",
        "user_profile": {
            "avatar_hash": "22135067b36d",
            "image_72": "https:\/\/avatars.slack-edge.com\/2019-10-23\/805254797908_22135067b36dfb715e99_72.jpg",
            "first_name": "",
            "real_name": "Erin McKean",
            "display_name": "Erin McKean",
            "team": "TKFJE6LDR",
            "name": "emckean",
            "is_restricted": false,
            "is_ultra_restricted": false
        },
        "attachments": [
            {
                "service_name": ".NET Tools Blog",
                "title": "File bug and feature reports effectively and easily - .NET Tools Blog",
                "title_link": "https:\/\/blog.jetbrains.com\/dotnet\/2019\/12\/19\/file-bug-feature-reports-effectively-easily\/",
                "text": "This may seem basic to some, but a significant number of bug reports are difficult for the product developers to understand, because they are missing information, are vague or poorly written. Some users report problems with software but leave out … Continue reading →",
                "fallback": ".NET Tools Blog: File bug and feature reports effectively and easily - .NET Tools Blog",
                "thumb_url": "https:\/\/d3nmt5vlzunoa1.cloudfront.net\/dotnet\/files\/2019\/11\/proper-bug-report.png",
                "ts": 1576767160,
                "from_url": "https:\/\/blog.jetbrains.com\/dotnet\/2019\/12\/19\/file-bug-feature-reports-effectively-easily\/",
                "thumb_width": 1600,
                "thumb_height": 1186,
                "service_icon": "https:\/\/resources.jetbrains.com\/storage\/ui\/favicons\/apple-touch-icon-180x180.png",
                "id": 1,
                "original_url": "https:\/\/blog.jetbrains.com\/dotnet\/2019\/12\/19\/file-bug-feature-reports-effectively-easily\/"
            }
        ],
        "blocks": [
            {
                "type": "rich_text",
                "block_id": "pI86S",
                "elements": [
                    {
                        "type": "rich_text_section",
                        "elements": [
                            {
                                "type": "text",
                                "text": "interesting post on \"what makes a good bug\/feature report\" with some nice extractable info: "
                            },
                            {
                                "type": "link",
                                "url": "https:\/\/blog.jetbrains.com\/dotnet\/2019\/12\/19\/file-bug-feature-reports-effectively-easily\/"
                            }
                        ]
                    }
                ]
            }
        ]
    },
    {
        "client_msg_id": "9961cd97-a3eb-495a-92d4-23ce3627edad",
        "type": "message",
        "text": "I should add that the reason I'm searching for a definition of good docs and research to back up our statements, is so we can review and update our templates against this definition.",
        "user": "UKTGLQNGG",
        "ts": "1584394355.022000",
        "team": "TKFJE6LDR",
        "user_team": "TKFJE6LDR",
        "source_team": "TKFJE6LDR",
        "user_profile": {
            "avatar_hash": "ge03fcb118b0",
            "image_72": "https:\/\/secure.gravatar.com\/avatar\/9e03fcb118b0853a3fedfdee2367779d.jpg?s=72&d=https%3A%2F%2Fa.slack-edge.com%2Fdf10d%2Fimg%2Favatars%2Fava_0021-72.png",
            "first_name": "Cameron",
            "real_name": "Cameron Shorter",
            "display_name": "cameronshorter",
            "team": "TKFJE6LDR",
            "name": "cameron.shorter",
            "is_restricted": false,
            "is_ultra_restricted": false
        },
        "blocks": [
            {
                "type": "rich_text",
                "block_id": "9hl9",
                "elements": [
                    {
                        "type": "rich_text_section",
                        "elements": [
                            {
                                "type": "text",
                                "text": "I should add that the reason I'm searching for a definition of good docs and research to back up our statements, is so we can review and update our templates against this definition."
                            }
                        ]
                    }
                ]
            }
        ],
        "thread_ts": "1584376293.020000",
        "parent_user_id": "UKTGLQNGG"
    }
]