[
    {
        "client_msg_id": "5e1b9eb1-0a75-41c0-8a4c-337341fef336",
        "type": "message",
        "text": "Question: why do discussions happen on multiple platforms. I see there is a group email and voting and discussion happens on that as well. Even the group mail has different emails for different topics. For example, gsod has a different group mail. Sometimes, discussions happen here on slack as well. Wouldn't it be better to limit all the discussion and voting to a single platform(over here)? Not sure but slack might have some way to restrict access to public members for closed-room discussions made by the maintainers?",
        "user": "U013SP763UH",
        "ts": "1589647212.285700",
        "team": "TKFJE6LDR",
        "user_team": "TKFJE6LDR",
        "source_team": "TKFJE6LDR",
        "user_profile": {
            "avatar_hash": "ge679a953230",
            "image_72": "https:\/\/secure.gravatar.com\/avatar\/e679a953230d7fe2144b09ae62707900.jpg?s=72&d=https%3A%2F%2Fa.slack-edge.com%2Fdf10d%2Fimg%2Favatars%2Fava_0015-72.png",
            "first_name": "Shreyas",
            "real_name": "Shreyas Thirumalai",
            "display_name": "shreyas1599",
            "team": "TKFJE6LDR",
            "name": "shreyasthirumalai",
            "is_restricted": false,
            "is_ultra_restricted": false
        },
        "edited": {
            "user": "U013SP763UH",
            "ts": "1589647283.000000"
        },
        "blocks": [
            {
                "type": "rich_text",
                "block_id": "vrNF\/",
                "elements": [
                    {
                        "type": "rich_text_section",
                        "elements": [
                            {
                                "type": "text",
                                "text": "Question: why do discussions happen on multiple platforms. I see there is a group email and voting and discussion happens on that as well. Even the group mail has different emails for different topics. For example, gsod has a different group mail. Sometimes, discussions happen here on slack as well. Wouldn't it be better to limit all the discussion and voting to a single platform(over here)? Not sure but slack might have some way to restrict access to public members for closed-room discussions made by the maintainers?"
                            }
                        ]
                    }
                ]
            }
        ]
    },
    {
        "client_msg_id": "833bceb9-d440-4223-9576-094b613eb3bf",
        "type": "message",
        "text": "that's a good question!",
        "user": "UL2AA1FF1",
        "ts": "1589661120.286900",
        "team": "TKFJE6LDR",
        "user_team": "TKFJE6LDR",
        "source_team": "TKFJE6LDR",
        "user_profile": {
            "avatar_hash": "22135067b36d",
            "image_72": "https:\/\/avatars.slack-edge.com\/2019-10-23\/805254797908_22135067b36dfb715e99_72.jpg",
            "first_name": "",
            "real_name": "Erin McKean",
            "display_name": "Erin McKean",
            "team": "TKFJE6LDR",
            "name": "emckean",
            "is_restricted": false,
            "is_ultra_restricted": false
        },
        "blocks": [
            {
                "type": "rich_text",
                "block_id": "s\/\/",
                "elements": [
                    {
                        "type": "rich_text_section",
                        "elements": [
                            {
                                "type": "text",
                                "text": "that's a good question!"
                            }
                        ]
                    }
                ]
            }
        ]
    },
    {
        "client_msg_id": "8c62df6e-44ee-4773-855f-3ad2a2560425",
        "type": "message",
        "text": "discussion and votes go on email because it's archived :slightly_smiling_face: We don't have a paid Slack plan (and probably couldn't afford one) so we don't have a Slack archive",
        "user": "UL2AA1FF1",
        "ts": "1589661148.287600",
        "team": "TKFJE6LDR",
        "user_team": "TKFJE6LDR",
        "source_team": "TKFJE6LDR",
        "user_profile": {
            "avatar_hash": "22135067b36d",
            "image_72": "https:\/\/avatars.slack-edge.com\/2019-10-23\/805254797908_22135067b36dfb715e99_72.jpg",
            "first_name": "",
            "real_name": "Erin McKean",
            "display_name": "Erin McKean",
            "team": "TKFJE6LDR",
            "name": "emckean",
            "is_restricted": false,
            "is_ultra_restricted": false
        },
        "blocks": [
            {
                "type": "rich_text",
                "block_id": "ufN",
                "elements": [
                    {
                        "type": "rich_text_section",
                        "elements": [
                            {
                                "type": "text",
                                "text": "discussion and votes go on email because it's archived "
                            },
                            {
                                "type": "emoji",
                                "name": "slightly_smiling_face"
                            },
                            {
                                "type": "text",
                                "text": " We don't have a paid Slack plan (and probably couldn't afford one) so we don't have a Slack archive"
                            }
                        ]
                    }
                ]
            }
        ]
    },
    {
        "client_msg_id": "ebb26a64-7f2c-4993-971c-d9c0424df9a2",
        "type": "message",
        "text": "some people also don't like to participate on Slack for accessibility reasons",
        "user": "UL2AA1FF1",
        "ts": "1589661176.288000",
        "team": "TKFJE6LDR",
        "user_team": "TKFJE6LDR",
        "source_team": "TKFJE6LDR",
        "user_profile": {
            "avatar_hash": "22135067b36d",
            "image_72": "https:\/\/avatars.slack-edge.com\/2019-10-23\/805254797908_22135067b36dfb715e99_72.jpg",
            "first_name": "",
            "real_name": "Erin McKean",
            "display_name": "Erin McKean",
            "team": "TKFJE6LDR",
            "name": "emckean",
            "is_restricted": false,
            "is_ultra_restricted": false
        },
        "blocks": [
            {
                "type": "rich_text",
                "block_id": "m9S+",
                "elements": [
                    {
                        "type": "rich_text_section",
                        "elements": [
                            {
                                "type": "text",
                                "text": "some people also don't like to participate on Slack for accessibility reasons"
                            }
                        ]
                    }
                ]
            }
        ],
        "reactions": [
            {
                "name": "+1",
                "users": [
                    "U013SP763UH"
                ],
                "count": 1
            }
        ]
    },
    {
        "client_msg_id": "d8b2f318-3894-4fd2-9dad-2ccfe1d0690e",
        "type": "message",
        "text": "I see. That makes sense. Thanks for explaining.",
        "user": "U013SP763UH",
        "ts": "1589679330.289400",
        "team": "TKFJE6LDR",
        "user_team": "TKFJE6LDR",
        "source_team": "TKFJE6LDR",
        "user_profile": {
            "avatar_hash": "ge679a953230",
            "image_72": "https:\/\/secure.gravatar.com\/avatar\/e679a953230d7fe2144b09ae62707900.jpg?s=72&d=https%3A%2F%2Fa.slack-edge.com%2Fdf10d%2Fimg%2Favatars%2Fava_0015-72.png",
            "first_name": "Shreyas",
            "real_name": "Shreyas Thirumalai",
            "display_name": "shreyas1599",
            "team": "TKFJE6LDR",
            "name": "shreyasthirumalai",
            "is_restricted": false,
            "is_ultra_restricted": false
        },
        "blocks": [
            {
                "type": "rich_text",
                "block_id": "7Geyl",
                "elements": [
                    {
                        "type": "rich_text_section",
                        "elements": [
                            {
                                "type": "text",
                                "text": "I see. That makes sense. Thanks for explaining."
                            }
                        ]
                    }
                ]
            }
        ]
    },
    {
        "client_msg_id": "413123fb-6788-4f1b-ae38-e11c646eb4db",
        "type": "message",
        "text": "GitHub is planning to introduce a discussions like feature that makes it easier for open source repos to manage discussions. They announced this in their annual conference. Perhaps, we could consider that in the future when it is released.",
        "user": "U013SP763UH",
        "ts": "1589679735.292400",
        "team": "TKFJE6LDR",
        "user_team": "TKFJE6LDR",
        "source_team": "TKFJE6LDR",
        "user_profile": {
            "avatar_hash": "ge679a953230",
            "image_72": "https:\/\/secure.gravatar.com\/avatar\/e679a953230d7fe2144b09ae62707900.jpg?s=72&d=https%3A%2F%2Fa.slack-edge.com%2Fdf10d%2Fimg%2Favatars%2Fava_0015-72.png",
            "first_name": "Shreyas",
            "real_name": "Shreyas Thirumalai",
            "display_name": "shreyas1599",
            "team": "TKFJE6LDR",
            "name": "shreyasthirumalai",
            "is_restricted": false,
            "is_ultra_restricted": false
        },
        "blocks": [
            {
                "type": "rich_text",
                "block_id": "ani9x",
                "elements": [
                    {
                        "type": "rich_text_section",
                        "elements": [
                            {
                                "type": "text",
                                "text": "GitHub is planning to introduce a discussions like feature that makes it easier for open source repos to manage discussions. They announced this in their annual conference. Perhaps, we could consider that in the future when it is released."
                            }
                        ]
                    }
                ]
            }
        ],
        "reactions": [
            {
                "name": "+1",
                "users": [
                    "UL2AA1FF1"
                ],
                "count": 1
            }
        ]
    },
    {
        "client_msg_id": "9777bb84-049a-4197-b710-48dcb139c1ab",
        "type": "message",
        "text": "<@U013SP763UH> Thanks for all the fixes you have been making. With regards to finding comments which seem to have been fixed, you may find it helpful to look and the original comments which were in Google docs.. (Turn on comments, top right button, so you can see comments which were closed). <https:\/\/drive.google.com\/drive\/u\/1\/folders\/1He_WbY7qEzCVs1ub9nLQhrL8GOoogy5d|https:\/\/drive.google.com\/drive\/u\/1\/folders\/1He_WbY7qEzCVs1ub9nLQhrL8GOoogy5d>",
        "user": "UKTGLQNGG",
        "ts": "1589692432.295200",
        "team": "TKFJE6LDR",
        "user_team": "TKFJE6LDR",
        "source_team": "TKFJE6LDR",
        "user_profile": {
            "avatar_hash": "ge03fcb118b0",
            "image_72": "https:\/\/secure.gravatar.com\/avatar\/9e03fcb118b0853a3fedfdee2367779d.jpg?s=72&d=https%3A%2F%2Fa.slack-edge.com%2Fdf10d%2Fimg%2Favatars%2Fava_0021-72.png",
            "first_name": "Cameron",
            "real_name": "Cameron Shorter",
            "display_name": "cameronshorter",
            "team": "TKFJE6LDR",
            "name": "cameron.shorter",
            "is_restricted": false,
            "is_ultra_restricted": false
        },
        "blocks": [
            {
                "type": "rich_text",
                "block_id": "3LT",
                "elements": [
                    {
                        "type": "rich_text_section",
                        "elements": [
                            {
                                "type": "user",
                                "user_id": "U013SP763UH"
                            },
                            {
                                "type": "text",
                                "text": " Thanks for all the fixes you have been making. With regards to finding comments which seem to have been fixed, you may find it helpful to look and the original comments which were in Google docs.. (Turn on comments, top right button, so you can see comments which were closed). "
                            },
                            {
                                "type": "link",
                                "url": "https:\/\/drive.google.com\/drive\/u\/1\/folders\/1He_WbY7qEzCVs1ub9nLQhrL8GOoogy5d",
                                "text": "https:\/\/drive.google.com\/drive\/u\/1\/folders\/1He_WbY7qEzCVs1ub9nLQhrL8GOoogy5d"
                            }
                        ]
                    }
                ]
            }
        ],
        "reactions": [
            {
                "name": "+1",
                "users": [
                    "U013SP763UH"
                ],
                "count": 1
            }
        ]
    },
    {
        "type": "message",
        "text": "Hello everyone, I'm Osinachi.\nI'm happy to be here.\nI hope to learn more about effective docs.\n\nWhat sparked my interest to join this community is this image with Venn Circles about Minimum Viable Docset. I support the idea of quality guides in docs.\n\nI'm primarily a front-end developer. I want to improve my documentation.\n\nFinally, I plan to participate in GSoD. Though checking the wiki page of thegooddocsproject did scare me. I have sent mails to other organizations.",
        "files": [
            {
                "id": "F013SNVBBA6",
                "created": 1589695298,
                "timestamp": 1589695298,
                "name": "thegooddocs.png",
                "title": "thegooddocs.png",
                "mimetype": "image\/png",
                "filetype": "png",
                "pretty_type": "PNG",
                "user": "U013BQ7KEVD",
                "editable": false,
                "size": 83912,
                "mode": "hosted",
                "is_external": false,
                "external_type": "",
                "is_public": true,
                "public_url_shared": false,
                "display_as_bot": false,
                "username": "",
                "url_private": "https:\/\/files.slack.com\/files-pri\/TKFJE6LDR-F013SNVBBA6\/thegooddocs.png?t=xoxe-661626224467-1176889373458-1189513059441-ae8bad2fa75b08bee478ccbaefddd7f6",
                "url_private_download": "https:\/\/files.slack.com\/files-pri\/TKFJE6LDR-F013SNVBBA6\/download\/thegooddocs.png?t=xoxe-661626224467-1176889373458-1189513059441-ae8bad2fa75b08bee478ccbaefddd7f6",
                "thumb_64": "https:\/\/files.slack.com\/files-tmb\/TKFJE6LDR-F013SNVBBA6-398d8b8815\/thegooddocs_64.png?t=xoxe-661626224467-1176889373458-1189513059441-ae8bad2fa75b08bee478ccbaefddd7f6",
                "thumb_80": "https:\/\/files.slack.com\/files-tmb\/TKFJE6LDR-F013SNVBBA6-398d8b8815\/thegooddocs_80.png?t=xoxe-661626224467-1176889373458-1189513059441-ae8bad2fa75b08bee478ccbaefddd7f6",
                "thumb_360": "https:\/\/files.slack.com\/files-tmb\/TKFJE6LDR-F013SNVBBA6-398d8b8815\/thegooddocs_360.png?t=xoxe-661626224467-1176889373458-1189513059441-ae8bad2fa75b08bee478ccbaefddd7f6",
                "thumb_360_w": 360,
                "thumb_360_h": 264,
                "thumb_480": "https:\/\/files.slack.com\/files-tmb\/TKFJE6LDR-F013SNVBBA6-398d8b8815\/thegooddocs_480.png?t=xoxe-661626224467-1176889373458-1189513059441-ae8bad2fa75b08bee478ccbaefddd7f6",
                "thumb_480_w": 480,
                "thumb_480_h": 352,
                "thumb_160": "https:\/\/files.slack.com\/files-tmb\/TKFJE6LDR-F013SNVBBA6-398d8b8815\/thegooddocs_160.png?t=xoxe-661626224467-1176889373458-1189513059441-ae8bad2fa75b08bee478ccbaefddd7f6",
                "original_w": 636,
                "original_h": 466,
                "thumb_tiny": "AwAjADCDUVVWj2qB8vYYqskEkgyqEj1q9eSJ58DOuVC8irEbLIMoQw9qAM4WUx7AfjQbKYdgfoa1CjdiBSbWHWgRkGCRWCshGTjNW7q3RbfKLgp39auZVWAZgCeg9ainKtFIB\/dNAyvqgAeLH92prHb9mG3rnn6067gEjoXDEBegFRK\/k8w20uT1+Uj\/ABoAtZb2\/Oo7h9tu5J7cfWoGubkkkW5A91NVpRczHLo5HYBTimAkD\/6UjH1rQuDtt5D\/ALNZogmByIpP++TVi5llkhCmF17sSOKQF8yuRyf0o81\/X9KZRQASTPsPzfpTIZpOfm\/SiT7hpkPegCx5r\/3v0qG4kYwyZPVTTqjn\/wBS\/wDumgD\/2Q==",
                "permalink": "https:\/\/thegooddocs.slack.com\/files\/U013BQ7KEVD\/F013SNVBBA6\/thegooddocs.png",
                "permalink_public": "https:\/\/slack-files.com\/TKFJE6LDR-F013SNVBBA6-58c902c4c5",
                "is_starred": false,
                "has_rich_preview": false
            }
        ],
        "upload": true,
        "blocks": [
            {
                "type": "rich_text",
                "block_id": "jXMHb",
                "elements": [
                    {
                        "type": "rich_text_section",
                        "elements": [
                            {
                                "type": "text",
                                "text": "Hello everyone, I'm Osinachi.\nI'm happy to be here.\nI hope to learn more about effective docs.\n\nWhat sparked my interest to join this community is this image with Venn Circles about Minimum Viable Docset. I support the idea of quality guides in docs.\n\nI'm primarily a front-end developer. I want to improve my documentation.\n\nFinally, I plan to participate in GSoD. Though checking the wiki page of thegooddocsproject did scare me. I have sent mails to other organizations."
                            }
                        ]
                    }
                ]
            }
        ],
        "user": "U013BQ7KEVD",
        "display_as_bot": false,
        "ts": "1589695310.296500",
        "edited": {
            "user": "U013BQ7KEVD",
            "ts": "1589695380.000000"
        },
        "client_msg_id": "2125c4a9-a773-4375-9917-d071f97ab387",
        "thread_ts": "1589695310.296500",
        "reply_count": 3,
        "reply_users_count": 3,
        "latest_reply": "1589741162.297500",
        "reply_users": [
            "UKTGLQNGG",
            "UKVC4NB71",
            "U013BQ7KEVD"
        ],
        "replies": [
            {
                "user": "UKTGLQNGG",
                "ts": "1589697205.296900"
            },
            {
                "user": "UKVC4NB71",
                "ts": "1589705900.297300"
            },
            {
                "user": "U013BQ7KEVD",
                "ts": "1589741162.297500"
            }
        ],
        "subscribed": false,
        "reactions": [
            {
                "name": "doctopus",
                "users": [
                    "UKTGLQNGG"
                ],
                "count": 1
            },
            {
                "name": "+1",
                "users": [
                    "UR1VBKHD1",
                    "UTCKDLXJ9",
                    "U013U5JASUR",
                    "UUKDDFDLM"
                ],
                "count": 4
            }
        ]
    },
    {
        "client_msg_id": "e02497e2-9090-43ab-9318-57922e83d8b3",
        "type": "message",
        "text": "Welcome and good luck with your Season of Docs applications. It will be great if our templates can help other projects, it is nice to see you thinking of it.",
        "user": "UKTGLQNGG",
        "ts": "1589697205.296900",
        "team": "TKFJE6LDR",
        "user_team": "TKFJE6LDR",
        "source_team": "TKFJE6LDR",
        "user_profile": {
            "avatar_hash": "ge03fcb118b0",
            "image_72": "https:\/\/secure.gravatar.com\/avatar\/9e03fcb118b0853a3fedfdee2367779d.jpg?s=72&d=https%3A%2F%2Fa.slack-edge.com%2Fdf10d%2Fimg%2Favatars%2Fava_0021-72.png",
            "first_name": "Cameron",
            "real_name": "Cameron Shorter",
            "display_name": "cameronshorter",
            "team": "TKFJE6LDR",
            "name": "cameron.shorter",
            "is_restricted": false,
            "is_ultra_restricted": false
        },
        "blocks": [
            {
                "type": "rich_text",
                "block_id": "T\/yJ",
                "elements": [
                    {
                        "type": "rich_text_section",
                        "elements": [
                            {
                                "type": "text",
                                "text": "Welcome and good luck with your Season of Docs applications. It will be great if our templates can help other projects, it is nice to see you thinking of it."
                            }
                        ]
                    }
                ]
            }
        ],
        "thread_ts": "1589695310.296500",
        "parent_user_id": "U013BQ7KEVD"
    }
]