[
    {
        "client_msg_id": "50b4feec-cc73-45ca-b156-29c09059d645",
        "type": "message",
        "text": "Review done. I couldn't approve it in it's current iteration. Check the PR comments for more details.",
        "user": "UKVC4NB71",
        "ts": "1583053380.000600",
        "team": "TKFJE6LDR",
        "user_team": "TKFJE6LDR",
        "source_team": "TKFJE6LDR",
        "user_profile": {
            "avatar_hash": "c7d9788d4436",
            "image_72": "https:\/\/avatars.slack-edge.com\/2019-10-30\/814314609877_c7d9788d4436969613a7_72.jpg",
            "first_name": "Jared",
            "real_name": "Jared Morgan",
            "display_name": "jaredmorgs",
            "team": "TKFJE6LDR",
            "name": "jaredleonmorgan",
            "is_restricted": false,
            "is_ultra_restricted": false
        },
        "blocks": [
            {
                "type": "rich_text",
                "block_id": "vI8m",
                "elements": [
                    {
                        "type": "rich_text_section",
                        "elements": [
                            {
                                "type": "text",
                                "text": "Review done. I couldn't approve it in it's current iteration. Check the PR comments for more details."
                            }
                        ]
                    }
                ]
            }
        ],
        "thread_ts": "1583053380.000600",
        "reply_count": 24,
        "reply_users_count": 2,
        "latest_reply": "1583059009.005500",
        "reply_users": [
            "UKTGLQNGG",
            "UKVC4NB71"
        ],
        "replies": [
            {
                "user": "UKTGLQNGG",
                "ts": "1583053737.000700"
            },
            {
                "user": "UKTGLQNGG",
                "ts": "1583053794.000900"
            },
            {
                "user": "UKTGLQNGG",
                "ts": "1583053947.001100"
            },
            {
                "user": "UKVC4NB71",
                "ts": "1583054044.001300"
            },
            {
                "user": "UKVC4NB71",
                "ts": "1583054130.001500"
            },
            {
                "user": "UKVC4NB71",
                "ts": "1583054142.001700"
            },
            {
                "user": "UKTGLQNGG",
                "ts": "1583054182.001900"
            },
            {
                "user": "UKVC4NB71",
                "ts": "1583054198.002100"
            },
            {
                "user": "UKVC4NB71",
                "ts": "1583054246.002400"
            },
            {
                "user": "UKVC4NB71",
                "ts": "1583054249.002600"
            },
            {
                "user": "UKVC4NB71",
                "ts": "1583054287.002800"
            },
            {
                "user": "UKVC4NB71",
                "ts": "1583054303.003000"
            },
            {
                "user": "UKTGLQNGG",
                "ts": "1583054321.003200"
            },
            {
                "user": "UKVC4NB71",
                "ts": "1583054335.003400"
            },
            {
                "user": "UKVC4NB71",
                "ts": "1583054343.003600"
            },
            {
                "user": "UKTGLQNGG",
                "ts": "1583054350.003800"
            },
            {
                "user": "UKVC4NB71",
                "ts": "1583054365.004000"
            },
            {
                "user": "UKTGLQNGG",
                "ts": "1583054382.004200"
            },
            {
                "user": "UKTGLQNGG",
                "ts": "1583054397.004400"
            },
            {
                "user": "UKVC4NB71",
                "ts": "1583054425.004600"
            },
            {
                "user": "UKTGLQNGG",
                "ts": "1583054457.004800"
            },
            {
                "user": "UKTGLQNGG",
                "ts": "1583058954.005000"
            },
            {
                "user": "UKTGLQNGG",
                "ts": "1583058957.005200"
            },
            {
                "user": "UKTGLQNGG",
                "ts": "1583059009.005500"
            }
        ],
        "subscribed": false
    },
    {
        "client_msg_id": "a61cf89e-9785-4f51-8bf0-4e1667f800b8",
        "type": "message",
        "text": "Hi <@UKVC4NB71>, thanks for the review.",
        "user": "UKTGLQNGG",
        "ts": "1583053737.000700",
        "team": "TKFJE6LDR",
        "user_team": "TKFJE6LDR",
        "source_team": "TKFJE6LDR",
        "user_profile": {
            "avatar_hash": "ge03fcb118b0",
            "image_72": "https:\/\/secure.gravatar.com\/avatar\/9e03fcb118b0853a3fedfdee2367779d.jpg?s=72&d=https%3A%2F%2Fa.slack-edge.com%2Fdf10d%2Fimg%2Favatars%2Fava_0021-72.png",
            "first_name": "Cameron",
            "real_name": "Cameron Shorter",
            "display_name": "cameronshorter",
            "team": "TKFJE6LDR",
            "name": "cameron.shorter",
            "is_restricted": false,
            "is_ultra_restricted": false
        },
        "blocks": [
            {
                "type": "rich_text",
                "block_id": "UQAD",
                "elements": [
                    {
                        "type": "rich_text_section",
                        "elements": [
                            {
                                "type": "text",
                                "text": "Hi "
                            },
                            {
                                "type": "user",
                                "user_id": "UKVC4NB71"
                            },
                            {
                                "type": "text",
                                "text": ", thanks for the review."
                            }
                        ]
                    }
                ]
            }
        ],
        "thread_ts": "1583053380.000600",
        "parent_user_id": "UKVC4NB71"
    },
    {
        "client_msg_id": "f65f15a6-6e4e-4b0f-811a-ae937308bbc7",
        "type": "message",
        "text": "I was deliberately doing a light touch, and think there is more to change.",
        "user": "UKTGLQNGG",
        "ts": "1583053794.000900",
        "team": "TKFJE6LDR",
        "user_team": "TKFJE6LDR",
        "source_team": "TKFJE6LDR",
        "user_profile": {
            "avatar_hash": "ge03fcb118b0",
            "image_72": "https:\/\/secure.gravatar.com\/avatar\/9e03fcb118b0853a3fedfdee2367779d.jpg?s=72&d=https%3A%2F%2Fa.slack-edge.com%2Fdf10d%2Fimg%2Favatars%2Fava_0021-72.png",
            "first_name": "Cameron",
            "real_name": "Cameron Shorter",
            "display_name": "cameronshorter",
            "team": "TKFJE6LDR",
            "name": "cameron.shorter",
            "is_restricted": false,
            "is_ultra_restricted": false
        },
        "blocks": [
            {
                "type": "rich_text",
                "block_id": "80y0k",
                "elements": [
                    {
                        "type": "rich_text_section",
                        "elements": [
                            {
                                "type": "text",
                                "text": "I was deliberately doing a light touch, and think there is more to change."
                            }
                        ]
                    }
                ]
            }
        ],
        "thread_ts": "1583053380.000600",
        "parent_user_id": "UKVC4NB71"
    },
    {
        "client_msg_id": "a88371bb-fd89-4012-ad08-d7650417821d",
        "type": "message",
        "text": "I’m on board with switching from asciidoc to markdown, if that is fine with you. But I’d probably do it in 2 commits. One to change the content, the next to change the source format.",
        "user": "UKTGLQNGG",
        "ts": "1583053947.001100",
        "team": "TKFJE6LDR",
        "user_team": "TKFJE6LDR",
        "source_team": "TKFJE6LDR",
        "user_profile": {
            "avatar_hash": "ge03fcb118b0",
            "image_72": "https:\/\/secure.gravatar.com\/avatar\/9e03fcb118b0853a3fedfdee2367779d.jpg?s=72&d=https%3A%2F%2Fa.slack-edge.com%2Fdf10d%2Fimg%2Favatars%2Fava_0021-72.png",
            "first_name": "Cameron",
            "real_name": "Cameron Shorter",
            "display_name": "cameronshorter",
            "team": "TKFJE6LDR",
            "name": "cameron.shorter",
            "is_restricted": false,
            "is_ultra_restricted": false
        },
        "blocks": [
            {
                "type": "rich_text",
                "block_id": "nBq",
                "elements": [
                    {
                        "type": "rich_text_section",
                        "elements": [
                            {
                                "type": "text",
                                "text": "I’m on board with switching from asciidoc to markdown, if that is fine with you. But I’d probably do it in 2 commits. One to change the content, the next to change the source format."
                            }
                        ]
                    }
                ]
            }
        ],
        "thread_ts": "1583053380.000600",
        "parent_user_id": "UKVC4NB71"
    },
    {
        "client_msg_id": "35fa346c-21aa-4d33-8929-c25e00d79464",
        "type": "message",
        "text": "The problem I have is that removing the table structure has changed what the table was representing: nested step structure for the substeps. At the moment I wouldn't be able to take  this template and fill in the blanks.",
        "user": "UKVC4NB71",
        "ts": "1583054044.001300",
        "team": "TKFJE6LDR",
        "user_team": "TKFJE6LDR",
        "source_team": "TKFJE6LDR",
        "user_profile": {
            "avatar_hash": "c7d9788d4436",
            "image_72": "https:\/\/avatars.slack-edge.com\/2019-10-30\/814314609877_c7d9788d4436969613a7_72.jpg",
            "first_name": "Jared",
            "real_name": "Jared Morgan",
            "display_name": "jaredmorgs",
            "team": "TKFJE6LDR",
            "name": "jaredleonmorgan",
            "is_restricted": false,
            "is_ultra_restricted": false
        },
        "blocks": [
            {
                "type": "rich_text",
                "block_id": "e=Krq",
                "elements": [
                    {
                        "type": "rich_text_section",
                        "elements": [
                            {
                                "type": "text",
                                "text": "The problem I have is that removing the table structure has changed what the table was representing: nested step structure for the substeps. At the moment I wouldn't be able to take  this template and fill in the blanks."
                            }
                        ]
                    }
                ]
            }
        ],
        "thread_ts": "1583053380.000600",
        "parent_user_id": "UKVC4NB71"
    },
    {
        "client_msg_id": "38ceb92e-0320-4398-81a5-166cfb0fe934",
        "type": "message",
        "text": "So if you are going to make this change I think you can't really do a light touch on it. You need to go the whole hog here.",
        "user": "UKVC4NB71",
        "ts": "1583054130.001500",
        "team": "TKFJE6LDR",
        "user_team": "TKFJE6LDR",
        "source_team": "TKFJE6LDR",
        "user_profile": {
            "avatar_hash": "c7d9788d4436",
            "image_72": "https:\/\/avatars.slack-edge.com\/2019-10-30\/814314609877_c7d9788d4436969613a7_72.jpg",
            "first_name": "Jared",
            "real_name": "Jared Morgan",
            "display_name": "jaredmorgs",
            "team": "TKFJE6LDR",
            "name": "jaredleonmorgan",
            "is_restricted": false,
            "is_ultra_restricted": false
        },
        "blocks": [
            {
                "type": "rich_text",
                "block_id": "sOw",
                "elements": [
                    {
                        "type": "rich_text_section",
                        "elements": [
                            {
                                "type": "text",
                                "text": "So if you are going to make this change I think you can't really do a light touch on it. You need to go the whole hog here."
                            }
                        ]
                    }
                ]
            }
        ],
        "thread_ts": "1583053380.000600",
        "parent_user_id": "UKVC4NB71"
    },
    {
        "client_msg_id": "977e66f2-6b75-439a-b77b-0829d064f6ee",
        "type": "message",
        "text": "Because removing the table has implications.",
        "user": "UKVC4NB71",
        "ts": "1583054142.001700",
        "team": "TKFJE6LDR",
        "user_team": "TKFJE6LDR",
        "source_team": "TKFJE6LDR",
        "user_profile": {
            "avatar_hash": "c7d9788d4436",
            "image_72": "https:\/\/avatars.slack-edge.com\/2019-10-30\/814314609877_c7d9788d4436969613a7_72.jpg",
            "first_name": "Jared",
            "real_name": "Jared Morgan",
            "display_name": "jaredmorgs",
            "team": "TKFJE6LDR",
            "name": "jaredleonmorgan",
            "is_restricted": false,
            "is_ultra_restricted": false
        },
        "blocks": [
            {
                "type": "rich_text",
                "block_id": "1N0",
                "elements": [
                    {
                        "type": "rich_text_section",
                        "elements": [
                            {
                                "type": "text",
                                "text": "Because removing the table has implications."
                            }
                        ]
                    }
                ]
            }
        ],
        "thread_ts": "1583053380.000600",
        "parent_user_id": "UKVC4NB71"
    },
    {
        "client_msg_id": "df31ebce-6b15-45e9-af5f-723b3e5dd5b7",
        "type": "message",
        "text": "Yes, I’m ok with doing a big approach - and I’ve been hesitating before doing so, as I’ve been researching how a big approach should be applied.",
        "user": "UKTGLQNGG",
        "ts": "1583054182.001900",
        "team": "TKFJE6LDR",
        "user_team": "TKFJE6LDR",
        "source_team": "TKFJE6LDR",
        "user_profile": {
            "avatar_hash": "ge03fcb118b0",
            "image_72": "https:\/\/secure.gravatar.com\/avatar\/9e03fcb118b0853a3fedfdee2367779d.jpg?s=72&d=https%3A%2F%2Fa.slack-edge.com%2Fdf10d%2Fimg%2Favatars%2Fava_0021-72.png",
            "first_name": "Cameron",
            "real_name": "Cameron Shorter",
            "display_name": "cameronshorter",
            "team": "TKFJE6LDR",
            "name": "cameron.shorter",
            "is_restricted": false,
            "is_ultra_restricted": false
        },
        "blocks": [
            {
                "type": "rich_text",
                "block_id": "QxH",
                "elements": [
                    {
                        "type": "rich_text_section",
                        "elements": [
                            {
                                "type": "text",
                                "text": "Yes, I’m ok with doing a big approach - and I’ve been hesitating before doing so, as I’ve been researching how a big approach should be applied."
                            }
                        ]
                    }
                ]
            }
        ],
        "thread_ts": "1583053380.000600",
        "parent_user_id": "UKVC4NB71"
    },
    {
        "client_msg_id": "f16667d6-6f03-4d6b-937a-9266c4053c44",
        "type": "message",
        "text": "This isn't \"big\" from a change perspective IMHO.",
        "user": "UKVC4NB71",
        "ts": "1583054198.002100",
        "team": "TKFJE6LDR",
        "user_team": "TKFJE6LDR",
        "source_team": "TKFJE6LDR",
        "user_profile": {
            "avatar_hash": "c7d9788d4436",
            "image_72": "https:\/\/avatars.slack-edge.com\/2019-10-30\/814314609877_c7d9788d4436969613a7_72.jpg",
            "first_name": "Jared",
            "real_name": "Jared Morgan",
            "display_name": "jaredmorgs",
            "team": "TKFJE6LDR",
            "name": "jaredleonmorgan",
            "is_restricted": false,
            "is_ultra_restricted": false
        },
        "edited": {
            "user": "UKVC4NB71",
            "ts": "1583054221.000000"
        },
        "blocks": [
            {
                "type": "rich_text",
                "block_id": "41xHB",
                "elements": [
                    {
                        "type": "rich_text_section",
                        "elements": [
                            {
                                "type": "text",
                                "text": "This isn't \"big\" from a change perspective IMHO."
                            }
                        ]
                    }
                ]
            }
        ],
        "thread_ts": "1583053380.000600",
        "parent_user_id": "UKVC4NB71"
    },
    {
        "client_msg_id": "7827b3bd-b5e9-41e6-9d40-363f0aa27d5e",
        "type": "message",
        "text": "But if you want to stage the change between two MRs you should've done the MD change first.",
        "user": "UKVC4NB71",
        "ts": "1583054246.002400",
        "team": "TKFJE6LDR",
        "user_team": "TKFJE6LDR",
        "source_team": "TKFJE6LDR",
        "user_profile": {
            "avatar_hash": "c7d9788d4436",
            "image_72": "https:\/\/avatars.slack-edge.com\/2019-10-30\/814314609877_c7d9788d4436969613a7_72.jpg",
            "first_name": "Jared",
            "real_name": "Jared Morgan",
            "display_name": "jaredmorgs",
            "team": "TKFJE6LDR",
            "name": "jaredleonmorgan",
            "is_restricted": false,
            "is_ultra_restricted": false
        },
        "blocks": [
            {
                "type": "rich_text",
                "block_id": "Lats",
                "elements": [
                    {
                        "type": "rich_text_section",
                        "elements": [
                            {
                                "type": "text",
                                "text": "But if you want to stage the change between two MRs you should've done the MD change first."
                            }
                        ]
                    }
                ]
            }
        ],
        "thread_ts": "1583053380.000600",
        "parent_user_id": "UKVC4NB71"
    },
    {
        "client_msg_id": "4a7e108e-b550-4e5a-9e57-e40b92e53e6e",
        "type": "message",
        "text": "Then changed the copy.",
        "user": "UKVC4NB71",
        "ts": "1583054249.002600",
        "team": "TKFJE6LDR",
        "user_team": "TKFJE6LDR",
        "source_team": "TKFJE6LDR",
        "user_profile": {
            "avatar_hash": "c7d9788d4436",
            "image_72": "https:\/\/avatars.slack-edge.com\/2019-10-30\/814314609877_c7d9788d4436969613a7_72.jpg",
            "first_name": "Jared",
            "real_name": "Jared Morgan",
            "display_name": "jaredmorgs",
            "team": "TKFJE6LDR",
            "name": "jaredleonmorgan",
            "is_restricted": false,
            "is_ultra_restricted": false
        },
        "blocks": [
            {
                "type": "rich_text",
                "block_id": "TRBG+",
                "elements": [
                    {
                        "type": "rich_text_section",
                        "elements": [
                            {
                                "type": "text",
                                "text": "Then changed the copy."
                            }
                        ]
                    }
                ]
            }
        ],
        "thread_ts": "1583053380.000600",
        "parent_user_id": "UKVC4NB71"
    },
    {
        "client_msg_id": "18125022-28c9-45d6-bda2-a6585b108ea6",
        "type": "message",
        "text": "Bearing this in mind, I can merge it for you but you will need to make the change over to MD shortly thereafter.",
        "user": "UKVC4NB71",
        "ts": "1583054287.002800",
        "team": "TKFJE6LDR",
        "user_team": "TKFJE6LDR",
        "source_team": "TKFJE6LDR",
        "user_profile": {
            "avatar_hash": "c7d9788d4436",
            "image_72": "https:\/\/avatars.slack-edge.com\/2019-10-30\/814314609877_c7d9788d4436969613a7_72.jpg",
            "first_name": "Jared",
            "real_name": "Jared Morgan",
            "display_name": "jaredmorgs",
            "team": "TKFJE6LDR",
            "name": "jaredleonmorgan",
            "is_restricted": false,
            "is_ultra_restricted": false
        },
        "blocks": [
            {
                "type": "rich_text",
                "block_id": "gTl",
                "elements": [
                    {
                        "type": "rich_text_section",
                        "elements": [
                            {
                                "type": "text",
                                "text": "Bearing this in mind, I can merge it for you but you will need to make the change over to MD shortly thereafter."
                            }
                        ]
                    }
                ]
            }
        ],
        "thread_ts": "1583053380.000600",
        "parent_user_id": "UKVC4NB71"
    },
    {
        "client_msg_id": "496c0f06-1342-463b-930e-2e12a3d5c85f",
        "type": "message",
        "text": "Otherwise the template can't really be used.",
        "user": "UKVC4NB71",
        "ts": "1583054303.003000",
        "team": "TKFJE6LDR",
        "user_team": "TKFJE6LDR",
        "source_team": "TKFJE6LDR",
        "user_profile": {
            "avatar_hash": "c7d9788d4436",
            "image_72": "https:\/\/avatars.slack-edge.com\/2019-10-30\/814314609877_c7d9788d4436969613a7_72.jpg",
            "first_name": "Jared",
            "real_name": "Jared Morgan",
            "display_name": "jaredmorgs",
            "team": "TKFJE6LDR",
            "name": "jaredleonmorgan",
            "is_restricted": false,
            "is_ultra_restricted": false
        },
        "blocks": [
            {
                "type": "rich_text",
                "block_id": "HTR",
                "elements": [
                    {
                        "type": "rich_text_section",
                        "elements": [
                            {
                                "type": "text",
                                "text": "Otherwise the template can't really be used."
                            }
                        ]
                    }
                ]
            }
        ],
        "thread_ts": "1583053380.000600",
        "parent_user_id": "UKVC4NB71"
    },
    {
        "client_msg_id": "695d7ab7-8a37-4987-9412-ae68c621c1ee",
        "type": "message",
        "text": "Do you have a minute to talk now?",
        "user": "UKTGLQNGG",
        "ts": "1583054321.003200",
        "team": "TKFJE6LDR",
        "user_team": "TKFJE6LDR",
        "source_team": "TKFJE6LDR",
        "user_profile": {
            "avatar_hash": "ge03fcb118b0",
            "image_72": "https:\/\/secure.gravatar.com\/avatar\/9e03fcb118b0853a3fedfdee2367779d.jpg?s=72&d=https%3A%2F%2Fa.slack-edge.com%2Fdf10d%2Fimg%2Favatars%2Fava_0021-72.png",
            "first_name": "Cameron",
            "real_name": "Cameron Shorter",
            "display_name": "cameronshorter",
            "team": "TKFJE6LDR",
            "name": "cameron.shorter",
            "is_restricted": false,
            "is_ultra_restricted": false
        },
        "blocks": [
            {
                "type": "rich_text",
                "block_id": "x=Gco",
                "elements": [
                    {
                        "type": "rich_text_section",
                        "elements": [
                            {
                                "type": "text",
                                "text": "Do you have a minute to talk now?"
                            }
                        ]
                    }
                ]
            }
        ],
        "thread_ts": "1583053380.000600",
        "parent_user_id": "UKVC4NB71"
    },
    {
        "client_msg_id": "63150b2f-cdca-484e-8f68-2c8aa347801f",
        "type": "message",
        "text": "Not right now sorry.",
        "user": "UKVC4NB71",
        "ts": "1583054335.003400",
        "team": "TKFJE6LDR",
        "user_team": "TKFJE6LDR",
        "source_team": "TKFJE6LDR",
        "user_profile": {
            "avatar_hash": "c7d9788d4436",
            "image_72": "https:\/\/avatars.slack-edge.com\/2019-10-30\/814314609877_c7d9788d4436969613a7_72.jpg",
            "first_name": "Jared",
            "real_name": "Jared Morgan",
            "display_name": "jaredmorgs",
            "team": "TKFJE6LDR",
            "name": "jaredleonmorgan",
            "is_restricted": false,
            "is_ultra_restricted": false
        },
        "blocks": [
            {
                "type": "rich_text",
                "block_id": "dKpLd",
                "elements": [
                    {
                        "type": "rich_text_section",
                        "elements": [
                            {
                                "type": "text",
                                "text": "Not right now sorry."
                            }
                        ]
                    }
                ]
            }
        ],
        "thread_ts": "1583053380.000600",
        "parent_user_id": "UKVC4NB71"
    },
    {
        "client_msg_id": "27e88f90-c976-4fe0-8ac4-11bebc6337a1",
        "type": "message",
        "text": "Trying to get the kids into bed.",
        "user": "UKVC4NB71",
        "ts": "1583054343.003600",
        "team": "TKFJE6LDR",
        "user_team": "TKFJE6LDR",
        "source_team": "TKFJE6LDR",
        "user_profile": {
            "avatar_hash": "c7d9788d4436",
            "image_72": "https:\/\/avatars.slack-edge.com\/2019-10-30\/814314609877_c7d9788d4436969613a7_72.jpg",
            "first_name": "Jared",
            "real_name": "Jared Morgan",
            "display_name": "jaredmorgs",
            "team": "TKFJE6LDR",
            "name": "jaredleonmorgan",
            "is_restricted": false,
            "is_ultra_restricted": false
        },
        "blocks": [
            {
                "type": "rich_text",
                "block_id": "nN5Yy",
                "elements": [
                    {
                        "type": "rich_text_section",
                        "elements": [
                            {
                                "type": "text",
                                "text": "Trying to get the kids into bed."
                            }
                        ]
                    }
                ]
            }
        ],
        "thread_ts": "1583053380.000600",
        "parent_user_id": "UKVC4NB71"
    },
    {
        "client_msg_id": "120201f6-bd4e-4cef-b003-2791ddd3c1c5",
        "type": "message",
        "text": ":slightly_smiling_face:",
        "user": "UKTGLQNGG",
        "ts": "1583054350.003800",
        "team": "TKFJE6LDR",
        "user_team": "TKFJE6LDR",
        "source_team": "TKFJE6LDR",
        "user_profile": {
            "avatar_hash": "ge03fcb118b0",
            "image_72": "https:\/\/secure.gravatar.com\/avatar\/9e03fcb118b0853a3fedfdee2367779d.jpg?s=72&d=https%3A%2F%2Fa.slack-edge.com%2Fdf10d%2Fimg%2Favatars%2Fava_0021-72.png",
            "first_name": "Cameron",
            "real_name": "Cameron Shorter",
            "display_name": "cameronshorter",
            "team": "TKFJE6LDR",
            "name": "cameron.shorter",
            "is_restricted": false,
            "is_ultra_restricted": false
        },
        "blocks": [
            {
                "type": "rich_text",
                "block_id": "+rV9",
                "elements": [
                    {
                        "type": "rich_text_section",
                        "elements": [
                            {
                                "type": "emoji",
                                "name": "slightly_smiling_face"
                            }
                        ]
                    }
                ]
            }
        ],
        "thread_ts": "1583053380.000600",
        "parent_user_id": "UKVC4NB71"
    },
    {
        "client_msg_id": "98932ad7-39db-4a51-afce-3bebdb051c6b",
        "type": "message",
        "text": "Then I have a podcast to edit, which is why I sat down at the computer to start with.",
        "user": "UKVC4NB71",
        "ts": "1583054365.004000",
        "team": "TKFJE6LDR",
        "user_team": "TKFJE6LDR",
        "source_team": "TKFJE6LDR",
        "user_profile": {
            "avatar_hash": "c7d9788d4436",
            "image_72": "https:\/\/avatars.slack-edge.com\/2019-10-30\/814314609877_c7d9788d4436969613a7_72.jpg",
            "first_name": "Jared",
            "real_name": "Jared Morgan",
            "display_name": "jaredmorgs",
            "team": "TKFJE6LDR",
            "name": "jaredleonmorgan",
            "is_restricted": false,
            "is_ultra_restricted": false
        },
        "blocks": [
            {
                "type": "rich_text",
                "block_id": "9Eq",
                "elements": [
                    {
                        "type": "rich_text_section",
                        "elements": [
                            {
                                "type": "text",
                                "text": "Then I have a podcast to edit, which is why I sat down at the computer to start with."
                            }
                        ]
                    }
                ]
            }
        ],
        "thread_ts": "1583053380.000600",
        "parent_user_id": "UKVC4NB71"
    },
    {
        "client_msg_id": "26088540-b581-4fdb-a0ea-2bb1275b8e53",
        "type": "message",
        "text": "Can talk another day if that helps?",
        "user": "UKTGLQNGG",
        "ts": "1583054382.004200",
        "team": "TKFJE6LDR",
        "user_team": "TKFJE6LDR",
        "source_team": "TKFJE6LDR",
        "user_profile": {
            "avatar_hash": "ge03fcb118b0",
            "image_72": "https:\/\/secure.gravatar.com\/avatar\/9e03fcb118b0853a3fedfdee2367779d.jpg?s=72&d=https%3A%2F%2Fa.slack-edge.com%2Fdf10d%2Fimg%2Favatars%2Fava_0021-72.png",
            "first_name": "Cameron",
            "real_name": "Cameron Shorter",
            "display_name": "cameronshorter",
            "team": "TKFJE6LDR",
            "name": "cameron.shorter",
            "is_restricted": false,
            "is_ultra_restricted": false
        },
        "blocks": [
            {
                "type": "rich_text",
                "block_id": "MRF",
                "elements": [
                    {
                        "type": "rich_text_section",
                        "elements": [
                            {
                                "type": "text",
                                "text": "Can talk another day if that helps?"
                            }
                        ]
                    }
                ]
            }
        ],
        "thread_ts": "1583053380.000600",
        "parent_user_id": "UKVC4NB71"
    },
    {
        "client_msg_id": "536d7a18-7236-412b-99f2-be56d7c59fa7",
        "type": "message",
        "text": "Otherwise, I’ll take a crack and then see what you think.",
        "user": "UKTGLQNGG",
        "ts": "1583054397.004400",
        "team": "TKFJE6LDR",
        "user_team": "TKFJE6LDR",
        "source_team": "TKFJE6LDR",
        "user_profile": {
            "avatar_hash": "ge03fcb118b0",
            "image_72": "https:\/\/secure.gravatar.com\/avatar\/9e03fcb118b0853a3fedfdee2367779d.jpg?s=72&d=https%3A%2F%2Fa.slack-edge.com%2Fdf10d%2Fimg%2Favatars%2Fava_0021-72.png",
            "first_name": "Cameron",
            "real_name": "Cameron Shorter",
            "display_name": "cameronshorter",
            "team": "TKFJE6LDR",
            "name": "cameron.shorter",
            "is_restricted": false,
            "is_ultra_restricted": false
        },
        "blocks": [
            {
                "type": "rich_text",
                "block_id": "CZ5",
                "elements": [
                    {
                        "type": "rich_text_section",
                        "elements": [
                            {
                                "type": "text",
                                "text": "Otherwise, I’ll take a crack and then see what you think."
                            }
                        ]
                    }
                ]
            }
        ],
        "thread_ts": "1583053380.000600",
        "parent_user_id": "UKVC4NB71"
    },
    {
        "client_msg_id": "9a79cfe6-1ac6-4bbf-8a18-505222d43761",
        "type": "message",
        "text": "I trust you. Give it a go.",
        "user": "UKVC4NB71",
        "ts": "1583054425.004600",
        "team": "TKFJE6LDR",
        "user_team": "TKFJE6LDR",
        "source_team": "TKFJE6LDR",
        "user_profile": {
            "avatar_hash": "c7d9788d4436",
            "image_72": "https:\/\/avatars.slack-edge.com\/2019-10-30\/814314609877_c7d9788d4436969613a7_72.jpg",
            "first_name": "Jared",
            "real_name": "Jared Morgan",
            "display_name": "jaredmorgs",
            "team": "TKFJE6LDR",
            "name": "jaredleonmorgan",
            "is_restricted": false,
            "is_ultra_restricted": false
        },
        "blocks": [
            {
                "type": "rich_text",
                "block_id": "tAb",
                "elements": [
                    {
                        "type": "rich_text_section",
                        "elements": [
                            {
                                "type": "text",
                                "text": "I trust you. Give it a go."
                            }
                        ]
                    }
                ]
            }
        ],
        "thread_ts": "1583053380.000600",
        "parent_user_id": "UKVC4NB71"
    },
    {
        "client_msg_id": "cdb7450a-dd33-4c23-af3f-c2be6072bd10",
        "type": "message",
        "text": "Ok, I’ll start by switching to markdown, then we can debate structure.",
        "user": "UKTGLQNGG",
        "ts": "1583054457.004800",
        "team": "TKFJE6LDR",
        "user_team": "TKFJE6LDR",
        "source_team": "TKFJE6LDR",
        "user_profile": {
            "avatar_hash": "ge03fcb118b0",
            "image_72": "https:\/\/secure.gravatar.com\/avatar\/9e03fcb118b0853a3fedfdee2367779d.jpg?s=72&d=https%3A%2F%2Fa.slack-edge.com%2Fdf10d%2Fimg%2Favatars%2Fava_0021-72.png",
            "first_name": "Cameron",
            "real_name": "Cameron Shorter",
            "display_name": "cameronshorter",
            "team": "TKFJE6LDR",
            "name": "cameron.shorter",
            "is_restricted": false,
            "is_ultra_restricted": false
        },
        "blocks": [
            {
                "type": "rich_text",
                "block_id": "+jEGR",
                "elements": [
                    {
                        "type": "rich_text_section",
                        "elements": [
                            {
                                "type": "text",
                                "text": "Ok, I’ll start by switching to markdown, then we can debate structure."
                            }
                        ]
                    }
                ]
            }
        ],
        "thread_ts": "1583053380.000600",
        "parent_user_id": "UKVC4NB71"
    },
    {
        "client_msg_id": "a0c4037b-9daf-49bd-9b8d-4ac924672fed",
        "type": "message",
        "text": "Ok, take 2. I’ve moved to markdown, pulled out 3 types of steps: 1. Image, 2. Ordered list of substeps, 3. Code snippet",
        "user": "UKTGLQNGG",
        "ts": "1583058954.005000",
        "team": "TKFJE6LDR",
        "user_team": "TKFJE6LDR",
        "source_team": "TKFJE6LDR",
        "user_profile": {
            "avatar_hash": "ge03fcb118b0",
            "image_72": "https:\/\/secure.gravatar.com\/avatar\/9e03fcb118b0853a3fedfdee2367779d.jpg?s=72&d=https%3A%2F%2Fa.slack-edge.com%2Fdf10d%2Fimg%2Favatars%2Fava_0021-72.png",
            "first_name": "Cameron",
            "real_name": "Cameron Shorter",
            "display_name": "cameronshorter",
            "team": "TKFJE6LDR",
            "name": "cameron.shorter",
            "is_restricted": false,
            "is_ultra_restricted": false
        },
        "blocks": [
            {
                "type": "rich_text",
                "block_id": "WZ6nb",
                "elements": [
                    {
                        "type": "rich_text_section",
                        "elements": [
                            {
                                "type": "text",
                                "text": "Ok, take 2. I’ve moved to markdown, pulled out 3 types of steps: 1. Image, 2. Ordered list of substeps, 3. Code snippet"
                            }
                        ]
                    }
                ]
            }
        ],
        "thread_ts": "1583053380.000600",
        "parent_user_id": "UKVC4NB71"
    },
    {
        "client_msg_id": "4ddef2ca-d1e9-4276-9c20-7190c43be791",
        "type": "message",
        "text": "<https:\/\/github.com\/thegooddocsproject\/templates\/pull\/108>",
        "user": "UKTGLQNGG",
        "ts": "1583058957.005200",
        "team": "TKFJE6LDR",
        "user_team": "TKFJE6LDR",
        "source_team": "TKFJE6LDR",
        "user_profile": {
            "avatar_hash": "ge03fcb118b0",
            "image_72": "https:\/\/secure.gravatar.com\/avatar\/9e03fcb118b0853a3fedfdee2367779d.jpg?s=72&d=https%3A%2F%2Fa.slack-edge.com%2Fdf10d%2Fimg%2Favatars%2Fava_0021-72.png",
            "first_name": "Cameron",
            "real_name": "Cameron Shorter",
            "display_name": "cameronshorter",
            "team": "TKFJE6LDR",
            "name": "cameron.shorter",
            "is_restricted": false,
            "is_ultra_restricted": false
        },
        "attachments": [
            {
                "author_name": "camerons",
                "fallback": "[thegooddocsproject\/templates] #108 Move howto from adoc to md, and drop use of table layout",
                "text": "Addresses <https:\/\/github.com\/jaredmorgs|@jaredmorgs> suggestion to move to markdown and adding more structure to replace that lost by the table structure.\n\nFixes <https:\/\/github.com\/thegooddocsproject\/templates\/issues\/105|#105> and <https:\/\/github.com\/thegooddocsproject\/templates\/issues\/57|#57>.  \nI feel we shouldn't be recommending the use of tables to address image alignment. My reasons:  \n• Responsive web design principles suggest that we shouldn't assume the target screen size, and using tables locks us into a specific screen size.  \n• Applying layout recommendations contradicts the Google's style guide that we have decided to follow.  \n• TheGoodDocs templates should focus should be on content rather than style (although we might cover style elsewhere).  \nNote: I do think the use of tables for presenting images next to instructions is a good idea, but I think there are other ways to do it too, which should be considered as well.",
                "title": "#108 Move howto from adoc to md, and drop use of table layout",
                "footer": "<https:\/\/github.com\/thegooddocsproject\/templates|thegooddocsproject\/templates>",
                "id": 1,
                "title_link": "https:\/\/github.com\/thegooddocsproject\/templates\/pull\/108",
                "author_link": "https:\/\/github.com\/camerons",
                "author_icon": "https:\/\/avatars0.githubusercontent.com\/u\/1243535?v=4",
                "footer_icon": "https:\/\/github.githubassets.com\/favicon.ico",
                "ts": 1583058870,
                "color": "36a64f",
                "fields": [
                    {
                        "title": "Reviewers",
                        "value": "@jaredmorgs",
                        "short": true
                    }
                ],
                "mrkdwn_in": [
                    "text"
                ],
                "bot_id": "BU8U6P6AH",
                "app_unfurl_url": "https:\/\/github.com\/thegooddocsproject\/templates\/pull\/108",
                "is_app_unfurl": true
            }
        ],
        "blocks": [
            {
                "type": "rich_text",
                "block_id": "xi+w",
                "elements": [
                    {
                        "type": "rich_text_section",
                        "elements": [
                            {
                                "type": "link",
                                "url": "https:\/\/github.com\/thegooddocsproject\/templates\/pull\/108"
                            }
                        ]
                    }
                ]
            }
        ],
        "thread_ts": "1583053380.000600",
        "parent_user_id": "UKVC4NB71",
        "reactions": [
            {
                "name": "squirrel",
                "users": [
                    "UKVC4NB71"
                ],
                "count": 1
            }
        ]
    },
    {
        "client_msg_id": "e6063975-0b2e-4b30-a67c-a69abfc4b649",
        "type": "message",
        "text": "<https:\/\/github.com\/camerons\/templates\/blob\/howto2md\/how-to\/template-howto.md>",
        "user": "UKTGLQNGG",
        "ts": "1583059009.005500",
        "team": "TKFJE6LDR",
        "user_team": "TKFJE6LDR",
        "source_team": "TKFJE6LDR",
        "user_profile": {
            "avatar_hash": "ge03fcb118b0",
            "image_72": "https:\/\/secure.gravatar.com\/avatar\/9e03fcb118b0853a3fedfdee2367779d.jpg?s=72&d=https%3A%2F%2Fa.slack-edge.com%2Fdf10d%2Fimg%2Favatars%2Fava_0021-72.png",
            "first_name": "Cameron",
            "real_name": "Cameron Shorter",
            "display_name": "cameronshorter",
            "team": "TKFJE6LDR",
            "name": "cameron.shorter",
            "is_restricted": false,
            "is_ultra_restricted": false
        },
        "attachments": [
            {
                "fallback": "[camerons\/templates] how-to\/template-howto.md",
                "text": "```\n&lt;!-- Copy this Template. --&gt;\n&lt;!-- Describe the title of your article by replacing \"How-to Template\" with the page name you want to publish to. --&gt;\n# How-to template\n\n## Overview\n\nSummarise what this how-to article is about in a sentence or two.\n\n**Keywords:** Optionally add comma-separated keywords.\n\n## Before you start\n&lt;!-- Delete this section if your readers can dive straight into the lesson without requiring any prerequisite knowledge. --&gt;\nMake sure you meet the following prerequisites before starting the how-to steps:\n\n* Prerequisite one\n* Prerequisite two\n* etc\n\n## Step-by-step guide\n\n### Step 1: Optional: Title for step - image or screenshot\n\n&lt;!-- When an image, such as a screenshot, is quicker to interpret than descriptive text, put the screenshot first, otherwise lead with the text. --&gt;\n\n![alt text](<https:\/\/upload.wikimedia.org\/wikipedia\/commons\/3\/35\/Tux.svg> \"Image title which describes image.\")\n\nBrief instructions explaining how to interpret the image.\n\n### Step 2: Optional: Title for step - ordered list\n\nLead-in sentence for an ordered list:\n\n1. Substep A\n1. Substep B\n1. Substep C\n\n### Step 3: Optional: Title for step - code snippet\n\nLead in sentence explaining the code snippet. E.g.: \n\nRun the `apt` command to install the Asciidoctor package and check the version.\n\n```\n$ sudo apt install asciidoctor\n\n$ asciidoctor --version\nAsciidoctor 1.5.6.2 [<https:\/\/asciidoctor.org>]\n```\n\n```",
                "title": "how-to\/template-howto.md",
                "footer": "<https:\/\/github.com\/camerons\/templates|camerons\/templates>",
                "id": 1,
                "title_link": "https:\/\/github.com\/camerons\/templates\/blob\/howto2md\/how-to\/template-howto.md",
                "footer_icon": "https:\/\/github.githubassets.com\/favicon.ico",
                "color": "24292f",
                "mrkdwn_in": [
                    "text"
                ],
                "bot_id": "BU8U6P6AH",
                "app_unfurl_url": "https:\/\/github.com\/camerons\/templates\/blob\/howto2md\/how-to\/template-howto.md",
                "is_app_unfurl": true
            }
        ],
        "blocks": [
            {
                "type": "rich_text",
                "block_id": "yhi\/8",
                "elements": [
                    {
                        "type": "rich_text_section",
                        "elements": [
                            {
                                "type": "link",
                                "url": "https:\/\/github.com\/camerons\/templates\/blob\/howto2md\/how-to\/template-howto.md"
                            }
                        ]
                    }
                ]
            }
        ],
        "thread_ts": "1583053380.000600",
        "parent_user_id": "UKVC4NB71",
        "reactions": [
            {
                "name": "squirrel",
                "users": [
                    "UKVC4NB71"
                ],
                "count": 1
            }
        ]
    }
]