[
    {
        "client_msg_id": "852c83e1-9e91-449d-b455-4de5c9cfbbcc",
        "type": "message",
        "text": "<@UKTGLQNGG> This is 20:30 UTC+10 on Wednesday, June 10? I can make that time, if you want to send me a calendar invite :+1:",
        "user": "U011GCVJFQF",
        "ts": "1591611293.359400",
        "team": "TKFJE6LDR",
        "user_team": "TKFJE6LDR",
        "source_team": "TKFJE6LDR",
        "user_profile": {
            "avatar_hash": "5859193991fb",
            "image_72": "https:\/\/avatars.slack-edge.com\/2020-04-16\/1066602100115_5859193991fb4bbebcdf_72.png",
            "first_name": "",
            "real_name": "Daniel Beck",
            "display_name": "Daniel Beck",
            "team": "TKFJE6LDR",
            "name": "daniel",
            "is_restricted": false,
            "is_ultra_restricted": false
        },
        "blocks": [
            {
                "type": "rich_text",
                "block_id": "noh",
                "elements": [
                    {
                        "type": "rich_text_section",
                        "elements": [
                            {
                                "type": "user",
                                "user_id": "UKTGLQNGG"
                            },
                            {
                                "type": "text",
                                "text": " This is 20:30 UTC+10 on Wednesday, June 10? I can make that time, if you want to send me a calendar invite "
                            },
                            {
                                "type": "emoji",
                                "name": "+1"
                            }
                        ]
                    }
                ]
            }
        ],
        "thread_ts": "1591611293.359400",
        "reply_count": 3,
        "reply_users_count": 2,
        "latest_reply": "1591611927.359900",
        "reply_users": [
            "UKTGLQNGG",
            "U011GCVJFQF"
        ],
        "replies": [
            {
                "user": "UKTGLQNGG",
                "ts": "1591611346.359500"
            },
            {
                "user": "UKTGLQNGG",
                "ts": "1591611557.359700"
            },
            {
                "user": "U011GCVJFQF",
                "ts": "1591611927.359900"
            }
        ],
        "subscribed": false
    },
    {
        "client_msg_id": "d072f6a1-4ec1-4296-b4ba-99700a39ca58",
        "type": "message",
        "text": "<@U011GCVJFQF> hopefully you already have an invite.",
        "user": "UKTGLQNGG",
        "ts": "1591611346.359500",
        "team": "TKFJE6LDR",
        "user_team": "TKFJE6LDR",
        "source_team": "TKFJE6LDR",
        "user_profile": {
            "avatar_hash": "ge03fcb118b0",
            "image_72": "https:\/\/secure.gravatar.com\/avatar\/9e03fcb118b0853a3fedfdee2367779d.jpg?s=72&d=https%3A%2F%2Fa.slack-edge.com%2Fdf10d%2Fimg%2Favatars%2Fava_0021-72.png",
            "first_name": "Cameron",
            "real_name": "Cameron Shorter",
            "display_name": "cameronshorter",
            "team": "TKFJE6LDR",
            "name": "cameron.shorter",
            "is_restricted": false,
            "is_ultra_restricted": false
        },
        "blocks": [
            {
                "type": "rich_text",
                "block_id": "Gb2",
                "elements": [
                    {
                        "type": "rich_text_section",
                        "elements": [
                            {
                                "type": "user",
                                "user_id": "U011GCVJFQF"
                            },
                            {
                                "type": "text",
                                "text": " hopefully you already have an invite."
                            }
                        ]
                    }
                ]
            }
        ],
        "thread_ts": "1591611293.359400",
        "parent_user_id": "U011GCVJFQF"
    },
    {
        "client_msg_id": "7a9df4b0-eaeb-4ea3-925c-060893c6d389",
        "type": "message",
        "text": "Ah, my bad, I've used the wrong date. Let me fix that.",
        "user": "UKTGLQNGG",
        "ts": "1591611557.359700",
        "team": "TKFJE6LDR",
        "user_team": "TKFJE6LDR",
        "source_team": "TKFJE6LDR",
        "user_profile": {
            "avatar_hash": "ge03fcb118b0",
            "image_72": "https:\/\/secure.gravatar.com\/avatar\/9e03fcb118b0853a3fedfdee2367779d.jpg?s=72&d=https%3A%2F%2Fa.slack-edge.com%2Fdf10d%2Fimg%2Favatars%2Fava_0021-72.png",
            "first_name": "Cameron",
            "real_name": "Cameron Shorter",
            "display_name": "cameronshorter",
            "team": "TKFJE6LDR",
            "name": "cameron.shorter",
            "is_restricted": false,
            "is_ultra_restricted": false
        },
        "blocks": [
            {
                "type": "rich_text",
                "block_id": "0Bo6",
                "elements": [
                    {
                        "type": "rich_text_section",
                        "elements": [
                            {
                                "type": "text",
                                "text": "Ah, my bad, I've used the wrong date. Let me fix that."
                            }
                        ]
                    }
                ]
            }
        ],
        "thread_ts": "1591611293.359400",
        "parent_user_id": "U011GCVJFQF"
    },
    {
        "client_msg_id": "be7d2cfc-b2dd-4dd9-a7e9-af7f0cf2e802",
        "type": "message",
        "text": "It's showing on my calendar now. Thank you!",
        "user": "U011GCVJFQF",
        "ts": "1591611927.359900",
        "team": "TKFJE6LDR",
        "user_team": "TKFJE6LDR",
        "source_team": "TKFJE6LDR",
        "user_profile": {
            "avatar_hash": "5859193991fb",
            "image_72": "https:\/\/avatars.slack-edge.com\/2020-04-16\/1066602100115_5859193991fb4bbebcdf_72.png",
            "first_name": "",
            "real_name": "Daniel Beck",
            "display_name": "Daniel Beck",
            "team": "TKFJE6LDR",
            "name": "daniel",
            "is_restricted": false,
            "is_ultra_restricted": false
        },
        "blocks": [
            {
                "type": "rich_text",
                "block_id": "5pZai",
                "elements": [
                    {
                        "type": "rich_text_section",
                        "elements": [
                            {
                                "type": "text",
                                "text": "It's showing on my calendar now. Thank you!"
                            }
                        ]
                    }
                ]
            }
        ],
        "thread_ts": "1591611293.359400",
        "parent_user_id": "U011GCVJFQF",
        "reactions": [
            {
                "name": "+1",
                "users": [
                    "UKTGLQNGG"
                ],
                "count": 1
            }
        ]
    },
    {
        "client_msg_id": "c839aecb-5de1-420d-a4a8-bdbd4ed2308c",
        "type": "message",
        "text": "~Hi folks, is this replacing the 2 pm PST\/7 am AEST\/9 pm UTC Wednesday meeting? Or is it an additional meeting? If it's a replacement <@UKTGLQNGG> could you cancel that invite?~ Nevermind, it looks as if in email Cameron said he'd also be online at the usual time :)",
        "user": "UL2AA1FF1",
        "ts": "1591631656.361600",
        "team": "TKFJE6LDR",
        "user_team": "TKFJE6LDR",
        "source_team": "TKFJE6LDR",
        "user_profile": {
            "avatar_hash": "22135067b36d",
            "image_72": "https:\/\/avatars.slack-edge.com\/2019-10-23\/805254797908_22135067b36dfb715e99_72.jpg",
            "first_name": "",
            "real_name": "Erin McKean",
            "display_name": "Erin McKean",
            "team": "TKFJE6LDR",
            "name": "emckean",
            "is_restricted": false,
            "is_ultra_restricted": false
        },
        "edited": {
            "user": "UL2AA1FF1",
            "ts": "1591633341.000000"
        },
        "blocks": [
            {
                "type": "rich_text",
                "block_id": "P=0",
                "elements": [
                    {
                        "type": "rich_text_section",
                        "elements": [
                            {
                                "type": "text",
                                "text": "Hi folks, is this replacing the 2 pm PST\/7 am AEST\/9 pm UTC Wednesday meeting? Or is it an additional meeting? If it's a replacement ",
                                "style": {
                                    "strike": true
                                }
                            },
                            {
                                "type": "user",
                                "user_id": "UKTGLQNGG",
                                "style": {
                                    "strike": true
                                }
                            },
                            {
                                "type": "text",
                                "text": " could you cancel that invite?",
                                "style": {
                                    "strike": true
                                }
                            },
                            {
                                "type": "text",
                                "text": " Nevermind, it looks as if in email Cameron said he'd also be online at the usual time :)"
                            }
                        ]
                    }
                ]
            }
        ],
        "thread_ts": "1591631656.361600",
        "reply_count": 2,
        "reply_users_count": 2,
        "latest_reply": "1591650242.363900",
        "reply_users": [
            "UKTGLQNGG",
            "UL2AA1FF1"
        ],
        "replies": [
            {
                "user": "UKTGLQNGG",
                "ts": "1591645375.361800"
            },
            {
                "user": "UL2AA1FF1",
                "ts": "1591650242.363900"
            }
        ],
        "subscribed": false
    },
    {
        "client_msg_id": "61e7268a-b29c-4e2b-a64f-36664c43e868",
        "type": "message",
        "text": "Yes, there will be 2 meetings this week, half a day apart. Feel free to pick the time which works for your timezone.",
        "user": "UKTGLQNGG",
        "ts": "1591645375.361800",
        "team": "TKFJE6LDR",
        "user_team": "TKFJE6LDR",
        "source_team": "TKFJE6LDR",
        "user_profile": {
            "avatar_hash": "ge03fcb118b0",
            "image_72": "https:\/\/secure.gravatar.com\/avatar\/9e03fcb118b0853a3fedfdee2367779d.jpg?s=72&d=https%3A%2F%2Fa.slack-edge.com%2Fdf10d%2Fimg%2Favatars%2Fava_0021-72.png",
            "first_name": "Cameron",
            "real_name": "Cameron Shorter",
            "display_name": "cameronshorter",
            "team": "TKFJE6LDR",
            "name": "cameron.shorter",
            "is_restricted": false,
            "is_ultra_restricted": false
        },
        "blocks": [
            {
                "type": "rich_text",
                "block_id": "kii",
                "elements": [
                    {
                        "type": "rich_text_section",
                        "elements": [
                            {
                                "type": "text",
                                "text": "Yes, there will be 2 meetings this week, half a day apart. Feel free to pick the time which works for your timezone."
                            }
                        ]
                    }
                ]
            }
        ],
        "thread_ts": "1591631656.361600",
        "parent_user_id": "UL2AA1FF1"
    },
    {
        "client_msg_id": "460a28b1-27f2-4d00-9c63-0fe9a4f9dc4d",
        "type": "message",
        "text": "<@UQ553K7DY> I wonder if you have suggestions for Bob's comment\/question about the content design pattern in <https:\/\/docs.google.com\/document\/d\/1Uo3Rcc-rRaN4kmJpqwtUaVRJmDbYI4TkwjuNWNuBu9A\/edit#heading=h.iodyq4wlqum3> ?",
        "user": "UKTGLQNGG",
        "ts": "1591646215.363800",
        "team": "TKFJE6LDR",
        "user_team": "TKFJE6LDR",
        "source_team": "TKFJE6LDR",
        "user_profile": {
            "avatar_hash": "ge03fcb118b0",
            "image_72": "https:\/\/secure.gravatar.com\/avatar\/9e03fcb118b0853a3fedfdee2367779d.jpg?s=72&d=https%3A%2F%2Fa.slack-edge.com%2Fdf10d%2Fimg%2Favatars%2Fava_0021-72.png",
            "first_name": "Cameron",
            "real_name": "Cameron Shorter",
            "display_name": "cameronshorter",
            "team": "TKFJE6LDR",
            "name": "cameron.shorter",
            "is_restricted": false,
            "is_ultra_restricted": false
        },
        "blocks": [
            {
                "type": "rich_text",
                "block_id": "53h50",
                "elements": [
                    {
                        "type": "rich_text_section",
                        "elements": [
                            {
                                "type": "user",
                                "user_id": "UQ553K7DY"
                            },
                            {
                                "type": "text",
                                "text": " I wonder if you have suggestions for Bob's comment\/question about the content design pattern in "
                            },
                            {
                                "type": "link",
                                "url": "https:\/\/docs.google.com\/document\/d\/1Uo3Rcc-rRaN4kmJpqwtUaVRJmDbYI4TkwjuNWNuBu9A\/edit#heading=h.iodyq4wlqum3"
                            },
                            {
                                "type": "text",
                                "text": " ?"
                            }
                        ]
                    }
                ]
            }
        ],
        "reactions": [
            {
                "name": "eyes",
                "users": [
                    "UQ553K7DY"
                ],
                "count": 1
            }
        ]
    },
    {
        "client_msg_id": "b0295e89-88ef-4353-a4bf-d8d72e2bc4e2",
        "type": "message",
        "text": "I love y'all but you do NOT want me to attend a meeting at 3 am PDT :joy:",
        "user": "UL2AA1FF1",
        "ts": "1591650242.363900",
        "team": "TKFJE6LDR",
        "user_team": "TKFJE6LDR",
        "source_team": "TKFJE6LDR",
        "user_profile": {
            "avatar_hash": "22135067b36d",
            "image_72": "https:\/\/avatars.slack-edge.com\/2019-10-23\/805254797908_22135067b36dfb715e99_72.jpg",
            "first_name": "",
            "real_name": "Erin McKean",
            "display_name": "Erin McKean",
            "team": "TKFJE6LDR",
            "name": "emckean",
            "is_restricted": false,
            "is_ultra_restricted": false
        },
        "blocks": [
            {
                "type": "rich_text",
                "block_id": "Vao",
                "elements": [
                    {
                        "type": "rich_text_section",
                        "elements": [
                            {
                                "type": "text",
                                "text": "I love y'all but you do NOT want me to attend a meeting at 3 am PDT "
                            },
                            {
                                "type": "emoji",
                                "name": "joy"
                            }
                        ]
                    }
                ]
            }
        ],
        "thread_ts": "1591631656.361600",
        "parent_user_id": "UL2AA1FF1"
    }
]