[
    {
        "client_msg_id": "9D64906A-EE1B-4CC5-9376-6C8253CCE2AA",
        "type": "message",
        "text": "Hey I don’t think I’ll be able to make it to the meeting tonight, was hoping to get back in time but it isn’t looking likely :\/",
        "user": "UR4F409LG",
        "ts": "1578559808.012200",
        "team": "TKFJE6LDR",
        "user_team": "TKFJE6LDR",
        "source_team": "TKFJE6LDR",
        "user_profile": {
            "avatar_hash": "g79ec87b785b",
            "image_72": "https:\/\/secure.gravatar.com\/avatar\/79ec87b785b963697860ca73ad5e539e.jpg?s=72&d=https%3A%2F%2Fa.slack-edge.com%2Fdf10d%2Fimg%2Favatars%2Fava_0003-72.png",
            "first_name": "",
            "real_name": "Francesco Lanciana",
            "display_name": "Francesco Lanciana",
            "team": "TKFJE6LDR",
            "name": "francescolanciana",
            "is_restricted": false,
            "is_ultra_restricted": false
        },
        "blocks": [
            {
                "type": "rich_text",
                "block_id": "to5do",
                "elements": [
                    {
                        "type": "rich_text_section",
                        "elements": [
                            {
                                "type": "text",
                                "text": "Hey I don’t think I’ll be able to make it to the meeting tonight, was hoping to get back in time but it isn’t looking likely :\/"
                            }
                        ]
                    }
                ]
            }
        ]
    }
]