[
    {
        "client_msg_id": "f9151d15-6bfb-4325-a155-96ba496eb18c",
        "type": "message",
        "text": "We are now setup on <https:\/\/opencollective.com\/thegooddocsproject\/|Open Collective> and I have emailed the group. We should probably put the link on our website so that eager, cashed-up folk know how to buy us a coffee :coffee:",
        "user": "UKV4ZPEFQ",
        "ts": "1590095313.305300",
        "team": "TKFJE6LDR",
        "user_team": "TKFJE6LDR",
        "source_team": "TKFJE6LDR",
        "user_profile": {
            "avatar_hash": "g854c628ef64",
            "image_72": "https:\/\/secure.gravatar.com\/avatar\/6854c628ef64a4c129a994522e17cdf2.jpg?s=72&d=https%3A%2F%2Fa.slack-edge.com%2Fdf10d%2Fimg%2Favatars%2Fava_0007-72.png",
            "first_name": "felicitybrand",
            "real_name": "felicitybrand",
            "display_name": "flicstar",
            "team": "TKFJE6LDR",
            "name": "felicitybrand",
            "is_restricted": false,
            "is_ultra_restricted": false
        },
        "attachments": [
            {
                "title": "The Good Docs Project - Open Collective",
                "title_link": "https:\/\/opencollective.com\/thegooddocsproject\/",
                "text": "Helps everyone create better open source documentation",
                "fallback": "The Good Docs Project - Open Collective",
                "image_url": "https:\/\/opencollective.com\/static\/images\/opencollective-og-default.png",
                "from_url": "https:\/\/opencollective.com\/thegooddocsproject\/",
                "image_width": 476,
                "image_height": 250,
                "image_bytes": 177346,
                "service_icon": "https:\/\/opencollective.com\/favicon.ico",
                "service_name": "opencollective.com",
                "id": 1,
                "original_url": "https:\/\/opencollective.com\/thegooddocsproject\/"
            }
        ],
        "blocks": [
            {
                "type": "rich_text",
                "block_id": "UN\/",
                "elements": [
                    {
                        "type": "rich_text_section",
                        "elements": [
                            {
                                "type": "text",
                                "text": "We are now setup on "
                            },
                            {
                                "type": "link",
                                "url": "https:\/\/opencollective.com\/thegooddocsproject\/",
                                "text": "Open Collective"
                            },
                            {
                                "type": "text",
                                "text": " and I have emailed the group. We should probably put the link on our website so that eager, cashed-up folk know how to buy us a coffee "
                            },
                            {
                                "type": "emoji",
                                "name": "coffee"
                            }
                        ]
                    }
                ]
            }
        ],
        "reactions": [
            {
                "name": "tada",
                "users": [
                    "UL2AA1FF1",
                    "UTCKDLXJ9"
                ],
                "count": 2
            }
        ]
    },
    {
        "client_msg_id": "8c7d0988-c82e-4be5-a120-ee1a86ad3dd7",
        "type": "message",
        "text": "Is there a way I can get a calendar for meetings like this? I'm most often not sure when the next meeting is and just stumble on your message sometimes.\n\nIs there any calendar for meetings?",
        "user": "UTCKDLXJ9",
        "ts": "1590127476.305700",
        "team": "TKFJE6LDR",
        "user_team": "TKFJE6LDR",
        "source_team": "TKFJE6LDR",
        "user_profile": {
            "avatar_hash": "0be4307e6d1c",
            "image_72": "https:\/\/avatars.slack-edge.com\/2020-05-22\/1152413971041_0be4307e6d1c12a4752f_72.jpg",
            "first_name": "",
            "real_name": "Bolaji Ayodeji",
            "display_name": "Bolaji Ayodeji",
            "team": "TKFJE6LDR",
            "name": "sirbeejay1",
            "is_restricted": false,
            "is_ultra_restricted": false
        },
        "blocks": [
            {
                "type": "rich_text",
                "block_id": "hk2",
                "elements": [
                    {
                        "type": "rich_text_section",
                        "elements": [
                            {
                                "type": "text",
                                "text": "Is there a way I can get a calendar for meetings like this? I'm most often not sure when the next meeting is and just stumble on your message sometimes.\n\nIs there any calendar for meetings?"
                            }
                        ]
                    }
                ]
            }
        ],
        "thread_ts": "1589969424.302600",
        "parent_user_id": "UKTGLQNGG"
    },
    {
        "client_msg_id": "077b3d0d-cbe7-43f8-b3f6-570ba9ceaf26",
        "type": "message",
        "text": "Yes, if you let me know your google email address, I'll add you to the meeting invite.",
        "user": "UKTGLQNGG",
        "ts": "1590127719.305900",
        "team": "TKFJE6LDR",
        "user_team": "TKFJE6LDR",
        "source_team": "TKFJE6LDR",
        "user_profile": {
            "avatar_hash": "ge03fcb118b0",
            "image_72": "https:\/\/secure.gravatar.com\/avatar\/9e03fcb118b0853a3fedfdee2367779d.jpg?s=72&d=https%3A%2F%2Fa.slack-edge.com%2Fdf10d%2Fimg%2Favatars%2Fava_0021-72.png",
            "first_name": "Cameron",
            "real_name": "Cameron Shorter",
            "display_name": "cameronshorter",
            "team": "TKFJE6LDR",
            "name": "cameron.shorter",
            "is_restricted": false,
            "is_ultra_restricted": false
        },
        "blocks": [
            {
                "type": "rich_text",
                "block_id": "DDYm",
                "elements": [
                    {
                        "type": "rich_text_section",
                        "elements": [
                            {
                                "type": "text",
                                "text": "Yes, if you let me know your google email address, I'll add you to the meeting invite."
                            }
                        ]
                    }
                ]
            }
        ],
        "thread_ts": "1589969424.302600",
        "parent_user_id": "UKTGLQNGG"
    },
    {
        "client_msg_id": "039e0c6f-db07-4ddf-bcb7-35dcd00d621f",
        "type": "message",
        "text": "ah, it appears you are already invited. I'll remove your invitation, then re-invite you, so you can add it to your calendar.",
        "user": "UKTGLQNGG",
        "ts": "1590127794.306100",
        "team": "TKFJE6LDR",
        "user_team": "TKFJE6LDR",
        "source_team": "TKFJE6LDR",
        "user_profile": {
            "avatar_hash": "ge03fcb118b0",
            "image_72": "https:\/\/secure.gravatar.com\/avatar\/9e03fcb118b0853a3fedfdee2367779d.jpg?s=72&d=https%3A%2F%2Fa.slack-edge.com%2Fdf10d%2Fimg%2Favatars%2Fava_0021-72.png",
            "first_name": "Cameron",
            "real_name": "Cameron Shorter",
            "display_name": "cameronshorter",
            "team": "TKFJE6LDR",
            "name": "cameron.shorter",
            "is_restricted": false,
            "is_ultra_restricted": false
        },
        "blocks": [
            {
                "type": "rich_text",
                "block_id": "3sN",
                "elements": [
                    {
                        "type": "rich_text_section",
                        "elements": [
                            {
                                "type": "text",
                                "text": "ah, it appears you are already invited. I'll remove your invitation, then re-invite you, so you can add it to your calendar."
                            }
                        ]
                    }
                ]
            }
        ],
        "thread_ts": "1589969424.302600",
        "parent_user_id": "UKTGLQNGG"
    },
    {
        "client_msg_id": "f66b2d5e-b556-47fb-ac99-bf23e230d55b",
        "type": "message",
        "text": "I'll appreciate that, thank you. :slightly_smiling_face:",
        "user": "UTCKDLXJ9",
        "ts": "1590128953.306300",
        "team": "TKFJE6LDR",
        "user_team": "TKFJE6LDR",
        "source_team": "TKFJE6LDR",
        "user_profile": {
            "avatar_hash": "0be4307e6d1c",
            "image_72": "https:\/\/avatars.slack-edge.com\/2020-05-22\/1152413971041_0be4307e6d1c12a4752f_72.jpg",
            "first_name": "",
            "real_name": "Bolaji Ayodeji",
            "display_name": "Bolaji Ayodeji",
            "team": "TKFJE6LDR",
            "name": "sirbeejay1",
            "is_restricted": false,
            "is_ultra_restricted": false
        },
        "blocks": [
            {
                "type": "rich_text",
                "block_id": "K8Da",
                "elements": [
                    {
                        "type": "rich_text_section",
                        "elements": [
                            {
                                "type": "text",
                                "text": "I'll appreciate that, thank you. "
                            },
                            {
                                "type": "emoji",
                                "name": "slightly_smiling_face"
                            }
                        ]
                    }
                ]
            }
        ],
        "thread_ts": "1589969424.302600",
        "parent_user_id": "UKTGLQNGG"
    },
    {
        "client_msg_id": "752ffa41-e236-4dad-bb7b-b11ecb886655",
        "type": "message",
        "text": "I'll check my email for the invite now",
        "user": "UTCKDLXJ9",
        "ts": "1590128963.306500",
        "team": "TKFJE6LDR",
        "user_team": "TKFJE6LDR",
        "source_team": "TKFJE6LDR",
        "user_profile": {
            "avatar_hash": "0be4307e6d1c",
            "image_72": "https:\/\/avatars.slack-edge.com\/2020-05-22\/1152413971041_0be4307e6d1c12a4752f_72.jpg",
            "first_name": "",
            "real_name": "Bolaji Ayodeji",
            "display_name": "Bolaji Ayodeji",
            "team": "TKFJE6LDR",
            "name": "sirbeejay1",
            "is_restricted": false,
            "is_ultra_restricted": false
        },
        "blocks": [
            {
                "type": "rich_text",
                "block_id": "HXd",
                "elements": [
                    {
                        "type": "rich_text_section",
                        "elements": [
                            {
                                "type": "text",
                                "text": "I'll check my email for the invite now"
                            }
                        ]
                    }
                ]
            }
        ],
        "thread_ts": "1589969424.302600",
        "parent_user_id": "UKTGLQNGG"
    }
]