[
    {
        "client_msg_id": "13bc0286-d057-4342-9664-8315948f71cb",
        "type": "message",
        "text": "What is the hangout URL <@UKTGLQNGG>",
        "user": "UKVC4NB71",
        "ts": "1585776733.007700",
        "team": "TKFJE6LDR",
        "user_team": "TKFJE6LDR",
        "source_team": "TKFJE6LDR",
        "user_profile": {
            "avatar_hash": "c7d9788d4436",
            "image_72": "https:\/\/avatars.slack-edge.com\/2019-10-30\/814314609877_c7d9788d4436969613a7_72.jpg",
            "first_name": "Jared",
            "real_name": "Jared Morgan",
            "display_name": "jaredmorgs",
            "team": "TKFJE6LDR",
            "name": "jaredleonmorgan",
            "is_restricted": false,
            "is_ultra_restricted": false
        },
        "blocks": [
            {
                "type": "rich_text",
                "block_id": "uvqO",
                "elements": [
                    {
                        "type": "rich_text_section",
                        "elements": [
                            {
                                "type": "text",
                                "text": "What is the hangout URL "
                            },
                            {
                                "type": "user",
                                "user_id": "UKTGLQNGG"
                            }
                        ]
                    }
                ]
            }
        ]
    },
    {
        "client_msg_id": "211c3c36-539a-458b-8631-a8f5e86fa4f2",
        "type": "message",
        "text": "<https:\/\/hangouts.google.com\/call\/qOf0_gUjHLMXzHwkbGhfAEEE>",
        "user": "UKTGLQNGG",
        "ts": "1585776763.007900",
        "team": "TKFJE6LDR",
        "user_team": "TKFJE6LDR",
        "source_team": "TKFJE6LDR",
        "user_profile": {
            "avatar_hash": "ge03fcb118b0",
            "image_72": "https:\/\/secure.gravatar.com\/avatar\/9e03fcb118b0853a3fedfdee2367779d.jpg?s=72&d=https%3A%2F%2Fa.slack-edge.com%2Fdf10d%2Fimg%2Favatars%2Fava_0021-72.png",
            "first_name": "Cameron",
            "real_name": "Cameron Shorter",
            "display_name": "cameronshorter",
            "team": "TKFJE6LDR",
            "name": "cameron.shorter",
            "is_restricted": false,
            "is_ultra_restricted": false
        },
        "blocks": [
            {
                "type": "rich_text",
                "block_id": "tO4M",
                "elements": [
                    {
                        "type": "rich_text_section",
                        "elements": [
                            {
                                "type": "link",
                                "url": "https:\/\/hangouts.google.com\/call\/qOf0_gUjHLMXzHwkbGhfAEEE"
                            }
                        ]
                    }
                ]
            }
        ]
    },
    {
        "client_msg_id": "9f3992ac-6f26-45ed-8a4d-d9d2c8fc8f85",
        "type": "message",
        "text": "<https:\/\/deleteyourcontent.com\/>",
        "user": "UKVC4NB71",
        "ts": "1585777698.008200",
        "team": "TKFJE6LDR",
        "user_team": "TKFJE6LDR",
        "source_team": "TKFJE6LDR",
        "user_profile": {
            "avatar_hash": "c7d9788d4436",
            "image_72": "https:\/\/avatars.slack-edge.com\/2019-10-30\/814314609877_c7d9788d4436969613a7_72.jpg",
            "first_name": "Jared",
            "real_name": "Jared Morgan",
            "display_name": "jaredmorgs",
            "team": "TKFJE6LDR",
            "name": "jaredleonmorgan",
            "is_restricted": false,
            "is_ultra_restricted": false
        },
        "attachments": [
            {
                "title": "Delete Your Content",
                "title_link": "https:\/\/deleteyourcontent.com\/",
                "text": "A guide to making your content stand out",
                "fallback": "Delete Your Content",
                "image_url": "https:\/\/deleteyourcontent.com\/images\/delete-your-content-social-card.png",
                "from_url": "https:\/\/deleteyourcontent.com\/",
                "image_width": 500,
                "image_height": 250,
                "image_bytes": 28328,
                "service_name": "deleteyourcontent.com",
                "id": 1,
                "original_url": "https:\/\/deleteyourcontent.com\/"
            }
        ],
        "blocks": [
            {
                "type": "rich_text",
                "block_id": "47k",
                "elements": [
                    {
                        "type": "rich_text_section",
                        "elements": [
                            {
                                "type": "link",
                                "url": "https:\/\/deleteyourcontent.com\/"
                            }
                        ]
                    }
                ]
            }
        ]
    },
    {
        "client_msg_id": "4d36162f-9a85-49d0-9a15-569316118d9a",
        "type": "message",
        "text": "<https:\/\/opensource.com\/article\/20\/3\/open-source-writing-tools>",
        "user": "UKTGLQNGG",
        "ts": "1585778022.008500",
        "team": "TKFJE6LDR",
        "user_team": "TKFJE6LDR",
        "source_team": "TKFJE6LDR",
        "user_profile": {
            "avatar_hash": "ge03fcb118b0",
            "image_72": "https:\/\/secure.gravatar.com\/avatar\/9e03fcb118b0853a3fedfdee2367779d.jpg?s=72&d=https%3A%2F%2Fa.slack-edge.com%2Fdf10d%2Fimg%2Favatars%2Fava_0021-72.png",
            "first_name": "Cameron",
            "real_name": "Cameron Shorter",
            "display_name": "cameronshorter",
            "team": "TKFJE6LDR",
            "name": "cameron.shorter",
            "is_restricted": false,
            "is_ultra_restricted": false
        },
        "attachments": [
            {
                "service_name": "Opensource.com",
                "title": "Open source alternatives to Grammarly for word processing",
                "title_link": "https:\/\/opensource.com\/article\/20\/3\/open-source-writing-tools",
                "text": "Grammarly is popular among many teachers, students, business people, and others who need to write or process a lot of words on a regular basis. It's a useful tool, but you're required to register and log in to use it, and I rarely keep website login data in my cache. I process words pretty often for writing technical and creative pieces, and ducking out of my text editor to open a web browser, much less to visit a site that requires me to log in, is usually too much a bother for me. Fortunately, with a few open source utilities, I can avoid this distraction.",
                "fallback": "Opensource.com: Open source alternatives to Grammarly for word processing",
                "thumb_url": "https:\/\/opensource.com\/sites\/default\/files\/lead-images\/rh_003784_02_os.comcareers_os_rh2x.png",
                "from_url": "https:\/\/opensource.com\/article\/20\/3\/open-source-writing-tools",
                "thumb_width": 800,
                "thumb_height": 449,
                "service_icon": "https:\/\/opensource.com\/sites\/all\/themes\/opensource\/favicon.ico",
                "id": 1,
                "original_url": "https:\/\/opensource.com\/article\/20\/3\/open-source-writing-tools"
            }
        ],
        "blocks": [
            {
                "type": "rich_text",
                "block_id": "nAq",
                "elements": [
                    {
                        "type": "rich_text_section",
                        "elements": [
                            {
                                "type": "link",
                                "url": "https:\/\/opensource.com\/article\/20\/3\/open-source-writing-tools"
                            }
                        ]
                    }
                ]
            }
        ]
    },
    {
        "client_msg_id": "873f9217-451b-49cb-9f6a-f341e8500024",
        "type": "message",
        "text": "Something I've been working on\n<https:\/\/docs.google.com\/document\/d\/1wXTTc0Ax8L3_MOTPnn9-VDjCEycHJ5cWLqX4-gClm5k\/edit?usp=sharing>\n\nIt has references to Storyblok as we moved to Storyblok from Hugo but I'll generalize the language with time",
        "user": "UL9F82XL3",
        "ts": "1585778890.008900",
        "team": "TKFJE6LDR",
        "user_team": "TKFJE6LDR",
        "source_team": "TKFJE6LDR",
        "user_profile": {
            "avatar_hash": "431cbc5b0797",
            "image_72": "https:\/\/avatars.slack-edge.com\/2019-07-23\/702616820016_431cbc5b0797a8cc9f24_72.jpg",
            "first_name": "Sanket",
            "real_name": "Sanket Totewar",
            "display_name": "",
            "team": "TKFJE6LDR",
            "name": "sanket.totewar",
            "is_restricted": false,
            "is_ultra_restricted": false
        },
        "edited": {
            "user": "UL9F82XL3",
            "ts": "1585779017.000000"
        },
        "blocks": [
            {
                "type": "rich_text",
                "block_id": "L=m",
                "elements": [
                    {
                        "type": "rich_text_section",
                        "elements": [
                            {
                                "type": "text",
                                "text": "Something I've been working on\n"
                            },
                            {
                                "type": "link",
                                "url": "https:\/\/docs.google.com\/document\/d\/1wXTTc0Ax8L3_MOTPnn9-VDjCEycHJ5cWLqX4-gClm5k\/edit?usp=sharing"
                            },
                            {
                                "type": "text",
                                "text": "\n\nIt has references to Storyblok as we moved to Storyblok from Hugo but I'll generalize the language with time"
                            }
                        ]
                    }
                ]
            }
        ],
        "thread_ts": "1585778890.008900",
        "reply_count": 1,
        "reply_users_count": 1,
        "latest_reply": "1585779598.010900",
        "reply_users": [
            "UL9F82XL3"
        ],
        "replies": [
            {
                "user": "UL9F82XL3",
                "ts": "1585779598.010900"
            }
        ],
        "subscribed": false
    },
    {
        "client_msg_id": "ad6dff67-0746-41ec-8587-18cf290d7a24",
        "type": "message",
        "text": "Sorry, no audio\/video as I was on another call at that time. But I listened in. Nice to see you all.",
        "user": "UL9F82XL3",
        "ts": "1585779060.010700",
        "team": "TKFJE6LDR",
        "user_team": "TKFJE6LDR",
        "source_team": "TKFJE6LDR",
        "user_profile": {
            "avatar_hash": "431cbc5b0797",
            "image_72": "https:\/\/avatars.slack-edge.com\/2019-07-23\/702616820016_431cbc5b0797a8cc9f24_72.jpg",
            "first_name": "Sanket",
            "real_name": "Sanket Totewar",
            "display_name": "",
            "team": "TKFJE6LDR",
            "name": "sanket.totewar",
            "is_restricted": false,
            "is_ultra_restricted": false
        },
        "blocks": [
            {
                "type": "rich_text",
                "block_id": "EnXtb",
                "elements": [
                    {
                        "type": "rich_text_section",
                        "elements": [
                            {
                                "type": "text",
                                "text": "Sorry, no audio\/video as I was on another call at that time. But I listened in. Nice to see you all."
                            }
                        ]
                    }
                ]
            }
        ],
        "reactions": [
            {
                "name": "+1",
                "users": [
                    "UKVC4NB71",
                    "UR1VBKHD1"
                ],
                "count": 2
            }
        ]
    },
    {
        "client_msg_id": "3ab4fc23-92bf-4b6d-a7d2-aab6680309ef",
        "type": "message",
        "text": "It uses the idea of nesting where standalone items such as individual steps and pieces of content and faqs are created and then 'nested' or referenced in a primary template.\n\nI can't articulate this well atm but will join in the next meeting to explain what it's about.",
        "user": "UL9F82XL3",
        "ts": "1585779598.010900",
        "team": "TKFJE6LDR",
        "user_team": "TKFJE6LDR",
        "source_team": "TKFJE6LDR",
        "user_profile": {
            "avatar_hash": "431cbc5b0797",
            "image_72": "https:\/\/avatars.slack-edge.com\/2019-07-23\/702616820016_431cbc5b0797a8cc9f24_72.jpg",
            "first_name": "Sanket",
            "real_name": "Sanket Totewar",
            "display_name": "",
            "team": "TKFJE6LDR",
            "name": "sanket.totewar",
            "is_restricted": false,
            "is_ultra_restricted": false
        },
        "blocks": [
            {
                "type": "rich_text",
                "block_id": "5UW",
                "elements": [
                    {
                        "type": "rich_text_section",
                        "elements": [
                            {
                                "type": "text",
                                "text": "It uses the idea of nesting where standalone items such as individual steps and pieces of content and faqs are created and then 'nested' or referenced in a primary template.\n\nI can't articulate this well atm but will join in the next meeting to explain what it's about."
                            }
                        ]
                    }
                ]
            }
        ],
        "thread_ts": "1585778890.008900",
        "parent_user_id": "UL9F82XL3"
    },
    {
        "client_msg_id": "87896256-1479-424A-89BA-DA7FD92B0D70",
        "type": "message",
        "text": "Fantastic! All the best Cameron ",
        "user": "UR1VBKHD1",
        "ts": "1585810628.011800",
        "team": "TKFJE6LDR",
        "user_team": "TKFJE6LDR",
        "source_team": "TKFJE6LDR",
        "user_profile": {
            "avatar_hash": "g1d6ae089679",
            "image_72": "https:\/\/secure.gravatar.com\/avatar\/1d6ae08967983f1973436beba61255d9.jpg?s=72&d=https%3A%2F%2Fa.slack-edge.com%2Fdf10d%2Fimg%2Favatars%2Fava_0026-72.png",
            "first_name": "David",
            "real_name": "David Parker",
            "display_name": "DeafDave",
            "team": "TKFJE6LDR",
            "name": "deafdave",
            "is_restricted": false,
            "is_ultra_restricted": false
        },
        "blocks": [
            {
                "type": "rich_text",
                "block_id": "D4TLx",
                "elements": [
                    {
                        "type": "rich_text_section",
                        "elements": [
                            {
                                "type": "text",
                                "text": "Fantastic! All the best Cameron "
                            }
                        ]
                    }
                ]
            }
        ],
        "thread_ts": "1584992319.032100",
        "parent_user_id": "UKTGLQNGG"
    }
]