[
    {
        "client_msg_id": "7259e12a-15c9-4db0-9ff1-f84b28023121",
        "type": "message",
        "text": "1. In my mind, the minium size is one developer who has alpha code getting put onto git for the first time which they want to add docs too. I see there be",
        "user": "UKTGLQNGG",
        "ts": "1587811489.131900",
        "team": "TKFJE6LDR",
        "user_team": "TKFJE6LDR",
        "source_team": "TKFJE6LDR",
        "user_profile": {
            "avatar_hash": "ge03fcb118b0",
            "image_72": "https:\/\/secure.gravatar.com\/avatar\/9e03fcb118b0853a3fedfdee2367779d.jpg?s=72&d=https%3A%2F%2Fa.slack-edge.com%2Fdf10d%2Fimg%2Favatars%2Fava_0021-72.png",
            "first_name": "Cameron",
            "real_name": "Cameron Shorter",
            "display_name": "cameronshorter",
            "team": "TKFJE6LDR",
            "name": "cameron.shorter",
            "is_restricted": false,
            "is_ultra_restricted": false
        },
        "blocks": [
            {
                "type": "rich_text",
                "block_id": "6sijU",
                "elements": [
                    {
                        "type": "rich_text_section",
                        "elements": [
                            {
                                "type": "text",
                                "text": "1. In my mind, the minium size is one developer who has alpha code getting put onto git for the first time which they want to add docs too. I see there be"
                            }
                        ]
                    }
                ]
            }
        ],
        "thread_ts": "1587779826.131600",
        "parent_user_id": "U012J5AMMEY"
    },
    {
        "client_msg_id": "90bcfe0c-c78f-4888-bd8c-767d81879efc",
        "type": "message",
        "text": "Some more newbie questions ...\n\n1. Oops, seems I accidentally deleted <@U012J5AMMEY> 's message. He said: What is the min size of the project (or maturity) targeted by TGD? I get a feel this is for established projects where the docs are written by technical writers. Are solo devs and 2-3 ppl teams targeted?\n2. Is the strategy to improve the top players or equalize the game by improving the worst performers?\n3. Were the templates created from scratch or are they stripped down versions of other good docs?",
        "user": "UKTGLQNGG",
        "ts": "1587811684.132200",
        "team": "TKFJE6LDR",
        "user_team": "TKFJE6LDR",
        "source_team": "TKFJE6LDR",
        "user_profile": {
            "avatar_hash": "ge03fcb118b0",
            "image_72": "https:\/\/secure.gravatar.com\/avatar\/9e03fcb118b0853a3fedfdee2367779d.jpg?s=72&d=https%3A%2F%2Fa.slack-edge.com%2Fdf10d%2Fimg%2Favatars%2Fava_0021-72.png",
            "first_name": "Cameron",
            "real_name": "Cameron Shorter",
            "display_name": "cameronshorter",
            "team": "TKFJE6LDR",
            "name": "cameron.shorter",
            "is_restricted": false,
            "is_ultra_restricted": false
        },
        "blocks": [
            {
                "type": "rich_text",
                "block_id": "NiWC",
                "elements": [
                    {
                        "type": "rich_text_section",
                        "elements": [
                            {
                                "type": "text",
                                "text": "Some more newbie questions ...\n\n"
                            }
                        ]
                    },
                    {
                        "type": "rich_text_list",
                        "elements": [
                            {
                                "type": "rich_text_section",
                                "elements": [
                                    {
                                        "type": "text",
                                        "text": "Oops, seems I accidentally deleted "
                                    },
                                    {
                                        "type": "user",
                                        "user_id": "U012J5AMMEY"
                                    },
                                    {
                                        "type": "text",
                                        "text": " 's message. He said: What is the min size of the project (or maturity) targeted by TGD? I get a feel this is for established projects where the docs are written by technical writers. Are solo devs and 2-3 ppl teams targeted?"
                                    }
                                ]
                            },
                            {
                                "type": "rich_text_section",
                                "elements": [
                                    {
                                        "type": "text",
                                        "text": "Is the strategy to improve the top players or equalize the game by improving the worst performers?"
                                    }
                                ]
                            },
                            {
                                "type": "rich_text_section",
                                "elements": [
                                    {
                                        "type": "text",
                                        "text": "Were the templates created from scratch or are they stripped down versions of other good docs?"
                                    }
                                ]
                            }
                        ],
                        "style": "ordered",
                        "indent": 0
                    }
                ]
            }
        ],
        "thread_ts": "1587779826.131600",
        "parent_user_id": "USLACKBOT"
    },
    {
        "client_msg_id": "2aa2e45e-752b-49e1-bfc7-f187701c6722",
        "type": "message",
        "text": "1. ... I see us eventally building to a point where we would have setions which would say \"only include this section if  ...\" (which might be a project size thing.",
        "user": "UKTGLQNGG",
        "ts": "1587811845.132400",
        "team": "TKFJE6LDR",
        "user_team": "TKFJE6LDR",
        "source_team": "TKFJE6LDR",
        "user_profile": {
            "avatar_hash": "ge03fcb118b0",
            "image_72": "https:\/\/secure.gravatar.com\/avatar\/9e03fcb118b0853a3fedfdee2367779d.jpg?s=72&d=https%3A%2F%2Fa.slack-edge.com%2Fdf10d%2Fimg%2Favatars%2Fava_0021-72.png",
            "first_name": "Cameron",
            "real_name": "Cameron Shorter",
            "display_name": "cameronshorter",
            "team": "TKFJE6LDR",
            "name": "cameron.shorter",
            "is_restricted": false,
            "is_ultra_restricted": false
        },
        "blocks": [
            {
                "type": "rich_text",
                "block_id": "fAK",
                "elements": [
                    {
                        "type": "rich_text_section",
                        "elements": [
                            {
                                "type": "text",
                                "text": "1. ... I see us eventally building to a point where we would have setions which would say \"only include this section if  ...\" (which might be a project size thing."
                            }
                        ]
                    }
                ]
            }
        ],
        "thread_ts": "1587779826.131600",
        "parent_user_id": "USLACKBOT"
    },
    {
        "client_msg_id": "be24d610-60cf-44a0-8b5e-4faf6ba9ef51",
        "type": "message",
        "text": "2. I think the strategy is to lift the quality of all docs. Teams that have access to tech writers likely won't need these templates as much, but even they should get benefit.",
        "user": "UKTGLQNGG",
        "ts": "1587811965.132600",
        "team": "TKFJE6LDR",
        "user_team": "TKFJE6LDR",
        "source_team": "TKFJE6LDR",
        "user_profile": {
            "avatar_hash": "ge03fcb118b0",
            "image_72": "https:\/\/secure.gravatar.com\/avatar\/9e03fcb118b0853a3fedfdee2367779d.jpg?s=72&d=https%3A%2F%2Fa.slack-edge.com%2Fdf10d%2Fimg%2Favatars%2Fava_0021-72.png",
            "first_name": "Cameron",
            "real_name": "Cameron Shorter",
            "display_name": "cameronshorter",
            "team": "TKFJE6LDR",
            "name": "cameron.shorter",
            "is_restricted": false,
            "is_ultra_restricted": false
        },
        "blocks": [
            {
                "type": "rich_text",
                "block_id": "2xpr1",
                "elements": [
                    {
                        "type": "rich_text_section",
                        "elements": [
                            {
                                "type": "text",
                                "text": "2. I think the strategy is to lift the quality of all docs. Teams that have access to tech writers likely won't need these templates as much, but even they should get benefit."
                            }
                        ]
                    }
                ]
            }
        ],
        "thread_ts": "1587779826.131600",
        "parent_user_id": "USLACKBOT"
    },
    {
        "client_msg_id": "9c1ed93b-1959-4949-941d-7a62ef7ef046",
        "type": "message",
        "text": "3. Initial templates drew from the experience of seasoned tech writers. Kudos to <@UKVC4NB71> and <@UL3UNUMK6> who provided most of the starter material. They might want to comment further on their inspiration.",
        "user": "UKTGLQNGG",
        "ts": "1587812093.132800",
        "team": "TKFJE6LDR",
        "user_team": "TKFJE6LDR",
        "source_team": "TKFJE6LDR",
        "user_profile": {
            "avatar_hash": "ge03fcb118b0",
            "image_72": "https:\/\/secure.gravatar.com\/avatar\/9e03fcb118b0853a3fedfdee2367779d.jpg?s=72&d=https%3A%2F%2Fa.slack-edge.com%2Fdf10d%2Fimg%2Favatars%2Fava_0021-72.png",
            "first_name": "Cameron",
            "real_name": "Cameron Shorter",
            "display_name": "cameronshorter",
            "team": "TKFJE6LDR",
            "name": "cameron.shorter",
            "is_restricted": false,
            "is_ultra_restricted": false
        },
        "blocks": [
            {
                "type": "rich_text",
                "block_id": "kwP8c",
                "elements": [
                    {
                        "type": "rich_text_section",
                        "elements": [
                            {
                                "type": "text",
                                "text": "3. Initial templates drew from the experience of seasoned tech writers. Kudos to "
                            },
                            {
                                "type": "user",
                                "user_id": "UKVC4NB71"
                            },
                            {
                                "type": "text",
                                "text": " and "
                            },
                            {
                                "type": "user",
                                "user_id": "UL3UNUMK6"
                            },
                            {
                                "type": "text",
                                "text": " who provided most of the starter material. They might want to comment further on their inspiration."
                            }
                        ]
                    }
                ]
            }
        ],
        "thread_ts": "1587779826.131600",
        "parent_user_id": "USLACKBOT"
    }
]