[
    {
        "client_msg_id": "5f9cda32-d53b-42dd-95d4-11a90e0c134e",
        "type": "message",
        "text": "Eriol is right and the final report will be published soon, you should lookout for that.",
        "user": "UTCKDLXJ9",
        "ts": "1581152865.000100",
        "team": "TKFJE6LDR",
        "user_team": "TKFJE6LDR",
        "source_team": "TKFJE6LDR",
        "user_profile": {
            "avatar_hash": "0be4307e6d1c",
            "image_72": "https:\/\/avatars.slack-edge.com\/2020-05-22\/1152413971041_0be4307e6d1c12a4752f_72.jpg",
            "first_name": "",
            "real_name": "Bolaji Ayodeji",
            "display_name": "Bolaji Ayodeji",
            "team": "TKFJE6LDR",
            "name": "sirbeejay1",
            "is_restricted": false,
            "is_ultra_restricted": false
        },
        "blocks": [
            {
                "type": "rich_text",
                "block_id": "MA+",
                "elements": [
                    {
                        "type": "rich_text_section",
                        "elements": [
                            {
                                "type": "text",
                                "text": "Eriol is right and the final report will be published soon, you should lookout for that."
                            }
                        ]
                    }
                ]
            }
        ],
        "thread_ts": "1581099516.008900",
        "parent_user_id": "UKTGLQNGG",
        "reactions": [
            {
                "name": "+1",
                "users": [
                    "UKTGLQNGG"
                ],
                "count": 1
            }
        ]
    },
    {
        "client_msg_id": "efbc0b79-c342-4017-81bd-8b527b6352d8",
        "type": "message",
        "text": "Hi <@UTCCCN999>, the first link you provided seems broken (for me). But I had a look at <https:\/\/github.com\/ushahidi\/opendesign>. I was unclear what you meant by “open design” - thinking initially it would be about a template for “software design \/ software architecture documentation”, but it appears your focus is more closely aligned with UX design?\nAm I right in understanding that you are wanting capture best practice processes to follow when following UX design? I think this is a really worthy goal.\nThe question I’m wondering out loud is whether it would fit best within the framework of TheGoodDocsProject, or would it be better sitting as a complementary sister project?\nI’m think it comes to who our target users are. For TheGoodDocsProject, we are (currently) just targeting doc creators. Thoughts?",
        "user": "UKTGLQNGG",
        "ts": "1581158102.000500",
        "team": "TKFJE6LDR",
        "user_team": "TKFJE6LDR",
        "source_team": "TKFJE6LDR",
        "user_profile": {
            "avatar_hash": "ge03fcb118b0",
            "image_72": "https:\/\/secure.gravatar.com\/avatar\/9e03fcb118b0853a3fedfdee2367779d.jpg?s=72&d=https%3A%2F%2Fa.slack-edge.com%2Fdf10d%2Fimg%2Favatars%2Fava_0021-72.png",
            "first_name": "Cameron",
            "real_name": "Cameron Shorter",
            "display_name": "cameronshorter",
            "team": "TKFJE6LDR",
            "name": "cameron.shorter",
            "is_restricted": false,
            "is_ultra_restricted": false
        },
        "attachments": [
            {
                "service_name": "GitHub",
                "title": "ushahidi\/opendesign",
                "title_link": "https:\/\/github.com\/ushahidi\/opendesign",
                "text": "A methodology for distributed, asynchronous design contributions to software projects - ushahidi\/opendesign",
                "fallback": "GitHub: ushahidi\/opendesign",
                "from_url": "https:\/\/github.com\/ushahidi\/opendesign",
                "thumb_url": "https:\/\/repository-images.githubusercontent.com\/179710835\/d5129580-a891-11e9-8477-cdd4f376f9cd",
                "thumb_width": 500,
                "thumb_height": 250,
                "service_icon": "https:\/\/a.slack-edge.com\/80588\/img\/unfurl_icons\/github.png",
                "id": 1,
                "original_url": "https:\/\/github.com\/ushahidi\/opendesign"
            }
        ],
        "blocks": [
            {
                "type": "rich_text",
                "block_id": "OAMz",
                "elements": [
                    {
                        "type": "rich_text_section",
                        "elements": [
                            {
                                "type": "text",
                                "text": "Hi "
                            },
                            {
                                "type": "user",
                                "user_id": "UTCCCN999"
                            },
                            {
                                "type": "text",
                                "text": ", the first link you provided seems broken (for me). But I had a look at "
                            },
                            {
                                "type": "link",
                                "url": "https:\/\/github.com\/ushahidi\/opendesign"
                            },
                            {
                                "type": "text",
                                "text": ". I was unclear what you meant by “open design” - thinking initially it would be about a template for “software design \/ software architecture documentation”, but it appears your focus is more closely aligned with UX design?\nAm I right in understanding that you are wanting capture best practice processes to follow when following UX design? I think this is a really worthy goal.\nThe question I’m wondering out loud is whether it would fit best within the framework of TheGoodDocsProject, or would it be better sitting as a complementary sister project?\nI’m think it comes to who our target users are. For TheGoodDocsProject, we are (currently) just targeting doc creators. Thoughts?"
                            }
                        ]
                    }
                ]
            }
        ],
        "thread_ts": "1581099228.006000",
        "parent_user_id": "UKTGLQNGG"
    },
    {
        "client_msg_id": "bd21936e-4708-4249-b625-db57505bc8ff",
        "type": "message",
        "text": "I'm definitely *not a software design software architecture person*\n\nI am indeed an open-source designer in terms of visual, UX, UI, Interaction, suability, service and all other aspects of design and want to support best practices in things like: User testing practices with your community including sample scripts, how to include users in a design process with accompanying resources etc.\n\nI hope this link works: <https:\/\/app.gitbook.com\/@ushahidi\/s\/platform-developer-documentation\/design\/design-process>\nIt may have been because I was logged into gitbooks on the previous URL\n\nI sadly have no interest in starting a new side project\/sister project but was rather interested in contributing and supplementing existing open source initiatives and bringing the case for design, usability and helping (through templates) open soruce proejcts to be better equipped to know what to ask for regarding design needs in their projects. If I've fundementally misunderstood the good docs project then apologies.",
        "user": "UTCCCN999",
        "ts": "1581170605.000100",
        "team": "TKFJE6LDR",
        "user_team": "TKFJE6LDR",
        "source_team": "TKFJE6LDR",
        "user_profile": {
            "avatar_hash": "47bf3bbbbfed",
            "image_72": "https:\/\/avatars.slack-edge.com\/2020-02-07\/930421695843_47bf3bbbbfedeac66e72_72.jpg",
            "first_name": "",
            "real_name": "Eriol Fox",
            "display_name": "Eriol Fox",
            "team": "TKFJE6LDR",
            "name": "eriolfox",
            "is_restricted": false,
            "is_ultra_restricted": false
        },
        "blocks": [
            {
                "type": "rich_text",
                "block_id": "e4lN",
                "elements": [
                    {
                        "type": "rich_text_section",
                        "elements": [
                            {
                                "type": "text",
                                "text": "I'm definitely "
                            },
                            {
                                "type": "text",
                                "text": "not a software design software architecture person",
                                "style": {
                                    "bold": true
                                }
                            },
                            {
                                "type": "text",
                                "text": "\n\nI am indeed an open-source designer in terms of visual, UX, UI, Interaction, suability, service and all other aspects of design and want to support best practices in things like: User testing practices with your community including sample scripts, how to include users in a design process with accompanying resources etc.\n\nI hope this link works: "
                            },
                            {
                                "type": "link",
                                "url": "https:\/\/app.gitbook.com\/@ushahidi\/s\/platform-developer-documentation\/design\/design-process"
                            },
                            {
                                "type": "text",
                                "text": "\nIt may have been because I was logged into gitbooks on the previous URL\n\nI sadly have no interest in starting a new side project\/sister project but was rather interested in contributing and supplementing existing open source initiatives and bringing the case for design, usability and helping (through templates) open soruce proejcts to be better equipped to know what to ask for regarding design needs in their projects. If I've fundementally misunderstood the good docs project then apologies."
                            }
                        ]
                    }
                ]
            }
        ],
        "thread_ts": "1581099228.006000",
        "parent_user_id": "UKTGLQNGG"
    },
    {
        "client_msg_id": "2fb3f7d2-1cd9-429f-816a-d59d55806984",
        "type": "message",
        "text": "<@UTCCCN999> The link you provide redirects me to <https:\/\/docs.ushahidi.com\/index\/ssrSpaces\/spaces\/platform-developer-documentation\/design\/design-process> showing a “Page not Found”.\nMaybe try opening your browser in “Incognito mode” then try the URL - you should then see what the general public see.",
        "user": "UKTGLQNGG",
        "ts": "1581187428.000100",
        "team": "TKFJE6LDR",
        "user_team": "TKFJE6LDR",
        "source_team": "TKFJE6LDR",
        "user_profile": {
            "avatar_hash": "ge03fcb118b0",
            "image_72": "https:\/\/secure.gravatar.com\/avatar\/9e03fcb118b0853a3fedfdee2367779d.jpg?s=72&d=https%3A%2F%2Fa.slack-edge.com%2Fdf10d%2Fimg%2Favatars%2Fava_0021-72.png",
            "first_name": "Cameron",
            "real_name": "Cameron Shorter",
            "display_name": "cameronshorter",
            "team": "TKFJE6LDR",
            "name": "cameron.shorter",
            "is_restricted": false,
            "is_ultra_restricted": false
        },
        "edited": {
            "user": "UKTGLQNGG",
            "ts": "1581189887.000000"
        },
        "blocks": [
            {
                "type": "rich_text",
                "block_id": "wRzAy",
                "elements": [
                    {
                        "type": "rich_text_section",
                        "elements": [
                            {
                                "type": "user",
                                "user_id": "UTCCCN999"
                            },
                            {
                                "type": "text",
                                "text": " The link you provide redirects me to "
                            },
                            {
                                "type": "link",
                                "url": "https:\/\/docs.ushahidi.com\/index\/ssrSpaces\/spaces\/platform-developer-documentation\/design\/design-process"
                            },
                            {
                                "type": "text",
                                "text": " showing a “Page not Found”.\nMaybe try opening your browser in “Incognito mode” then try the URL - you should then see what the general public see."
                            }
                        ]
                    }
                ]
            }
        ],
        "thread_ts": "1581099228.006000",
        "parent_user_id": "UKTGLQNGG"
    },
    {
        "client_msg_id": "8109ad42-d7a7-4817-ba82-525b08151331",
        "type": "message",
        "text": "With regards to our initial (early project) focus: we are focusing just on docs at the moment. There are UX\/UI\/…design aspects to docs. Does that interest you?\nA couple of days ago I shared initial ideas around an Information Strategy which I think should accompany our templates. I think this touches on some of your ideas? I’d be keen to hear your thoughts.",
        "user": "UKTGLQNGG",
        "ts": "1581188565.000300",
        "team": "TKFJE6LDR",
        "user_team": "TKFJE6LDR",
        "source_team": "TKFJE6LDR",
        "user_profile": {
            "avatar_hash": "ge03fcb118b0",
            "image_72": "https:\/\/secure.gravatar.com\/avatar\/9e03fcb118b0853a3fedfdee2367779d.jpg?s=72&d=https%3A%2F%2Fa.slack-edge.com%2Fdf10d%2Fimg%2Favatars%2Fava_0021-72.png",
            "first_name": "Cameron",
            "real_name": "Cameron Shorter",
            "display_name": "cameronshorter",
            "team": "TKFJE6LDR",
            "name": "cameron.shorter",
            "is_restricted": false,
            "is_ultra_restricted": false
        },
        "blocks": [
            {
                "type": "rich_text",
                "block_id": "AGN",
                "elements": [
                    {
                        "type": "rich_text_section",
                        "elements": [
                            {
                                "type": "text",
                                "text": "With regards to our initial (early project) focus: we are focusing just on docs at the moment. There are UX\/UI\/…design aspects to docs. Does that interest you?\nA couple of days ago I shared initial ideas around an Information Strategy which I think should accompany our templates. I think this touches on some of your ideas? I’d be keen to hear your thoughts."
                            }
                        ]
                    }
                ]
            }
        ],
        "thread_ts": "1581099228.006000",
        "parent_user_id": "UKTGLQNGG"
    },
    {
        "client_msg_id": "b3e77e3e-ea7d-473f-b77d-a2b34c3732c7",
        "type": "message",
        "text": "I'll DM so we discuss a time and date that works for both of us",
        "user": "UTCKDLXJ9",
        "ts": "1581192827.000600",
        "team": "TKFJE6LDR",
        "user_team": "TKFJE6LDR",
        "source_team": "TKFJE6LDR",
        "user_profile": {
            "avatar_hash": "0be4307e6d1c",
            "image_72": "https:\/\/avatars.slack-edge.com\/2020-05-22\/1152413971041_0be4307e6d1c12a4752f_72.jpg",
            "first_name": "",
            "real_name": "Bolaji Ayodeji",
            "display_name": "Bolaji Ayodeji",
            "team": "TKFJE6LDR",
            "name": "sirbeejay1",
            "is_restricted": false,
            "is_ultra_restricted": false
        },
        "blocks": [
            {
                "type": "rich_text",
                "block_id": "Rl7N9",
                "elements": [
                    {
                        "type": "rich_text_section",
                        "elements": [
                            {
                                "type": "text",
                                "text": "I'll DM so we discuss a time and date that works for both of us"
                            }
                        ]
                    }
                ]
            }
        ],
        "thread_ts": "1580984409.042500",
        "parent_user_id": "UKTGLQNGG"
    }
]