[
    {
        "client_msg_id": "f6aa99d0-60c8-4c17-9e3b-8328e7d74e8b",
        "type": "message",
        "text": "Hello everyone.\nI'm super excited to be here. I learned about this project yesterday at Sustain Summit and I found it super intriguing and I thought to join to help wherever I can.\n\nI'm Bolaji, a Front-end Developer &amp; Technical Writer. I work in DevRel at Hashnode and core team at Open Source Community Africa.\nPlease let me know how to get started :slightly_smiling_face:",
        "user": "UTCKDLXJ9",
        "ts": "1580463055.008800",
        "team": "TKFJE6LDR",
        "user_team": "TKFJE6LDR",
        "source_team": "TKFJE6LDR",
        "user_profile": {
            "avatar_hash": "0be4307e6d1c",
            "image_72": "https:\/\/avatars.slack-edge.com\/2020-05-22\/1152413971041_0be4307e6d1c12a4752f_72.jpg",
            "first_name": "",
            "real_name": "Bolaji Ayodeji",
            "display_name": "Bolaji Ayodeji",
            "team": "TKFJE6LDR",
            "name": "sirbeejay1",
            "is_restricted": false,
            "is_ultra_restricted": false
        },
        "blocks": [
            {
                "type": "rich_text",
                "block_id": "evvs",
                "elements": [
                    {
                        "type": "rich_text_section",
                        "elements": [
                            {
                                "type": "text",
                                "text": "Hello everyone.\nI'm super excited to be here. I learned about this project yesterday at Sustain Summit and I found it super intriguing and I thought to join to help wherever I can.\n\nI'm Bolaji, a Front-end Developer & Technical Writer. I work in DevRel at Hashnode and core team at Open Source Community Africa.\nPlease let me know how to get started "
                            },
                            {
                                "type": "emoji",
                                "name": "slightly_smiling_face"
                            }
                        ]
                    }
                ]
            }
        ],
        "thread_ts": "1580463055.008800",
        "reply_count": 12,
        "reply_users_count": 3,
        "latest_reply": "1580642470.011900",
        "reply_users": [
            "UL2AA1FF1",
            "UTCKDLXJ9",
            "UKTGLQNGG"
        ],
        "replies": [
            {
                "user": "UL2AA1FF1",
                "ts": "1580507482.009000"
            },
            {
                "user": "UL2AA1FF1",
                "ts": "1580507514.009200"
            },
            {
                "user": "UL2AA1FF1",
                "ts": "1580507559.009500"
            },
            {
                "user": "UL2AA1FF1",
                "ts": "1580507565.009800"
            },
            {
                "user": "UTCKDLXJ9",
                "ts": "1580538111.010100"
            },
            {
                "user": "UTCKDLXJ9",
                "ts": "1580538220.010400"
            },
            {
                "user": "UL2AA1FF1",
                "ts": "1580539297.010600"
            },
            {
                "user": "UL2AA1FF1",
                "ts": "1580539365.010800"
            },
            {
                "user": "UTCKDLXJ9",
                "ts": "1580547637.011200"
            },
            {
                "user": "UL2AA1FF1",
                "ts": "1580550038.011400"
            },
            {
                "user": "UKTGLQNGG",
                "ts": "1580642451.011700"
            },
            {
                "user": "UKTGLQNGG",
                "ts": "1580642470.011900"
            }
        ],
        "subscribed": false,
        "reactions": [
            {
                "name": "wave",
                "users": [
                    "UL2AA1FF1",
                    "UTCKDLXJ9",
                    "UKVC4NB71"
                ],
                "count": 3
            },
            {
                "name": "tada",
                "users": [
                    "UL2AA1FF1"
                ],
                "count": 1
            }
        ]
    },
    {
        "client_msg_id": "368b9b04-c296-425e-a722-f179581192a3",
        "type": "message",
        "text": "Hi Bolaji! so glad you're here!",
        "user": "UL2AA1FF1",
        "ts": "1580507482.009000",
        "team": "TKFJE6LDR",
        "user_team": "TKFJE6LDR",
        "source_team": "TKFJE6LDR",
        "user_profile": {
            "avatar_hash": "22135067b36d",
            "image_72": "https:\/\/avatars.slack-edge.com\/2019-10-23\/805254797908_22135067b36dfb715e99_72.jpg",
            "first_name": "",
            "real_name": "Erin McKean",
            "display_name": "Erin McKean",
            "team": "TKFJE6LDR",
            "name": "emckean",
            "is_restricted": false,
            "is_ultra_restricted": false
        },
        "blocks": [
            {
                "type": "rich_text",
                "block_id": "9fS",
                "elements": [
                    {
                        "type": "rich_text_section",
                        "elements": [
                            {
                                "type": "text",
                                "text": "Hi Bolaji! so glad you're here!"
                            }
                        ]
                    }
                ]
            }
        ],
        "thread_ts": "1580463055.008800",
        "parent_user_id": "UTCKDLXJ9"
    },
    {
        "client_msg_id": "1f8b8014-4288-4c90-b97f-4dfb6992367c",
        "type": "message",
        "text": "We'd love to see you on the email list (details here: <https:\/\/thegooddocsproject.dev\/contact.html>)",
        "user": "UL2AA1FF1",
        "ts": "1580507514.009200",
        "team": "TKFJE6LDR",
        "user_team": "TKFJE6LDR",
        "source_team": "TKFJE6LDR",
        "user_profile": {
            "avatar_hash": "22135067b36d",
            "image_72": "https:\/\/avatars.slack-edge.com\/2019-10-23\/805254797908_22135067b36dfb715e99_72.jpg",
            "first_name": "",
            "real_name": "Erin McKean",
            "display_name": "Erin McKean",
            "team": "TKFJE6LDR",
            "name": "emckean",
            "is_restricted": false,
            "is_ultra_restricted": false
        },
        "attachments": [
            {
                "service_name": "The Good Docs Project",
                "title": "Contact us",
                "title_link": "https:\/\/thegooddocsproject.dev\/contact.html",
                "text": "Templates to make good docs.",
                "fallback": "The Good Docs Project: Contact us",
                "from_url": "https:\/\/thegooddocsproject.dev\/contact.html",
                "id": 1,
                "original_url": "https:\/\/thegooddocsproject.dev\/contact.html"
            }
        ],
        "blocks": [
            {
                "type": "rich_text",
                "block_id": "kd\/Fd",
                "elements": [
                    {
                        "type": "rich_text_section",
                        "elements": [
                            {
                                "type": "text",
                                "text": "We'd love to see you on the email list (details here: "
                            },
                            {
                                "type": "link",
                                "url": "https:\/\/thegooddocsproject.dev\/contact.html"
                            },
                            {
                                "type": "text",
                                "text": ")"
                            }
                        ]
                    }
                ]
            }
        ],
        "thread_ts": "1580463055.008800",
        "parent_user_id": "UTCKDLXJ9"
    },
    {
        "client_msg_id": "e3222268-fc13-4b47-b666-ad9affd4f2dd",
        "type": "message",
        "text": "and our current open issues are here! <https:\/\/github.com\/thegooddocsproject\/templates\/issues>",
        "user": "UL2AA1FF1",
        "ts": "1580507559.009500",
        "team": "TKFJE6LDR",
        "user_team": "TKFJE6LDR",
        "source_team": "TKFJE6LDR",
        "user_profile": {
            "avatar_hash": "22135067b36d",
            "image_72": "https:\/\/avatars.slack-edge.com\/2019-10-23\/805254797908_22135067b36dfb715e99_72.jpg",
            "first_name": "",
            "real_name": "Erin McKean",
            "display_name": "Erin McKean",
            "team": "TKFJE6LDR",
            "name": "emckean",
            "is_restricted": false,
            "is_ultra_restricted": false
        },
        "attachments": [
            {
                "service_name": "GitHub",
                "title": "thegooddocsproject\/templates",
                "title_link": "https:\/\/github.com\/thegooddocsproject\/templates\/issues",
                "text": "Templates created by The Good Docs Project - for all your tech writing needs. - thegooddocsproject\/templates",
                "fallback": "GitHub: thegooddocsproject\/templates",
                "thumb_url": "https:\/\/avatars1.githubusercontent.com\/u\/52089481?s=400&v=4",
                "from_url": "https:\/\/github.com\/thegooddocsproject\/templates\/issues",
                "thumb_width": 400,
                "thumb_height": 400,
                "service_icon": "https:\/\/a.slack-edge.com\/80588\/img\/unfurl_icons\/github.png",
                "id": 1,
                "original_url": "https:\/\/github.com\/thegooddocsproject\/templates\/issues"
            }
        ],
        "blocks": [
            {
                "type": "rich_text",
                "block_id": "GRk",
                "elements": [
                    {
                        "type": "rich_text_section",
                        "elements": [
                            {
                                "type": "text",
                                "text": "and our current open issues are here! "
                            },
                            {
                                "type": "link",
                                "url": "https:\/\/github.com\/thegooddocsproject\/templates\/issues"
                            }
                        ]
                    }
                ]
            }
        ],
        "thread_ts": "1580463055.008800",
        "parent_user_id": "UTCKDLXJ9"
    },
    {
        "client_msg_id": "89c14836-ad7a-4dd5-ae56-a87c73ec5a2e",
        "type": "message",
        "text": "feel free to ask questions here or on email",
        "user": "UL2AA1FF1",
        "ts": "1580507565.009800",
        "team": "TKFJE6LDR",
        "user_team": "TKFJE6LDR",
        "source_team": "TKFJE6LDR",
        "user_profile": {
            "avatar_hash": "22135067b36d",
            "image_72": "https:\/\/avatars.slack-edge.com\/2019-10-23\/805254797908_22135067b36dfb715e99_72.jpg",
            "first_name": "",
            "real_name": "Erin McKean",
            "display_name": "Erin McKean",
            "team": "TKFJE6LDR",
            "name": "emckean",
            "is_restricted": false,
            "is_ultra_restricted": false
        },
        "blocks": [
            {
                "type": "rich_text",
                "block_id": "+94BA",
                "elements": [
                    {
                        "type": "rich_text_section",
                        "elements": [
                            {
                                "type": "text",
                                "text": "feel free to ask questions here or on email"
                            }
                        ]
                    }
                ]
            }
        ],
        "thread_ts": "1580463055.008800",
        "parent_user_id": "UTCKDLXJ9"
    },
    {
        "client_msg_id": "06311010-ff5f-42f6-97e0-a6f7dd4a2243",
        "type": "message",
        "text": "Thank you Erin. I'll get started and let you know if I have any questions.",
        "user": "UTCKDLXJ9",
        "ts": "1580538111.010100",
        "team": "TKFJE6LDR",
        "user_team": "TKFJE6LDR",
        "source_team": "TKFJE6LDR",
        "user_profile": {
            "avatar_hash": "0be4307e6d1c",
            "image_72": "https:\/\/avatars.slack-edge.com\/2020-05-22\/1152413971041_0be4307e6d1c12a4752f_72.jpg",
            "first_name": "",
            "real_name": "Bolaji Ayodeji",
            "display_name": "Bolaji Ayodeji",
            "team": "TKFJE6LDR",
            "name": "sirbeejay1",
            "is_restricted": false,
            "is_ultra_restricted": false
        },
        "edited": {
            "user": "UTCKDLXJ9",
            "ts": "1580538210.000000"
        },
        "blocks": [
            {
                "type": "rich_text",
                "block_id": "bhlh",
                "elements": [
                    {
                        "type": "rich_text_section",
                        "elements": [
                            {
                                "type": "text",
                                "text": "Thank you Erin. I'll get started and let you know if I have any questions."
                            }
                        ]
                    }
                ]
            }
        ],
        "thread_ts": "1580463055.008800",
        "parent_user_id": "UTCKDLXJ9"
    },
    {
        "client_msg_id": "b7d6a577-30c5-445c-b6b4-6e65dc3dc0c8",
        "type": "message",
        "text": "The link for the mailing list on the website doesn't seem to be working <@UL2AA1FF1>",
        "user": "UTCKDLXJ9",
        "ts": "1580538220.010400",
        "team": "TKFJE6LDR",
        "user_team": "TKFJE6LDR",
        "source_team": "TKFJE6LDR",
        "user_profile": {
            "avatar_hash": "0be4307e6d1c",
            "image_72": "https:\/\/avatars.slack-edge.com\/2020-05-22\/1152413971041_0be4307e6d1c12a4752f_72.jpg",
            "first_name": "",
            "real_name": "Bolaji Ayodeji",
            "display_name": "Bolaji Ayodeji",
            "team": "TKFJE6LDR",
            "name": "sirbeejay1",
            "is_restricted": false,
            "is_ultra_restricted": false
        },
        "blocks": [
            {
                "type": "rich_text",
                "block_id": "edii",
                "elements": [
                    {
                        "type": "rich_text_section",
                        "elements": [
                            {
                                "type": "text",
                                "text": "The link for the mailing list on the website doesn't seem to be working "
                            },
                            {
                                "type": "user",
                                "user_id": "UL2AA1FF1"
                            }
                        ]
                    }
                ]
            }
        ],
        "thread_ts": "1580463055.008800",
        "parent_user_id": "UTCKDLXJ9"
    },
    {
        "client_msg_id": "1cb3bd9b-2fac-4dc6-8f4e-9e04a3dcfedc",
        "type": "message",
        "text": "Ah thanks for letting us know!",
        "user": "UL2AA1FF1",
        "ts": "1580539297.010600",
        "team": "TKFJE6LDR",
        "user_team": "TKFJE6LDR",
        "source_team": "TKFJE6LDR",
        "user_profile": {
            "avatar_hash": "22135067b36d",
            "image_72": "https:\/\/avatars.slack-edge.com\/2019-10-23\/805254797908_22135067b36dfb715e99_72.jpg",
            "first_name": "",
            "real_name": "Erin McKean",
            "display_name": "Erin McKean",
            "team": "TKFJE6LDR",
            "name": "emckean",
            "is_restricted": false,
            "is_ultra_restricted": false
        },
        "blocks": [
            {
                "type": "rich_text",
                "block_id": "vilrA",
                "elements": [
                    {
                        "type": "rich_text_section",
                        "elements": [
                            {
                                "type": "text",
                                "text": "Ah thanks for letting us know!"
                            }
                        ]
                    }
                ]
            }
        ],
        "thread_ts": "1580463055.008800",
        "parent_user_id": "UTCKDLXJ9"
    },
    {
        "client_msg_id": "66beac17-dc67-480a-a2a9-604c68a2d7dc",
        "type": "message",
        "text": "here's the <http:\/\/Groups.io|Groups.io> link! <https:\/\/thegooddocsproject.groups.io\/g\/main>",
        "user": "UL2AA1FF1",
        "ts": "1580539365.010800",
        "team": "TKFJE6LDR",
        "user_team": "TKFJE6LDR",
        "source_team": "TKFJE6LDR",
        "user_profile": {
            "avatar_hash": "22135067b36d",
            "image_72": "https:\/\/avatars.slack-edge.com\/2019-10-23\/805254797908_22135067b36dfb715e99_72.jpg",
            "first_name": "",
            "real_name": "Erin McKean",
            "display_name": "Erin McKean",
            "team": "TKFJE6LDR",
            "name": "emckean",
            "is_restricted": false,
            "is_ultra_restricted": false
        },
        "attachments": [
            {
                "title": "main groups.io Group",
                "title_link": "https:\/\/thegooddocsproject.groups.io\/g\/main",
                "text": "General discussion group for The Good Docs Project <https:\/\/thegooddocsproject.dev\/>. Dedicated to creating a suite of best practice templates for documenting open source software.",
                "fallback": "main groups.io Group",
                "image_url": "https:\/\/groups.io\/img\/logofull.png",
                "from_url": "https:\/\/thegooddocsproject.groups.io\/g\/main",
                "image_width": 491,
                "image_height": 132,
                "image_bytes": 28895,
                "service_icon": "https:\/\/thegooddocsproject.groups.io\/img\/org.1\/favicons\/apple-icon-57x57.png",
                "service_name": "thegooddocsproject.groups.io",
                "id": 1,
                "original_url": "https:\/\/thegooddocsproject.groups.io\/g\/main"
            }
        ],
        "blocks": [
            {
                "type": "rich_text",
                "block_id": "fP1z",
                "elements": [
                    {
                        "type": "rich_text_section",
                        "elements": [
                            {
                                "type": "text",
                                "text": "here's the "
                            },
                            {
                                "type": "link",
                                "url": "http:\/\/Groups.io",
                                "text": "Groups.io"
                            },
                            {
                                "type": "text",
                                "text": " link! "
                            },
                            {
                                "type": "link",
                                "url": "https:\/\/thegooddocsproject.groups.io\/g\/main"
                            }
                        ]
                    }
                ]
            }
        ],
        "thread_ts": "1580463055.008800",
        "parent_user_id": "UTCKDLXJ9"
    }
]