[
    {
        "client_msg_id": "928c2e3e-4609-4510-8eae-19672cadd7d7",
        "type": "message",
        "text": "Oh I realize now I forgot to introduce myself here. I'm Daniel and I'm around to talk about potentially open sourcing some materials on content audits :wave:",
        "user": "U011GCVJFQF",
        "ts": "1587389994.078400",
        "team": "TKFJE6LDR",
        "user_team": "TKFJE6LDR",
        "source_team": "TKFJE6LDR",
        "user_profile": {
            "avatar_hash": "5859193991fb",
            "image_72": "https:\/\/avatars.slack-edge.com\/2020-04-16\/1066602100115_5859193991fb4bbebcdf_72.png",
            "first_name": "",
            "real_name": "Daniel Beck",
            "display_name": "Daniel Beck",
            "team": "TKFJE6LDR",
            "name": "daniel",
            "is_restricted": false,
            "is_ultra_restricted": false
        },
        "blocks": [
            {
                "type": "rich_text",
                "block_id": "7tQ",
                "elements": [
                    {
                        "type": "rich_text_section",
                        "elements": [
                            {
                                "type": "text",
                                "text": "Oh I realize now I forgot to introduce myself here. I'm Daniel and I'm around to talk about potentially open sourcing some materials on content audits "
                            },
                            {
                                "type": "emoji",
                                "name": "wave"
                            }
                        ]
                    }
                ]
            }
        ],
        "thread_ts": "1587389994.078400",
        "reply_count": 1,
        "reply_users_count": 1,
        "latest_reply": "1587423946.092700",
        "reply_users": [
            "UKVC4NB71"
        ],
        "replies": [
            {
                "user": "UKVC4NB71",
                "ts": "1587423946.092700"
            }
        ],
        "subscribed": false,
        "reactions": [
            {
                "name": "wave",
                "users": [
                    "UL2AA1FF1",
                    "UKVC4NB71",
                    "UR1VBKHD1"
                ],
                "count": 3
            }
        ]
    },
    {
        "client_msg_id": "a64bd9d7-6dce-4d1a-a1d2-e2941485c216",
        "type": "message",
        "text": "Also, sorry I wasn't able to join the call last week. I'm based in Cambridge, UK so it was a little past my bed time :simple_smile:",
        "user": "U011GCVJFQF",
        "ts": "1587390069.079500",
        "team": "TKFJE6LDR",
        "user_team": "TKFJE6LDR",
        "source_team": "TKFJE6LDR",
        "user_profile": {
            "avatar_hash": "5859193991fb",
            "image_72": "https:\/\/avatars.slack-edge.com\/2020-04-16\/1066602100115_5859193991fb4bbebcdf_72.png",
            "first_name": "",
            "real_name": "Daniel Beck",
            "display_name": "Daniel Beck",
            "team": "TKFJE6LDR",
            "name": "daniel",
            "is_restricted": false,
            "is_ultra_restricted": false
        },
        "blocks": [
            {
                "type": "rich_text",
                "block_id": "=w+",
                "elements": [
                    {
                        "type": "rich_text_section",
                        "elements": [
                            {
                                "type": "text",
                                "text": "Also, sorry I wasn't able to join the call last week. I'm based in Cambridge, UK so it was a little past my bed time "
                            },
                            {
                                "type": "emoji",
                                "name": "simple_smile"
                            }
                        ]
                    }
                ]
            }
        ],
        "reactions": [
            {
                "name": "joy",
                "users": [
                    "UL2AA1FF1"
                ],
                "count": 1
            }
        ]
    },
    {
        "client_msg_id": "93307320-4745-4f66-b2c1-1f2b81df3909",
        "type": "message",
        "text": "Great to have you on the team <@U011GCVJFQF> and <@U012MGCK4GG>. With SeasonOfDocs ramping up, we have a focal point we can use to drive our next phase of development. With the England timezone needed to be catered for again, lets recalebrate our meeting timeslot. For everyone interested in joining in the conversation, can you share what time you are prepared to wake up \/ go to bed. These are the timezones I believe we are catering for: <https:\/\/www.timeanddate.com\/worldclock\/meetingtime.html?iso=20200423&amp;p1=240&amp;p2=136&amp;p3=179&amp;p4=224|https:\/\/www.timeanddate.com\/worldclock\/meetingtime.html?iso=20200423&amp;p1=240&amp;p2=136&amp;p3=179&amp;p4=224>",
        "user": "UKTGLQNGG",
        "ts": "1587408221.089100",
        "team": "TKFJE6LDR",
        "user_team": "TKFJE6LDR",
        "source_team": "TKFJE6LDR",
        "user_profile": {
            "avatar_hash": "ge03fcb118b0",
            "image_72": "https:\/\/secure.gravatar.com\/avatar\/9e03fcb118b0853a3fedfdee2367779d.jpg?s=72&d=https%3A%2F%2Fa.slack-edge.com%2Fdf10d%2Fimg%2Favatars%2Fava_0021-72.png",
            "first_name": "Cameron",
            "real_name": "Cameron Shorter",
            "display_name": "cameronshorter",
            "team": "TKFJE6LDR",
            "name": "cameron.shorter",
            "is_restricted": false,
            "is_ultra_restricted": false
        },
        "attachments": [
            {
                "title": "The World Clock Meeting Planner - Results",
                "title_link": "https:\/\/www.timeanddate.com\/worldclock\/meetingtime.html?iso=20200423&p1=240&p2=136&p3=179&p4=224",
                "text": "Results from the Meeting Planner that finds a suitable time to call or meet with people from around the world.",
                "fallback": "The World Clock Meeting Planner - Results",
                "image_url": "https:\/\/c.tadst.com\/gfx\/og\/tadlogo-facebook.png",
                "from_url": "https:\/\/www.timeanddate.com\/worldclock\/meetingtime.html?iso=20200423&p1=240&p2=136&p3=179&p4=224",
                "image_width": 476,
                "image_height": 250,
                "image_bytes": 55884,
                "service_icon": "https:\/\/www.timeanddate.com\/favicon.ico",
                "service_name": "timeanddate.com",
                "id": 1,
                "original_url": "https:\/\/www.timeanddate.com\/worldclock\/meetingtime.html?iso=20200423&amp;p1=240&amp;p2=136&amp;p3=179&amp;p4=224"
            }
        ],
        "blocks": [
            {
                "type": "rich_text",
                "block_id": "xCZE",
                "elements": [
                    {
                        "type": "rich_text_section",
                        "elements": [
                            {
                                "type": "text",
                                "text": "Great to have you on the team "
                            },
                            {
                                "type": "user",
                                "user_id": "U011GCVJFQF"
                            },
                            {
                                "type": "text",
                                "text": " and "
                            },
                            {
                                "type": "user",
                                "user_id": "U012MGCK4GG"
                            },
                            {
                                "type": "text",
                                "text": ". With SeasonOfDocs ramping up, we have a focal point we can use to drive our next phase of development. With the England timezone needed to be catered for again, lets recalebrate our meeting timeslot. For everyone interested in joining in the conversation, can you share what time you are prepared to wake up \/ go to bed. These are the timezones I believe we are catering for: "
                            },
                            {
                                "type": "link",
                                "url": "https:\/\/www.timeanddate.com\/worldclock\/meetingtime.html?iso=20200423&p1=240&p2=136&p3=179&p4=224",
                                "text": "https:\/\/www.timeanddate.com\/worldclock\/meetingtime.html?iso=20200423&p1=240&p2=136&p3=179&p4=224"
                            }
                        ]
                    }
                ]
            }
        ]
    },
    {
        "client_msg_id": "9c49bc5e-c23f-4d04-be14-3cb2f828ea27",
        "type": "message",
        "text": "Likely timeslot could be 21:00 UTC <https:\/\/www.timeanddate.com\/worldclock\/meetingdetails.html?year=2020&amp;month=4&amp;day=22&amp;hour=21&amp;min=0&amp;sec=0&amp;p1=240&amp;p2=136&amp;p3=179&amp;p4=224|https:\/\/www.timeanddate.com\/worldclock\/meetingdetails.html?year=2020&amp;month=4&amp;day=22&amp;hour=21&amp;min=0&amp;sec=0&amp;p1=240&amp;p2=136&amp;p3=179&amp;p4=224>",
        "user": "UKTGLQNGG",
        "ts": "1587408310.089700",
        "team": "TKFJE6LDR",
        "user_team": "TKFJE6LDR",
        "source_team": "TKFJE6LDR",
        "user_profile": {
            "avatar_hash": "ge03fcb118b0",
            "image_72": "https:\/\/secure.gravatar.com\/avatar\/9e03fcb118b0853a3fedfdee2367779d.jpg?s=72&d=https%3A%2F%2Fa.slack-edge.com%2Fdf10d%2Fimg%2Favatars%2Fava_0021-72.png",
            "first_name": "Cameron",
            "real_name": "Cameron Shorter",
            "display_name": "cameronshorter",
            "team": "TKFJE6LDR",
            "name": "cameron.shorter",
            "is_restricted": false,
            "is_ultra_restricted": false
        },
        "attachments": [
            {
                "title": "The World Clock Meeting Planner - Details",
                "title_link": "https:\/\/www.timeanddate.com\/worldclock\/meetingdetails.html?year=2020&month=4&day=22&hour=21&min=0&sec=0&p1=240&p2=136&p3=179&p4=224",
                "text": "Local time for a meeting, in user selected locations.",
                "fallback": "The World Clock Meeting Planner - Details",
                "image_url": "https:\/\/c.tadst.com\/gfx\/og\/tadlogo-facebook.png",
                "from_url": "https:\/\/www.timeanddate.com\/worldclock\/meetingdetails.html?year=2020&month=4&day=22&hour=21&min=0&sec=0&p1=240&p2=136&p3=179&p4=224",
                "image_width": 476,
                "image_height": 250,
                "image_bytes": 55884,
                "service_icon": "https:\/\/www.timeanddate.com\/favicon.ico",
                "service_name": "timeanddate.com",
                "id": 1,
                "original_url": "https:\/\/www.timeanddate.com\/worldclock\/meetingdetails.html?year=2020&amp;month=4&amp;day=22&amp;hour=21&amp;min=0&amp;sec=0&amp;p1=240&amp;p2=136&amp;p3=179&amp;p4=224"
            }
        ],
        "blocks": [
            {
                "type": "rich_text",
                "block_id": "3oGp",
                "elements": [
                    {
                        "type": "rich_text_section",
                        "elements": [
                            {
                                "type": "text",
                                "text": "Likely timeslot could be 21:00 UTC "
                            },
                            {
                                "type": "link",
                                "url": "https:\/\/www.timeanddate.com\/worldclock\/meetingdetails.html?year=2020&month=4&day=22&hour=21&min=0&sec=0&p1=240&p2=136&p3=179&p4=224",
                                "text": "https:\/\/www.timeanddate.com\/worldclock\/meetingdetails.html?year=2020&month=4&day=22&hour=21&min=0&sec=0&p1=240&p2=136&p3=179&p4=224"
                            }
                        ]
                    }
                ]
            }
        ]
    },
    {
        "client_msg_id": "a2e27a64-752c-4c24-9109-33ebff8a10c6",
        "type": "message",
        "text": "Hopefully <@UKG4RHGBD>, London based, will join us at this time.",
        "user": "UKTGLQNGG",
        "ts": "1587408456.090900",
        "team": "TKFJE6LDR",
        "user_team": "TKFJE6LDR",
        "source_team": "TKFJE6LDR",
        "user_profile": {
            "avatar_hash": "ge03fcb118b0",
            "image_72": "https:\/\/secure.gravatar.com\/avatar\/9e03fcb118b0853a3fedfdee2367779d.jpg?s=72&d=https%3A%2F%2Fa.slack-edge.com%2Fdf10d%2Fimg%2Favatars%2Fava_0021-72.png",
            "first_name": "Cameron",
            "real_name": "Cameron Shorter",
            "display_name": "cameronshorter",
            "team": "TKFJE6LDR",
            "name": "cameron.shorter",
            "is_restricted": false,
            "is_ultra_restricted": false
        },
        "blocks": [
            {
                "type": "rich_text",
                "block_id": "MvD4",
                "elements": [
                    {
                        "type": "rich_text_section",
                        "elements": [
                            {
                                "type": "text",
                                "text": "Hopefully "
                            },
                            {
                                "type": "user",
                                "user_id": "UKG4RHGBD"
                            },
                            {
                                "type": "text",
                                "text": ", London based, will join us at this time."
                            }
                        ]
                    }
                ]
            }
        ]
    },
    {
        "client_msg_id": "b3bcfcbb-b69d-463e-a180-772f7b103ce5",
        "type": "message",
        "text": "21:00 UTC works for me!",
        "user": "UL2AA1FF1",
        "ts": "1587413064.091100",
        "team": "TKFJE6LDR",
        "user_team": "TKFJE6LDR",
        "source_team": "TKFJE6LDR",
        "user_profile": {
            "avatar_hash": "22135067b36d",
            "image_72": "https:\/\/avatars.slack-edge.com\/2019-10-23\/805254797908_22135067b36dfb715e99_72.jpg",
            "first_name": "",
            "real_name": "Erin McKean",
            "display_name": "Erin McKean",
            "team": "TKFJE6LDR",
            "name": "emckean",
            "is_restricted": false,
            "is_ultra_restricted": false
        },
        "blocks": [
            {
                "type": "rich_text",
                "block_id": "A45Vi",
                "elements": [
                    {
                        "type": "rich_text_section",
                        "elements": [
                            {
                                "type": "text",
                                "text": "21:00 UTC works for me!"
                            }
                        ]
                    }
                ]
            }
        ]
    },
    {
        "client_msg_id": "3f1b9d0d-db74-4516-a48c-0514f124dc95",
        "type": "message",
        "text": "Yeah, I can make that time :+1:",
        "user": "U011GCVJFQF",
        "ts": "1587414166.091500",
        "team": "TKFJE6LDR",
        "user_team": "TKFJE6LDR",
        "source_team": "TKFJE6LDR",
        "user_profile": {
            "avatar_hash": "5859193991fb",
            "image_72": "https:\/\/avatars.slack-edge.com\/2020-04-16\/1066602100115_5859193991fb4bbebcdf_72.png",
            "first_name": "",
            "real_name": "Daniel Beck",
            "display_name": "Daniel Beck",
            "team": "TKFJE6LDR",
            "name": "daniel",
            "is_restricted": false,
            "is_ultra_restricted": false
        },
        "blocks": [
            {
                "type": "rich_text",
                "block_id": "AI9S",
                "elements": [
                    {
                        "type": "rich_text_section",
                        "elements": [
                            {
                                "type": "text",
                                "text": "Yeah, I can make that time "
                            },
                            {
                                "type": "emoji",
                                "name": "+1"
                            }
                        ]
                    }
                ]
            }
        ]
    },
    {
        "client_msg_id": "a4ba927f-e59c-4cf4-bdc7-4399e76f93ce",
        "type": "message",
        "text": "I’m available then.",
        "user": "UL3UNUMK6",
        "ts": "1587416321.091800",
        "team": "TKFJE6LDR",
        "user_team": "TKFJE6LDR",
        "source_team": "TKFJE6LDR",
        "user_profile": {
            "avatar_hash": "g886aa2ab03e",
            "image_72": "https:\/\/secure.gravatar.com\/avatar\/1886aa2ab03e30db78524e761889e101.jpg?s=72&d=https%3A%2F%2Fa.slack-edge.com%2Fdf10d%2Fimg%2Favatars%2Fava_0005-72.png",
            "first_name": "",
            "real_name": "Clarence Cromwell",
            "display_name": "",
            "team": "TKFJE6LDR",
            "name": "clarencewcromwell",
            "is_restricted": false,
            "is_ultra_restricted": false
        },
        "blocks": [
            {
                "type": "rich_text",
                "block_id": "2Gy+Y",
                "elements": [
                    {
                        "type": "rich_text_section",
                        "elements": [
                            {
                                "type": "text",
                                "text": "I’m available then."
                            }
                        ]
                    }
                ]
            }
        ]
    },
    {
        "client_msg_id": "b64d422f-ef03-4ac1-b096-faf86c9fc495",
        "type": "message",
        "text": "Is there an agenda?",
        "user": "UL3UNUMK6",
        "ts": "1587416328.092100",
        "team": "TKFJE6LDR",
        "user_team": "TKFJE6LDR",
        "source_team": "TKFJE6LDR",
        "user_profile": {
            "avatar_hash": "g886aa2ab03e",
            "image_72": "https:\/\/secure.gravatar.com\/avatar\/1886aa2ab03e30db78524e761889e101.jpg?s=72&d=https%3A%2F%2Fa.slack-edge.com%2Fdf10d%2Fimg%2Favatars%2Fava_0005-72.png",
            "first_name": "",
            "real_name": "Clarence Cromwell",
            "display_name": "",
            "team": "TKFJE6LDR",
            "name": "clarencewcromwell",
            "is_restricted": false,
            "is_ultra_restricted": false
        },
        "blocks": [
            {
                "type": "rich_text",
                "block_id": "TEh",
                "elements": [
                    {
                        "type": "rich_text_section",
                        "elements": [
                            {
                                "type": "text",
                                "text": "Is there an agenda?"
                            }
                        ]
                    }
                ]
            }
        ]
    },
    {
        "client_msg_id": "599dc9d6-9892-448b-9555-94307b7bc070",
        "type": "message",
        "text": "Fine here, too",
        "user": "U012MGCK4GG",
        "ts": "1587419463.092500",
        "team": "TKFJE6LDR",
        "user_team": "TKFJE6LDR",
        "source_team": "TKFJE6LDR",
        "user_profile": {
            "avatar_hash": "g815f5cc8ab0",
            "image_72": "https:\/\/secure.gravatar.com\/avatar\/815f5cc8ab0ab925d41e5b8b417fd514.jpg?s=72&d=https%3A%2F%2Fa.slack-edge.com%2Fdf10d%2Fimg%2Favatars%2Fava_0022-72.png",
            "first_name": "",
            "real_name": "Ben Nathanson",
            "display_name": "Ben Nathanson",
            "team": "TKFJE6LDR",
            "name": "ben",
            "is_restricted": false,
            "is_ultra_restricted": false
        },
        "blocks": [
            {
                "type": "rich_text",
                "block_id": "1LPz",
                "elements": [
                    {
                        "type": "rich_text_section",
                        "elements": [
                            {
                                "type": "text",
                                "text": "Fine here, too"
                            }
                        ]
                    }
                ]
            }
        ]
    },
    {
        "client_msg_id": "afc4b3b6-da8f-4bd2-96de-7f22ada5a623",
        "type": "message",
        "text": "Hey there <@U011GCVJFQF> glad to see you here.",
        "user": "UKVC4NB71",
        "ts": "1587423946.092700",
        "team": "TKFJE6LDR",
        "user_team": "TKFJE6LDR",
        "source_team": "TKFJE6LDR",
        "user_profile": {
            "avatar_hash": "c7d9788d4436",
            "image_72": "https:\/\/avatars.slack-edge.com\/2019-10-30\/814314609877_c7d9788d4436969613a7_72.jpg",
            "first_name": "Jared",
            "real_name": "Jared Morgan",
            "display_name": "jaredmorgs",
            "team": "TKFJE6LDR",
            "name": "jaredleonmorgan",
            "is_restricted": false,
            "is_ultra_restricted": false
        },
        "edited": {
            "user": "UKVC4NB71",
            "ts": "1587423954.000000"
        },
        "blocks": [
            {
                "type": "rich_text",
                "block_id": "YKRf",
                "elements": [
                    {
                        "type": "rich_text_section",
                        "elements": [
                            {
                                "type": "text",
                                "text": "Hey there "
                            },
                            {
                                "type": "user",
                                "user_id": "U011GCVJFQF"
                            },
                            {
                                "type": "text",
                                "text": " glad to see you here."
                            }
                        ]
                    }
                ]
            }
        ],
        "thread_ts": "1587389994.078400",
        "parent_user_id": "U011GCVJFQF"
    },
    {
        "client_msg_id": "eeeffe3d-4622-40af-a474-26d1286fa7cc",
        "type": "message",
        "text": "<@UKVC4NB71>, <@UKV4ZPEFQ>, <@UR4F409LG>, <@UL9F82XL3>, <@UR1VBKHD1>, can you make timeslot above?",
        "user": "UKTGLQNGG",
        "ts": "1587438244.094600",
        "team": "TKFJE6LDR",
        "user_team": "TKFJE6LDR",
        "source_team": "TKFJE6LDR",
        "user_profile": {
            "avatar_hash": "ge03fcb118b0",
            "image_72": "https:\/\/secure.gravatar.com\/avatar\/9e03fcb118b0853a3fedfdee2367779d.jpg?s=72&d=https%3A%2F%2Fa.slack-edge.com%2Fdf10d%2Fimg%2Favatars%2Fava_0021-72.png",
            "first_name": "Cameron",
            "real_name": "Cameron Shorter",
            "display_name": "cameronshorter",
            "team": "TKFJE6LDR",
            "name": "cameron.shorter",
            "is_restricted": false,
            "is_ultra_restricted": false
        },
        "blocks": [
            {
                "type": "rich_text",
                "block_id": "P0kWM",
                "elements": [
                    {
                        "type": "rich_text_section",
                        "elements": [
                            {
                                "type": "user",
                                "user_id": "UKVC4NB71"
                            },
                            {
                                "type": "text",
                                "text": ", "
                            },
                            {
                                "type": "user",
                                "user_id": "UKV4ZPEFQ"
                            },
                            {
                                "type": "text",
                                "text": ", "
                            },
                            {
                                "type": "user",
                                "user_id": "UR4F409LG"
                            },
                            {
                                "type": "text",
                                "text": ", "
                            },
                            {
                                "type": "user",
                                "user_id": "UL9F82XL3"
                            },
                            {
                                "type": "text",
                                "text": ", "
                            },
                            {
                                "type": "user",
                                "user_id": "UR1VBKHD1"
                            },
                            {
                                "type": "text",
                                "text": ", can you make timeslot above?"
                            }
                        ]
                    }
                ]
            }
        ]
    },
    {
        "client_msg_id": "3487ee40-7f7a-4c2a-8758-bedd701fbd8a",
        "type": "message",
        "text": "Sorry can't make 7am timeslot due to learning@home Education Queensland distance learning requirements. Try to get some stuff done for kids during the morning before work starts.",
        "user": "UKVC4NB71",
        "ts": "1587438324.095800",
        "team": "TKFJE6LDR",
        "user_team": "TKFJE6LDR",
        "source_team": "TKFJE6LDR",
        "user_profile": {
            "avatar_hash": "c7d9788d4436",
            "image_72": "https:\/\/avatars.slack-edge.com\/2019-10-30\/814314609877_c7d9788d4436969613a7_72.jpg",
            "first_name": "Jared",
            "real_name": "Jared Morgan",
            "display_name": "jaredmorgs",
            "team": "TKFJE6LDR",
            "name": "jaredleonmorgan",
            "is_restricted": false,
            "is_ultra_restricted": false
        },
        "blocks": [
            {
                "type": "rich_text",
                "block_id": "RKzZZ",
                "elements": [
                    {
                        "type": "rich_text_section",
                        "elements": [
                            {
                                "type": "text",
                                "text": "Sorry can't make 7am timeslot due to learning@home Education Queensland distance learning requirements. Try to get some stuff done for kids during the morning before work starts."
                            }
                        ]
                    }
                ]
            }
        ]
    },
    {
        "client_msg_id": "f7eac658-4079-4bd1-a175-16bc9fae431f",
        "type": "message",
        "text": "At this stage evenings seem to work better for me.",
        "user": "UKVC4NB71",
        "ts": "1587438353.096200",
        "team": "TKFJE6LDR",
        "user_team": "TKFJE6LDR",
        "source_team": "TKFJE6LDR",
        "user_profile": {
            "avatar_hash": "c7d9788d4436",
            "image_72": "https:\/\/avatars.slack-edge.com\/2019-10-30\/814314609877_c7d9788d4436969613a7_72.jpg",
            "first_name": "Jared",
            "real_name": "Jared Morgan",
            "display_name": "jaredmorgs",
            "team": "TKFJE6LDR",
            "name": "jaredleonmorgan",
            "is_restricted": false,
            "is_ultra_restricted": false
        },
        "blocks": [
            {
                "type": "rich_text",
                "block_id": "NJzU+",
                "elements": [
                    {
                        "type": "rich_text_section",
                        "elements": [
                            {
                                "type": "text",
                                "text": "At this stage evenings seem to work better for me."
                            }
                        ]
                    }
                ]
            }
        ]
    },
    {
        "client_msg_id": "ed56388d-c694-46e7-9c0f-31c8651c2848",
        "type": "message",
        "text": "<@UKVC4NB71>, we can potentially push the meeting to the other end of the day as a follow up, but we loose the US. If you wish to suggest moving forward of back an hour, that could be considered. But I appreciate the challenge of working from home with kids in the Covid19 world.",
        "user": "UKTGLQNGG",
        "ts": "1587440274.101800",
        "team": "TKFJE6LDR",
        "user_team": "TKFJE6LDR",
        "source_team": "TKFJE6LDR",
        "user_profile": {
            "avatar_hash": "ge03fcb118b0",
            "image_72": "https:\/\/secure.gravatar.com\/avatar\/9e03fcb118b0853a3fedfdee2367779d.jpg?s=72&d=https%3A%2F%2Fa.slack-edge.com%2Fdf10d%2Fimg%2Favatars%2Fava_0021-72.png",
            "first_name": "Cameron",
            "real_name": "Cameron Shorter",
            "display_name": "cameronshorter",
            "team": "TKFJE6LDR",
            "name": "cameron.shorter",
            "is_restricted": false,
            "is_ultra_restricted": false
        },
        "blocks": [
            {
                "type": "rich_text",
                "block_id": "KU+y",
                "elements": [
                    {
                        "type": "rich_text_section",
                        "elements": [
                            {
                                "type": "user",
                                "user_id": "UKVC4NB71"
                            },
                            {
                                "type": "text",
                                "text": ", we can potentially push the meeting to the other end of the day as a follow up, but we loose the US. If you wish to suggest moving forward of back an hour, that could be considered. But I appreciate the challenge of working from home with kids in the Covid19 world."
                            }
                        ]
                    }
                ]
            }
        ]
    },
    {
        "client_msg_id": "444aa8b2-64de-4544-9ba3-cff1672320eb",
        "type": "message",
        "text": "<@UKTGLQNGG> prioritise the US being able to attend over my attendance. Maybe just publish any meeting notes citing any action items?",
        "user": "UKVC4NB71",
        "ts": "1587440371.102900",
        "team": "TKFJE6LDR",
        "user_team": "TKFJE6LDR",
        "source_team": "TKFJE6LDR",
        "user_profile": {
            "avatar_hash": "c7d9788d4436",
            "image_72": "https:\/\/avatars.slack-edge.com\/2019-10-30\/814314609877_c7d9788d4436969613a7_72.jpg",
            "first_name": "Jared",
            "real_name": "Jared Morgan",
            "display_name": "jaredmorgs",
            "team": "TKFJE6LDR",
            "name": "jaredleonmorgan",
            "is_restricted": false,
            "is_ultra_restricted": false
        },
        "blocks": [
            {
                "type": "rich_text",
                "block_id": "OvXgs",
                "elements": [
                    {
                        "type": "rich_text_section",
                        "elements": [
                            {
                                "type": "user",
                                "user_id": "UKTGLQNGG"
                            },
                            {
                                "type": "text",
                                "text": " prioritise the US being able to attend over my attendance. Maybe just publish any meeting notes citing any action items?"
                            }
                        ]
                    }
                ]
            }
        ],
        "reactions": [
            {
                "name": "+1",
                "users": [
                    "UKTGLQNGG",
                    "UR1VBKHD1"
                ],
                "count": 2
            }
        ]
    }
]