[
    {
        "client_msg_id": "76f4bc43-cbb3-4a27-a977-d4231967637c",
        "type": "message",
        "text": "thanks, I'll take a look! Sustain is geared around small group discussions rather than presos, but I can certainly point people this way",
        "user": "UL2AA1FF1",
        "ts": "1579378950.001900",
        "team": "TKFJE6LDR",
        "user_team": "TKFJE6LDR",
        "source_team": "TKFJE6LDR",
        "user_profile": {
            "avatar_hash": "22135067b36d",
            "image_72": "https:\/\/avatars.slack-edge.com\/2019-10-23\/805254797908_22135067b36dfb715e99_72.jpg",
            "first_name": "",
            "real_name": "Erin McKean",
            "display_name": "Erin McKean",
            "team": "TKFJE6LDR",
            "name": "emckean",
            "is_restricted": false,
            "is_ultra_restricted": false
        },
        "blocks": [
            {
                "type": "rich_text",
                "block_id": "SZg5",
                "elements": [
                    {
                        "type": "rich_text_section",
                        "elements": [
                            {
                                "type": "text",
                                "text": "thanks, I'll take a look! Sustain is geared around small group discussions rather than presos, but I can certainly point people this way"
                            }
                        ]
                    }
                ]
            }
        ]
    }
]