[
    {
        "client_msg_id": "a1509b7f-13b6-4eb0-9e8a-50041257f4fb",
        "type": "message",
        "text": "I caught up with all the follow-ups to PRs and responses to issues tonight. Thanks for the shoulder-checks on some of these.",
        "user": "UKVC4NB71",
        "ts": "1589458601.272100",
        "team": "TKFJE6LDR",
        "user_team": "TKFJE6LDR",
        "source_team": "TKFJE6LDR",
        "user_profile": {
            "avatar_hash": "c7d9788d4436",
            "image_72": "https:\/\/avatars.slack-edge.com\/2019-10-30\/814314609877_c7d9788d4436969613a7_72.jpg",
            "first_name": "Jared",
            "real_name": "Jared Morgan",
            "display_name": "jaredmorgs",
            "team": "TKFJE6LDR",
            "name": "jaredleonmorgan",
            "is_restricted": false,
            "is_ultra_restricted": false
        },
        "blocks": [
            {
                "type": "rich_text",
                "block_id": "omJ",
                "elements": [
                    {
                        "type": "rich_text_section",
                        "elements": [
                            {
                                "type": "text",
                                "text": "I caught up with all the follow-ups to PRs and responses to issues tonight. Thanks for the shoulder-checks on some of these."
                            }
                        ]
                    }
                ]
            }
        ],
        "reactions": [
            {
                "name": "clap",
                "users": [
                    "U013SP763UH",
                    "UL2AA1FF1"
                ],
                "count": 2
            }
        ]
    },
    {
        "client_msg_id": "1d30b574-9f86-4fdc-b492-8bfe004234dc",
        "type": "message",
        "text": "There are a couple of issues that have fixes but are still open. <@UKTGLQNGG> <@UKVC4NB71> I have tagged one of you in each so that it is easy for you to close them.",
        "user": "U013SP763UH",
        "ts": "1589486383.274500",
        "team": "TKFJE6LDR",
        "user_team": "TKFJE6LDR",
        "source_team": "TKFJE6LDR",
        "user_profile": {
            "avatar_hash": "ge679a953230",
            "image_72": "https:\/\/secure.gravatar.com\/avatar\/e679a953230d7fe2144b09ae62707900.jpg?s=72&d=https%3A%2F%2Fa.slack-edge.com%2Fdf10d%2Fimg%2Favatars%2Fava_0015-72.png",
            "first_name": "Shreyas",
            "real_name": "Shreyas Thirumalai",
            "display_name": "shreyas1599",
            "team": "TKFJE6LDR",
            "name": "shreyasthirumalai",
            "is_restricted": false,
            "is_ultra_restricted": false
        },
        "edited": {
            "user": "U013SP763UH",
            "ts": "1589486488.000000"
        },
        "blocks": [
            {
                "type": "rich_text",
                "block_id": "V9CaL",
                "elements": [
                    {
                        "type": "rich_text_section",
                        "elements": [
                            {
                                "type": "text",
                                "text": "There are a couple of issues that have fixes but are still open. "
                            },
                            {
                                "type": "user",
                                "user_id": "UKTGLQNGG"
                            },
                            {
                                "type": "text",
                                "text": " "
                            },
                            {
                                "type": "user",
                                "user_id": "UKVC4NB71"
                            },
                            {
                                "type": "text",
                                "text": " I have tagged one of you in each so that it is easy for you to close them."
                            }
                        ]
                    }
                ]
            }
        ]
    },
    {
        "client_msg_id": "a795be2a-c355-4afd-afa8-b34bf56c80bb",
        "type": "message",
        "text": "<@U013SP763UH> Yep I worked my way through the emails but still have more to take action on. Thanks for reviewing these bugs and keeping up our issue tracker hygiene.",
        "user": "UKVC4NB71",
        "ts": "1589495989.276600",
        "team": "TKFJE6LDR",
        "user_team": "TKFJE6LDR",
        "source_team": "TKFJE6LDR",
        "user_profile": {
            "avatar_hash": "c7d9788d4436",
            "image_72": "https:\/\/avatars.slack-edge.com\/2019-10-30\/814314609877_c7d9788d4436969613a7_72.jpg",
            "first_name": "Jared",
            "real_name": "Jared Morgan",
            "display_name": "jaredmorgs",
            "team": "TKFJE6LDR",
            "name": "jaredleonmorgan",
            "is_restricted": false,
            "is_ultra_restricted": false
        },
        "blocks": [
            {
                "type": "rich_text",
                "block_id": "6HL7",
                "elements": [
                    {
                        "type": "rich_text_section",
                        "elements": [
                            {
                                "type": "user",
                                "user_id": "U013SP763UH"
                            },
                            {
                                "type": "text",
                                "text": " Yep I worked my way through the emails but still have more to take action on. Thanks for reviewing these bugs and keeping up our issue tracker hygiene."
                            }
                        ]
                    }
                ]
            }
        ],
        "reactions": [
            {
                "name": "heavy_plus_sign",
                "users": [
                    "UL2AA1FF1"
                ],
                "count": 1
            },
            {
                "name": "+1",
                "users": [
                    "U013SP763UH"
                ],
                "count": 1
            }
        ]
    },
    {
        "client_msg_id": "cfbfe596-f5b0-472b-80c1-e8d3b46ace78",
        "type": "message",
        "text": "quick ask -- if you haven't already starred the GDP templates repo, would you? <https:\/\/github.com\/thegooddocsproject\/templates> We need 100 GH stars to qualify easily for an Open Collective membership :slightly_smiling_face:",
        "user": "UL2AA1FF1",
        "ts": "1589496319.277500",
        "team": "TKFJE6LDR",
        "user_team": "TKFJE6LDR",
        "source_team": "TKFJE6LDR",
        "user_profile": {
            "avatar_hash": "22135067b36d",
            "image_72": "https:\/\/avatars.slack-edge.com\/2019-10-23\/805254797908_22135067b36dfb715e99_72.jpg",
            "first_name": "",
            "real_name": "Erin McKean",
            "display_name": "Erin McKean",
            "team": "TKFJE6LDR",
            "name": "emckean",
            "is_restricted": false,
            "is_ultra_restricted": false
        },
        "attachments": [
            {
                "fallback": "thegooddocsproject\/templates",
                "text": "Templates created by The Good Docs Project - for all your tech writing needs.",
                "title": "thegooddocsproject\/templates",
                "footer": "<https:\/\/github.com\/thegooddocsproject\/templates|thegooddocsproject\/templates>",
                "id": 1,
                "footer_icon": "https:\/\/github.githubassets.com\/favicon.ico",
                "ts": 1565479569,
                "color": "24292f",
                "fields": [
                    {
                        "title": "Website",
                        "value": "<https:\/\/thegooddocsproject.dev\/>",
                        "short": true
                    },
                    {
                        "title": "Stars",
                        "value": "67",
                        "short": true
                    }
                ],
                "mrkdwn_in": [
                    "text",
                    "fields"
                ],
                "bot_id": "BU8U6P6AH",
                "app_unfurl_url": "https:\/\/github.com\/thegooddocsproject\/templates",
                "is_app_unfurl": true
            }
        ],
        "blocks": [
            {
                "type": "rich_text",
                "block_id": "KMWGW",
                "elements": [
                    {
                        "type": "rich_text_section",
                        "elements": [
                            {
                                "type": "text",
                                "text": "quick ask -- if you haven't already starred the GDP templates repo, would you? "
                            },
                            {
                                "type": "link",
                                "url": "https:\/\/github.com\/thegooddocsproject\/templates"
                            },
                            {
                                "type": "text",
                                "text": " We need 100 GH stars to qualify easily for an Open Collective membership "
                            },
                            {
                                "type": "emoji",
                                "name": "slightly_smiling_face"
                            }
                        ]
                    }
                ]
            }
        ],
        "reactions": [
            {
                "name": "star",
                "users": [
                    "UKVC4NB71",
                    "U013H808CCS",
                    "UKV4ZPEFQ",
                    "U013SP763UH",
                    "UKTGLQNGG",
                    "U011GCVJFQF"
                ],
                "count": 6
            }
        ]
    }
]