[
    {
        "client_msg_id": "e627629c-6e95-42bd-aca1-fdc21e4478e0",
        "type": "message",
        "text": "*How do we measure the goodness of a document? What are the metrics?*",
        "user": "U012J5AMMEY",
        "ts": "1588108637.160700",
        "team": "TKFJE6LDR",
        "user_team": "TKFJE6LDR",
        "source_team": "TKFJE6LDR",
        "user_profile": {
            "avatar_hash": "f0294109ed4a",
            "image_72": "https:\/\/avatars.slack-edge.com\/2020-04-23\/1080225857475_f0294109ed4a12a988f3_72.jpg",
            "first_name": "Max",
            "real_name": "Max Voskob",
            "display_name": "Max Voskob",
            "team": "TKFJE6LDR",
            "name": "max",
            "is_restricted": false,
            "is_ultra_restricted": false
        },
        "blocks": [
            {
                "type": "rich_text",
                "block_id": "54t",
                "elements": [
                    {
                        "type": "rich_text_section",
                        "elements": [
                            {
                                "type": "text",
                                "text": "How do we measure the goodness of a document? What are the metrics?",
                                "style": {
                                    "bold": true
                                }
                            }
                        ]
                    }
                ]
            }
        ],
        "thread_ts": "1588108637.160700",
        "reply_count": 7,
        "reply_users_count": 3,
        "latest_reply": "1588117670.162400",
        "reply_users": [
            "UL2AA1FF1",
            "UKTGLQNGG",
            "U012J5AMMEY"
        ],
        "replies": [
            {
                "user": "UL2AA1FF1",
                "ts": "1588113278.160800"
            },
            {
                "user": "UL2AA1FF1",
                "ts": "1588113299.161100"
            },
            {
                "user": "UL2AA1FF1",
                "ts": "1588113352.161400"
            },
            {
                "user": "UL2AA1FF1",
                "ts": "1588113363.161700"
            },
            {
                "user": "UKTGLQNGG",
                "ts": "1588116104.161900"
            },
            {
                "user": "UKTGLQNGG",
                "ts": "1588116121.162200"
            },
            {
                "user": "U012J5AMMEY",
                "ts": "1588117670.162400"
            }
        ],
        "subscribed": false
    },
    {
        "client_msg_id": "e6b3c7a8-5b5a-4ba6-8e38-97a725ffd365",
        "type": "message",
        "text": "not open-source related, but some interesting ideas: <https:\/\/idratherbewriting.com\/2012\/03\/02\/technical-communication-metrics-what-should-you-track\/>",
        "user": "UL2AA1FF1",
        "ts": "1588113278.160800",
        "team": "TKFJE6LDR",
        "user_team": "TKFJE6LDR",
        "source_team": "TKFJE6LDR",
        "user_profile": {
            "avatar_hash": "22135067b36d",
            "image_72": "https:\/\/avatars.slack-edge.com\/2019-10-23\/805254797908_22135067b36dfb715e99_72.jpg",
            "first_name": "",
            "real_name": "Erin McKean",
            "display_name": "Erin McKean",
            "team": "TKFJE6LDR",
            "name": "emckean",
            "is_restricted": false,
            "is_ultra_restricted": false
        },
        "attachments": [
            {
                "service_name": "I’d Rather Be Writing",
                "title": "Technical Communication Metrics: What Should You Track?",
                "title_link": "https:\/\/idratherbewriting.com\/2012\/03\/02\/technical-communication-metrics-what-should-you-track\/",
                "text": "In 2004, when I returned from a teaching stint in Egypt and began working as a copywriter for a health company in Clearwater, Florida, my manager insisted that I track something related to my writing. We decided that I would track word count, because this was the easiest thing to track. Each week, I graphed the number of words I published, and during a weekly meeting, I held up my graph. If the number decreased for the week, I formatted the arrow red. If it increased, I formatted the arrow black. My graphs regularly alternated between black and red arrows, and I found the whole exercise somewhat amusing and ridiculous. But I went along with it, because everyone was tracking something. We all had to create these little charts that we held up in weekly status report meetings. Despite my cavalier attitude toward this word count tracking, I can tell you that I wrote more words than my manager could process by far. After working there several months, I had built up such a mountain of content -- press releases, radio pitches, product descriptions, newsletter articles, pamphlets, e-mail campaigns -- that my output was undeniable in size. I do think that holding up the silly little graphs each week had some impact on my determination to write. Lately I have been trying to figure out the right metrics for my role as a technical writer. A lot has been written about metrics and technical communication. Many technical writers have struggled to define meaningful metrics, either because of a requirement imposed by managers or otherwise. One of the most common goals with metrics is to connect writing activities to financial figures, since this allows technical writers to establish value in a quantitative way that speaks to senior leaders. A few possible metrics Despite the need for these metrics, coming up with a sound way to measure the value of technical writing is a problem that remains elusive as ever. The following are several possible ways to measure the value of technical writing: Support costs. No group has more metrics associated with it than help desks. They meticulously track the number of calls coming in, the product the call is about, and the estimated cost of each call. If a software application receives 3,000 calls a month, and each support call costs $25, the software costs the company about $75,000 a month in support costs. How documentation affects support costs can be tricky to estimate because a lot of factors come into play: Support calls spike when a product is initially released. Support calls drop over time as users become more familiar with the application. Not all support calls are resolvable through help material. It's hard to determine the influence of help material without a similar application that has no help material. Helpfulness ratings. Another technique might be to embed a \"Was this topic helpful?\" question in your documentation. Then count the number of people who indicated that the topics helped them. You could measure your own success based on the number of yes responses versus no responses. If you equated each \"yes\" response with the cost of a support call, you could make a case that documentation is saving the company that amount in support costs. For example, if 100 people indicated that topics were helpful, and half of those people might have called the support center without the help ($25 a call), that means documentation contributed about $2,500. Unfortunately, people are always more willing to engage in feedback when it's negative rather than positive. We love to complain more than praise, so I'm not sure how accurate this method would be. Page hits. Page hits to help material aren't a direct indicator of success, but what if you're publishing web articles that double as marketing collateral? If you take the tips and how-to's from the help, you can publish these on your corporate blog. Hits to these articles can be quantified and converted into a financial figure. For example, let's say you publish an article that receives 10,000 hits. Google might charge 25 cents a hit in a pay-per-click campaign to generate an equal number of hits, so the financial worth of that article you published is at least $2,500, plus the effort to write the article. If you publish 50 articles like this a year, you're contributing a value of about $125,000. Word count. You can also estimate the value of your contribution by measuring your word output, and then multiply this output by a cost number. For example, let's say that in one week, you write 5,000 words. In the freelance world, a writer might charge about $75 to write 200 words. Therefore you can estimate the value of your contributions at about $1,875 dollars for the week. Of course, this method assumes that research, SME interviews, explorations of the system, and other non-writing activities are all quantified in that initial word output. Most of these measures connect with a financial value, but if establishing financial value isn't important, you could still measure a great many things related to your role. What you track, you focus on One of the problems with metrics is that we technical writers are so detail-oriented, we often get discouraged by the inability to track our contribution to the bottom line with a fair degree of accuracy. Consequently, we often don't track anything at all -- while still remaining passionate that our contributions make a significant impact. If we dismiss metrics because they are slippery and inaccurate, we are selling ourselves short. Here's the secret about metrics: what you track, you soon care deeply about. At work I started tracking the number of words I publish every week. As a result, I've noticed that I have become more focused on my output. During the day, if I haven't published anything, I start to feel lazy and unproductive. I have to get something out there, something written and published. I also don't let half-written things languish. I see them through to publication. But here's the problem in tracking word count. Most of the non-writing activities I do lose their value because I am no longer tracking those activities. This can be an important consideration when you consider that technical writers don't actually write much of the time. I don't know if this is a travesty of the meeting-filled corporate life, or just the nature of the job. But take a look at this graphic that Mike Landry sent me last week: What technical writers actually do As you can see, technical writers spend very little time writing, maybe at most 10 percent of their day. Often the more senior level you are, the less you write. This graphic accurately describes my life as a technical writer. It's easy to let my day fill up with non-writing activities, such as the following: Attending scrum meetings Meeting with developers to talk about how an application works Discussing content that interns are writing Figuring out if I should jailbreak my iPhone to record mobile app screencasts Discussing IP omissions with released applications Talking about social media strategies we don't have (e.g., should we engage shallowly on multiple channels, or deeply on one?) Working on team mission statement Printing out latest Intercom magazine issue on information architecture Figuring out how to add captions to linked images in Mediawiki Reviewing the latest changes to the wiki Gathering accomplishment highlights for previous month Reviewing forum posts from volunteer testers for applications in beta Editing existing help to include gotcha notes and known limitations clauses Strategizing about upcoming projects and wondering how to get funding Responding to various e-mail messages to clear out inbox And before you know it, it's 5:30 pm and the day is over without having written or produced anything substantial. However, if you have a metric you're tracking, you suddenly become accountable. All those non-writing activities lose their value. If your goal is to publish 1,000 words a day, …",
                "fallback": "I’d Rather Be Writing: Technical Communication Metrics: What Should You Track?",
                "ts": 1330707641,
                "from_url": "https:\/\/idratherbewriting.com\/2012\/03\/02\/technical-communication-metrics-what-should-you-track\/",
                "service_icon": "http:\/\/idratherbewriting.com\/favicon.ico",
                "id": 1,
                "original_url": "https:\/\/idratherbewriting.com\/2012\/03\/02\/technical-communication-metrics-what-should-you-track\/"
            }
        ],
        "blocks": [
            {
                "type": "rich_text",
                "block_id": "Cc=",
                "elements": [
                    {
                        "type": "rich_text_section",
                        "elements": [
                            {
                                "type": "text",
                                "text": "not open-source related, but some interesting ideas: "
                            },
                            {
                                "type": "link",
                                "url": "https:\/\/idratherbewriting.com\/2012\/03\/02\/technical-communication-metrics-what-should-you-track\/"
                            }
                        ]
                    }
                ]
            }
        ],
        "thread_ts": "1588108637.160700",
        "parent_user_id": "U012J5AMMEY"
    },
    {
        "client_msg_id": "ed501a16-f30b-40d4-96c2-17ff767da3e6",
        "type": "message",
        "text": "<https:\/\/www.scriptorium.com\/2010\/05\/calculating-document-quality-quack\/>",
        "user": "UL2AA1FF1",
        "ts": "1588113299.161100",
        "team": "TKFJE6LDR",
        "user_team": "TKFJE6LDR",
        "source_team": "TKFJE6LDR",
        "user_profile": {
            "avatar_hash": "22135067b36d",
            "image_72": "https:\/\/avatars.slack-edge.com\/2019-10-23\/805254797908_22135067b36dfb715e99_72.jpg",
            "first_name": "",
            "real_name": "Erin McKean",
            "display_name": "Erin McKean",
            "team": "TKFJE6LDR",
            "name": "emckean",
            "is_restricted": false,
            "is_ultra_restricted": false
        },
        "attachments": [
            {
                "service_name": "Scriptorium",
                "title": "Calculating document quality (QUACK) - Scriptorium",
                "title_link": "https:\/\/www.scriptorium.com\/2010\/05\/calculating-document-quality-quack\/",
                "text": "[I am working on a white paper version of the presentation I just gave at the STC Summit in Dallas. This is an excerpt. If you didn’t get a chance to see the session, I’m doing it as a webcast in mid-June (event details) and ... Read More",
                "fallback": "Scriptorium: Calculating document quality (QUACK) - Scriptorium",
                "thumb_url": "http:\/\/farm4.static.flickr.com\/3009\/2422659441_ef4213ee05_m.jpg",
                "ts": 1273838439,
                "from_url": "https:\/\/www.scriptorium.com\/2010\/05\/calculating-document-quality-quack\/",
                "thumb_width": 239,
                "thumb_height": 151,
                "service_icon": "https:\/\/www.scriptorium.com\/wp-content\/uploads\/2019\/06\/cropped-favicon_script-180x180.png",
                "id": 1,
                "original_url": "https:\/\/www.scriptorium.com\/2010\/05\/calculating-document-quality-quack\/"
            }
        ],
        "blocks": [
            {
                "type": "rich_text",
                "block_id": "RF\/s",
                "elements": [
                    {
                        "type": "rich_text_section",
                        "elements": [
                            {
                                "type": "link",
                                "url": "https:\/\/www.scriptorium.com\/2010\/05\/calculating-document-quality-quack\/"
                            }
                        ]
                    }
                ]
            }
        ],
        "thread_ts": "1588108637.160700",
        "parent_user_id": "U012J5AMMEY"
    },
    {
        "client_msg_id": "6a3b4bf6-e992-4edf-b410-62dd28ee5850",
        "type": "message",
        "text": "anyone have access to this? <https:\/\/ieeexplore.ieee.org\/abstract\/document\/5656407>",
        "user": "UL2AA1FF1",
        "ts": "1588113352.161400",
        "team": "TKFJE6LDR",
        "user_team": "TKFJE6LDR",
        "source_team": "TKFJE6LDR",
        "user_profile": {
            "avatar_hash": "22135067b36d",
            "image_72": "https:\/\/avatars.slack-edge.com\/2019-10-23\/805254797908_22135067b36dfb715e99_72.jpg",
            "first_name": "",
            "real_name": "Erin McKean",
            "display_name": "Erin McKean",
            "team": "TKFJE6LDR",
            "name": "emckean",
            "is_restricted": false,
            "is_ultra_restricted": false
        },
        "attachments": [
            {
                "title": "A Metrics-Based Approach to Technical Documentation Quality - IEEE Conference Publication",
                "title_link": "https:\/\/ieeexplore.ieee.org\/abstract\/document\/5656407",
                "text": "Technical documentation is now fully taking the step from stale printed booklets (or electronic versions of these) to interactive and online versions. This",
                "fallback": "A Metrics-Based Approach to Technical Documentation Quality - IEEE Conference Publication",
                "from_url": "https:\/\/ieeexplore.ieee.org\/abstract\/document\/5656407",
                "service_icon": "https:\/\/ieeexplore.ieee.org\/favicon.ico",
                "service_name": "ieeexplore.ieee.org",
                "id": 1,
                "original_url": "https:\/\/ieeexplore.ieee.org\/abstract\/document\/5656407"
            }
        ],
        "blocks": [
            {
                "type": "rich_text",
                "block_id": "8km+",
                "elements": [
                    {
                        "type": "rich_text_section",
                        "elements": [
                            {
                                "type": "text",
                                "text": "anyone have access to this? "
                            },
                            {
                                "type": "link",
                                "url": "https:\/\/ieeexplore.ieee.org\/abstract\/document\/5656407"
                            }
                        ]
                    }
                ]
            }
        ],
        "thread_ts": "1588108637.160700",
        "parent_user_id": "U012J5AMMEY"
    },
    {
        "client_msg_id": "56267141-a708-4418-aed2-68554a7bc5e6",
        "type": "message",
        "text": "I also think there was a Write The Docs talk on this recently but I can't find it atm",
        "user": "UL2AA1FF1",
        "ts": "1588113363.161700",
        "team": "TKFJE6LDR",
        "user_team": "TKFJE6LDR",
        "source_team": "TKFJE6LDR",
        "user_profile": {
            "avatar_hash": "22135067b36d",
            "image_72": "https:\/\/avatars.slack-edge.com\/2019-10-23\/805254797908_22135067b36dfb715e99_72.jpg",
            "first_name": "",
            "real_name": "Erin McKean",
            "display_name": "Erin McKean",
            "team": "TKFJE6LDR",
            "name": "emckean",
            "is_restricted": false,
            "is_ultra_restricted": false
        },
        "blocks": [
            {
                "type": "rich_text",
                "block_id": "8\/Y",
                "elements": [
                    {
                        "type": "rich_text_section",
                        "elements": [
                            {
                                "type": "text",
                                "text": "I also think there was a Write The Docs talk on this recently but I can't find it atm"
                            }
                        ]
                    }
                ]
            }
        ],
        "thread_ts": "1588108637.160700",
        "parent_user_id": "U012J5AMMEY"
    },
    {
        "client_msg_id": "f87dfdc4-3dfe-4731-a078-bd56858af91c",
        "type": "message",
        "text": "You are asking the right questions <@U012J5AMMEY>. I don't believe there is an answer yet - and it is up to us to find the best answers from our communities and distill them into a best practices. I've found a list of 12 characteristics of quality from the Cherryleaf podcast which I think is a good starting point. Copied here <https:\/\/docs.google.com\/document\/d\/1sPaVeFQFEqUs0w0sbvvWz1yW3rZd7Lba2_hNheQG25Y\/edit#heading=h.vg9fm4iab4am|https:\/\/docs.google.com\/document\/d\/1sPaVeFQFEqUs0w0sbvvWz1yW3rZd7Lba2_hNheQG25Y\/edit#heading=h.vg9fm4iab4am>",
        "user": "UKTGLQNGG",
        "ts": "1588116104.161900",
        "team": "TKFJE6LDR",
        "user_team": "TKFJE6LDR",
        "source_team": "TKFJE6LDR",
        "user_profile": {
            "avatar_hash": "ge03fcb118b0",
            "image_72": "https:\/\/secure.gravatar.com\/avatar\/9e03fcb118b0853a3fedfdee2367779d.jpg?s=72&d=https%3A%2F%2Fa.slack-edge.com%2Fdf10d%2Fimg%2Favatars%2Fava_0021-72.png",
            "first_name": "Cameron",
            "real_name": "Cameron Shorter",
            "display_name": "cameronshorter",
            "team": "TKFJE6LDR",
            "name": "cameron.shorter",
            "is_restricted": false,
            "is_ultra_restricted": false
        },
        "blocks": [
            {
                "type": "rich_text",
                "block_id": "k0mQ6",
                "elements": [
                    {
                        "type": "rich_text_section",
                        "elements": [
                            {
                                "type": "text",
                                "text": "You are asking the right questions "
                            },
                            {
                                "type": "user",
                                "user_id": "U012J5AMMEY"
                            },
                            {
                                "type": "text",
                                "text": ". I don't believe there is an answer yet - and it is up to us to find the best answers from our communities and distill them into a best practices. I've found a list of 12 characteristics of quality from the Cherryleaf podcast which I think is a good starting point. Copied here "
                            },
                            {
                                "type": "link",
                                "url": "https:\/\/docs.google.com\/document\/d\/1sPaVeFQFEqUs0w0sbvvWz1yW3rZd7Lba2_hNheQG25Y\/edit#heading=h.vg9fm4iab4am",
                                "text": "https:\/\/docs.google.com\/document\/d\/1sPaVeFQFEqUs0w0sbvvWz1yW3rZd7Lba2_hNheQG25Y\/edit#heading=h.vg9fm4iab4am"
                            }
                        ]
                    }
                ]
            }
        ],
        "thread_ts": "1588108637.160700",
        "parent_user_id": "U012J5AMMEY"
    },
    {
        "client_msg_id": "b86df369-adad-4244-818c-181610e64de4",
        "type": "message",
        "text": "under heading \"Quality criteria\"",
        "user": "UKTGLQNGG",
        "ts": "1588116121.162200",
        "team": "TKFJE6LDR",
        "user_team": "TKFJE6LDR",
        "source_team": "TKFJE6LDR",
        "user_profile": {
            "avatar_hash": "ge03fcb118b0",
            "image_72": "https:\/\/secure.gravatar.com\/avatar\/9e03fcb118b0853a3fedfdee2367779d.jpg?s=72&d=https%3A%2F%2Fa.slack-edge.com%2Fdf10d%2Fimg%2Favatars%2Fava_0021-72.png",
            "first_name": "Cameron",
            "real_name": "Cameron Shorter",
            "display_name": "cameronshorter",
            "team": "TKFJE6LDR",
            "name": "cameron.shorter",
            "is_restricted": false,
            "is_ultra_restricted": false
        },
        "blocks": [
            {
                "type": "rich_text",
                "block_id": "VNpz",
                "elements": [
                    {
                        "type": "rich_text_section",
                        "elements": [
                            {
                                "type": "text",
                                "text": "under heading \"Quality criteria\""
                            }
                        ]
                    }
                ]
            }
        ],
        "thread_ts": "1588108637.160700",
        "parent_user_id": "U012J5AMMEY"
    },
    {
        "client_msg_id": "12715afd-40c0-4d33-8e0e-319230819974",
        "type": "message",
        "text": "Choice! I'll see if I can distill a few top metrics from those docs.",
        "user": "U012J5AMMEY",
        "ts": "1588117670.162400",
        "team": "TKFJE6LDR",
        "user_team": "TKFJE6LDR",
        "source_team": "TKFJE6LDR",
        "user_profile": {
            "avatar_hash": "f0294109ed4a",
            "image_72": "https:\/\/avatars.slack-edge.com\/2020-04-23\/1080225857475_f0294109ed4a12a988f3_72.jpg",
            "first_name": "Max",
            "real_name": "Max Voskob",
            "display_name": "Max Voskob",
            "team": "TKFJE6LDR",
            "name": "max",
            "is_restricted": false,
            "is_ultra_restricted": false
        },
        "blocks": [
            {
                "type": "rich_text",
                "block_id": "34Bf+",
                "elements": [
                    {
                        "type": "rich_text_section",
                        "elements": [
                            {
                                "type": "text",
                                "text": "Choice! I'll see if I can distill a few top metrics from those docs."
                            }
                        ]
                    }
                ]
            }
        ],
        "thread_ts": "1588108637.160700",
        "parent_user_id": "U012J5AMMEY"
    }
]