[
    {
        "client_msg_id": "05fdf60d-db05-40e5-863f-4248e53aec27",
        "type": "message",
        "text": "I liked this article and I think it also applies to TW for OSS (especially the questions in the conclusion) <https:\/\/gilli.is\/journal\/why-designing-for-open-source-can-be-so-difficult>",
        "user": "UL2AA1FF1",
        "ts": "1585164006.000600",
        "team": "TKFJE6LDR",
        "user_team": "TKFJE6LDR",
        "source_team": "TKFJE6LDR",
        "user_profile": {
            "avatar_hash": "22135067b36d",
            "image_72": "https:\/\/avatars.slack-edge.com\/2019-10-23\/805254797908_22135067b36dfb715e99_72.jpg",
            "first_name": "",
            "real_name": "Erin McKean",
            "display_name": "Erin McKean",
            "team": "TKFJE6LDR",
            "name": "emckean",
            "is_restricted": false,
            "is_ultra_restricted": false
        },
        "attachments": [
            {
                "title": "Gilli - Web designer and developer | Why designing for open source can be so difficult",
                "title_link": "https:\/\/gilli.is\/journal\/why-designing-for-open-source-can-be-so-difficult",
                "text": "Portfolio and blog of Gilli Sigurdsson",
                "fallback": "Gilli - Web designer and developer | Why designing for open source can be so difficult",
                "from_url": "https:\/\/gilli.is\/journal\/why-designing-for-open-source-can-be-so-difficult",
                "service_icon": "https:\/\/gilli.is\/.\/assets\/images\/favicon-32x32.png",
                "service_name": "gilli.is",
                "id": 1,
                "original_url": "https:\/\/gilli.is\/journal\/why-designing-for-open-source-can-be-so-difficult"
            }
        ],
        "blocks": [
            {
                "type": "rich_text",
                "block_id": "G4H",
                "elements": [
                    {
                        "type": "rich_text_section",
                        "elements": [
                            {
                                "type": "text",
                                "text": "I liked this article and I think it also applies to TW for OSS (especially the questions in the conclusion) "
                            },
                            {
                                "type": "link",
                                "url": "https:\/\/gilli.is\/journal\/why-designing-for-open-source-can-be-so-difficult"
                            }
                        ]
                    }
                ]
            }
        ],
        "reactions": [
            {
                "name": "+1",
                "users": [
                    "UKTGLQNGG"
                ],
                "count": 1
            }
        ]
    },
    {
        "client_msg_id": "acde0794-a50b-4478-b368-2fd64be7771d",
        "type": "message",
        "text": "Nice share <@UL2AA1FF1>! I can totally relate.",
        "user": "UKV4ZPEFQ",
        "ts": "1585174526.001200",
        "team": "TKFJE6LDR",
        "user_team": "TKFJE6LDR",
        "source_team": "TKFJE6LDR",
        "user_profile": {
            "avatar_hash": "g854c628ef64",
            "image_72": "https:\/\/secure.gravatar.com\/avatar\/6854c628ef64a4c129a994522e17cdf2.jpg?s=72&d=https%3A%2F%2Fa.slack-edge.com%2Fdf10d%2Fimg%2Favatars%2Fava_0007-72.png",
            "first_name": "felicitybrand",
            "real_name": "felicitybrand",
            "display_name": "flicstar",
            "team": "TKFJE6LDR",
            "name": "felicitybrand",
            "is_restricted": false,
            "is_ultra_restricted": false
        },
        "blocks": [
            {
                "type": "rich_text",
                "block_id": "da4",
                "elements": [
                    {
                        "type": "rich_text_section",
                        "elements": [
                            {
                                "type": "text",
                                "text": "Nice share "
                            },
                            {
                                "type": "user",
                                "user_id": "UL2AA1FF1"
                            },
                            {
                                "type": "text",
                                "text": "! I can totally relate."
                            }
                        ]
                    }
                ]
            }
        ]
    }
]