[
    {
        "client_msg_id": "a48e59ce-8376-46a7-8b7f-17ec23c003c9",
        "type": "message",
        "text": "Promo for our table at writing day:",
        "user": "UL3UNUMK6",
        "ts": "1578982632.048200",
        "team": "TKFJE6LDR",
        "user_team": "TKFJE6LDR",
        "source_team": "TKFJE6LDR",
        "user_profile": {
            "avatar_hash": "g886aa2ab03e",
            "image_72": "https:\/\/secure.gravatar.com\/avatar\/1886aa2ab03e30db78524e761889e101.jpg?s=72&d=https%3A%2F%2Fa.slack-edge.com%2Fdf10d%2Fimg%2Favatars%2Fava_0005-72.png",
            "first_name": "",
            "real_name": "Clarence Cromwell",
            "display_name": "",
            "team": "TKFJE6LDR",
            "name": "clarencewcromwell",
            "is_restricted": false,
            "is_ultra_restricted": false
        },
        "blocks": [
            {
                "type": "rich_text",
                "block_id": "tJlya",
                "elements": [
                    {
                        "type": "rich_text_section",
                        "elements": [
                            {
                                "type": "text",
                                "text": "Promo for our table at writing day:"
                            }
                        ]
                    }
                ]
            }
        ]
    },
    {
        "type": "message",
        "text": "",
        "files": [
            {
                "id": "FSM4PJ2TA",
                "created": 1578982667,
                "timestamp": 1578982667,
                "name": "Untitled",
                "title": "Untitled",
                "mimetype": "text\/plain",
                "filetype": "text",
                "pretty_type": "Plain Text",
                "user": "UL3UNUMK6",
                "editable": true,
                "size": 577,
                "mode": "snippet",
                "is_external": false,
                "external_type": "",
                "is_public": true,
                "public_url_shared": false,
                "display_as_bot": false,
                "username": "",
                "url_private": "https:\/\/files.slack.com\/files-pri\/TKFJE6LDR-FSM4PJ2TA\/untitled?t=xoxe-661626224467-1176889373458-1189513059441-ae8bad2fa75b08bee478ccbaefddd7f6",
                "url_private_download": "https:\/\/files.slack.com\/files-pri\/TKFJE6LDR-FSM4PJ2TA\/download\/untitled?t=xoxe-661626224467-1176889373458-1189513059441-ae8bad2fa75b08bee478ccbaefddd7f6",
                "permalink": "https:\/\/thegooddocs.slack.com\/files\/UL3UNUMK6\/FSM4PJ2TA\/untitled",
                "permalink_public": "https:\/\/slack-files.com\/TKFJE6LDR-FSM4PJ2TA-a09a46cd5f",
                "edit_link": "https:\/\/thegooddocs.slack.com\/files\/UL3UNUMK6\/FSM4PJ2TA\/untitled\/edit",
                "is_starred": false,
                "has_rich_preview": false
            }
        ],
        "upload": true,
        "user": "UL3UNUMK6",
        "display_as_bot": false,
        "ts": "1578982667.048300",
        "client_msg_id": "507ffe90-b947-4587-bf09-360e10d41bec"
    }
]