[
    {
        "client_msg_id": "a135f6a9-99c3-4b01-8afa-11a59b4c7d16",
        "type": "message",
        "text": "Anyone here have a moment to review an abstract for WriteTheDocs Portland which I propose to submit? <https:\/\/docs.google.com\/document\/d\/1cwQz9O91hL1aNTdmgFFJPuUGPmZzI_hCZIfTUq7H91U\/edit>",
        "user": "UKTGLQNGG",
        "ts": "1578685046.013300",
        "team": "TKFJE6LDR",
        "user_team": "TKFJE6LDR",
        "source_team": "TKFJE6LDR",
        "user_profile": {
            "avatar_hash": "ge03fcb118b0",
            "image_72": "https:\/\/secure.gravatar.com\/avatar\/9e03fcb118b0853a3fedfdee2367779d.jpg?s=72&d=https%3A%2F%2Fa.slack-edge.com%2Fdf10d%2Fimg%2Favatars%2Fava_0021-72.png",
            "first_name": "Cameron",
            "real_name": "Cameron Shorter",
            "display_name": "cameronshorter",
            "team": "TKFJE6LDR",
            "name": "cameron.shorter",
            "is_restricted": false,
            "is_ultra_restricted": false
        },
        "blocks": [
            {
                "type": "rich_text",
                "block_id": "eWyrC",
                "elements": [
                    {
                        "type": "rich_text_section",
                        "elements": [
                            {
                                "type": "text",
                                "text": "Anyone here have a moment to review an abstract for WriteTheDocs Portland which I propose to submit? "
                            },
                            {
                                "type": "link",
                                "url": "https:\/\/docs.google.com\/document\/d\/1cwQz9O91hL1aNTdmgFFJPuUGPmZzI_hCZIfTUq7H91U\/edit"
                            }
                        ]
                    }
                ]
            }
        ]
    },
    {
        "client_msg_id": "257a5fcb-0a1c-4b53-be6b-d52ea61a6d9e",
        "type": "message",
        "text": "<@UL3UNUMK6>, <@UL2AA1FF1> will you be going? If so, how would you feel about being co-presenters?",
        "user": "UKTGLQNGG",
        "ts": "1578685088.015100",
        "team": "TKFJE6LDR",
        "user_team": "TKFJE6LDR",
        "source_team": "TKFJE6LDR",
        "user_profile": {
            "avatar_hash": "ge03fcb118b0",
            "image_72": "https:\/\/secure.gravatar.com\/avatar\/9e03fcb118b0853a3fedfdee2367779d.jpg?s=72&d=https%3A%2F%2Fa.slack-edge.com%2Fdf10d%2Fimg%2Favatars%2Fava_0021-72.png",
            "first_name": "Cameron",
            "real_name": "Cameron Shorter",
            "display_name": "cameronshorter",
            "team": "TKFJE6LDR",
            "name": "cameron.shorter",
            "is_restricted": false,
            "is_ultra_restricted": false
        },
        "blocks": [
            {
                "type": "rich_text",
                "block_id": "rUK",
                "elements": [
                    {
                        "type": "rich_text_section",
                        "elements": [
                            {
                                "type": "user",
                                "user_id": "UL3UNUMK6"
                            },
                            {
                                "type": "text",
                                "text": ", "
                            },
                            {
                                "type": "user",
                                "user_id": "UL2AA1FF1"
                            },
                            {
                                "type": "text",
                                "text": " will you be going? If so, how would you feel about being co-presenters?"
                            }
                        ]
                    }
                ]
            }
        ]
    },
    {
        "client_msg_id": "8aea408a-ed87-4ccc-a389-b0a35044597d",
        "type": "message",
        "text": "I will be there!",
        "user": "UL2AA1FF1",
        "ts": "1578685121.015300",
        "team": "TKFJE6LDR",
        "user_team": "TKFJE6LDR",
        "source_team": "TKFJE6LDR",
        "user_profile": {
            "avatar_hash": "22135067b36d",
            "image_72": "https:\/\/avatars.slack-edge.com\/2019-10-23\/805254797908_22135067b36dfb715e99_72.jpg",
            "first_name": "",
            "real_name": "Erin McKean",
            "display_name": "Erin McKean",
            "team": "TKFJE6LDR",
            "name": "emckean",
            "is_restricted": false,
            "is_ultra_restricted": false
        },
        "blocks": [
            {
                "type": "rich_text",
                "block_id": "dTeBS",
                "elements": [
                    {
                        "type": "rich_text_section",
                        "elements": [
                            {
                                "type": "text",
                                "text": "I will be there!"
                            }
                        ]
                    }
                ]
            }
        ]
    },
    {
        "client_msg_id": "6823fdd5-cd9c-4807-a355-da64c14fce57",
        "type": "message",
        "text": "<@UL2AA1FF1> great, could you have a look at the presentation, and let me know if you would like to co-present.",
        "user": "UKTGLQNGG",
        "ts": "1578685198.016000",
        "team": "TKFJE6LDR",
        "user_team": "TKFJE6LDR",
        "source_team": "TKFJE6LDR",
        "user_profile": {
            "avatar_hash": "ge03fcb118b0",
            "image_72": "https:\/\/secure.gravatar.com\/avatar\/9e03fcb118b0853a3fedfdee2367779d.jpg?s=72&d=https%3A%2F%2Fa.slack-edge.com%2Fdf10d%2Fimg%2Favatars%2Fava_0021-72.png",
            "first_name": "Cameron",
            "real_name": "Cameron Shorter",
            "display_name": "cameronshorter",
            "team": "TKFJE6LDR",
            "name": "cameron.shorter",
            "is_restricted": false,
            "is_ultra_restricted": false
        },
        "blocks": [
            {
                "type": "rich_text",
                "block_id": "usPP",
                "elements": [
                    {
                        "type": "rich_text_section",
                        "elements": [
                            {
                                "type": "user",
                                "user_id": "UL2AA1FF1"
                            },
                            {
                                "type": "text",
                                "text": " great, could you have a look at the presentation, and let me know if you would like to co-present."
                            }
                        ]
                    }
                ]
            }
        ],
        "thread_ts": "1578685198.016000",
        "reply_count": 1,
        "reply_users_count": 1,
        "latest_reply": "1578686133.016400",
        "reply_users": [
            "UL2AA1FF1"
        ],
        "replies": [
            {
                "user": "UL2AA1FF1",
                "ts": "1578686133.016400"
            }
        ],
        "subscribed": false
    },
    {
        "client_msg_id": "69e5aae4-c1f3-4fb7-949c-205185edf938",
        "type": "message",
        "text": "looking now! thanks for thinking of me :slightly_smiling_face:",
        "user": "UL2AA1FF1",
        "ts": "1578685213.016300",
        "team": "TKFJE6LDR",
        "user_team": "TKFJE6LDR",
        "source_team": "TKFJE6LDR",
        "user_profile": {
            "avatar_hash": "22135067b36d",
            "image_72": "https:\/\/avatars.slack-edge.com\/2019-10-23\/805254797908_22135067b36dfb715e99_72.jpg",
            "first_name": "",
            "real_name": "Erin McKean",
            "display_name": "Erin McKean",
            "team": "TKFJE6LDR",
            "name": "emckean",
            "is_restricted": false,
            "is_ultra_restricted": false
        },
        "blocks": [
            {
                "type": "rich_text",
                "block_id": "am7DI",
                "elements": [
                    {
                        "type": "rich_text_section",
                        "elements": [
                            {
                                "type": "text",
                                "text": "looking now! thanks for thinking of me "
                            },
                            {
                                "type": "emoji",
                                "name": "slightly_smiling_face"
                            }
                        ]
                    }
                ]
            }
        ]
    },
    {
        "client_msg_id": "d57c6654-7d0b-4a46-8bc3-55f096c8a5d3",
        "type": "message",
        "text": "this looks pretty good, do you want feedback in the doc?",
        "user": "UL2AA1FF1",
        "ts": "1578686133.016400",
        "team": "TKFJE6LDR",
        "user_team": "TKFJE6LDR",
        "source_team": "TKFJE6LDR",
        "user_profile": {
            "avatar_hash": "22135067b36d",
            "image_72": "https:\/\/avatars.slack-edge.com\/2019-10-23\/805254797908_22135067b36dfb715e99_72.jpg",
            "first_name": "",
            "real_name": "Erin McKean",
            "display_name": "Erin McKean",
            "team": "TKFJE6LDR",
            "name": "emckean",
            "is_restricted": false,
            "is_ultra_restricted": false
        },
        "blocks": [
            {
                "type": "rich_text",
                "block_id": "nXs",
                "elements": [
                    {
                        "type": "rich_text_section",
                        "elements": [
                            {
                                "type": "text",
                                "text": "this looks pretty good, do you want feedback in the doc?"
                            }
                        ]
                    }
                ]
            }
        ],
        "thread_ts": "1578685198.016000",
        "parent_user_id": "UKTGLQNGG"
    },
    {
        "client_msg_id": "9c8b6307-2315-4876-8ea9-56615b4489e8",
        "type": "message",
        "text": "I’m taking a look, but I hate speaking in public. :grinning:",
        "user": "UL3UNUMK6",
        "ts": "1578691463.017000",
        "team": "TKFJE6LDR",
        "user_team": "TKFJE6LDR",
        "source_team": "TKFJE6LDR",
        "user_profile": {
            "avatar_hash": "g886aa2ab03e",
            "image_72": "https:\/\/secure.gravatar.com\/avatar\/1886aa2ab03e30db78524e761889e101.jpg?s=72&d=https%3A%2F%2Fa.slack-edge.com%2Fdf10d%2Fimg%2Favatars%2Fava_0005-72.png",
            "first_name": "",
            "real_name": "Clarence Cromwell",
            "display_name": "",
            "team": "TKFJE6LDR",
            "name": "clarencewcromwell",
            "is_restricted": false,
            "is_ultra_restricted": false
        },
        "blocks": [
            {
                "type": "rich_text",
                "block_id": "woi",
                "elements": [
                    {
                        "type": "rich_text_section",
                        "elements": [
                            {
                                "type": "text",
                                "text": "I’m taking a look, but I hate speaking in public. "
                            },
                            {
                                "type": "emoji",
                                "name": "grinning"
                            }
                        ]
                    }
                ]
            }
        ]
    },
    {
        "client_msg_id": "b88c947a-4178-4208-8093-125e4e0e9915",
        "type": "message",
        "text": "Maybe you can take the “fourth speaker” slot in a three person debating team. :slightly_smiling_face:",
        "user": "UKTGLQNGG",
        "ts": "1578691534.017600",
        "team": "TKFJE6LDR",
        "user_team": "TKFJE6LDR",
        "source_team": "TKFJE6LDR",
        "user_profile": {
            "avatar_hash": "ge03fcb118b0",
            "image_72": "https:\/\/secure.gravatar.com\/avatar\/9e03fcb118b0853a3fedfdee2367779d.jpg?s=72&d=https%3A%2F%2Fa.slack-edge.com%2Fdf10d%2Fimg%2Favatars%2Fava_0021-72.png",
            "first_name": "Cameron",
            "real_name": "Cameron Shorter",
            "display_name": "cameronshorter",
            "team": "TKFJE6LDR",
            "name": "cameron.shorter",
            "is_restricted": false,
            "is_ultra_restricted": false
        },
        "blocks": [
            {
                "type": "rich_text",
                "block_id": "4xM\/",
                "elements": [
                    {
                        "type": "rich_text_section",
                        "elements": [
                            {
                                "type": "text",
                                "text": "Maybe you can take the “fourth speaker” slot in a three person debating team. "
                            },
                            {
                                "type": "emoji",
                                "name": "slightly_smiling_face"
                            }
                        ]
                    }
                ]
            }
        ]
    },
    {
        "client_msg_id": "0cfabbd4-b903-4339-aa49-491e5f7b7c4f",
        "type": "message",
        "text": "I think the presentation should more directly lead people to use templates. A very short talk about why templates are better (they save time and effort -- like software only cheaper).",
        "user": "UL3UNUMK6",
        "ts": "1578691727.019000",
        "team": "TKFJE6LDR",
        "user_team": "TKFJE6LDR",
        "source_team": "TKFJE6LDR",
        "user_profile": {
            "avatar_hash": "g886aa2ab03e",
            "image_72": "https:\/\/secure.gravatar.com\/avatar\/1886aa2ab03e30db78524e761889e101.jpg?s=72&d=https%3A%2F%2Fa.slack-edge.com%2Fdf10d%2Fimg%2Favatars%2Fava_0005-72.png",
            "first_name": "",
            "real_name": "Clarence Cromwell",
            "display_name": "",
            "team": "TKFJE6LDR",
            "name": "clarencewcromwell",
            "is_restricted": false,
            "is_ultra_restricted": false
        },
        "blocks": [
            {
                "type": "rich_text",
                "block_id": "Hl9",
                "elements": [
                    {
                        "type": "rich_text_section",
                        "elements": [
                            {
                                "type": "text",
                                "text": "I think the presentation should more directly lead people to use templates. A very short talk about why templates are better (they save time and effort -- like software only cheaper)."
                            }
                        ]
                    }
                ]
            }
        ]
    },
    {
        "client_msg_id": "a83f67c4-451b-48ce-9211-1df316f1a858",
        "type": "message",
        "text": "And maybe some of the things we learned as we built the templates.",
        "user": "UL3UNUMK6",
        "ts": "1578691748.019400",
        "team": "TKFJE6LDR",
        "user_team": "TKFJE6LDR",
        "source_team": "TKFJE6LDR",
        "user_profile": {
            "avatar_hash": "g886aa2ab03e",
            "image_72": "https:\/\/secure.gravatar.com\/avatar\/1886aa2ab03e30db78524e761889e101.jpg?s=72&d=https%3A%2F%2Fa.slack-edge.com%2Fdf10d%2Fimg%2Favatars%2Fava_0005-72.png",
            "first_name": "",
            "real_name": "Clarence Cromwell",
            "display_name": "",
            "team": "TKFJE6LDR",
            "name": "clarencewcromwell",
            "is_restricted": false,
            "is_ultra_restricted": false
        },
        "blocks": [
            {
                "type": "rich_text",
                "block_id": "nwx",
                "elements": [
                    {
                        "type": "rich_text_section",
                        "elements": [
                            {
                                "type": "text",
                                "text": "And maybe some of the things we learned as we built the templates."
                            }
                        ]
                    }
                ]
            }
        ]
    },
    {
        "client_msg_id": "c7bc6987-0793-4167-b0df-99e9469ee8b6",
        "type": "message",
        "text": "This talk might cover that, but I would focus it in very tightly on promoting templates and why the docs world needs them, because that’s what the project is about.",
        "user": "UL3UNUMK6",
        "ts": "1578691822.020400",
        "team": "TKFJE6LDR",
        "user_team": "TKFJE6LDR",
        "source_team": "TKFJE6LDR",
        "user_profile": {
            "avatar_hash": "g886aa2ab03e",
            "image_72": "https:\/\/secure.gravatar.com\/avatar\/1886aa2ab03e30db78524e761889e101.jpg?s=72&d=https%3A%2F%2Fa.slack-edge.com%2Fdf10d%2Fimg%2Favatars%2Fava_0005-72.png",
            "first_name": "",
            "real_name": "Clarence Cromwell",
            "display_name": "",
            "team": "TKFJE6LDR",
            "name": "clarencewcromwell",
            "is_restricted": false,
            "is_ultra_restricted": false
        },
        "blocks": [
            {
                "type": "rich_text",
                "block_id": "GaX+",
                "elements": [
                    {
                        "type": "rich_text_section",
                        "elements": [
                            {
                                "type": "text",
                                "text": "This talk might cover that, but I would focus it in very tightly on promoting templates and why the docs world needs them, because that’s what the project is about."
                            }
                        ]
                    }
                ]
            }
        ]
    },
    {
        "client_msg_id": "6351a6e9-29af-4c3a-96da-9ebd9263b061",
        "type": "message",
        "text": "Yes, I’m thinking about ~ 40% of the presentation should be on “templates are great - you should use them”, and 60% on “and here is all the other great stuff we discovered along the way”.",
        "user": "UKTGLQNGG",
        "ts": "1578691942.021600",
        "team": "TKFJE6LDR",
        "user_team": "TKFJE6LDR",
        "source_team": "TKFJE6LDR",
        "user_profile": {
            "avatar_hash": "ge03fcb118b0",
            "image_72": "https:\/\/secure.gravatar.com\/avatar\/9e03fcb118b0853a3fedfdee2367779d.jpg?s=72&d=https%3A%2F%2Fa.slack-edge.com%2Fdf10d%2Fimg%2Favatars%2Fava_0021-72.png",
            "first_name": "Cameron",
            "real_name": "Cameron Shorter",
            "display_name": "cameronshorter",
            "team": "TKFJE6LDR",
            "name": "cameron.shorter",
            "is_restricted": false,
            "is_ultra_restricted": false
        },
        "blocks": [
            {
                "type": "rich_text",
                "block_id": "cgt2",
                "elements": [
                    {
                        "type": "rich_text_section",
                        "elements": [
                            {
                                "type": "text",
                                "text": "Yes, I’m thinking about ~ 40% of the presentation should be on “templates are great - you should use them”, and 60% on “and here is all the other great stuff we discovered along the way”."
                            }
                        ]
                    }
                ]
            }
        ]
    },
    {
        "client_msg_id": "50efbf30-c71b-40f6-903b-78e1e87737c6",
        "type": "message",
        "text": "I’m going to be argumentative. :grin:",
        "user": "UL3UNUMK6",
        "ts": "1578692016.022400",
        "team": "TKFJE6LDR",
        "user_team": "TKFJE6LDR",
        "source_team": "TKFJE6LDR",
        "user_profile": {
            "avatar_hash": "g886aa2ab03e",
            "image_72": "https:\/\/secure.gravatar.com\/avatar\/1886aa2ab03e30db78524e761889e101.jpg?s=72&d=https%3A%2F%2Fa.slack-edge.com%2Fdf10d%2Fimg%2Favatars%2Fava_0005-72.png",
            "first_name": "",
            "real_name": "Clarence Cromwell",
            "display_name": "",
            "team": "TKFJE6LDR",
            "name": "clarencewcromwell",
            "is_restricted": false,
            "is_ultra_restricted": false
        },
        "blocks": [
            {
                "type": "rich_text",
                "block_id": "sqL",
                "elements": [
                    {
                        "type": "rich_text_section",
                        "elements": [
                            {
                                "type": "text",
                                "text": "I’m going to be argumentative. "
                            },
                            {
                                "type": "emoji",
                                "name": "grin"
                            }
                        ]
                    }
                ]
            }
        ]
    },
    {
        "client_msg_id": "a1e2f3a2-33d1-409c-bf0b-d8f9789d5af2",
        "type": "message",
        "text": "(Also noting that there will be a whole day where we hope to be mentoring people in using the templates)",
        "user": "UKTGLQNGG",
        "ts": "1578692079.024100",
        "team": "TKFJE6LDR",
        "user_team": "TKFJE6LDR",
        "source_team": "TKFJE6LDR",
        "user_profile": {
            "avatar_hash": "ge03fcb118b0",
            "image_72": "https:\/\/secure.gravatar.com\/avatar\/9e03fcb118b0853a3fedfdee2367779d.jpg?s=72&d=https%3A%2F%2Fa.slack-edge.com%2Fdf10d%2Fimg%2Favatars%2Fava_0021-72.png",
            "first_name": "Cameron",
            "real_name": "Cameron Shorter",
            "display_name": "cameronshorter",
            "team": "TKFJE6LDR",
            "name": "cameron.shorter",
            "is_restricted": false,
            "is_ultra_restricted": false
        },
        "blocks": [
            {
                "type": "rich_text",
                "block_id": "ur5\/2",
                "elements": [
                    {
                        "type": "rich_text_section",
                        "elements": [
                            {
                                "type": "text",
                                "text": "(Also noting that there will be a whole day where we hope to be mentoring people in using the templates)"
                            }
                        ]
                    }
                ]
            }
        ]
    },
    {
        "client_msg_id": "c43d6401-03e5-4998-9ed7-b82e888d785c",
        "type": "message",
        "text": "I think people who have built apps and then come at the documentation sideways can talk about what they learned. And people from adjacent domains can talk about lessons that also happen to apply to docs. But TGD is about templates in a very straightforward way, so if the presentation is from the TGD team (and it doesn’t have to be) it should be about why templates rule the world and how you can use them.",
        "user": "UL3UNUMK6",
        "ts": "1578692154.025300",
        "team": "TKFJE6LDR",
        "user_team": "TKFJE6LDR",
        "source_team": "TKFJE6LDR",
        "user_profile": {
            "avatar_hash": "g886aa2ab03e",
            "image_72": "https:\/\/secure.gravatar.com\/avatar\/1886aa2ab03e30db78524e761889e101.jpg?s=72&d=https%3A%2F%2Fa.slack-edge.com%2Fdf10d%2Fimg%2Favatars%2Fava_0005-72.png",
            "first_name": "",
            "real_name": "Clarence Cromwell",
            "display_name": "",
            "team": "TKFJE6LDR",
            "name": "clarencewcromwell",
            "is_restricted": false,
            "is_ultra_restricted": false
        },
        "blocks": [
            {
                "type": "rich_text",
                "block_id": "oGD",
                "elements": [
                    {
                        "type": "rich_text_section",
                        "elements": [
                            {
                                "type": "text",
                                "text": "I think people who have built apps and then come at the documentation sideways can talk about what they learned. And people from adjacent domains can talk about lessons that also happen to apply to docs. But TGD is about templates in a very straightforward way, so if the presentation is from the TGD team (and it doesn’t have to be) it should be about why templates rule the world and how you can use them."
                            }
                        ]
                    }
                ]
            }
        ]
    },
    {
        "client_msg_id": "9d9757bd-b85b-4a15-b96e-d852d864775d",
        "type": "message",
        "text": "If we are to open a lemonade stand the entire sales pitch should be 100 percent about lemonade. It can be honest and forthright, but we should make that sales pitch and get people to try the lemonade before we talk about other things we learned along the way.",
        "user": "UL3UNUMK6",
        "ts": "1578692235.026600",
        "team": "TKFJE6LDR",
        "user_team": "TKFJE6LDR",
        "source_team": "TKFJE6LDR",
        "user_profile": {
            "avatar_hash": "g886aa2ab03e",
            "image_72": "https:\/\/secure.gravatar.com\/avatar\/1886aa2ab03e30db78524e761889e101.jpg?s=72&d=https%3A%2F%2Fa.slack-edge.com%2Fdf10d%2Fimg%2Favatars%2Fava_0005-72.png",
            "first_name": "",
            "real_name": "Clarence Cromwell",
            "display_name": "",
            "team": "TKFJE6LDR",
            "name": "clarencewcromwell",
            "is_restricted": false,
            "is_ultra_restricted": false
        },
        "blocks": [
            {
                "type": "rich_text",
                "block_id": "clO",
                "elements": [
                    {
                        "type": "rich_text_section",
                        "elements": [
                            {
                                "type": "text",
                                "text": "If we are to open a lemonade stand the entire sales pitch should be 100 percent about lemonade. It can be honest and forthright, but we should make that sales pitch and get people to try the lemonade before we talk about other things we learned along the way."
                            }
                        ]
                    }
                ]
            }
        ]
    },
    {
        "client_msg_id": "a7ed4400-da2d-4dd9-a168-6ee1abfd7dfd",
        "type": "message",
        "text": "To misquote somebody or other, the mission here is putting butts in templates.",
        "user": "UL3UNUMK6",
        "ts": "1578692275.027500",
        "team": "TKFJE6LDR",
        "user_team": "TKFJE6LDR",
        "source_team": "TKFJE6LDR",
        "user_profile": {
            "avatar_hash": "g886aa2ab03e",
            "image_72": "https:\/\/secure.gravatar.com\/avatar\/1886aa2ab03e30db78524e761889e101.jpg?s=72&d=https%3A%2F%2Fa.slack-edge.com%2Fdf10d%2Fimg%2Favatars%2Fava_0005-72.png",
            "first_name": "",
            "real_name": "Clarence Cromwell",
            "display_name": "",
            "team": "TKFJE6LDR",
            "name": "clarencewcromwell",
            "is_restricted": false,
            "is_ultra_restricted": false
        },
        "blocks": [
            {
                "type": "rich_text",
                "block_id": "mMP0",
                "elements": [
                    {
                        "type": "rich_text_section",
                        "elements": [
                            {
                                "type": "text",
                                "text": "To misquote somebody or other, the mission here is putting butts in templates."
                            }
                        ]
                    }
                ]
            }
        ],
        "reactions": [
            {
                "name": "heavy_plus_sign",
                "users": [
                    "UL2AA1FF1"
                ],
                "count": 1
            }
        ]
    },
    {
        "client_msg_id": "fcee7688-2667-4277-8ce6-859540813040",
        "type": "message",
        "text": "Fair call. I still want to talk about non-template stuff, (which some of TGDP people have been involved in - Jo and Felicity and I have all been working on Season of Docs, and I want to talk about that).",
        "user": "UKTGLQNGG",
        "ts": "1578692384.029000",
        "team": "TKFJE6LDR",
        "user_team": "TKFJE6LDR",
        "source_team": "TKFJE6LDR",
        "user_profile": {
            "avatar_hash": "ge03fcb118b0",
            "image_72": "https:\/\/secure.gravatar.com\/avatar\/9e03fcb118b0853a3fedfdee2367779d.jpg?s=72&d=https%3A%2F%2Fa.slack-edge.com%2Fdf10d%2Fimg%2Favatars%2Fava_0021-72.png",
            "first_name": "Cameron",
            "real_name": "Cameron Shorter",
            "display_name": "cameronshorter",
            "team": "TKFJE6LDR",
            "name": "cameron.shorter",
            "is_restricted": false,
            "is_ultra_restricted": false
        },
        "blocks": [
            {
                "type": "rich_text",
                "block_id": "PAzAr",
                "elements": [
                    {
                        "type": "rich_text_section",
                        "elements": [
                            {
                                "type": "text",
                                "text": "Fair call. I still want to talk about non-template stuff, (which some of TGDP people have been involved in - Jo and Felicity and I have all been working on Season of Docs, and I want to talk about that)."
                            }
                        ]
                    }
                ]
            }
        ]
    },
    {
        "client_msg_id": "60bcca11-74ee-4cf6-8933-9a64e2dfe380",
        "type": "message",
        "text": "I think there's no rule against multiple submissions, why not submit both talks?",
        "user": "UL2AA1FF1",
        "ts": "1578692507.030400",
        "team": "TKFJE6LDR",
        "user_team": "TKFJE6LDR",
        "source_team": "TKFJE6LDR",
        "user_profile": {
            "avatar_hash": "22135067b36d",
            "image_72": "https:\/\/avatars.slack-edge.com\/2019-10-23\/805254797908_22135067b36dfb715e99_72.jpg",
            "first_name": "",
            "real_name": "Erin McKean",
            "display_name": "Erin McKean",
            "team": "TKFJE6LDR",
            "name": "emckean",
            "is_restricted": false,
            "is_ultra_restricted": false
        },
        "blocks": [
            {
                "type": "rich_text",
                "block_id": "TR2Sb",
                "elements": [
                    {
                        "type": "rich_text_section",
                        "elements": [
                            {
                                "type": "text",
                                "text": "I think there's no rule against multiple submissions, why not submit both talks?"
                            }
                        ]
                    }
                ]
            }
        ]
    },
    {
        "client_msg_id": "b24aaae9-3373-44ee-8843-2cfa80a8cb34",
        "type": "message",
        "text": "I think two discrete talks would have a better chance than one joint talk",
        "user": "UL2AA1FF1",
        "ts": "1578692531.031100",
        "team": "TKFJE6LDR",
        "user_team": "TKFJE6LDR",
        "source_team": "TKFJE6LDR",
        "user_profile": {
            "avatar_hash": "22135067b36d",
            "image_72": "https:\/\/avatars.slack-edge.com\/2019-10-23\/805254797908_22135067b36dfb715e99_72.jpg",
            "first_name": "",
            "real_name": "Erin McKean",
            "display_name": "Erin McKean",
            "team": "TKFJE6LDR",
            "name": "emckean",
            "is_restricted": false,
            "is_ultra_restricted": false
        },
        "blocks": [
            {
                "type": "rich_text",
                "block_id": "lW5",
                "elements": [
                    {
                        "type": "rich_text_section",
                        "elements": [
                            {
                                "type": "text",
                                "text": "I think two discrete talks would have a better chance than one joint talk"
                            }
                        ]
                    }
                ]
            }
        ],
        "reactions": [
            {
                "name": "heavy_plus_sign",
                "users": [
                    "UL3UNUMK6"
                ],
                "count": 1
            }
        ]
    },
    {
        "client_msg_id": "c4d5389b-0c57-48a1-a7cd-fda3f926a3e3",
        "type": "message",
        "text": "Yes, I’m being greedy. I’m hoping to be 100% focused on TheGoodDocsProject during the writing day, (beforehand), and then focus on the other stuff afterwards.",
        "user": "UKTGLQNGG",
        "ts": "1578692536.031300",
        "team": "TKFJE6LDR",
        "user_team": "TKFJE6LDR",
        "source_team": "TKFJE6LDR",
        "user_profile": {
            "avatar_hash": "ge03fcb118b0",
            "image_72": "https:\/\/secure.gravatar.com\/avatar\/9e03fcb118b0853a3fedfdee2367779d.jpg?s=72&d=https%3A%2F%2Fa.slack-edge.com%2Fdf10d%2Fimg%2Favatars%2Fava_0021-72.png",
            "first_name": "Cameron",
            "real_name": "Cameron Shorter",
            "display_name": "cameronshorter",
            "team": "TKFJE6LDR",
            "name": "cameron.shorter",
            "is_restricted": false,
            "is_ultra_restricted": false
        },
        "blocks": [
            {
                "type": "rich_text",
                "block_id": "MUDr",
                "elements": [
                    {
                        "type": "rich_text_section",
                        "elements": [
                            {
                                "type": "text",
                                "text": "Yes, I’m being greedy. I’m hoping to be 100% focused on TheGoodDocsProject during the writing day, (beforehand), and then focus on the other stuff afterwards."
                            }
                        ]
                    }
                ]
            }
        ]
    },
    {
        "client_msg_id": "ee9cfc9a-0b08-4766-9650-e88218c0d8ff",
        "type": "message",
        "text": "another thing is that we could submit for a lightning talk on the GDP",
        "user": "UL2AA1FF1",
        "ts": "1578692607.032700",
        "team": "TKFJE6LDR",
        "user_team": "TKFJE6LDR",
        "source_team": "TKFJE6LDR",
        "user_profile": {
            "avatar_hash": "22135067b36d",
            "image_72": "https:\/\/avatars.slack-edge.com\/2019-10-23\/805254797908_22135067b36dfb715e99_72.jpg",
            "first_name": "",
            "real_name": "Erin McKean",
            "display_name": "Erin McKean",
            "team": "TKFJE6LDR",
            "name": "emckean",
            "is_restricted": false,
            "is_ultra_restricted": false
        },
        "blocks": [
            {
                "type": "rich_text",
                "block_id": "OBbV2",
                "elements": [
                    {
                        "type": "rich_text_section",
                        "elements": [
                            {
                                "type": "text",
                                "text": "another thing is that we could submit for a lightning talk on the GDP"
                            }
                        ]
                    }
                ]
            }
        ]
    },
    {
        "client_msg_id": "a40c2ee5-a1bf-4f00-a23f-90bb4717d54b",
        "type": "message",
        "text": "I disagree, I reckon I\/we will only get one talk. (I put 2 talks into WriteTheDocs Sydney, and was only selected for 1 - the DocFixit. Reason was there wasn’t enough space and it isn’t fair for one person to get two slots)",
        "user": "UKTGLQNGG",
        "ts": "1578692630.033200",
        "team": "TKFJE6LDR",
        "user_team": "TKFJE6LDR",
        "source_team": "TKFJE6LDR",
        "user_profile": {
            "avatar_hash": "ge03fcb118b0",
            "image_72": "https:\/\/secure.gravatar.com\/avatar\/9e03fcb118b0853a3fedfdee2367779d.jpg?s=72&d=https%3A%2F%2Fa.slack-edge.com%2Fdf10d%2Fimg%2Favatars%2Fava_0021-72.png",
            "first_name": "Cameron",
            "real_name": "Cameron Shorter",
            "display_name": "cameronshorter",
            "team": "TKFJE6LDR",
            "name": "cameron.shorter",
            "is_restricted": false,
            "is_ultra_restricted": false
        },
        "blocks": [
            {
                "type": "rich_text",
                "block_id": "qCwm",
                "elements": [
                    {
                        "type": "rich_text_section",
                        "elements": [
                            {
                                "type": "text",
                                "text": "I disagree, I reckon I\/we will only get one talk. (I put 2 talks into WriteTheDocs Sydney, and was only selected for 1 - the DocFixit. Reason was there wasn’t enough space and it isn’t fair for one person to get two slots)"
                            }
                        ]
                    }
                ]
            }
        ]
    },
    {
        "client_msg_id": "d59aafb7-9f05-474e-b00d-2c79fb2fcf1f",
        "type": "message",
        "text": "yes, but this way the conference organizers get their choice of the talk they want ... :slightly_smiling_face:",
        "user": "UL2AA1FF1",
        "ts": "1578692721.034500",
        "team": "TKFJE6LDR",
        "user_team": "TKFJE6LDR",
        "source_team": "TKFJE6LDR",
        "user_profile": {
            "avatar_hash": "22135067b36d",
            "image_72": "https:\/\/avatars.slack-edge.com\/2019-10-23\/805254797908_22135067b36dfb715e99_72.jpg",
            "first_name": "",
            "real_name": "Erin McKean",
            "display_name": "Erin McKean",
            "team": "TKFJE6LDR",
            "name": "emckean",
            "is_restricted": false,
            "is_ultra_restricted": false
        },
        "blocks": [
            {
                "type": "rich_text",
                "block_id": "9aVwk",
                "elements": [
                    {
                        "type": "rich_text_section",
                        "elements": [
                            {
                                "type": "text",
                                "text": "yes, but this way the conference organizers get their choice of the talk they want ... "
                            },
                            {
                                "type": "emoji",
                                "name": "slightly_smiling_face"
                            }
                        ]
                    }
                ]
            }
        ]
    },
    {
        "client_msg_id": "05ed2665-c2ab-4ee6-9e8b-dc46de9a154d",
        "type": "message",
        "text": "don't want to fall between two stools, I guess is what I'm saying",
        "user": "UL2AA1FF1",
        "ts": "1578692744.034800",
        "team": "TKFJE6LDR",
        "user_team": "TKFJE6LDR",
        "source_team": "TKFJE6LDR",
        "user_profile": {
            "avatar_hash": "22135067b36d",
            "image_72": "https:\/\/avatars.slack-edge.com\/2019-10-23\/805254797908_22135067b36dfb715e99_72.jpg",
            "first_name": "",
            "real_name": "Erin McKean",
            "display_name": "Erin McKean",
            "team": "TKFJE6LDR",
            "name": "emckean",
            "is_restricted": false,
            "is_ultra_restricted": false
        },
        "blocks": [
            {
                "type": "rich_text",
                "block_id": "CUhKb",
                "elements": [
                    {
                        "type": "rich_text_section",
                        "elements": [
                            {
                                "type": "text",
                                "text": "don't want to fall between two stools, I guess is what I'm saying"
                            }
                        ]
                    }
                ]
            }
        ]
    },
    {
        "client_msg_id": "322a96f6-bf52-4644-89ef-414b98b400e8",
        "type": "message",
        "text": "Yes, good idea to do a lightning talk. I assume this will be a “pull a talk out of the hat” like in Sydney, so we don’t cover it here.",
        "user": "UKTGLQNGG",
        "ts": "1578692754.035100",
        "team": "TKFJE6LDR",
        "user_team": "TKFJE6LDR",
        "source_team": "TKFJE6LDR",
        "user_profile": {
            "avatar_hash": "ge03fcb118b0",
            "image_72": "https:\/\/secure.gravatar.com\/avatar\/9e03fcb118b0853a3fedfdee2367779d.jpg?s=72&d=https%3A%2F%2Fa.slack-edge.com%2Fdf10d%2Fimg%2Favatars%2Fava_0021-72.png",
            "first_name": "Cameron",
            "real_name": "Cameron Shorter",
            "display_name": "cameronshorter",
            "team": "TKFJE6LDR",
            "name": "cameron.shorter",
            "is_restricted": false,
            "is_ultra_restricted": false
        },
        "blocks": [
            {
                "type": "rich_text",
                "block_id": "x5DD",
                "elements": [
                    {
                        "type": "rich_text_section",
                        "elements": [
                            {
                                "type": "text",
                                "text": "Yes, good idea to do a lightning talk. I assume this will be a “pull a talk out of the hat” like in Sydney, so we don’t cover it here."
                            }
                        ]
                    }
                ]
            }
        ]
    },
    {
        "client_msg_id": "ff90c5e8-a3b7-4fbe-8fd1-744b41cb36b6",
        "type": "message",
        "text": "right",
        "user": "UL2AA1FF1",
        "ts": "1578692800.035700",
        "team": "TKFJE6LDR",
        "user_team": "TKFJE6LDR",
        "source_team": "TKFJE6LDR",
        "user_profile": {
            "avatar_hash": "22135067b36d",
            "image_72": "https:\/\/avatars.slack-edge.com\/2019-10-23\/805254797908_22135067b36dfb715e99_72.jpg",
            "first_name": "",
            "real_name": "Erin McKean",
            "display_name": "Erin McKean",
            "team": "TKFJE6LDR",
            "name": "emckean",
            "is_restricted": false,
            "is_ultra_restricted": false
        },
        "blocks": [
            {
                "type": "rich_text",
                "block_id": "PPw",
                "elements": [
                    {
                        "type": "rich_text_section",
                        "elements": [
                            {
                                "type": "text",
                                "text": "right"
                            }
                        ]
                    }
                ]
            }
        ]
    },
    {
        "client_msg_id": "99eee290-8617-4367-af7f-7c8d4227fa67",
        "type": "message",
        "text": "either way we should talk about how to communicate the writing day GDP work to the attendees ahead of time :slightly_smiling_face:",
        "user": "UL2AA1FF1",
        "ts": "1578692819.036300",
        "team": "TKFJE6LDR",
        "user_team": "TKFJE6LDR",
        "source_team": "TKFJE6LDR",
        "user_profile": {
            "avatar_hash": "22135067b36d",
            "image_72": "https:\/\/avatars.slack-edge.com\/2019-10-23\/805254797908_22135067b36dfb715e99_72.jpg",
            "first_name": "",
            "real_name": "Erin McKean",
            "display_name": "Erin McKean",
            "team": "TKFJE6LDR",
            "name": "emckean",
            "is_restricted": false,
            "is_ultra_restricted": false
        },
        "blocks": [
            {
                "type": "rich_text",
                "block_id": "Wd+",
                "elements": [
                    {
                        "type": "rich_text_section",
                        "elements": [
                            {
                                "type": "text",
                                "text": "either way we should talk about how to communicate the writing day GDP work to the attendees ahead of time "
                            },
                            {
                                "type": "emoji",
                                "name": "slightly_smiling_face"
                            }
                        ]
                    }
                ]
            }
        ],
        "reactions": [
            {
                "name": "heavy_plus_sign",
                "users": [
                    "UL3UNUMK6"
                ],
                "count": 1
            }
        ]
    },
    {
        "client_msg_id": "bc6e086c-f1ea-4c69-8674-3bb61e4b5234",
        "type": "message",
        "text": "So we submit both and the appropriate team members participate in the winning talk. The other topic is automatically a lightning talk.",
        "user": "UL3UNUMK6",
        "ts": "1578692832.036400",
        "team": "TKFJE6LDR",
        "user_team": "TKFJE6LDR",
        "source_team": "TKFJE6LDR",
        "user_profile": {
            "avatar_hash": "g886aa2ab03e",
            "image_72": "https:\/\/secure.gravatar.com\/avatar\/1886aa2ab03e30db78524e761889e101.jpg?s=72&d=https%3A%2F%2Fa.slack-edge.com%2Fdf10d%2Fimg%2Favatars%2Fava_0005-72.png",
            "first_name": "",
            "real_name": "Clarence Cromwell",
            "display_name": "",
            "team": "TKFJE6LDR",
            "name": "clarencewcromwell",
            "is_restricted": false,
            "is_ultra_restricted": false
        },
        "blocks": [
            {
                "type": "rich_text",
                "block_id": "VBw",
                "elements": [
                    {
                        "type": "rich_text_section",
                        "elements": [
                            {
                                "type": "text",
                                "text": "So we submit both and the appropriate team members participate in the winning talk. The other topic is automatically a lightning talk."
                            }
                        ]
                    }
                ]
            }
        ]
    },
    {
        "client_msg_id": "ad807390-5dea-45ab-87f8-c60f6ca8042a",
        "type": "message",
        "text": "And we can do a workshop on writing day either way.",
        "user": "UL3UNUMK6",
        "ts": "1578692842.036700",
        "team": "TKFJE6LDR",
        "user_team": "TKFJE6LDR",
        "source_team": "TKFJE6LDR",
        "user_profile": {
            "avatar_hash": "g886aa2ab03e",
            "image_72": "https:\/\/secure.gravatar.com\/avatar\/1886aa2ab03e30db78524e761889e101.jpg?s=72&d=https%3A%2F%2Fa.slack-edge.com%2Fdf10d%2Fimg%2Favatars%2Fava_0005-72.png",
            "first_name": "",
            "real_name": "Clarence Cromwell",
            "display_name": "",
            "team": "TKFJE6LDR",
            "name": "clarencewcromwell",
            "is_restricted": false,
            "is_ultra_restricted": false
        },
        "blocks": [
            {
                "type": "rich_text",
                "block_id": "iamjM",
                "elements": [
                    {
                        "type": "rich_text_section",
                        "elements": [
                            {
                                "type": "text",
                                "text": "And we can do a workshop on writing day either way."
                            }
                        ]
                    }
                ]
            }
        ]
    },
    {
        "client_msg_id": "c35c4878-71ba-453e-a7fb-4aac5ecbe875",
        "type": "message",
        "text": "Ok, I’m proposing to put current abstract in. If we get selected, then we can tweak content afterwards. I’m not planning to write a 2nd abstract. (We only have till the end of the day to do so).",
        "user": "UKTGLQNGG",
        "ts": "1578692935.038300",
        "team": "TKFJE6LDR",
        "user_team": "TKFJE6LDR",
        "source_team": "TKFJE6LDR",
        "user_profile": {
            "avatar_hash": "ge03fcb118b0",
            "image_72": "https:\/\/secure.gravatar.com\/avatar\/9e03fcb118b0853a3fedfdee2367779d.jpg?s=72&d=https%3A%2F%2Fa.slack-edge.com%2Fdf10d%2Fimg%2Favatars%2Fava_0021-72.png",
            "first_name": "Cameron",
            "real_name": "Cameron Shorter",
            "display_name": "cameronshorter",
            "team": "TKFJE6LDR",
            "name": "cameron.shorter",
            "is_restricted": false,
            "is_ultra_restricted": false
        },
        "blocks": [
            {
                "type": "rich_text",
                "block_id": "vbJfh",
                "elements": [
                    {
                        "type": "rich_text_section",
                        "elements": [
                            {
                                "type": "text",
                                "text": "Ok, I’m proposing to put current abstract in. If we get selected, then we can tweak content afterwards. I’m not planning to write a 2nd abstract. (We only have till the end of the day to do so)."
                            }
                        ]
                    }
                ]
            }
        ]
    },
    {
        "client_msg_id": "32c667b8-238e-45f1-be1d-231a9b64b5dd",
        "type": "message",
        "text": "If one of you wish to write a 2nd abstract I’m happy to review, and adjust mine to fit around yours.",
        "user": "UKTGLQNGG",
        "ts": "1578692985.039500",
        "team": "TKFJE6LDR",
        "user_team": "TKFJE6LDR",
        "source_team": "TKFJE6LDR",
        "user_profile": {
            "avatar_hash": "ge03fcb118b0",
            "image_72": "https:\/\/secure.gravatar.com\/avatar\/9e03fcb118b0853a3fedfdee2367779d.jpg?s=72&d=https%3A%2F%2Fa.slack-edge.com%2Fdf10d%2Fimg%2Favatars%2Fava_0021-72.png",
            "first_name": "Cameron",
            "real_name": "Cameron Shorter",
            "display_name": "cameronshorter",
            "team": "TKFJE6LDR",
            "name": "cameron.shorter",
            "is_restricted": false,
            "is_ultra_restricted": false
        },
        "blocks": [
            {
                "type": "rich_text",
                "block_id": "xFH",
                "elements": [
                    {
                        "type": "rich_text_section",
                        "elements": [
                            {
                                "type": "text",
                                "text": "If one of you wish to write a 2nd abstract I’m happy to review, and adjust mine to fit around yours."
                            }
                        ]
                    }
                ]
            }
        ]
    },
    {
        "client_msg_id": "0533f017-36e0-4725-b39c-6ed3d4cde786",
        "type": "message",
        "text": "Does anyone else want to write a proposal for a GDP talk? I’m not big on speaking, so I’m stepping back.",
        "user": "UL3UNUMK6",
        "ts": "1578693002.039900",
        "team": "TKFJE6LDR",
        "user_team": "TKFJE6LDR",
        "source_team": "TKFJE6LDR",
        "user_profile": {
            "avatar_hash": "g886aa2ab03e",
            "image_72": "https:\/\/secure.gravatar.com\/avatar\/1886aa2ab03e30db78524e761889e101.jpg?s=72&d=https%3A%2F%2Fa.slack-edge.com%2Fdf10d%2Fimg%2Favatars%2Fava_0005-72.png",
            "first_name": "",
            "real_name": "Clarence Cromwell",
            "display_name": "",
            "team": "TKFJE6LDR",
            "name": "clarencewcromwell",
            "is_restricted": false,
            "is_ultra_restricted": false
        },
        "blocks": [
            {
                "type": "rich_text",
                "block_id": "Zyl",
                "elements": [
                    {
                        "type": "rich_text_section",
                        "elements": [
                            {
                                "type": "text",
                                "text": "Does anyone else want to write a proposal for a GDP talk? I’m not big on speaking, so I’m stepping back."
                            }
                        ]
                    }
                ]
            }
        ]
    },
    {
        "client_msg_id": "80a59f25-c8ff-4c7e-9b5a-fa01299c2cf9",
        "type": "message",
        "text": ":grin:",
        "user": "UL3UNUMK6",
        "ts": "1578693009.040100",
        "team": "TKFJE6LDR",
        "user_team": "TKFJE6LDR",
        "source_team": "TKFJE6LDR",
        "user_profile": {
            "avatar_hash": "g886aa2ab03e",
            "image_72": "https:\/\/secure.gravatar.com\/avatar\/1886aa2ab03e30db78524e761889e101.jpg?s=72&d=https%3A%2F%2Fa.slack-edge.com%2Fdf10d%2Fimg%2Favatars%2Fava_0005-72.png",
            "first_name": "",
            "real_name": "Clarence Cromwell",
            "display_name": "",
            "team": "TKFJE6LDR",
            "name": "clarencewcromwell",
            "is_restricted": false,
            "is_ultra_restricted": false
        },
        "blocks": [
            {
                "type": "rich_text",
                "block_id": "rhOV+",
                "elements": [
                    {
                        "type": "rich_text_section",
                        "elements": [
                            {
                                "type": "emoji",
                                "name": "grin"
                            }
                        ]
                    }
                ]
            }
        ]
    },
    {
        "client_msg_id": "09680f7d-3c87-4431-a849-07ec35222323",
        "type": "message",
        "text": "I will work on a description for the writing day workshop.",
        "user": "UL3UNUMK6",
        "ts": "1578693036.040600",
        "team": "TKFJE6LDR",
        "user_team": "TKFJE6LDR",
        "source_team": "TKFJE6LDR",
        "user_profile": {
            "avatar_hash": "g886aa2ab03e",
            "image_72": "https:\/\/secure.gravatar.com\/avatar\/1886aa2ab03e30db78524e761889e101.jpg?s=72&d=https%3A%2F%2Fa.slack-edge.com%2Fdf10d%2Fimg%2Favatars%2Fava_0005-72.png",
            "first_name": "",
            "real_name": "Clarence Cromwell",
            "display_name": "",
            "team": "TKFJE6LDR",
            "name": "clarencewcromwell",
            "is_restricted": false,
            "is_ultra_restricted": false
        },
        "blocks": [
            {
                "type": "rich_text",
                "block_id": "0+H",
                "elements": [
                    {
                        "type": "rich_text_section",
                        "elements": [
                            {
                                "type": "text",
                                "text": "I will work on a description for the writing day workshop."
                            }
                        ]
                    }
                ]
            }
        ]
    },
    {
        "client_msg_id": "5228c283-cffc-48dd-a6e9-35e7a75e01f7",
        "type": "message",
        "text": "<@UL2AA1FF1> up to you if you want to put a proposal in. <@UL3UNUMK6> would be great to see your writing day workshop description. Happy to review it.",
        "user": "UKTGLQNGG",
        "ts": "1578693112.041900",
        "team": "TKFJE6LDR",
        "user_team": "TKFJE6LDR",
        "source_team": "TKFJE6LDR",
        "user_profile": {
            "avatar_hash": "ge03fcb118b0",
            "image_72": "https:\/\/secure.gravatar.com\/avatar\/9e03fcb118b0853a3fedfdee2367779d.jpg?s=72&d=https%3A%2F%2Fa.slack-edge.com%2Fdf10d%2Fimg%2Favatars%2Fava_0021-72.png",
            "first_name": "Cameron",
            "real_name": "Cameron Shorter",
            "display_name": "cameronshorter",
            "team": "TKFJE6LDR",
            "name": "cameron.shorter",
            "is_restricted": false,
            "is_ultra_restricted": false
        },
        "blocks": [
            {
                "type": "rich_text",
                "block_id": "Zl8U",
                "elements": [
                    {
                        "type": "rich_text_section",
                        "elements": [
                            {
                                "type": "user",
                                "user_id": "UL2AA1FF1"
                            },
                            {
                                "type": "text",
                                "text": " up to you if you want to put a proposal in. "
                            },
                            {
                                "type": "user",
                                "user_id": "UL3UNUMK6"
                            },
                            {
                                "type": "text",
                                "text": " would be great to see your writing day workshop description. Happy to review it."
                            }
                        ]
                    }
                ]
            }
        ]
    },
    {
        "client_msg_id": "461b4794-8e58-4fee-9cb5-aab82588a8e0",
        "type": "message",
        "text": "Do we have a majority in favor of a workshop where people use the templates to start or improve their own docs?",
        "user": "UL3UNUMK6",
        "ts": "1578693128.042200",
        "team": "TKFJE6LDR",
        "user_team": "TKFJE6LDR",
        "source_team": "TKFJE6LDR",
        "user_profile": {
            "avatar_hash": "g886aa2ab03e",
            "image_72": "https:\/\/secure.gravatar.com\/avatar\/1886aa2ab03e30db78524e761889e101.jpg?s=72&d=https%3A%2F%2Fa.slack-edge.com%2Fdf10d%2Fimg%2Favatars%2Fava_0005-72.png",
            "first_name": "",
            "real_name": "Clarence Cromwell",
            "display_name": "",
            "team": "TKFJE6LDR",
            "name": "clarencewcromwell",
            "is_restricted": false,
            "is_ultra_restricted": false
        },
        "blocks": [
            {
                "type": "rich_text",
                "block_id": "Qiy",
                "elements": [
                    {
                        "type": "rich_text_section",
                        "elements": [
                            {
                                "type": "text",
                                "text": "Do we have a majority in favor of a workshop where people use the templates to start or improve their own docs?"
                            }
                        ]
                    }
                ]
            }
        ]
    },
    {
        "client_msg_id": "267abca1-30ca-4375-9c3e-5b5408cdb175",
        "type": "message",
        "text": "I’d love to work with developers who are trying to get started, so they can write an outline for their docs and get started.",
        "user": "UL3UNUMK6",
        "ts": "1578693174.043200",
        "team": "TKFJE6LDR",
        "user_team": "TKFJE6LDR",
        "source_team": "TKFJE6LDR",
        "user_profile": {
            "avatar_hash": "g886aa2ab03e",
            "image_72": "https:\/\/secure.gravatar.com\/avatar\/1886aa2ab03e30db78524e761889e101.jpg?s=72&d=https%3A%2F%2Fa.slack-edge.com%2Fdf10d%2Fimg%2Favatars%2Fava_0005-72.png",
            "first_name": "",
            "real_name": "Clarence Cromwell",
            "display_name": "",
            "team": "TKFJE6LDR",
            "name": "clarencewcromwell",
            "is_restricted": false,
            "is_ultra_restricted": false
        },
        "blocks": [
            {
                "type": "rich_text",
                "block_id": "slP\/a",
                "elements": [
                    {
                        "type": "rich_text_section",
                        "elements": [
                            {
                                "type": "text",
                                "text": "I’d love to work with developers who are trying to get started, so they can write an outline for their docs and get started."
                            }
                        ]
                    }
                ]
            }
        ],
        "reactions": [
            {
                "name": "heavy_plus_sign",
                "users": [
                    "UL9F82XL3"
                ],
                "count": 1
            }
        ]
    },
    {
        "client_msg_id": "fb4e5716-1fd6-41d2-9cb6-97eaf1086b6d",
        "type": "message",
        "text": "I’m +1 for that proposal Clarance, and think it is exactly what we should be doing in the workshop.",
        "user": "UKTGLQNGG",
        "ts": "1578693210.043800",
        "team": "TKFJE6LDR",
        "user_team": "TKFJE6LDR",
        "source_team": "TKFJE6LDR",
        "user_profile": {
            "avatar_hash": "ge03fcb118b0",
            "image_72": "https:\/\/secure.gravatar.com\/avatar\/9e03fcb118b0853a3fedfdee2367779d.jpg?s=72&d=https%3A%2F%2Fa.slack-edge.com%2Fdf10d%2Fimg%2Favatars%2Fava_0021-72.png",
            "first_name": "Cameron",
            "real_name": "Cameron Shorter",
            "display_name": "cameronshorter",
            "team": "TKFJE6LDR",
            "name": "cameron.shorter",
            "is_restricted": false,
            "is_ultra_restricted": false
        },
        "blocks": [
            {
                "type": "rich_text",
                "block_id": "lBRd",
                "elements": [
                    {
                        "type": "rich_text_section",
                        "elements": [
                            {
                                "type": "text",
                                "text": "I’m +1 for that proposal Clarance, and think it is exactly what we should be doing in the workshop."
                            }
                        ]
                    }
                ]
            }
        ]
    },
    {
        "client_msg_id": "a3cae1ac-c74b-48e1-a076-a59aa56cb7df",
        "type": "message",
        "text": "I hope you’ll take a shot at the GDP presentation, <@UL2AA1FF1>",
        "user": "UL3UNUMK6",
        "ts": "1578693226.044200",
        "team": "TKFJE6LDR",
        "user_team": "TKFJE6LDR",
        "source_team": "TKFJE6LDR",
        "user_profile": {
            "avatar_hash": "g886aa2ab03e",
            "image_72": "https:\/\/secure.gravatar.com\/avatar\/1886aa2ab03e30db78524e761889e101.jpg?s=72&d=https%3A%2F%2Fa.slack-edge.com%2Fdf10d%2Fimg%2Favatars%2Fava_0005-72.png",
            "first_name": "",
            "real_name": "Clarence Cromwell",
            "display_name": "",
            "team": "TKFJE6LDR",
            "name": "clarencewcromwell",
            "is_restricted": false,
            "is_ultra_restricted": false
        },
        "edited": {
            "user": "UL3UNUMK6",
            "ts": "1578693257.000000"
        },
        "blocks": [
            {
                "type": "rich_text",
                "block_id": "UXXg",
                "elements": [
                    {
                        "type": "rich_text_section",
                        "elements": [
                            {
                                "type": "text",
                                "text": "I hope you’ll take a shot at the GDP presentation, "
                            },
                            {
                                "type": "user",
                                "user_id": "UL2AA1FF1"
                            }
                        ]
                    }
                ]
            }
        ]
    },
    {
        "client_msg_id": "6cd751c0-ca95-4d83-9df5-c6a2fd67b9fc",
        "type": "message",
        "text": "We also have the option to do an unconference session. I’ll think about how to spin TGDP into ideas for an unconference topic. It could be identical to the writing day workshop, for those who don’t make it to town by Sunday morning, or we could spin it in a different way.",
        "user": "UL3UNUMK6",
        "ts": "1578693911.046400",
        "team": "TKFJE6LDR",
        "user_team": "TKFJE6LDR",
        "source_team": "TKFJE6LDR",
        "user_profile": {
            "avatar_hash": "g886aa2ab03e",
            "image_72": "https:\/\/secure.gravatar.com\/avatar\/1886aa2ab03e30db78524e761889e101.jpg?s=72&d=https%3A%2F%2Fa.slack-edge.com%2Fdf10d%2Fimg%2Favatars%2Fava_0005-72.png",
            "first_name": "",
            "real_name": "Clarence Cromwell",
            "display_name": "",
            "team": "TKFJE6LDR",
            "name": "clarencewcromwell",
            "is_restricted": false,
            "is_ultra_restricted": false
        },
        "blocks": [
            {
                "type": "rich_text",
                "block_id": "FYDq",
                "elements": [
                    {
                        "type": "rich_text_section",
                        "elements": [
                            {
                                "type": "text",
                                "text": "We also have the option to do an unconference session. I’ll think about how to spin TGDP into ideas for an unconference topic. It could be identical to the writing day workshop, for those who don’t make it to town by Sunday morning, or we could spin it in a different way."
                            }
                        ]
                    }
                ]
            }
        ]
    },
    {
        "client_msg_id": "0a6ac3dd-490c-47f6-859d-1b3292385ca4",
        "type": "message",
        "text": "Yes, at the very least, you, me and Erin could do a focused brainstorm and debug session.",
        "user": "UKTGLQNGG",
        "ts": "1578694012.047500",
        "team": "TKFJE6LDR",
        "user_team": "TKFJE6LDR",
        "source_team": "TKFJE6LDR",
        "user_profile": {
            "avatar_hash": "ge03fcb118b0",
            "image_72": "https:\/\/secure.gravatar.com\/avatar\/9e03fcb118b0853a3fedfdee2367779d.jpg?s=72&d=https%3A%2F%2Fa.slack-edge.com%2Fdf10d%2Fimg%2Favatars%2Fava_0021-72.png",
            "first_name": "Cameron",
            "real_name": "Cameron Shorter",
            "display_name": "cameronshorter",
            "team": "TKFJE6LDR",
            "name": "cameron.shorter",
            "is_restricted": false,
            "is_ultra_restricted": false
        },
        "blocks": [
            {
                "type": "rich_text",
                "block_id": "LcU1l",
                "elements": [
                    {
                        "type": "rich_text_section",
                        "elements": [
                            {
                                "type": "text",
                                "text": "Yes, at the very least, you, me and Erin could do a focused brainstorm and debug session."
                            }
                        ]
                    }
                ]
            }
        ]
    }
]