[
    {
        "client_msg_id": "19344d6c-0ae2-49c1-b31b-c918baf8cc75",
        "type": "message",
        "text": "do we have an agenda for today's meeting?",
        "user": "UL2AA1FF1",
        "ts": "1591211198.328800",
        "team": "TKFJE6LDR",
        "user_team": "TKFJE6LDR",
        "source_team": "TKFJE6LDR",
        "user_profile": {
            "avatar_hash": "22135067b36d",
            "image_72": "https:\/\/avatars.slack-edge.com\/2019-10-23\/805254797908_22135067b36dfb715e99_72.jpg",
            "first_name": "",
            "real_name": "Erin McKean",
            "display_name": "Erin McKean",
            "team": "TKFJE6LDR",
            "name": "emckean",
            "is_restricted": false,
            "is_ultra_restricted": false
        },
        "blocks": [
            {
                "type": "rich_text",
                "block_id": "p2E",
                "elements": [
                    {
                        "type": "rich_text_section",
                        "elements": [
                            {
                                "type": "text",
                                "text": "do we have an agenda for today's meeting?"
                            }
                        ]
                    }
                ]
            }
        ]
    },
    {
        "client_msg_id": "dc023dee-479a-4257-8a6b-03100609eb27",
        "type": "message",
        "text": "<https:\/\/github.com\/thegooddocsproject\/governance\/wiki\/Weekly-Meetings>",
        "user": "UL2AA1FF1",
        "ts": "1591211199.329000",
        "team": "TKFJE6LDR",
        "user_team": "TKFJE6LDR",
        "source_team": "TKFJE6LDR",
        "user_profile": {
            "avatar_hash": "22135067b36d",
            "image_72": "https:\/\/avatars.slack-edge.com\/2019-10-23\/805254797908_22135067b36dfb715e99_72.jpg",
            "first_name": "",
            "real_name": "Erin McKean",
            "display_name": "Erin McKean",
            "team": "TKFJE6LDR",
            "name": "emckean",
            "is_restricted": false,
            "is_ultra_restricted": false
        },
        "blocks": [
            {
                "type": "rich_text",
                "block_id": "cDEp",
                "elements": [
                    {
                        "type": "rich_text_section",
                        "elements": [
                            {
                                "type": "link",
                                "url": "https:\/\/github.com\/thegooddocsproject\/governance\/wiki\/Weekly-Meetings"
                            }
                        ]
                    }
                ]
            }
        ]
    },
    {
        "client_msg_id": "f5b7b8ef-7aa7-438f-adb9-ca43bd9cb35b",
        "type": "message",
        "text": "Weekly video conference meeting in 1.5 hours. Email me if you would like to come and need an invitation. Re agenda. Feel free to add I topic you'd like to discuss. I've suggested:",
        "user": "UKTGLQNGG",
        "ts": "1591212253.331000",
        "team": "TKFJE6LDR",
        "user_team": "TKFJE6LDR",
        "source_team": "TKFJE6LDR",
        "user_profile": {
            "avatar_hash": "ge03fcb118b0",
            "image_72": "https:\/\/secure.gravatar.com\/avatar\/9e03fcb118b0853a3fedfdee2367779d.jpg?s=72&d=https%3A%2F%2Fa.slack-edge.com%2Fdf10d%2Fimg%2Favatars%2Fava_0021-72.png",
            "first_name": "Cameron",
            "real_name": "Cameron Shorter",
            "display_name": "cameronshorter",
            "team": "TKFJE6LDR",
            "name": "cameron.shorter",
            "is_restricted": false,
            "is_ultra_restricted": false
        },
        "blocks": [
            {
                "type": "rich_text",
                "block_id": "0MZKm",
                "elements": [
                    {
                        "type": "rich_text_section",
                        "elements": [
                            {
                                "type": "text",
                                "text": "Weekly video conference meeting in 1.5 hours. Email me if you would like to come and need an invitation. Re agenda. Feel free to add I topic you'd like to discuss. I've suggested:"
                            }
                        ]
                    }
                ]
            }
        ]
    },
    {
        "client_msg_id": "783d62bf-b6d0-4279-91a4-aee3ed3c00eb",
        "type": "message",
        "text": "Proposed Agenda:\n• Pick one of the topics from our <https:\/\/docs.google.com\/document\/d\/1Uo3Rcc-rRaN4kmJpqwtUaVRJmDbYI4TkwjuNWNuBu9A\/edit|wishlist of tasks>\n• Who will have permission to approve budget spending? Cameron suggests long term it be subset of our current Project Steering Committee. This will allow us to grow our Project Steering Committee, without having to worry about screening for bad actors.\n• Standing last item: <https:\/\/github.com\/thegooddocsproject\/thegooddocsproject.github.io\/pull\/6|oldest PR>\n",
        "user": "UKTGLQNGG",
        "ts": "1591212255.331200",
        "team": "TKFJE6LDR",
        "user_team": "TKFJE6LDR",
        "source_team": "TKFJE6LDR",
        "user_profile": {
            "avatar_hash": "ge03fcb118b0",
            "image_72": "https:\/\/secure.gravatar.com\/avatar\/9e03fcb118b0853a3fedfdee2367779d.jpg?s=72&d=https%3A%2F%2Fa.slack-edge.com%2Fdf10d%2Fimg%2Favatars%2Fava_0021-72.png",
            "first_name": "Cameron",
            "real_name": "Cameron Shorter",
            "display_name": "cameronshorter",
            "team": "TKFJE6LDR",
            "name": "cameron.shorter",
            "is_restricted": false,
            "is_ultra_restricted": false
        },
        "attachments": [
            {
                "author_name": "cwcromwell",
                "fallback": "[thegooddocsproject\/thegooddocsproject.github.io] #6 Update index.md",
                "text": "New draft that explains project outlines, templates, best practices",
                "title": "#6 Update index.md",
                "footer": "<https:\/\/github.com\/thegooddocsproject\/thegooddocsproject.github.io|thegooddocsproject\/thegooddocsproject.github.io>",
                "id": 1,
                "title_link": "https:\/\/github.com\/thegooddocsproject\/thegooddocsproject.github.io\/pull\/6",
                "author_link": "https:\/\/github.com\/cwcromwell",
                "author_icon": "https:\/\/avatars3.githubusercontent.com\/u\/8107887?v=4",
                "footer_icon": "https:\/\/github.githubassets.com\/favicon.ico",
                "ts": 1565568159,
                "color": "36a64f",
                "fields": [
                    {
                        "title": "Comments",
                        "value": "3",
                        "short": true
                    }
                ],
                "mrkdwn_in": [
                    "text"
                ],
                "bot_id": "BU8U6P6AH",
                "app_unfurl_url": "https:\/\/github.com\/thegooddocsproject\/thegooddocsproject.github.io\/pull\/6",
                "is_app_unfurl": true
            }
        ],
        "blocks": [
            {
                "type": "rich_text",
                "block_id": "CVgQ9",
                "elements": [
                    {
                        "type": "rich_text_section",
                        "elements": [
                            {
                                "type": "text",
                                "text": "Proposed Agenda:\n"
                            }
                        ]
                    },
                    {
                        "type": "rich_text_list",
                        "elements": [
                            {
                                "type": "rich_text_section",
                                "elements": [
                                    {
                                        "type": "text",
                                        "text": "Pick one of the topics from our "
                                    },
                                    {
                                        "type": "link",
                                        "url": "https:\/\/docs.google.com\/document\/d\/1Uo3Rcc-rRaN4kmJpqwtUaVRJmDbYI4TkwjuNWNuBu9A\/edit",
                                        "text": "wishlist of tasks"
                                    }
                                ]
                            },
                            {
                                "type": "rich_text_section",
                                "elements": [
                                    {
                                        "type": "text",
                                        "text": "Who will have permission to approve budget spending? Cameron suggests long term it be subset of our current Project Steering Committee. This will allow us to grow our Project Steering Committee, without having to worry about screening for bad actors."
                                    }
                                ]
                            },
                            {
                                "type": "rich_text_section",
                                "elements": [
                                    {
                                        "type": "text",
                                        "text": "Standing last item: "
                                    },
                                    {
                                        "type": "link",
                                        "url": "https:\/\/github.com\/thegooddocsproject\/thegooddocsproject.github.io\/pull\/6",
                                        "text": "oldest PR"
                                    }
                                ]
                            }
                        ],
                        "style": "bullet",
                        "indent": 0
                    },
                    {
                        "type": "rich_text_section",
                        "elements": []
                    }
                ]
            }
        ]
    },
    {
        "type": "message",
        "subtype": "reminder_add",
        "text": " set up a reminder “remember to add items to the Weekly Meeting agenda before our meeting Wednesdays UTC 21:00!” in this channel at 9AM every Tuesday, Pacific Daylight Time.",
        "user": "UL2AA1FF1",
        "ts": "1591217413.331400"
    },
    {
        "client_msg_id": "22dd36c1-b2f9-4b16-969b-27e44cbaa68f",
        "type": "message",
        "text": "<@U012KCMPP0V> again, I'm very excited about this style guide template! I can be a test case for adapting it for a real project, if you like (the thing I'm working on is halfway between UI text and docs—links to come in thread)",
        "user": "U011GCVJFQF",
        "ts": "1591220702.335400",
        "team": "TKFJE6LDR",
        "user_team": "TKFJE6LDR",
        "source_team": "TKFJE6LDR",
        "user_profile": {
            "avatar_hash": "5859193991fb",
            "image_72": "https:\/\/avatars.slack-edge.com\/2020-04-16\/1066602100115_5859193991fb4bbebcdf_72.png",
            "first_name": "",
            "real_name": "Daniel Beck",
            "display_name": "Daniel Beck",
            "team": "TKFJE6LDR",
            "name": "daniel",
            "is_restricted": false,
            "is_ultra_restricted": false
        },
        "blocks": [
            {
                "type": "rich_text",
                "block_id": "KYr7S",
                "elements": [
                    {
                        "type": "rich_text_section",
                        "elements": [
                            {
                                "type": "user",
                                "user_id": "U012KCMPP0V"
                            },
                            {
                                "type": "text",
                                "text": " again, I'm very excited about this style guide template! I can be a test case for adapting it for a real project, if you like (the thing I'm working on is halfway between UI text and docs—links to come in thread)"
                            }
                        ]
                    }
                ]
            }
        ],
        "thread_ts": "1591220702.335400",
        "reply_count": 3,
        "reply_users_count": 2,
        "latest_reply": "1591220743.336100",
        "reply_users": [
            "U011GCVJFQF",
            "U012KCMPP0V"
        ],
        "replies": [
            {
                "user": "U011GCVJFQF",
                "ts": "1591220707.335500"
            },
            {
                "user": "U011GCVJFQF",
                "ts": "1591220724.335800"
            },
            {
                "user": "U012KCMPP0V",
                "ts": "1591220743.336100"
            }
        ],
        "subscribed": false
    },
    {
        "client_msg_id": "85306a66-2513-4da9-b6fb-aa240a85a346",
        "type": "message",
        "text": "<https:\/\/github.com\/mdn\/browser-compat-data\/issues\/6229>",
        "user": "U011GCVJFQF",
        "ts": "1591220707.335500",
        "team": "TKFJE6LDR",
        "user_team": "TKFJE6LDR",
        "source_team": "TKFJE6LDR",
        "user_profile": {
            "avatar_hash": "5859193991fb",
            "image_72": "https:\/\/avatars.slack-edge.com\/2020-04-16\/1066602100115_5859193991fb4bbebcdf_72.png",
            "first_name": "",
            "real_name": "Daniel Beck",
            "display_name": "Daniel Beck",
            "team": "TKFJE6LDR",
            "name": "daniel",
            "is_restricted": false,
            "is_ultra_restricted": false
        },
        "attachments": [
            {
                "author_name": "ddbeck",
                "fallback": "[mdn\/browser-compat-data] #6229 Document style for notes",
                "text": "There are certain aspects of notes that we can't lint for. We ought to document a lightweight style guide for writing notes. We could probably start by codifying a few common practices:\n\n• Use the present tense (the inspiration for this issue, <https:\/\/github.com\/mdn\/browser-compat-data\/pull\/6228|#6228>, plus a few others like <https:\/\/github.com\/mdn\/browser-compat-data\/pull\/2151|#2151> and <https:\/\/github.com\/mdn\/browser-compat-data\/pull\/505|#505>)\n• Use browser names and avoid engine names where possible (e.g., \"Chrome\" not \"Chromium\", \"Firefox\" not \"Gecko\")\n• When a note applies only to some subset of versions of a support statement, then begin the note with the limitation (e.g., \"Before X\", \"After Y\", \"From Z to W\")\n• Avoid imprecision by specifying versions, not dates or times (e.g., avoid \"now\", \"currently\")\n\nThere are probably others I'm missing.\n\nWe could probably write up the guide and illustrate with a few bad\/better\/best examples.",
                "title": "#6229 Document style for notes",
                "footer": "<https:\/\/github.com\/mdn\/browser-compat-data|mdn\/browser-compat-data>",
                "id": 1,
                "title_link": "https:\/\/github.com\/mdn\/browser-compat-data\/issues\/6229",
                "author_link": "https:\/\/github.com\/ddbeck",
                "author_icon": "https:\/\/avatars2.githubusercontent.com\/u\/64103?v=4",
                "footer_icon": "https:\/\/github.githubassets.com\/favicon.ico",
                "ts": 1591036118,
                "color": "36a64f",
                "fields": [
                    {
                        "title": "Labels",
                        "value": "docs :writing_hand:",
                        "short": true
                    }
                ],
                "mrkdwn_in": [
                    "text"
                ],
                "bot_id": "BU8U6P6AH",
                "app_unfurl_url": "https:\/\/github.com\/mdn\/browser-compat-data\/issues\/6229",
                "is_app_unfurl": true
            }
        ],
        "blocks": [
            {
                "type": "rich_text",
                "block_id": "EfNp",
                "elements": [
                    {
                        "type": "rich_text_section",
                        "elements": [
                            {
                                "type": "link",
                                "url": "https:\/\/github.com\/mdn\/browser-compat-data\/issues\/6229"
                            }
                        ]
                    }
                ]
            }
        ],
        "thread_ts": "1591220702.335400",
        "parent_user_id": "U011GCVJFQF"
    },
    {
        "client_msg_id": "e0845c58-f84d-4860-81ff-7563d7b72610",
        "type": "message",
        "text": "<https:\/\/github.com\/mdn\/browser-compat-data#mdn-browser-compat-data>",
        "user": "U011GCVJFQF",
        "ts": "1591220724.335800",
        "team": "TKFJE6LDR",
        "user_team": "TKFJE6LDR",
        "source_team": "TKFJE6LDR",
        "user_profile": {
            "avatar_hash": "5859193991fb",
            "image_72": "https:\/\/avatars.slack-edge.com\/2020-04-16\/1066602100115_5859193991fb4bbebcdf_72.png",
            "first_name": "",
            "real_name": "Daniel Beck",
            "display_name": "Daniel Beck",
            "team": "TKFJE6LDR",
            "name": "daniel",
            "is_restricted": false,
            "is_ultra_restricted": false
        },
        "attachments": [
            {
                "fallback": "mdn\/browser-compat-data",
                "text": "This repository contains compatibility data for Web technologies as displayed on MDN",
                "title": "mdn\/browser-compat-data",
                "footer": "<https:\/\/github.com\/mdn\/browser-compat-data|mdn\/browser-compat-data>",
                "id": 1,
                "footer_icon": "https:\/\/github.githubassets.com\/favicon.ico",
                "ts": 1459277407,
                "color": "24292f",
                "fields": [
                    {
                        "title": "Website",
                        "value": "<https:\/\/developer.mozilla.org>",
                        "short": true
                    },
                    {
                        "title": "Stars",
                        "value": "2738",
                        "short": true
                    }
                ],
                "mrkdwn_in": [
                    "text",
                    "fields"
                ],
                "bot_id": "BU8U6P6AH",
                "app_unfurl_url": "https:\/\/github.com\/mdn\/browser-compat-data#mdn-browser-compat-data",
                "is_app_unfurl": true
            }
        ],
        "blocks": [
            {
                "type": "rich_text",
                "block_id": "wAV",
                "elements": [
                    {
                        "type": "rich_text_section",
                        "elements": [
                            {
                                "type": "link",
                                "url": "https:\/\/github.com\/mdn\/browser-compat-data#mdn-browser-compat-data"
                            }
                        ]
                    }
                ]
            }
        ],
        "thread_ts": "1591220702.335400",
        "parent_user_id": "U011GCVJFQF"
    },
    {
        "client_msg_id": "604250b9-8d0d-43af-945f-259955a3bdc7",
        "type": "message",
        "text": "That's excellent! I'll definitely take a look when I do some deeper revisions on the template this weekend!",
        "user": "U012KCMPP0V",
        "ts": "1591220743.336100",
        "team": "TKFJE6LDR",
        "user_team": "TKFJE6LDR",
        "source_team": "TKFJE6LDR",
        "user_profile": {
            "avatar_hash": "b26729f0b5f2",
            "image_72": "https:\/\/avatars.slack-edge.com\/2020-04-27\/1089031639347_b26729f0b5f2375494a1_72.png",
            "first_name": "Alyssa",
            "real_name": "Alyssa",
            "display_name": "Alyssa",
            "team": "TKFJE6LDR",
            "name": "alyssa.rock.biz",
            "is_restricted": false,
            "is_ultra_restricted": false
        },
        "blocks": [
            {
                "type": "rich_text",
                "block_id": "yTk0Q",
                "elements": [
                    {
                        "type": "rich_text_section",
                        "elements": [
                            {
                                "type": "text",
                                "text": "That's excellent! I'll definitely take a look when I do some deeper revisions on the template this weekend!"
                            }
                        ]
                    }
                ]
            }
        ],
        "thread_ts": "1591220702.335400",
        "parent_user_id": "U011GCVJFQF"
    },
    {
        "client_msg_id": "a6163cfa-9b39-4814-a916-6d470cf6246b",
        "type": "message",
        "text": "Hi, everyone! As Daniel mentioned, I have created a first draft in Google Docs for a possible style guide template that I would love to get some early feedback on: <https:\/\/docs.google.com\/document\/d\/1HxtaiayAJZvF0ZfNjLvRH3vYMvGTEki_TK8hFilQNJ0\/edit?usp=sharing>\n\nA couple of things that came out of the meeting today when we discussed this template:\n• Pay particular attention on the Preferred Style Guide section. In today's meeting, we talked about how this section needs to make it clear that you should mostly refer to the default style guide of your choice for matters of style and that the project style guide is just a supplement. I can work on that phrasing. However, if someone else wants to offer suggestions that would be welcome too!\n• <@UL2AA1FF1> mentioned that we should add a section about accessibility rules. For example, it could recommend adding alt tags to images and other general guidelines for accessible writing.\n• In the Glossary of Preferred Terms, <@UKTGLQNGG> talked about the possibility of importing lexicons from other projects, which sounded like an interesting idea. <@UL2AA1FF1> also mentioned that another possibility is to link to the word lists from other style guides, then simply list any overriding preferred terms or exceptions in this style guide.\n• For the Topic Types and Templates section and the General Writing Tips section, we could maybe explore a content reusability solution or some way of importing the content from other templates in the Good Docs project to list them here.\n• Feel free to suggest any additional content or changes to phrasing as needed.\nThank you!",
        "user": "U012KCMPP0V",
        "ts": "1591221150.342000",
        "team": "TKFJE6LDR",
        "user_team": "TKFJE6LDR",
        "source_team": "TKFJE6LDR",
        "user_profile": {
            "avatar_hash": "b26729f0b5f2",
            "image_72": "https:\/\/avatars.slack-edge.com\/2020-04-27\/1089031639347_b26729f0b5f2375494a1_72.png",
            "first_name": "Alyssa",
            "real_name": "Alyssa",
            "display_name": "Alyssa",
            "team": "TKFJE6LDR",
            "name": "alyssa.rock.biz",
            "is_restricted": false,
            "is_ultra_restricted": false
        },
        "blocks": [
            {
                "type": "rich_text",
                "block_id": "Olk",
                "elements": [
                    {
                        "type": "rich_text_section",
                        "elements": [
                            {
                                "type": "text",
                                "text": "Hi, everyone! As Daniel mentioned, I have created a first draft in Google Docs for a possible style guide template that I would love to get some early feedback on: "
                            },
                            {
                                "type": "link",
                                "url": "https:\/\/docs.google.com\/document\/d\/1HxtaiayAJZvF0ZfNjLvRH3vYMvGTEki_TK8hFilQNJ0\/edit?usp=sharing"
                            },
                            {
                                "type": "text",
                                "text": "\n\nA couple of things that came out of the meeting today when we discussed this template:\n"
                            }
                        ]
                    },
                    {
                        "type": "rich_text_list",
                        "elements": [
                            {
                                "type": "rich_text_section",
                                "elements": [
                                    {
                                        "type": "text",
                                        "text": "Pay particular attention on the Preferred Style Guide section. In today's meeting, we talked about how this section needs to make it clear that you should mostly refer to the default style guide of your choice for matters of style and that the project style guide is just a supplement. I can work on that phrasing. However, if someone else wants to offer suggestions that would be welcome too!"
                                    }
                                ]
                            },
                            {
                                "type": "rich_text_section",
                                "elements": [
                                    {
                                        "type": "user",
                                        "user_id": "UL2AA1FF1"
                                    },
                                    {
                                        "type": "text",
                                        "text": " mentioned that we should add a section about accessibility rules. For example, it could recommend adding alt tags to images and other general guidelines for accessible writing."
                                    }
                                ]
                            },
                            {
                                "type": "rich_text_section",
                                "elements": [
                                    {
                                        "type": "text",
                                        "text": "In the Glossary of Preferred Terms, "
                                    },
                                    {
                                        "type": "user",
                                        "user_id": "UKTGLQNGG"
                                    },
                                    {
                                        "type": "text",
                                        "text": " talked about the possibility of importing lexicons from other projects, which sounded like an interesting idea. "
                                    },
                                    {
                                        "type": "user",
                                        "user_id": "UL2AA1FF1"
                                    },
                                    {
                                        "type": "text",
                                        "text": " also mentioned that another possibility is to link to the word lists from other style guides, then simply list any overriding preferred terms or exceptions in this style guide."
                                    }
                                ]
                            },
                            {
                                "type": "rich_text_section",
                                "elements": [
                                    {
                                        "type": "text",
                                        "text": "For the Topic Types and Templates section and the General Writing Tips section, we could maybe explore a content reusability solution or some way of importing the content from other templates in the Good Docs project to list them here."
                                    }
                                ]
                            },
                            {
                                "type": "rich_text_section",
                                "elements": [
                                    {
                                        "type": "text",
                                        "text": "Feel free to suggest any additional content or changes to phrasing as needed."
                                    }
                                ]
                            }
                        ],
                        "style": "bullet",
                        "indent": 0
                    },
                    {
                        "type": "rich_text_section",
                        "elements": [
                            {
                                "type": "text",
                                "text": "\nThank you!"
                            }
                        ]
                    }
                ]
            }
        ],
        "thread_ts": "1591221150.342000",
        "reply_count": 4,
        "reply_users_count": 3,
        "latest_reply": "1591231009.343600",
        "reply_users": [
            "UL2AA1FF1",
            "UKVC4NB71",
            "UKV4ZPEFQ"
        ],
        "replies": [
            {
                "user": "UL2AA1FF1",
                "ts": "1591222109.342400"
            },
            {
                "user": "UKVC4NB71",
                "ts": "1591223429.342700"
            },
            {
                "user": "UKVC4NB71",
                "ts": "1591223584.343100"
            },
            {
                "user": "UKV4ZPEFQ",
                "ts": "1591231009.343600"
            }
        ],
        "subscribed": true,
        "last_read": "1591231009.343600",
        "reactions": [
            {
                "name": "star",
                "users": [
                    "U011GCVJFQF",
                    "UL2AA1FF1",
                    "UKTGLQNGG",
                    "UKVC4NB71",
                    "UKV4ZPEFQ",
                    "U0149891D4J"
                ],
                "count": 6
            }
        ]
    },
    {
        "client_msg_id": "9bd72b99-4870-45d8-a1c0-1c8e883ca6be",
        "type": "message",
        "text": "thank you so much for working on this!",
        "user": "UL2AA1FF1",
        "ts": "1591222109.342400",
        "team": "TKFJE6LDR",
        "user_team": "TKFJE6LDR",
        "source_team": "TKFJE6LDR",
        "user_profile": {
            "avatar_hash": "22135067b36d",
            "image_72": "https:\/\/avatars.slack-edge.com\/2019-10-23\/805254797908_22135067b36dfb715e99_72.jpg",
            "first_name": "",
            "real_name": "Erin McKean",
            "display_name": "Erin McKean",
            "team": "TKFJE6LDR",
            "name": "emckean",
            "is_restricted": false,
            "is_ultra_restricted": false
        },
        "blocks": [
            {
                "type": "rich_text",
                "block_id": "WXYtk",
                "elements": [
                    {
                        "type": "rich_text_section",
                        "elements": [
                            {
                                "type": "text",
                                "text": "thank you so much for working on this!"
                            }
                        ]
                    }
                ]
            }
        ],
        "thread_ts": "1591221150.342000",
        "parent_user_id": "U012KCMPP0V"
    },
    {
        "client_msg_id": "ea37024e-9466-4abe-aaa5-178b9008570a",
        "type": "message",
        "text": "I really love the guidelines in <https:\/\/developers.google.com\/style\/accessibility> for writing accessible documentation.",
        "user": "UKVC4NB71",
        "ts": "1591223429.342700",
        "team": "TKFJE6LDR",
        "user_team": "TKFJE6LDR",
        "source_team": "TKFJE6LDR",
        "user_profile": {
            "avatar_hash": "c7d9788d4436",
            "image_72": "https:\/\/avatars.slack-edge.com\/2019-10-30\/814314609877_c7d9788d4436969613a7_72.jpg",
            "first_name": "Jared",
            "real_name": "Jared Morgan",
            "display_name": "jaredmorgs",
            "team": "TKFJE6LDR",
            "name": "jaredleonmorgan",
            "is_restricted": false,
            "is_ultra_restricted": false
        },
        "attachments": [
            {
                "service_name": "Google Developers",
                "title": "Writing accessible documentation",
                "title_link": "https:\/\/developers.google.com\/style\/accessibility",
                "fallback": "Google Developers: Writing accessible documentation",
                "image_url": "https:\/\/www.gstatic.com\/devrel-devsite\/prod\/vbbb6dd37c071e57dbfce1249762e4d342b93b36af15e7676b1059db22e43eb43\/developers\/images\/opengraph\/indigo.png",
                "image_width": 476,
                "image_height": 250,
                "from_url": "https:\/\/developers.google.com\/style\/accessibility",
                "image_bytes": 62535,
                "service_icon": "https:\/\/www.gstatic.com\/devrel-devsite\/prod\/vbbb6dd37c071e57dbfce1249762e4d342b93b36af15e7676b1059db22e43eb43\/developers\/images\/touchicon-180.png",
                "id": 1,
                "original_url": "https:\/\/developers.google.com\/style\/accessibility"
            }
        ],
        "blocks": [
            {
                "type": "rich_text",
                "block_id": "ibUi",
                "elements": [
                    {
                        "type": "rich_text_section",
                        "elements": [
                            {
                                "type": "text",
                                "text": "I really love the guidelines in "
                            },
                            {
                                "type": "link",
                                "url": "https:\/\/developers.google.com\/style\/accessibility"
                            },
                            {
                                "type": "text",
                                "text": " for writing accessible documentation."
                            }
                        ]
                    }
                ]
            }
        ],
        "thread_ts": "1591221150.342000",
        "parent_user_id": "U012KCMPP0V",
        "reactions": [
            {
                "name": "heavy_plus_sign",
                "users": [
                    "UL2AA1FF1"
                ],
                "count": 1
            }
        ]
    },
    {
        "client_msg_id": "7d88b3b3-b406-4a94-8272-d35a80caa567",
        "type": "message",
        "text": "This style guide is exhaustive and you can lint against it using `vale` .",
        "user": "UKVC4NB71",
        "ts": "1591223584.343100",
        "team": "TKFJE6LDR",
        "user_team": "TKFJE6LDR",
        "source_team": "TKFJE6LDR",
        "user_profile": {
            "avatar_hash": "c7d9788d4436",
            "image_72": "https:\/\/avatars.slack-edge.com\/2019-10-30\/814314609877_c7d9788d4436969613a7_72.jpg",
            "first_name": "Jared",
            "real_name": "Jared Morgan",
            "display_name": "jaredmorgs",
            "team": "TKFJE6LDR",
            "name": "jaredleonmorgan",
            "is_restricted": false,
            "is_ultra_restricted": false
        },
        "blocks": [
            {
                "type": "rich_text",
                "block_id": "VcnV",
                "elements": [
                    {
                        "type": "rich_text_section",
                        "elements": [
                            {
                                "type": "text",
                                "text": "This style guide is exhaustive and you can lint against it using "
                            },
                            {
                                "type": "text",
                                "text": "vale",
                                "style": {
                                    "code": true
                                }
                            },
                            {
                                "type": "text",
                                "text": " ."
                            }
                        ]
                    }
                ]
            }
        ],
        "thread_ts": "1591221150.342000",
        "parent_user_id": "U012KCMPP0V",
        "reactions": [
            {
                "name": "100",
                "users": [
                    "UL2AA1FF1"
                ],
                "count": 1
            }
        ]
    },
    {
        "client_msg_id": "a2d457cf-50e6-4dc2-91d7-0dbd9a61e3fa",
        "type": "message",
        "text": "<@U012KCMPP0V> Thank so much! Love it. I added a few comments. Nothing major.",
        "user": "UKV4ZPEFQ",
        "ts": "1591231009.343600",
        "team": "TKFJE6LDR",
        "user_team": "TKFJE6LDR",
        "source_team": "TKFJE6LDR",
        "user_profile": {
            "avatar_hash": "g854c628ef64",
            "image_72": "https:\/\/secure.gravatar.com\/avatar\/6854c628ef64a4c129a994522e17cdf2.jpg?s=72&d=https%3A%2F%2Fa.slack-edge.com%2Fdf10d%2Fimg%2Favatars%2Fava_0007-72.png",
            "first_name": "felicitybrand",
            "real_name": "felicitybrand",
            "display_name": "flicstar",
            "team": "TKFJE6LDR",
            "name": "felicitybrand",
            "is_restricted": false,
            "is_ultra_restricted": false
        },
        "blocks": [
            {
                "type": "rich_text",
                "block_id": "zlgs",
                "elements": [
                    {
                        "type": "rich_text_section",
                        "elements": [
                            {
                                "type": "user",
                                "user_id": "U012KCMPP0V"
                            },
                            {
                                "type": "text",
                                "text": " Thank so much! Love it. I added a few comments. Nothing major."
                            }
                        ]
                    }
                ]
            }
        ],
        "thread_ts": "1591221150.342000",
        "parent_user_id": "U012KCMPP0V"
    }
]