[
    {
        "client_msg_id": "5c3b0d86-ed86-4ac8-99c5-b8eb97f9fdd4",
        "type": "message",
        "text": "<https:\/\/idratherbewriting.com\/blog\/doc-suite-checklist\/|https:\/\/idratherbewriting.com\/blog\/doc-suite-checklist\/> is all about different types of API documentation",
        "user": "UKVC4NB71",
        "ts": "1582663789.000700",
        "team": "TKFJE6LDR",
        "user_team": "TKFJE6LDR",
        "source_team": "TKFJE6LDR",
        "user_profile": {
            "avatar_hash": "c7d9788d4436",
            "image_72": "https:\/\/avatars.slack-edge.com\/2019-10-30\/814314609877_c7d9788d4436969613a7_72.jpg",
            "first_name": "Jared",
            "real_name": "Jared Morgan",
            "display_name": "jaredmorgs",
            "team": "TKFJE6LDR",
            "name": "jaredleonmorgan",
            "is_restricted": false,
            "is_ultra_restricted": false
        },
        "attachments": [
            {
                "service_name": "I’d Rather Be Writing",
                "title": "Checklist of different types of API docs",
                "title_link": "https:\/\/idratherbewriting.com\/blog\/doc-suite-checklist\/",
                "text": "In your reading for the week, check out The Ideal Documentation Suite for Software Developers, by Gustafson. In this article, Paul answers the question, What does Expert Support recommend for the contents of an ideal documentation suite for software targeted at software developers?",
                "fallback": "I’d Rather Be Writing: Checklist of different types of API docs",
                "ts": 1582617600,
                "from_url": "https:\/\/idratherbewriting.com\/blog\/doc-suite-checklist\/",
                "service_icon": "http:\/\/idratherbewriting.com\/favicon.ico",
                "id": 1,
                "original_url": "https:\/\/idratherbewriting.com\/blog\/doc-suite-checklist\/"
            }
        ],
        "blocks": [
            {
                "type": "rich_text",
                "block_id": "HVu",
                "elements": [
                    {
                        "type": "rich_text_section",
                        "elements": [
                            {
                                "type": "link",
                                "url": "https:\/\/idratherbewriting.com\/blog\/doc-suite-checklist\/",
                                "text": "https:\/\/idratherbewriting.com\/blog\/doc-suite-checklist\/"
                            },
                            {
                                "type": "text",
                                "text": " is all about different types of API documentation"
                            }
                        ]
                    }
                ]
            }
        ],
        "reactions": [
            {
                "name": "heavy_plus_sign",
                "users": [
                    "UL2AA1FF1"
                ],
                "count": 1
            }
        ]
    },
    {
        "client_msg_id": "f4646b9f-a5af-4ef2-ace5-382e72714ab8",
        "type": "message",
        "text": "<@UKVC4NB71> I'm missing your point about how the realms referenced in <https:\/\/www.divio.com\/blog\/documentation\/> and <https:\/\/expertsupport.com\/2020\/02\/the-ideal-documentation-suite-for-software-developers\/> are different? The only difference I see is \"How-to Guide\" has been relabelled to \"Guides\".\nHowever, I think you might be onto something with your \"realm\" concept - which I assume would align with a \"master template\"?\nWhat I'm wrestling with internally is whether there is sufficient difference between a Guide and Tutorial to justify a separate master template for each - I suspect they can share the same structure, with sections which are included or not depending on length.",
        "user": "UKTGLQNGG",
        "ts": "1582667149.001000",
        "team": "TKFJE6LDR",
        "user_team": "TKFJE6LDR",
        "source_team": "TKFJE6LDR",
        "user_profile": {
            "avatar_hash": "ge03fcb118b0",
            "image_72": "https:\/\/secure.gravatar.com\/avatar\/9e03fcb118b0853a3fedfdee2367779d.jpg?s=72&d=https%3A%2F%2Fa.slack-edge.com%2Fdf10d%2Fimg%2Favatars%2Fava_0021-72.png",
            "first_name": "Cameron",
            "real_name": "Cameron Shorter",
            "display_name": "cameronshorter",
            "team": "TKFJE6LDR",
            "name": "cameron.shorter",
            "is_restricted": false,
            "is_ultra_restricted": false
        },
        "attachments": [
            {
                "title": "              What nobody tells you about documentation -  Blog - Divio          ",
                "title_link": "https:\/\/www.divio.com\/blog\/documentation\/",
                "text": "However hard you work on documentation, it won't work for your software - unless you do it the right way.",
                "fallback": "              What nobody tells you about documentation -  Blog - Divio          ",
                "from_url": "https:\/\/www.divio.com\/blog\/documentation\/",
                "service_icon": "https:\/\/www.divio.com\/static\/apple-icon-180x180.66545591f7b5.png",
                "service_name": "divio.com",
                "id": 1,
                "original_url": "https:\/\/www.divio.com\/blog\/documentation\/"
            },
            {
                "service_name": "ExpertSupport.com",
                "title": "The Ideal Documentation Suite for Software Developers | Expert Support | Pro Tech Writers",
                "title_link": "https:\/\/expertsupport.com\/2020\/02\/the-ideal-documentation-suite-for-software-developers\/",
                "text": "We provide technical communication services on a project, contingent staffing, or temp-to-perm basis. Software developer docs are our specialty.",
                "fallback": "ExpertSupport.com: The Ideal Documentation Suite for Software Developers | Expert Support | Pro Tech Writers",
                "image_url": "https:\/\/expertsupport.com\/wp-content\/uploads\/2020\/02\/blue-hand-w-light-full-02.png",
                "image_width": 230,
                "image_height": 250,
                "ts": 1582160501,
                "from_url": "https:\/\/expertsupport.com\/2020\/02\/the-ideal-documentation-suite-for-software-developers\/",
                "image_bytes": 26123,
                "service_icon": "https:\/\/expertsupport.com\/wp-content\/themes\/Builder-Summit-XS-custom\/images\/favicon.ico",
                "id": 2,
                "original_url": "https:\/\/expertsupport.com\/2020\/02\/the-ideal-documentation-suite-for-software-developers\/"
            }
        ],
        "blocks": [
            {
                "type": "rich_text",
                "block_id": "jJno",
                "elements": [
                    {
                        "type": "rich_text_section",
                        "elements": [
                            {
                                "type": "user",
                                "user_id": "UKVC4NB71"
                            },
                            {
                                "type": "text",
                                "text": " I'm missing your point about how the realms referenced in "
                            },
                            {
                                "type": "link",
                                "url": "https:\/\/www.divio.com\/blog\/documentation\/"
                            },
                            {
                                "type": "text",
                                "text": " and "
                            },
                            {
                                "type": "link",
                                "url": "https:\/\/expertsupport.com\/2020\/02\/the-ideal-documentation-suite-for-software-developers\/"
                            },
                            {
                                "type": "text",
                                "text": " are different? The only difference I see is \"How-to Guide\" has been relabelled to \"Guides\".\nHowever, I think you might be onto something with your \"realm\" concept - which I assume would align with a \"master template\"?\nWhat I'm wrestling with internally is whether there is sufficient difference between a Guide and Tutorial to justify a separate master template for each - I suspect they can share the same structure, with sections which are included or not depending on length."
                            }
                        ]
                    }
                ]
            }
        ],
        "thread_ts": "1582583735.002500",
        "parent_user_id": "UKVC4NB71"
    },
    {
        "client_msg_id": "ebc838f0-51e0-44c2-87a5-b3753dd87a54",
        "type": "message",
        "text": "Our weekly rolling meeting starts here in 14 hours. (6:30am Sydney time, then 9pm Sydney time). Whatever that converts to in your timezone: <https:\/\/www.timeanddate.com\/worldclock\/meetingdetails.html?year=2020&amp;hour=19&amp;min=30&amp;sec=0&amp;p1=47&amp;p2=240&amp;p3=136&amp;p4=195&amp;p5=111&amp;p6=224&amp;p7=179>",
        "user": "UKTGLQNGG",
        "ts": "1582693970.002700",
        "team": "TKFJE6LDR",
        "user_team": "TKFJE6LDR",
        "source_team": "TKFJE6LDR",
        "user_profile": {
            "avatar_hash": "ge03fcb118b0",
            "image_72": "https:\/\/secure.gravatar.com\/avatar\/9e03fcb118b0853a3fedfdee2367779d.jpg?s=72&d=https%3A%2F%2Fa.slack-edge.com%2Fdf10d%2Fimg%2Favatars%2Fava_0021-72.png",
            "first_name": "Cameron",
            "real_name": "Cameron Shorter",
            "display_name": "cameronshorter",
            "team": "TKFJE6LDR",
            "name": "cameron.shorter",
            "is_restricted": false,
            "is_ultra_restricted": false
        },
        "attachments": [
            {
                "title": "The World Clock Meeting Planner - Details",
                "title_link": "https:\/\/www.timeanddate.com\/worldclock\/meetingdetails.html?year=2020&hour=19&min=30&sec=0&p1=47&p2=240&p3=136&p4=195&p5=111&p6=224&p7=179",
                "text": "Local time for a meeting, in user selected locations.",
                "fallback": "The World Clock Meeting Planner - Details",
                "image_url": "https:\/\/c.tadst.com\/gfx\/og\/tadlogo-facebook.png",
                "from_url": "https:\/\/www.timeanddate.com\/worldclock\/meetingdetails.html?year=2020&hour=19&min=30&sec=0&p1=47&p2=240&p3=136&p4=195&p5=111&p6=224&p7=179",
                "image_width": 476,
                "image_height": 250,
                "image_bytes": 55884,
                "service_icon": "https:\/\/www.timeanddate.com\/favicon.ico",
                "service_name": "timeanddate.com",
                "id": 1,
                "original_url": "https:\/\/www.timeanddate.com\/worldclock\/meetingdetails.html?year=2020&amp;hour=19&amp;min=30&amp;sec=0&amp;p1=47&amp;p2=240&amp;p3=136&amp;p4=195&amp;p5=111&amp;p6=224&amp;p7=179"
            }
        ],
        "blocks": [
            {
                "type": "rich_text",
                "block_id": "pHl",
                "elements": [
                    {
                        "type": "rich_text_section",
                        "elements": [
                            {
                                "type": "text",
                                "text": "Our weekly rolling meeting starts here in 14 hours. (6:30am Sydney time, then 9pm Sydney time). Whatever that converts to in your timezone: "
                            },
                            {
                                "type": "link",
                                "url": "https:\/\/www.timeanddate.com\/worldclock\/meetingdetails.html?year=2020&hour=19&min=30&sec=0&p1=47&p2=240&p3=136&p4=195&p5=111&p6=224&p7=179"
                            }
                        ]
                    }
                ]
            }
        ]
    },
    {
        "client_msg_id": "579594b8-6fdd-4aa0-89c7-135cc33e3d6b",
        "type": "message",
        "text": "Then <https:\/\/www.timeanddate.com\/worldclock\/meetingdetails.html?year=2020&amp;month=2&amp;day=27&amp;hour=10&amp;min=0&amp;sec=0&amp;p1=47&amp;p2=240&amp;p3=136&amp;p4=195&amp;p5=111&amp;p6=224&amp;p7=179>",
        "user": "UKTGLQNGG",
        "ts": "1582694126.003000",
        "team": "TKFJE6LDR",
        "user_team": "TKFJE6LDR",
        "source_team": "TKFJE6LDR",
        "user_profile": {
            "avatar_hash": "ge03fcb118b0",
            "image_72": "https:\/\/secure.gravatar.com\/avatar\/9e03fcb118b0853a3fedfdee2367779d.jpg?s=72&d=https%3A%2F%2Fa.slack-edge.com%2Fdf10d%2Fimg%2Favatars%2Fava_0021-72.png",
            "first_name": "Cameron",
            "real_name": "Cameron Shorter",
            "display_name": "cameronshorter",
            "team": "TKFJE6LDR",
            "name": "cameron.shorter",
            "is_restricted": false,
            "is_ultra_restricted": false
        },
        "attachments": [
            {
                "title": "The World Clock Meeting Planner - Details",
                "title_link": "https:\/\/www.timeanddate.com\/worldclock\/meetingdetails.html?year=2020&month=2&day=27&hour=10&min=0&sec=0&p1=47&p2=240&p3=136&p4=195&p5=111&p6=224&p7=179",
                "text": "Local time for a meeting, in user selected locations.",
                "fallback": "The World Clock Meeting Planner - Details",
                "image_url": "https:\/\/c.tadst.com\/gfx\/og\/tadlogo-facebook.png",
                "from_url": "https:\/\/www.timeanddate.com\/worldclock\/meetingdetails.html?year=2020&month=2&day=27&hour=10&min=0&sec=0&p1=47&p2=240&p3=136&p4=195&p5=111&p6=224&p7=179",
                "image_width": 476,
                "image_height": 250,
                "image_bytes": 55884,
                "service_icon": "https:\/\/www.timeanddate.com\/favicon.ico",
                "service_name": "timeanddate.com",
                "id": 1,
                "original_url": "https:\/\/www.timeanddate.com\/worldclock\/meetingdetails.html?year=2020&amp;month=2&amp;day=27&amp;hour=10&amp;min=0&amp;sec=0&amp;p1=47&amp;p2=240&amp;p3=136&amp;p4=195&amp;p5=111&amp;p6=224&amp;p7=179"
            }
        ],
        "blocks": [
            {
                "type": "rich_text",
                "block_id": "aZsw9",
                "elements": [
                    {
                        "type": "rich_text_section",
                        "elements": [
                            {
                                "type": "text",
                                "text": "Then "
                            },
                            {
                                "type": "link",
                                "url": "https:\/\/www.timeanddate.com\/worldclock\/meetingdetails.html?year=2020&month=2&day=27&hour=10&min=0&sec=0&p1=47&p2=240&p3=136&p4=195&p5=111&p6=224&p7=179"
                            }
                        ]
                    }
                ]
            }
        ]
    }
]