[
    {
        "client_msg_id": "B818B0A8-C226-4CAB-BE61-41E3BF79E638",
        "type": "message",
        "text": "My apologies for the meeting tonight. The timeslot would normally be good for me but I’ve had a helluva day and am going to retire with a cup of warm Milo.",
        "user": "UKV4ZPEFQ",
        "ts": "1591780688.369900",
        "team": "TKFJE6LDR",
        "user_team": "TKFJE6LDR",
        "source_team": "TKFJE6LDR",
        "user_profile": {
            "avatar_hash": "g854c628ef64",
            "image_72": "https:\/\/secure.gravatar.com\/avatar\/6854c628ef64a4c129a994522e17cdf2.jpg?s=72&d=https%3A%2F%2Fa.slack-edge.com%2Fdf10d%2Fimg%2Favatars%2Fava_0007-72.png",
            "first_name": "felicitybrand",
            "real_name": "felicitybrand",
            "display_name": "flicstar",
            "team": "TKFJE6LDR",
            "name": "felicitybrand",
            "is_restricted": false,
            "is_ultra_restricted": false
        },
        "blocks": [
            {
                "type": "rich_text",
                "block_id": "Kwk5",
                "elements": [
                    {
                        "type": "rich_text_section",
                        "elements": [
                            {
                                "type": "text",
                                "text": "My apologies for the meeting tonight. The timeslot would normally be good for me but I’ve had a helluva day and am going to retire with a cup of warm Milo."
                            }
                        ]
                    }
                ]
            }
        ],
        "thread_ts": "1591780688.369900",
        "reply_count": 2,
        "reply_users_count": 2,
        "latest_reply": "1591782645.370200",
        "reply_users": [
            "UKTGLQNGG",
            "U014V7JDGPM"
        ],
        "replies": [
            {
                "user": "UKTGLQNGG",
                "ts": "1591780807.370000"
            },
            {
                "user": "U014V7JDGPM",
                "ts": "1591782645.370200"
            }
        ],
        "subscribed": true,
        "last_read": "1591782645.370200"
    },
    {
        "client_msg_id": "fbf1f284-5783-4f86-a6f7-44469e5f7073",
        "type": "message",
        "text": "Ok, we'll miss you.  Sleep well.",
        "user": "UKTGLQNGG",
        "ts": "1591780807.370000",
        "team": "TKFJE6LDR",
        "user_team": "TKFJE6LDR",
        "source_team": "TKFJE6LDR",
        "user_profile": {
            "avatar_hash": "ge03fcb118b0",
            "image_72": "https:\/\/secure.gravatar.com\/avatar\/9e03fcb118b0853a3fedfdee2367779d.jpg?s=72&d=https%3A%2F%2Fa.slack-edge.com%2Fdf10d%2Fimg%2Favatars%2Fava_0021-72.png",
            "first_name": "Cameron",
            "real_name": "Cameron Shorter",
            "display_name": "cameronshorter",
            "team": "TKFJE6LDR",
            "name": "cameron.shorter",
            "is_restricted": false,
            "is_ultra_restricted": false
        },
        "blocks": [
            {
                "type": "rich_text",
                "block_id": "pJlWZ",
                "elements": [
                    {
                        "type": "rich_text_section",
                        "elements": [
                            {
                                "type": "text",
                                "text": "Ok, we'll miss you.  Sleep well."
                            }
                        ]
                    }
                ]
            }
        ],
        "thread_ts": "1591780688.369900",
        "parent_user_id": "UKV4ZPEFQ"
    },
    {
        "client_msg_id": "d8164bd6-4f15-4a90-9bb7-e53de4ccb0c6",
        "type": "message",
        "text": "Oh I miss Milo",
        "user": "U014V7JDGPM",
        "ts": "1591782645.370200",
        "team": "TKFJE6LDR",
        "user_team": "TKFJE6LDR",
        "source_team": "TKFJE6LDR",
        "user_profile": {
            "avatar_hash": "g35a44b69ae5",
            "image_72": "https:\/\/secure.gravatar.com\/avatar\/35a44b69ae5c2c1d250216f8ccc9d67c.jpg?s=72&d=https%3A%2F%2Fa.slack-edge.com%2Fdf10d%2Fimg%2Favatars%2Fava_0019-72.png",
            "first_name": "",
            "real_name": "ChrisChinchilla",
            "display_name": "ChrisChinchilla",
            "team": "TKFJE6LDR",
            "name": "chris",
            "is_restricted": false,
            "is_ultra_restricted": false
        },
        "blocks": [
            {
                "type": "rich_text",
                "block_id": "Usv",
                "elements": [
                    {
                        "type": "rich_text_section",
                        "elements": [
                            {
                                "type": "text",
                                "text": "Oh I miss Milo"
                            }
                        ]
                    }
                ]
            }
        ],
        "thread_ts": "1591780688.369900",
        "parent_user_id": "UKV4ZPEFQ"
    },
    {
        "client_msg_id": "acacfed8-94b5-4b76-8e06-95513f7da153",
        "type": "message",
        "text": "AU\/EU friendly meeting starting now <https:\/\/meet.google.com\/nuj-qvxw-vvt?authuser=0>",
        "user": "UKTGLQNGG",
        "ts": "1591784936.370600",
        "team": "TKFJE6LDR",
        "user_team": "TKFJE6LDR",
        "source_team": "TKFJE6LDR",
        "user_profile": {
            "avatar_hash": "ge03fcb118b0",
            "image_72": "https:\/\/secure.gravatar.com\/avatar\/9e03fcb118b0853a3fedfdee2367779d.jpg?s=72&d=https%3A%2F%2Fa.slack-edge.com%2Fdf10d%2Fimg%2Favatars%2Fava_0021-72.png",
            "first_name": "Cameron",
            "real_name": "Cameron Shorter",
            "display_name": "cameronshorter",
            "team": "TKFJE6LDR",
            "name": "cameron.shorter",
            "is_restricted": false,
            "is_ultra_restricted": false
        },
        "attachments": [
            {
                "title": "Meet",
                "title_link": "https:\/\/meet.google.com\/nuj-qvxw-vvt?authuser=0",
                "text": "Real-time meetings by Google. Using your browser, share your video, desktop, and presentations with teammates and customers.",
                "fallback": "Meet",
                "thumb_url": "https:\/\/www.gstatic.com\/images\/branding\/product\/2x\/meet_96dp.png",
                "from_url": "https:\/\/meet.google.com\/nuj-qvxw-vvt?authuser=0",
                "thumb_width": 192,
                "thumb_height": 192,
                "service_icon": "http:\/\/www.gstatic.com\/images\/branding\/product\/1x\/meet_16dp.png",
                "service_name": "meet.google.com",
                "id": 1,
                "original_url": "https:\/\/meet.google.com\/nuj-qvxw-vvt?authuser=0"
            }
        ],
        "blocks": [
            {
                "type": "rich_text",
                "block_id": "fZgT",
                "elements": [
                    {
                        "type": "rich_text_section",
                        "elements": [
                            {
                                "type": "text",
                                "text": "AU\/EU friendly meeting starting now "
                            },
                            {
                                "type": "link",
                                "url": "https:\/\/meet.google.com\/nuj-qvxw-vvt?authuser=0"
                            }
                        ]
                    }
                ]
            }
        ]
    }
]