[
    {
        "client_msg_id": "bf13e0a0-5832-46e3-bfd9-4ea4e7b30224",
        "type": "message",
        "text": "Hey <@UL2AA1FF1>, did you manage to talk with Daniel D. Beck about his doc checklist? <https:\/\/deleteyourcontent.com\/|https:\/\/deleteyourcontent.com\/>",
        "user": "UKTGLQNGG",
        "ts": "1586764517.055800",
        "team": "TKFJE6LDR",
        "user_team": "TKFJE6LDR",
        "source_team": "TKFJE6LDR",
        "user_profile": {
            "avatar_hash": "ge03fcb118b0",
            "image_72": "https:\/\/secure.gravatar.com\/avatar\/9e03fcb118b0853a3fedfdee2367779d.jpg?s=72&d=https%3A%2F%2Fa.slack-edge.com%2Fdf10d%2Fimg%2Favatars%2Fava_0021-72.png",
            "first_name": "Cameron",
            "real_name": "Cameron Shorter",
            "display_name": "cameronshorter",
            "team": "TKFJE6LDR",
            "name": "cameron.shorter",
            "is_restricted": false,
            "is_ultra_restricted": false
        },
        "attachments": [
            {
                "title": "Delete Your Content",
                "title_link": "https:\/\/deleteyourcontent.com\/",
                "text": "A guide to making your content stand out",
                "fallback": "Delete Your Content",
                "image_url": "https:\/\/deleteyourcontent.com\/images\/delete-your-content-social-card.png",
                "from_url": "https:\/\/deleteyourcontent.com\/",
                "image_width": 500,
                "image_height": 250,
                "image_bytes": 28328,
                "service_name": "deleteyourcontent.com",
                "id": 1,
                "original_url": "https:\/\/deleteyourcontent.com\/"
            }
        ],
        "blocks": [
            {
                "type": "rich_text",
                "block_id": "myh",
                "elements": [
                    {
                        "type": "rich_text_section",
                        "elements": [
                            {
                                "type": "text",
                                "text": "Hey "
                            },
                            {
                                "type": "user",
                                "user_id": "UL2AA1FF1"
                            },
                            {
                                "type": "text",
                                "text": ", did you manage to talk with Daniel D. Beck about his doc checklist? "
                            },
                            {
                                "type": "link",
                                "url": "https:\/\/deleteyourcontent.com\/",
                                "text": "https:\/\/deleteyourcontent.com\/"
                            }
                        ]
                    }
                ]
            }
        ]
    },
    {
        "client_msg_id": "40504895-8377-4a4a-9987-34ac7045ff9c",
        "type": "message",
        "text": "not yet! hope to get to it this week once Season of Docs org applications open :slightly_smiling_face:",
        "user": "UL2AA1FF1",
        "ts": "1586793394.056500",
        "team": "TKFJE6LDR",
        "user_team": "TKFJE6LDR",
        "source_team": "TKFJE6LDR",
        "user_profile": {
            "avatar_hash": "22135067b36d",
            "image_72": "https:\/\/avatars.slack-edge.com\/2019-10-23\/805254797908_22135067b36dfb715e99_72.jpg",
            "first_name": "",
            "real_name": "Erin McKean",
            "display_name": "Erin McKean",
            "team": "TKFJE6LDR",
            "name": "emckean",
            "is_restricted": false,
            "is_ultra_restricted": false
        },
        "blocks": [
            {
                "type": "rich_text",
                "block_id": "a1bm",
                "elements": [
                    {
                        "type": "rich_text_section",
                        "elements": [
                            {
                                "type": "text",
                                "text": "not yet! hope to get to it this week once Season of Docs org applications open "
                            },
                            {
                                "type": "emoji",
                                "name": "slightly_smiling_face"
                            }
                        ]
                    }
                ]
            }
        ],
        "thread_ts": "1586793394.056500",
        "reply_count": 7,
        "reply_users_count": 2,
        "latest_reply": "1586808975.057800",
        "reply_users": [
            "UKTGLQNGG",
            "UL2AA1FF1"
        ],
        "replies": [
            {
                "user": "UKTGLQNGG",
                "ts": "1586807126.056600"
            },
            {
                "user": "UL2AA1FF1",
                "ts": "1586807148.056800"
            },
            {
                "user": "UL2AA1FF1",
                "ts": "1586807180.057000"
            },
            {
                "user": "UKTGLQNGG",
                "ts": "1586808369.057200"
            },
            {
                "user": "UKTGLQNGG",
                "ts": "1586808401.057400"
            },
            {
                "user": "UKTGLQNGG",
                "ts": "1586808904.057600"
            },
            {
                "user": "UL2AA1FF1",
                "ts": "1586808975.057800"
            }
        ],
        "subscribed": false
    },
    {
        "client_msg_id": "539924db-ffab-4b0a-9caf-a6b2e46e2678",
        "type": "message",
        "text": "<@UL2AA1FF1>, assuming you have no objections, I’ll send a reachout email out to Daniel now.",
        "user": "UKTGLQNGG",
        "ts": "1586807126.056600",
        "team": "TKFJE6LDR",
        "user_team": "TKFJE6LDR",
        "source_team": "TKFJE6LDR",
        "user_profile": {
            "avatar_hash": "ge03fcb118b0",
            "image_72": "https:\/\/secure.gravatar.com\/avatar\/9e03fcb118b0853a3fedfdee2367779d.jpg?s=72&d=https%3A%2F%2Fa.slack-edge.com%2Fdf10d%2Fimg%2Favatars%2Fava_0021-72.png",
            "first_name": "Cameron",
            "real_name": "Cameron Shorter",
            "display_name": "cameronshorter",
            "team": "TKFJE6LDR",
            "name": "cameron.shorter",
            "is_restricted": false,
            "is_ultra_restricted": false
        },
        "blocks": [
            {
                "type": "rich_text",
                "block_id": "nbhH",
                "elements": [
                    {
                        "type": "rich_text_section",
                        "elements": [
                            {
                                "type": "user",
                                "user_id": "UL2AA1FF1"
                            },
                            {
                                "type": "text",
                                "text": ", assuming you have no objections, I’ll send a reachout email out to Daniel now."
                            }
                        ]
                    }
                ]
            }
        ],
        "thread_ts": "1586793394.056500",
        "parent_user_id": "UL2AA1FF1"
    },
    {
        "client_msg_id": "45a8d9f5-957d-478e-b542-bdf9effa7e8c",
        "type": "message",
        "text": "if you can wait on me, I may be able to offer more details around sponsorship",
        "user": "UL2AA1FF1",
        "ts": "1586807148.056800",
        "team": "TKFJE6LDR",
        "user_team": "TKFJE6LDR",
        "source_team": "TKFJE6LDR",
        "user_profile": {
            "avatar_hash": "22135067b36d",
            "image_72": "https:\/\/avatars.slack-edge.com\/2019-10-23\/805254797908_22135067b36dfb715e99_72.jpg",
            "first_name": "",
            "real_name": "Erin McKean",
            "display_name": "Erin McKean",
            "team": "TKFJE6LDR",
            "name": "emckean",
            "is_restricted": false,
            "is_ultra_restricted": false
        },
        "blocks": [
            {
                "type": "rich_text",
                "block_id": "zeDg",
                "elements": [
                    {
                        "type": "rich_text_section",
                        "elements": [
                            {
                                "type": "text",
                                "text": "if you can wait on me, I may be able to offer more details around sponsorship"
                            }
                        ]
                    }
                ]
            }
        ],
        "thread_ts": "1586793394.056500",
        "parent_user_id": "UL2AA1FF1"
    },
    {
        "client_msg_id": "3beff5db-1519-41b4-80e9-cc973ae1e0ef",
        "type": "message",
        "text": "also, he sponsored the word 'documentation' on Wordnik so I'd love for the ask to come from me if that's okay :slightly_smiling_face:",
        "user": "UL2AA1FF1",
        "ts": "1586807180.057000",
        "team": "TKFJE6LDR",
        "user_team": "TKFJE6LDR",
        "source_team": "TKFJE6LDR",
        "user_profile": {
            "avatar_hash": "22135067b36d",
            "image_72": "https:\/\/avatars.slack-edge.com\/2019-10-23\/805254797908_22135067b36dfb715e99_72.jpg",
            "first_name": "",
            "real_name": "Erin McKean",
            "display_name": "Erin McKean",
            "team": "TKFJE6LDR",
            "name": "emckean",
            "is_restricted": false,
            "is_ultra_restricted": false
        },
        "blocks": [
            {
                "type": "rich_text",
                "block_id": "Mui2",
                "elements": [
                    {
                        "type": "rich_text_section",
                        "elements": [
                            {
                                "type": "text",
                                "text": "also, he sponsored the word 'documentation' on Wordnik so I'd love for the ask to come from me if that's okay "
                            },
                            {
                                "type": "emoji",
                                "name": "slightly_smiling_face"
                            }
                        ]
                    }
                ]
            }
        ],
        "thread_ts": "1586793394.056500",
        "parent_user_id": "UL2AA1FF1"
    },
    {
        "client_msg_id": "bd613efd-fc2e-42b3-a3c6-73dc0241f92d",
        "type": "message",
        "text": "ah shit, sorry, I didn’t notice your message and just sent out the email. I’m going to need to work out how to get alerts working on slack.",
        "user": "UKTGLQNGG",
        "ts": "1586808369.057200",
        "team": "TKFJE6LDR",
        "user_team": "TKFJE6LDR",
        "source_team": "TKFJE6LDR",
        "user_profile": {
            "avatar_hash": "ge03fcb118b0",
            "image_72": "https:\/\/secure.gravatar.com\/avatar\/9e03fcb118b0853a3fedfdee2367779d.jpg?s=72&d=https%3A%2F%2Fa.slack-edge.com%2Fdf10d%2Fimg%2Favatars%2Fava_0021-72.png",
            "first_name": "Cameron",
            "real_name": "Cameron Shorter",
            "display_name": "cameronshorter",
            "team": "TKFJE6LDR",
            "name": "cameron.shorter",
            "is_restricted": false,
            "is_ultra_restricted": false
        },
        "blocks": [
            {
                "type": "rich_text",
                "block_id": "bEO",
                "elements": [
                    {
                        "type": "rich_text_section",
                        "elements": [
                            {
                                "type": "text",
                                "text": "ah shit, sorry, I didn’t notice your message and just sent out the email. I’m going to need to work out how to get alerts working on slack."
                            }
                        ]
                    }
                ]
            }
        ],
        "thread_ts": "1586793394.056500",
        "parent_user_id": "UL2AA1FF1"
    },
    {
        "client_msg_id": "2bc0e29f-333e-4e4a-b344-d32a04e4d8b9",
        "type": "message",
        "text": "I’ve CCed <@UL2AA1FF1> and <@UKVC4NB71>",
        "user": "UKTGLQNGG",
        "ts": "1586808401.057400",
        "team": "TKFJE6LDR",
        "user_team": "TKFJE6LDR",
        "source_team": "TKFJE6LDR",
        "user_profile": {
            "avatar_hash": "ge03fcb118b0",
            "image_72": "https:\/\/secure.gravatar.com\/avatar\/9e03fcb118b0853a3fedfdee2367779d.jpg?s=72&d=https%3A%2F%2Fa.slack-edge.com%2Fdf10d%2Fimg%2Favatars%2Fava_0021-72.png",
            "first_name": "Cameron",
            "real_name": "Cameron Shorter",
            "display_name": "cameronshorter",
            "team": "TKFJE6LDR",
            "name": "cameron.shorter",
            "is_restricted": false,
            "is_ultra_restricted": false
        },
        "blocks": [
            {
                "type": "rich_text",
                "block_id": "MieQ",
                "elements": [
                    {
                        "type": "rich_text_section",
                        "elements": [
                            {
                                "type": "text",
                                "text": "I’ve CCed "
                            },
                            {
                                "type": "user",
                                "user_id": "UL2AA1FF1"
                            },
                            {
                                "type": "text",
                                "text": " and "
                            },
                            {
                                "type": "user",
                                "user_id": "UKVC4NB71"
                            }
                        ]
                    }
                ]
            }
        ],
        "thread_ts": "1586793394.056500",
        "parent_user_id": "UL2AA1FF1"
    },
    {
        "client_msg_id": "6072970d-b11a-4cea-ba30-906d209f85ff",
        "type": "message",
        "text": "Ah, I’ve learned about Wordnik - apparently the person who set is up is also call Erin McKean. What a co-incidence. It links to a wikipedia article about Erin - with a photo which looks remarkably like the <@UL2AA1FF1> we know and love. How is it that I’ve known Erin for so long and hadn’t realised that she held such a title?",
        "user": "UKTGLQNGG",
        "ts": "1586808904.057600",
        "team": "TKFJE6LDR",
        "user_team": "TKFJE6LDR",
        "source_team": "TKFJE6LDR",
        "user_profile": {
            "avatar_hash": "ge03fcb118b0",
            "image_72": "https:\/\/secure.gravatar.com\/avatar\/9e03fcb118b0853a3fedfdee2367779d.jpg?s=72&d=https%3A%2F%2Fa.slack-edge.com%2Fdf10d%2Fimg%2Favatars%2Fava_0021-72.png",
            "first_name": "Cameron",
            "real_name": "Cameron Shorter",
            "display_name": "cameronshorter",
            "team": "TKFJE6LDR",
            "name": "cameron.shorter",
            "is_restricted": false,
            "is_ultra_restricted": false
        },
        "blocks": [
            {
                "type": "rich_text",
                "block_id": "7pl0",
                "elements": [
                    {
                        "type": "rich_text_section",
                        "elements": [
                            {
                                "type": "text",
                                "text": "Ah, I’ve learned about Wordnik - apparently the person who set is up is also call Erin McKean. What a co-incidence. It links to a wikipedia article about Erin - with a photo which looks remarkably like the "
                            },
                            {
                                "type": "user",
                                "user_id": "UL2AA1FF1"
                            },
                            {
                                "type": "text",
                                "text": " we know and love. How is it that I’ve known Erin for so long and hadn’t realised that she held such a title?"
                            }
                        ]
                    }
                ]
            }
        ],
        "thread_ts": "1586793394.056500",
        "parent_user_id": "UL2AA1FF1"
    },
    {
        "client_msg_id": "df8799d8-7f27-4464-9f4f-4476e527baf8",
        "type": "message",
        "text": ":joy:",
        "user": "UL2AA1FF1",
        "ts": "1586808975.057800",
        "team": "TKFJE6LDR",
        "user_team": "TKFJE6LDR",
        "source_team": "TKFJE6LDR",
        "user_profile": {
            "avatar_hash": "22135067b36d",
            "image_72": "https:\/\/avatars.slack-edge.com\/2019-10-23\/805254797908_22135067b36dfb715e99_72.jpg",
            "first_name": "",
            "real_name": "Erin McKean",
            "display_name": "Erin McKean",
            "team": "TKFJE6LDR",
            "name": "emckean",
            "is_restricted": false,
            "is_ultra_restricted": false
        },
        "blocks": [
            {
                "type": "rich_text",
                "block_id": "=ThLX",
                "elements": [
                    {
                        "type": "rich_text_section",
                        "elements": [
                            {
                                "type": "emoji",
                                "name": "joy"
                            }
                        ]
                    }
                ]
            }
        ],
        "thread_ts": "1586793394.056500",
        "parent_user_id": "UL2AA1FF1"
    },
    {
        "client_msg_id": "3dbb5f3a-4ef0-4a90-9e08-00bf7cb27843",
        "type": "message",
        "text": "Hey <@UL2AA1FF1>, is it too late to add SoD ideas to: <https:\/\/developers.google.com\/season-of-docs\/docs\/project-ideas#example_projects>\nIn particular:\n• Doc audit for site\n• Information strategy for site\n• Writing templates for developers\/users",
        "user": "UKTGLQNGG",
        "ts": "1586809569.059400",
        "team": "TKFJE6LDR",
        "user_team": "TKFJE6LDR",
        "source_team": "TKFJE6LDR",
        "user_profile": {
            "avatar_hash": "ge03fcb118b0",
            "image_72": "https:\/\/secure.gravatar.com\/avatar\/9e03fcb118b0853a3fedfdee2367779d.jpg?s=72&d=https%3A%2F%2Fa.slack-edge.com%2Fdf10d%2Fimg%2Favatars%2Fava_0021-72.png",
            "first_name": "Cameron",
            "real_name": "Cameron Shorter",
            "display_name": "cameronshorter",
            "team": "TKFJE6LDR",
            "name": "cameron.shorter",
            "is_restricted": false,
            "is_ultra_restricted": false
        },
        "edited": {
            "user": "UKTGLQNGG",
            "ts": "1586809623.000000"
        },
        "blocks": [
            {
                "type": "rich_text",
                "block_id": "UR4",
                "elements": [
                    {
                        "type": "rich_text_section",
                        "elements": [
                            {
                                "type": "text",
                                "text": "Hey "
                            },
                            {
                                "type": "user",
                                "user_id": "UL2AA1FF1"
                            },
                            {
                                "type": "text",
                                "text": ", is it too late to add SoD ideas to: "
                            },
                            {
                                "type": "link",
                                "url": "https:\/\/developers.google.com\/season-of-docs\/docs\/project-ideas#example_projects"
                            },
                            {
                                "type": "text",
                                "text": "\nIn particular:\n"
                            }
                        ]
                    },
                    {
                        "type": "rich_text_list",
                        "elements": [
                            {
                                "type": "rich_text_section",
                                "elements": [
                                    {
                                        "type": "text",
                                        "text": "Doc audit for site"
                                    }
                                ]
                            },
                            {
                                "type": "rich_text_section",
                                "elements": [
                                    {
                                        "type": "text",
                                        "text": "Information strategy for site"
                                    }
                                ]
                            },
                            {
                                "type": "rich_text_section",
                                "elements": [
                                    {
                                        "type": "text",
                                        "text": "Writing templates for developers\/users"
                                    }
                                ]
                            }
                        ],
                        "style": "bullet",
                        "indent": 0
                    }
                ]
            }
        ]
    },
    {
        "client_msg_id": "7d7a0548-2f84-4e67-b108-38e06ce3f7be",
        "type": "message",
        "text": "We'll be updating before our planned hangouts next week :slightly_smiling_face:",
        "user": "UL2AA1FF1",
        "ts": "1586811776.060100",
        "team": "TKFJE6LDR",
        "user_team": "TKFJE6LDR",
        "source_team": "TKFJE6LDR",
        "user_profile": {
            "avatar_hash": "22135067b36d",
            "image_72": "https:\/\/avatars.slack-edge.com\/2019-10-23\/805254797908_22135067b36dfb715e99_72.jpg",
            "first_name": "",
            "real_name": "Erin McKean",
            "display_name": "Erin McKean",
            "team": "TKFJE6LDR",
            "name": "emckean",
            "is_restricted": false,
            "is_ultra_restricted": false
        },
        "blocks": [
            {
                "type": "rich_text",
                "block_id": "viG",
                "elements": [
                    {
                        "type": "rich_text_section",
                        "elements": [
                            {
                                "type": "text",
                                "text": "We'll be updating before our planned hangouts next week "
                            },
                            {
                                "type": "emoji",
                                "name": "slightly_smiling_face"
                            }
                        ]
                    }
                ]
            }
        ]
    },
    {
        "client_msg_id": "3ac58c86-106a-4f78-b6ca-6c2bccf793d4",
        "type": "message",
        "text": "do you have a fave link for \"info strategy\"? That can be a very big project ...",
        "user": "UL2AA1FF1",
        "ts": "1586811802.060700",
        "team": "TKFJE6LDR",
        "user_team": "TKFJE6LDR",
        "source_team": "TKFJE6LDR",
        "user_profile": {
            "avatar_hash": "22135067b36d",
            "image_72": "https:\/\/avatars.slack-edge.com\/2019-10-23\/805254797908_22135067b36dfb715e99_72.jpg",
            "first_name": "",
            "real_name": "Erin McKean",
            "display_name": "Erin McKean",
            "team": "TKFJE6LDR",
            "name": "emckean",
            "is_restricted": false,
            "is_ultra_restricted": false
        },
        "blocks": [
            {
                "type": "rich_text",
                "block_id": "9sD",
                "elements": [
                    {
                        "type": "rich_text_section",
                        "elements": [
                            {
                                "type": "text",
                                "text": "do you have a fave link for \"info strategy\"? That can be a very big project ..."
                            }
                        ]
                    }
                ]
            }
        ]
    },
    {
        "client_msg_id": "7062502d-9974-4d65-9303-70292d4a01bb",
        "type": "message",
        "text": "interesting video: <https:\/\/dev.to\/conw_y\/documentation-tips-for-developers-ek6>",
        "user": "UL2AA1FF1",
        "ts": "1586814108.060900",
        "team": "TKFJE6LDR",
        "user_team": "TKFJE6LDR",
        "source_team": "TKFJE6LDR",
        "user_profile": {
            "avatar_hash": "22135067b36d",
            "image_72": "https:\/\/avatars.slack-edge.com\/2019-10-23\/805254797908_22135067b36dfb715e99_72.jpg",
            "first_name": "",
            "real_name": "Erin McKean",
            "display_name": "Erin McKean",
            "team": "TKFJE6LDR",
            "name": "emckean",
            "is_restricted": false,
            "is_ultra_restricted": false
        },
        "attachments": [
            {
                "service_name": "DEV Community",
                "title": "Documentation tips for developers",
                "title_link": "https:\/\/dev.to\/conw_y\/documentation-tips-for-developers-ek6",
                "text": "As a follow-up to my last video, I wanted to share some tips on writing good documentation, based on my own experience.",
                "fallback": "DEV Community: Documentation tips for developers",
                "image_url": "https:\/\/res.cloudinary.com\/practicaldev\/image\/fetch\/s--z6jb0qzw--\/c_imagga_scale,f_auto,fl_progressive,h_500,q_auto,w_1000\/https:\/\/dw71fyauz7yz9.cloudfront.net\/video-upload__a9f3eb5ea6fc04a9e723664ccaba689f\/thumbs-video-upload__a9f3eb5ea6fc04a9e723664ccaba689f-00001.png",
                "from_url": "https:\/\/dev.to\/conw_y\/documentation-tips-for-developers-ek6",
                "image_width": 500,
                "image_height": 250,
                "image_bytes": 19306,
                "service_icon": "https:\/\/res.cloudinary.com\/practicaldev\/image\/fetch\/c_scale,fl_progressive,q_auto,w_180\/f_auto\/https:\/\/practicaldev-herokuapp-com.freetls.fastly.net\/assets\/devlogo-pwa-512.png",
                "id": 1,
                "original_url": "https:\/\/dev.to\/conw_y\/documentation-tips-for-developers-ek6"
            }
        ],
        "blocks": [
            {
                "type": "rich_text",
                "block_id": "0p2",
                "elements": [
                    {
                        "type": "rich_text_section",
                        "elements": [
                            {
                                "type": "text",
                                "text": "interesting video: "
                            },
                            {
                                "type": "link",
                                "url": "https:\/\/dev.to\/conw_y\/documentation-tips-for-developers-ek6"
                            }
                        ]
                    }
                ]
            }
        ]
    },
    {
        "client_msg_id": "c5d27952-f8b9-4383-84bf-77a1610010a0",
        "type": "message",
        "text": "Does anyone know of a docs-focused email newsletter other than the Write The Docs one?",
        "user": "UL2AA1FF1",
        "ts": "1586814129.061500",
        "team": "TKFJE6LDR",
        "user_team": "TKFJE6LDR",
        "source_team": "TKFJE6LDR",
        "user_profile": {
            "avatar_hash": "22135067b36d",
            "image_72": "https:\/\/avatars.slack-edge.com\/2019-10-23\/805254797908_22135067b36dfb715e99_72.jpg",
            "first_name": "",
            "real_name": "Erin McKean",
            "display_name": "Erin McKean",
            "team": "TKFJE6LDR",
            "name": "emckean",
            "is_restricted": false,
            "is_ultra_restricted": false
        },
        "blocks": [
            {
                "type": "rich_text",
                "block_id": "mrHbg",
                "elements": [
                    {
                        "type": "rich_text_section",
                        "elements": [
                            {
                                "type": "text",
                                "text": "Does anyone know of a docs-focused email newsletter other than the Write The Docs one?"
                            }
                        ]
                    }
                ]
            }
        ]
    },
    {
        "client_msg_id": "d791576a-7028-4923-8037-a794a100dd18",
        "type": "message",
        "text": "Only tom johnsons' own email newsletter from <http:\/\/idratherbewriting.com|idratherbewriting.com>",
        "user": "UKVC4NB71",
        "ts": "1586818721.062000",
        "team": "TKFJE6LDR",
        "user_team": "TKFJE6LDR",
        "source_team": "TKFJE6LDR",
        "user_profile": {
            "avatar_hash": "c7d9788d4436",
            "image_72": "https:\/\/avatars.slack-edge.com\/2019-10-30\/814314609877_c7d9788d4436969613a7_72.jpg",
            "first_name": "Jared",
            "real_name": "Jared Morgan",
            "display_name": "jaredmorgs",
            "team": "TKFJE6LDR",
            "name": "jaredleonmorgan",
            "is_restricted": false,
            "is_ultra_restricted": false
        },
        "blocks": [
            {
                "type": "rich_text",
                "block_id": "qbd\/A",
                "elements": [
                    {
                        "type": "rich_text_section",
                        "elements": [
                            {
                                "type": "text",
                                "text": "Only tom johnsons' own email newsletter from "
                            },
                            {
                                "type": "link",
                                "url": "http:\/\/idratherbewriting.com",
                                "text": "idratherbewriting.com"
                            }
                        ]
                    }
                ]
            }
        ]
    },
    {
        "client_msg_id": "a98bc6d6-c5fd-446c-baad-5b8b440c6857",
        "type": "message",
        "text": "Not generalist ones apart from ones sent from companies like TWI.",
        "user": "UKVC4NB71",
        "ts": "1586818748.062500",
        "team": "TKFJE6LDR",
        "user_team": "TKFJE6LDR",
        "source_team": "TKFJE6LDR",
        "user_profile": {
            "avatar_hash": "c7d9788d4436",
            "image_72": "https:\/\/avatars.slack-edge.com\/2019-10-30\/814314609877_c7d9788d4436969613a7_72.jpg",
            "first_name": "Jared",
            "real_name": "Jared Morgan",
            "display_name": "jaredmorgs",
            "team": "TKFJE6LDR",
            "name": "jaredleonmorgan",
            "is_restricted": false,
            "is_ultra_restricted": false
        },
        "blocks": [
            {
                "type": "rich_text",
                "block_id": "vI\/TX",
                "elements": [
                    {
                        "type": "rich_text_section",
                        "elements": [
                            {
                                "type": "text",
                                "text": "Not generalist ones apart from ones sent from companies like TWI."
                            }
                        ]
                    }
                ]
            }
        ]
    },
    {
        "client_msg_id": "f2d9387c-ed84-4a76-ac39-47d267982a3d",
        "type": "message",
        "text": "There is also the WriteTheDocs monthly newsletter.",
        "user": "UKTGLQNGG",
        "ts": "1586818776.062900",
        "team": "TKFJE6LDR",
        "user_team": "TKFJE6LDR",
        "source_team": "TKFJE6LDR",
        "user_profile": {
            "avatar_hash": "ge03fcb118b0",
            "image_72": "https:\/\/secure.gravatar.com\/avatar\/9e03fcb118b0853a3fedfdee2367779d.jpg?s=72&d=https%3A%2F%2Fa.slack-edge.com%2Fdf10d%2Fimg%2Favatars%2Fava_0021-72.png",
            "first_name": "Cameron",
            "real_name": "Cameron Shorter",
            "display_name": "cameronshorter",
            "team": "TKFJE6LDR",
            "name": "cameron.shorter",
            "is_restricted": false,
            "is_ultra_restricted": false
        },
        "blocks": [
            {
                "type": "rich_text",
                "block_id": "roq",
                "elements": [
                    {
                        "type": "rich_text_section",
                        "elements": [
                            {
                                "type": "text",
                                "text": "There is also the WriteTheDocs monthly newsletter."
                            }
                        ]
                    }
                ]
            }
        ]
    },
    {
        "client_msg_id": "9af699ea-f09a-450f-b50f-a3a0c1dadb3b",
        "type": "message",
        "text": "That's what <@UL2AA1FF1> said above <@UKTGLQNGG>",
        "user": "UKVC4NB71",
        "ts": "1586818801.063500",
        "team": "TKFJE6LDR",
        "user_team": "TKFJE6LDR",
        "source_team": "TKFJE6LDR",
        "user_profile": {
            "avatar_hash": "c7d9788d4436",
            "image_72": "https:\/\/avatars.slack-edge.com\/2019-10-30\/814314609877_c7d9788d4436969613a7_72.jpg",
            "first_name": "Jared",
            "real_name": "Jared Morgan",
            "display_name": "jaredmorgs",
            "team": "TKFJE6LDR",
            "name": "jaredleonmorgan",
            "is_restricted": false,
            "is_ultra_restricted": false
        },
        "blocks": [
            {
                "type": "rich_text",
                "block_id": "lmYuc",
                "elements": [
                    {
                        "type": "rich_text_section",
                        "elements": [
                            {
                                "type": "text",
                                "text": "That's what "
                            },
                            {
                                "type": "user",
                                "user_id": "UL2AA1FF1"
                            },
                            {
                                "type": "text",
                                "text": " said above "
                            },
                            {
                                "type": "user",
                                "user_id": "UKTGLQNGG"
                            }
                        ]
                    }
                ]
            }
        ]
    },
    {
        "client_msg_id": "40c5cda3-8d3b-4547-84de-0e95e814e51f",
        "type": "message",
        "text": "It's a great newsletter.",
        "user": "UKVC4NB71",
        "ts": "1586818808.063800",
        "team": "TKFJE6LDR",
        "user_team": "TKFJE6LDR",
        "source_team": "TKFJE6LDR",
        "user_profile": {
            "avatar_hash": "c7d9788d4436",
            "image_72": "https:\/\/avatars.slack-edge.com\/2019-10-30\/814314609877_c7d9788d4436969613a7_72.jpg",
            "first_name": "Jared",
            "real_name": "Jared Morgan",
            "display_name": "jaredmorgs",
            "team": "TKFJE6LDR",
            "name": "jaredleonmorgan",
            "is_restricted": false,
            "is_ultra_restricted": false
        },
        "blocks": [
            {
                "type": "rich_text",
                "block_id": "JyR\/",
                "elements": [
                    {
                        "type": "rich_text_section",
                        "elements": [
                            {
                                "type": "text",
                                "text": "It's a great newsletter."
                            }
                        ]
                    }
                ]
            }
        ]
    },
    {
        "client_msg_id": "d29dfdd8-fbb8-4d3f-affa-5e14d64a983c",
        "type": "message",
        "text": "Are you wanting to target podcasts as well? <@UKVC4NB71> might be able to slip in a “mates rates” mention. Also the Cherryleaf Podcast, hosted by Ellis Pratt.",
        "user": "UKTGLQNGG",
        "ts": "1586818950.064500",
        "team": "TKFJE6LDR",
        "user_team": "TKFJE6LDR",
        "source_team": "TKFJE6LDR",
        "user_profile": {
            "avatar_hash": "ge03fcb118b0",
            "image_72": "https:\/\/secure.gravatar.com\/avatar\/9e03fcb118b0853a3fedfdee2367779d.jpg?s=72&d=https%3A%2F%2Fa.slack-edge.com%2Fdf10d%2Fimg%2Favatars%2Fava_0021-72.png",
            "first_name": "Cameron",
            "real_name": "Cameron Shorter",
            "display_name": "cameronshorter",
            "team": "TKFJE6LDR",
            "name": "cameron.shorter",
            "is_restricted": false,
            "is_ultra_restricted": false
        },
        "edited": {
            "user": "UKTGLQNGG",
            "ts": "1586819234.000000"
        },
        "blocks": [
            {
                "type": "rich_text",
                "block_id": "1HK",
                "elements": [
                    {
                        "type": "rich_text_section",
                        "elements": [
                            {
                                "type": "text",
                                "text": "Are you wanting to target podcasts as well? "
                            },
                            {
                                "type": "user",
                                "user_id": "UKVC4NB71"
                            },
                            {
                                "type": "text",
                                "text": " might be able to slip in a “mates rates” mention. Also the Cherryleaf Podcast, hosted by Ellis Pratt."
                            }
                        ]
                    }
                ]
            }
        ]
    },
    {
        "client_msg_id": "0d6278a0-96b4-4c75-9a10-edf08e628347",
        "type": "message",
        "text": ":thumbsup:",
        "user": "UL2AA1FF1",
        "ts": "1586821242.064800",
        "team": "TKFJE6LDR",
        "user_team": "TKFJE6LDR",
        "source_team": "TKFJE6LDR",
        "user_profile": {
            "avatar_hash": "22135067b36d",
            "image_72": "https:\/\/avatars.slack-edge.com\/2019-10-23\/805254797908_22135067b36dfb715e99_72.jpg",
            "first_name": "",
            "real_name": "Erin McKean",
            "display_name": "Erin McKean",
            "team": "TKFJE6LDR",
            "name": "emckean",
            "is_restricted": false,
            "is_ultra_restricted": false
        },
        "blocks": [
            {
                "type": "rich_text",
                "block_id": "xZB",
                "elements": [
                    {
                        "type": "rich_text_section",
                        "elements": [
                            {
                                "type": "emoji",
                                "name": "thumbsup"
                            }
                        ]
                    }
                ]
            }
        ]
    }
]