[
    {
        "client_msg_id": "8f3f5581-55fa-4fc3-9ad9-059ef2858561",
        "type": "message",
        "text": "Clarence and I were talking earlier this week about the Write the Docs online meetup that's scheduled for the evening (PDT) of April 23, and one thing that came up was having a list of document types",
        "user": "UL2AA1FF1",
        "ts": "1586378830.025300",
        "team": "TKFJE6LDR",
        "user_team": "TKFJE6LDR",
        "source_team": "TKFJE6LDR",
        "user_profile": {
            "avatar_hash": "22135067b36d",
            "image_72": "https:\/\/avatars.slack-edge.com\/2019-10-23\/805254797908_22135067b36dfb715e99_72.jpg",
            "first_name": "",
            "real_name": "Erin McKean",
            "display_name": "Erin McKean",
            "team": "TKFJE6LDR",
            "name": "emckean",
            "is_restricted": false,
            "is_ultra_restricted": false
        },
        "blocks": [
            {
                "type": "rich_text",
                "block_id": "BYdZ",
                "elements": [
                    {
                        "type": "rich_text_section",
                        "elements": [
                            {
                                "type": "text",
                                "text": "Clarence and I were talking earlier this week about the Write the Docs online meetup that's scheduled for the evening (PDT) of April 23, and one thing that came up was having a list of document types"
                            }
                        ]
                    }
                ]
            }
        ]
    },
    {
        "client_msg_id": "7ea95de6-8ad0-4ac7-b141-832445e97573",
        "type": "message",
        "text": "I made a wiki-stab at it here: <https:\/\/github.com\/thegooddocsproject\/templates\/wiki\/List-of-documentation-types-with-references>",
        "user": "UL2AA1FF1",
        "ts": "1586378837.025600",
        "team": "TKFJE6LDR",
        "user_team": "TKFJE6LDR",
        "source_team": "TKFJE6LDR",
        "user_profile": {
            "avatar_hash": "22135067b36d",
            "image_72": "https:\/\/avatars.slack-edge.com\/2019-10-23\/805254797908_22135067b36dfb715e99_72.jpg",
            "first_name": "",
            "real_name": "Erin McKean",
            "display_name": "Erin McKean",
            "team": "TKFJE6LDR",
            "name": "emckean",
            "is_restricted": false,
            "is_ultra_restricted": false
        },
        "blocks": [
            {
                "type": "rich_text",
                "block_id": "OBu",
                "elements": [
                    {
                        "type": "rich_text_section",
                        "elements": [
                            {
                                "type": "text",
                                "text": "I made a wiki-stab at it here: "
                            },
                            {
                                "type": "link",
                                "url": "https:\/\/github.com\/thegooddocsproject\/templates\/wiki\/List-of-documentation-types-with-references"
                            }
                        ]
                    }
                ]
            }
        ]
    },
    {
        "client_msg_id": "00f444b6-a0e0-4cb1-b37e-a1387a91daad",
        "type": "message",
        "text": "the idea being that if we have a list of possible types it might be easier to group them into minimal sets",
        "user": "UL2AA1FF1",
        "ts": "1586378857.026000",
        "team": "TKFJE6LDR",
        "user_team": "TKFJE6LDR",
        "source_team": "TKFJE6LDR",
        "user_profile": {
            "avatar_hash": "22135067b36d",
            "image_72": "https:\/\/avatars.slack-edge.com\/2019-10-23\/805254797908_22135067b36dfb715e99_72.jpg",
            "first_name": "",
            "real_name": "Erin McKean",
            "display_name": "Erin McKean",
            "team": "TKFJE6LDR",
            "name": "emckean",
            "is_restricted": false,
            "is_ultra_restricted": false
        },
        "blocks": [
            {
                "type": "rich_text",
                "block_id": "3zqU\/",
                "elements": [
                    {
                        "type": "rich_text_section",
                        "elements": [
                            {
                                "type": "text",
                                "text": "the idea being that if we have a list of possible types it might be easier to group them into minimal sets"
                            }
                        ]
                    }
                ]
            }
        ]
    }
]