[
    {
        "client_msg_id": "2ae8dfc6-5438-47de-a441-487f24062ead",
        "type": "message",
        "text": "It appears that I've been nominated for a Google's Open Source Peer Bonus Award for work on TheGoodDocsProject. Thanks <@UL2AA1FF1>, I understand you had a hand in this.",
        "user": "UKTGLQNGG",
        "ts": "1584992319.032100",
        "team": "TKFJE6LDR",
        "user_team": "TKFJE6LDR",
        "source_team": "TKFJE6LDR",
        "user_profile": {
            "avatar_hash": "ge03fcb118b0",
            "image_72": "https:\/\/secure.gravatar.com\/avatar\/9e03fcb118b0853a3fedfdee2367779d.jpg?s=72&d=https%3A%2F%2Fa.slack-edge.com%2Fdf10d%2Fimg%2Favatars%2Fava_0021-72.png",
            "first_name": "Cameron",
            "real_name": "Cameron Shorter",
            "display_name": "cameronshorter",
            "team": "TKFJE6LDR",
            "name": "cameron.shorter",
            "is_restricted": false,
            "is_ultra_restricted": false
        },
        "blocks": [
            {
                "type": "rich_text",
                "block_id": "5sl8m",
                "elements": [
                    {
                        "type": "rich_text_section",
                        "elements": [
                            {
                                "type": "text",
                                "text": "It appears that I've been nominated for a Google's Open Source Peer Bonus Award for work on TheGoodDocsProject. Thanks "
                            },
                            {
                                "type": "user",
                                "user_id": "UL2AA1FF1"
                            },
                            {
                                "type": "text",
                                "text": ", I understand you had a hand in this."
                            }
                        ]
                    }
                ]
            }
        ],
        "thread_ts": "1584992319.032100",
        "reply_count": 9,
        "reply_users_count": 6,
        "latest_reply": "1586170152.023200",
        "reply_users": [
            "UL2AA1FF1",
            "UKTGLQNGG",
            "UKV4ZPEFQ",
            "UKVC4NB71",
            "UR1VBKHD1",
            "UTCKDLXJ9"
        ],
        "replies": [
            {
                "user": "UL2AA1FF1",
                "ts": "1584992356.032200"
            },
            {
                "user": "UL2AA1FF1",
                "ts": "1584992370.032400"
            },
            {
                "user": "UKTGLQNGG",
                "ts": "1584992845.032600"
            },
            {
                "user": "UKV4ZPEFQ",
                "ts": "1585000432.033900"
            },
            {
                "user": "UKTGLQNGG",
                "ts": "1585001916.034800"
            },
            {
                "user": "UKVC4NB71",
                "ts": "1585006719.035100"
            },
            {
                "user": "UKTGLQNGG",
                "ts": "1585017386.035400"
            },
            {
                "user": "UR1VBKHD1",
                "ts": "1585810628.011800"
            },
            {
                "user": "UTCKDLXJ9",
                "ts": "1586170152.023200"
            }
        ],
        "subscribed": true,
        "last_read": "1586170566.592347",
        "reactions": [
            {
                "name": "trophy",
                "users": [
                    "UKV4ZPEFQ",
                    "UKVC4NB71",
                    "UL9F82XL3",
                    "UR1VBKHD1",
                    "UTCKDLXJ9"
                ],
                "count": 5
            }
        ]
    },
    {
        "client_msg_id": "f33e612d-d9a3-4d47-b462-5d3aab8e4ac6",
        "type": "message",
        "text": "I had to get it in fast before you became an (ineligible!) employee :joy:",
        "user": "UL2AA1FF1",
        "ts": "1584992356.032200",
        "team": "TKFJE6LDR",
        "user_team": "TKFJE6LDR",
        "source_team": "TKFJE6LDR",
        "user_profile": {
            "avatar_hash": "22135067b36d",
            "image_72": "https:\/\/avatars.slack-edge.com\/2019-10-23\/805254797908_22135067b36dfb715e99_72.jpg",
            "first_name": "",
            "real_name": "Erin McKean",
            "display_name": "Erin McKean",
            "team": "TKFJE6LDR",
            "name": "emckean",
            "is_restricted": false,
            "is_ultra_restricted": false
        },
        "blocks": [
            {
                "type": "rich_text",
                "block_id": "KOL4A",
                "elements": [
                    {
                        "type": "rich_text_section",
                        "elements": [
                            {
                                "type": "text",
                                "text": "I had to get it in fast before you became an (ineligible!) employee "
                            },
                            {
                                "type": "emoji",
                                "name": "joy"
                            }
                        ]
                    }
                ]
            }
        ],
        "thread_ts": "1584992319.032100",
        "parent_user_id": "UKTGLQNGG"
    },
    {
        "client_msg_id": "d88bdd13-732b-4c09-9c54-5ea122619eff",
        "type": "message",
        "text": "but seriously, thank you for all the organizing work you've put into this project!",
        "user": "UL2AA1FF1",
        "ts": "1584992370.032400",
        "team": "TKFJE6LDR",
        "user_team": "TKFJE6LDR",
        "source_team": "TKFJE6LDR",
        "user_profile": {
            "avatar_hash": "22135067b36d",
            "image_72": "https:\/\/avatars.slack-edge.com\/2019-10-23\/805254797908_22135067b36dfb715e99_72.jpg",
            "first_name": "",
            "real_name": "Erin McKean",
            "display_name": "Erin McKean",
            "team": "TKFJE6LDR",
            "name": "emckean",
            "is_restricted": false,
            "is_ultra_restricted": false
        },
        "blocks": [
            {
                "type": "rich_text",
                "block_id": "iyVKV",
                "elements": [
                    {
                        "type": "rich_text_section",
                        "elements": [
                            {
                                "type": "text",
                                "text": "but seriously, thank you for all the organizing work you've put into this project!"
                            }
                        ]
                    }
                ]
            }
        ],
        "thread_ts": "1584992319.032100",
        "parent_user_id": "UKTGLQNGG"
    },
    {
        "client_msg_id": "1ac9b1be-fc8a-41ec-939d-486684bedec4",
        "type": "message",
        "text": "You are welcome, and I'm touched to be nominated.",
        "user": "UKTGLQNGG",
        "ts": "1584992845.032600",
        "team": "TKFJE6LDR",
        "user_team": "TKFJE6LDR",
        "source_team": "TKFJE6LDR",
        "user_profile": {
            "avatar_hash": "ge03fcb118b0",
            "image_72": "https:\/\/secure.gravatar.com\/avatar\/9e03fcb118b0853a3fedfdee2367779d.jpg?s=72&d=https%3A%2F%2Fa.slack-edge.com%2Fdf10d%2Fimg%2Favatars%2Fava_0021-72.png",
            "first_name": "Cameron",
            "real_name": "Cameron Shorter",
            "display_name": "cameronshorter",
            "team": "TKFJE6LDR",
            "name": "cameron.shorter",
            "is_restricted": false,
            "is_ultra_restricted": false
        },
        "blocks": [
            {
                "type": "rich_text",
                "block_id": "IyVY",
                "elements": [
                    {
                        "type": "rich_text_section",
                        "elements": [
                            {
                                "type": "text",
                                "text": "You are welcome, and I'm touched to be nominated."
                            }
                        ]
                    }
                ]
            }
        ],
        "thread_ts": "1584992319.032100",
        "parent_user_id": "UKTGLQNGG",
        "reactions": [
            {
                "name": "yellow_heart",
                "users": [
                    "UL2AA1FF1",
                    "UR1VBKHD1"
                ],
                "count": 2
            }
        ]
    },
    {
        "client_msg_id": "8EDC7E97-95D6-4070-9682-09DF24F9174F",
        "type": "message",
        "text": "Congrats Cameron! <@UL2AA1FF1> let me know if I can do anything to help Cameron win! :+1::skin-tone-3: ",
        "user": "UKV4ZPEFQ",
        "ts": "1585000432.033900",
        "team": "TKFJE6LDR",
        "user_team": "TKFJE6LDR",
        "source_team": "TKFJE6LDR",
        "user_profile": {
            "avatar_hash": "g854c628ef64",
            "image_72": "https:\/\/secure.gravatar.com\/avatar\/6854c628ef64a4c129a994522e17cdf2.jpg?s=72&d=https%3A%2F%2Fa.slack-edge.com%2Fdf10d%2Fimg%2Favatars%2Fava_0007-72.png",
            "first_name": "felicitybrand",
            "real_name": "felicitybrand",
            "display_name": "flicstar",
            "team": "TKFJE6LDR",
            "name": "felicitybrand",
            "is_restricted": false,
            "is_ultra_restricted": false
        },
        "blocks": [
            {
                "type": "rich_text",
                "block_id": "ib2",
                "elements": [
                    {
                        "type": "rich_text_section",
                        "elements": [
                            {
                                "type": "text",
                                "text": "Congrats Cameron! "
                            },
                            {
                                "type": "user",
                                "user_id": "UL2AA1FF1"
                            },
                            {
                                "type": "text",
                                "text": " let me know if I can do anything to help Cameron win! "
                            },
                            {
                                "type": "emoji",
                                "name": "+1",
                                "skin_tone": 3
                            },
                            {
                                "type": "text",
                                "text": " "
                            }
                        ]
                    }
                ]
            }
        ],
        "thread_ts": "1584992319.032100",
        "parent_user_id": "UKTGLQNGG"
    },
    {
        "client_msg_id": "91081A30-4B95-45BB-A232-9BA166B2FD6E",
        "type": "message",
        "text": "I do hope everyone is staying safe and well during this time :mask: :house_with_garden:",
        "user": "UKV4ZPEFQ",
        "ts": "1585000496.034600",
        "team": "TKFJE6LDR",
        "user_team": "TKFJE6LDR",
        "source_team": "TKFJE6LDR",
        "user_profile": {
            "avatar_hash": "g854c628ef64",
            "image_72": "https:\/\/secure.gravatar.com\/avatar\/6854c628ef64a4c129a994522e17cdf2.jpg?s=72&d=https%3A%2F%2Fa.slack-edge.com%2Fdf10d%2Fimg%2Favatars%2Fava_0007-72.png",
            "first_name": "felicitybrand",
            "real_name": "felicitybrand",
            "display_name": "flicstar",
            "team": "TKFJE6LDR",
            "name": "felicitybrand",
            "is_restricted": false,
            "is_ultra_restricted": false
        },
        "blocks": [
            {
                "type": "rich_text",
                "block_id": "JV6R",
                "elements": [
                    {
                        "type": "rich_text_section",
                        "elements": [
                            {
                                "type": "text",
                                "text": "I do hope everyone is staying safe and well during this time "
                            },
                            {
                                "type": "emoji",
                                "name": "mask"
                            },
                            {
                                "type": "text",
                                "text": " "
                            },
                            {
                                "type": "emoji",
                                "name": "house_with_garden"
                            }
                        ]
                    }
                ]
            }
        ],
        "reactions": [
            {
                "name": "+1",
                "users": [
                    "UKTGLQNGG",
                    "UR1VBKHD1",
                    "UTCKDLXJ9"
                ],
                "count": 3
            },
            {
                "name": "100",
                "users": [
                    "UL2AA1FF1"
                ],
                "count": 1
            }
        ]
    },
    {
        "client_msg_id": "21d84641-903e-46e1-815b-b7e5c6864b04",
        "type": "message",
        "text": "That is very kind of you <@UKV4ZPEFQ>. I understand that I'm already in the pipeline - I've just filled out a form for a money voucher which I originally was thinking of using to take my wife out to dinner for - but we might be buying the ingredients and cooking at home instead. (My wife is my enabler - she is very tolerant of all the time I spend looking at the computer screen, and deserves the award more than me.)",
        "user": "UKTGLQNGG",
        "ts": "1585001916.034800",
        "team": "TKFJE6LDR",
        "user_team": "TKFJE6LDR",
        "source_team": "TKFJE6LDR",
        "user_profile": {
            "avatar_hash": "ge03fcb118b0",
            "image_72": "https:\/\/secure.gravatar.com\/avatar\/9e03fcb118b0853a3fedfdee2367779d.jpg?s=72&d=https%3A%2F%2Fa.slack-edge.com%2Fdf10d%2Fimg%2Favatars%2Fava_0021-72.png",
            "first_name": "Cameron",
            "real_name": "Cameron Shorter",
            "display_name": "cameronshorter",
            "team": "TKFJE6LDR",
            "name": "cameron.shorter",
            "is_restricted": false,
            "is_ultra_restricted": false
        },
        "blocks": [
            {
                "type": "rich_text",
                "block_id": "Smk",
                "elements": [
                    {
                        "type": "rich_text_section",
                        "elements": [
                            {
                                "type": "text",
                                "text": "That is very kind of you "
                            },
                            {
                                "type": "user",
                                "user_id": "UKV4ZPEFQ"
                            },
                            {
                                "type": "text",
                                "text": ". I understand that I'm already in the pipeline - I've just filled out a form for a money voucher which I originally was thinking of using to take my wife out to dinner for - but we might be buying the ingredients and cooking at home instead. (My wife is my enabler - she is very tolerant of all the time I spend looking at the computer screen, and deserves the award more than me.)"
                            }
                        ]
                    }
                ]
            }
        ],
        "thread_ts": "1584992319.032100",
        "parent_user_id": "UKTGLQNGG"
    },
    {
        "client_msg_id": "752472e9-2a9a-4540-80c7-6394fcd26b53",
        "type": "message",
        "text": "congrats, <@UKTGLQNGG> on the nomination. And congrats on getting a gig at Google. What will you be doing there?",
        "user": "UKVC4NB71",
        "ts": "1585006719.035100",
        "team": "TKFJE6LDR",
        "user_team": "TKFJE6LDR",
        "source_team": "TKFJE6LDR",
        "user_profile": {
            "avatar_hash": "c7d9788d4436",
            "image_72": "https:\/\/avatars.slack-edge.com\/2019-10-30\/814314609877_c7d9788d4436969613a7_72.jpg",
            "first_name": "Jared",
            "real_name": "Jared Morgan",
            "display_name": "jaredmorgs",
            "team": "TKFJE6LDR",
            "name": "jaredleonmorgan",
            "is_restricted": false,
            "is_ultra_restricted": false
        },
        "blocks": [
            {
                "type": "rich_text",
                "block_id": "ZHE",
                "elements": [
                    {
                        "type": "rich_text_section",
                        "elements": [
                            {
                                "type": "text",
                                "text": "congrats, "
                            },
                            {
                                "type": "user",
                                "user_id": "UKTGLQNGG"
                            },
                            {
                                "type": "text",
                                "text": " on the nomination. And congrats on getting a gig at Google. What will you be doing there?"
                            }
                        ]
                    }
                ]
            }
        ],
        "thread_ts": "1584992319.032100",
        "parent_user_id": "UKTGLQNGG"
    },
    {
        "client_msg_id": "f0cf1cea-ff9f-4c70-8395-7b0fb3685766",
        "type": "message",
        "text": "Thanks <@UKVC4NB71>, I'm keen to know what I'll be doing at Google too. It theoretically will involve tech writing for ChromeOS. I think rest of details are still being worked out.",
        "user": "UKTGLQNGG",
        "ts": "1585017386.035400",
        "team": "TKFJE6LDR",
        "user_team": "TKFJE6LDR",
        "source_team": "TKFJE6LDR",
        "user_profile": {
            "avatar_hash": "ge03fcb118b0",
            "image_72": "https:\/\/secure.gravatar.com\/avatar\/9e03fcb118b0853a3fedfdee2367779d.jpg?s=72&d=https%3A%2F%2Fa.slack-edge.com%2Fdf10d%2Fimg%2Favatars%2Fava_0021-72.png",
            "first_name": "Cameron",
            "real_name": "Cameron Shorter",
            "display_name": "cameronshorter",
            "team": "TKFJE6LDR",
            "name": "cameron.shorter",
            "is_restricted": false,
            "is_ultra_restricted": false
        },
        "blocks": [
            {
                "type": "rich_text",
                "block_id": "2YP9",
                "elements": [
                    {
                        "type": "rich_text_section",
                        "elements": [
                            {
                                "type": "text",
                                "text": "Thanks "
                            },
                            {
                                "type": "user",
                                "user_id": "UKVC4NB71"
                            },
                            {
                                "type": "text",
                                "text": ", I'm keen to know what I'll be doing at Google too. It theoretically will involve tech writing for ChromeOS. I think rest of details are still being worked out."
                            }
                        ]
                    }
                ]
            }
        ],
        "thread_ts": "1584992319.032100",
        "parent_user_id": "UKTGLQNGG"
    }
]