[
    {
        "client_msg_id": "8aa72b01-8765-4d64-b2aa-36fdf3c06806",
        "type": "message",
        "text": "Erin provided some really good suggestions a while back about NOT providing real best practice examples. Reason: people get offended when you reference their poor example. People get offended when you don't reference their example as good. What starts out as being a good example is likely to be updated and change over time, and quite often suffers from rot. Instead, on our todo list is to create an imaginary best practice project from which we can then create our own examples. This is a reasonable amount of work, and I'd suggest is not our highest priority yet.",
        "user": "UKTGLQNGG",
        "ts": "1588499864.208300",
        "team": "TKFJE6LDR",
        "user_team": "TKFJE6LDR",
        "source_team": "TKFJE6LDR",
        "user_profile": {
            "avatar_hash": "ge03fcb118b0",
            "image_72": "https:\/\/secure.gravatar.com\/avatar\/9e03fcb118b0853a3fedfdee2367779d.jpg?s=72&d=https%3A%2F%2Fa.slack-edge.com%2Fdf10d%2Fimg%2Favatars%2Fava_0021-72.png",
            "first_name": "Cameron",
            "real_name": "Cameron Shorter",
            "display_name": "cameronshorter",
            "team": "TKFJE6LDR",
            "name": "cameron.shorter",
            "is_restricted": false,
            "is_ultra_restricted": false
        },
        "blocks": [
            {
                "type": "rich_text",
                "block_id": "eKRJT",
                "elements": [
                    {
                        "type": "rich_text_section",
                        "elements": [
                            {
                                "type": "text",
                                "text": "Erin provided some really good suggestions a while back about NOT providing real best practice examples. Reason: people get offended when you reference their poor example. People get offended when you don't reference their example as good. What starts out as being a good example is likely to be updated and change over time, and quite often suffers from rot. Instead, on our todo list is to create an imaginary best practice project from which we can then create our own examples. This is a reasonable amount of work, and I'd suggest is not our highest priority yet."
                            }
                        ]
                    }
                ]
            }
        ],
        "thread_ts": "1588468347.208100",
        "parent_user_id": "U012J5AMMEY"
    },
    {
        "client_msg_id": "a27ff711-b849-4842-9787-466b010662ea",
        "type": "message",
        "text": "Hey Max, before adding ideas into the wiki, I'd suggest checking in with this group and making sure it is in line with others ideas of what we should create. Wiki pages have a tendency to spawn and then becoming dated, and we then run into the situation where we have hundreds of pages and we can't find the signal for the noise. What others have been doing is creating a Google doc first, get rough concensus on the doc, then copy into git or wiki as appropriate.",
        "user": "UKTGLQNGG",
        "ts": "1588500155.208500",
        "team": "TKFJE6LDR",
        "user_team": "TKFJE6LDR",
        "source_team": "TKFJE6LDR",
        "user_profile": {
            "avatar_hash": "ge03fcb118b0",
            "image_72": "https:\/\/secure.gravatar.com\/avatar\/9e03fcb118b0853a3fedfdee2367779d.jpg?s=72&d=https%3A%2F%2Fa.slack-edge.com%2Fdf10d%2Fimg%2Favatars%2Fava_0021-72.png",
            "first_name": "Cameron",
            "real_name": "Cameron Shorter",
            "display_name": "cameronshorter",
            "team": "TKFJE6LDR",
            "name": "cameron.shorter",
            "is_restricted": false,
            "is_ultra_restricted": false
        },
        "blocks": [
            {
                "type": "rich_text",
                "block_id": "dcpa9",
                "elements": [
                    {
                        "type": "rich_text_section",
                        "elements": [
                            {
                                "type": "text",
                                "text": "Hey Max, before adding ideas into the wiki, I'd suggest checking in with this group and making sure it is in line with others ideas of what we should create. Wiki pages have a tendency to spawn and then becoming dated, and we then run into the situation where we have hundreds of pages and we can't find the signal for the noise. What others have been doing is creating a Google doc first, get rough concensus on the doc, then copy into git or wiki as appropriate."
                            }
                        ]
                    }
                ]
            }
        ],
        "thread_ts": "1588362557.193900",
        "parent_user_id": "U012J5AMMEY"
    },
    {
        "client_msg_id": "9010c4f2-05e3-46e8-a248-e147d7012d48",
        "type": "message",
        "text": "Oh, and for the documentation about a project on documentation, we should spend a bit of extra time focusing on making sure our gramma and style aligns with the guidelines we have selected. (Eg: spell out numbers one to nine, then use digits for 10 or above).  See <https:\/\/developers.google.com\/style|https:\/\/developers.google.com\/style> . You might find it helpful to install grammarly. Although you will often find some tech writers object to using it, and it is not perfectly aligned to the style guide we use, it should pick up many of your initial mistakes.",
        "user": "UKTGLQNGG",
        "ts": "1588500497.208700",
        "team": "TKFJE6LDR",
        "user_team": "TKFJE6LDR",
        "source_team": "TKFJE6LDR",
        "user_profile": {
            "avatar_hash": "ge03fcb118b0",
            "image_72": "https:\/\/secure.gravatar.com\/avatar\/9e03fcb118b0853a3fedfdee2367779d.jpg?s=72&d=https%3A%2F%2Fa.slack-edge.com%2Fdf10d%2Fimg%2Favatars%2Fava_0021-72.png",
            "first_name": "Cameron",
            "real_name": "Cameron Shorter",
            "display_name": "cameronshorter",
            "team": "TKFJE6LDR",
            "name": "cameron.shorter",
            "is_restricted": false,
            "is_ultra_restricted": false
        },
        "attachments": [
            {
                "service_name": "Google Developers",
                "title": "Google developer documentation style guide  |  Google Developers",
                "title_link": "https:\/\/developers.google.com\/style",
                "text": "Editorial style guidelines for public-facing Google developer documentation.",
                "fallback": "Google Developers: Google developer documentation style guide  |  Google Developers",
                "image_url": "https:\/\/www.gstatic.com\/devrel-devsite\/prod\/v1d5d005a3fe90dfeb19c1132f22dcac513a2dac8a97ff26a167dd23cfb354cb0\/developers\/images\/opengraph\/indigo.png",
                "image_width": 476,
                "image_height": 250,
                "from_url": "https:\/\/developers.google.com\/style",
                "image_bytes": 62535,
                "service_icon": "https:\/\/www.gstatic.com\/devrel-devsite\/prod\/v1d5d005a3fe90dfeb19c1132f22dcac513a2dac8a97ff26a167dd23cfb354cb0\/developers\/images\/touchicon-180.png",
                "id": 1,
                "original_url": "https:\/\/developers.google.com\/style"
            }
        ],
        "blocks": [
            {
                "type": "rich_text",
                "block_id": "Iui",
                "elements": [
                    {
                        "type": "rich_text_section",
                        "elements": [
                            {
                                "type": "text",
                                "text": "Oh, and for the documentation about a project on documentation, we should spend a bit of extra time focusing on making sure our gramma and style aligns with the guidelines we have selected. (Eg: spell out numbers one to nine, then use digits for 10 or above).  See "
                            },
                            {
                                "type": "link",
                                "url": "https:\/\/developers.google.com\/style",
                                "text": "https:\/\/developers.google.com\/style"
                            },
                            {
                                "type": "text",
                                "text": " . You might find it helpful to install grammarly. Although you will often find some tech writers object to using it, and it is not perfectly aligned to the style guide we use, it should pick up many of your initial mistakes."
                            }
                        ]
                    }
                ]
            }
        ],
        "thread_ts": "1588362557.193900",
        "parent_user_id": "U012J5AMMEY"
    },
    {
        "client_msg_id": "a2e44f3c-0787-4c96-a1f5-491c233daa0e",
        "type": "message",
        "text": "While you are asking some interesting questions for research, and I would love to see the answers to the questions you pose, I feel our community isn't large enough yet to tackle our core mission, this secondary task would be a distraction. That said, it could be done by someone interested in parallel. (Maybe you?)",
        "user": "UKTGLQNGG",
        "ts": "1588500855.209000",
        "team": "TKFJE6LDR",
        "user_team": "TKFJE6LDR",
        "source_team": "TKFJE6LDR",
        "user_profile": {
            "avatar_hash": "ge03fcb118b0",
            "image_72": "https:\/\/secure.gravatar.com\/avatar\/9e03fcb118b0853a3fedfdee2367779d.jpg?s=72&d=https%3A%2F%2Fa.slack-edge.com%2Fdf10d%2Fimg%2Favatars%2Fava_0021-72.png",
            "first_name": "Cameron",
            "real_name": "Cameron Shorter",
            "display_name": "cameronshorter",
            "team": "TKFJE6LDR",
            "name": "cameron.shorter",
            "is_restricted": false,
            "is_ultra_restricted": false
        },
        "blocks": [
            {
                "type": "rich_text",
                "block_id": "2Yy1X",
                "elements": [
                    {
                        "type": "rich_text_section",
                        "elements": [
                            {
                                "type": "text",
                                "text": "While you are asking some interesting questions for research, and I would love to see the answers to the questions you pose, I feel our community isn't large enough yet to tackle our core mission, this secondary task would be a distraction. That said, it could be done by someone interested in parallel. (Maybe you?)"
                            }
                        ]
                    }
                ]
            }
        ],
        "thread_ts": "1588362557.193900",
        "parent_user_id": "U012J5AMMEY"
    },
    {
        "client_msg_id": "3a7aba36-defa-4483-aed9-57b99a9f33b2",
        "type": "message",
        "text": "Hi <@U012J5AMMEY>,\n\nLanguage refers to word choice, such as whether you use formal language, informal language and\/or slang (e.g. writing 'They are not angry' as opposed to 'They aren't mad' or 'They ain't ticked off').\n\nTone refers to the overall attitude of the piece of writing that is appropriate to its target audience and purpose. The tone can be objective\/subjective, logical\/emotional, serious\/humorous, etc. (e.g. our wiki pages tend to be objective, logical and serious. This is opposed to the tone of a novel where it can be descriptive, emotional, humorous, etc.)",
        "user": "UUKDDFDLM",
        "ts": "1588510156.209300",
        "team": "TKFJE6LDR",
        "user_team": "TKFJE6LDR",
        "source_team": "TKFJE6LDR",
        "user_profile": {
            "avatar_hash": "gb83d14b7e86",
            "image_72": "https:\/\/secure.gravatar.com\/avatar\/b83d14b7e86b1f5129bde6fecb58663b.jpg?s=72&d=https%3A%2F%2Fa.slack-edge.com%2Fdf10d%2Fimg%2Favatars%2Fava_0009-72.png",
            "first_name": "Naomi",
            "real_name": "Naomi Shen",
            "display_name": "Naomi Shen",
            "team": "TKFJE6LDR",
            "name": "nshen1993",
            "is_restricted": false,
            "is_ultra_restricted": false
        },
        "blocks": [
            {
                "type": "rich_text",
                "block_id": "H6y9",
                "elements": [
                    {
                        "type": "rich_text_section",
                        "elements": [
                            {
                                "type": "text",
                                "text": "Hi "
                            },
                            {
                                "type": "user",
                                "user_id": "U012J5AMMEY"
                            },
                            {
                                "type": "text",
                                "text": ",\n\nLanguage refers to word choice, such as whether you use formal language, informal language and\/or slang (e.g. writing 'They are not angry' as opposed to 'They aren't mad' or 'They ain't ticked off').\n\nTone refers to the overall attitude of the piece of writing that is appropriate to its target audience and purpose. The tone can be objective\/subjective, logical\/emotional, serious\/humorous, etc. (e.g. our wiki pages tend to be objective, logical and serious. This is opposed to the tone of a novel where it can be descriptive, emotional, humorous, etc.)"
                            }
                        ]
                    }
                ]
            }
        ],
        "thread_ts": "1588439680.199800",
        "parent_user_id": "U012KCMPP0V"
    },
    {
        "client_msg_id": "0c777b19-2a35-4645-8edc-7b9bf6398b47",
        "type": "message",
        "text": "I am hoping to commit some stuff for the imaginary project in the next two weeks :slightly_smiling_face:",
        "user": "UL2AA1FF1",
        "ts": "1588521935.209500",
        "team": "TKFJE6LDR",
        "user_team": "TKFJE6LDR",
        "source_team": "TKFJE6LDR",
        "user_profile": {
            "avatar_hash": "22135067b36d",
            "image_72": "https:\/\/avatars.slack-edge.com\/2019-10-23\/805254797908_22135067b36dfb715e99_72.jpg",
            "first_name": "",
            "real_name": "Erin McKean",
            "display_name": "Erin McKean",
            "team": "TKFJE6LDR",
            "name": "emckean",
            "is_restricted": false,
            "is_ultra_restricted": false
        },
        "blocks": [
            {
                "type": "rich_text",
                "block_id": "\/XC",
                "elements": [
                    {
                        "type": "rich_text_section",
                        "elements": [
                            {
                                "type": "text",
                                "text": "I am hoping to commit some stuff for the imaginary project in the next two weeks "
                            },
                            {
                                "type": "emoji",
                                "name": "slightly_smiling_face"
                            }
                        ]
                    }
                ]
            }
        ],
        "thread_ts": "1588468347.208100",
        "parent_user_id": "U012J5AMMEY"
    },
    {
        "client_msg_id": "042b1125-964a-4b64-9c96-1aaa66b92dfd",
        "type": "message",
        "text": "we have a repo for it -- it's under chronologue, it's a tool for doing calendrical calculations for your time machine :joy:",
        "user": "UL2AA1FF1",
        "ts": "1588521964.209700",
        "team": "TKFJE6LDR",
        "user_team": "TKFJE6LDR",
        "source_team": "TKFJE6LDR",
        "user_profile": {
            "avatar_hash": "22135067b36d",
            "image_72": "https:\/\/avatars.slack-edge.com\/2019-10-23\/805254797908_22135067b36dfb715e99_72.jpg",
            "first_name": "",
            "real_name": "Erin McKean",
            "display_name": "Erin McKean",
            "team": "TKFJE6LDR",
            "name": "emckean",
            "is_restricted": false,
            "is_ultra_restricted": false
        },
        "blocks": [
            {
                "type": "rich_text",
                "block_id": "YFZ7",
                "elements": [
                    {
                        "type": "rich_text_section",
                        "elements": [
                            {
                                "type": "text",
                                "text": "we have a repo for it -- it's under chronologue, it's a tool for doing calendrical calculations for your time machine "
                            },
                            {
                                "type": "emoji",
                                "name": "joy"
                            }
                        ]
                    }
                ]
            }
        ],
        "thread_ts": "1588468347.208100",
        "parent_user_id": "U012J5AMMEY"
    },
    {
        "client_msg_id": "6683c06d-f48a-46e4-abef-99f36fa20064",
        "type": "message",
        "text": "Thanks <@UUKDDFDLM> It's a very good explanation :slightly_smiling_face: My point was that what makes sense to a writer doesn't always make sense to a programmer. I guess it goes back to my earlier question which of the two groups we target.",
        "user": "U012J5AMMEY",
        "ts": "1588552258.209900",
        "team": "TKFJE6LDR",
        "user_team": "TKFJE6LDR",
        "source_team": "TKFJE6LDR",
        "user_profile": {
            "avatar_hash": "f0294109ed4a",
            "image_72": "https:\/\/avatars.slack-edge.com\/2020-04-23\/1080225857475_f0294109ed4a12a988f3_72.jpg",
            "first_name": "Max",
            "real_name": "Max Voskob",
            "display_name": "Max Voskob",
            "team": "TKFJE6LDR",
            "name": "max",
            "is_restricted": false,
            "is_ultra_restricted": false
        },
        "blocks": [
            {
                "type": "rich_text",
                "block_id": "Brfup",
                "elements": [
                    {
                        "type": "rich_text_section",
                        "elements": [
                            {
                                "type": "text",
                                "text": "Thanks "
                            },
                            {
                                "type": "user",
                                "user_id": "UUKDDFDLM"
                            },
                            {
                                "type": "text",
                                "text": " It's a very good explanation "
                            },
                            {
                                "type": "emoji",
                                "name": "slightly_smiling_face"
                            },
                            {
                                "type": "text",
                                "text": " My point was that what makes sense to a writer doesn't always make sense to a programmer. I guess it goes back to my earlier question which of the two groups we target."
                            }
                        ]
                    }
                ]
            }
        ],
        "thread_ts": "1588439680.199800",
        "parent_user_id": "U012KCMPP0V",
        "reactions": [
            {
                "name": "+1",
                "users": [
                    "UUKDDFDLM"
                ],
                "count": 1
            }
        ]
    },
    {
        "client_msg_id": "4b67bd1d-fabb-4ff9-8bf0-0b5ab4d99532",
        "type": "message",
        "text": "Too true!\nI meant that page to be for our reference.\nThe links to repo files are \"point in time\" - they reference a particular commit, so the content will not change.\n<@UKTGLQNGG> Shall we delete that page?",
        "user": "U012J5AMMEY",
        "ts": "1588552660.210200",
        "team": "TKFJE6LDR",
        "user_team": "TKFJE6LDR",
        "source_team": "TKFJE6LDR",
        "user_profile": {
            "avatar_hash": "f0294109ed4a",
            "image_72": "https:\/\/avatars.slack-edge.com\/2020-04-23\/1080225857475_f0294109ed4a12a988f3_72.jpg",
            "first_name": "Max",
            "real_name": "Max Voskob",
            "display_name": "Max Voskob",
            "team": "TKFJE6LDR",
            "name": "max",
            "is_restricted": false,
            "is_ultra_restricted": false
        },
        "blocks": [
            {
                "type": "rich_text",
                "block_id": "X4xuZ",
                "elements": [
                    {
                        "type": "rich_text_section",
                        "elements": [
                            {
                                "type": "text",
                                "text": "Too true!\nI meant that page to be for our reference.\nThe links to repo files are \"point in time\" - they reference a particular commit, so the content will not change.\n"
                            },
                            {
                                "type": "user",
                                "user_id": "UKTGLQNGG"
                            },
                            {
                                "type": "text",
                                "text": " Shall we delete that page?"
                            }
                        ]
                    }
                ]
            }
        ],
        "thread_ts": "1588468347.208100",
        "parent_user_id": "U012J5AMMEY"
    },
    {
        "client_msg_id": "a19f332b-d74a-459c-9b0f-b24950a2928f",
        "type": "message",
        "text": "<@U012J5AMMEY> I suggest we discuss where we put content in our next weekly meeting. My initial thoughts is that we probably should err on moving into a google doc initially, then moving into a lower level wiki page once formed.",
        "user": "UKTGLQNGG",
        "ts": "1588560559.210400",
        "team": "TKFJE6LDR",
        "user_team": "TKFJE6LDR",
        "source_team": "TKFJE6LDR",
        "user_profile": {
            "avatar_hash": "ge03fcb118b0",
            "image_72": "https:\/\/secure.gravatar.com\/avatar\/9e03fcb118b0853a3fedfdee2367779d.jpg?s=72&d=https%3A%2F%2Fa.slack-edge.com%2Fdf10d%2Fimg%2Favatars%2Fava_0021-72.png",
            "first_name": "Cameron",
            "real_name": "Cameron Shorter",
            "display_name": "cameronshorter",
            "team": "TKFJE6LDR",
            "name": "cameron.shorter",
            "is_restricted": false,
            "is_ultra_restricted": false
        },
        "blocks": [
            {
                "type": "rich_text",
                "block_id": "0lrA8",
                "elements": [
                    {
                        "type": "rich_text_section",
                        "elements": [
                            {
                                "type": "user",
                                "user_id": "U012J5AMMEY"
                            },
                            {
                                "type": "text",
                                "text": " I suggest we discuss where we put content in our next weekly meeting. My initial thoughts is that we probably should err on moving into a google doc initially, then moving into a lower level wiki page once formed."
                            }
                        ]
                    }
                ]
            }
        ],
        "thread_ts": "1588468347.208100",
        "parent_user_id": "U012J5AMMEY"
    },
    {
        "client_msg_id": "176629ac-5ca8-4bcb-965a-a86b313bd359",
        "type": "message",
        "text": "OK. Page deleted.",
        "user": "U012J5AMMEY",
        "ts": "1588565647.210600",
        "team": "TKFJE6LDR",
        "user_team": "TKFJE6LDR",
        "source_team": "TKFJE6LDR",
        "user_profile": {
            "avatar_hash": "f0294109ed4a",
            "image_72": "https:\/\/avatars.slack-edge.com\/2020-04-23\/1080225857475_f0294109ed4a12a988f3_72.jpg",
            "first_name": "Max",
            "real_name": "Max Voskob",
            "display_name": "Max Voskob",
            "team": "TKFJE6LDR",
            "name": "max",
            "is_restricted": false,
            "is_ultra_restricted": false
        },
        "blocks": [
            {
                "type": "rich_text",
                "block_id": "DbZtw",
                "elements": [
                    {
                        "type": "rich_text_section",
                        "elements": [
                            {
                                "type": "text",
                                "text": "OK. Page deleted."
                            }
                        ]
                    }
                ]
            }
        ],
        "thread_ts": "1588468347.208100",
        "parent_user_id": "U012J5AMMEY"
    }
]