[
    {
        "client_msg_id": "f94a4d9a-0c3f-4d3c-9c5e-da79a38e1ce2",
        "type": "message",
        "text": "Hey <@UR1VBKHD1>, I'm wondering whether you have come across Live Transcribe? Litterally transcribing conversation on the fly. I watched it being demoed and was impressed. I'd be interested to hear your thoughts. And in particular, whether it would be good enough to have you sit in on a video conference and get a comparable experience. <https:\/\/www.android.com\/accessibility\/live-transcribe\/>",
        "user": "UKTGLQNGG",
        "ts": "1586419095.029300",
        "team": "TKFJE6LDR",
        "user_team": "TKFJE6LDR",
        "source_team": "TKFJE6LDR",
        "user_profile": {
            "avatar_hash": "ge03fcb118b0",
            "image_72": "https:\/\/secure.gravatar.com\/avatar\/9e03fcb118b0853a3fedfdee2367779d.jpg?s=72&d=https%3A%2F%2Fa.slack-edge.com%2Fdf10d%2Fimg%2Favatars%2Fava_0021-72.png",
            "first_name": "Cameron",
            "real_name": "Cameron Shorter",
            "display_name": "cameronshorter",
            "team": "TKFJE6LDR",
            "name": "cameron.shorter",
            "is_restricted": false,
            "is_ultra_restricted": false
        },
        "attachments": [
            {
                "service_name": "Android",
                "title": "Live Transcribe | Speech to Text App | Android",
                "title_link": "https:\/\/www.android.com\/accessibility\/live-transcribe\/",
                "text": "Use Live Transcribe to get instant speech to text captions in over 70 languages and dialects, right on your Android device.",
                "fallback": "Android: Live Transcribe | Speech to Text App | Android",
                "image_url": "https:\/\/lh3.googleusercontent.com\/liF-NLkJnzXIIp_HbeIJa_hdA9weapYNBU7VWSNRUU4grUdrKh0p8-gPCebz_HcQWrqhkauzxObXaAoJy-t6",
                "from_url": "https:\/\/www.android.com\/accessibility\/live-transcribe\/",
                "image_width": 481,
                "image_height": 250,
                "image_bytes": 11693,
                "service_icon": "https:\/\/www.android.com\/favicon.ico",
                "id": 1,
                "original_url": "https:\/\/www.android.com\/accessibility\/live-transcribe\/"
            }
        ],
        "blocks": [
            {
                "type": "rich_text",
                "block_id": "TEF6",
                "elements": [
                    {
                        "type": "rich_text_section",
                        "elements": [
                            {
                                "type": "text",
                                "text": "Hey "
                            },
                            {
                                "type": "user",
                                "user_id": "UR1VBKHD1"
                            },
                            {
                                "type": "text",
                                "text": ", I'm wondering whether you have come across Live Transcribe? Litterally transcribing conversation on the fly. I watched it being demoed and was impressed. I'd be interested to hear your thoughts. And in particular, whether it would be good enough to have you sit in on a video conference and get a comparable experience. "
                            },
                            {
                                "type": "link",
                                "url": "https:\/\/www.android.com\/accessibility\/live-transcribe\/"
                            }
                        ]
                    }
                ]
            }
        ]
    },
    {
        "client_msg_id": "D182D724-A5A7-4087-A6C9-476C1574C3A9",
        "type": "message",
        "text": "@yep I will have to give it a try ASAP. ",
        "user": "UR1VBKHD1",
        "ts": "1586429981.029900",
        "team": "TKFJE6LDR",
        "user_team": "TKFJE6LDR",
        "source_team": "TKFJE6LDR",
        "user_profile": {
            "avatar_hash": "g1d6ae089679",
            "image_72": "https:\/\/secure.gravatar.com\/avatar\/1d6ae08967983f1973436beba61255d9.jpg?s=72&d=https%3A%2F%2Fa.slack-edge.com%2Fdf10d%2Fimg%2Favatars%2Fava_0026-72.png",
            "first_name": "David",
            "real_name": "David Parker",
            "display_name": "DeafDave",
            "team": "TKFJE6LDR",
            "name": "deafdave",
            "is_restricted": false,
            "is_ultra_restricted": false
        },
        "blocks": [
            {
                "type": "rich_text",
                "block_id": "jIB",
                "elements": [
                    {
                        "type": "rich_text_section",
                        "elements": [
                            {
                                "type": "text",
                                "text": "@yep I will have to give it a try ASAP. "
                            }
                        ]
                    }
                ]
            }
        ]
    },
    {
        "client_msg_id": "AC59A3AE-AE0B-469C-84C9-1F5F47BB4FFD",
        "type": "message",
        "text": "Hola! Where are we meeting?",
        "user": "UL9F82XL3",
        "ts": "1586430064.031600",
        "team": "TKFJE6LDR",
        "user_team": "TKFJE6LDR",
        "source_team": "TKFJE6LDR",
        "user_profile": {
            "avatar_hash": "431cbc5b0797",
            "image_72": "https:\/\/avatars.slack-edge.com\/2019-07-23\/702616820016_431cbc5b0797a8cc9f24_72.jpg",
            "first_name": "Sanket",
            "real_name": "Sanket Totewar",
            "display_name": "",
            "team": "TKFJE6LDR",
            "name": "sanket.totewar",
            "is_restricted": false,
            "is_ultra_restricted": false
        },
        "blocks": [
            {
                "type": "rich_text",
                "block_id": "nPsU",
                "elements": [
                    {
                        "type": "rich_text_section",
                        "elements": [
                            {
                                "type": "text",
                                "text": "Hola! Where are we meeting?"
                            }
                        ]
                    }
                ]
            }
        ]
    },
    {
        "client_msg_id": "AB169283-6D7E-4142-A8B9-5D9BA37861CD",
        "type": "message",
        "text": "I give my apologies for tonight meeting. Stressed at the moment in regards to my work.  Funding dried up. All the best guys. ",
        "user": "UR1VBKHD1",
        "ts": "1586430078.031900",
        "team": "TKFJE6LDR",
        "user_team": "TKFJE6LDR",
        "source_team": "TKFJE6LDR",
        "user_profile": {
            "avatar_hash": "g1d6ae089679",
            "image_72": "https:\/\/secure.gravatar.com\/avatar\/1d6ae08967983f1973436beba61255d9.jpg?s=72&d=https%3A%2F%2Fa.slack-edge.com%2Fdf10d%2Fimg%2Favatars%2Fava_0026-72.png",
            "first_name": "David",
            "real_name": "David Parker",
            "display_name": "DeafDave",
            "team": "TKFJE6LDR",
            "name": "deafdave",
            "is_restricted": false,
            "is_ultra_restricted": false
        },
        "blocks": [
            {
                "type": "rich_text",
                "block_id": "hvbM",
                "elements": [
                    {
                        "type": "rich_text_section",
                        "elements": [
                            {
                                "type": "text",
                                "text": "I give my apologies for tonight meeting. Stressed at the moment in regards to my work.  Funding dried up. All the best guys. "
                            }
                        ]
                    }
                ]
            }
        ]
    },
    {
        "client_msg_id": "87a10bcf-b5ef-425f-b22f-d56f2a4d3bc9",
        "type": "message",
        "text": "That's terrible news <@UR1VBKHD1>  :worried:",
        "user": "UKVC4NB71",
        "ts": "1586430107.032400",
        "team": "TKFJE6LDR",
        "user_team": "TKFJE6LDR",
        "source_team": "TKFJE6LDR",
        "user_profile": {
            "avatar_hash": "c7d9788d4436",
            "image_72": "https:\/\/avatars.slack-edge.com\/2019-10-30\/814314609877_c7d9788d4436969613a7_72.jpg",
            "first_name": "Jared",
            "real_name": "Jared Morgan",
            "display_name": "jaredmorgs",
            "team": "TKFJE6LDR",
            "name": "jaredleonmorgan",
            "is_restricted": false,
            "is_ultra_restricted": false
        },
        "blocks": [
            {
                "type": "rich_text",
                "block_id": "rQdO",
                "elements": [
                    {
                        "type": "rich_text_section",
                        "elements": [
                            {
                                "type": "text",
                                "text": "That's terrible news "
                            },
                            {
                                "type": "user",
                                "user_id": "UR1VBKHD1"
                            },
                            {
                                "type": "text",
                                "text": "  "
                            },
                            {
                                "type": "emoji",
                                "name": "worried"
                            }
                        ]
                    }
                ]
            }
        ],
        "thread_ts": "1586430107.032400",
        "reply_count": 3,
        "reply_users_count": 2,
        "latest_reply": "1586430653.040400",
        "reply_users": [
            "UR1VBKHD1",
            "UKVC4NB71"
        ],
        "replies": [
            {
                "user": "UR1VBKHD1",
                "ts": "1586430214.036200"
            },
            {
                "user": "UKVC4NB71",
                "ts": "1586430607.039000"
            },
            {
                "user": "UR1VBKHD1",
                "ts": "1586430653.040400"
            }
        ],
        "subscribed": false,
        "reactions": [
            {
                "name": "disappointed_relieved",
                "users": [
                    "UR1VBKHD1"
                ],
                "count": 1
            }
        ]
    },
    {
        "client_msg_id": "9D120068-0508-4DBF-AF79-6585F82F484E",
        "type": "message",
        "text": "Tough times. I’m gonna be on unpaid leave from mid April till things get better... and seeking jobs in NZ at the moment. I hope the economy picks up soon.",
        "user": "UL9F82XL3",
        "ts": "1586430182.034800",
        "team": "TKFJE6LDR",
        "user_team": "TKFJE6LDR",
        "source_team": "TKFJE6LDR",
        "user_profile": {
            "avatar_hash": "431cbc5b0797",
            "image_72": "https:\/\/avatars.slack-edge.com\/2019-07-23\/702616820016_431cbc5b0797a8cc9f24_72.jpg",
            "first_name": "Sanket",
            "real_name": "Sanket Totewar",
            "display_name": "",
            "team": "TKFJE6LDR",
            "name": "sanket.totewar",
            "is_restricted": false,
            "is_ultra_restricted": false
        },
        "blocks": [
            {
                "type": "rich_text",
                "block_id": "9QJ",
                "elements": [
                    {
                        "type": "rich_text_section",
                        "elements": [
                            {
                                "type": "text",
                                "text": "Tough times. I’m gonna be on unpaid leave from mid April till things get better... and seeking jobs in NZ at the moment. I hope the economy picks up soon."
                            }
                        ]
                    }
                ]
            }
        ]
    },
    {
        "client_msg_id": "756ED165-0F73-4992-8162-5CB5C2B2BBBF",
        "type": "message",
        "text": "I’m not the only one. I will survive but I feel bad for my team that I will have to let a few people go next Tuesday. Not easy. ",
        "user": "UR1VBKHD1",
        "ts": "1586430214.036200",
        "team": "TKFJE6LDR",
        "user_team": "TKFJE6LDR",
        "source_team": "TKFJE6LDR",
        "user_profile": {
            "avatar_hash": "g1d6ae089679",
            "image_72": "https:\/\/secure.gravatar.com\/avatar\/1d6ae08967983f1973436beba61255d9.jpg?s=72&d=https%3A%2F%2Fa.slack-edge.com%2Fdf10d%2Fimg%2Favatars%2Fava_0026-72.png",
            "first_name": "David",
            "real_name": "David Parker",
            "display_name": "DeafDave",
            "team": "TKFJE6LDR",
            "name": "deafdave",
            "is_restricted": false,
            "is_ultra_restricted": false
        },
        "blocks": [
            {
                "type": "rich_text",
                "block_id": "Ret6",
                "elements": [
                    {
                        "type": "rich_text_section",
                        "elements": [
                            {
                                "type": "text",
                                "text": "I’m not the only one. I will survive but I feel bad for my team that I will have to let a few people go next Tuesday. Not easy. "
                            }
                        ]
                    }
                ]
            }
        ],
        "thread_ts": "1586430107.032400",
        "parent_user_id": "UKVC4NB71"
    },
    {
        "client_msg_id": "A762DE7C-FF99-43D2-9C8C-45BE6E6572F3",
        "type": "message",
        "text": "Meanwhile, I got Ubuntu to finally boot on a 2018 MacBook Pro with a T2 chip...",
        "user": "UL9F82XL3",
        "ts": "1586430225.036700",
        "team": "TKFJE6LDR",
        "user_team": "TKFJE6LDR",
        "source_team": "TKFJE6LDR",
        "user_profile": {
            "avatar_hash": "431cbc5b0797",
            "image_72": "https:\/\/avatars.slack-edge.com\/2019-07-23\/702616820016_431cbc5b0797a8cc9f24_72.jpg",
            "first_name": "Sanket",
            "real_name": "Sanket Totewar",
            "display_name": "",
            "team": "TKFJE6LDR",
            "name": "sanket.totewar",
            "is_restricted": false,
            "is_ultra_restricted": false
        },
        "blocks": [
            {
                "type": "rich_text",
                "block_id": "=n3",
                "elements": [
                    {
                        "type": "rich_text_section",
                        "elements": [
                            {
                                "type": "text",
                                "text": "Meanwhile, I got Ubuntu to finally boot on a 2018 MacBook Pro with a T2 chip..."
                            }
                        ]
                    }
                ]
            }
        ],
        "thread_ts": "1586430225.036700",
        "reply_count": 3,
        "reply_users_count": 2,
        "latest_reply": "1586430842.045700",
        "reply_users": [
            "UKVC4NB71",
            "UL9F82XL3"
        ],
        "replies": [
            {
                "user": "UKVC4NB71",
                "ts": "1586430647.040000"
            },
            {
                "user": "UL9F82XL3",
                "ts": "1586430824.045100"
            },
            {
                "user": "UL9F82XL3",
                "ts": "1586430842.045700"
            }
        ],
        "subscribed": false,
        "reactions": [
            {
                "name": "+1",
                "users": [
                    "UR1VBKHD1",
                    "UUKDDFDLM",
                    "UKVC4NB71"
                ],
                "count": 3
            }
        ]
    },
    {
        "client_msg_id": "34CB8762-F411-442F-A889-3460A26F442C",
        "type": "message",
        "text": "Is there a hangouts call? I couldn’t find the link in the invite...",
        "user": "UL9F82XL3",
        "ts": "1586430286.037400",
        "team": "TKFJE6LDR",
        "user_team": "TKFJE6LDR",
        "source_team": "TKFJE6LDR",
        "user_profile": {
            "avatar_hash": "431cbc5b0797",
            "image_72": "https:\/\/avatars.slack-edge.com\/2019-07-23\/702616820016_431cbc5b0797a8cc9f24_72.jpg",
            "first_name": "Sanket",
            "real_name": "Sanket Totewar",
            "display_name": "",
            "team": "TKFJE6LDR",
            "name": "sanket.totewar",
            "is_restricted": false,
            "is_ultra_restricted": false
        },
        "blocks": [
            {
                "type": "rich_text",
                "block_id": "70vAv",
                "elements": [
                    {
                        "type": "rich_text_section",
                        "elements": [
                            {
                                "type": "text",
                                "text": "Is there a hangouts call? I couldn’t find the link in the invite..."
                            }
                        ]
                    }
                ]
            }
        ]
    },
    {
        "client_msg_id": "18173C28-3385-4DAE-BB04-686D359BDA65",
        "type": "message",
        "text": "I’m planning on picking up some protopersonas related docs in a github PR over easter and add some related to the templates I had created in my company recently...",
        "user": "UL9F82XL3",
        "ts": "1586430472.038800",
        "team": "TKFJE6LDR",
        "user_team": "TKFJE6LDR",
        "source_team": "TKFJE6LDR",
        "user_profile": {
            "avatar_hash": "431cbc5b0797",
            "image_72": "https:\/\/avatars.slack-edge.com\/2019-07-23\/702616820016_431cbc5b0797a8cc9f24_72.jpg",
            "first_name": "Sanket",
            "real_name": "Sanket Totewar",
            "display_name": "",
            "team": "TKFJE6LDR",
            "name": "sanket.totewar",
            "is_restricted": false,
            "is_ultra_restricted": false
        },
        "blocks": [
            {
                "type": "rich_text",
                "block_id": "sq+3",
                "elements": [
                    {
                        "type": "rich_text_section",
                        "elements": [
                            {
                                "type": "text",
                                "text": "I’m planning on picking up some protopersonas related docs in a github PR over easter and add some related to the templates I had created in my company recently..."
                            }
                        ]
                    }
                ]
            }
        ]
    },
    {
        "client_msg_id": "99325737-ce3c-47e1-a118-3e30ef6886f7",
        "type": "message",
        "text": "We've already gone there unfortunately. Plus we've been asked to take a voluntary pay cut for a few months if we can.\n\nDesperate times, etc \n\nDoes the job keeper stimulus package apply to your business?",
        "user": "UKVC4NB71",
        "ts": "1586430607.039000",
        "team": "TKFJE6LDR",
        "user_team": "TKFJE6LDR",
        "source_team": "TKFJE6LDR",
        "user_profile": {
            "avatar_hash": "c7d9788d4436",
            "image_72": "https:\/\/avatars.slack-edge.com\/2019-10-30\/814314609877_c7d9788d4436969613a7_72.jpg",
            "first_name": "Jared",
            "real_name": "Jared Morgan",
            "display_name": "jaredmorgs",
            "team": "TKFJE6LDR",
            "name": "jaredleonmorgan",
            "is_restricted": false,
            "is_ultra_restricted": false
        },
        "blocks": [
            {
                "type": "rich_text",
                "block_id": "Tu0H9",
                "elements": [
                    {
                        "type": "rich_text_section",
                        "elements": [
                            {
                                "type": "text",
                                "text": "We've already gone there unfortunately. Plus we've been asked to take a voluntary pay cut for a few months if we can.\n\nDesperate times, etc \n\nDoes the job keeper stimulus package apply to your business?"
                            }
                        ]
                    }
                ]
            }
        ],
        "thread_ts": "1586430107.032400",
        "parent_user_id": "UKVC4NB71"
    },
    {
        "client_msg_id": "33d8a65b-7800-4395-8ef5-5da803e57771",
        "type": "message",
        "text": "No mean feat. Nice work",
        "user": "UKVC4NB71",
        "ts": "1586430647.040000",
        "team": "TKFJE6LDR",
        "user_team": "TKFJE6LDR",
        "source_team": "TKFJE6LDR",
        "user_profile": {
            "avatar_hash": "c7d9788d4436",
            "image_72": "https:\/\/avatars.slack-edge.com\/2019-10-30\/814314609877_c7d9788d4436969613a7_72.jpg",
            "first_name": "Jared",
            "real_name": "Jared Morgan",
            "display_name": "jaredmorgs",
            "team": "TKFJE6LDR",
            "name": "jaredleonmorgan",
            "is_restricted": false,
            "is_ultra_restricted": false
        },
        "blocks": [
            {
                "type": "rich_text",
                "block_id": "426a",
                "elements": [
                    {
                        "type": "rich_text_section",
                        "elements": [
                            {
                                "type": "text",
                                "text": "No mean feat. Nice work"
                            }
                        ]
                    }
                ]
            }
        ],
        "thread_ts": "1586430225.036700",
        "parent_user_id": "UL9F82XL3"
    },
    {
        "client_msg_id": "618B4F80-CD75-47AB-81C4-A3D76B6B065A",
        "type": "message",
        "text": "Yep I’ll find out next Tuesday. Deep breaths. Have a good Easter weekend nonetheless :) ",
        "user": "UR1VBKHD1",
        "ts": "1586430653.040400",
        "team": "TKFJE6LDR",
        "user_team": "TKFJE6LDR",
        "source_team": "TKFJE6LDR",
        "user_profile": {
            "avatar_hash": "g1d6ae089679",
            "image_72": "https:\/\/secure.gravatar.com\/avatar\/1d6ae08967983f1973436beba61255d9.jpg?s=72&d=https%3A%2F%2Fa.slack-edge.com%2Fdf10d%2Fimg%2Favatars%2Fava_0026-72.png",
            "first_name": "David",
            "real_name": "David Parker",
            "display_name": "DeafDave",
            "team": "TKFJE6LDR",
            "name": "deafdave",
            "is_restricted": false,
            "is_ultra_restricted": false
        },
        "blocks": [
            {
                "type": "rich_text",
                "block_id": "0iFV",
                "elements": [
                    {
                        "type": "rich_text_section",
                        "elements": [
                            {
                                "type": "text",
                                "text": "Yep I’ll find out next Tuesday. Deep breaths. Have a good Easter weekend nonetheless :) "
                            }
                        ]
                    }
                ]
            }
        ],
        "thread_ts": "1586430107.032400",
        "parent_user_id": "UKVC4NB71",
        "reactions": [
            {
                "name": "+1",
                "users": [
                    "UKVC4NB71"
                ],
                "count": 1
            }
        ]
    },
    {
        "client_msg_id": "312B670B-4275-4F58-9BC7-81590158C6C7",
        "type": "message",
        "text": "Thanks. Such a pain to get even the popular distros to run on the new macs. Now I’m stuck at a point where I don’t have wifi (but can use a tethered iphone), no trackpad and mac keyboard (but I’ve connected an external one and mouse) and it seems that it can’t view the SSD although I created exFat partitions on it...",
        "user": "UL9F82XL3",
        "ts": "1586430824.045100",
        "team": "TKFJE6LDR",
        "user_team": "TKFJE6LDR",
        "source_team": "TKFJE6LDR",
        "user_profile": {
            "avatar_hash": "431cbc5b0797",
            "image_72": "https:\/\/avatars.slack-edge.com\/2019-07-23\/702616820016_431cbc5b0797a8cc9f24_72.jpg",
            "first_name": "Sanket",
            "real_name": "Sanket Totewar",
            "display_name": "",
            "team": "TKFJE6LDR",
            "name": "sanket.totewar",
            "is_restricted": false,
            "is_ultra_restricted": false
        },
        "blocks": [
            {
                "type": "rich_text",
                "block_id": "al+Xd",
                "elements": [
                    {
                        "type": "rich_text_section",
                        "elements": [
                            {
                                "type": "text",
                                "text": "Thanks. Such a pain to get even the popular distros to run on the new macs. Now I’m stuck at a point where I don’t have wifi (but can use a tethered iphone), no trackpad and mac keyboard (but I’ve connected an external one and mouse) and it seems that it can’t view the SSD although I created exFat partitions on it..."
                            }
                        ]
                    }
                ]
            }
        ],
        "thread_ts": "1586430225.036700",
        "parent_user_id": "UL9F82XL3"
    },
    {
        "client_msg_id": "D1B677AE-5801-4108-96FE-D97EB5414F06",
        "type": "message",
        "text": "My office IT guys are gonna kill me...",
        "user": "UL9F82XL3",
        "ts": "1586430842.045700",
        "team": "TKFJE6LDR",
        "user_team": "TKFJE6LDR",
        "source_team": "TKFJE6LDR",
        "user_profile": {
            "avatar_hash": "431cbc5b0797",
            "image_72": "https:\/\/avatars.slack-edge.com\/2019-07-23\/702616820016_431cbc5b0797a8cc9f24_72.jpg",
            "first_name": "Sanket",
            "real_name": "Sanket Totewar",
            "display_name": "",
            "team": "TKFJE6LDR",
            "name": "sanket.totewar",
            "is_restricted": false,
            "is_ultra_restricted": false
        },
        "blocks": [
            {
                "type": "rich_text",
                "block_id": "xirH\/",
                "elements": [
                    {
                        "type": "rich_text_section",
                        "elements": [
                            {
                                "type": "text",
                                "text": "My office IT guys are gonna kill me..."
                            }
                        ]
                    }
                ]
            }
        ],
        "thread_ts": "1586430225.036700",
        "parent_user_id": "UL9F82XL3",
        "reactions": [
            {
                "name": "rolling_on_the_floor_laughing",
                "users": [
                    "UKVC4NB71",
                    "UKTGLQNGG"
                ],
                "count": 2
            }
        ]
    },
    {
        "client_msg_id": "9db6ccf3-b589-49dc-a965-92ac0d01e62c",
        "type": "message",
        "text": "I had some upstream Antora documentation work merged into its repo this week.\n\nSome very complex docs work for a new feature that lets you use path glob patterns to register start paths. Had to mine the functionality out of multiple docs bugs.",
        "user": "UKVC4NB71",
        "ts": "1586431039.048000",
        "team": "TKFJE6LDR",
        "user_team": "TKFJE6LDR",
        "source_team": "TKFJE6LDR",
        "user_profile": {
            "avatar_hash": "c7d9788d4436",
            "image_72": "https:\/\/avatars.slack-edge.com\/2019-10-30\/814314609877_c7d9788d4436969613a7_72.jpg",
            "first_name": "Jared",
            "real_name": "Jared Morgan",
            "display_name": "jaredmorgs",
            "team": "TKFJE6LDR",
            "name": "jaredleonmorgan",
            "is_restricted": false,
            "is_ultra_restricted": false
        },
        "blocks": [
            {
                "type": "rich_text",
                "block_id": "GFQo",
                "elements": [
                    {
                        "type": "rich_text_section",
                        "elements": [
                            {
                                "type": "text",
                                "text": "I had some upstream Antora documentation work merged into its repo this week.\n\nSome very complex docs work for a new feature that lets you use path glob patterns to register start paths. Had to mine the functionality out of multiple docs bugs."
                            }
                        ]
                    }
                ]
            }
        ]
    },
    {
        "client_msg_id": "d8e50f53-73d5-4ef7-be8b-fd1eeebac314",
        "type": "message",
        "text": "Sorry, I missed the coordinating of a meeting this week. I’m a bit disoriented in new role. My heart goes out to all of you going through challenging times. I’ve been layed off a few times in my career and it is not a nice feeling.",
        "user": "UKTGLQNGG",
        "ts": "1586456920.050800",
        "team": "TKFJE6LDR",
        "user_team": "TKFJE6LDR",
        "source_team": "TKFJE6LDR",
        "user_profile": {
            "avatar_hash": "ge03fcb118b0",
            "image_72": "https:\/\/secure.gravatar.com\/avatar\/9e03fcb118b0853a3fedfdee2367779d.jpg?s=72&d=https%3A%2F%2Fa.slack-edge.com%2Fdf10d%2Fimg%2Favatars%2Fava_0021-72.png",
            "first_name": "Cameron",
            "real_name": "Cameron Shorter",
            "display_name": "cameronshorter",
            "team": "TKFJE6LDR",
            "name": "cameron.shorter",
            "is_restricted": false,
            "is_ultra_restricted": false
        },
        "blocks": [
            {
                "type": "rich_text",
                "block_id": "d8XiT",
                "elements": [
                    {
                        "type": "rich_text_section",
                        "elements": [
                            {
                                "type": "text",
                                "text": "Sorry, I missed the coordinating of a meeting this week. I’m a bit disoriented in new role. My heart goes out to all of you going through challenging times. I’ve been layed off a few times in my career and it is not a nice feeling."
                            }
                        ]
                    }
                ]
            }
        ]
    },
    {
        "client_msg_id": "8E678BB8-5A4D-49BF-8182-60FFB855F984",
        "type": "message",
        "text": "An interesting short reading. <https:\/\/www.linkedin.com\/pulse\/inclusion-seclusion-its-everyones-responsibility-claire-gibbs|https:\/\/www.linkedin.com\/pulse\/inclusion-seclusion-its-everyones-responsibility-claire-gibbs>",
        "user": "UR1VBKHD1",
        "ts": "1586476279.051300",
        "team": "TKFJE6LDR",
        "user_team": "TKFJE6LDR",
        "source_team": "TKFJE6LDR",
        "user_profile": {
            "avatar_hash": "g1d6ae089679",
            "image_72": "https:\/\/secure.gravatar.com\/avatar\/1d6ae08967983f1973436beba61255d9.jpg?s=72&d=https%3A%2F%2Fa.slack-edge.com%2Fdf10d%2Fimg%2Favatars%2Fava_0026-72.png",
            "first_name": "David",
            "real_name": "David Parker",
            "display_name": "DeafDave",
            "team": "TKFJE6LDR",
            "name": "deafdave",
            "is_restricted": false,
            "is_ultra_restricted": false
        },
        "attachments": [
            {
                "title": "Inclusion in Seclusion: It's everyone's responsibility",
                "title_link": "https:\/\/www.linkedin.com\/pulse\/inclusion-seclusion-its-everyones-responsibility-claire-gibbs",
                "text": "In a new world where the only way through the pandemic is “ together but apart” the primary medium that connects us all is social media. The sad reality is that there are millions across the globe excluded from our digital community simply because they can’t access it.",
                "fallback": "Inclusion in Seclusion: It's everyone's responsibility",
                "image_url": "https:\/\/media-exp1.licdn.com\/dms\/image\/C5612AQHsVL1_ihY7bg\/article-cover_image-shrink_600_2000\/0?e=1591833600&v=beta&t=_S1KsVJObODRm6Stfvsb-Mxo6tzwNygvX8czIlJN_OI",
                "from_url": "https:\/\/www.linkedin.com\/pulse\/inclusion-seclusion-its-everyones-responsibility-claire-gibbs",
                "image_width": 456,
                "image_height": 250,
                "image_bytes": 60784,
                "service_icon": "https:\/\/static-exp1.licdn.com\/scds\/common\/u\/images\/logos\/favicons\/v1\/favicon.ico",
                "service_name": "linkedin.com",
                "id": 1,
                "original_url": "https:\/\/www.linkedin.com\/pulse\/inclusion-seclusion-its-everyones-responsibility-claire-gibbs"
            }
        ],
        "blocks": [
            {
                "type": "rich_text",
                "block_id": "R+1u1",
                "elements": [
                    {
                        "type": "rich_text_section",
                        "elements": [
                            {
                                "type": "text",
                                "text": "An interesting short reading. "
                            },
                            {
                                "type": "link",
                                "url": "https:\/\/www.linkedin.com\/pulse\/inclusion-seclusion-its-everyones-responsibility-claire-gibbs",
                                "text": "https:\/\/www.linkedin.com\/pulse\/inclusion-seclusion-its-everyones-responsibility-claire-gibbs"
                            }
                        ]
                    }
                ]
            }
        ]
    },
    {
        "client_msg_id": "9ddacb21-fef5-42f6-a5b1-85ebdd1cfb8e",
        "type": "message",
        "text": "<@UL2AA1FF1>, <@UL3UNUMK6> I like your list of doc types. I reckon we should discuss these in our next meeting. I added a couple of extra doc types <https:\/\/github.com\/thegooddocsproject\/templates\/wiki\/List-of-documentation-types-with-references\/_compare\/4a4c3f91cb7c7070670a19670d17e1682dc4c53b...4d6b8c1579ae78e5fc2717f7a655c946296df808|https:\/\/github.com\/thegooddocsproject\/templates\/wiki\/List-of-documentation-types-with-references\/_compare\/4a4c3f91cb7c7070670a19670d17e1682dc4c53b...4d6b8c1579ae78e5fc2717f7a655c946296df808>",
        "user": "UKTGLQNGG",
        "ts": "1586496834.053200",
        "team": "TKFJE6LDR",
        "user_team": "TKFJE6LDR",
        "source_team": "TKFJE6LDR",
        "user_profile": {
            "avatar_hash": "ge03fcb118b0",
            "image_72": "https:\/\/secure.gravatar.com\/avatar\/9e03fcb118b0853a3fedfdee2367779d.jpg?s=72&d=https%3A%2F%2Fa.slack-edge.com%2Fdf10d%2Fimg%2Favatars%2Fava_0021-72.png",
            "first_name": "Cameron",
            "real_name": "Cameron Shorter",
            "display_name": "cameronshorter",
            "team": "TKFJE6LDR",
            "name": "cameron.shorter",
            "is_restricted": false,
            "is_ultra_restricted": false
        },
        "blocks": [
            {
                "type": "rich_text",
                "block_id": "BnJ",
                "elements": [
                    {
                        "type": "rich_text_section",
                        "elements": [
                            {
                                "type": "user",
                                "user_id": "UL2AA1FF1"
                            },
                            {
                                "type": "text",
                                "text": ", "
                            },
                            {
                                "type": "user",
                                "user_id": "UL3UNUMK6"
                            },
                            {
                                "type": "text",
                                "text": " I like your list of doc types. I reckon we should discuss these in our next meeting. I added a couple of extra doc types "
                            },
                            {
                                "type": "link",
                                "url": "https:\/\/github.com\/thegooddocsproject\/templates\/wiki\/List-of-documentation-types-with-references\/_compare\/4a4c3f91cb7c7070670a19670d17e1682dc4c53b...4d6b8c1579ae78e5fc2717f7a655c946296df808",
                                "text": "https:\/\/github.com\/thegooddocsproject\/templates\/wiki\/List-of-documentation-types-with-references\/_compare\/4a4c3f91cb7c7070670a19670d17e1682dc4c53b...4d6b8c1579ae78e5fc2717f7a655c946296df808"
                            }
                        ]
                    }
                ]
            }
        ],
        "reactions": [
            {
                "name": "tada",
                "users": [
                    "UL2AA1FF1",
                    "UKTGLQNGG"
                ],
                "count": 2
            }
        ]
    }
]