[
    {
        "client_msg_id": "4bf0212c-811d-46ce-a2c7-572e7097545d",
        "type": "message",
        "text": "I'm starting to review these to clear them out. If I'm the second reviewer and I don't see anything wrong I'm merging it.",
        "user": "UKVC4NB71",
        "ts": "1589280083.247100",
        "team": "TKFJE6LDR",
        "user_team": "TKFJE6LDR",
        "source_team": "TKFJE6LDR",
        "user_profile": {
            "avatar_hash": "c7d9788d4436",
            "image_72": "https:\/\/avatars.slack-edge.com\/2019-10-30\/814314609877_c7d9788d4436969613a7_72.jpg",
            "first_name": "Jared",
            "real_name": "Jared Morgan",
            "display_name": "jaredmorgs",
            "team": "TKFJE6LDR",
            "name": "jaredleonmorgan",
            "is_restricted": false,
            "is_ultra_restricted": false
        },
        "blocks": [
            {
                "type": "rich_text",
                "block_id": "rAQ",
                "elements": [
                    {
                        "type": "rich_text_section",
                        "elements": [
                            {
                                "type": "text",
                                "text": "I'm starting to review these to clear them out. If I'm the second reviewer and I don't see anything wrong I'm merging it."
                            }
                        ]
                    }
                ]
            }
        ],
        "thread_ts": "1588713330.213900",
        "parent_user_id": "U012J5AMMEY"
    },
    {
        "client_msg_id": "f5f61edd-1549-446f-85f7-fa8c5c834837",
        "type": "message",
        "text": "Could someone else reciprocate where appropriate.",
        "user": "UKVC4NB71",
        "ts": "1589280115.247300",
        "team": "TKFJE6LDR",
        "user_team": "TKFJE6LDR",
        "source_team": "TKFJE6LDR",
        "user_profile": {
            "avatar_hash": "c7d9788d4436",
            "image_72": "https:\/\/avatars.slack-edge.com\/2019-10-30\/814314609877_c7d9788d4436969613a7_72.jpg",
            "first_name": "Jared",
            "real_name": "Jared Morgan",
            "display_name": "jaredmorgs",
            "team": "TKFJE6LDR",
            "name": "jaredleonmorgan",
            "is_restricted": false,
            "is_ultra_restricted": false
        },
        "blocks": [
            {
                "type": "rich_text",
                "block_id": "+Lh",
                "elements": [
                    {
                        "type": "rich_text_section",
                        "elements": [
                            {
                                "type": "text",
                                "text": "Could someone else reciprocate where appropriate."
                            }
                        ]
                    }
                ]
            }
        ],
        "thread_ts": "1588713330.213900",
        "parent_user_id": "U012J5AMMEY"
    },
    {
        "client_msg_id": "8ed3b7f6-b8d9-44bc-af1e-1764be05a22e",
        "type": "message",
        "text": "Thanks Jared. I trust your judgement. (for those watching, Jared is a seasoned technical writer)",
        "user": "UKTGLQNGG",
        "ts": "1589280194.247500",
        "team": "TKFJE6LDR",
        "user_team": "TKFJE6LDR",
        "source_team": "TKFJE6LDR",
        "user_profile": {
            "avatar_hash": "ge03fcb118b0",
            "image_72": "https:\/\/secure.gravatar.com\/avatar\/9e03fcb118b0853a3fedfdee2367779d.jpg?s=72&d=https%3A%2F%2Fa.slack-edge.com%2Fdf10d%2Fimg%2Favatars%2Fava_0021-72.png",
            "first_name": "Cameron",
            "real_name": "Cameron Shorter",
            "display_name": "cameronshorter",
            "team": "TKFJE6LDR",
            "name": "cameron.shorter",
            "is_restricted": false,
            "is_ultra_restricted": false
        },
        "blocks": [
            {
                "type": "rich_text",
                "block_id": "WIgU",
                "elements": [
                    {
                        "type": "rich_text_section",
                        "elements": [
                            {
                                "type": "text",
                                "text": "Thanks Jared. I trust your judgement. (for those watching, Jared is a seasoned technical writer)"
                            }
                        ]
                    }
                ]
            }
        ],
        "thread_ts": "1588713330.213900",
        "parent_user_id": "U012J5AMMEY"
    },
    {
        "client_msg_id": "0b73c3ce-27c3-4bbe-9914-e98a742dfcdc",
        "type": "message",
        "text": "<@UKVC4NB71> I'm looking at pull requests which have stalled, which I think we should reject and take off our in list. Starting with <https:\/\/github.com\/thegooddocsproject\/templates\/pull\/91> . I'm not sure what github best practice is here? I assume I should select Close and it would go away?",
        "user": "UKTGLQNGG",
        "ts": "1589280643.247700",
        "team": "TKFJE6LDR",
        "user_team": "TKFJE6LDR",
        "source_team": "TKFJE6LDR",
        "user_profile": {
            "avatar_hash": "ge03fcb118b0",
            "image_72": "https:\/\/secure.gravatar.com\/avatar\/9e03fcb118b0853a3fedfdee2367779d.jpg?s=72&d=https%3A%2F%2Fa.slack-edge.com%2Fdf10d%2Fimg%2Favatars%2Fava_0021-72.png",
            "first_name": "Cameron",
            "real_name": "Cameron Shorter",
            "display_name": "cameronshorter",
            "team": "TKFJE6LDR",
            "name": "cameron.shorter",
            "is_restricted": false,
            "is_ultra_restricted": false
        },
        "attachments": [
            {
                "author_name": "totewar",
                "fallback": "[thegooddocsproject\/templates] #91 Added Proto Personas",
                "text": "• added an about page\n• added proto-personas for developers, non-native english humans, newbie wordsmiths and leaders",
                "title": "#91 Added Proto Personas",
                "footer": "<https:\/\/github.com\/thegooddocsproject\/templates|thegooddocsproject\/templates>",
                "id": 1,
                "title_link": "https:\/\/github.com\/thegooddocsproject\/templates\/pull\/91",
                "author_link": "https:\/\/github.com\/totewar",
                "author_icon": "https:\/\/avatars0.githubusercontent.com\/u\/49668128?v=4",
                "footer_icon": "https:\/\/github.githubassets.com\/favicon.ico",
                "ts": 1575862096,
                "color": "36a64f",
                "fields": [
                    {
                        "title": "Comments",
                        "value": "4",
                        "short": true
                    },
                    {
                        "title": "Reviewers",
                        "value": "@camerons",
                        "short": true
                    }
                ],
                "mrkdwn_in": [
                    "text"
                ],
                "bot_id": "BU8U6P6AH",
                "app_unfurl_url": "https:\/\/github.com\/thegooddocsproject\/templates\/pull\/91",
                "is_app_unfurl": true
            }
        ],
        "blocks": [
            {
                "type": "rich_text",
                "block_id": "Hehoa",
                "elements": [
                    {
                        "type": "rich_text_section",
                        "elements": [
                            {
                                "type": "user",
                                "user_id": "UKVC4NB71"
                            },
                            {
                                "type": "text",
                                "text": " I'm looking at pull requests which have stalled, which I think we should reject and take off our in list. Starting with "
                            },
                            {
                                "type": "link",
                                "url": "https:\/\/github.com\/thegooddocsproject\/templates\/pull\/91"
                            },
                            {
                                "type": "text",
                                "text": " . I'm not sure what github best practice is here? I assume I should select Close and it would go away?"
                            }
                        ]
                    }
                ]
            }
        ],
        "thread_ts": "1588713330.213900",
        "parent_user_id": "U012J5AMMEY"
    },
    {
        "client_msg_id": "1e322dae-a707-4586-9ce3-f9fdc7077c83",
        "type": "message",
        "text": "I agree <@UKTGLQNGG> \nI am +1 that pull requests should only be kept if there is ongoing development happening in the PR.",
        "user": "UKVC4NB71",
        "ts": "1589280849.248000",
        "team": "TKFJE6LDR",
        "user_team": "TKFJE6LDR",
        "source_team": "TKFJE6LDR",
        "user_profile": {
            "avatar_hash": "c7d9788d4436",
            "image_72": "https:\/\/avatars.slack-edge.com\/2019-10-30\/814314609877_c7d9788d4436969613a7_72.jpg",
            "first_name": "Jared",
            "real_name": "Jared Morgan",
            "display_name": "jaredmorgs",
            "team": "TKFJE6LDR",
            "name": "jaredleonmorgan",
            "is_restricted": false,
            "is_ultra_restricted": false
        },
        "blocks": [
            {
                "type": "rich_text",
                "block_id": "RY\/",
                "elements": [
                    {
                        "type": "rich_text_section",
                        "elements": [
                            {
                                "type": "text",
                                "text": "I agree "
                            },
                            {
                                "type": "user",
                                "user_id": "UKTGLQNGG"
                            },
                            {
                                "type": "text",
                                "text": " \nI am +1 that pull requests should only be kept if there is ongoing development happening in the PR."
                            }
                        ]
                    }
                ]
            }
        ],
        "thread_ts": "1588713330.213900",
        "parent_user_id": "U012J5AMMEY"
    },
    {
        "client_msg_id": "86ac9aa6-2e9b-4a3f-a10f-1a57dee11563",
        "type": "message",
        "text": "Close this one off with a comment <@UKTGLQNGG>",
        "user": "UKVC4NB71",
        "ts": "1589280871.248200",
        "team": "TKFJE6LDR",
        "user_team": "TKFJE6LDR",
        "source_team": "TKFJE6LDR",
        "user_profile": {
            "avatar_hash": "c7d9788d4436",
            "image_72": "https:\/\/avatars.slack-edge.com\/2019-10-30\/814314609877_c7d9788d4436969613a7_72.jpg",
            "first_name": "Jared",
            "real_name": "Jared Morgan",
            "display_name": "jaredmorgs",
            "team": "TKFJE6LDR",
            "name": "jaredleonmorgan",
            "is_restricted": false,
            "is_ultra_restricted": false
        },
        "blocks": [
            {
                "type": "rich_text",
                "block_id": "T2o",
                "elements": [
                    {
                        "type": "rich_text_section",
                        "elements": [
                            {
                                "type": "text",
                                "text": "Close this one off with a comment "
                            },
                            {
                                "type": "user",
                                "user_id": "UKTGLQNGG"
                            }
                        ]
                    }
                ]
            }
        ],
        "thread_ts": "1588713330.213900",
        "parent_user_id": "U012J5AMMEY"
    },
    {
        "client_msg_id": "534df592-2737-4849-bc51-2f06c4b9b293",
        "type": "message",
        "text": "Hello everyone, I am a Computer Science sophomore at Birla Institute of Technology Mesra, India. I am currently working for GirlScript Jamshedpur as the lead content and technical writer.\nI am interested in applying for Google Season of Docs as I understand the importance of documentation. Can anyone help me out please? Please enlighten me about the pre-requisites and the technological knowledge I must be sound with.",
        "user": "U01474W7A6L",
        "ts": "1589305175.251200",
        "team": "TKFJE6LDR",
        "user_team": "TKFJE6LDR",
        "source_team": "TKFJE6LDR",
        "user_profile": {
            "avatar_hash": "g36be463ce60",
            "image_72": "https:\/\/secure.gravatar.com\/avatar\/36be463ce601596ea4331c9e1187d33c.jpg?s=72&d=https%3A%2F%2Fa.slack-edge.com%2Fdf10d%2Fimg%2Favatars%2Fava_0013-72.png",
            "first_name": "",
            "real_name": "Ankita Priya",
            "display_name": "Ankita Priya",
            "team": "TKFJE6LDR",
            "name": "ankitapriya2011",
            "is_restricted": false,
            "is_ultra_restricted": false
        },
        "edited": {
            "user": "U01474W7A6L",
            "ts": "1589305271.000000"
        },
        "blocks": [
            {
                "type": "rich_text",
                "block_id": "No+Q",
                "elements": [
                    {
                        "type": "rich_text_section",
                        "elements": [
                            {
                                "type": "text",
                                "text": "Hello everyone, I am a Computer Science sophomore at Birla Institute of Technology Mesra, India. I am currently working for GirlScript Jamshedpur as the lead content and technical writer.\nI am interested in applying for Google Season of Docs as I understand the importance of documentation. Can anyone help me out please? Please enlighten me about the pre-requisites and the technological knowledge I must be sound with."
                            }
                        ]
                    }
                ]
            }
        ]
    },
    {
        "client_msg_id": "2d794eb0-1e46-4831-bf7e-f4de80e614b1",
        "type": "message",
        "text": "<@UKTGLQNGG> I think you should specifically add the \"non acceptance of uni students\" to the wiki. I joined with the intention of a paid spot and shot you an email as well but am willing to stick around as a volunteer. Not many will do the same. I foresee many joining the channel with a long introduction and ultimately stating that they are a uni student :) Maybe you could pin your message to the channel as a warning for uni students?",
        "user": "U013SP763UH",
        "ts": "1589305513.251400",
        "team": "TKFJE6LDR",
        "user_team": "TKFJE6LDR",
        "source_team": "TKFJE6LDR",
        "user_profile": {
            "avatar_hash": "ge679a953230",
            "image_72": "https:\/\/secure.gravatar.com\/avatar\/e679a953230d7fe2144b09ae62707900.jpg?s=72&d=https%3A%2F%2Fa.slack-edge.com%2Fdf10d%2Fimg%2Favatars%2Fava_0015-72.png",
            "first_name": "Shreyas",
            "real_name": "Shreyas Thirumalai",
            "display_name": "shreyas1599",
            "team": "TKFJE6LDR",
            "name": "shreyasthirumalai",
            "is_restricted": false,
            "is_ultra_restricted": false
        },
        "blocks": [
            {
                "type": "rich_text",
                "block_id": "bzi",
                "elements": [
                    {
                        "type": "rich_text_section",
                        "elements": [
                            {
                                "type": "user",
                                "user_id": "UKTGLQNGG"
                            },
                            {
                                "type": "text",
                                "text": " I think you should specifically add the \"non acceptance of uni students\" to the wiki. I joined with the intention of a paid spot and shot you an email as well but am willing to stick around as a volunteer. Not many will do the same. I foresee many joining the channel with a long introduction and ultimately stating that they are a uni student :) Maybe you could pin your message to the channel as a warning for uni students?"
                            }
                        ]
                    }
                ]
            }
        ],
        "thread_ts": "1589263769.244400",
        "parent_user_id": "UKTGLQNGG"
    },
    {
        "client_msg_id": "62b26303-6ceb-4bb9-9e7e-211554678a44",
        "type": "message",
        "text": "Thanks for the suggestion <@U013SP763UH>. I've updated in line with your suggestion. <https:\/\/github.com\/thegooddocsproject\/templates\/wiki\/Season-of-Docs-Ideas-2020#get-involved>",
        "user": "UKTGLQNGG",
        "ts": "1589314357.251600",
        "team": "TKFJE6LDR",
        "user_team": "TKFJE6LDR",
        "source_team": "TKFJE6LDR",
        "user_profile": {
            "avatar_hash": "ge03fcb118b0",
            "image_72": "https:\/\/secure.gravatar.com\/avatar\/9e03fcb118b0853a3fedfdee2367779d.jpg?s=72&d=https%3A%2F%2Fa.slack-edge.com%2Fdf10d%2Fimg%2Favatars%2Fava_0021-72.png",
            "first_name": "Cameron",
            "real_name": "Cameron Shorter",
            "display_name": "cameronshorter",
            "team": "TKFJE6LDR",
            "name": "cameron.shorter",
            "is_restricted": false,
            "is_ultra_restricted": false
        },
        "blocks": [
            {
                "type": "rich_text",
                "block_id": "xK0Lg",
                "elements": [
                    {
                        "type": "rich_text_section",
                        "elements": [
                            {
                                "type": "text",
                                "text": "Thanks for the suggestion "
                            },
                            {
                                "type": "user",
                                "user_id": "U013SP763UH"
                            },
                            {
                                "type": "text",
                                "text": ". I've updated in line with your suggestion. "
                            },
                            {
                                "type": "link",
                                "url": "https:\/\/github.com\/thegooddocsproject\/templates\/wiki\/Season-of-Docs-Ideas-2020#get-involved"
                            }
                        ]
                    }
                ]
            }
        ],
        "thread_ts": "1589263769.244400",
        "parent_user_id": "UKTGLQNGG",
        "reactions": [
            {
                "name": "+1",
                "users": [
                    "U013SP763UH"
                ],
                "count": 1
            }
        ]
    },
    {
        "client_msg_id": "135653e9-ba02-4972-9529-81a406cc5610",
        "type": "message",
        "text": "Hi there <@U01474W7A6L> have you read <https:\/\/github.com\/thegooddocsproject\/templates\/wiki\/Season-of-Docs-Ideas-2020#get-involved> linked above. This describes the type of writer we're after.",
        "user": "UKVC4NB71",
        "ts": "1589324401.252600",
        "team": "TKFJE6LDR",
        "user_team": "TKFJE6LDR",
        "source_team": "TKFJE6LDR",
        "user_profile": {
            "avatar_hash": "c7d9788d4436",
            "image_72": "https:\/\/avatars.slack-edge.com\/2019-10-30\/814314609877_c7d9788d4436969613a7_72.jpg",
            "first_name": "Jared",
            "real_name": "Jared Morgan",
            "display_name": "jaredmorgs",
            "team": "TKFJE6LDR",
            "name": "jaredleonmorgan",
            "is_restricted": false,
            "is_ultra_restricted": false
        },
        "blocks": [
            {
                "type": "rich_text",
                "block_id": "4TssD",
                "elements": [
                    {
                        "type": "rich_text_section",
                        "elements": [
                            {
                                "type": "text",
                                "text": "Hi there "
                            },
                            {
                                "type": "user",
                                "user_id": "U01474W7A6L"
                            },
                            {
                                "type": "text",
                                "text": " have you read "
                            },
                            {
                                "type": "link",
                                "url": "https:\/\/github.com\/thegooddocsproject\/templates\/wiki\/Season-of-Docs-Ideas-2020#get-involved"
                            },
                            {
                                "type": "text",
                                "text": " linked above. This describes the type of writer we're after."
                            }
                        ]
                    }
                ]
            }
        ]
    },
    {
        "client_msg_id": "2222fb14-64f6-441e-b395-62f929943aef",
        "type": "message",
        "text": "Proposed agenda for our weekly status meeting tomorrow: \n* Planning for Season of Docs\n* Defining and documenting our process for accepting pull requests\n* Working through outstanding pull requests",
        "user": "UKTGLQNGG",
        "ts": "1589338139.253900",
        "team": "TKFJE6LDR",
        "user_team": "TKFJE6LDR",
        "source_team": "TKFJE6LDR",
        "user_profile": {
            "avatar_hash": "ge03fcb118b0",
            "image_72": "https:\/\/secure.gravatar.com\/avatar\/9e03fcb118b0853a3fedfdee2367779d.jpg?s=72&d=https%3A%2F%2Fa.slack-edge.com%2Fdf10d%2Fimg%2Favatars%2Fava_0021-72.png",
            "first_name": "Cameron",
            "real_name": "Cameron Shorter",
            "display_name": "cameronshorter",
            "team": "TKFJE6LDR",
            "name": "cameron.shorter",
            "is_restricted": false,
            "is_ultra_restricted": false
        },
        "blocks": [
            {
                "type": "rich_text",
                "block_id": "liH",
                "elements": [
                    {
                        "type": "rich_text_section",
                        "elements": [
                            {
                                "type": "text",
                                "text": "Proposed agenda for our weekly status meeting tomorrow: \n* Planning for Season of Docs\n* Defining and documenting our process for accepting pull requests\n* Working through outstanding pull requests"
                            }
                        ]
                    }
                ]
            }
        ]
    },
    {
        "client_msg_id": "33180021-9e07-43e4-bcfb-daea0dea6ecc",
        "type": "message",
        "text": "<@UKVC4NB71> I know this timeslot is hard for you, happy to move forward or back an hour or two if that helps.",
        "user": "UKTGLQNGG",
        "ts": "1589338188.255200",
        "team": "TKFJE6LDR",
        "user_team": "TKFJE6LDR",
        "source_team": "TKFJE6LDR",
        "user_profile": {
            "avatar_hash": "ge03fcb118b0",
            "image_72": "https:\/\/secure.gravatar.com\/avatar\/9e03fcb118b0853a3fedfdee2367779d.jpg?s=72&d=https%3A%2F%2Fa.slack-edge.com%2Fdf10d%2Fimg%2Favatars%2Fava_0021-72.png",
            "first_name": "Cameron",
            "real_name": "Cameron Shorter",
            "display_name": "cameronshorter",
            "team": "TKFJE6LDR",
            "name": "cameron.shorter",
            "is_restricted": false,
            "is_ultra_restricted": false
        },
        "blocks": [
            {
                "type": "rich_text",
                "block_id": "e11",
                "elements": [
                    {
                        "type": "rich_text_section",
                        "elements": [
                            {
                                "type": "user",
                                "user_id": "UKVC4NB71"
                            },
                            {
                                "type": "text",
                                "text": " I know this timeslot is hard for you, happy to move forward or back an hour or two if that helps."
                            }
                        ]
                    }
                ]
            }
        ]
    },
    {
        "client_msg_id": "afca5d1a-0840-44fe-897e-e031cbd44909",
        "type": "message",
        "text": "Is it the 7pm slot?",
        "user": "UKVC4NB71",
        "ts": "1589338239.256900",
        "team": "TKFJE6LDR",
        "user_team": "TKFJE6LDR",
        "source_team": "TKFJE6LDR",
        "user_profile": {
            "avatar_hash": "c7d9788d4436",
            "image_72": "https:\/\/avatars.slack-edge.com\/2019-10-30\/814314609877_c7d9788d4436969613a7_72.jpg",
            "first_name": "Jared",
            "real_name": "Jared Morgan",
            "display_name": "jaredmorgs",
            "team": "TKFJE6LDR",
            "name": "jaredleonmorgan",
            "is_restricted": false,
            "is_ultra_restricted": false
        },
        "blocks": [
            {
                "type": "rich_text",
                "block_id": "MHb",
                "elements": [
                    {
                        "type": "rich_text_section",
                        "elements": [
                            {
                                "type": "text",
                                "text": "Is it the 7pm slot?"
                            }
                        ]
                    }
                ]
            }
        ]
    },
    {
        "client_msg_id": "2ba19921-a75d-4f4f-8f43-e57ecb1899c3",
        "type": "message",
        "text": "Jared yes. Others, reach out to me if you want an invite to the Google meet meeting, I'll need to google email address or smilar. Timeslot is <https:\/\/www.timeanddate.com\/worldclock\/meetingtime.html?day=14&amp;month=5&amp;year=2020&amp;p1=240&amp;p2=136&amp;p3=179&amp;p4=224&amp;iv=0|https:\/\/www.timeanddate.com\/worldclock\/meetingtime.html?day=14&amp;month=5&amp;year=2020&amp;p1=240&amp;p2=136&amp;p3=179&amp;p4=224&amp;iv=0>",
        "user": "UKTGLQNGG",
        "ts": "1589338263.257500",
        "team": "TKFJE6LDR",
        "user_team": "TKFJE6LDR",
        "source_team": "TKFJE6LDR",
        "user_profile": {
            "avatar_hash": "ge03fcb118b0",
            "image_72": "https:\/\/secure.gravatar.com\/avatar\/9e03fcb118b0853a3fedfdee2367779d.jpg?s=72&d=https%3A%2F%2Fa.slack-edge.com%2Fdf10d%2Fimg%2Favatars%2Fava_0021-72.png",
            "first_name": "Cameron",
            "real_name": "Cameron Shorter",
            "display_name": "cameronshorter",
            "team": "TKFJE6LDR",
            "name": "cameron.shorter",
            "is_restricted": false,
            "is_ultra_restricted": false
        },
        "attachments": [
            {
                "title": "The World Clock Meeting Planner - Results",
                "title_link": "https:\/\/www.timeanddate.com\/worldclock\/meetingtime.html?day=14&month=5&year=2020&p1=240&p2=136&p3=179&p4=224&iv=0",
                "text": "Results from the Meeting Planner that finds a suitable time to call or meet with people from around the world.",
                "fallback": "The World Clock Meeting Planner - Results",
                "image_url": "https:\/\/c.tadst.com\/gfx\/og\/tadlogo-facebook.png",
                "from_url": "https:\/\/www.timeanddate.com\/worldclock\/meetingtime.html?day=14&month=5&year=2020&p1=240&p2=136&p3=179&p4=224&iv=0",
                "image_width": 476,
                "image_height": 250,
                "image_bytes": 55884,
                "service_icon": "https:\/\/www.timeanddate.com\/favicon.ico",
                "service_name": "timeanddate.com",
                "id": 1,
                "original_url": "https:\/\/www.timeanddate.com\/worldclock\/meetingtime.html?day=14&amp;month=5&amp;year=2020&amp;p1=240&amp;p2=136&amp;p3=179&amp;p4=224&amp;iv=0"
            }
        ],
        "blocks": [
            {
                "type": "rich_text",
                "block_id": "tXZF",
                "elements": [
                    {
                        "type": "rich_text_section",
                        "elements": [
                            {
                                "type": "text",
                                "text": "Jared yes. Others, reach out to me if you want an invite to the Google meet meeting, I'll need to google email address or smilar. Timeslot is "
                            },
                            {
                                "type": "link",
                                "url": "https:\/\/www.timeanddate.com\/worldclock\/meetingtime.html?day=14&month=5&year=2020&p1=240&p2=136&p3=179&p4=224&iv=0",
                                "text": "https:\/\/www.timeanddate.com\/worldclock\/meetingtime.html?day=14&month=5&year=2020&p1=240&p2=136&p3=179&p4=224&iv=0"
                            }
                        ]
                    }
                ]
            }
        ]
    },
    {
        "client_msg_id": "817750cc-986b-422b-8efd-a7713353ec55",
        "type": "message",
        "text": "oops, 7am",
        "user": "UKTGLQNGG",
        "ts": "1589338285.257900",
        "team": "TKFJE6LDR",
        "user_team": "TKFJE6LDR",
        "source_team": "TKFJE6LDR",
        "user_profile": {
            "avatar_hash": "ge03fcb118b0",
            "image_72": "https:\/\/secure.gravatar.com\/avatar\/9e03fcb118b0853a3fedfdee2367779d.jpg?s=72&d=https%3A%2F%2Fa.slack-edge.com%2Fdf10d%2Fimg%2Favatars%2Fava_0021-72.png",
            "first_name": "Cameron",
            "real_name": "Cameron Shorter",
            "display_name": "cameronshorter",
            "team": "TKFJE6LDR",
            "name": "cameron.shorter",
            "is_restricted": false,
            "is_ultra_restricted": false
        },
        "blocks": [
            {
                "type": "rich_text",
                "block_id": "kJh",
                "elements": [
                    {
                        "type": "rich_text_section",
                        "elements": [
                            {
                                "type": "text",
                                "text": "oops, 7am"
                            }
                        ]
                    }
                ]
            }
        ]
    }
]