[
    {
        "client_msg_id": "2e67edbb-0d8b-4cc5-a0cd-259fbde9eaf4",
        "type": "message",
        "text": "Thank you, I just joined and submitted a PR to add this.",
        "user": "UTCKDLXJ9",
        "ts": "1580547637.011200",
        "team": "TKFJE6LDR",
        "user_team": "TKFJE6LDR",
        "source_team": "TKFJE6LDR",
        "user_profile": {
            "avatar_hash": "0be4307e6d1c",
            "image_72": "https:\/\/avatars.slack-edge.com\/2020-05-22\/1152413971041_0be4307e6d1c12a4752f_72.jpg",
            "first_name": "",
            "real_name": "Bolaji Ayodeji",
            "display_name": "Bolaji Ayodeji",
            "team": "TKFJE6LDR",
            "name": "sirbeejay1",
            "is_restricted": false,
            "is_ultra_restricted": false
        },
        "blocks": [
            {
                "type": "rich_text",
                "block_id": "w7B",
                "elements": [
                    {
                        "type": "rich_text_section",
                        "elements": [
                            {
                                "type": "text",
                                "text": "Thank you, I just joined and submitted a PR to add this."
                            }
                        ]
                    }
                ]
            }
        ],
        "thread_ts": "1580463055.008800",
        "parent_user_id": "UTCKDLXJ9"
    },
    {
        "client_msg_id": "52192287-2129-4683-983c-b7f24e6fd45f",
        "type": "message",
        "text": "thank you!!",
        "user": "UL2AA1FF1",
        "ts": "1580550038.011400",
        "team": "TKFJE6LDR",
        "user_team": "TKFJE6LDR",
        "source_team": "TKFJE6LDR",
        "user_profile": {
            "avatar_hash": "22135067b36d",
            "image_72": "https:\/\/avatars.slack-edge.com\/2019-10-23\/805254797908_22135067b36dfb715e99_72.jpg",
            "first_name": "",
            "real_name": "Erin McKean",
            "display_name": "Erin McKean",
            "team": "TKFJE6LDR",
            "name": "emckean",
            "is_restricted": false,
            "is_ultra_restricted": false
        },
        "blocks": [
            {
                "type": "rich_text",
                "block_id": "u3qBQ",
                "elements": [
                    {
                        "type": "rich_text_section",
                        "elements": [
                            {
                                "type": "text",
                                "text": "thank you!!"
                            }
                        ]
                    }
                ]
            }
        ],
        "thread_ts": "1580463055.008800",
        "parent_user_id": "UTCKDLXJ9",
        "reactions": [
            {
                "name": "+1",
                "users": [
                    "UTCKDLXJ9"
                ],
                "count": 1
            }
        ]
    }
]