[
    {
        "client_msg_id": "f0ee0c29-1ada-4e45-8b39-6027d5a022e4",
        "type": "message",
        "text": "do we have an agenda for this week? I have a phone meeting at 3 pm PDT but I will catch up after",
        "user": "UL2AA1FF1",
        "ts": "1586970039.069600",
        "team": "TKFJE6LDR",
        "user_team": "TKFJE6LDR",
        "source_team": "TKFJE6LDR",
        "user_profile": {
            "avatar_hash": "22135067b36d",
            "image_72": "https:\/\/avatars.slack-edge.com\/2019-10-23\/805254797908_22135067b36dfb715e99_72.jpg",
            "first_name": "",
            "real_name": "Erin McKean",
            "display_name": "Erin McKean",
            "team": "TKFJE6LDR",
            "name": "emckean",
            "is_restricted": false,
            "is_ultra_restricted": false
        },
        "blocks": [
            {
                "type": "rich_text",
                "block_id": "Uk=",
                "elements": [
                    {
                        "type": "rich_text_section",
                        "elements": [
                            {
                                "type": "text",
                                "text": "do we have an agenda for this week? I have a phone meeting at 3 pm PDT but I will catch up after"
                            }
                        ]
                    }
                ]
            }
        ]
    },
    {
        "client_msg_id": "2f0c71e4-47ac-499c-84d6-8ff61b19093e",
        "type": "message",
        "text": "I'd like to propose that we sign up with OpenCollective to receive funds\/donations to use to accelerate template creation :slightly_smiling_face:",
        "user": "UL2AA1FF1",
        "ts": "1586970085.070300",
        "team": "TKFJE6LDR",
        "user_team": "TKFJE6LDR",
        "source_team": "TKFJE6LDR",
        "user_profile": {
            "avatar_hash": "22135067b36d",
            "image_72": "https:\/\/avatars.slack-edge.com\/2019-10-23\/805254797908_22135067b36dfb715e99_72.jpg",
            "first_name": "",
            "real_name": "Erin McKean",
            "display_name": "Erin McKean",
            "team": "TKFJE6LDR",
            "name": "emckean",
            "is_restricted": false,
            "is_ultra_restricted": false
        },
        "blocks": [
            {
                "type": "rich_text",
                "block_id": "Z0Rto",
                "elements": [
                    {
                        "type": "rich_text_section",
                        "elements": [
                            {
                                "type": "text",
                                "text": "I'd like to propose that we sign up with OpenCollective to receive funds\/donations to use to accelerate template creation "
                            },
                            {
                                "type": "emoji",
                                "name": "slightly_smiling_face"
                            }
                        ]
                    }
                ]
            }
        ]
    },
    {
        "client_msg_id": "b310ad67-fdf8-4f65-ad42-fb0de57f7301",
        "type": "message",
        "text": "especially as\/if people have been furloughed -- I'm trying to work out if I can use some of my events budget as a donation instead, fingers crossed!",
        "user": "UL2AA1FF1",
        "ts": "1586970168.071000",
        "team": "TKFJE6LDR",
        "user_team": "TKFJE6LDR",
        "source_team": "TKFJE6LDR",
        "user_profile": {
            "avatar_hash": "22135067b36d",
            "image_72": "https:\/\/avatars.slack-edge.com\/2019-10-23\/805254797908_22135067b36dfb715e99_72.jpg",
            "first_name": "",
            "real_name": "Erin McKean",
            "display_name": "Erin McKean",
            "team": "TKFJE6LDR",
            "name": "emckean",
            "is_restricted": false,
            "is_ultra_restricted": false
        },
        "blocks": [
            {
                "type": "rich_text",
                "block_id": "4C4y",
                "elements": [
                    {
                        "type": "rich_text_section",
                        "elements": [
                            {
                                "type": "text",
                                "text": "especially as\/if people have been furloughed -- I'm trying to work out if I can use some of my events budget as a donation instead, fingers crossed!"
                            }
                        ]
                    }
                ]
            }
        ],
        "reactions": [
            {
                "name": "+1",
                "users": [
                    "UKVC4NB71"
                ],
                "count": 1
            }
        ]
    },
    {
        "client_msg_id": "08945a62-5e49-4818-a906-094550104be1",
        "type": "message",
        "text": "In case you missed it, I've pushed our meeting back 30 mins (from now): Meeting will be on Google Hangouts, and have our slack channel <#CQT6T04CW|general> channel open too. <https:\/\/app.slack.com\/client\/TKFJE6LDR\/CQT6T04CW|https:\/\/app.slack.com\/client\/TKFJE6LDR\/CQT6T04CW>\n\nProposed agenda:\n* What projects should we stand up for SeasonOfDocs. <https:\/\/github.com\/thegooddocsproject\/templates\/wiki\/Season-of-Docs|https:\/\/github.com\/thegooddocsproject\/templates\/wiki\/Season-of-Docs>\n* Following up on Daniel Beck's doc checklist - possibly as a Season of Docs project. \n* Criteria is that we will need at least one more mentor. (We can have more and split the load)\n* Let's discuss Clarence\/Erin's list of doc types: <https:\/\/github.com\/thegooddocsproject\/templates\/wiki\/List-of-documentation-types-with-references|https:\/\/github.com\/thegooddocsproject\/templates\/wiki\/List-of-documentation-types-with-references>",
        "user": "UKTGLQNGG",
        "ts": "1586988220.073600",
        "team": "TKFJE6LDR",
        "user_team": "TKFJE6LDR",
        "source_team": "TKFJE6LDR",
        "user_profile": {
            "avatar_hash": "ge03fcb118b0",
            "image_72": "https:\/\/secure.gravatar.com\/avatar\/9e03fcb118b0853a3fedfdee2367779d.jpg?s=72&d=https%3A%2F%2Fa.slack-edge.com%2Fdf10d%2Fimg%2Favatars%2Fava_0021-72.png",
            "first_name": "Cameron",
            "real_name": "Cameron Shorter",
            "display_name": "cameronshorter",
            "team": "TKFJE6LDR",
            "name": "cameron.shorter",
            "is_restricted": false,
            "is_ultra_restricted": false
        },
        "blocks": [
            {
                "type": "rich_text",
                "block_id": "bALKo",
                "elements": [
                    {
                        "type": "rich_text_section",
                        "elements": [
                            {
                                "type": "text",
                                "text": "In case you missed it, I've pushed our meeting back 30 mins (from now): Meeting will be on Google Hangouts, and have our slack channel "
                            },
                            {
                                "type": "channel",
                                "channel_id": "CQT6T04CW"
                            },
                            {
                                "type": "text",
                                "text": " channel open too. "
                            },
                            {
                                "type": "link",
                                "url": "https:\/\/app.slack.com\/client\/TKFJE6LDR\/CQT6T04CW",
                                "text": "https:\/\/app.slack.com\/client\/TKFJE6LDR\/CQT6T04CW"
                            },
                            {
                                "type": "text",
                                "text": "\n\nProposed agenda:\n* What projects should we stand up for SeasonOfDocs. "
                            },
                            {
                                "type": "link",
                                "url": "https:\/\/github.com\/thegooddocsproject\/templates\/wiki\/Season-of-Docs",
                                "text": "https:\/\/github.com\/thegooddocsproject\/templates\/wiki\/Season-of-Docs"
                            },
                            {
                                "type": "text",
                                "text": "\n* Following up on Daniel Beck's doc checklist - possibly as a Season of Docs project. \n* Criteria is that we will need at least one more mentor. (We can have more and split the load)\n* Let's discuss Clarence\/Erin's list of doc types: "
                            },
                            {
                                "type": "link",
                                "url": "https:\/\/github.com\/thegooddocsproject\/templates\/wiki\/List-of-documentation-types-with-references",
                                "text": "https:\/\/github.com\/thegooddocsproject\/templates\/wiki\/List-of-documentation-types-with-references"
                            }
                        ]
                    }
                ]
            }
        ]
    }
]