[
    {
        "client_msg_id": "7d156e1f-b79c-4d78-a2b4-5097d2511c44",
        "type": "message",
        "text": "<!here> TheGoodDocsProject meeting now.",
        "user": "UKTGLQNGG",
        "ts": "1580239706.000600",
        "team": "TKFJE6LDR",
        "user_team": "TKFJE6LDR",
        "source_team": "TKFJE6LDR",
        "user_profile": {
            "avatar_hash": "ge03fcb118b0",
            "image_72": "https:\/\/secure.gravatar.com\/avatar\/9e03fcb118b0853a3fedfdee2367779d.jpg?s=72&d=https%3A%2F%2Fa.slack-edge.com%2Fdf10d%2Fimg%2Favatars%2Fava_0021-72.png",
            "first_name": "Cameron",
            "real_name": "Cameron Shorter",
            "display_name": "cameronshorter",
            "team": "TKFJE6LDR",
            "name": "cameron.shorter",
            "is_restricted": false,
            "is_ultra_restricted": false
        },
        "blocks": [
            {
                "type": "rich_text",
                "block_id": "UAhR",
                "elements": [
                    {
                        "type": "rich_text_section",
                        "elements": [
                            {
                                "type": "broadcast",
                                "range": "here"
                            },
                            {
                                "type": "text",
                                "text": " TheGoodDocsProject meeting now."
                            }
                        ]
                    }
                ]
            }
        ]
    },
    {
        "client_msg_id": "901988a1-d6c4-4e31-b43a-73274870e813",
        "type": "message",
        "text": "<https:\/\/github.com\/kbariotis\/templates>",
        "user": "UKTGLQNGG",
        "ts": "1580241193.000900",
        "team": "TKFJE6LDR",
        "user_team": "TKFJE6LDR",
        "source_team": "TKFJE6LDR",
        "user_profile": {
            "avatar_hash": "ge03fcb118b0",
            "image_72": "https:\/\/secure.gravatar.com\/avatar\/9e03fcb118b0853a3fedfdee2367779d.jpg?s=72&d=https%3A%2F%2Fa.slack-edge.com%2Fdf10d%2Fimg%2Favatars%2Fava_0021-72.png",
            "first_name": "Cameron",
            "real_name": "Cameron Shorter",
            "display_name": "cameronshorter",
            "team": "TKFJE6LDR",
            "name": "cameron.shorter",
            "is_restricted": false,
            "is_ultra_restricted": false
        },
        "attachments": [
            {
                "service_name": "GitHub",
                "title": "kbariotis\/templates",
                "title_link": "https:\/\/github.com\/kbariotis\/templates",
                "text": "A set of standard document templates. Contribute to kbariotis\/templates development by creating an account on GitHub.",
                "fallback": "GitHub: kbariotis\/templates",
                "thumb_url": "https:\/\/avatars3.githubusercontent.com\/u\/605742?s=400&v=4",
                "from_url": "https:\/\/github.com\/kbariotis\/templates",
                "thumb_width": 400,
                "thumb_height": 400,
                "service_icon": "https:\/\/a.slack-edge.com\/80588\/img\/unfurl_icons\/github.png",
                "id": 1,
                "original_url": "https:\/\/github.com\/kbariotis\/templates"
            }
        ],
        "blocks": [
            {
                "type": "rich_text",
                "block_id": "t81B",
                "elements": [
                    {
                        "type": "rich_text_section",
                        "elements": [
                            {
                                "type": "link",
                                "url": "https:\/\/github.com\/kbariotis\/templates"
                            }
                        ]
                    }
                ]
            }
        ]
    },
    {
        "client_msg_id": "15E0B70E-CFC6-4E31-94A1-8F66613B340D",
        "type": "message",
        "text": "Completely lost my internet connection, just switched to NBN, it’s been very flaky. <@UKTGLQNGG> did I miss anything in that last few minutes (if there is meeting minutes that will be sent out feel free to just ignore that and I’ll read those) ",
        "user": "UR4F409LG",
        "ts": "1580241847.004100",
        "team": "TKFJE6LDR",
        "user_team": "TKFJE6LDR",
        "source_team": "TKFJE6LDR",
        "user_profile": {
            "avatar_hash": "g79ec87b785b",
            "image_72": "https:\/\/secure.gravatar.com\/avatar\/79ec87b785b963697860ca73ad5e539e.jpg?s=72&d=https%3A%2F%2Fa.slack-edge.com%2Fdf10d%2Fimg%2Favatars%2Fava_0003-72.png",
            "first_name": "",
            "real_name": "Francesco Lanciana",
            "display_name": "Francesco Lanciana",
            "team": "TKFJE6LDR",
            "name": "francescolanciana",
            "is_restricted": false,
            "is_ultra_restricted": false
        },
        "blocks": [
            {
                "type": "rich_text",
                "block_id": "uX54",
                "elements": [
                    {
                        "type": "rich_text_section",
                        "elements": [
                            {
                                "type": "text",
                                "text": "Completely lost my internet connection, just switched to NBN, it’s been very flaky. "
                            },
                            {
                                "type": "user",
                                "user_id": "UKTGLQNGG"
                            },
                            {
                                "type": "text",
                                "text": " did I miss anything in that last few minutes (if there is meeting minutes that will be sent out feel free to just ignore that and I’ll read those) "
                            }
                        ]
                    }
                ]
            }
        ]
    },
    {
        "client_msg_id": "c180ef55-6e7f-4e29-b255-ddcc5132767f",
        "type": "message",
        "text": "We are wrapping up. Suggested that you put your comments into email so others can jump in.",
        "user": "UKTGLQNGG",
        "ts": "1580241883.004800",
        "team": "TKFJE6LDR",
        "user_team": "TKFJE6LDR",
        "source_team": "TKFJE6LDR",
        "user_profile": {
            "avatar_hash": "ge03fcb118b0",
            "image_72": "https:\/\/secure.gravatar.com\/avatar\/9e03fcb118b0853a3fedfdee2367779d.jpg?s=72&d=https%3A%2F%2Fa.slack-edge.com%2Fdf10d%2Fimg%2Favatars%2Fava_0021-72.png",
            "first_name": "Cameron",
            "real_name": "Cameron Shorter",
            "display_name": "cameronshorter",
            "team": "TKFJE6LDR",
            "name": "cameron.shorter",
            "is_restricted": false,
            "is_ultra_restricted": false
        },
        "blocks": [
            {
                "type": "rich_text",
                "block_id": "a6d",
                "elements": [
                    {
                        "type": "rich_text_section",
                        "elements": [
                            {
                                "type": "text",
                                "text": "We are wrapping up. Suggested that you put your comments into email so others can jump in."
                            }
                        ]
                    }
                ]
            }
        ]
    },
    {
        "client_msg_id": "08394508-2C99-4F8C-9CC7-DA7C5104EA98",
        "type": "message",
        "text": "Alrighty, I’ll do that today :)",
        "user": "UR4F409LG",
        "ts": "1580241909.005300",
        "team": "TKFJE6LDR",
        "user_team": "TKFJE6LDR",
        "source_team": "TKFJE6LDR",
        "user_profile": {
            "avatar_hash": "g79ec87b785b",
            "image_72": "https:\/\/secure.gravatar.com\/avatar\/79ec87b785b963697860ca73ad5e539e.jpg?s=72&d=https%3A%2F%2Fa.slack-edge.com%2Fdf10d%2Fimg%2Favatars%2Fava_0003-72.png",
            "first_name": "",
            "real_name": "Francesco Lanciana",
            "display_name": "Francesco Lanciana",
            "team": "TKFJE6LDR",
            "name": "francescolanciana",
            "is_restricted": false,
            "is_ultra_restricted": false
        },
        "blocks": [
            {
                "type": "rich_text",
                "block_id": "PnaFn",
                "elements": [
                    {
                        "type": "rich_text_section",
                        "elements": [
                            {
                                "type": "text",
                                "text": "Alrighty, I’ll do that today :)"
                            }
                        ]
                    }
                ]
            }
        ]
    }
]