[
    {
        "client_msg_id": "1d19419f-101b-4e2b-ab51-12ffee026790",
        "type": "message",
        "text": "Hey <@UL3UNUMK6>, <@UL2AA1FF1> anything you wish to discuss re TheGoodDocsProject this week?",
        "user": "UKTGLQNGG",
        "ts": "1583350502.003900",
        "team": "TKFJE6LDR",
        "user_team": "TKFJE6LDR",
        "source_team": "TKFJE6LDR",
        "user_profile": {
            "avatar_hash": "ge03fcb118b0",
            "image_72": "https:\/\/secure.gravatar.com\/avatar\/9e03fcb118b0853a3fedfdee2367779d.jpg?s=72&d=https%3A%2F%2Fa.slack-edge.com%2Fdf10d%2Fimg%2Favatars%2Fava_0021-72.png",
            "first_name": "Cameron",
            "real_name": "Cameron Shorter",
            "display_name": "cameronshorter",
            "team": "TKFJE6LDR",
            "name": "cameron.shorter",
            "is_restricted": false,
            "is_ultra_restricted": false
        },
        "blocks": [
            {
                "type": "rich_text",
                "block_id": "Sg4",
                "elements": [
                    {
                        "type": "rich_text_section",
                        "elements": [
                            {
                                "type": "text",
                                "text": "Hey "
                            },
                            {
                                "type": "user",
                                "user_id": "UL3UNUMK6"
                            },
                            {
                                "type": "text",
                                "text": ", "
                            },
                            {
                                "type": "user",
                                "user_id": "UL2AA1FF1"
                            },
                            {
                                "type": "text",
                                "text": " anything you wish to discuss re TheGoodDocsProject this week?"
                            }
                        ]
                    }
                ]
            }
        ]
    },
    {
        "client_msg_id": "09df275c-077b-42ca-a186-14c349aa69ea",
        "type": "message",
        "text": "yes -- I have had an action item to redirect the www to the apex domain",
        "user": "UL2AA1FF1",
        "ts": "1583350542.004300",
        "team": "TKFJE6LDR",
        "user_team": "TKFJE6LDR",
        "source_team": "TKFJE6LDR",
        "user_profile": {
            "avatar_hash": "22135067b36d",
            "image_72": "https:\/\/avatars.slack-edge.com\/2019-10-23\/805254797908_22135067b36dfb715e99_72.jpg",
            "first_name": "",
            "real_name": "Erin McKean",
            "display_name": "Erin McKean",
            "team": "TKFJE6LDR",
            "name": "emckean",
            "is_restricted": false,
            "is_ultra_restricted": false
        },
        "blocks": [
            {
                "type": "rich_text",
                "block_id": "J8DU2",
                "elements": [
                    {
                        "type": "rich_text_section",
                        "elements": [
                            {
                                "type": "text",
                                "text": "yes -- I have had an action item to redirect the www to the apex domain"
                            }
                        ]
                    }
                ]
            }
        ]
    },
    {
        "client_msg_id": "03a974ff-59a6-4254-bec5-724c5fe9f42c",
        "type": "message",
        "text": "it's been failing because we don't have SSL enabled on the GDP",
        "user": "UL2AA1FF1",
        "ts": "1583350551.004700",
        "team": "TKFJE6LDR",
        "user_team": "TKFJE6LDR",
        "source_team": "TKFJE6LDR",
        "user_profile": {
            "avatar_hash": "22135067b36d",
            "image_72": "https:\/\/avatars.slack-edge.com\/2019-10-23\/805254797908_22135067b36dfb715e99_72.jpg",
            "first_name": "",
            "real_name": "Erin McKean",
            "display_name": "Erin McKean",
            "team": "TKFJE6LDR",
            "name": "emckean",
            "is_restricted": false,
            "is_ultra_restricted": false
        },
        "blocks": [
            {
                "type": "rich_text",
                "block_id": "y\/5",
                "elements": [
                    {
                        "type": "rich_text_section",
                        "elements": [
                            {
                                "type": "text",
                                "text": "it's been failing because we don't have SSL enabled on the GDP"
                            }
                        ]
                    }
                ]
            }
        ]
    },
    {
        "client_msg_id": "bd6a3d0f-eada-4a4a-8cb2-1b66201174df",
        "type": "message",
        "text": "ok if I enable it for the GDP Github pages?",
        "user": "UL2AA1FF1",
        "ts": "1583350564.005000",
        "team": "TKFJE6LDR",
        "user_team": "TKFJE6LDR",
        "source_team": "TKFJE6LDR",
        "user_profile": {
            "avatar_hash": "22135067b36d",
            "image_72": "https:\/\/avatars.slack-edge.com\/2019-10-23\/805254797908_22135067b36dfb715e99_72.jpg",
            "first_name": "",
            "real_name": "Erin McKean",
            "display_name": "Erin McKean",
            "team": "TKFJE6LDR",
            "name": "emckean",
            "is_restricted": false,
            "is_ultra_restricted": false
        },
        "blocks": [
            {
                "type": "rich_text",
                "block_id": "xXt",
                "elements": [
                    {
                        "type": "rich_text_section",
                        "elements": [
                            {
                                "type": "text",
                                "text": "ok if I enable it for the GDP Github pages?"
                            }
                        ]
                    }
                ]
            }
        ]
    },
    {
        "client_msg_id": "c8080155-f62e-4315-9908-e83e34491eae",
        "type": "message",
        "text": "I assume so.",
        "user": "UKTGLQNGG",
        "ts": "1583350593.005200",
        "team": "TKFJE6LDR",
        "user_team": "TKFJE6LDR",
        "source_team": "TKFJE6LDR",
        "user_profile": {
            "avatar_hash": "ge03fcb118b0",
            "image_72": "https:\/\/secure.gravatar.com\/avatar\/9e03fcb118b0853a3fedfdee2367779d.jpg?s=72&d=https%3A%2F%2Fa.slack-edge.com%2Fdf10d%2Fimg%2Favatars%2Fava_0021-72.png",
            "first_name": "Cameron",
            "real_name": "Cameron Shorter",
            "display_name": "cameronshorter",
            "team": "TKFJE6LDR",
            "name": "cameron.shorter",
            "is_restricted": false,
            "is_ultra_restricted": false
        },
        "blocks": [
            {
                "type": "rich_text",
                "block_id": "dAN43",
                "elements": [
                    {
                        "type": "rich_text_section",
                        "elements": [
                            {
                                "type": "text",
                                "text": "I assume so."
                            }
                        ]
                    }
                ]
            }
        ]
    },
    {
        "client_msg_id": "c494eaee-26f9-4930-ab0f-c6bf36ebce6a",
        "type": "message",
        "text": ":thumbsup:",
        "user": "UL2AA1FF1",
        "ts": "1583350616.006000",
        "team": "TKFJE6LDR",
        "user_team": "TKFJE6LDR",
        "source_team": "TKFJE6LDR",
        "user_profile": {
            "avatar_hash": "22135067b36d",
            "image_72": "https:\/\/avatars.slack-edge.com\/2019-10-23\/805254797908_22135067b36dfb715e99_72.jpg",
            "first_name": "",
            "real_name": "Erin McKean",
            "display_name": "Erin McKean",
            "team": "TKFJE6LDR",
            "name": "emckean",
            "is_restricted": false,
            "is_ultra_restricted": false
        },
        "blocks": [
            {
                "type": "rich_text",
                "block_id": "A4k",
                "elements": [
                    {
                        "type": "rich_text_section",
                        "elements": [
                            {
                                "type": "emoji",
                                "name": "thumbsup"
                            }
                        ]
                    }
                ]
            }
        ]
    },
    {
        "client_msg_id": "335113cc-158e-49d9-8c3f-01bd606219e8",
        "type": "message",
        "text": "We are a do-ocracy - if you reckon you know how to fix it, then send the suggestion to our email list and how you plan to fix it. If no one objects within 24 hours, then consider you have the ok.",
        "user": "UKTGLQNGG",
        "ts": "1583350677.007200",
        "team": "TKFJE6LDR",
        "user_team": "TKFJE6LDR",
        "source_team": "TKFJE6LDR",
        "user_profile": {
            "avatar_hash": "ge03fcb118b0",
            "image_72": "https:\/\/secure.gravatar.com\/avatar\/9e03fcb118b0853a3fedfdee2367779d.jpg?s=72&d=https%3A%2F%2Fa.slack-edge.com%2Fdf10d%2Fimg%2Favatars%2Fava_0021-72.png",
            "first_name": "Cameron",
            "real_name": "Cameron Shorter",
            "display_name": "cameronshorter",
            "team": "TKFJE6LDR",
            "name": "cameron.shorter",
            "is_restricted": false,
            "is_ultra_restricted": false
        },
        "blocks": [
            {
                "type": "rich_text",
                "block_id": "VSn",
                "elements": [
                    {
                        "type": "rich_text_section",
                        "elements": [
                            {
                                "type": "text",
                                "text": "We are a do-ocracy - if you reckon you know how to fix it, then send the suggestion to our email list and how you plan to fix it. If no one objects within 24 hours, then consider you have the ok."
                            }
                        ]
                    }
                ]
            }
        ],
        "reactions": [
            {
                "name": "+1",
                "users": [
                    "UL2AA1FF1"
                ],
                "count": 1
            }
        ]
    },
    {
        "client_msg_id": "8e2c031c-8011-4ca7-b97b-6ea9cd79cbec",
        "type": "message",
        "text": "I’ve met a couple more people yesterday who I’m thinking might help us. Carolina Totterman is likely to be asking some newbie git questions soon. She also has some good ideas from an ex-school teacher’s perspective. Also from a marketing writer’s perspective.",
        "user": "UKTGLQNGG",
        "ts": "1583350868.009500",
        "team": "TKFJE6LDR",
        "user_team": "TKFJE6LDR",
        "source_team": "TKFJE6LDR",
        "user_profile": {
            "avatar_hash": "ge03fcb118b0",
            "image_72": "https:\/\/secure.gravatar.com\/avatar\/9e03fcb118b0853a3fedfdee2367779d.jpg?s=72&d=https%3A%2F%2Fa.slack-edge.com%2Fdf10d%2Fimg%2Favatars%2Fava_0021-72.png",
            "first_name": "Cameron",
            "real_name": "Cameron Shorter",
            "display_name": "cameronshorter",
            "team": "TKFJE6LDR",
            "name": "cameron.shorter",
            "is_restricted": false,
            "is_ultra_restricted": false
        },
        "blocks": [
            {
                "type": "rich_text",
                "block_id": "1M++X",
                "elements": [
                    {
                        "type": "rich_text_section",
                        "elements": [
                            {
                                "type": "text",
                                "text": "I’ve met a couple more people yesterday who I’m thinking might help us. Carolina Totterman is likely to be asking some newbie git questions soon. She also has some good ideas from an ex-school teacher’s perspective. Also from a marketing writer’s perspective."
                            }
                        ]
                    }
                ]
            }
        ],
        "reactions": [
            {
                "name": "tada",
                "users": [
                    "UL2AA1FF1"
                ],
                "count": 1
            }
        ]
    },
    {
        "client_msg_id": "9b13753c-c85f-4626-917d-da4a74011db6",
        "type": "message",
        "text": "Jennifer Weiley is working within one of Australia’s state government agencies on a program driving consolidation of Australian state government website content. She is keen to adopt standard docs like what we are doing and we discussed aligning with TheGoodDocsProject. I’m hoping we will see her jump onto one of our forums within a month or two. (She is reading up on some of our stuff now.)",
        "user": "UKTGLQNGG",
        "ts": "1583351085.012400",
        "team": "TKFJE6LDR",
        "user_team": "TKFJE6LDR",
        "source_team": "TKFJE6LDR",
        "user_profile": {
            "avatar_hash": "ge03fcb118b0",
            "image_72": "https:\/\/secure.gravatar.com\/avatar\/9e03fcb118b0853a3fedfdee2367779d.jpg?s=72&d=https%3A%2F%2Fa.slack-edge.com%2Fdf10d%2Fimg%2Favatars%2Fava_0021-72.png",
            "first_name": "Cameron",
            "real_name": "Cameron Shorter",
            "display_name": "cameronshorter",
            "team": "TKFJE6LDR",
            "name": "cameron.shorter",
            "is_restricted": false,
            "is_ultra_restricted": false
        },
        "blocks": [
            {
                "type": "rich_text",
                "block_id": "pD2",
                "elements": [
                    {
                        "type": "rich_text_section",
                        "elements": [
                            {
                                "type": "text",
                                "text": "Jennifer Weiley is working within one of Australia’s state government agencies on a program driving consolidation of Australian state government website content. She is keen to adopt standard docs like what we are doing and we discussed aligning with TheGoodDocsProject. I’m hoping we will see her jump onto one of our forums within a month or two. (She is reading up on some of our stuff now.)"
                            }
                        ]
                    }
                ]
            }
        ],
        "reactions": [
            {
                "name": "tada",
                "users": [
                    "UL2AA1FF1"
                ],
                "count": 1
            }
        ]
    },
    {
        "client_msg_id": "92135085-b1f2-4d70-8ecc-189d415c401f",
        "type": "message",
        "text": "I have missed some meetings. I've got a commitment at 8pm tonight but I think this meeting reconvenes at 9pm. Could someone please @ ping me when it's on? Thanks!",
        "user": "UKV4ZPEFQ",
        "ts": "1583361441.013900",
        "team": "TKFJE6LDR",
        "user_team": "TKFJE6LDR",
        "source_team": "TKFJE6LDR",
        "user_profile": {
            "avatar_hash": "g854c628ef64",
            "image_72": "https:\/\/secure.gravatar.com\/avatar\/6854c628ef64a4c129a994522e17cdf2.jpg?s=72&d=https%3A%2F%2Fa.slack-edge.com%2Fdf10d%2Fimg%2Favatars%2Fava_0007-72.png",
            "first_name": "felicitybrand",
            "real_name": "felicitybrand",
            "display_name": "flicstar",
            "team": "TKFJE6LDR",
            "name": "felicitybrand",
            "is_restricted": false,
            "is_ultra_restricted": false
        },
        "blocks": [
            {
                "type": "rich_text",
                "block_id": "0ZoOb",
                "elements": [
                    {
                        "type": "rich_text_section",
                        "elements": [
                            {
                                "type": "text",
                                "text": "I have missed some meetings. I've got a commitment at 8pm tonight but I think this meeting reconvenes at 9pm. Could someone please @ ping me when it's on? Thanks!"
                            }
                        ]
                    }
                ]
            }
        ],
        "thread_ts": "1583361441.013900",
        "reply_count": 2,
        "reply_users_count": 1,
        "latest_reply": "1583362629.014600",
        "reply_users": [
            "UKTGLQNGG"
        ],
        "replies": [
            {
                "user": "UKTGLQNGG",
                "ts": "1583362431.014300"
            },
            {
                "user": "UKTGLQNGG",
                "ts": "1583362629.014600"
            }
        ],
        "subscribed": true,
        "last_read": "1583362629.014600"
    },
    {
        "client_msg_id": "3cb2efcf-7c4c-4683-8787-bac8021b6100",
        "type": "message",
        "text": "Sure <@UKV4ZPEFQ> - see you at 9pm Melbourne\/Sydney time.",
        "user": "UKTGLQNGG",
        "ts": "1583362431.014300",
        "team": "TKFJE6LDR",
        "user_team": "TKFJE6LDR",
        "source_team": "TKFJE6LDR",
        "user_profile": {
            "avatar_hash": "ge03fcb118b0",
            "image_72": "https:\/\/secure.gravatar.com\/avatar\/9e03fcb118b0853a3fedfdee2367779d.jpg?s=72&d=https%3A%2F%2Fa.slack-edge.com%2Fdf10d%2Fimg%2Favatars%2Fava_0021-72.png",
            "first_name": "Cameron",
            "real_name": "Cameron Shorter",
            "display_name": "cameronshorter",
            "team": "TKFJE6LDR",
            "name": "cameron.shorter",
            "is_restricted": false,
            "is_ultra_restricted": false
        },
        "blocks": [
            {
                "type": "rich_text",
                "block_id": "2O1w",
                "elements": [
                    {
                        "type": "rich_text_section",
                        "elements": [
                            {
                                "type": "text",
                                "text": "Sure "
                            },
                            {
                                "type": "user",
                                "user_id": "UKV4ZPEFQ"
                            },
                            {
                                "type": "text",
                                "text": " - see you at 9pm Melbourne\/Sydney time."
                            }
                        ]
                    }
                ]
            }
        ],
        "thread_ts": "1583361441.013900",
        "parent_user_id": "UKV4ZPEFQ"
    },
    {
        "client_msg_id": "59226cd7-f311-402a-9f90-099527503741",
        "type": "message",
        "text": "Oh, actually, I'll be trying out an art (painting) class at the pub tonight with my wife and friends. (I think you are supposed to keep drinking beer until your artwork looks like a masterpiece.)  I likely won't be back by 9pm.",
        "user": "UKTGLQNGG",
        "ts": "1583362629.014600",
        "team": "TKFJE6LDR",
        "user_team": "TKFJE6LDR",
        "source_team": "TKFJE6LDR",
        "user_profile": {
            "avatar_hash": "ge03fcb118b0",
            "image_72": "https:\/\/secure.gravatar.com\/avatar\/9e03fcb118b0853a3fedfdee2367779d.jpg?s=72&d=https%3A%2F%2Fa.slack-edge.com%2Fdf10d%2Fimg%2Favatars%2Fava_0021-72.png",
            "first_name": "Cameron",
            "real_name": "Cameron Shorter",
            "display_name": "cameronshorter",
            "team": "TKFJE6LDR",
            "name": "cameron.shorter",
            "is_restricted": false,
            "is_ultra_restricted": false
        },
        "blocks": [
            {
                "type": "rich_text",
                "block_id": "gStK",
                "elements": [
                    {
                        "type": "rich_text_section",
                        "elements": [
                            {
                                "type": "text",
                                "text": "Oh, actually, I'll be trying out an art (painting) class at the pub tonight with my wife and friends. (I think you are supposed to keep drinking beer until your artwork looks like a masterpiece.)  I likely won't be back by 9pm."
                            }
                        ]
                    }
                ]
            }
        ],
        "thread_ts": "1583361441.013900",
        "parent_user_id": "UKV4ZPEFQ"
    }
]