[
    {
        "client_msg_id": "af118cfe-bc67-4937-892c-c8a30fbc6fbd",
        "type": "message",
        "text": "I'm filling in the Season of Docs application - it requires two mentors per allocated tech writer. Based on that arithematic, it appears we only have capacity to mentor one writer.",
        "user": "UKTGLQNGG",
        "ts": "1588319096.192300",
        "team": "TKFJE6LDR",
        "user_team": "TKFJE6LDR",
        "source_team": "TKFJE6LDR",
        "user_profile": {
            "avatar_hash": "ge03fcb118b0",
            "image_72": "https:\/\/secure.gravatar.com\/avatar\/9e03fcb118b0853a3fedfdee2367779d.jpg?s=72&d=https%3A%2F%2Fa.slack-edge.com%2Fdf10d%2Fimg%2Favatars%2Fava_0021-72.png",
            "first_name": "Cameron",
            "real_name": "Cameron Shorter",
            "display_name": "cameronshorter",
            "team": "TKFJE6LDR",
            "name": "cameron.shorter",
            "is_restricted": false,
            "is_ultra_restricted": false
        },
        "blocks": [
            {
                "type": "rich_text",
                "block_id": "OnihB",
                "elements": [
                    {
                        "type": "rich_text_section",
                        "elements": [
                            {
                                "type": "text",
                                "text": "I'm filling in the Season of Docs application - it requires two mentors per allocated tech writer. Based on that arithematic, it appears we only have capacity to mentor one writer."
                            }
                        ]
                    }
                ]
            }
        ],
        "reactions": [
            {
                "name": "+1",
                "users": [
                    "UL2AA1FF1"
                ],
                "count": 1
            }
        ]
    },
    {
        "client_msg_id": "143c968c-cb6b-4e97-b3af-f89ffe97b078",
        "type": "message",
        "text": "Access to the doc is fixed. The link permissions were wrong. Sorry about that!",
        "user": "U011GCVJFQF",
        "ts": "1588323519.192400",
        "team": "TKFJE6LDR",
        "user_team": "TKFJE6LDR",
        "source_team": "TKFJE6LDR",
        "user_profile": {
            "avatar_hash": "5859193991fb",
            "image_72": "https:\/\/avatars.slack-edge.com\/2020-04-16\/1066602100115_5859193991fb4bbebcdf_72.png",
            "first_name": "",
            "real_name": "Daniel Beck",
            "display_name": "Daniel Beck",
            "team": "TKFJE6LDR",
            "name": "daniel",
            "is_restricted": false,
            "is_ultra_restricted": false
        },
        "blocks": [
            {
                "type": "rich_text",
                "block_id": "Jrzr",
                "elements": [
                    {
                        "type": "rich_text_section",
                        "elements": [
                            {
                                "type": "text",
                                "text": "Access to the doc is fixed. The link permissions were wrong. Sorry about that!"
                            }
                        ]
                    }
                ]
            }
        ],
        "thread_ts": "1588273699.183200",
        "parent_user_id": "U011GCVJFQF"
    },
    {
        "client_msg_id": "4dbd96a6-625f-4b63-8e59-75b7c8b3a2bd",
        "type": "message",
        "text": "Thanks, I'll have a look.",
        "user": "UKTGLQNGG",
        "ts": "1588323595.192600",
        "team": "TKFJE6LDR",
        "user_team": "TKFJE6LDR",
        "source_team": "TKFJE6LDR",
        "user_profile": {
            "avatar_hash": "ge03fcb118b0",
            "image_72": "https:\/\/secure.gravatar.com\/avatar\/9e03fcb118b0853a3fedfdee2367779d.jpg?s=72&d=https%3A%2F%2Fa.slack-edge.com%2Fdf10d%2Fimg%2Favatars%2Fava_0021-72.png",
            "first_name": "Cameron",
            "real_name": "Cameron Shorter",
            "display_name": "cameronshorter",
            "team": "TKFJE6LDR",
            "name": "cameron.shorter",
            "is_restricted": false,
            "is_ultra_restricted": false
        },
        "blocks": [
            {
                "type": "rich_text",
                "block_id": "vp\/Ef",
                "elements": [
                    {
                        "type": "rich_text_section",
                        "elements": [
                            {
                                "type": "text",
                                "text": "Thanks, I'll have a look."
                            }
                        ]
                    }
                ]
            }
        ],
        "thread_ts": "1588273699.183200",
        "parent_user_id": "U011GCVJFQF"
    },
    {
        "client_msg_id": "3bffee8f-5194-4034-8210-d24bc0122d9d",
        "type": "message",
        "text": "<@UKTGLQNGG>’s RFQ comment confused me - is that document a proposal for Season of Docs or is it step 1 towards a checklist?",
        "user": "U012J5AMMEY",
        "ts": "1588358142.192900",
        "team": "TKFJE6LDR",
        "user_team": "TKFJE6LDR",
        "source_team": "TKFJE6LDR",
        "user_profile": {
            "avatar_hash": "f0294109ed4a",
            "image_72": "https:\/\/avatars.slack-edge.com\/2020-04-23\/1080225857475_f0294109ed4a12a988f3_72.jpg",
            "first_name": "Max",
            "real_name": "Max Voskob",
            "display_name": "Max Voskob",
            "team": "TKFJE6LDR",
            "name": "max",
            "is_restricted": false,
            "is_ultra_restricted": false
        },
        "blocks": [
            {
                "type": "rich_text",
                "block_id": "OKVI",
                "elements": [
                    {
                        "type": "rich_text_section",
                        "elements": [
                            {
                                "type": "user",
                                "user_id": "UKTGLQNGG"
                            },
                            {
                                "type": "text",
                                "text": "’s RFQ comment confused me - is that document a proposal for Season of Docs or is it step 1 towards a checklist?"
                            }
                        ]
                    }
                ]
            }
        ],
        "thread_ts": "1588273699.183200",
        "parent_user_id": "U011GCVJFQF"
    },
    {
        "client_msg_id": "8d839fa4-a687-485e-a25e-8163f6ab1d27",
        "type": "message",
        "text": "I created <https:\/\/github.com\/thegooddocsproject\/templates\/wiki\/Research-questions> with questions I'd love to find answers to.",
        "user": "U012J5AMMEY",
        "ts": "1588362557.193900",
        "team": "TKFJE6LDR",
        "user_team": "TKFJE6LDR",
        "source_team": "TKFJE6LDR",
        "user_profile": {
            "avatar_hash": "f0294109ed4a",
            "image_72": "https:\/\/avatars.slack-edge.com\/2020-04-23\/1080225857475_f0294109ed4a12a988f3_72.jpg",
            "first_name": "Max",
            "real_name": "Max Voskob",
            "display_name": "Max Voskob",
            "team": "TKFJE6LDR",
            "name": "max",
            "is_restricted": false,
            "is_ultra_restricted": false
        },
        "blocks": [
            {
                "type": "rich_text",
                "block_id": "d08eD",
                "elements": [
                    {
                        "type": "rich_text_section",
                        "elements": [
                            {
                                "type": "text",
                                "text": "I created "
                            },
                            {
                                "type": "link",
                                "url": "https:\/\/github.com\/thegooddocsproject\/templates\/wiki\/Research-questions"
                            },
                            {
                                "type": "text",
                                "text": " with questions I'd love to find answers to."
                            }
                        ]
                    }
                ]
            }
        ],
        "thread_ts": "1588362557.193900",
        "reply_count": 3,
        "reply_users_count": 1,
        "latest_reply": "1588500855.209000",
        "reply_users": [
            "UKTGLQNGG"
        ],
        "replies": [
            {
                "user": "UKTGLQNGG",
                "ts": "1588500155.208500"
            },
            {
                "user": "UKTGLQNGG",
                "ts": "1588500497.208700"
            },
            {
                "user": "UKTGLQNGG",
                "ts": "1588500855.209000"
            }
        ],
        "subscribed": false
    },
    {
        "client_msg_id": "21ead99e-101c-4d17-887b-8b5288b1a0b0",
        "type": "message",
        "text": "<@U012J5AMMEY>, My RFQ comment is an off-handed comment about the level of detail that Daniel has put into his description of a piece of work. Daniel is defining a high value, high effort piece. It is something I'm hoping we can find a way to pay Daniel for, bringing his established thought leadership in this field. This might be through Season of Docs, or through some bounty system which Erin has suggested we pursue.",
        "user": "UKTGLQNGG",
        "ts": "1588366953.194000",
        "team": "TKFJE6LDR",
        "user_team": "TKFJE6LDR",
        "source_team": "TKFJE6LDR",
        "user_profile": {
            "avatar_hash": "ge03fcb118b0",
            "image_72": "https:\/\/secure.gravatar.com\/avatar\/9e03fcb118b0853a3fedfdee2367779d.jpg?s=72&d=https%3A%2F%2Fa.slack-edge.com%2Fdf10d%2Fimg%2Favatars%2Fava_0021-72.png",
            "first_name": "Cameron",
            "real_name": "Cameron Shorter",
            "display_name": "cameronshorter",
            "team": "TKFJE6LDR",
            "name": "cameron.shorter",
            "is_restricted": false,
            "is_ultra_restricted": false
        },
        "blocks": [
            {
                "type": "rich_text",
                "block_id": "b=V2",
                "elements": [
                    {
                        "type": "rich_text_section",
                        "elements": [
                            {
                                "type": "user",
                                "user_id": "U012J5AMMEY"
                            },
                            {
                                "type": "text",
                                "text": ", My RFQ comment is an off-handed comment about the level of detail that Daniel has put into his description of a piece of work. Daniel is defining a high value, high effort piece. It is something I'm hoping we can find a way to pay Daniel for, bringing his established thought leadership in this field. This might be through Season of Docs, or through some bounty system which Erin has suggested we pursue."
                            }
                        ]
                    }
                ]
            }
        ],
        "thread_ts": "1588273699.183200",
        "parent_user_id": "U011GCVJFQF"
    }
]