[
    {
        "client_msg_id": "30EF2166-66BF-4970-B9CB-9ABC46EAA37C",
        "type": "message",
        "text": "I send my apologies for tonight.",
        "user": "UR1VBKHD1",
        "ts": "1583402507.015100",
        "team": "TKFJE6LDR",
        "user_team": "TKFJE6LDR",
        "source_team": "TKFJE6LDR",
        "user_profile": {
            "avatar_hash": "g1d6ae089679",
            "image_72": "https:\/\/secure.gravatar.com\/avatar\/1d6ae08967983f1973436beba61255d9.jpg?s=72&d=https%3A%2F%2Fa.slack-edge.com%2Fdf10d%2Fimg%2Favatars%2Fava_0026-72.png",
            "first_name": "David",
            "real_name": "David Parker",
            "display_name": "DeafDave",
            "team": "TKFJE6LDR",
            "name": "deafdave",
            "is_restricted": false,
            "is_ultra_restricted": false
        },
        "blocks": [
            {
                "type": "rich_text",
                "block_id": "fyd",
                "elements": [
                    {
                        "type": "rich_text_section",
                        "elements": [
                            {
                                "type": "text",
                                "text": "I send my apologies for tonight."
                            }
                        ]
                    }
                ]
            }
        ]
    },
    {
        "client_msg_id": "158B7CEB-F334-4334-A5AE-B01935D0E965",
        "type": "message",
        "text": "There are some good videos if you are a visual person. <https:\/\/www.youtube.com\/user\/GitHubGuides|https:\/\/www.youtube.com\/user\/GitHubGuides>",
        "user": "UR1VBKHD1",
        "ts": "1583402805.015900",
        "team": "TKFJE6LDR",
        "user_team": "TKFJE6LDR",
        "source_team": "TKFJE6LDR",
        "user_profile": {
            "avatar_hash": "g1d6ae089679",
            "image_72": "https:\/\/secure.gravatar.com\/avatar\/1d6ae08967983f1973436beba61255d9.jpg?s=72&d=https%3A%2F%2Fa.slack-edge.com%2Fdf10d%2Fimg%2Favatars%2Fava_0026-72.png",
            "first_name": "David",
            "real_name": "David Parker",
            "display_name": "DeafDave",
            "team": "TKFJE6LDR",
            "name": "deafdave",
            "is_restricted": false,
            "is_ultra_restricted": false
        },
        "attachments": [
            {
                "service_name": "YouTube",
                "title": "GitHub Training &amp; Guides",
                "title_link": "https:\/\/www.youtube.com\/user\/GitHubGuides",
                "text": "Welcome to the Git and GitHub Training YouTube channel. Join the GitHub Training team as they share feature demos, tips and techniques for effective daily Gi...",
                "fallback": "YouTube: GitHub Training &amp; Guides",
                "thumb_url": "https:\/\/yt3.ggpht.com\/a\/AATXAJwPpN8yID9vN1QAk4UKiFyiRHus479oQfLjJQ=s900-c-k-c0xffffffff-no-rj-mo",
                "from_url": "https:\/\/www.youtube.com\/user\/GitHubGuides",
                "thumb_width": 900,
                "thumb_height": 900,
                "service_icon": "https:\/\/s.ytimg.com\/yts\/img\/favicon-vfl8qSV2F.ico",
                "id": 1,
                "original_url": "https:\/\/www.youtube.com\/user\/GitHubGuides"
            }
        ],
        "blocks": [
            {
                "type": "rich_text",
                "block_id": "\/TC2\/",
                "elements": [
                    {
                        "type": "rich_text_section",
                        "elements": [
                            {
                                "type": "text",
                                "text": "There are some good videos if you are a visual person. "
                            },
                            {
                                "type": "link",
                                "url": "https:\/\/www.youtube.com\/user\/GitHubGuides",
                                "text": "https:\/\/www.youtube.com\/user\/GitHubGuides"
                            }
                        ]
                    }
                ]
            }
        ],
        "thread_ts": "1582786255.015300",
        "parent_user_id": "UUKDDFDLM",
        "reactions": [
            {
                "name": "+1",
                "users": [
                    "UUKDDFDLM"
                ],
                "count": 1
            }
        ]
    }
]