[
    {
        "client_msg_id": "1a37833f-c53f-48c6-9963-2210a07e31ad",
        "type": "message",
        "text": "I know this is resolved, but I just wanted to echo that I've used this one-sentence-per-line workflow with asiidoc and it makes editing much, much easier.",
        "user": "U0149891D4J",
        "ts": "1590498498.323500",
        "team": "TKFJE6LDR",
        "user_team": "TKFJE6LDR",
        "source_team": "TKFJE6LDR",
        "user_profile": {
            "avatar_hash": "fcee22a20a0d",
            "image_72": "https:\/\/avatars.slack-edge.com\/2020-05-26\/1145491010947_fcee22a20a0df2231274_72.jpg",
            "first_name": "",
            "real_name": "Steven Ovadia",
            "display_name": "Steven Ovadia",
            "team": "TKFJE6LDR",
            "name": "steve.ovadia",
            "is_restricted": false,
            "is_ultra_restricted": false
        },
        "blocks": [
            {
                "type": "rich_text",
                "block_id": "IxB",
                "elements": [
                    {
                        "type": "rich_text_section",
                        "elements": [
                            {
                                "type": "text",
                                "text": "I know this is resolved, but I just wanted to echo that I've used this one-sentence-per-line workflow with asiidoc and it makes editing much, much easier."
                            }
                        ]
                    }
                ]
            }
        ],
        "thread_ts": "1590205218.319900",
        "parent_user_id": "UKTGLQNGG",
        "reactions": [
            {
                "name": "raised_hands",
                "users": [
                    "UKVC4NB71"
                ],
                "count": 1
            }
        ]
    }
]