[
    {
        "client_msg_id": "e60205d4-8445-4ee5-a430-6d27da772f78",
        "type": "message",
        "text": "Sorry forgot to say hi.\n\nI’m Chris, freelance tech writer, maintainer of a few docs tools and things. Super into templates, especially docs testing, and have a bunch of them I’ve been looking to contribute to somewhere :)",
        "user": "U014V7JDGPM",
        "ts": "1591689318.365300",
        "team": "TKFJE6LDR",
        "user_team": "TKFJE6LDR",
        "source_team": "TKFJE6LDR",
        "user_profile": {
            "avatar_hash": "g35a44b69ae5",
            "image_72": "https:\/\/secure.gravatar.com\/avatar\/35a44b69ae5c2c1d250216f8ccc9d67c.jpg?s=72&d=https%3A%2F%2Fa.slack-edge.com%2Fdf10d%2Fimg%2Favatars%2Fava_0019-72.png",
            "first_name": "",
            "real_name": "ChrisChinchilla",
            "display_name": "ChrisChinchilla",
            "team": "TKFJE6LDR",
            "name": "chris",
            "is_restricted": false,
            "is_ultra_restricted": false
        },
        "blocks": [
            {
                "type": "rich_text",
                "block_id": "xtds5",
                "elements": [
                    {
                        "type": "rich_text_section",
                        "elements": [
                            {
                                "type": "text",
                                "text": "Sorry forgot to say hi.\n\nI’m Chris, freelance tech writer, maintainer of a few docs tools and things. Super into templates, especially docs testing, and have a bunch of them I’ve been looking to contribute to somewhere :)"
                            }
                        ]
                    }
                ]
            }
        ],
        "reactions": [
            {
                "name": "wave",
                "users": [
                    "UL2AA1FF1",
                    "UQ553K7DY"
                ],
                "count": 2
            }
        ]
    },
    {
        "client_msg_id": "1b4e1ef3-dd61-47bd-a777-a2eff8e93202",
        "type": "message",
        "text": "Welcome Chris, you should find us very receptive to any \"doc tools and things and templates\" looking for a home.",
        "user": "UKTGLQNGG",
        "ts": "1591689517.367200",
        "team": "TKFJE6LDR",
        "user_team": "TKFJE6LDR",
        "source_team": "TKFJE6LDR",
        "user_profile": {
            "avatar_hash": "ge03fcb118b0",
            "image_72": "https:\/\/secure.gravatar.com\/avatar\/9e03fcb118b0853a3fedfdee2367779d.jpg?s=72&d=https%3A%2F%2Fa.slack-edge.com%2Fdf10d%2Fimg%2Favatars%2Fava_0021-72.png",
            "first_name": "Cameron",
            "real_name": "Cameron Shorter",
            "display_name": "cameronshorter",
            "team": "TKFJE6LDR",
            "name": "cameron.shorter",
            "is_restricted": false,
            "is_ultra_restricted": false
        },
        "blocks": [
            {
                "type": "rich_text",
                "block_id": "bwW",
                "elements": [
                    {
                        "type": "rich_text_section",
                        "elements": [
                            {
                                "type": "text",
                                "text": "Welcome Chris, you should find us very receptive to any \"doc tools and things and templates\" looking for a home."
                            }
                        ]
                    }
                ]
            }
        ]
    },
    {
        "client_msg_id": "d4acec09-d6bb-4e5c-aa4b-0616cf6d52d0",
        "type": "message",
        "text": "Jolly good",
        "user": "U014V7JDGPM",
        "ts": "1591689680.367500",
        "team": "TKFJE6LDR",
        "user_team": "TKFJE6LDR",
        "source_team": "TKFJE6LDR",
        "user_profile": {
            "avatar_hash": "g35a44b69ae5",
            "image_72": "https:\/\/secure.gravatar.com\/avatar\/35a44b69ae5c2c1d250216f8ccc9d67c.jpg?s=72&d=https%3A%2F%2Fa.slack-edge.com%2Fdf10d%2Fimg%2Favatars%2Fava_0019-72.png",
            "first_name": "",
            "real_name": "ChrisChinchilla",
            "display_name": "ChrisChinchilla",
            "team": "TKFJE6LDR",
            "name": "chris",
            "is_restricted": false,
            "is_ultra_restricted": false
        },
        "blocks": [
            {
                "type": "rich_text",
                "block_id": "a4B",
                "elements": [
                    {
                        "type": "rich_text_section",
                        "elements": [
                            {
                                "type": "text",
                                "text": "Jolly good"
                            }
                        ]
                    }
                ]
            }
        ],
        "thread_ts": "1591689680.367500",
        "reply_count": 3,
        "reply_users_count": 2,
        "latest_reply": "1591690860.368000",
        "reply_users": [
            "UKTGLQNGG",
            "U014V7JDGPM"
        ],
        "replies": [
            {
                "user": "UKTGLQNGG",
                "ts": "1591689895.367600"
            },
            {
                "user": "UKTGLQNGG",
                "ts": "1591690195.367800"
            },
            {
                "user": "U014V7JDGPM",
                "ts": "1591690860.368000"
            }
        ],
        "subscribed": false
    },
    {
        "client_msg_id": "b9bb9525-0821-4024-b0fd-1dc40981eaf8",
        "type": "message",
        "text": "<@U014V7JDGPM>, would you like me to send you an invite to our weekly meeting?",
        "user": "UKTGLQNGG",
        "ts": "1591689895.367600",
        "team": "TKFJE6LDR",
        "user_team": "TKFJE6LDR",
        "source_team": "TKFJE6LDR",
        "user_profile": {
            "avatar_hash": "ge03fcb118b0",
            "image_72": "https:\/\/secure.gravatar.com\/avatar\/9e03fcb118b0853a3fedfdee2367779d.jpg?s=72&d=https%3A%2F%2Fa.slack-edge.com%2Fdf10d%2Fimg%2Favatars%2Fava_0021-72.png",
            "first_name": "Cameron",
            "real_name": "Cameron Shorter",
            "display_name": "cameronshorter",
            "team": "TKFJE6LDR",
            "name": "cameron.shorter",
            "is_restricted": false,
            "is_ultra_restricted": false
        },
        "blocks": [
            {
                "type": "rich_text",
                "block_id": "b6Y9",
                "elements": [
                    {
                        "type": "rich_text_section",
                        "elements": [
                            {
                                "type": "user",
                                "user_id": "U014V7JDGPM"
                            },
                            {
                                "type": "text",
                                "text": ", would you like me to send you an invite to our weekly meeting?"
                            }
                        ]
                    }
                ]
            }
        ],
        "thread_ts": "1591689680.367500",
        "parent_user_id": "U014V7JDGPM"
    },
    {
        "client_msg_id": "acd20bac-6100-499d-8816-f47669748248",
        "type": "message",
        "text": "Ok, I've jumped the gun and sent you an invitation. We are covering two timezones this week, so you get two invites. I suggest coming to the meeting in NOW + 26 hours this week. (AU\/UK\/DE friendly timezone).",
        "user": "UKTGLQNGG",
        "ts": "1591690195.367800",
        "team": "TKFJE6LDR",
        "user_team": "TKFJE6LDR",
        "source_team": "TKFJE6LDR",
        "user_profile": {
            "avatar_hash": "ge03fcb118b0",
            "image_72": "https:\/\/secure.gravatar.com\/avatar\/9e03fcb118b0853a3fedfdee2367779d.jpg?s=72&d=https%3A%2F%2Fa.slack-edge.com%2Fdf10d%2Fimg%2Favatars%2Fava_0021-72.png",
            "first_name": "Cameron",
            "real_name": "Cameron Shorter",
            "display_name": "cameronshorter",
            "team": "TKFJE6LDR",
            "name": "cameron.shorter",
            "is_restricted": false,
            "is_ultra_restricted": false
        },
        "blocks": [
            {
                "type": "rich_text",
                "block_id": "XvkAn",
                "elements": [
                    {
                        "type": "rich_text_section",
                        "elements": [
                            {
                                "type": "text",
                                "text": "Ok, I've jumped the gun and sent you an invitation. We are covering two timezones this week, so you get two invites. I suggest coming to the meeting in NOW + 26 hours this week. (AU\/UK\/DE friendly timezone)."
                            }
                        ]
                    }
                ]
            }
        ],
        "thread_ts": "1591689680.367500",
        "parent_user_id": "U014V7JDGPM"
    },
    {
        "client_msg_id": "e0c4b09b-d97f-4183-8792-cefc2ac5b5f8",
        "type": "message",
        "text": "h’ok",
        "user": "U014V7JDGPM",
        "ts": "1591690860.368000",
        "team": "TKFJE6LDR",
        "user_team": "TKFJE6LDR",
        "source_team": "TKFJE6LDR",
        "user_profile": {
            "avatar_hash": "g35a44b69ae5",
            "image_72": "https:\/\/secure.gravatar.com\/avatar\/35a44b69ae5c2c1d250216f8ccc9d67c.jpg?s=72&d=https%3A%2F%2Fa.slack-edge.com%2Fdf10d%2Fimg%2Favatars%2Fava_0019-72.png",
            "first_name": "",
            "real_name": "ChrisChinchilla",
            "display_name": "ChrisChinchilla",
            "team": "TKFJE6LDR",
            "name": "chris",
            "is_restricted": false,
            "is_ultra_restricted": false
        },
        "blocks": [
            {
                "type": "rich_text",
                "block_id": "w6j",
                "elements": [
                    {
                        "type": "rich_text_section",
                        "elements": [
                            {
                                "type": "text",
                                "text": "h’ok"
                            }
                        ]
                    }
                ]
            }
        ],
        "thread_ts": "1591689680.367500",
        "parent_user_id": "U014V7JDGPM"
    },
    {
        "bot_id": "B01",
        "type": "message",
        "text": "Reminder: remember to add items to the Weekly Meeting agenda before our meeting Wednesdays UTC 21:00!",
        "user": "USLACKBOT",
        "ts": "1591718417.368200",
        "team": "TKFJE6LDR"
    },
    {
        "client_msg_id": "b5839c8b-d1ea-4ce7-9862-30354d0e56ab",
        "type": "message",
        "text": "here's the agenda link: <https:\/\/github.com\/thegooddocsproject\/governance\/wiki\/Weekly-Meetings>",
        "user": "UL2AA1FF1",
        "ts": "1591736221.368500",
        "team": "TKFJE6LDR",
        "user_team": "TKFJE6LDR",
        "source_team": "TKFJE6LDR",
        "user_profile": {
            "avatar_hash": "22135067b36d",
            "image_72": "https:\/\/avatars.slack-edge.com\/2019-10-23\/805254797908_22135067b36dfb715e99_72.jpg",
            "first_name": "",
            "real_name": "Erin McKean",
            "display_name": "Erin McKean",
            "team": "TKFJE6LDR",
            "name": "emckean",
            "is_restricted": false,
            "is_ultra_restricted": false
        },
        "blocks": [
            {
                "type": "rich_text",
                "block_id": "fOj",
                "elements": [
                    {
                        "type": "rich_text_section",
                        "elements": [
                            {
                                "type": "text",
                                "text": "here's the agenda link: "
                            },
                            {
                                "type": "link",
                                "url": "https:\/\/github.com\/thegooddocsproject\/governance\/wiki\/Weekly-Meetings"
                            }
                        ]
                    }
                ]
            }
        ]
    }
]