[
    {
        "client_msg_id": "28ee935b-6b1c-4909-ac93-06b440a9f5c8",
        "type": "message",
        "text": "Good luck <@U013BQ7KEVD>  with your applications. Thanks for coming along and checking out our project!",
        "user": "UKVC4NB71",
        "ts": "1589705900.297300",
        "team": "TKFJE6LDR",
        "user_team": "TKFJE6LDR",
        "source_team": "TKFJE6LDR",
        "user_profile": {
            "avatar_hash": "c7d9788d4436",
            "image_72": "https:\/\/avatars.slack-edge.com\/2019-10-30\/814314609877_c7d9788d4436969613a7_72.jpg",
            "first_name": "Jared",
            "real_name": "Jared Morgan",
            "display_name": "jaredmorgs",
            "team": "TKFJE6LDR",
            "name": "jaredleonmorgan",
            "is_restricted": false,
            "is_ultra_restricted": false
        },
        "blocks": [
            {
                "type": "rich_text",
                "block_id": "YW2L2",
                "elements": [
                    {
                        "type": "rich_text_section",
                        "elements": [
                            {
                                "type": "text",
                                "text": "Good luck "
                            },
                            {
                                "type": "user",
                                "user_id": "U013BQ7KEVD"
                            },
                            {
                                "type": "text",
                                "text": "  with your applications. Thanks for coming along and checking out our project!"
                            }
                        ]
                    }
                ]
            }
        ],
        "thread_ts": "1589695310.296500",
        "parent_user_id": "U013BQ7KEVD"
    },
    {
        "client_msg_id": "b6312cd6-9030-4bd4-8c9f-7854be4ab764",
        "type": "message",
        "text": "Thank you <@UKTGLQNGG> and <@UKVC4NB71>",
        "user": "U013BQ7KEVD",
        "ts": "1589741162.297500",
        "team": "TKFJE6LDR",
        "user_team": "TKFJE6LDR",
        "source_team": "TKFJE6LDR",
        "user_profile": {
            "avatar_hash": "6eca50d30e94",
            "image_72": "https:\/\/avatars.slack-edge.com\/2020-05-16\/1121891036950_6eca50d30e94fb354f10_72.jpg",
            "first_name": "",
            "real_name": "Osinachi Chukwujama",
            "display_name": "Osinachi Chukwujama",
            "team": "TKFJE6LDR",
            "name": "chukwujama.osinachi",
            "is_restricted": false,
            "is_ultra_restricted": false
        },
        "blocks": [
            {
                "type": "rich_text",
                "block_id": "juw",
                "elements": [
                    {
                        "type": "rich_text_section",
                        "elements": [
                            {
                                "type": "text",
                                "text": "Thank you "
                            },
                            {
                                "type": "user",
                                "user_id": "UKTGLQNGG"
                            },
                            {
                                "type": "text",
                                "text": " and "
                            },
                            {
                                "type": "user",
                                "user_id": "UKVC4NB71"
                            }
                        ]
                    }
                ]
            }
        ],
        "thread_ts": "1589695310.296500",
        "parent_user_id": "U013BQ7KEVD"
    }
]