[
    {
        "client_msg_id": "29101709-b9db-462b-921d-fd96ca4f7779",
        "type": "message",
        "text": "Thanks to everyone who has provided feedback on this draft so far. I'm going to tackle the feedback this weekend and I hope to have a second draft out soon---hopefully Monday!",
        "user": "U012KCMPP0V",
        "ts": "1591370015.344800",
        "team": "TKFJE6LDR",
        "user_team": "TKFJE6LDR",
        "source_team": "TKFJE6LDR",
        "user_profile": {
            "avatar_hash": "b26729f0b5f2",
            "image_72": "https:\/\/avatars.slack-edge.com\/2020-04-27\/1089031639347_b26729f0b5f2375494a1_72.png",
            "first_name": "Alyssa",
            "real_name": "Alyssa",
            "display_name": "Alyssa",
            "team": "TKFJE6LDR",
            "name": "alyssa.rock.biz",
            "is_restricted": false,
            "is_ultra_restricted": false
        },
        "blocks": [
            {
                "type": "rich_text",
                "block_id": "iWHl",
                "elements": [
                    {
                        "type": "rich_text_section",
                        "elements": [
                            {
                                "type": "text",
                                "text": "Thanks to everyone who has provided feedback on this draft so far. I'm going to tackle the feedback this weekend and I hope to have a second draft out soon---hopefully Monday!"
                            }
                        ]
                    }
                ]
            }
        ],
        "reactions": [
            {
                "name": "100",
                "users": [
                    "UL2AA1FF1"
                ],
                "count": 1
            }
        ]
    }
]