[
    {
        "client_msg_id": "5c7390c0-b27c-4381-87a8-0959d677578e",
        "type": "message",
        "text": "I was reading this migration post about migrating to Antora, which references our mate Daniel Procidas. But I noted that the realms are a bit different to what we originally latched onto. <https:\/\/lisk.io\/blog\/announcement\/lisk-documentation-migrated-asciidoc-and-antora>",
        "user": "UKVC4NB71",
        "ts": "1582583665.001000",
        "team": "TKFJE6LDR",
        "user_team": "TKFJE6LDR",
        "source_team": "TKFJE6LDR",
        "user_profile": {
            "avatar_hash": "c7d9788d4436",
            "image_72": "https:\/\/avatars.slack-edge.com\/2019-10-30\/814314609877_c7d9788d4436969613a7_72.jpg",
            "first_name": "Jared",
            "real_name": "Jared Morgan",
            "display_name": "jaredmorgs",
            "team": "TKFJE6LDR",
            "name": "jaredleonmorgan",
            "is_restricted": false,
            "is_ultra_restricted": false
        },
        "attachments": [
            {
                "title": "The Lisk Documentation migrated to Asciidoc and Antora",
                "title_link": "https:\/\/lisk.io\/blog\/announcement\/lisk-documentation-migrated-asciidoc-and-antora",
                "text": "Along with the new website design for <http:\/\/lisk.io|lisk.io>, the entire documentation workflow has been updated. Together with a variety of many improvements, all existing documentation has now been converted from Markdown to Asciidoc, powered by Antora. This blogpost covers why the change was implemented, and highlights the most important new features that exist after the migration.",
                "fallback": "The Lisk Documentation migrated to Asciidoc and Antora",
                "image_url": "https:\/\/lisk.io\/sites\/default\/files\/styles\/metatag_image\/public\/media\/the_lisk_documentation_migration_-_blog_0.png?itok=_7mrSX2m",
                "from_url": "https:\/\/lisk.io\/blog\/announcement\/lisk-documentation-migrated-asciidoc-and-antora",
                "image_width": 476,
                "image_height": 250,
                "image_bytes": 523472,
                "service_icon": "https:\/\/lisk.io\/sites\/default\/files\/favicons\/apple-touch-icon.png",
                "service_name": "lisk.io",
                "id": 1,
                "original_url": "https:\/\/lisk.io\/blog\/announcement\/lisk-documentation-migrated-asciidoc-and-antora"
            }
        ],
        "blocks": [
            {
                "type": "rich_text",
                "block_id": "oiPUK",
                "elements": [
                    {
                        "type": "rich_text_section",
                        "elements": [
                            {
                                "type": "text",
                                "text": "I was reading this migration post about migrating to Antora, which references our mate Daniel Procidas. But I noted that the realms are a bit different to what we originally latched onto. "
                            },
                            {
                                "type": "link",
                                "url": "https:\/\/lisk.io\/blog\/announcement\/lisk-documentation-migrated-asciidoc-and-antora"
                            }
                        ]
                    }
                ]
            }
        ]
    },
    {
        "client_msg_id": "de86c30d-0e36-40cb-8f91-3aca78051523",
        "type": "message",
        "text": "I wonder if Daniel's realms are actually a bit more like \"Agile\" in the fact you can interpret the concepts and shape them to your needs. If this is the case, should we be looking to define The Good Docs Project Four Realms?",
        "user": "UKVC4NB71",
        "ts": "1582583735.002500",
        "team": "TKFJE6LDR",
        "user_team": "TKFJE6LDR",
        "source_team": "TKFJE6LDR",
        "user_profile": {
            "avatar_hash": "c7d9788d4436",
            "image_72": "https:\/\/avatars.slack-edge.com\/2019-10-30\/814314609877_c7d9788d4436969613a7_72.jpg",
            "first_name": "Jared",
            "real_name": "Jared Morgan",
            "display_name": "jaredmorgs",
            "team": "TKFJE6LDR",
            "name": "jaredleonmorgan",
            "is_restricted": false,
            "is_ultra_restricted": false
        },
        "blocks": [
            {
                "type": "rich_text",
                "block_id": "nub=",
                "elements": [
                    {
                        "type": "rich_text_section",
                        "elements": [
                            {
                                "type": "text",
                                "text": "I wonder if Daniel's realms are actually a bit more like \"Agile\" in the fact you can interpret the concepts and shape them to your needs. If this is the case, should we be looking to define The Good Docs Project Four Realms?"
                            }
                        ]
                    }
                ]
            }
        ],
        "thread_ts": "1582583735.002500",
        "reply_count": 1,
        "reply_users_count": 1,
        "latest_reply": "1582667149.001000",
        "reply_users": [
            "UKTGLQNGG"
        ],
        "replies": [
            {
                "user": "UKTGLQNGG",
                "ts": "1582667149.001000"
            }
        ],
        "subscribed": false
    },
    {
        "client_msg_id": "08AF4AC6-66EC-4623-A3D2-A69AFA322DA4",
        "type": "message",
        "text": "Interesting read Jared :+1::skin-tone-3: ",
        "user": "UKV4ZPEFQ",
        "ts": "1582616199.000500",
        "team": "TKFJE6LDR",
        "user_team": "TKFJE6LDR",
        "source_team": "TKFJE6LDR",
        "user_profile": {
            "avatar_hash": "g854c628ef64",
            "image_72": "https:\/\/secure.gravatar.com\/avatar\/6854c628ef64a4c129a994522e17cdf2.jpg?s=72&d=https%3A%2F%2Fa.slack-edge.com%2Fdf10d%2Fimg%2Favatars%2Fava_0007-72.png",
            "first_name": "felicitybrand",
            "real_name": "felicitybrand",
            "display_name": "flicstar",
            "team": "TKFJE6LDR",
            "name": "felicitybrand",
            "is_restricted": false,
            "is_ultra_restricted": false
        },
        "blocks": [
            {
                "type": "rich_text",
                "block_id": "Ohbn",
                "elements": [
                    {
                        "type": "rich_text_section",
                        "elements": [
                            {
                                "type": "text",
                                "text": "Interesting read Jared "
                            },
                            {
                                "type": "emoji",
                                "name": "+1",
                                "skin_tone": 3
                            },
                            {
                                "type": "text",
                                "text": " "
                            }
                        ]
                    }
                ]
            }
        ]
    }
]