[
    {
        "client_msg_id": "ff37a8fb-aec7-4b95-a339-7d8e50e8ed9d",
        "type": "message",
        "text": "meeting in 1 hour on Google meet. Let me know if you haven't got an invite and would like to attend.",
        "user": "UKTGLQNGG",
        "ts": "1587585546.104200",
        "team": "TKFJE6LDR",
        "user_team": "TKFJE6LDR",
        "source_team": "TKFJE6LDR",
        "user_profile": {
            "avatar_hash": "ge03fcb118b0",
            "image_72": "https:\/\/secure.gravatar.com\/avatar\/9e03fcb118b0853a3fedfdee2367779d.jpg?s=72&d=https%3A%2F%2Fa.slack-edge.com%2Fdf10d%2Fimg%2Favatars%2Fava_0021-72.png",
            "first_name": "Cameron",
            "real_name": "Cameron Shorter",
            "display_name": "cameronshorter",
            "team": "TKFJE6LDR",
            "name": "cameron.shorter",
            "is_restricted": false,
            "is_ultra_restricted": false
        },
        "blocks": [
            {
                "type": "rich_text",
                "block_id": "pVCQ",
                "elements": [
                    {
                        "type": "rich_text_section",
                        "elements": [
                            {
                                "type": "text",
                                "text": "meeting in 1 hour on Google meet. Let me know if you haven't got an invite and would like to attend."
                            }
                        ]
                    }
                ]
            }
        ],
        "reactions": [
            {
                "name": "+1",
                "users": [
                    "UL2AA1FF1"
                ],
                "count": 1
            }
        ]
    },
    {
        "client_msg_id": "D55C9C4A-A259-46D3-AAC3-9F64A978211A",
        "type": "message",
        "text": "Good morning so I’ll see meeting notes here right?",
        "user": "UR1VBKHD1",
        "ts": "1587589144.105000",
        "team": "TKFJE6LDR",
        "user_team": "TKFJE6LDR",
        "source_team": "TKFJE6LDR",
        "user_profile": {
            "avatar_hash": "g1d6ae089679",
            "image_72": "https:\/\/secure.gravatar.com\/avatar\/1d6ae08967983f1973436beba61255d9.jpg?s=72&d=https%3A%2F%2Fa.slack-edge.com%2Fdf10d%2Fimg%2Favatars%2Fava_0026-72.png",
            "first_name": "David",
            "real_name": "David Parker",
            "display_name": "DeafDave",
            "team": "TKFJE6LDR",
            "name": "deafdave",
            "is_restricted": false,
            "is_ultra_restricted": false
        },
        "blocks": [
            {
                "type": "rich_text",
                "block_id": "5zny",
                "elements": [
                    {
                        "type": "rich_text_section",
                        "elements": [
                            {
                                "type": "text",
                                "text": "Good morning so I’ll see meeting notes here right?"
                            }
                        ]
                    }
                ]
            }
        ]
    },
    {
        "client_msg_id": "7b194b7b-37da-4279-b7b6-f02fc1834107",
        "type": "message",
        "text": "No, join the google meet link and turn on captions (bottom of display)",
        "user": "UKTGLQNGG",
        "ts": "1587589201.106200",
        "team": "TKFJE6LDR",
        "user_team": "TKFJE6LDR",
        "source_team": "TKFJE6LDR",
        "user_profile": {
            "avatar_hash": "ge03fcb118b0",
            "image_72": "https:\/\/secure.gravatar.com\/avatar\/9e03fcb118b0853a3fedfdee2367779d.jpg?s=72&d=https%3A%2F%2Fa.slack-edge.com%2Fdf10d%2Fimg%2Favatars%2Fava_0021-72.png",
            "first_name": "Cameron",
            "real_name": "Cameron Shorter",
            "display_name": "cameronshorter",
            "team": "TKFJE6LDR",
            "name": "cameron.shorter",
            "is_restricted": false,
            "is_ultra_restricted": false
        },
        "blocks": [
            {
                "type": "rich_text",
                "block_id": "Xj0",
                "elements": [
                    {
                        "type": "rich_text_section",
                        "elements": [
                            {
                                "type": "text",
                                "text": "No, join the google meet link and turn on captions (bottom of display)"
                            }
                        ]
                    }
                ]
            }
        ]
    },
    {
        "client_msg_id": "817957dc-91f3-4e0a-a37c-83d8fff37bd5",
        "type": "message",
        "text": "Proposed agenda:\n* Our Season of Docs ideas:\n<https:\/\/github.com\/thegooddocsproject\/templates\/wiki\/Season-of-Docs-Ideas-2020|https:\/\/github.com\/thegooddocsproject\/templates\/wiki\/Season-of-Docs-Ideas-2020>\n(recently\nupdated by me)\n* Ben has been going through our backlog of issues, lets help him with any\ndecisions he requires.\n* Daniel\/Erin have been talking about checklists. Where are we up to on\nthat?\n* We likely won't have time to revisit doctype list:\n<https:\/\/github.com\/thegooddocsproject\/templates\/wiki\/List-of-documentation-types-with-references|https:\/\/github.com\/thegooddocsproject\/templates\/wiki\/List-of-documentation-types-with-references>",
        "user": "UKTGLQNGG",
        "ts": "1587589228.106600",
        "team": "TKFJE6LDR",
        "user_team": "TKFJE6LDR",
        "source_team": "TKFJE6LDR",
        "user_profile": {
            "avatar_hash": "ge03fcb118b0",
            "image_72": "https:\/\/secure.gravatar.com\/avatar\/9e03fcb118b0853a3fedfdee2367779d.jpg?s=72&d=https%3A%2F%2Fa.slack-edge.com%2Fdf10d%2Fimg%2Favatars%2Fava_0021-72.png",
            "first_name": "Cameron",
            "real_name": "Cameron Shorter",
            "display_name": "cameronshorter",
            "team": "TKFJE6LDR",
            "name": "cameron.shorter",
            "is_restricted": false,
            "is_ultra_restricted": false
        },
        "blocks": [
            {
                "type": "rich_text",
                "block_id": "sl\/br",
                "elements": [
                    {
                        "type": "rich_text_section",
                        "elements": [
                            {
                                "type": "text",
                                "text": "Proposed agenda:\n* Our Season of Docs ideas:\n"
                            },
                            {
                                "type": "link",
                                "url": "https:\/\/github.com\/thegooddocsproject\/templates\/wiki\/Season-of-Docs-Ideas-2020",
                                "text": "https:\/\/github.com\/thegooddocsproject\/templates\/wiki\/Season-of-Docs-Ideas-2020"
                            },
                            {
                                "type": "text",
                                "text": "\n(recently\nupdated by me)\n* Ben has been going through our backlog of issues, lets help him with any\ndecisions he requires.\n* Daniel\/Erin have been talking about checklists. Where are we up to on\nthat?\n* We likely won't have time to revisit doctype list:\n"
                            },
                            {
                                "type": "link",
                                "url": "https:\/\/github.com\/thegooddocsproject\/templates\/wiki\/List-of-documentation-types-with-references",
                                "text": "https:\/\/github.com\/thegooddocsproject\/templates\/wiki\/List-of-documentation-types-with-references"
                            }
                        ]
                    }
                ]
            }
        ]
    },
    {
        "client_msg_id": "91428f31-5aaf-4d7f-9d06-1e918af324e3",
        "type": "message",
        "text": "Meeting is on now.",
        "user": "UKTGLQNGG",
        "ts": "1587589237.106900",
        "team": "TKFJE6LDR",
        "user_team": "TKFJE6LDR",
        "source_team": "TKFJE6LDR",
        "user_profile": {
            "avatar_hash": "ge03fcb118b0",
            "image_72": "https:\/\/secure.gravatar.com\/avatar\/9e03fcb118b0853a3fedfdee2367779d.jpg?s=72&d=https%3A%2F%2Fa.slack-edge.com%2Fdf10d%2Fimg%2Favatars%2Fava_0021-72.png",
            "first_name": "Cameron",
            "real_name": "Cameron Shorter",
            "display_name": "cameronshorter",
            "team": "TKFJE6LDR",
            "name": "cameron.shorter",
            "is_restricted": false,
            "is_ultra_restricted": false
        },
        "blocks": [
            {
                "type": "rich_text",
                "block_id": "aIx",
                "elements": [
                    {
                        "type": "rich_text_section",
                        "elements": [
                            {
                                "type": "text",
                                "text": "Meeting is on now."
                            }
                        ]
                    }
                ]
            }
        ]
    },
    {
        "client_msg_id": "ad5ffd57-0860-4822-a0eb-7a5878d48736",
        "type": "message",
        "text": "<https:\/\/meet.google.com\/nuj-qvxw-vvt|https:\/\/meet.google.com\/nuj-qvxw-vvt>",
        "user": "UKTGLQNGG",
        "ts": "1587589352.107100",
        "team": "TKFJE6LDR",
        "user_team": "TKFJE6LDR",
        "source_team": "TKFJE6LDR",
        "user_profile": {
            "avatar_hash": "ge03fcb118b0",
            "image_72": "https:\/\/secure.gravatar.com\/avatar\/9e03fcb118b0853a3fedfdee2367779d.jpg?s=72&d=https%3A%2F%2Fa.slack-edge.com%2Fdf10d%2Fimg%2Favatars%2Fava_0021-72.png",
            "first_name": "Cameron",
            "real_name": "Cameron Shorter",
            "display_name": "cameronshorter",
            "team": "TKFJE6LDR",
            "name": "cameron.shorter",
            "is_restricted": false,
            "is_ultra_restricted": false
        },
        "attachments": [
            {
                "title": "Meet",
                "title_link": "https:\/\/meet.google.com\/nuj-qvxw-vvt",
                "text": "Real-time meetings by Google. Using your browser, share your video, desktop, and presentations with teammates and customers.",
                "fallback": "Meet",
                "thumb_url": "https:\/\/www.gstatic.com\/images\/branding\/product\/2x\/meet_96dp.png",
                "from_url": "https:\/\/meet.google.com\/nuj-qvxw-vvt",
                "thumb_width": 192,
                "thumb_height": 192,
                "service_icon": "http:\/\/www.gstatic.com\/images\/branding\/product\/1x\/meet_16dp.png",
                "service_name": "meet.google.com",
                "id": 1,
                "original_url": "https:\/\/meet.google.com\/nuj-qvxw-vvt"
            }
        ],
        "blocks": [
            {
                "type": "rich_text",
                "block_id": "\/PAx",
                "elements": [
                    {
                        "type": "rich_text_section",
                        "elements": [
                            {
                                "type": "link",
                                "url": "https:\/\/meet.google.com\/nuj-qvxw-vvt",
                                "text": "https:\/\/meet.google.com\/nuj-qvxw-vvt"
                            }
                        ]
                    }
                ]
            }
        ]
    },
    {
        "client_msg_id": "12fdf5bb-9b37-4f2e-96bc-a0c14d3148bf",
        "type": "message",
        "text": "Hello everyone. I've just joined TGD and could do with a bit of guidance.\n1. What goes into Slack vs mailing list vs issues?\n2. Where and how is this project promoted to a wider audience?",
        "user": "U012J5AMMEY",
        "ts": "1587594718.113900",
        "team": "TKFJE6LDR",
        "user_team": "TKFJE6LDR",
        "source_team": "TKFJE6LDR",
        "user_profile": {
            "avatar_hash": "f0294109ed4a",
            "image_72": "https:\/\/avatars.slack-edge.com\/2020-04-23\/1080225857475_f0294109ed4a12a988f3_72.jpg",
            "first_name": "Max",
            "real_name": "Max Voskob",
            "display_name": "Max Voskob",
            "team": "TKFJE6LDR",
            "name": "max",
            "is_restricted": false,
            "is_ultra_restricted": false
        },
        "edited": {
            "user": "U012J5AMMEY",
            "ts": "1587594798.000000"
        },
        "blocks": [
            {
                "type": "rich_text",
                "block_id": "9rQRQ",
                "elements": [
                    {
                        "type": "rich_text_section",
                        "elements": [
                            {
                                "type": "text",
                                "text": "Hello everyone. I've just joined TGD and could do with a bit of guidance.\n"
                            }
                        ]
                    },
                    {
                        "type": "rich_text_list",
                        "elements": [
                            {
                                "type": "rich_text_section",
                                "elements": [
                                    {
                                        "type": "text",
                                        "text": "What goes into Slack vs mailing list vs issues?"
                                    }
                                ]
                            },
                            {
                                "type": "rich_text_section",
                                "elements": [
                                    {
                                        "type": "text",
                                        "text": "Where and how is this project promoted to a wider audience?"
                                    }
                                ]
                            }
                        ],
                        "style": "ordered",
                        "indent": 0
                    }
                ]
            }
        ]
    },
    {
        "client_msg_id": "fb312139-010e-4e94-bb39-dc4a9e6e4f05",
        "type": "message",
        "text": "Anything requiring formal approval, or key strategies or ideas which should be archived should go onto email.",
        "user": "UKTGLQNGG",
        "ts": "1587594899.116600",
        "team": "TKFJE6LDR",
        "user_team": "TKFJE6LDR",
        "source_team": "TKFJE6LDR",
        "user_profile": {
            "avatar_hash": "ge03fcb118b0",
            "image_72": "https:\/\/secure.gravatar.com\/avatar\/9e03fcb118b0853a3fedfdee2367779d.jpg?s=72&d=https%3A%2F%2Fa.slack-edge.com%2Fdf10d%2Fimg%2Favatars%2Fava_0021-72.png",
            "first_name": "Cameron",
            "real_name": "Cameron Shorter",
            "display_name": "cameronshorter",
            "team": "TKFJE6LDR",
            "name": "cameron.shorter",
            "is_restricted": false,
            "is_ultra_restricted": false
        },
        "blocks": [
            {
                "type": "rich_text",
                "block_id": "EjUJ",
                "elements": [
                    {
                        "type": "rich_text_section",
                        "elements": [
                            {
                                "type": "text",
                                "text": "Anything requiring formal approval, or key strategies or ideas which should be archived should go onto email."
                            }
                        ]
                    }
                ]
            }
        ]
    },
    {
        "client_msg_id": "0dad4fc5-e1cb-4c7e-8f58-264dd3e3f779",
        "type": "message",
        "text": "But you can ask quick questions on slack - some on this list are quicker to answer on slack. (I'm more likely to timeshift to email)",
        "user": "UKTGLQNGG",
        "ts": "1587594957.118100",
        "team": "TKFJE6LDR",
        "user_team": "TKFJE6LDR",
        "source_team": "TKFJE6LDR",
        "user_profile": {
            "avatar_hash": "ge03fcb118b0",
            "image_72": "https:\/\/secure.gravatar.com\/avatar\/9e03fcb118b0853a3fedfdee2367779d.jpg?s=72&d=https%3A%2F%2Fa.slack-edge.com%2Fdf10d%2Fimg%2Favatars%2Fava_0021-72.png",
            "first_name": "Cameron",
            "real_name": "Cameron Shorter",
            "display_name": "cameronshorter",
            "team": "TKFJE6LDR",
            "name": "cameron.shorter",
            "is_restricted": false,
            "is_ultra_restricted": false
        },
        "blocks": [
            {
                "type": "rich_text",
                "block_id": "rNn4",
                "elements": [
                    {
                        "type": "rich_text_section",
                        "elements": [
                            {
                                "type": "text",
                                "text": "But you can ask quick questions on slack - some on this list are quicker to answer on slack. (I'm more likely to timeshift to email)"
                            }
                        ]
                    }
                ]
            }
        ]
    },
    {
        "client_msg_id": "96e99212-988b-44e7-8105-56c08d1988cd",
        "type": "message",
        "text": "We are not so good on the marketing yet. Occasionally we might get an article written about us. But mostly it has been us personally reaching out to people asking for help.",
        "user": "UKTGLQNGG",
        "ts": "1587595039.119800",
        "team": "TKFJE6LDR",
        "user_team": "TKFJE6LDR",
        "source_team": "TKFJE6LDR",
        "user_profile": {
            "avatar_hash": "ge03fcb118b0",
            "image_72": "https:\/\/secure.gravatar.com\/avatar\/9e03fcb118b0853a3fedfdee2367779d.jpg?s=72&d=https%3A%2F%2Fa.slack-edge.com%2Fdf10d%2Fimg%2Favatars%2Fava_0021-72.png",
            "first_name": "Cameron",
            "real_name": "Cameron Shorter",
            "display_name": "cameronshorter",
            "team": "TKFJE6LDR",
            "name": "cameron.shorter",
            "is_restricted": false,
            "is_ultra_restricted": false
        },
        "blocks": [
            {
                "type": "rich_text",
                "block_id": "8fT7=",
                "elements": [
                    {
                        "type": "rich_text_section",
                        "elements": [
                            {
                                "type": "text",
                                "text": "We are not so good on the marketing yet. Occasionally we might get an article written about us. But mostly it has been us personally reaching out to people asking for help."
                            }
                        ]
                    }
                ]
            }
        ],
        "reactions": [
            {
                "name": "+1",
                "users": [
                    "U012J5AMMEY"
                ],
                "count": 1
            }
        ]
    },
    {
        "client_msg_id": "feac6d0c-23bf-41c3-8a63-ab0bb549766f",
        "type": "message",
        "text": "Sorry I couldn't attend the meeting this morning - my internet wasn't working :weary:",
        "user": "UKV4ZPEFQ",
        "ts": "1587607488.120300",
        "team": "TKFJE6LDR",
        "user_team": "TKFJE6LDR",
        "source_team": "TKFJE6LDR",
        "user_profile": {
            "avatar_hash": "g854c628ef64",
            "image_72": "https:\/\/secure.gravatar.com\/avatar\/6854c628ef64a4c129a994522e17cdf2.jpg?s=72&d=https%3A%2F%2Fa.slack-edge.com%2Fdf10d%2Fimg%2Favatars%2Fava_0007-72.png",
            "first_name": "felicitybrand",
            "real_name": "felicitybrand",
            "display_name": "flicstar",
            "team": "TKFJE6LDR",
            "name": "felicitybrand",
            "is_restricted": false,
            "is_ultra_restricted": false
        },
        "blocks": [
            {
                "type": "rich_text",
                "block_id": "UNNd",
                "elements": [
                    {
                        "type": "rich_text_section",
                        "elements": [
                            {
                                "type": "text",
                                "text": "Sorry I couldn't attend the meeting this morning - my internet wasn't working "
                            },
                            {
                                "type": "emoji",
                                "name": "weary"
                            }
                        ]
                    }
                ]
            }
        ],
        "thread_ts": "1587607488.120300",
        "reply_count": 2,
        "reply_users_count": 1,
        "latest_reply": "1587607605.120700",
        "reply_users": [
            "UKTGLQNGG"
        ],
        "replies": [
            {
                "user": "UKTGLQNGG",
                "ts": "1587607579.120500"
            },
            {
                "user": "UKTGLQNGG",
                "ts": "1587607605.120700"
            }
        ],
        "subscribed": true,
        "last_read": "1587607815.017878",
        "reactions": [
            {
                "name": "+1",
                "users": [
                    "UR1VBKHD1"
                ],
                "count": 1
            }
        ]
    },
    {
        "client_msg_id": "ad55ac13-46ff-49f3-86bf-108b9f0413cc",
        "type": "message",
        "text": "ah, how disappointing. We missed you.",
        "user": "UKTGLQNGG",
        "ts": "1587607579.120500",
        "team": "TKFJE6LDR",
        "user_team": "TKFJE6LDR",
        "source_team": "TKFJE6LDR",
        "user_profile": {
            "avatar_hash": "ge03fcb118b0",
            "image_72": "https:\/\/secure.gravatar.com\/avatar\/9e03fcb118b0853a3fedfdee2367779d.jpg?s=72&d=https%3A%2F%2Fa.slack-edge.com%2Fdf10d%2Fimg%2Favatars%2Fava_0021-72.png",
            "first_name": "Cameron",
            "real_name": "Cameron Shorter",
            "display_name": "cameronshorter",
            "team": "TKFJE6LDR",
            "name": "cameron.shorter",
            "is_restricted": false,
            "is_ultra_restricted": false
        },
        "blocks": [
            {
                "type": "rich_text",
                "block_id": "2PyWr",
                "elements": [
                    {
                        "type": "rich_text_section",
                        "elements": [
                            {
                                "type": "text",
                                "text": "ah, how disappointing. We missed you."
                            }
                        ]
                    }
                ]
            }
        ],
        "thread_ts": "1587607488.120300",
        "parent_user_id": "UKV4ZPEFQ"
    },
    {
        "client_msg_id": "6e56a78d-1480-43c4-a849-332d5ccd7ecd",
        "type": "message",
        "text": "I'll write up some meeting notes within the next 24 hours and share them.",
        "user": "UKTGLQNGG",
        "ts": "1587607605.120700",
        "team": "TKFJE6LDR",
        "user_team": "TKFJE6LDR",
        "source_team": "TKFJE6LDR",
        "user_profile": {
            "avatar_hash": "ge03fcb118b0",
            "image_72": "https:\/\/secure.gravatar.com\/avatar\/9e03fcb118b0853a3fedfdee2367779d.jpg?s=72&d=https%3A%2F%2Fa.slack-edge.com%2Fdf10d%2Fimg%2Favatars%2Fava_0021-72.png",
            "first_name": "Cameron",
            "real_name": "Cameron Shorter",
            "display_name": "cameronshorter",
            "team": "TKFJE6LDR",
            "name": "cameron.shorter",
            "is_restricted": false,
            "is_ultra_restricted": false
        },
        "blocks": [
            {
                "type": "rich_text",
                "block_id": "tGri4",
                "elements": [
                    {
                        "type": "rich_text_section",
                        "elements": [
                            {
                                "type": "text",
                                "text": "I'll write up some meeting notes within the next 24 hours and share them."
                            }
                        ]
                    }
                ]
            }
        ],
        "thread_ts": "1587607488.120300",
        "parent_user_id": "UKV4ZPEFQ"
    },
    {
        "client_msg_id": "BA3F7022-3D24-4357-9D2A-75C706FC5156",
        "type": "message",
        "text": "Thanks for the meeting this morning. The live transcribe feature I thought was quite accurate. Funny words every now and then! I reached one potential deaf young lady with great writing skills. We will video chat tonight. I don’t know of any other deaf tech writers anywhere in the world.  ",
        "user": "UR1VBKHD1",
        "ts": "1587617204.123300",
        "team": "TKFJE6LDR",
        "user_team": "TKFJE6LDR",
        "source_team": "TKFJE6LDR",
        "user_profile": {
            "avatar_hash": "g1d6ae089679",
            "image_72": "https:\/\/secure.gravatar.com\/avatar\/1d6ae08967983f1973436beba61255d9.jpg?s=72&d=https%3A%2F%2Fa.slack-edge.com%2Fdf10d%2Fimg%2Favatars%2Fava_0026-72.png",
            "first_name": "David",
            "real_name": "David Parker",
            "display_name": "DeafDave",
            "team": "TKFJE6LDR",
            "name": "deafdave",
            "is_restricted": false,
            "is_ultra_restricted": false
        },
        "blocks": [
            {
                "type": "rich_text",
                "block_id": "+mO",
                "elements": [
                    {
                        "type": "rich_text_section",
                        "elements": [
                            {
                                "type": "text",
                                "text": "Thanks for the meeting this morning. The live transcribe feature I thought was quite accurate. Funny words every now and then! I reached one potential deaf young lady with great writing skills. We will video chat tonight. I don’t know of any other deaf tech writers anywhere in the world.  "
                            }
                        ]
                    }
                ]
            }
        ]
    },
    {
        "type": "message",
        "text": "",
        "files": [
            {
                "id": "F011XU9SSCX",
                "created": 1587617225,
                "timestamp": 1587617225,
                "name": "Image from iOS.png",
                "title": "Image from iOS",
                "mimetype": "image\/png",
                "filetype": "png",
                "pretty_type": "PNG",
                "user": "UR1VBKHD1",
                "editable": false,
                "size": 2060024,
                "mode": "hosted",
                "is_external": false,
                "external_type": "",
                "is_public": true,
                "public_url_shared": false,
                "display_as_bot": false,
                "username": "",
                "url_private": "https:\/\/files.slack.com\/files-pri\/TKFJE6LDR-F011XU9SSCX\/image_from_ios.png?t=xoxe-661626224467-1176889373458-1189513059441-ae8bad2fa75b08bee478ccbaefddd7f6",
                "url_private_download": "https:\/\/files.slack.com\/files-pri\/TKFJE6LDR-F011XU9SSCX\/download\/image_from_ios.png?t=xoxe-661626224467-1176889373458-1189513059441-ae8bad2fa75b08bee478ccbaefddd7f6",
                "thumb_64": "https:\/\/files.slack.com\/files-tmb\/TKFJE6LDR-F011XU9SSCX-9cc3e72388\/image_from_ios_64.png?t=xoxe-661626224467-1176889373458-1189513059441-ae8bad2fa75b08bee478ccbaefddd7f6",
                "thumb_80": "https:\/\/files.slack.com\/files-tmb\/TKFJE6LDR-F011XU9SSCX-9cc3e72388\/image_from_ios_80.png?t=xoxe-661626224467-1176889373458-1189513059441-ae8bad2fa75b08bee478ccbaefddd7f6",
                "thumb_360": "https:\/\/files.slack.com\/files-tmb\/TKFJE6LDR-F011XU9SSCX-9cc3e72388\/image_from_ios_360.png?t=xoxe-661626224467-1176889373458-1189513059441-ae8bad2fa75b08bee478ccbaefddd7f6",
                "thumb_360_w": 166,
                "thumb_360_h": 360,
                "thumb_480": "https:\/\/files.slack.com\/files-tmb\/TKFJE6LDR-F011XU9SSCX-9cc3e72388\/image_from_ios_480.png?t=xoxe-661626224467-1176889373458-1189513059441-ae8bad2fa75b08bee478ccbaefddd7f6",
                "thumb_480_w": 222,
                "thumb_480_h": 480,
                "thumb_160": "https:\/\/files.slack.com\/files-tmb\/TKFJE6LDR-F011XU9SSCX-9cc3e72388\/image_from_ios_160.png?t=xoxe-661626224467-1176889373458-1189513059441-ae8bad2fa75b08bee478ccbaefddd7f6",
                "thumb_720": "https:\/\/files.slack.com\/files-tmb\/TKFJE6LDR-F011XU9SSCX-9cc3e72388\/image_from_ios_720.png?t=xoxe-661626224467-1176889373458-1189513059441-ae8bad2fa75b08bee478ccbaefddd7f6",
                "thumb_720_w": 333,
                "thumb_720_h": 720,
                "thumb_800": "https:\/\/files.slack.com\/files-tmb\/TKFJE6LDR-F011XU9SSCX-9cc3e72388\/image_from_ios_800.png?t=xoxe-661626224467-1176889373458-1189513059441-ae8bad2fa75b08bee478ccbaefddd7f6",
                "thumb_800_w": 800,
                "thumb_800_h": 1731,
                "thumb_960": "https:\/\/files.slack.com\/files-tmb\/TKFJE6LDR-F011XU9SSCX-9cc3e72388\/image_from_ios_960.png?t=xoxe-661626224467-1176889373458-1189513059441-ae8bad2fa75b08bee478ccbaefddd7f6",
                "thumb_960_w": 444,
                "thumb_960_h": 960,
                "thumb_1024": "https:\/\/files.slack.com\/files-tmb\/TKFJE6LDR-F011XU9SSCX-9cc3e72388\/image_from_ios_1024.png?t=xoxe-661626224467-1176889373458-1189513059441-ae8bad2fa75b08bee478ccbaefddd7f6",
                "thumb_1024_w": 473,
                "thumb_1024_h": 1024,
                "image_exif_rotation": 1,
                "original_w": 828,
                "original_h": 1792,
                "thumb_tiny": "AwAwABa1JJtTJqs0pJ9qbOZHUfu2+X2NR\/vNn+rbP0NIZMrgj5cfjS7j\/s1XZJBtZUcZGOhpMTekn5GgDZGaWmbgKXzBTEOopvmLRvFADRS1GuQckkj3pfMXPb86AFZwvfmm+YPUUm0k8k0bfegD\/9k=",
                "permalink": "https:\/\/thegooddocs.slack.com\/files\/UR1VBKHD1\/F011XU9SSCX\/image_from_ios.png",
                "permalink_public": "https:\/\/slack-files.com\/TKFJE6LDR-F011XU9SSCX-644b0eaa3a",
                "is_starred": false,
                "has_rich_preview": false
            }
        ],
        "upload": true,
        "blocks": [
            {
                "type": "rich_text",
                "block_id": "dwkL3",
                "elements": []
            }
        ],
        "user": "UR1VBKHD1",
        "display_as_bot": false,
        "ts": "1587617232.123500",
        "client_msg_id": "EFAA1598-7030-44D7-91F7-549B1989C1D5"
    },
    {
        "client_msg_id": "A175B5D3-779C-4116-9E3B-620AC9B7FEE2",
        "type": "message",
        "text": "I see “Sara lee” and I think ice cream :joy:",
        "user": "UR1VBKHD1",
        "ts": "1587617249.124200",
        "team": "TKFJE6LDR",
        "user_team": "TKFJE6LDR",
        "source_team": "TKFJE6LDR",
        "user_profile": {
            "avatar_hash": "g1d6ae089679",
            "image_72": "https:\/\/secure.gravatar.com\/avatar\/1d6ae08967983f1973436beba61255d9.jpg?s=72&d=https%3A%2F%2Fa.slack-edge.com%2Fdf10d%2Fimg%2Favatars%2Fava_0026-72.png",
            "first_name": "David",
            "real_name": "David Parker",
            "display_name": "DeafDave",
            "team": "TKFJE6LDR",
            "name": "deafdave",
            "is_restricted": false,
            "is_ultra_restricted": false
        },
        "blocks": [
            {
                "type": "rich_text",
                "block_id": "Fge",
                "elements": [
                    {
                        "type": "rich_text_section",
                        "elements": [
                            {
                                "type": "text",
                                "text": "I see “Sara lee” and I think ice cream "
                            },
                            {
                                "type": "emoji",
                                "name": "joy"
                            }
                        ]
                    }
                ]
            }
        ]
    }
]