[
    {
        "client_msg_id": "72253C32-0142-4857-AC51-7E1EC8B03551",
        "type": "message",
        "text": "I don’t have family dinners often but they always seem to fall on the meeting time haha, I probably won’t be able to make tonight, if I don’t just know I’ll continue on addressing issues in github :+1:",
        "user": "UR4F409LG",
        "ts": "1579767146.007400",
        "team": "TKFJE6LDR",
        "user_team": "TKFJE6LDR",
        "source_team": "TKFJE6LDR",
        "user_profile": {
            "avatar_hash": "g79ec87b785b",
            "image_72": "https:\/\/secure.gravatar.com\/avatar\/79ec87b785b963697860ca73ad5e539e.jpg?s=72&d=https%3A%2F%2Fa.slack-edge.com%2Fdf10d%2Fimg%2Favatars%2Fava_0003-72.png",
            "first_name": "",
            "real_name": "Francesco Lanciana",
            "display_name": "Francesco Lanciana",
            "team": "TKFJE6LDR",
            "name": "francescolanciana",
            "is_restricted": false,
            "is_ultra_restricted": false
        },
        "blocks": [
            {
                "type": "rich_text",
                "block_id": "sG36",
                "elements": [
                    {
                        "type": "rich_text_section",
                        "elements": [
                            {
                                "type": "text",
                                "text": "I don’t have family dinners often but they always seem to fall on the meeting time haha, I probably won’t be able to make tonight, if I don’t just know I’ll continue on addressing issues in github "
                            },
                            {
                                "type": "emoji",
                                "name": "+1"
                            }
                        ]
                    }
                ]
            }
        ]
    },
    {
        "client_msg_id": "5ab17d25-329c-4cef-a415-8ba5ca2cb1ac",
        "type": "message",
        "text": "<!here>  meeting in 5 minutes on hangouts. Ping me here if you need connection details.",
        "user": "UKTGLQNGG",
        "ts": "1579769805.008700",
        "team": "TKFJE6LDR",
        "user_team": "TKFJE6LDR",
        "source_team": "TKFJE6LDR",
        "user_profile": {
            "avatar_hash": "ge03fcb118b0",
            "image_72": "https:\/\/secure.gravatar.com\/avatar\/9e03fcb118b0853a3fedfdee2367779d.jpg?s=72&d=https%3A%2F%2Fa.slack-edge.com%2Fdf10d%2Fimg%2Favatars%2Fava_0021-72.png",
            "first_name": "Cameron",
            "real_name": "Cameron Shorter",
            "display_name": "cameronshorter",
            "team": "TKFJE6LDR",
            "name": "cameron.shorter",
            "is_restricted": false,
            "is_ultra_restricted": false
        },
        "blocks": [
            {
                "type": "rich_text",
                "block_id": "mAz7",
                "elements": [
                    {
                        "type": "rich_text_section",
                        "elements": [
                            {
                                "type": "broadcast",
                                "range": "here"
                            },
                            {
                                "type": "text",
                                "text": "  meeting in 5 minutes on hangouts. Ping me here if you need connection details."
                            }
                        ]
                    }
                ]
            }
        ]
    }
]