[
    {
        "client_msg_id": "5fc7b20a-8582-4d8c-9913-cdfb673ecfb9",
        "type": "message",
        "text": "I've noticed that we currently don't have an official template for a starter style guide (although the Writing Tips template does have this kind of content). In my experience, it's sometimes helpful to start out with a bare-bones or boilerplate style guide that your core contributors can just add to here and there as consistency issues arrive. Even if the guide is as simple as \"We defer to XYZ's style guide: &lt;link&gt;\" + a word list for how to refer to terms that are specific to the project. Would anyone have objections to me perhaps adapting\/expanding the Writing Tips template to become a bare bones\/boilerplate style guide? No worries if you think this is a bad idea. Feel free to discuss!",
        "user": "U012KCMPP0V",
        "ts": "1588439680.199800",
        "team": "TKFJE6LDR",
        "user_team": "TKFJE6LDR",
        "source_team": "TKFJE6LDR",
        "user_profile": {
            "avatar_hash": "b26729f0b5f2",
            "image_72": "https:\/\/avatars.slack-edge.com\/2020-04-27\/1089031639347_b26729f0b5f2375494a1_72.png",
            "first_name": "Alyssa",
            "real_name": "Alyssa",
            "display_name": "Alyssa",
            "team": "TKFJE6LDR",
            "name": "alyssa.rock.biz",
            "is_restricted": false,
            "is_ultra_restricted": false
        },
        "edited": {
            "user": "U012KCMPP0V",
            "ts": "1588439789.000000"
        },
        "blocks": [
            {
                "type": "rich_text",
                "block_id": "sA1=",
                "elements": [
                    {
                        "type": "rich_text_section",
                        "elements": [
                            {
                                "type": "text",
                                "text": "I've noticed that we currently don't have an official template for a starter style guide (although the Writing Tips template does have this kind of content). In my experience, it's sometimes helpful to start out with a bare-bones or boilerplate style guide that your core contributors can just add to here and there as consistency issues arrive. Even if the guide is as simple as \"We defer to XYZ's style guide: <link>\" + a word list for how to refer to terms that are specific to the project. Would anyone have objections to me perhaps adapting\/expanding the Writing Tips template to become a bare bones\/boilerplate style guide? No worries if you think this is a bad idea. Feel free to discuss!"
                            }
                        ]
                    }
                ]
            }
        ],
        "thread_ts": "1588439680.199800",
        "reply_count": 7,
        "reply_users_count": 4,
        "latest_reply": "1588552258.209900",
        "reply_users": [
            "U012J5AMMEY",
            "UKTGLQNGG",
            "U012KCMPP0V",
            "UUKDDFDLM"
        ],
        "replies": [
            {
                "user": "U012J5AMMEY",
                "ts": "1588455158.200500"
            },
            {
                "user": "U012J5AMMEY",
                "ts": "1588455294.201000"
            },
            {
                "user": "U012J5AMMEY",
                "ts": "1588455902.201300"
            },
            {
                "user": "UKTGLQNGG",
                "ts": "1588457909.201600"
            },
            {
                "user": "U012KCMPP0V",
                "ts": "1588457921.201800"
            },
            {
                "user": "UUKDDFDLM",
                "ts": "1588510156.209300"
            },
            {
                "user": "U012J5AMMEY",
                "ts": "1588552258.209900"
            }
        ],
        "subscribed": false,
        "reactions": [
            {
                "name": "100",
                "users": [
                    "UL2AA1FF1",
                    "U012J5AMMEY"
                ],
                "count": 2
            }
        ]
    },
    {
        "client_msg_id": "d63b8679-0ec9-4bc4-be73-be67513b5d38",
        "type": "message",
        "text": "<@U012KCMPP0V>, do you think a project needs more than \"We defer to XYZ's style guide: &lt;link&gt;\" + a word list?\n\nI think our <https:\/\/github.com\/thegooddocsproject\/templates\/blob\/master\/writing-tips.md|Writing Tips> could be shorter with more links to external resources.",
        "user": "U012J5AMMEY",
        "ts": "1588455158.200500",
        "team": "TKFJE6LDR",
        "user_team": "TKFJE6LDR",
        "source_team": "TKFJE6LDR",
        "user_profile": {
            "avatar_hash": "f0294109ed4a",
            "image_72": "https:\/\/avatars.slack-edge.com\/2020-04-23\/1080225857475_f0294109ed4a12a988f3_72.jpg",
            "first_name": "Max",
            "real_name": "Max Voskob",
            "display_name": "Max Voskob",
            "team": "TKFJE6LDR",
            "name": "max",
            "is_restricted": false,
            "is_ultra_restricted": false
        },
        "edited": {
            "user": "U012J5AMMEY",
            "ts": "1588455230.000000"
        },
        "blocks": [
            {
                "type": "rich_text",
                "block_id": "ClI4X",
                "elements": [
                    {
                        "type": "rich_text_section",
                        "elements": [
                            {
                                "type": "user",
                                "user_id": "U012KCMPP0V"
                            },
                            {
                                "type": "text",
                                "text": ", do you think a project needs more than \"We defer to XYZ's style guide: <link>\" + a word list?\n\nI think our "
                            },
                            {
                                "type": "link",
                                "url": "https:\/\/github.com\/thegooddocsproject\/templates\/blob\/master\/writing-tips.md",
                                "text": "Writing Tips"
                            },
                            {
                                "type": "text",
                                "text": " could be shorter with more links to external resources."
                            }
                        ]
                    }
                ]
            }
        ],
        "thread_ts": "1588439680.199800",
        "parent_user_id": "U012KCMPP0V"
    },
    {
        "client_msg_id": "0ca101fd-b8e3-4431-8538-f143fe24c352",
        "type": "message",
        "text": "As a non-writer I don't really understand what it's saying. I understand the words, but the deeper meaning kind of evades me.\n\nE.g., line 1:\n\nUse consistent language and tone throughout your docs.\n\nWhat's language and what's tone?\nAnd how do I do that?\n\nExamples would really help, but then it would become a tutorial. Can't win :slightly_smiling_face:",
        "user": "U012J5AMMEY",
        "ts": "1588455294.201000",
        "team": "TKFJE6LDR",
        "user_team": "TKFJE6LDR",
        "source_team": "TKFJE6LDR",
        "user_profile": {
            "avatar_hash": "f0294109ed4a",
            "image_72": "https:\/\/avatars.slack-edge.com\/2020-04-23\/1080225857475_f0294109ed4a12a988f3_72.jpg",
            "first_name": "Max",
            "real_name": "Max Voskob",
            "display_name": "Max Voskob",
            "team": "TKFJE6LDR",
            "name": "max",
            "is_restricted": false,
            "is_ultra_restricted": false
        },
        "edited": {
            "user": "U012J5AMMEY",
            "ts": "1588455547.000000"
        },
        "blocks": [
            {
                "type": "rich_text",
                "block_id": "T2n=A",
                "elements": [
                    {
                        "type": "rich_text_section",
                        "elements": [
                            {
                                "type": "text",
                                "text": "As a non-writer I don't really understand what it's saying. I understand the words, but the deeper meaning kind of evades me.\n\nE.g., line 1:\n\nUse consistent language and tone throughout your docs.\n\nWhat's language and what's tone?\nAnd how do I do that?\n\nExamples would really help, but then it would become a tutorial. Can't win "
                            },
                            {
                                "type": "emoji",
                                "name": "slightly_smiling_face"
                            }
                        ]
                    }
                ]
            }
        ],
        "thread_ts": "1588439680.199800",
        "parent_user_id": "U012KCMPP0V"
    },
    {
        "client_msg_id": "13436094-dfb0-4d47-95fa-fc52a5aff8a4",
        "type": "message",
        "text": "What shifted my thinking about writing was a blog post with a badly worded paragraph followed by a re-worded, much shorter and simpler version and a short explanation why it's important to follow a certain style.\n\nJust my 2c worth. Feel free to ignore.",
        "user": "U012J5AMMEY",
        "ts": "1588455902.201300",
        "team": "TKFJE6LDR",
        "user_team": "TKFJE6LDR",
        "source_team": "TKFJE6LDR",
        "user_profile": {
            "avatar_hash": "f0294109ed4a",
            "image_72": "https:\/\/avatars.slack-edge.com\/2020-04-23\/1080225857475_f0294109ed4a12a988f3_72.jpg",
            "first_name": "Max",
            "real_name": "Max Voskob",
            "display_name": "Max Voskob",
            "team": "TKFJE6LDR",
            "name": "max",
            "is_restricted": false,
            "is_ultra_restricted": false
        },
        "edited": {
            "user": "U012J5AMMEY",
            "ts": "1588455982.000000"
        },
        "blocks": [
            {
                "type": "rich_text",
                "block_id": "Cuuf",
                "elements": [
                    {
                        "type": "rich_text_section",
                        "elements": [
                            {
                                "type": "text",
                                "text": "What shifted my thinking about writing was a blog post with a badly worded paragraph followed by a re-worded, much shorter and simpler version and a short explanation why it's important to follow a certain style.\n\nJust my 2c worth. Feel free to ignore."
                            }
                        ]
                    }
                ]
            }
        ],
        "thread_ts": "1588439680.199800",
        "parent_user_id": "U012KCMPP0V"
    },
    {
        "client_msg_id": "89614f71-abc7-48c7-913d-fb7f91644a5e",
        "type": "message",
        "text": "Hi <@U012KCMPP0V>, this is a really good suggestion, I'll answer on email, so we keep track of it. <@UKVC4NB71> wrote the original version of this, and so likely will have thoughts.",
        "user": "UKTGLQNGG",
        "ts": "1588457909.201600",
        "team": "TKFJE6LDR",
        "user_team": "TKFJE6LDR",
        "source_team": "TKFJE6LDR",
        "user_profile": {
            "avatar_hash": "ge03fcb118b0",
            "image_72": "https:\/\/secure.gravatar.com\/avatar\/9e03fcb118b0853a3fedfdee2367779d.jpg?s=72&d=https%3A%2F%2Fa.slack-edge.com%2Fdf10d%2Fimg%2Favatars%2Fava_0021-72.png",
            "first_name": "Cameron",
            "real_name": "Cameron Shorter",
            "display_name": "cameronshorter",
            "team": "TKFJE6LDR",
            "name": "cameron.shorter",
            "is_restricted": false,
            "is_ultra_restricted": false
        },
        "blocks": [
            {
                "type": "rich_text",
                "block_id": "NODU",
                "elements": [
                    {
                        "type": "rich_text_section",
                        "elements": [
                            {
                                "type": "text",
                                "text": "Hi "
                            },
                            {
                                "type": "user",
                                "user_id": "U012KCMPP0V"
                            },
                            {
                                "type": "text",
                                "text": ", this is a really good suggestion, I'll answer on email, so we keep track of it. "
                            },
                            {
                                "type": "user",
                                "user_id": "UKVC4NB71"
                            },
                            {
                                "type": "text",
                                "text": " wrote the original version of this, and so likely will have thoughts."
                            }
                        ]
                    }
                ]
            }
        ],
        "thread_ts": "1588439680.199800",
        "parent_user_id": "U012KCMPP0V"
    },
    {
        "client_msg_id": "416131a2-e661-4b01-a25c-d992ef825c48",
        "type": "message",
        "text": "Sounds great!",
        "user": "U012KCMPP0V",
        "ts": "1588457921.201800",
        "team": "TKFJE6LDR",
        "user_team": "TKFJE6LDR",
        "source_team": "TKFJE6LDR",
        "user_profile": {
            "avatar_hash": "b26729f0b5f2",
            "image_72": "https:\/\/avatars.slack-edge.com\/2020-04-27\/1089031639347_b26729f0b5f2375494a1_72.png",
            "first_name": "Alyssa",
            "real_name": "Alyssa",
            "display_name": "Alyssa",
            "team": "TKFJE6LDR",
            "name": "alyssa.rock.biz",
            "is_restricted": false,
            "is_ultra_restricted": false
        },
        "blocks": [
            {
                "type": "rich_text",
                "block_id": "9Tucs",
                "elements": [
                    {
                        "type": "rich_text_section",
                        "elements": [
                            {
                                "type": "text",
                                "text": "Sounds great!"
                            }
                        ]
                    }
                ]
            }
        ],
        "thread_ts": "1588439680.199800",
        "parent_user_id": "U012KCMPP0V"
    },
    {
        "client_msg_id": "94831bc8-da10-4411-b9e6-3f159ed79200",
        "type": "message",
        "text": "More wiki pages ... <https:\/\/github.com\/thegooddocsproject\/templates\/wiki\/Examples-from-the-web>\nI suggest we star collecting good and bad examples of docs from the web. <@UL2AA1FF1>, can you add a few examples from the last season of google docs there? Having \"before\" and \"after\" side by side is the best.",
        "user": "U012J5AMMEY",
        "ts": "1588468347.208100",
        "team": "TKFJE6LDR",
        "user_team": "TKFJE6LDR",
        "source_team": "TKFJE6LDR",
        "user_profile": {
            "avatar_hash": "f0294109ed4a",
            "image_72": "https:\/\/avatars.slack-edge.com\/2020-04-23\/1080225857475_f0294109ed4a12a988f3_72.jpg",
            "first_name": "Max",
            "real_name": "Max Voskob",
            "display_name": "Max Voskob",
            "team": "TKFJE6LDR",
            "name": "max",
            "is_restricted": false,
            "is_ultra_restricted": false
        },
        "blocks": [
            {
                "type": "rich_text",
                "block_id": "SJfeA",
                "elements": [
                    {
                        "type": "rich_text_section",
                        "elements": [
                            {
                                "type": "text",
                                "text": "More wiki pages ... "
                            },
                            {
                                "type": "link",
                                "url": "https:\/\/github.com\/thegooddocsproject\/templates\/wiki\/Examples-from-the-web"
                            },
                            {
                                "type": "text",
                                "text": "\nI suggest we star collecting good and bad examples of docs from the web. "
                            },
                            {
                                "type": "user",
                                "user_id": "UL2AA1FF1"
                            },
                            {
                                "type": "text",
                                "text": ", can you add a few examples from the last season of google docs there? Having \"before\" and \"after\" side by side is the best."
                            }
                        ]
                    }
                ]
            }
        ],
        "thread_ts": "1588468347.208100",
        "reply_count": 6,
        "reply_users_count": 3,
        "latest_reply": "1588565647.210600",
        "reply_users": [
            "UKTGLQNGG",
            "UL2AA1FF1",
            "U012J5AMMEY"
        ],
        "replies": [
            {
                "user": "UKTGLQNGG",
                "ts": "1588499864.208300"
            },
            {
                "user": "UL2AA1FF1",
                "ts": "1588521935.209500"
            },
            {
                "user": "UL2AA1FF1",
                "ts": "1588521964.209700"
            },
            {
                "user": "U012J5AMMEY",
                "ts": "1588552660.210200"
            },
            {
                "user": "UKTGLQNGG",
                "ts": "1588560559.210400"
            },
            {
                "user": "U012J5AMMEY",
                "ts": "1588565647.210600"
            }
        ],
        "subscribed": false
    }
]