[
    {
        "client_msg_id": "73afe88d-5f85-4e3c-bbbb-0bcf1f488b73",
        "type": "message",
        "text": "hey <@UKVC4NB71>, I hope you might be able to review and approve <https:\/\/github.com\/thegooddocsproject\/templates\/pull\/107>",
        "user": "UKTGLQNGG",
        "ts": "1582920575.000400",
        "team": "TKFJE6LDR",
        "user_team": "TKFJE6LDR",
        "source_team": "TKFJE6LDR",
        "user_profile": {
            "avatar_hash": "ge03fcb118b0",
            "image_72": "https:\/\/secure.gravatar.com\/avatar\/9e03fcb118b0853a3fedfdee2367779d.jpg?s=72&d=https%3A%2F%2Fa.slack-edge.com%2Fdf10d%2Fimg%2Favatars%2Fava_0021-72.png",
            "first_name": "Cameron",
            "real_name": "Cameron Shorter",
            "display_name": "cameronshorter",
            "team": "TKFJE6LDR",
            "name": "cameron.shorter",
            "is_restricted": false,
            "is_ultra_restricted": false
        },
        "attachments": [
            {
                "author_name": "camerons",
                "fallback": "[thegooddocsproject\/templates] #107 Remove table layout from how-to template",
                "text": "Fixes <https:\/\/github.com\/thegooddocsproject\/templates\/issues\/105|#105>, partially addresses <https:\/\/github.com\/thegooddocsproject\/templates\/issues\/57|#57>.  \nI feel we shouldn't be recommending the use of tables to address image alignment. My reasons:\n\n• Responsive web design principles suggest that we shouldn't assume the target screen size, and using tables locks us into a specific screen size.\n• Applying layout recommendations contradicts the Google's style guide that we have decided to follow.\n• TheGoodDocs templates should focus should be on content rather than style (although we might cover style elsewhere).\n\nNote: I do think the use of tables for presenting images next to instructions is a good idea, but I think there are other ways to do it too, which should be considered as well.",
                "title": "#107 Remove table layout from how-to template",
                "footer": "<https:\/\/github.com\/thegooddocsproject\/templates|thegooddocsproject\/templates>",
                "id": 1,
                "title_link": "https:\/\/github.com\/thegooddocsproject\/templates\/pull\/107",
                "author_link": "https:\/\/github.com\/camerons",
                "author_icon": "https:\/\/avatars0.githubusercontent.com\/u\/1243535?v=4",
                "footer_icon": "https:\/\/github.githubassets.com\/favicon.ico",
                "ts": 1582920514,
                "color": "36a64f",
                "fields": [
                    {
                        "title": "Reviewers",
                        "value": "@jaredmorgs",
                        "short": true
                    }
                ],
                "mrkdwn_in": [
                    "text"
                ],
                "bot_id": "BU8U6P6AH",
                "app_unfurl_url": "https:\/\/github.com\/thegooddocsproject\/templates\/pull\/107",
                "is_app_unfurl": true
            }
        ],
        "blocks": [
            {
                "type": "rich_text",
                "block_id": "X4jqD",
                "elements": [
                    {
                        "type": "rich_text_section",
                        "elements": [
                            {
                                "type": "text",
                                "text": "hey "
                            },
                            {
                                "type": "user",
                                "user_id": "UKVC4NB71"
                            },
                            {
                                "type": "text",
                                "text": ", I hope you might be able to review and approve "
                            },
                            {
                                "type": "link",
                                "url": "https:\/\/github.com\/thegooddocsproject\/templates\/pull\/107"
                            }
                        ]
                    }
                ]
            }
        ]
    }
]