[
    {
        "client_msg_id": "390a22d0-9dc6-4715-94fb-9b9aa2290503",
        "type": "message",
        "text": "Thanks for the link <@USJNU4UKV>, I’ve added a link to TheGoodDocsProject, and suggested anyone interested come join us.",
        "user": "UKTGLQNGG",
        "ts": "1579722997.005800",
        "team": "TKFJE6LDR",
        "user_team": "TKFJE6LDR",
        "source_team": "TKFJE6LDR",
        "user_profile": {
            "avatar_hash": "ge03fcb118b0",
            "image_72": "https:\/\/secure.gravatar.com\/avatar\/9e03fcb118b0853a3fedfdee2367779d.jpg?s=72&d=https%3A%2F%2Fa.slack-edge.com%2Fdf10d%2Fimg%2Favatars%2Fava_0021-72.png",
            "first_name": "Cameron",
            "real_name": "Cameron Shorter",
            "display_name": "cameronshorter",
            "team": "TKFJE6LDR",
            "name": "cameron.shorter",
            "is_restricted": false,
            "is_ultra_restricted": false
        },
        "blocks": [
            {
                "type": "rich_text",
                "block_id": "hkzw",
                "elements": [
                    {
                        "type": "rich_text_section",
                        "elements": [
                            {
                                "type": "text",
                                "text": "Thanks for the link "
                            },
                            {
                                "type": "user",
                                "user_id": "USJNU4UKV"
                            },
                            {
                                "type": "text",
                                "text": ", I’ve added a link to TheGoodDocsProject, and suggested anyone interested come join us."
                            }
                        ]
                    }
                ]
            }
        ],
        "reactions": [
            {
                "name": "+1",
                "users": [
                    "USJNU4UKV"
                ],
                "count": 1
            }
        ]
    }
]