[
    {
        "client_msg_id": "3ffeb51e-7a85-464d-a851-5d8618bd8810",
        "type": "message",
        "text": "I’m planning to wrap up the governance updates I’ve proposed this weekend, and copy into our website. Thanks Jo for your review (I was really keen to have your open source experience incorporated.) <@UL2AA1FF1> you mentioned that you were going to review. Is that still happening? If anyone else wants to comment, now is the time to do so, before I put a motion forward to have these processes accepted. Note, after these processes are in place, I plan to revisit each of our formal roles in the project (everyone having a chance to comment). <https:\/\/docs.google.com\/document\/d\/1Fu5EWfir8xs9mj9nCa_9l4LItl0wyw75BGhXrKcNJIQ\/edit>",
        "user": "UKTGLQNGG",
        "ts": "1580932017.004400",
        "team": "TKFJE6LDR",
        "user_team": "TKFJE6LDR",
        "source_team": "TKFJE6LDR",
        "user_profile": {
            "avatar_hash": "ge03fcb118b0",
            "image_72": "https:\/\/secure.gravatar.com\/avatar\/9e03fcb118b0853a3fedfdee2367779d.jpg?s=72&d=https%3A%2F%2Fa.slack-edge.com%2Fdf10d%2Fimg%2Favatars%2Fava_0021-72.png",
            "first_name": "Cameron",
            "real_name": "Cameron Shorter",
            "display_name": "cameronshorter",
            "team": "TKFJE6LDR",
            "name": "cameron.shorter",
            "is_restricted": false,
            "is_ultra_restricted": false
        },
        "blocks": [
            {
                "type": "rich_text",
                "block_id": "HPaS9",
                "elements": [
                    {
                        "type": "rich_text_section",
                        "elements": [
                            {
                                "type": "text",
                                "text": "I’m planning to wrap up the governance updates I’ve proposed this weekend, and copy into our website. Thanks Jo for your review (I was really keen to have your open source experience incorporated.) "
                            },
                            {
                                "type": "user",
                                "user_id": "UL2AA1FF1"
                            },
                            {
                                "type": "text",
                                "text": " you mentioned that you were going to review. Is that still happening? If anyone else wants to comment, now is the time to do so, before I put a motion forward to have these processes accepted. Note, after these processes are in place, I plan to revisit each of our formal roles in the project (everyone having a chance to comment). "
                            },
                            {
                                "type": "link",
                                "url": "https:\/\/docs.google.com\/document\/d\/1Fu5EWfir8xs9mj9nCa_9l4LItl0wyw75BGhXrKcNJIQ\/edit"
                            }
                        ]
                    }
                ]
            }
        ]
    },
    {
        "client_msg_id": "13d7c27d-4ab8-40a5-b678-19dd1cba0139",
        "type": "message",
        "text": "I will be able to review before EOW",
        "user": "UL2AA1FF1",
        "ts": "1580935567.005800",
        "team": "TKFJE6LDR",
        "user_team": "TKFJE6LDR",
        "source_team": "TKFJE6LDR",
        "user_profile": {
            "avatar_hash": "22135067b36d",
            "image_72": "https:\/\/avatars.slack-edge.com\/2019-10-23\/805254797908_22135067b36dfb715e99_72.jpg",
            "first_name": "",
            "real_name": "Erin McKean",
            "display_name": "Erin McKean",
            "team": "TKFJE6LDR",
            "name": "emckean",
            "is_restricted": false,
            "is_ultra_restricted": false
        },
        "blocks": [
            {
                "type": "rich_text",
                "block_id": "NJVY",
                "elements": [
                    {
                        "type": "rich_text_section",
                        "elements": [
                            {
                                "type": "text",
                                "text": "I will be able to review before EOW"
                            }
                        ]
                    }
                ]
            }
        ]
    },
    {
        "client_msg_id": "9cc57958-a0bf-4b7a-968d-85a5fd36d44e",
        "type": "message",
        "text": "This proposed policy looks fine, so I would be a +1.",
        "user": "UL3UNUMK6",
        "ts": "1580937616.006500",
        "team": "TKFJE6LDR",
        "user_team": "TKFJE6LDR",
        "source_team": "TKFJE6LDR",
        "user_profile": {
            "avatar_hash": "g886aa2ab03e",
            "image_72": "https:\/\/secure.gravatar.com\/avatar\/1886aa2ab03e30db78524e761889e101.jpg?s=72&d=https%3A%2F%2Fa.slack-edge.com%2Fdf10d%2Fimg%2Favatars%2Fava_0005-72.png",
            "first_name": "",
            "real_name": "Clarence Cromwell",
            "display_name": "",
            "team": "TKFJE6LDR",
            "name": "clarencewcromwell",
            "is_restricted": false,
            "is_ultra_restricted": false
        },
        "blocks": [
            {
                "type": "rich_text",
                "block_id": "qBpN",
                "elements": [
                    {
                        "type": "rich_text_section",
                        "elements": [
                            {
                                "type": "text",
                                "text": "This proposed policy looks fine, so I would be a +1."
                            }
                        ]
                    }
                ]
            }
        ]
    },
    {
        "client_msg_id": "bf8af56f-113f-4c8e-96ad-27aebd03ff4f",
        "type": "message",
        "text": "If it’s not too early to open the conversation about roles, I wouldn’t mind downgrading to something like Contributor. As I said when I signed on, I’m far more interested in the information architecture questions around templates, so I haven’t been that enthusiastic about things like licensing.",
        "user": "UL3UNUMK6",
        "ts": "1580937926.009100",
        "team": "TKFJE6LDR",
        "user_team": "TKFJE6LDR",
        "source_team": "TKFJE6LDR",
        "user_profile": {
            "avatar_hash": "g886aa2ab03e",
            "image_72": "https:\/\/secure.gravatar.com\/avatar\/1886aa2ab03e30db78524e761889e101.jpg?s=72&d=https%3A%2F%2Fa.slack-edge.com%2Fdf10d%2Fimg%2Favatars%2Fava_0005-72.png",
            "first_name": "",
            "real_name": "Clarence Cromwell",
            "display_name": "",
            "team": "TKFJE6LDR",
            "name": "clarencewcromwell",
            "is_restricted": false,
            "is_ultra_restricted": false
        },
        "blocks": [
            {
                "type": "rich_text",
                "block_id": "MYpI",
                "elements": [
                    {
                        "type": "rich_text_section",
                        "elements": [
                            {
                                "type": "text",
                                "text": "If it’s not too early to open the conversation about roles, I wouldn’t mind downgrading to something like Contributor. As I said when I signed on, I’m far more interested in the information architecture questions around templates, so I haven’t been that enthusiastic about things like licensing."
                            }
                        ]
                    }
                ]
            }
        ]
    },
    {
        "client_msg_id": "76794e1e-4784-45c9-a581-93d69f14ab90",
        "type": "message",
        "text": "I think contributing and acting as a general evangelist for templates are up my alley, because those are the kinds of things I’d want to be doing. Thinking about docs and helping other people with docs. (I’m definitely still onboard to put on a meetup in SF for April and to lead (or co-lead) a workshop in Portland.",
        "user": "UL3UNUMK6",
        "ts": "1580938050.011000",
        "team": "TKFJE6LDR",
        "user_team": "TKFJE6LDR",
        "source_team": "TKFJE6LDR",
        "user_profile": {
            "avatar_hash": "g886aa2ab03e",
            "image_72": "https:\/\/secure.gravatar.com\/avatar\/1886aa2ab03e30db78524e761889e101.jpg?s=72&d=https%3A%2F%2Fa.slack-edge.com%2Fdf10d%2Fimg%2Favatars%2Fava_0005-72.png",
            "first_name": "",
            "real_name": "Clarence Cromwell",
            "display_name": "",
            "team": "TKFJE6LDR",
            "name": "clarencewcromwell",
            "is_restricted": false,
            "is_ultra_restricted": false
        },
        "edited": {
            "user": "UL3UNUMK6",
            "ts": "1580938234.000000"
        },
        "blocks": [
            {
                "type": "rich_text",
                "block_id": "Gei9",
                "elements": [
                    {
                        "type": "rich_text_section",
                        "elements": [
                            {
                                "type": "text",
                                "text": "I think contributing and acting as a general evangelist for templates are up my alley, because those are the kinds of things I’d want to be doing. Thinking about docs and helping other people with docs. (I’m definitely still onboard to put on a meetup in SF for April and to lead (or co-lead) a workshop in Portland."
                            }
                        ]
                    }
                ]
            }
        ],
        "reactions": [
            {
                "name": "+1",
                "users": [
                    "UL2AA1FF1",
                    "UTCKDLXJ9"
                ],
                "count": 2
            }
        ]
    },
    {
        "client_msg_id": "9244f438-171c-4584-9716-c9688fb54e1c",
        "type": "message",
        "text": "It’s also been on my mind that my duties at Write The Docs are becoming more demanding. So I can’t realistically plan to give more time than I am to TGDP than I am now, and if there are issues outside of templates that require a lot of time and attention, I don’t want to be a bottleneck.",
        "user": "UL3UNUMK6",
        "ts": "1580938140.012500",
        "team": "TKFJE6LDR",
        "user_team": "TKFJE6LDR",
        "source_team": "TKFJE6LDR",
        "user_profile": {
            "avatar_hash": "g886aa2ab03e",
            "image_72": "https:\/\/secure.gravatar.com\/avatar\/1886aa2ab03e30db78524e761889e101.jpg?s=72&d=https%3A%2F%2Fa.slack-edge.com%2Fdf10d%2Fimg%2Favatars%2Fava_0005-72.png",
            "first_name": "",
            "real_name": "Clarence Cromwell",
            "display_name": "",
            "team": "TKFJE6LDR",
            "name": "clarencewcromwell",
            "is_restricted": false,
            "is_ultra_restricted": false
        },
        "blocks": [
            {
                "type": "rich_text",
                "block_id": "7vM",
                "elements": [
                    {
                        "type": "rich_text_section",
                        "elements": [
                            {
                                "type": "text",
                                "text": "It’s also been on my mind that my duties at Write The Docs are becoming more demanding. So I can’t realistically plan to give more time than I am to TGDP than I am now, and if there are issues outside of templates that require a lot of time and attention, I don’t want to be a bottleneck."
                            }
                        ]
                    }
                ]
            }
        ]
    }
]