[
    {
        "client_msg_id": "a0942b54-ac80-4341-9bdd-079c5d315b2c",
        "type": "message",
        "text": "I wonder if someone could review (and merge) my pull request for the Governance process updates I had proposed. <https:\/\/github.com\/thegooddocsproject\/governance\/pull\/7>",
        "user": "UKTGLQNGG",
        "ts": "1581968507.001300",
        "team": "TKFJE6LDR",
        "user_team": "TKFJE6LDR",
        "source_team": "TKFJE6LDR",
        "user_profile": {
            "avatar_hash": "ge03fcb118b0",
            "image_72": "https:\/\/secure.gravatar.com\/avatar\/9e03fcb118b0853a3fedfdee2367779d.jpg?s=72&d=https%3A%2F%2Fa.slack-edge.com%2Fdf10d%2Fimg%2Favatars%2Fava_0021-72.png",
            "first_name": "Cameron",
            "real_name": "Cameron Shorter",
            "display_name": "cameronshorter",
            "team": "TKFJE6LDR",
            "name": "cameron.shorter",
            "is_restricted": false,
            "is_ultra_restricted": false
        },
        "attachments": [
            {
                "service_name": "GitHub",
                "title": "Extend description of Roles by camerons · Pull Request #7 · thegooddocsproject\/governance",
                "title_link": "https:\/\/github.com\/thegooddocsproject\/governance\/pull\/7",
                "text": "Incorporate descriptions of roles and improved processes, as outlined and reviewed in: <https:\/\/docs.google.com\/document\/d\/1Fu5EWfir8xs9mj9nCa_9l4LItl0wyw75BGhXrKcNJIQ\/edit#heading=h.cvrarz76rja3> Ad...",
                "fallback": "GitHub: Extend description of Roles by camerons · Pull Request #7 · thegooddocsproject\/governance",
                "thumb_url": "https:\/\/avatars1.githubusercontent.com\/u\/52089481?s=400&v=4",
                "from_url": "https:\/\/github.com\/thegooddocsproject\/governance\/pull\/7",
                "thumb_width": 400,
                "thumb_height": 400,
                "service_icon": "https:\/\/a.slack-edge.com\/80588\/img\/unfurl_icons\/github.png",
                "id": 1,
                "original_url": "https:\/\/github.com\/thegooddocsproject\/governance\/pull\/7"
            }
        ],
        "blocks": [
            {
                "type": "rich_text",
                "block_id": "9eS",
                "elements": [
                    {
                        "type": "rich_text_section",
                        "elements": [
                            {
                                "type": "text",
                                "text": "I wonder if someone could review (and merge) my pull request for the Governance process updates I had proposed. "
                            },
                            {
                                "type": "link",
                                "url": "https:\/\/github.com\/thegooddocsproject\/governance\/pull\/7"
                            }
                        ]
                    }
                ]
            }
        ],
        "reactions": [
            {
                "name": "+1",
                "users": [
                    "UTCKDLXJ9"
                ],
                "count": 1
            }
        ]
    }
]