[
    {
        "client_msg_id": "3d3774f6-caf2-433f-9e9b-0963a9316357",
        "type": "message",
        "text": "I propose we set our meeting slot this week for 16 hours from now. That would be 8am Thurs Australian Eastern Coast, 3pm Wed San Franscisco. Topics can include SeasonOfDocs topics.",
        "user": "UKTGLQNGG",
        "ts": "1586930884.067700",
        "team": "TKFJE6LDR",
        "user_team": "TKFJE6LDR",
        "source_team": "TKFJE6LDR",
        "user_profile": {
            "avatar_hash": "ge03fcb118b0",
            "image_72": "https:\/\/secure.gravatar.com\/avatar\/9e03fcb118b0853a3fedfdee2367779d.jpg?s=72&d=https%3A%2F%2Fa.slack-edge.com%2Fdf10d%2Fimg%2Favatars%2Fava_0021-72.png",
            "first_name": "Cameron",
            "real_name": "Cameron Shorter",
            "display_name": "cameronshorter",
            "team": "TKFJE6LDR",
            "name": "cameron.shorter",
            "is_restricted": false,
            "is_ultra_restricted": false
        },
        "blocks": [
            {
                "type": "rich_text",
                "block_id": "bT2DN",
                "elements": [
                    {
                        "type": "rich_text_section",
                        "elements": [
                            {
                                "type": "text",
                                "text": "I propose we set our meeting slot this week for 16 hours from now. That would be 8am Thurs Australian Eastern Coast, 3pm Wed San Franscisco. Topics can include SeasonOfDocs topics."
                            }
                        ]
                    }
                ]
            }
        ]
    },
    {
        "client_msg_id": "12bc530b-fcbe-4913-9730-7095dfad76e9",
        "type": "message",
        "text": "I've created a placeholder for SeasonOfDocs ideas <https:\/\/github.com\/thegooddocsproject\/templates\/wiki\/Season-of-Docs|https:\/\/github.com\/thegooddocsproject\/templates\/wiki\/Season-of-Docs>",
        "user": "UKTGLQNGG",
        "ts": "1586931351.068900",
        "team": "TKFJE6LDR",
        "user_team": "TKFJE6LDR",
        "source_team": "TKFJE6LDR",
        "user_profile": {
            "avatar_hash": "ge03fcb118b0",
            "image_72": "https:\/\/secure.gravatar.com\/avatar\/9e03fcb118b0853a3fedfdee2367779d.jpg?s=72&d=https%3A%2F%2Fa.slack-edge.com%2Fdf10d%2Fimg%2Favatars%2Fava_0021-72.png",
            "first_name": "Cameron",
            "real_name": "Cameron Shorter",
            "display_name": "cameronshorter",
            "team": "TKFJE6LDR",
            "name": "cameron.shorter",
            "is_restricted": false,
            "is_ultra_restricted": false
        },
        "blocks": [
            {
                "type": "rich_text",
                "block_id": "gsdm",
                "elements": [
                    {
                        "type": "rich_text_section",
                        "elements": [
                            {
                                "type": "text",
                                "text": "I've created a placeholder for SeasonOfDocs ideas "
                            },
                            {
                                "type": "link",
                                "url": "https:\/\/github.com\/thegooddocsproject\/templates\/wiki\/Season-of-Docs",
                                "text": "https:\/\/github.com\/thegooddocsproject\/templates\/wiki\/Season-of-Docs"
                            }
                        ]
                    }
                ]
            }
        ],
        "reactions": [
            {
                "name": "+1",
                "users": [
                    "UL2AA1FF1"
                ],
                "count": 1
            }
        ]
    }
]