[
    {
        "client_msg_id": "5e469b57-4bd4-4e3d-936c-ef965c2da134",
        "type": "message",
        "text": "<@UTCKDLXJ9> Thanks for noticing that we didn’t have a link for our email list. I’ve fixed the page now - and have added links.",
        "user": "UKTGLQNGG",
        "ts": "1580642451.011700",
        "team": "TKFJE6LDR",
        "user_team": "TKFJE6LDR",
        "source_team": "TKFJE6LDR",
        "user_profile": {
            "avatar_hash": "ge03fcb118b0",
            "image_72": "https:\/\/secure.gravatar.com\/avatar\/9e03fcb118b0853a3fedfdee2367779d.jpg?s=72&d=https%3A%2F%2Fa.slack-edge.com%2Fdf10d%2Fimg%2Favatars%2Fava_0021-72.png",
            "first_name": "Cameron",
            "real_name": "Cameron Shorter",
            "display_name": "cameronshorter",
            "team": "TKFJE6LDR",
            "name": "cameron.shorter",
            "is_restricted": false,
            "is_ultra_restricted": false
        },
        "blocks": [
            {
                "type": "rich_text",
                "block_id": "mDdM",
                "elements": [
                    {
                        "type": "rich_text_section",
                        "elements": [
                            {
                                "type": "user",
                                "user_id": "UTCKDLXJ9"
                            },
                            {
                                "type": "text",
                                "text": " Thanks for noticing that we didn’t have a link for our email list. I’ve fixed the page now - and have added links."
                            }
                        ]
                    }
                ]
            }
        ],
        "thread_ts": "1580463055.008800",
        "parent_user_id": "UTCKDLXJ9",
        "reactions": [
            {
                "name": "100",
                "users": [
                    "UL2AA1FF1",
                    "UTCKDLXJ9"
                ],
                "count": 2
            },
            {
                "name": "+1",
                "users": [
                    "UTCKDLXJ9"
                ],
                "count": 1
            }
        ]
    },
    {
        "client_msg_id": "5b3215a0-5cd8-4537-af0d-a71733cb0c15",
        "type": "message",
        "text": "Updated in <https:\/\/thegooddocsproject.dev\/contact.html>",
        "user": "UKTGLQNGG",
        "ts": "1580642470.011900",
        "team": "TKFJE6LDR",
        "user_team": "TKFJE6LDR",
        "source_team": "TKFJE6LDR",
        "user_profile": {
            "avatar_hash": "ge03fcb118b0",
            "image_72": "https:\/\/secure.gravatar.com\/avatar\/9e03fcb118b0853a3fedfdee2367779d.jpg?s=72&d=https%3A%2F%2Fa.slack-edge.com%2Fdf10d%2Fimg%2Favatars%2Fava_0021-72.png",
            "first_name": "Cameron",
            "real_name": "Cameron Shorter",
            "display_name": "cameronshorter",
            "team": "TKFJE6LDR",
            "name": "cameron.shorter",
            "is_restricted": false,
            "is_ultra_restricted": false
        },
        "attachments": [
            {
                "service_name": "The Good Docs Project",
                "title": "Contact us",
                "title_link": "https:\/\/thegooddocsproject.dev\/contact.html",
                "text": "Templates to make good docs.",
                "fallback": "The Good Docs Project: Contact us",
                "from_url": "https:\/\/thegooddocsproject.dev\/contact.html",
                "id": 1,
                "original_url": "https:\/\/thegooddocsproject.dev\/contact.html"
            }
        ],
        "blocks": [
            {
                "type": "rich_text",
                "block_id": "aSXB",
                "elements": [
                    {
                        "type": "rich_text_section",
                        "elements": [
                            {
                                "type": "text",
                                "text": "Updated in "
                            },
                            {
                                "type": "link",
                                "url": "https:\/\/thegooddocsproject.dev\/contact.html"
                            }
                        ]
                    }
                ]
            }
        ],
        "thread_ts": "1580463055.008800",
        "parent_user_id": "UTCKDLXJ9"
    }
]