[
    {
        "client_msg_id": "84f1c5a1-2b3b-4a5c-bfb6-864afeeace77",
        "type": "message",
        "text": "Ok I think I finally found the right link and checked on incognito! <https:\/\/docs.ushahidi.com\/platform-developer-documentation\/design\/design-process>\n\nSo you're saying that you're more focused on the usability of your current docs? I've worked on things like that before and I understand the need for that but I was more interested in giving OSS projects the first opportunity, via templates, to engage designers to contribute to their projects.\n\nSo while I'm happy to help you on the good docs project strategy from a UX perspective I'm kinda disappointed design isn't in the pipeline (unless it is, only much further down the line) and misunderstood what I heard from SustainOSS",
        "user": "UTCCCN999",
        "ts": "1581274242.000800",
        "team": "TKFJE6LDR",
        "user_team": "TKFJE6LDR",
        "source_team": "TKFJE6LDR",
        "user_profile": {
            "avatar_hash": "47bf3bbbbfed",
            "image_72": "https:\/\/avatars.slack-edge.com\/2020-02-07\/930421695843_47bf3bbbbfedeac66e72_72.jpg",
            "first_name": "",
            "real_name": "Eriol Fox",
            "display_name": "Eriol Fox",
            "team": "TKFJE6LDR",
            "name": "eriolfox",
            "is_restricted": false,
            "is_ultra_restricted": false
        },
        "attachments": [
            {
                "title": ":art: Design: overview",
                "title_link": "https:\/\/docs.ushahidi.com\/platform-developer-documentation\/design\/design-process",
                "text": "Understanding the process that internal Ushahidi designers take on and how to contribute design to Ushahidi OSS products.",
                "fallback": "🎨 Design: overview",
                "thumb_url": "https:\/\/app.gitbook.com\/share\/space\/thumbnail\/-LNkAl-670UiK1cDRgCZ.png",
                "from_url": "https:\/\/docs.ushahidi.com\/platform-developer-documentation\/design\/design-process",
                "thumb_width": 1200,
                "thumb_height": 630,
                "service_name": "docs.ushahidi.com",
                "id": 1,
                "original_url": "https:\/\/docs.ushahidi.com\/platform-developer-documentation\/design\/design-process"
            }
        ],
        "blocks": [
            {
                "type": "rich_text",
                "block_id": "Vw=c",
                "elements": [
                    {
                        "type": "rich_text_section",
                        "elements": [
                            {
                                "type": "text",
                                "text": "Ok I think I finally found the right link and checked on incognito! "
                            },
                            {
                                "type": "link",
                                "url": "https:\/\/docs.ushahidi.com\/platform-developer-documentation\/design\/design-process"
                            },
                            {
                                "type": "text",
                                "text": "\n\nSo you're saying that you're more focused on the usability of your current docs? I've worked on things like that before and I understand the need for that but I was more interested in giving OSS projects the first opportunity, via templates, to engage designers to contribute to their projects.\n\nSo while I'm happy to help you on the good docs project strategy from a UX perspective I'm kinda disappointed design isn't in the pipeline (unless it is, only much further down the line) and misunderstood what I heard from SustainOSS"
                            }
                        ]
                    }
                ]
            }
        ],
        "thread_ts": "1581099228.006000",
        "parent_user_id": "UKTGLQNGG"
    }
]