[
    {
        "client_msg_id": "2319b17d-c7ce-4406-b84f-f2134aee6b9a",
        "type": "message",
        "text": "Hey Clarence, I missed this feedback from you. I’ve copied your comments into <https:\/\/docs.google.com\/document\/d\/1Fu5EWfir8xs9mj9nCa_9l4LItl0wyw75BGhXrKcNJIQ\/edit#heading=h.cvrarz76rja3>\nI’m thinking about how we address your feedback. I like where you ideas are heading.",
        "user": "UKTGLQNGG",
        "ts": "1581848698.000100",
        "team": "TKFJE6LDR",
        "user_team": "TKFJE6LDR",
        "source_team": "TKFJE6LDR",
        "user_profile": {
            "avatar_hash": "ge03fcb118b0",
            "image_72": "https:\/\/secure.gravatar.com\/avatar\/9e03fcb118b0853a3fedfdee2367779d.jpg?s=72&d=https%3A%2F%2Fa.slack-edge.com%2Fdf10d%2Fimg%2Favatars%2Fava_0021-72.png",
            "first_name": "Cameron",
            "real_name": "Cameron Shorter",
            "display_name": "cameronshorter",
            "team": "TKFJE6LDR",
            "name": "cameron.shorter",
            "is_restricted": false,
            "is_ultra_restricted": false
        },
        "blocks": [
            {
                "type": "rich_text",
                "block_id": "EBF++",
                "elements": [
                    {
                        "type": "rich_text_section",
                        "elements": [
                            {
                                "type": "text",
                                "text": "Hey Clarence, I missed this feedback from you. I’ve copied your comments into "
                            },
                            {
                                "type": "link",
                                "url": "https:\/\/docs.google.com\/document\/d\/1Fu5EWfir8xs9mj9nCa_9l4LItl0wyw75BGhXrKcNJIQ\/edit#heading=h.cvrarz76rja3"
                            },
                            {
                                "type": "text",
                                "text": "\nI’m thinking about how we address your feedback. I like where you ideas are heading."
                            }
                        ]
                    }
                ]
            }
        ],
        "thread_ts": "1580984132.034400",
        "parent_user_id": "UKTGLQNGG"
    }
]