[
    {
        "client_msg_id": "f9dc1af1-749b-415c-87f1-02ea8f40032f",
        "type": "message",
        "text": "<@U012J5AMMEY> don't feel bad about missing the Wiki pages. I wasn't even aware this was here.\n\nIn general Wiki pages are rarely used successfully in projects unless there are extensive links out to them. people usually default to READMEs or other static docs before they go out to the Wiki. THey are also a pain to keep updated.",
        "user": "UKVC4NB71",
        "ts": "1587976908.138300",
        "team": "TKFJE6LDR",
        "user_team": "TKFJE6LDR",
        "source_team": "TKFJE6LDR",
        "user_profile": {
            "avatar_hash": "c7d9788d4436",
            "image_72": "https:\/\/avatars.slack-edge.com\/2019-10-30\/814314609877_c7d9788d4436969613a7_72.jpg",
            "first_name": "Jared",
            "real_name": "Jared Morgan",
            "display_name": "jaredmorgs",
            "team": "TKFJE6LDR",
            "name": "jaredleonmorgan",
            "is_restricted": false,
            "is_ultra_restricted": false
        },
        "blocks": [
            {
                "type": "rich_text",
                "block_id": "Ntq",
                "elements": [
                    {
                        "type": "rich_text_section",
                        "elements": [
                            {
                                "type": "user",
                                "user_id": "U012J5AMMEY"
                            },
                            {
                                "type": "text",
                                "text": " don't feel bad about missing the Wiki pages. I wasn't even aware this was here.\n\nIn general Wiki pages are rarely used successfully in projects unless there are extensive links out to them. people usually default to READMEs or other static docs before they go out to the Wiki. THey are also a pain to keep updated."
                            }
                        ]
                    }
                ]
            }
        ],
        "thread_ts": "1587779826.131600",
        "parent_user_id": "USLACKBOT"
    },
    {
        "client_msg_id": "268813a9-7453-478e-8e8d-77fbafd94db2",
        "type": "message",
        "text": "Hi, everyone. I've also just joined this project. I'm a technical writer for SaltStack. My company is a startup that supports Salt, an open-source configuration management tool. We also have an enterprise product, which consumes the bulk of my time. I'd love to be involved in this project as a way to develop templates that can be used in open source projects because our Open docs keep me up at night. Anything I can do to improve open source documentation will make my life easier!",
        "user": "U012KCMPP0V",
        "ts": "1588010452.141400",
        "team": "TKFJE6LDR",
        "user_team": "TKFJE6LDR",
        "source_team": "TKFJE6LDR",
        "user_profile": {
            "avatar_hash": "b26729f0b5f2",
            "image_72": "https:\/\/avatars.slack-edge.com\/2020-04-27\/1089031639347_b26729f0b5f2375494a1_72.png",
            "first_name": "Alyssa",
            "real_name": "Alyssa",
            "display_name": "Alyssa",
            "team": "TKFJE6LDR",
            "name": "alyssa.rock.biz",
            "is_restricted": false,
            "is_ultra_restricted": false
        },
        "blocks": [
            {
                "type": "rich_text",
                "block_id": "VTlY",
                "elements": [
                    {
                        "type": "rich_text_section",
                        "elements": [
                            {
                                "type": "text",
                                "text": "Hi, everyone. I've also just joined this project. I'm a technical writer for SaltStack. My company is a startup that supports Salt, an open-source configuration management tool. We also have an enterprise product, which consumes the bulk of my time. I'd love to be involved in this project as a way to develop templates that can be used in open source projects because our Open docs keep me up at night. Anything I can do to improve open source documentation will make my life easier!"
                            }
                        ]
                    }
                ]
            }
        ],
        "reactions": [
            {
                "name": "wave",
                "users": [
                    "UL2AA1FF1",
                    "U011GCVJFQF",
                    "UKTGLQNGG",
                    "UUKDDFDLM"
                ],
                "count": 4
            }
        ]
    },
    {
        "client_msg_id": "7d6d89bd-f228-4ef6-9cb7-97b524ab118d",
        "type": "message",
        "text": "thank you for joining! We're glad you're here :slightly_smiling_face:",
        "user": "UL2AA1FF1",
        "ts": "1588010805.141900",
        "team": "TKFJE6LDR",
        "user_team": "TKFJE6LDR",
        "source_team": "TKFJE6LDR",
        "user_profile": {
            "avatar_hash": "22135067b36d",
            "image_72": "https:\/\/avatars.slack-edge.com\/2019-10-23\/805254797908_22135067b36dfb715e99_72.jpg",
            "first_name": "",
            "real_name": "Erin McKean",
            "display_name": "Erin McKean",
            "team": "TKFJE6LDR",
            "name": "emckean",
            "is_restricted": false,
            "is_ultra_restricted": false
        },
        "blocks": [
            {
                "type": "rich_text",
                "block_id": "QoJK",
                "elements": [
                    {
                        "type": "rich_text_section",
                        "elements": [
                            {
                                "type": "text",
                                "text": "thank you for joining! We're glad you're here "
                            },
                            {
                                "type": "emoji",
                                "name": "slightly_smiling_face"
                            }
                        ]
                    }
                ]
            }
        ]
    },
    {
        "client_msg_id": "9ea23661-9f8a-43dc-95ce-133d82efabf2",
        "type": "message",
        "text": "I posted <https:\/\/github.com\/thegooddocsproject\/templates\/issues\/110> for creating a basic ReadMe. Can others provide some input?\n1. We need good\/bad examples.\n2. What are the metrics to measure the quality of the document and maybe its effectiveness?\nFeel free to share your examples here. I'll copy them into the issue.",
        "user": "U012J5AMMEY",
        "ts": "1588022408.144800",
        "team": "TKFJE6LDR",
        "user_team": "TKFJE6LDR",
        "source_team": "TKFJE6LDR",
        "user_profile": {
            "avatar_hash": "f0294109ed4a",
            "image_72": "https:\/\/avatars.slack-edge.com\/2020-04-23\/1080225857475_f0294109ed4a12a988f3_72.jpg",
            "first_name": "Max",
            "real_name": "Max Voskob",
            "display_name": "Max Voskob",
            "team": "TKFJE6LDR",
            "name": "max",
            "is_restricted": false,
            "is_ultra_restricted": false
        },
        "edited": {
            "user": "U012J5AMMEY",
            "ts": "1588022426.000000"
        },
        "blocks": [
            {
                "type": "rich_text",
                "block_id": "GLk3A",
                "elements": [
                    {
                        "type": "rich_text_section",
                        "elements": [
                            {
                                "type": "text",
                                "text": "I posted "
                            },
                            {
                                "type": "link",
                                "url": "https:\/\/github.com\/thegooddocsproject\/templates\/issues\/110"
                            },
                            {
                                "type": "text",
                                "text": " for creating a basic ReadMe. Can others provide some input?\n"
                            }
                        ]
                    },
                    {
                        "type": "rich_text_list",
                        "elements": [
                            {
                                "type": "rich_text_section",
                                "elements": [
                                    {
                                        "type": "text",
                                        "text": "We need good\/bad examples."
                                    }
                                ]
                            },
                            {
                                "type": "rich_text_section",
                                "elements": [
                                    {
                                        "type": "text",
                                        "text": "What are the metrics to measure the quality of the document and maybe its effectiveness?"
                                    }
                                ]
                            }
                        ],
                        "style": "ordered",
                        "indent": 0
                    },
                    {
                        "type": "rich_text_section",
                        "elements": [
                            {
                                "type": "text",
                                "text": "\nFeel free to share your examples here. I'll copy them into the issue."
                            }
                        ]
                    }
                ]
            }
        ]
    },
    {
        "client_msg_id": "41d5986d-dd6b-42cf-99bc-53319c06e90f",
        "type": "message",
        "text": "By the way, I never introduced myself and why I joined. I am a full stack developer, not a writer. EN is my 2nd language.\nCameron was one of the people I came across while working on idea validation (<https:\/\/dev.to\/rimutaka\/how-lean-canvas-saved-me-from-working-on-a-bad-idea-58el>)\nand he redirected my efforts to TGD.",
        "user": "U012J5AMMEY",
        "ts": "1588023231.149600",
        "team": "TKFJE6LDR",
        "user_team": "TKFJE6LDR",
        "source_team": "TKFJE6LDR",
        "user_profile": {
            "avatar_hash": "f0294109ed4a",
            "image_72": "https:\/\/avatars.slack-edge.com\/2020-04-23\/1080225857475_f0294109ed4a12a988f3_72.jpg",
            "first_name": "Max",
            "real_name": "Max Voskob",
            "display_name": "Max Voskob",
            "team": "TKFJE6LDR",
            "name": "max",
            "is_restricted": false,
            "is_ultra_restricted": false
        },
        "edited": {
            "user": "U012J5AMMEY",
            "ts": "1588023242.000000"
        },
        "blocks": [
            {
                "type": "rich_text",
                "block_id": "lDPI",
                "elements": [
                    {
                        "type": "rich_text_section",
                        "elements": [
                            {
                                "type": "text",
                                "text": "By the way, I never introduced myself and why I joined. I am a full stack developer, not a writer. EN is my 2nd language.\nCameron was one of the people I came across while working on idea validation ("
                            },
                            {
                                "type": "link",
                                "url": "https:\/\/dev.to\/rimutaka\/how-lean-canvas-saved-me-from-working-on-a-bad-idea-58el"
                            },
                            {
                                "type": "text",
                                "text": ")\nand he redirected my efforts to TGD."
                            }
                        ]
                    }
                ]
            }
        ]
    },
    {
        "client_msg_id": "c59cfe64-1c07-424d-aa75-b16cb8023790",
        "type": "message",
        "text": "Welcome <@U012J5AMMEY>, nice to have you with us.",
        "user": "UKTGLQNGG",
        "ts": "1588038244.150600",
        "team": "TKFJE6LDR",
        "user_team": "TKFJE6LDR",
        "source_team": "TKFJE6LDR",
        "user_profile": {
            "avatar_hash": "ge03fcb118b0",
            "image_72": "https:\/\/secure.gravatar.com\/avatar\/9e03fcb118b0853a3fedfdee2367779d.jpg?s=72&d=https%3A%2F%2Fa.slack-edge.com%2Fdf10d%2Fimg%2Favatars%2Fava_0021-72.png",
            "first_name": "Cameron",
            "real_name": "Cameron Shorter",
            "display_name": "cameronshorter",
            "team": "TKFJE6LDR",
            "name": "cameron.shorter",
            "is_restricted": false,
            "is_ultra_restricted": false
        },
        "blocks": [
            {
                "type": "rich_text",
                "block_id": "mh8t7",
                "elements": [
                    {
                        "type": "rich_text_section",
                        "elements": [
                            {
                                "type": "text",
                                "text": "Welcome "
                            },
                            {
                                "type": "user",
                                "user_id": "U012J5AMMEY"
                            },
                            {
                                "type": "text",
                                "text": ", nice to have you with us."
                            }
                        ]
                    }
                ]
            }
        ],
        "reactions": [
            {
                "name": "wave",
                "users": [
                    "UKV4ZPEFQ",
                    "UL2AA1FF1"
                ],
                "count": 2
            }
        ]
    },
    {
        "client_msg_id": "4f24422b-47ab-42c6-9a92-110a9d156231",
        "type": "message",
        "text": "<@U012J5AMMEY>, in case you missed it in our email list (hope you are subscribed), <@U011GCVJFQF> linked to a README template which looks like it would be an excellent starting point for us to use. (Noting that Max was volunteering to create this too.) <https:\/\/github.com\/ddbeck\/readme-checklist|https:\/\/github.com\/ddbeck\/readme-checklist>",
        "user": "UKTGLQNGG",
        "ts": "1588038452.153800",
        "team": "TKFJE6LDR",
        "user_team": "TKFJE6LDR",
        "source_team": "TKFJE6LDR",
        "user_profile": {
            "avatar_hash": "ge03fcb118b0",
            "image_72": "https:\/\/secure.gravatar.com\/avatar\/9e03fcb118b0853a3fedfdee2367779d.jpg?s=72&d=https%3A%2F%2Fa.slack-edge.com%2Fdf10d%2Fimg%2Favatars%2Fava_0021-72.png",
            "first_name": "Cameron",
            "real_name": "Cameron Shorter",
            "display_name": "cameronshorter",
            "team": "TKFJE6LDR",
            "name": "cameron.shorter",
            "is_restricted": false,
            "is_ultra_restricted": false
        },
        "attachments": [
            {
                "fallback": "ddbeck\/readme-checklist",
                "text": "A checklist for writing READMEs",
                "title": "ddbeck\/readme-checklist",
                "footer": "<https:\/\/github.com\/ddbeck\/readme-checklist|ddbeck\/readme-checklist>",
                "id": 1,
                "footer_icon": "https:\/\/github.githubassets.com\/favicon.ico",
                "ts": 1463433460,
                "color": "24292f",
                "fields": [
                    {
                        "title": "Stars",
                        "value": "397",
                        "short": true
                    },
                    {
                        "title": "Last updated",
                        "value": "6 hours ago",
                        "short": true
                    }
                ],
                "mrkdwn_in": [
                    "text",
                    "fields"
                ],
                "bot_id": "BU8U6P6AH",
                "app_unfurl_url": "https:\/\/github.com\/ddbeck\/readme-checklist",
                "is_app_unfurl": true
            }
        ],
        "blocks": [
            {
                "type": "rich_text",
                "block_id": "hDIf",
                "elements": [
                    {
                        "type": "rich_text_section",
                        "elements": [
                            {
                                "type": "user",
                                "user_id": "U012J5AMMEY"
                            },
                            {
                                "type": "text",
                                "text": ", in case you missed it in our email list (hope you are subscribed), "
                            },
                            {
                                "type": "user",
                                "user_id": "U011GCVJFQF"
                            },
                            {
                                "type": "text",
                                "text": " linked to a README template which looks like it would be an excellent starting point for us to use. (Noting that Max was volunteering to create this too.) "
                            },
                            {
                                "type": "link",
                                "url": "https:\/\/github.com\/ddbeck\/readme-checklist",
                                "text": "https:\/\/github.com\/ddbeck\/readme-checklist"
                            }
                        ]
                    }
                ]
            }
        ],
        "thread_ts": "1588038452.153800",
        "reply_count": 1,
        "reply_users_count": 1,
        "latest_reply": "1588040435.154700",
        "reply_users": [
            "U012J5AMMEY"
        ],
        "replies": [
            {
                "user": "U012J5AMMEY",
                "ts": "1588040435.154700"
            }
        ],
        "subscribed": false
    },
    {
        "client_msg_id": "51aaee9a-3136-40f8-85ee-174f54ae3639",
        "type": "message",
        "text": "Noted. We an definitely borrow some of the points from there.",
        "user": "U012J5AMMEY",
        "ts": "1588040435.154700",
        "team": "TKFJE6LDR",
        "user_team": "TKFJE6LDR",
        "source_team": "TKFJE6LDR",
        "user_profile": {
            "avatar_hash": "f0294109ed4a",
            "image_72": "https:\/\/avatars.slack-edge.com\/2020-04-23\/1080225857475_f0294109ed4a12a988f3_72.jpg",
            "first_name": "Max",
            "real_name": "Max Voskob",
            "display_name": "Max Voskob",
            "team": "TKFJE6LDR",
            "name": "max",
            "is_restricted": false,
            "is_ultra_restricted": false
        },
        "blocks": [
            {
                "type": "rich_text",
                "block_id": "BTn9",
                "elements": [
                    {
                        "type": "rich_text_section",
                        "elements": [
                            {
                                "type": "text",
                                "text": "Noted. We an definitely borrow some of the points from there."
                            }
                        ]
                    }
                ]
            }
        ],
        "thread_ts": "1588038452.153800",
        "parent_user_id": "UKTGLQNGG"
    }
]