[
    {
        "client_msg_id": "73646BF4-1EE6-43B4-8F00-B7B6E2182A1F",
        "type": "message",
        "text": "Hello everyone present here, I am Haardik Dharma, an undergrad Computer Science student at MIT World Peace University, India. I would like to work with The Good Docs Project in GSOD 2020, and of course after that as well. I went through the github repository mentioned on the project ideas page and I seem interested to work on this project. Would be grateful if the mentors or any other person here, can let me know about the next steps. Thank you.\n\nRegards,\nHaardik.",
        "user": "U0137ALL8DC",
        "ts": "1589206365.222100",
        "team": "TKFJE6LDR",
        "user_team": "TKFJE6LDR",
        "source_team": "TKFJE6LDR",
        "user_profile": {
            "avatar_hash": "19ebeeafc770",
            "image_72": "https:\/\/avatars.slack-edge.com\/2020-05-11\/1139962030144_19ebeeafc770f8f6abd3_72.png",
            "first_name": "Haardik",
            "real_name": "Haardik Dharma",
            "display_name": "Haardik Dharma",
            "team": "TKFJE6LDR",
            "name": "dharmahaardik08",
            "is_restricted": false,
            "is_ultra_restricted": false
        },
        "blocks": [
            {
                "type": "rich_text",
                "block_id": "Rh7",
                "elements": [
                    {
                        "type": "rich_text_section",
                        "elements": [
                            {
                                "type": "text",
                                "text": "Hello everyone present here, I am Haardik Dharma, an undergrad Computer Science student at MIT World Peace University, India. I would like to work with The Good Docs Project in GSOD 2020, and of course after that as well. I went through the github repository mentioned on the project ideas page and I seem interested to work on this project. Would be grateful if the mentors or any other person here, can let me know about the next steps. Thank you.\n"
                            },
                            {
                                "type": "text",
                                "text": "\n"
                            },
                            {
                                "type": "text",
                                "text": "Regards,\nHaardik."
                            }
                        ]
                    }
                ]
            }
        ]
    },
    {
        "client_msg_id": "a6a2f105-b744-44e9-a5a0-823f7e85df7d",
        "type": "message",
        "text": "Hi everyone, I am a GSoD applicant and enthusiastic about learning to work with The Good Docs Project.\nI have 2 queries for now -\n\n1. What should be a good starting point for me to begin contributing to the project?\n\n2. What are the technology requirements that you would want in an intern, falling in categories like \"preferred\" or \"mandatory\" or even \"good to have\".\n\nThank you\n\nBhavy\n3rd year,\nComputer Science and Engineering\nIIT Kanpur",
        "user": "U013DDEU5PF",
        "ts": "1589224011.230900",
        "team": "TKFJE6LDR",
        "user_team": "TKFJE6LDR",
        "source_team": "TKFJE6LDR",
        "user_profile": {
            "avatar_hash": "gadd08127232",
            "image_72": "https:\/\/secure.gravatar.com\/avatar\/add08127232b76e2b4aa5238f419c9d9.jpg?s=72&d=https%3A%2F%2Fa.slack-edge.com%2Fdf10d%2Fimg%2Favatars%2Fava_0026-72.png",
            "first_name": "",
            "real_name": "Bhavy Singh",
            "display_name": "",
            "team": "TKFJE6LDR",
            "name": "bhavysingh999",
            "is_restricted": false,
            "is_ultra_restricted": false
        },
        "blocks": [
            {
                "type": "rich_text",
                "block_id": "1Z59",
                "elements": [
                    {
                        "type": "rich_text_section",
                        "elements": [
                            {
                                "type": "text",
                                "text": "Hi everyone, I am a GSoD applicant and enthusiastic about learning to work with The Good Docs Project.\nI have 2 queries for now -\n\n1. What should be a good starting point for me to begin contributing to the project?\n\n2. What are the technology requirements that you would want in an intern, falling in categories like \"preferred\" or \"mandatory\" or even \"good to have\".\n\nThank you\n\nBhavy\n3rd year,\nComputer Science and Engineering\nIIT Kanpur"
                            }
                        ]
                    }
                ]
            }
        ]
    },
    {
        "type": "message",
        "subtype": "thread_broadcast",
        "text": "We now have 10 PRs sitting in the queue. All we need is to agree on the process of accepting them.\n\nSomething like ...\n\n1. Do not accept your own PRs\n2. Requires 2 or more people voting +1 and no one opposing.\n3. At least one of the leaders (<@UL2AA1FF1>, <@UKTGLQNGG>, <@UKVC4NB71> ?) should review.",
        "user": "U012J5AMMEY",
        "ts": "1589235892.231000",
        "thread_ts": "1588713330.213900",
        "root": {
            "client_msg_id": "04549d95-355c-4857-9531-bc2b4aafb5a3",
            "type": "message",
            "text": "Do we have a procedure for reviewing and merging Pull Requests? There are 6 of them in the queue. <https:\/\/github.com\/thegooddocsproject\/templates\/pulls>",
            "user": "U012J5AMMEY",
            "ts": "1588713330.213900",
            "team": "TKFJE6LDR",
            "blocks": [
                {
                    "type": "rich_text",
                    "block_id": "14e98",
                    "elements": [
                        {
                            "type": "rich_text_section",
                            "elements": [
                                {
                                    "type": "text",
                                    "text": "Do we have a procedure for reviewing and merging Pull Requests? There are 6 of them in the queue. "
                                },
                                {
                                    "type": "link",
                                    "url": "https:\/\/github.com\/thegooddocsproject\/templates\/pulls"
                                }
                            ]
                        }
                    ]
                }
            ],
            "thread_ts": "1588713330.213900",
            "reply_count": 9,
            "reply_users_count": 4,
            "latest_reply": "1589280871.248200",
            "reply_users": [
                "U012J5AMMEY",
                "UKV4ZPEFQ",
                "UKTGLQNGG",
                "UKVC4NB71"
            ],
            "subscribed": true,
            "last_read": "1589320223.376849"
        },
        "blocks": [
            {
                "type": "rich_text",
                "block_id": "6zG",
                "elements": [
                    {
                        "type": "rich_text_section",
                        "elements": [
                            {
                                "type": "text",
                                "text": "We now have 10 PRs sitting in the queue. All we need is to agree on the process of accepting them.\n\nSomething like ...\n\n"
                            }
                        ]
                    },
                    {
                        "type": "rich_text_list",
                        "elements": [
                            {
                                "type": "rich_text_section",
                                "elements": [
                                    {
                                        "type": "text",
                                        "text": "Do not accept your own PRs"
                                    }
                                ]
                            },
                            {
                                "type": "rich_text_section",
                                "elements": [
                                    {
                                        "type": "text",
                                        "text": "Requires 2 or more people voting +1 and no one opposing."
                                    }
                                ]
                            },
                            {
                                "type": "rich_text_section",
                                "elements": [
                                    {
                                        "type": "text",
                                        "text": "At least one of the leaders ("
                                    },
                                    {
                                        "type": "user",
                                        "user_id": "UL2AA1FF1"
                                    },
                                    {
                                        "type": "text",
                                        "text": ", "
                                    },
                                    {
                                        "type": "user",
                                        "user_id": "UKTGLQNGG"
                                    },
                                    {
                                        "type": "text",
                                        "text": ", "
                                    },
                                    {
                                        "type": "user",
                                        "user_id": "UKVC4NB71"
                                    },
                                    {
                                        "type": "text",
                                        "text": " ?) should review."
                                    }
                                ]
                            }
                        ],
                        "style": "ordered",
                        "indent": 0
                    }
                ]
            }
        ],
        "client_msg_id": "5e1f6817-685e-4c03-8a94-27afef42be3f"
    },
    {
        "client_msg_id": "0d70eaf9-7f4e-46e8-89d5-5dfbbeef89c6",
        "type": "message",
        "text": "Do we use a particular form of English for documentation? As in, Americanized, British or so.",
        "user": "U0145JAQHBJ",
        "ts": "1589262670.232200",
        "team": "TKFJE6LDR",
        "user_team": "TKFJE6LDR",
        "source_team": "TKFJE6LDR",
        "user_profile": {
            "avatar_hash": "g6bb2f50a19d",
            "image_72": "https:\/\/secure.gravatar.com\/avatar\/6bb2f50a19d4195908818e2a576f8622.jpg?s=72&d=https%3A%2F%2Fa.slack-edge.com%2Fdf10d%2Fimg%2Favatars%2Fava_0010-72.png",
            "first_name": "",
            "real_name": "Mayank Goel",
            "display_name": "Mayank Goel",
            "team": "TKFJE6LDR",
            "name": "mayank.goel",
            "is_restricted": false,
            "is_ultra_restricted": false
        },
        "blocks": [
            {
                "type": "rich_text",
                "block_id": "iN4p",
                "elements": [
                    {
                        "type": "rich_text_section",
                        "elements": [
                            {
                                "type": "text",
                                "text": "Do we use a particular form of English for documentation? As in, Americanized, British or so."
                            }
                        ]
                    }
                ]
            }
        ]
    },
    {
        "client_msg_id": "d9751b64-5c57-49c5-aa01-9aad2345fce8",
        "type": "message",
        "text": "Yes, I think we use US English.",
        "user": "UKV4ZPEFQ",
        "ts": "1589262693.232400",
        "team": "TKFJE6LDR",
        "user_team": "TKFJE6LDR",
        "source_team": "TKFJE6LDR",
        "user_profile": {
            "avatar_hash": "g854c628ef64",
            "image_72": "https:\/\/secure.gravatar.com\/avatar\/6854c628ef64a4c129a994522e17cdf2.jpg?s=72&d=https%3A%2F%2Fa.slack-edge.com%2Fdf10d%2Fimg%2Favatars%2Fava_0007-72.png",
            "first_name": "felicitybrand",
            "real_name": "felicitybrand",
            "display_name": "flicstar",
            "team": "TKFJE6LDR",
            "name": "felicitybrand",
            "is_restricted": false,
            "is_ultra_restricted": false
        },
        "blocks": [
            {
                "type": "rich_text",
                "block_id": "iToPJ",
                "elements": [
                    {
                        "type": "rich_text_section",
                        "elements": [
                            {
                                "type": "text",
                                "text": "Yes, I think we use US English."
                            }
                        ]
                    }
                ]
            }
        ]
    },
    {
        "client_msg_id": "d05efef8-1621-467f-b97a-3eb0fb0944b7",
        "type": "message",
        "text": "Yes, I think we have this process. I would have to search back through our email to find our conversation\/decision about it.",
        "user": "UKV4ZPEFQ",
        "ts": "1589262728.232700",
        "team": "TKFJE6LDR",
        "user_team": "TKFJE6LDR",
        "source_team": "TKFJE6LDR",
        "user_profile": {
            "avatar_hash": "g854c628ef64",
            "image_72": "https:\/\/secure.gravatar.com\/avatar\/6854c628ef64a4c129a994522e17cdf2.jpg?s=72&d=https%3A%2F%2Fa.slack-edge.com%2Fdf10d%2Fimg%2Favatars%2Fava_0007-72.png",
            "first_name": "felicitybrand",
            "real_name": "felicitybrand",
            "display_name": "flicstar",
            "team": "TKFJE6LDR",
            "name": "felicitybrand",
            "is_restricted": false,
            "is_ultra_restricted": false
        },
        "blocks": [
            {
                "type": "rich_text",
                "block_id": "=Ve04",
                "elements": [
                    {
                        "type": "rich_text_section",
                        "elements": [
                            {
                                "type": "text",
                                "text": "Yes, I think we have this process. I would have to search back through our email to find our conversation\/decision about it."
                            }
                        ]
                    }
                ]
            }
        ],
        "thread_ts": "1588713330.213900",
        "parent_user_id": "U012J5AMMEY"
    },
    {
        "client_msg_id": "83d06cc8-d010-4b4e-9954-0ecaccf182f1",
        "type": "message",
        "text": "Okay, I want to start contributing. Will it help if I write a script to check all docs and find British spelling and create issues?",
        "user": "U0145JAQHBJ",
        "ts": "1589262759.233400",
        "team": "TKFJE6LDR",
        "user_team": "TKFJE6LDR",
        "source_team": "TKFJE6LDR",
        "user_profile": {
            "avatar_hash": "g6bb2f50a19d",
            "image_72": "https:\/\/secure.gravatar.com\/avatar\/6bb2f50a19d4195908818e2a576f8622.jpg?s=72&d=https%3A%2F%2Fa.slack-edge.com%2Fdf10d%2Fimg%2Favatars%2Fava_0010-72.png",
            "first_name": "",
            "real_name": "Mayank Goel",
            "display_name": "Mayank Goel",
            "team": "TKFJE6LDR",
            "name": "mayank.goel",
            "is_restricted": false,
            "is_ultra_restricted": false
        },
        "blocks": [
            {
                "type": "rich_text",
                "block_id": "KaIiu",
                "elements": [
                    {
                        "type": "rich_text_section",
                        "elements": [
                            {
                                "type": "text",
                                "text": "Okay, I want to start contributing. Will it help if I write a script to check all docs and find British spelling and create issues?"
                            }
                        ]
                    }
                ]
            }
        ]
    },
    {
        "client_msg_id": "921225ca-d2e5-494b-936a-b89efeb1025b",
        "type": "message",
        "text": "*spellings",
        "user": "U0145JAQHBJ",
        "ts": "1589262771.233600",
        "team": "TKFJE6LDR",
        "user_team": "TKFJE6LDR",
        "source_team": "TKFJE6LDR",
        "user_profile": {
            "avatar_hash": "g6bb2f50a19d",
            "image_72": "https:\/\/secure.gravatar.com\/avatar\/6bb2f50a19d4195908818e2a576f8622.jpg?s=72&d=https%3A%2F%2Fa.slack-edge.com%2Fdf10d%2Fimg%2Favatars%2Fava_0010-72.png",
            "first_name": "",
            "real_name": "Mayank Goel",
            "display_name": "Mayank Goel",
            "team": "TKFJE6LDR",
            "name": "mayank.goel",
            "is_restricted": false,
            "is_ultra_restricted": false
        },
        "blocks": [
            {
                "type": "rich_text",
                "block_id": "o\/imp",
                "elements": [
                    {
                        "type": "rich_text_section",
                        "elements": [
                            {
                                "type": "text",
                                "text": "*spellings"
                            }
                        ]
                    }
                ]
            }
        ]
    },
    {
        "client_msg_id": "9a4c4ce0-abf9-4a18-9050-d2029905fc54",
        "type": "message",
        "text": "I guess so.",
        "user": "UKV4ZPEFQ",
        "ts": "1589262783.233800",
        "team": "TKFJE6LDR",
        "user_team": "TKFJE6LDR",
        "source_team": "TKFJE6LDR",
        "user_profile": {
            "avatar_hash": "g854c628ef64",
            "image_72": "https:\/\/secure.gravatar.com\/avatar\/6854c628ef64a4c129a994522e17cdf2.jpg?s=72&d=https%3A%2F%2Fa.slack-edge.com%2Fdf10d%2Fimg%2Favatars%2Fava_0007-72.png",
            "first_name": "felicitybrand",
            "real_name": "felicitybrand",
            "display_name": "flicstar",
            "team": "TKFJE6LDR",
            "name": "felicitybrand",
            "is_restricted": false,
            "is_ultra_restricted": false
        },
        "blocks": [
            {
                "type": "rich_text",
                "block_id": "VIEcS",
                "elements": [
                    {
                        "type": "rich_text_section",
                        "elements": [
                            {
                                "type": "text",
                                "text": "I guess so."
                            }
                        ]
                    }
                ]
            }
        ]
    },
    {
        "client_msg_id": "0c2a1c93-ec92-48d2-9f2d-a9cc546259ec",
        "type": "message",
        "text": "Okay, I'll start working on that.",
        "user": "U0145JAQHBJ",
        "ts": "1589262801.234100",
        "team": "TKFJE6LDR",
        "user_team": "TKFJE6LDR",
        "source_team": "TKFJE6LDR",
        "user_profile": {
            "avatar_hash": "g6bb2f50a19d",
            "image_72": "https:\/\/secure.gravatar.com\/avatar\/6bb2f50a19d4195908818e2a576f8622.jpg?s=72&d=https%3A%2F%2Fa.slack-edge.com%2Fdf10d%2Fimg%2Favatars%2Fava_0010-72.png",
            "first_name": "",
            "real_name": "Mayank Goel",
            "display_name": "Mayank Goel",
            "team": "TKFJE6LDR",
            "name": "mayank.goel",
            "is_restricted": false,
            "is_ultra_restricted": false
        },
        "blocks": [
            {
                "type": "rich_text",
                "block_id": "5N+bE",
                "elements": [
                    {
                        "type": "rich_text_section",
                        "elements": [
                            {
                                "type": "text",
                                "text": "Okay, I'll start working on that."
                            }
                        ]
                    }
                ]
            }
        ]
    },
    {
        "client_msg_id": "b3945258-7a9b-432f-a944-8630b7d9ebf1",
        "type": "message",
        "text": "I'll be using a dataset by Bruno et al. (2018) which can be found here: <https:\/\/www.researchgate.net\/figure\/Word-list-comprising-British-and-American-spelling-variants_tbl2_325374132>",
        "user": "U0145JAQHBJ",
        "ts": "1589263143.235300",
        "team": "TKFJE6LDR",
        "user_team": "TKFJE6LDR",
        "source_team": "TKFJE6LDR",
        "user_profile": {
            "avatar_hash": "g6bb2f50a19d",
            "image_72": "https:\/\/secure.gravatar.com\/avatar\/6bb2f50a19d4195908818e2a576f8622.jpg?s=72&d=https%3A%2F%2Fa.slack-edge.com%2Fdf10d%2Fimg%2Favatars%2Fava_0010-72.png",
            "first_name": "",
            "real_name": "Mayank Goel",
            "display_name": "Mayank Goel",
            "team": "TKFJE6LDR",
            "name": "mayank.goel",
            "is_restricted": false,
            "is_ultra_restricted": false
        },
        "edited": {
            "user": "U0145JAQHBJ",
            "ts": "1589263259.000000"
        },
        "blocks": [
            {
                "type": "rich_text",
                "block_id": "Ch5",
                "elements": [
                    {
                        "type": "rich_text_section",
                        "elements": [
                            {
                                "type": "text",
                                "text": "I'll be using a dataset by Bruno et al. (2018) which can be found here: "
                            },
                            {
                                "type": "link",
                                "url": "https:\/\/www.researchgate.net\/figure\/Word-list-comprising-British-and-American-spelling-variants_tbl2_325374132"
                            }
                        ]
                    }
                ]
            }
        ]
    },
    {
        "client_msg_id": "fbae32ce-6c4a-4ec4-aab7-5e5be6ef7fc3",
        "type": "message",
        "text": "<@UKV4ZPEFQ>, <@U012J5AMMEY>, our decision making process is here: <https:\/\/github.com\/thegooddocsproject\/governance\/blob\/master\/ProjectSteeringCommittee.md|https:\/\/github.com\/thegooddocsproject\/governance\/blob\/master\/ProjectSteeringCommittee.md> . We haven't formalised how comments are accepted, but Max's suggestion looks close (extending reviewers to the PSC members). Initially, I'd be comfortable with just one of the PSC members (who are seasoned tech writers) approving the review.",
        "user": "UKTGLQNGG",
        "ts": "1589263199.235400",
        "team": "TKFJE6LDR",
        "user_team": "TKFJE6LDR",
        "source_team": "TKFJE6LDR",
        "user_profile": {
            "avatar_hash": "ge03fcb118b0",
            "image_72": "https:\/\/secure.gravatar.com\/avatar\/9e03fcb118b0853a3fedfdee2367779d.jpg?s=72&d=https%3A%2F%2Fa.slack-edge.com%2Fdf10d%2Fimg%2Favatars%2Fava_0021-72.png",
            "first_name": "Cameron",
            "real_name": "Cameron Shorter",
            "display_name": "cameronshorter",
            "team": "TKFJE6LDR",
            "name": "cameron.shorter",
            "is_restricted": false,
            "is_ultra_restricted": false
        },
        "attachments": [
            {
                "fallback": "[thegooddocsproject\/governance] ProjectSteeringCommittee.md",
                "text": "```\nTheGoodDocsProject Project Steering Committee\n=============================================\n\nTheGoodDocsProject Project Steering Committee (PSC) is the official managing body of TheGoodDocsProject and is responsible for setting overall project direction. The committee is drawn from TheGoodDocsProject community and is based on merit and interest.\n\nPSC Members\n-----------\n\n-   Cameron Shorter, chair\n-   Felicity Brand\n-   Jo Cook\n-   Jennifer Rondeau\n-   Jared Morgan\n-   Erin McKean\n-   Clarence Cromwell\n-   Becky Todd\n\nDecisions\n---------\n\nDecisions are based on voting using the following:\n\n-   +1 : For\n-   +0: Mildly for, but mostly indifferent\n-   0: Indifferent\n-   -0: Mildly against, but mostly indifferent\n-   -1 : Strongly against. This is expected to be accompanied by a\n    reason.\n\nFor most decisions, a motion is raised within one of TheGoodDocsProject open forums (slack, email list, etc) and those present vote and decide. Should a decision:\n\n-   Be strategic or impact many within TheGoodDocsProject,\n-   Or if there is contention in deciding, and after discussion at least one member is still strongly against the motion, by continuing to vote -1,\n\nThen the motion should be referred to the PSC.\n\nFor motions presented to the PSC, a motion is considered passed when there are more PSC +1 votes than -1 votes, and either all PSC members have voted, or 4 days have passed. In the case of a tie, the PSC chair shall have 1.5 votes.\n\nExpectations of PSC members\n---------------------------\n\n-   Regularly contribute to TheGoodDocsProject or related activities\n-   Help with whatever dirty work is required to keep the project moving forward\n-   Monitor TheGoodDocsProject conversations, either in weekly meetings, or on the email list, and contribute constructively where appropriate\n-   Vote promptly (within days) to motions being raised\n\n*Credit: This management process is derived from the [OSGeoLive](<https:\/\/live.osgeo.org\/>) PSC process.*\n\n```",
                "title": "ProjectSteeringCommittee.md",
                "footer": "<https:\/\/github.com\/thegooddocsproject\/governance|thegooddocsproject\/governance>",
                "id": 1,
                "title_link": "https:\/\/github.com\/thegooddocsproject\/governance\/blob\/master\/ProjectSteeringCommittee.md",
                "footer_icon": "https:\/\/github.githubassets.com\/favicon.ico",
                "color": "24292f",
                "mrkdwn_in": [
                    "text"
                ],
                "bot_id": "BU8U6P6AH",
                "app_unfurl_url": "https:\/\/github.com\/thegooddocsproject\/governance\/blob\/master\/ProjectSteeringCommittee.md",
                "is_app_unfurl": true
            }
        ],
        "blocks": [
            {
                "type": "rich_text",
                "block_id": "2oN",
                "elements": [
                    {
                        "type": "rich_text_section",
                        "elements": [
                            {
                                "type": "user",
                                "user_id": "UKV4ZPEFQ"
                            },
                            {
                                "type": "text",
                                "text": ", "
                            },
                            {
                                "type": "user",
                                "user_id": "U012J5AMMEY"
                            },
                            {
                                "type": "text",
                                "text": ", our decision making process is here: "
                            },
                            {
                                "type": "link",
                                "url": "https:\/\/github.com\/thegooddocsproject\/governance\/blob\/master\/ProjectSteeringCommittee.md",
                                "text": "https:\/\/github.com\/thegooddocsproject\/governance\/blob\/master\/ProjectSteeringCommittee.md"
                            },
                            {
                                "type": "text",
                                "text": " . We haven't formalised how comments are accepted, but Max's suggestion looks close (extending reviewers to the PSC members). Initially, I'd be comfortable with just one of the PSC members (who are seasoned tech writers) approving the review."
                            }
                        ]
                    }
                ]
            }
        ],
        "thread_ts": "1588713330.213900",
        "parent_user_id": "U012J5AMMEY",
        "reactions": [
            {
                "name": "+1",
                "users": [
                    "U012J5AMMEY"
                ],
                "count": 1
            }
        ]
    },
    {
        "client_msg_id": "78ba7336-66c0-4cd4-8d13-6448230fae4e",
        "type": "message",
        "text": "In case you have missed the announcement, TheGoodDocsProject has been selected as a project for SeasonOfDocs.",
        "user": "UKTGLQNGG",
        "ts": "1589263351.237300",
        "team": "TKFJE6LDR",
        "user_team": "TKFJE6LDR",
        "source_team": "TKFJE6LDR",
        "user_profile": {
            "avatar_hash": "ge03fcb118b0",
            "image_72": "https:\/\/secure.gravatar.com\/avatar\/9e03fcb118b0853a3fedfdee2367779d.jpg?s=72&d=https%3A%2F%2Fa.slack-edge.com%2Fdf10d%2Fimg%2Favatars%2Fava_0021-72.png",
            "first_name": "Cameron",
            "real_name": "Cameron Shorter",
            "display_name": "cameronshorter",
            "team": "TKFJE6LDR",
            "name": "cameron.shorter",
            "is_restricted": false,
            "is_ultra_restricted": false
        },
        "blocks": [
            {
                "type": "rich_text",
                "block_id": "Y2Y",
                "elements": [
                    {
                        "type": "rich_text_section",
                        "elements": [
                            {
                                "type": "text",
                                "text": "In case you have missed the announcement, TheGoodDocsProject has been selected as a project for SeasonOfDocs."
                            }
                        ]
                    }
                ]
            }
        ],
        "reactions": [
            {
                "name": "tada",
                "users": [
                    "U012KCMPP0V"
                ],
                "count": 1
            },
            {
                "name": "trophy",
                "users": [
                    "UR1VBKHD1"
                ],
                "count": 1
            }
        ]
    },
    {
        "client_msg_id": "099cbf00-0ffd-4198-a742-ca7c114ece26",
        "type": "message",
        "text": "Yes, I saw it today. <https:\/\/developers.google.com\/season-of-docs\/docs\/participants\/>\nIt will be exciting to see the applications roll in",
        "user": "UKV4ZPEFQ",
        "ts": "1589263398.238300",
        "team": "TKFJE6LDR",
        "user_team": "TKFJE6LDR",
        "source_team": "TKFJE6LDR",
        "user_profile": {
            "avatar_hash": "g854c628ef64",
            "image_72": "https:\/\/secure.gravatar.com\/avatar\/6854c628ef64a4c129a994522e17cdf2.jpg?s=72&d=https%3A%2F%2Fa.slack-edge.com%2Fdf10d%2Fimg%2Favatars%2Fava_0007-72.png",
            "first_name": "felicitybrand",
            "real_name": "felicitybrand",
            "display_name": "flicstar",
            "team": "TKFJE6LDR",
            "name": "felicitybrand",
            "is_restricted": false,
            "is_ultra_restricted": false
        },
        "edited": {
            "user": "UKV4ZPEFQ",
            "ts": "1589263404.000000"
        },
        "blocks": [
            {
                "type": "rich_text",
                "block_id": "4jdS",
                "elements": [
                    {
                        "type": "rich_text_section",
                        "elements": [
                            {
                                "type": "text",
                                "text": "Yes, I saw it today. "
                            },
                            {
                                "type": "link",
                                "url": "https:\/\/developers.google.com\/season-of-docs\/docs\/participants\/"
                            },
                            {
                                "type": "text",
                                "text": "\nIt will be exciting to see the applications roll in"
                            }
                        ]
                    }
                ]
            }
        ]
    },
    {
        "client_msg_id": "a1420fdb-5aec-4f30-aba7-2fca3c44185c",
        "type": "message",
        "text": "<@UKTGLQNGG> I'm actually interested to apply for that. Would like to get more involved with this project to start off with.",
        "user": "U0145JAQHBJ",
        "ts": "1589263418.239100",
        "team": "TKFJE6LDR",
        "user_team": "TKFJE6LDR",
        "source_team": "TKFJE6LDR",
        "user_profile": {
            "avatar_hash": "g6bb2f50a19d",
            "image_72": "https:\/\/secure.gravatar.com\/avatar\/6bb2f50a19d4195908818e2a576f8622.jpg?s=72&d=https%3A%2F%2Fa.slack-edge.com%2Fdf10d%2Fimg%2Favatars%2Fava_0010-72.png",
            "first_name": "",
            "real_name": "Mayank Goel",
            "display_name": "Mayank Goel",
            "team": "TKFJE6LDR",
            "name": "mayank.goel",
            "is_restricted": false,
            "is_ultra_restricted": false
        },
        "blocks": [
            {
                "type": "rich_text",
                "block_id": "gHiFg",
                "elements": [
                    {
                        "type": "rich_text_section",
                        "elements": [
                            {
                                "type": "user",
                                "user_id": "UKTGLQNGG"
                            },
                            {
                                "type": "text",
                                "text": " I'm actually interested to apply for that. Would like to get more involved with this project to start off with."
                            }
                        ]
                    }
                ]
            }
        ]
    },
    {
        "client_msg_id": "9839f54e-9387-4c46-83c5-68cb42af3f68",
        "type": "message",
        "text": "I'm already getting direct messages on LinkedIn from folks. That's the first I heard of it.",
        "user": "UKVC4NB71",
        "ts": "1589263477.240100",
        "team": "TKFJE6LDR",
        "user_team": "TKFJE6LDR",
        "source_team": "TKFJE6LDR",
        "user_profile": {
            "avatar_hash": "c7d9788d4436",
            "image_72": "https:\/\/avatars.slack-edge.com\/2019-10-30\/814314609877_c7d9788d4436969613a7_72.jpg",
            "first_name": "Jared",
            "real_name": "Jared Morgan",
            "display_name": "jaredmorgs",
            "team": "TKFJE6LDR",
            "name": "jaredleonmorgan",
            "is_restricted": false,
            "is_ultra_restricted": false
        },
        "blocks": [
            {
                "type": "rich_text",
                "block_id": "td5BI",
                "elements": [
                    {
                        "type": "rich_text_section",
                        "elements": [
                            {
                                "type": "text",
                                "text": "I'm already getting direct messages on LinkedIn from folks. That's the first I heard of it."
                            }
                        ]
                    }
                ]
            }
        ]
    },
    {
        "client_msg_id": "62c2123a-2384-4111-8b85-cccb2c4ea258",
        "type": "message",
        "text": "I'm asking them to come join here and ask any questions directly in the chat.",
        "user": "UKVC4NB71",
        "ts": "1589263489.240700",
        "team": "TKFJE6LDR",
        "user_team": "TKFJE6LDR",
        "source_team": "TKFJE6LDR",
        "user_profile": {
            "avatar_hash": "c7d9788d4436",
            "image_72": "https:\/\/avatars.slack-edge.com\/2019-10-30\/814314609877_c7d9788d4436969613a7_72.jpg",
            "first_name": "Jared",
            "real_name": "Jared Morgan",
            "display_name": "jaredmorgs",
            "team": "TKFJE6LDR",
            "name": "jaredleonmorgan",
            "is_restricted": false,
            "is_ultra_restricted": false
        },
        "blocks": [
            {
                "type": "rich_text",
                "block_id": "JRz",
                "elements": [
                    {
                        "type": "rich_text_section",
                        "elements": [
                            {
                                "type": "text",
                                "text": "I'm asking them to come join here and ask any questions directly in the chat."
                            }
                        ]
                    }
                ]
            }
        ]
    },
    {
        "client_msg_id": "2a44e518-39eb-470b-a32d-81d77d189009",
        "type": "message",
        "text": "For those of you who have just joined, welcome.",
        "user": "UKTGLQNGG",
        "ts": "1589263540.241400",
        "team": "TKFJE6LDR",
        "user_team": "TKFJE6LDR",
        "source_team": "TKFJE6LDR",
        "user_profile": {
            "avatar_hash": "ge03fcb118b0",
            "image_72": "https:\/\/secure.gravatar.com\/avatar\/9e03fcb118b0853a3fedfdee2367779d.jpg?s=72&d=https%3A%2F%2Fa.slack-edge.com%2Fdf10d%2Fimg%2Favatars%2Fava_0021-72.png",
            "first_name": "Cameron",
            "real_name": "Cameron Shorter",
            "display_name": "cameronshorter",
            "team": "TKFJE6LDR",
            "name": "cameron.shorter",
            "is_restricted": false,
            "is_ultra_restricted": false
        },
        "blocks": [
            {
                "type": "rich_text",
                "block_id": "Im1",
                "elements": [
                    {
                        "type": "rich_text_section",
                        "elements": [
                            {
                                "type": "text",
                                "text": "For those of you who have just joined, welcome."
                            }
                        ]
                    }
                ]
            }
        ]
    },
    {
        "client_msg_id": "8131ec9e-3671-461f-9b95-081845851fd4",
        "type": "message",
        "text": "I'm expecting there will be quite a bit of interest and activity. It is going to be challenging for us old timers to keep up. I'm very aware that there is only one paid spot on offer, and likely many helpful people.",
        "user": "UKTGLQNGG",
        "ts": "1589263620.242400",
        "team": "TKFJE6LDR",
        "user_team": "TKFJE6LDR",
        "source_team": "TKFJE6LDR",
        "user_profile": {
            "avatar_hash": "ge03fcb118b0",
            "image_72": "https:\/\/secure.gravatar.com\/avatar\/9e03fcb118b0853a3fedfdee2367779d.jpg?s=72&d=https%3A%2F%2Fa.slack-edge.com%2Fdf10d%2Fimg%2Favatars%2Fava_0021-72.png",
            "first_name": "Cameron",
            "real_name": "Cameron Shorter",
            "display_name": "cameronshorter",
            "team": "TKFJE6LDR",
            "name": "cameron.shorter",
            "is_restricted": false,
            "is_ultra_restricted": false
        },
        "blocks": [
            {
                "type": "rich_text",
                "block_id": "FaI",
                "elements": [
                    {
                        "type": "rich_text_section",
                        "elements": [
                            {
                                "type": "text",
                                "text": "I'm expecting there will be quite a bit of interest and activity. It is going to be challenging for us old timers to keep up. I'm very aware that there is only one paid spot on offer, and likely many helpful people."
                            }
                        ]
                    }
                ]
            }
        ]
    },
    {
        "client_msg_id": "9b85af90-0792-4a1a-a44a-7365b898c518",
        "type": "message",
        "text": "For those watching, for the paid spot, we are looking for a senior technical writer with experience, as per: <https:\/\/github.com\/thegooddocsproject\/templates\/wiki\/Season-of-Docs-Ideas-2020#get-involved> . (If you are a uni student with interest, you can still get involved as a volunteer)",
        "user": "UKTGLQNGG",
        "ts": "1589263769.244400",
        "team": "TKFJE6LDR",
        "user_team": "TKFJE6LDR",
        "source_team": "TKFJE6LDR",
        "user_profile": {
            "avatar_hash": "ge03fcb118b0",
            "image_72": "https:\/\/secure.gravatar.com\/avatar\/9e03fcb118b0853a3fedfdee2367779d.jpg?s=72&d=https%3A%2F%2Fa.slack-edge.com%2Fdf10d%2Fimg%2Favatars%2Fava_0021-72.png",
            "first_name": "Cameron",
            "real_name": "Cameron Shorter",
            "display_name": "cameronshorter",
            "team": "TKFJE6LDR",
            "name": "cameron.shorter",
            "is_restricted": false,
            "is_ultra_restricted": false
        },
        "blocks": [
            {
                "type": "rich_text",
                "block_id": "\/Z8T",
                "elements": [
                    {
                        "type": "rich_text_section",
                        "elements": [
                            {
                                "type": "text",
                                "text": "For those watching, for the paid spot, we are looking for a senior technical writer with experience, as per: "
                            },
                            {
                                "type": "link",
                                "url": "https:\/\/github.com\/thegooddocsproject\/templates\/wiki\/Season-of-Docs-Ideas-2020#get-involved"
                            },
                            {
                                "type": "text",
                                "text": " . (If you are a uni student with interest, you can still get involved as a volunteer)"
                            }
                        ]
                    }
                ]
            }
        ],
        "thread_ts": "1589263769.244400",
        "reply_count": 2,
        "reply_users_count": 2,
        "latest_reply": "1589314357.251600",
        "reply_users": [
            "U013SP763UH",
            "UKTGLQNGG"
        ],
        "replies": [
            {
                "user": "U013SP763UH",
                "ts": "1589305513.251400"
            },
            {
                "user": "UKTGLQNGG",
                "ts": "1589314357.251600"
            }
        ],
        "subscribed": false
    },
    {
        "client_msg_id": "45af21da-66fa-4dfe-8af7-373fcf2199b1",
        "type": "message",
        "text": "<@U0145JAQHBJ> re language updates, we have selected <https:\/\/developers.google.com\/style> for deciding these sort of decisions. (If you make pull requests, it will help if you reference the clause in the style guide that you are fixing against)",
        "user": "UKTGLQNGG",
        "ts": "1589263957.246500",
        "team": "TKFJE6LDR",
        "user_team": "TKFJE6LDR",
        "source_team": "TKFJE6LDR",
        "user_profile": {
            "avatar_hash": "ge03fcb118b0",
            "image_72": "https:\/\/secure.gravatar.com\/avatar\/9e03fcb118b0853a3fedfdee2367779d.jpg?s=72&d=https%3A%2F%2Fa.slack-edge.com%2Fdf10d%2Fimg%2Favatars%2Fava_0021-72.png",
            "first_name": "Cameron",
            "real_name": "Cameron Shorter",
            "display_name": "cameronshorter",
            "team": "TKFJE6LDR",
            "name": "cameron.shorter",
            "is_restricted": false,
            "is_ultra_restricted": false
        },
        "attachments": [
            {
                "service_name": "Google Developers",
                "title": "Google developer documentation style guide  |  Google Developers",
                "title_link": "https:\/\/developers.google.com\/style",
                "text": "Editorial style guidelines for public-facing Google developer documentation.",
                "fallback": "Google Developers: Google developer documentation style guide  |  Google Developers",
                "image_url": "https:\/\/www.gstatic.com\/devrel-devsite\/prod\/vdc02fc75073da889497b42e970262e7e661131c92eb9242d0255017005e2d568\/developers\/images\/opengraph\/indigo.png",
                "image_width": 476,
                "image_height": 250,
                "from_url": "https:\/\/developers.google.com\/style",
                "image_bytes": 62535,
                "service_icon": "https:\/\/www.gstatic.com\/devrel-devsite\/prod\/vdc02fc75073da889497b42e970262e7e661131c92eb9242d0255017005e2d568\/developers\/images\/touchicon-180.png",
                "id": 1,
                "original_url": "https:\/\/developers.google.com\/style"
            }
        ],
        "blocks": [
            {
                "type": "rich_text",
                "block_id": "axec8",
                "elements": [
                    {
                        "type": "rich_text_section",
                        "elements": [
                            {
                                "type": "user",
                                "user_id": "U0145JAQHBJ"
                            },
                            {
                                "type": "text",
                                "text": " re language updates, we have selected "
                            },
                            {
                                "type": "link",
                                "url": "https:\/\/developers.google.com\/style"
                            },
                            {
                                "type": "text",
                                "text": " for deciding these sort of decisions. (If you make pull requests, it will help if you reference the clause in the style guide that you are fixing against)"
                            }
                        ]
                    }
                ]
            }
        ]
    },
    {
        "client_msg_id": "02034a61-5ea5-4ec4-b3c1-9a60211402c5",
        "type": "message",
        "text": "Noted",
        "user": "U0145JAQHBJ",
        "ts": "1589263991.246800",
        "team": "TKFJE6LDR",
        "user_team": "TKFJE6LDR",
        "source_team": "TKFJE6LDR",
        "user_profile": {
            "avatar_hash": "g6bb2f50a19d",
            "image_72": "https:\/\/secure.gravatar.com\/avatar\/6bb2f50a19d4195908818e2a576f8622.jpg?s=72&d=https%3A%2F%2Fa.slack-edge.com%2Fdf10d%2Fimg%2Favatars%2Fava_0010-72.png",
            "first_name": "",
            "real_name": "Mayank Goel",
            "display_name": "Mayank Goel",
            "team": "TKFJE6LDR",
            "name": "mayank.goel",
            "is_restricted": false,
            "is_ultra_restricted": false
        },
        "blocks": [
            {
                "type": "rich_text",
                "block_id": "ZzMY",
                "elements": [
                    {
                        "type": "rich_text_section",
                        "elements": [
                            {
                                "type": "text",
                                "text": "Noted"
                            }
                        ]
                    }
                ]
            }
        ]
    }
]