[
    {
        "client_msg_id": "184b8e42-f967-4930-ab68-93444dece444",
        "type": "message",
        "text": "Hallo all! I found it interesting and cool that this post made it into the top 10 in Hacker News: \"Show HN: A set of standard document templates\": <https:\/\/news.ycombinator.com\/item?id=22091603>",
        "user": "USJNU4UKV",
        "ts": "1579552774.003000",
        "team": "TKFJE6LDR",
        "user_team": "TKFJE6LDR",
        "source_team": "TKFJE6LDR",
        "user_profile": {
            "avatar_hash": "gf52310b46a3",
            "image_72": "https:\/\/secure.gravatar.com\/avatar\/f52310b46a3f0b45af06905366d2331b.jpg?s=72&d=https%3A%2F%2Fa.slack-edge.com%2Fdf10d%2Fimg%2Favatars%2Fava_0002-72.png",
            "first_name": "",
            "real_name": "Sarah Maddox",
            "display_name": "Sarah Maddox",
            "team": "TKFJE6LDR",
            "name": "sarahmaddoxmail",
            "is_restricted": false,
            "is_ultra_restricted": false
        },
        "blocks": [
            {
                "type": "rich_text",
                "block_id": "M0B",
                "elements": [
                    {
                        "type": "rich_text_section",
                        "elements": [
                            {
                                "type": "text",
                                "text": "Hallo all! I found it interesting and cool that this post made it into the top 10 in Hacker News: \"Show HN: A set of standard document templates\": "
                            },
                            {
                                "type": "link",
                                "url": "https:\/\/news.ycombinator.com\/item?id=22091603"
                            }
                        ]
                    }
                ]
            }
        ],
        "reactions": [
            {
                "name": "100",
                "users": [
                    "UL2AA1FF1"
                ],
                "count": 1
            }
        ]
    },
    {
        "client_msg_id": "dd4d9f55-29d6-41c5-ae46-12d2642c4e30",
        "type": "message",
        "text": "Thanks <@USJNU4UKV>. There is wealth of 'requirements' in the comments on this thread that we can consider for The Good Docs.",
        "user": "UKV4ZPEFQ",
        "ts": "1579567776.003700",
        "team": "TKFJE6LDR",
        "user_team": "TKFJE6LDR",
        "source_team": "TKFJE6LDR",
        "user_profile": {
            "avatar_hash": "g854c628ef64",
            "image_72": "https:\/\/secure.gravatar.com\/avatar\/6854c628ef64a4c129a994522e17cdf2.jpg?s=72&d=https%3A%2F%2Fa.slack-edge.com%2Fdf10d%2Fimg%2Favatars%2Fava_0007-72.png",
            "first_name": "felicitybrand",
            "real_name": "felicitybrand",
            "display_name": "flicstar",
            "team": "TKFJE6LDR",
            "name": "felicitybrand",
            "is_restricted": false,
            "is_ultra_restricted": false
        },
        "blocks": [
            {
                "type": "rich_text",
                "block_id": "Wh7TF",
                "elements": [
                    {
                        "type": "rich_text_section",
                        "elements": [
                            {
                                "type": "text",
                                "text": "Thanks "
                            },
                            {
                                "type": "user",
                                "user_id": "USJNU4UKV"
                            },
                            {
                                "type": "text",
                                "text": ". There is wealth of 'requirements' in the comments on this thread that we can consider for The Good Docs."
                            }
                        ]
                    }
                ]
            }
        ]
    },
    {
        "client_msg_id": "be30f9f2-f926-4737-b277-05570ba76ae9",
        "type": "message",
        "text": "Nice! I wondered too if there's anyone who'd like to add a comment to the post, mentioning The Good Docs Project.",
        "user": "USJNU4UKV",
        "ts": "1579568257.004600",
        "team": "TKFJE6LDR",
        "user_team": "TKFJE6LDR",
        "source_team": "TKFJE6LDR",
        "user_profile": {
            "avatar_hash": "gf52310b46a3",
            "image_72": "https:\/\/secure.gravatar.com\/avatar\/f52310b46a3f0b45af06905366d2331b.jpg?s=72&d=https%3A%2F%2Fa.slack-edge.com%2Fdf10d%2Fimg%2Favatars%2Fava_0002-72.png",
            "first_name": "",
            "real_name": "Sarah Maddox",
            "display_name": "Sarah Maddox",
            "team": "TKFJE6LDR",
            "name": "sarahmaddoxmail",
            "is_restricted": false,
            "is_ultra_restricted": false
        },
        "blocks": [
            {
                "type": "rich_text",
                "block_id": "gFVi",
                "elements": [
                    {
                        "type": "rich_text_section",
                        "elements": [
                            {
                                "type": "text",
                                "text": "Nice! I wondered too if there's anyone who'd like to add a comment to the post, mentioning The Good Docs Project."
                            }
                        ]
                    }
                ]
            }
        ]
    }
]