[
    {
        "client_msg_id": "67799eb4-79d6-4fdf-897a-535dd09453d8",
        "type": "message",
        "text": "I responded to your comment, there's more to it than face value.",
        "user": "UKVC4NB71",
        "ts": "1590315893.320800",
        "team": "TKFJE6LDR",
        "user_team": "TKFJE6LDR",
        "source_team": "TKFJE6LDR",
        "user_profile": {
            "avatar_hash": "c7d9788d4436",
            "image_72": "https:\/\/avatars.slack-edge.com\/2019-10-30\/814314609877_c7d9788d4436969613a7_72.jpg",
            "first_name": "Jared",
            "real_name": "Jared Morgan",
            "display_name": "jaredmorgs",
            "team": "TKFJE6LDR",
            "name": "jaredleonmorgan",
            "is_restricted": false,
            "is_ultra_restricted": false
        },
        "blocks": [
            {
                "type": "rich_text",
                "block_id": "7SShz",
                "elements": [
                    {
                        "type": "rich_text_section",
                        "elements": [
                            {
                                "type": "text",
                                "text": "I responded to your comment, there's more to it than face value."
                            }
                        ]
                    }
                ]
            }
        ],
        "thread_ts": "1590205218.319900",
        "parent_user_id": "UKTGLQNGG"
    },
    {
        "client_msg_id": "f9faef87-0db6-4a92-9a0d-5c5bc9e9e19e",
        "type": "message",
        "text": "<@UKVC4NB71> I'm free to talk now via video conference if you wish to discuss ventilated prose?",
        "user": "UKTGLQNGG",
        "ts": "1590316546.321500",
        "team": "TKFJE6LDR",
        "user_team": "TKFJE6LDR",
        "source_team": "TKFJE6LDR",
        "user_profile": {
            "avatar_hash": "ge03fcb118b0",
            "image_72": "https:\/\/secure.gravatar.com\/avatar\/9e03fcb118b0853a3fedfdee2367779d.jpg?s=72&d=https%3A%2F%2Fa.slack-edge.com%2Fdf10d%2Fimg%2Favatars%2Fava_0021-72.png",
            "first_name": "Cameron",
            "real_name": "Cameron Shorter",
            "display_name": "cameronshorter",
            "team": "TKFJE6LDR",
            "name": "cameron.shorter",
            "is_restricted": false,
            "is_ultra_restricted": false
        },
        "edited": {
            "user": "UKTGLQNGG",
            "ts": "1590316617.000000"
        },
        "blocks": [
            {
                "type": "rich_text",
                "block_id": "XVr",
                "elements": [
                    {
                        "type": "rich_text_section",
                        "elements": [
                            {
                                "type": "user",
                                "user_id": "UKVC4NB71"
                            },
                            {
                                "type": "text",
                                "text": " I'm free to talk now via video conference if you wish to discuss ventilated prose?"
                            }
                        ]
                    }
                ]
            }
        ]
    },
    {
        "client_msg_id": "29a883c6-4261-48b6-95f3-70f635807396",
        "type": "message",
        "text": "Sorry the phone was on charge in the other room. I'll try to grab you sometime tomorrow, even if for 5 mins.",
        "user": "UKVC4NB71",
        "ts": "1590322195.323200",
        "team": "TKFJE6LDR",
        "user_team": "TKFJE6LDR",
        "source_team": "TKFJE6LDR",
        "user_profile": {
            "avatar_hash": "c7d9788d4436",
            "image_72": "https:\/\/avatars.slack-edge.com\/2019-10-30\/814314609877_c7d9788d4436969613a7_72.jpg",
            "first_name": "Jared",
            "real_name": "Jared Morgan",
            "display_name": "jaredmorgs",
            "team": "TKFJE6LDR",
            "name": "jaredleonmorgan",
            "is_restricted": false,
            "is_ultra_restricted": false
        },
        "blocks": [
            {
                "type": "rich_text",
                "block_id": "HZuys",
                "elements": [
                    {
                        "type": "rich_text_section",
                        "elements": [
                            {
                                "type": "text",
                                "text": "Sorry the phone was on charge in the other room. I'll try to grab you sometime tomorrow, even if for 5 mins."
                            }
                        ]
                    }
                ]
            }
        ],
        "reactions": [
            {
                "name": "+1",
                "users": [
                    "UKTGLQNGG"
                ],
                "count": 1
            }
        ]
    }
]