[
    {
        "type": "message",
        "subtype": "tombstone",
        "text": "This message was deleted.",
        "user": "USLACKBOT",
        "hidden": true,
        "ts": "1587779826.131600",
        "thread_ts": "1587779826.131600",
        "reply_count": 10,
        "reply_users_count": 3,
        "latest_reply": "1587976908.138300",
        "reply_users": [
            "UKTGLQNGG",
            "U012J5AMMEY",
            "UKVC4NB71"
        ],
        "replies": [
            {
                "user": "UKTGLQNGG",
                "ts": "1587811489.131900"
            },
            {
                "user": "UKTGLQNGG",
                "ts": "1587811684.132200"
            },
            {
                "user": "UKTGLQNGG",
                "ts": "1587811845.132400"
            },
            {
                "user": "UKTGLQNGG",
                "ts": "1587811965.132600"
            },
            {
                "user": "UKTGLQNGG",
                "ts": "1587812093.132800"
            },
            {
                "user": "U012J5AMMEY",
                "ts": "1587890705.133000"
            },
            {
                "user": "UKTGLQNGG",
                "ts": "1587959487.133300"
            },
            {
                "user": "U012J5AMMEY",
                "ts": "1587960662.133500"
            },
            {
                "user": "UKTGLQNGG",
                "ts": "1587960860.133700"
            },
            {
                "user": "UKVC4NB71",
                "ts": "1587976908.138300"
            }
        ],
        "subscribed": false
    }
]