[
    {
        "client_msg_id": "d0c3c92f-5676-469c-bce4-4dc52ab52c45",
        "type": "message",
        "text": "The repo has crossed 100 stars!!",
        "user": "U013SP763UH",
        "ts": "1589565717.279000",
        "team": "TKFJE6LDR",
        "user_team": "TKFJE6LDR",
        "source_team": "TKFJE6LDR",
        "user_profile": {
            "avatar_hash": "ge679a953230",
            "image_72": "https:\/\/secure.gravatar.com\/avatar\/e679a953230d7fe2144b09ae62707900.jpg?s=72&d=https%3A%2F%2Fa.slack-edge.com%2Fdf10d%2Fimg%2Favatars%2Fava_0015-72.png",
            "first_name": "Shreyas",
            "real_name": "Shreyas Thirumalai",
            "display_name": "shreyas1599",
            "team": "TKFJE6LDR",
            "name": "shreyasthirumalai",
            "is_restricted": false,
            "is_ultra_restricted": false
        },
        "blocks": [
            {
                "type": "rich_text",
                "block_id": "yZN1",
                "elements": [
                    {
                        "type": "rich_text_section",
                        "elements": [
                            {
                                "type": "text",
                                "text": "The repo has crossed 100 stars!!"
                            }
                        ]
                    }
                ]
            }
        ],
        "reactions": [
            {
                "name": "100",
                "users": [
                    "UL2AA1FF1"
                ],
                "count": 1
            },
            {
                "name": "star",
                "users": [
                    "UL2AA1FF1"
                ],
                "count": 1
            }
        ]
    }
]