[
    {
        "client_msg_id": "08115d73-0307-4e46-96aa-2cf333b42d17",
        "type": "message",
        "text": "I hope everyone saw the Write the Docs content index: <https:\/\/www.writethedocs.org\/topics\/> !! should be super useful!",
        "user": "UL2AA1FF1",
        "ts": "1588695766.211100",
        "team": "TKFJE6LDR",
        "user_team": "TKFJE6LDR",
        "source_team": "TKFJE6LDR",
        "user_profile": {
            "avatar_hash": "22135067b36d",
            "image_72": "https:\/\/avatars.slack-edge.com\/2019-10-23\/805254797908_22135067b36dfb715e99_72.jpg",
            "first_name": "",
            "real_name": "Erin McKean",
            "display_name": "Erin McKean",
            "team": "TKFJE6LDR",
            "name": "emckean",
            "is_restricted": false,
            "is_ultra_restricted": false
        },
        "blocks": [
            {
                "type": "rich_text",
                "block_id": "SvA",
                "elements": [
                    {
                        "type": "rich_text_section",
                        "elements": [
                            {
                                "type": "text",
                                "text": "I hope everyone saw the Write the Docs content index: "
                            },
                            {
                                "type": "link",
                                "url": "https:\/\/www.writethedocs.org\/topics\/"
                            },
                            {
                                "type": "text",
                                "text": " !! should be super useful!"
                            }
                        ]
                    }
                ]
            }
        ],
        "thread_ts": "1588695766.211100",
        "reply_count": 1,
        "reply_users_count": 1,
        "latest_reply": "1588713156.211400",
        "reply_users": [
            "U012J5AMMEY"
        ],
        "replies": [
            {
                "user": "U012J5AMMEY",
                "ts": "1588713156.211400"
            }
        ],
        "subscribed": false,
        "reactions": [
            {
                "name": "+1",
                "users": [
                    "U012J5AMMEY",
                    "U012KCMPP0V",
                    "UKVC4NB71"
                ],
                "count": 3
            }
        ]
    },
    {
        "type": "message",
        "text": "I added that link to our resources wiki page.",
        "files": [
            {
                "id": "F013GC69CU9",
                "created": 1588713154,
                "timestamp": 1588713154,
                "name": "image.png",
                "title": "image.png",
                "mimetype": "image\/png",
                "filetype": "png",
                "pretty_type": "PNG",
                "user": "U012J5AMMEY",
                "editable": false,
                "size": 23230,
                "mode": "hosted",
                "is_external": false,
                "external_type": "",
                "is_public": true,
                "public_url_shared": false,
                "display_as_bot": false,
                "username": "",
                "url_private": "https:\/\/files.slack.com\/files-pri\/TKFJE6LDR-F013GC69CU9\/image.png?t=xoxe-661626224467-1176889373458-1189513059441-ae8bad2fa75b08bee478ccbaefddd7f6",
                "url_private_download": "https:\/\/files.slack.com\/files-pri\/TKFJE6LDR-F013GC69CU9\/download\/image.png?t=xoxe-661626224467-1176889373458-1189513059441-ae8bad2fa75b08bee478ccbaefddd7f6",
                "thumb_64": "https:\/\/files.slack.com\/files-tmb\/TKFJE6LDR-F013GC69CU9-d0936e9b5d\/image_64.png?t=xoxe-661626224467-1176889373458-1189513059441-ae8bad2fa75b08bee478ccbaefddd7f6",
                "thumb_80": "https:\/\/files.slack.com\/files-tmb\/TKFJE6LDR-F013GC69CU9-d0936e9b5d\/image_80.png?t=xoxe-661626224467-1176889373458-1189513059441-ae8bad2fa75b08bee478ccbaefddd7f6",
                "thumb_360": "https:\/\/files.slack.com\/files-tmb\/TKFJE6LDR-F013GC69CU9-d0936e9b5d\/image_360.png?t=xoxe-661626224467-1176889373458-1189513059441-ae8bad2fa75b08bee478ccbaefddd7f6",
                "thumb_360_w": 360,
                "thumb_360_h": 53,
                "thumb_480": "https:\/\/files.slack.com\/files-tmb\/TKFJE6LDR-F013GC69CU9-d0936e9b5d\/image_480.png?t=xoxe-661626224467-1176889373458-1189513059441-ae8bad2fa75b08bee478ccbaefddd7f6",
                "thumb_480_w": 480,
                "thumb_480_h": 71,
                "thumb_160": "https:\/\/files.slack.com\/files-tmb\/TKFJE6LDR-F013GC69CU9-d0936e9b5d\/image_160.png?t=xoxe-661626224467-1176889373458-1189513059441-ae8bad2fa75b08bee478ccbaefddd7f6",
                "thumb_720": "https:\/\/files.slack.com\/files-tmb\/TKFJE6LDR-F013GC69CU9-d0936e9b5d\/image_720.png?t=xoxe-661626224467-1176889373458-1189513059441-ae8bad2fa75b08bee478ccbaefddd7f6",
                "thumb_720_w": 720,
                "thumb_720_h": 107,
                "thumb_800": "https:\/\/files.slack.com\/files-tmb\/TKFJE6LDR-F013GC69CU9-d0936e9b5d\/image_800.png?t=xoxe-661626224467-1176889373458-1189513059441-ae8bad2fa75b08bee478ccbaefddd7f6",
                "thumb_800_w": 800,
                "thumb_800_h": 119,
                "thumb_960": "https:\/\/files.slack.com\/files-tmb\/TKFJE6LDR-F013GC69CU9-d0936e9b5d\/image_960.png?t=xoxe-661626224467-1176889373458-1189513059441-ae8bad2fa75b08bee478ccbaefddd7f6",
                "thumb_960_w": 960,
                "thumb_960_h": 143,
                "thumb_1024": "https:\/\/files.slack.com\/files-tmb\/TKFJE6LDR-F013GC69CU9-d0936e9b5d\/image_1024.png?t=xoxe-661626224467-1176889373458-1189513059441-ae8bad2fa75b08bee478ccbaefddd7f6",
                "thumb_1024_w": 1024,
                "thumb_1024_h": 152,
                "original_w": 1037,
                "original_h": 154,
                "thumb_tiny": "AwAHADDSIPajBpaKAE5oORS0h6UAJk+tKCaaKVepoHY\/\/9k=",
                "permalink": "https:\/\/thegooddocs.slack.com\/files\/U012J5AMMEY\/F013GC69CU9\/image.png",
                "permalink_public": "https:\/\/slack-files.com\/TKFJE6LDR-F013GC69CU9-6e6676d876",
                "is_starred": false,
                "has_rich_preview": false
            }
        ],
        "upload": true,
        "blocks": [
            {
                "type": "rich_text",
                "block_id": "XCCM",
                "elements": [
                    {
                        "type": "rich_text_section",
                        "elements": [
                            {
                                "type": "text",
                                "text": "I added that link to our resources wiki page."
                            }
                        ]
                    }
                ]
            }
        ],
        "user": "U012J5AMMEY",
        "display_as_bot": false,
        "ts": "1588713156.211400",
        "client_msg_id": "53197dad-f33c-4029-ba8e-1c78373aefb8",
        "thread_ts": "1588695766.211100",
        "parent_user_id": "UL2AA1FF1",
        "reactions": [
            {
                "name": "100",
                "users": [
                    "UL2AA1FF1"
                ],
                "count": 1
            }
        ]
    },
    {
        "client_msg_id": "04549d95-355c-4857-9531-bc2b4aafb5a3",
        "type": "message",
        "text": "Do we have a procedure for reviewing and merging Pull Requests? There are 6 of them in the queue. <https:\/\/github.com\/thegooddocsproject\/templates\/pulls>",
        "user": "U012J5AMMEY",
        "ts": "1588713330.213900",
        "team": "TKFJE6LDR",
        "user_team": "TKFJE6LDR",
        "source_team": "TKFJE6LDR",
        "user_profile": {
            "avatar_hash": "f0294109ed4a",
            "image_72": "https:\/\/avatars.slack-edge.com\/2020-04-23\/1080225857475_f0294109ed4a12a988f3_72.jpg",
            "first_name": "Max",
            "real_name": "Max Voskob",
            "display_name": "Max Voskob",
            "team": "TKFJE6LDR",
            "name": "max",
            "is_restricted": false,
            "is_ultra_restricted": false
        },
        "blocks": [
            {
                "type": "rich_text",
                "block_id": "14e98",
                "elements": [
                    {
                        "type": "rich_text_section",
                        "elements": [
                            {
                                "type": "text",
                                "text": "Do we have a procedure for reviewing and merging Pull Requests? There are 6 of them in the queue. "
                            },
                            {
                                "type": "link",
                                "url": "https:\/\/github.com\/thegooddocsproject\/templates\/pulls"
                            }
                        ]
                    }
                ]
            }
        ],
        "thread_ts": "1588713330.213900",
        "reply_count": 9,
        "reply_users_count": 4,
        "latest_reply": "1589280871.248200",
        "reply_users": [
            "U012J5AMMEY",
            "UKV4ZPEFQ",
            "UKTGLQNGG",
            "UKVC4NB71"
        ],
        "replies": [
            {
                "user": "U012J5AMMEY",
                "ts": "1589235892.231000"
            },
            {
                "user": "UKV4ZPEFQ",
                "ts": "1589262728.232700"
            },
            {
                "user": "UKTGLQNGG",
                "ts": "1589263199.235400"
            },
            {
                "user": "UKVC4NB71",
                "ts": "1589280083.247100"
            },
            {
                "user": "UKVC4NB71",
                "ts": "1589280115.247300"
            },
            {
                "user": "UKTGLQNGG",
                "ts": "1589280194.247500"
            },
            {
                "user": "UKTGLQNGG",
                "ts": "1589280643.247700"
            },
            {
                "user": "UKVC4NB71",
                "ts": "1589280849.248000"
            },
            {
                "user": "UKVC4NB71",
                "ts": "1589280871.248200"
            }
        ],
        "subscribed": true,
        "last_read": "1589320223.376849"
    },
    {
        "client_msg_id": "a9889887-0b8e-4d0a-b28b-c2a1f8453b9b",
        "type": "message",
        "text": "do we have an agenda for tomorrow's meeting?",
        "user": "UL2AA1FF1",
        "ts": "1588719430.214700",
        "team": "TKFJE6LDR",
        "user_team": "TKFJE6LDR",
        "source_team": "TKFJE6LDR",
        "user_profile": {
            "avatar_hash": "22135067b36d",
            "image_72": "https:\/\/avatars.slack-edge.com\/2019-10-23\/805254797908_22135067b36dfb715e99_72.jpg",
            "first_name": "",
            "real_name": "Erin McKean",
            "display_name": "Erin McKean",
            "team": "TKFJE6LDR",
            "name": "emckean",
            "is_restricted": false,
            "is_ultra_restricted": false
        },
        "blocks": [
            {
                "type": "rich_text",
                "block_id": "CtG",
                "elements": [
                    {
                        "type": "rich_text_section",
                        "elements": [
                            {
                                "type": "text",
                                "text": "do we have an agenda for tomorrow's meeting?"
                            }
                        ]
                    }
                ]
            }
        ]
    },
    {
        "client_msg_id": "4bdb1d78-44da-42c4-85a1-6d5a05edb35d",
        "type": "message",
        "text": "Re agenda, how about: Proposed agenda:\n* Style guide (Alyssa)\n* Content audit checklist (Daniel) <https:\/\/docs.google.com\/document\/d\/1e6Jc6zh-aMiEKP3BCRb5IVy4Y_FCzugYINeMcJqO9ds\/edit#heading=h.gcsrcy39e6ma|https:\/\/docs.google.com\/document\/d\/1e6Jc6zh-aMiEKP3BCRb5IVy4Y_FCzugYINeMcJqO9ds\/edit#heading=h.gcsrcy39e6ma>\n* Write the docs topics (any synergies with our doc list?) <https:\/\/www.writethedocs.org\/topics\/|https:\/\/www.writethedocs.org\/topics\/>\n* Outstanding pull requests <https:\/\/github.com\/thegooddocsproject\/templates\/pulls|https:\/\/github.com\/thegooddocsproject\/templates\/pulls>\n* Season of Docs? Probably nothing to say until projects are announced. (Erin)",
        "user": "UKTGLQNGG",
        "ts": "1588728590.215300",
        "team": "TKFJE6LDR",
        "user_team": "TKFJE6LDR",
        "source_team": "TKFJE6LDR",
        "user_profile": {
            "avatar_hash": "ge03fcb118b0",
            "image_72": "https:\/\/secure.gravatar.com\/avatar\/9e03fcb118b0853a3fedfdee2367779d.jpg?s=72&d=https%3A%2F%2Fa.slack-edge.com%2Fdf10d%2Fimg%2Favatars%2Fava_0021-72.png",
            "first_name": "Cameron",
            "real_name": "Cameron Shorter",
            "display_name": "cameronshorter",
            "team": "TKFJE6LDR",
            "name": "cameron.shorter",
            "is_restricted": false,
            "is_ultra_restricted": false
        },
        "blocks": [
            {
                "type": "rich_text",
                "block_id": "Gmh+T",
                "elements": [
                    {
                        "type": "rich_text_section",
                        "elements": [
                            {
                                "type": "text",
                                "text": "Re agenda, how about: Proposed agenda:\n* Style guide (Alyssa)\n* Content audit checklist (Daniel) "
                            },
                            {
                                "type": "link",
                                "url": "https:\/\/docs.google.com\/document\/d\/1e6Jc6zh-aMiEKP3BCRb5IVy4Y_FCzugYINeMcJqO9ds\/edit#heading=h.gcsrcy39e6ma",
                                "text": "https:\/\/docs.google.com\/document\/d\/1e6Jc6zh-aMiEKP3BCRb5IVy4Y_FCzugYINeMcJqO9ds\/edit#heading=h.gcsrcy39e6ma"
                            },
                            {
                                "type": "text",
                                "text": "\n* Write the docs topics (any synergies with our doc list?) "
                            },
                            {
                                "type": "link",
                                "url": "https:\/\/www.writethedocs.org\/topics\/",
                                "text": "https:\/\/www.writethedocs.org\/topics\/"
                            },
                            {
                                "type": "text",
                                "text": "\n* Outstanding pull requests "
                            },
                            {
                                "type": "link",
                                "url": "https:\/\/github.com\/thegooddocsproject\/templates\/pulls",
                                "text": "https:\/\/github.com\/thegooddocsproject\/templates\/pulls"
                            },
                            {
                                "type": "text",
                                "text": "\n* Season of Docs? Probably nothing to say until projects are announced. (Erin)"
                            }
                        ]
                    }
                ]
            }
        ],
        "reactions": [
            {
                "name": "+1",
                "users": [
                    "U011GCVJFQF",
                    "UTCKDLXJ9"
                ],
                "count": 2
            }
        ]
    }
]