[
    {
        "client_msg_id": "fab723bb-b26c-4dfb-939b-88e1c26827ff",
        "type": "message",
        "text": "<@UR4F409LG> 3. Yes, Erin is right re the DCO. We are covering ourselves legally by stating that if you contribute, you do so willingly under our open licenses.\n1. and 2. Yes, this channel is public. A few days back I worked out how to allow people to self subscribe to the channel (you create a URL which can be used for 2000 subscriptions). I’ve set that up and linked to it from <https:\/\/thegooddocsproject.dev\/contact.html> . So future subscribers won’t need an invitation.",
        "user": "UKTGLQNGG",
        "ts": "1578473626.003900",
        "team": "TKFJE6LDR",
        "user_team": "TKFJE6LDR",
        "source_team": "TKFJE6LDR",
        "user_profile": {
            "avatar_hash": "ge03fcb118b0",
            "image_72": "https:\/\/secure.gravatar.com\/avatar\/9e03fcb118b0853a3fedfdee2367779d.jpg?s=72&d=https%3A%2F%2Fa.slack-edge.com%2Fdf10d%2Fimg%2Favatars%2Fava_0021-72.png",
            "first_name": "Cameron",
            "real_name": "Cameron Shorter",
            "display_name": "cameronshorter",
            "team": "TKFJE6LDR",
            "name": "cameron.shorter",
            "is_restricted": false,
            "is_ultra_restricted": false
        },
        "attachments": [
            {
                "service_name": "The Good Docs Project",
                "title": "Contact us",
                "title_link": "https:\/\/thegooddocsproject.dev\/contact.html",
                "text": "Templates to make good docs.",
                "fallback": "The Good Docs Project: Contact us",
                "from_url": "https:\/\/thegooddocsproject.dev\/contact.html",
                "id": 1,
                "original_url": "https:\/\/thegooddocsproject.dev\/contact.html"
            }
        ],
        "blocks": [
            {
                "type": "rich_text",
                "block_id": "E86U4",
                "elements": [
                    {
                        "type": "rich_text_section",
                        "elements": [
                            {
                                "type": "user",
                                "user_id": "UR4F409LG"
                            },
                            {
                                "type": "text",
                                "text": " 3. Yes, Erin is right re the DCO. We are covering ourselves legally by stating that if you contribute, you do so willingly under our open licenses.\n"
                            }
                        ]
                    },
                    {
                        "type": "rich_text_list",
                        "elements": [
                            {
                                "type": "rich_text_section",
                                "elements": [
                                    {
                                        "type": "text",
                                        "text": "and 2. Yes, this channel is public. A few days back I worked out how to allow people to self subscribe to the channel (you create a URL which can be used for 2000 subscriptions). I’ve set that up and linked to it from "
                                    },
                                    {
                                        "type": "link",
                                        "url": "https:\/\/thegooddocsproject.dev\/contact.html"
                                    },
                                    {
                                        "type": "text",
                                        "text": " . So future subscribers won’t need an invitation."
                                    }
                                ]
                            }
                        ],
                        "style": "ordered",
                        "indent": 0
                    }
                ]
            }
        ],
        "thread_ts": "1578473626.003900",
        "reply_count": 1,
        "reply_users_count": 1,
        "latest_reply": "1578498001.010700",
        "reply_users": [
            "UL2AA1FF1"
        ],
        "replies": [
            {
                "user": "UL2AA1FF1",
                "ts": "1578498001.010700"
            }
        ],
        "subscribed": false
    },
    {
        "client_msg_id": "0dfa3461-79a7-46a0-8aea-88e1d918f0a3",
        "type": "message",
        "text": "Hi <@UR1VBKHD1>",
        "user": "UKTGLQNGG",
        "ts": "1578474092.004200",
        "team": "TKFJE6LDR",
        "user_team": "TKFJE6LDR",
        "source_team": "TKFJE6LDR",
        "user_profile": {
            "avatar_hash": "ge03fcb118b0",
            "image_72": "https:\/\/secure.gravatar.com\/avatar\/9e03fcb118b0853a3fedfdee2367779d.jpg?s=72&d=https%3A%2F%2Fa.slack-edge.com%2Fdf10d%2Fimg%2Favatars%2Fava_0021-72.png",
            "first_name": "Cameron",
            "real_name": "Cameron Shorter",
            "display_name": "cameronshorter",
            "team": "TKFJE6LDR",
            "name": "cameron.shorter",
            "is_restricted": false,
            "is_ultra_restricted": false
        },
        "blocks": [
            {
                "type": "rich_text",
                "block_id": "Zfkg9",
                "elements": [
                    {
                        "type": "rich_text_section",
                        "elements": [
                            {
                                "type": "text",
                                "text": "Hi "
                            },
                            {
                                "type": "user",
                                "user_id": "UR1VBKHD1"
                            }
                        ]
                    }
                ]
            }
        ]
    },
    {
        "client_msg_id": "e0c683d1-c9b2-46a5-b970-4b42422bbb41",
        "type": "message",
        "text": "Hi all, <@UR1VBKHD1> will be joining our video conference tomorrow. Many of you might remember him as the deaf presenter at the WriteTheDocs conference in Sydney, who gave an entertaining talk about inclusive docs. We are going to continue with using video for the conference, but I encourage all participants to write your ideas in the <#CQT6T04CW|general> channel as well so that he can keep up with the conversation. Let’s see how successful we are, and assess afterwards.",
        "user": "UKTGLQNGG",
        "ts": "1578475468.007100",
        "team": "TKFJE6LDR",
        "user_team": "TKFJE6LDR",
        "source_team": "TKFJE6LDR",
        "user_profile": {
            "avatar_hash": "ge03fcb118b0",
            "image_72": "https:\/\/secure.gravatar.com\/avatar\/9e03fcb118b0853a3fedfdee2367779d.jpg?s=72&d=https%3A%2F%2Fa.slack-edge.com%2Fdf10d%2Fimg%2Favatars%2Fava_0021-72.png",
            "first_name": "Cameron",
            "real_name": "Cameron Shorter",
            "display_name": "cameronshorter",
            "team": "TKFJE6LDR",
            "name": "cameron.shorter",
            "is_restricted": false,
            "is_ultra_restricted": false
        },
        "blocks": [
            {
                "type": "rich_text",
                "block_id": "E3EYS",
                "elements": [
                    {
                        "type": "rich_text_section",
                        "elements": [
                            {
                                "type": "text",
                                "text": "Hi all, "
                            },
                            {
                                "type": "user",
                                "user_id": "UR1VBKHD1"
                            },
                            {
                                "type": "text",
                                "text": " will be joining our video conference tomorrow. Many of you might remember him as the deaf presenter at the WriteTheDocs conference in Sydney, who gave an entertaining talk about inclusive docs. We are going to continue with using video for the conference, but I encourage all participants to write your ideas in the "
                            },
                            {
                                "type": "channel",
                                "channel_id": "CQT6T04CW"
                            },
                            {
                                "type": "text",
                                "text": " channel as well so that he can keep up with the conversation. Let’s see how successful we are, and assess afterwards."
                            }
                        ]
                    }
                ]
            }
        ]
    },
    {
        "client_msg_id": "46974500-6774-4d26-90fc-c0b2010142d2",
        "type": "message",
        "text": "Thank you <@UKTGLQNGG> Hello everyone.",
        "user": "UR1VBKHD1",
        "ts": "1578475504.007500",
        "team": "TKFJE6LDR",
        "user_team": "TKFJE6LDR",
        "source_team": "TKFJE6LDR",
        "user_profile": {
            "avatar_hash": "g1d6ae089679",
            "image_72": "https:\/\/secure.gravatar.com\/avatar\/1d6ae08967983f1973436beba61255d9.jpg?s=72&d=https%3A%2F%2Fa.slack-edge.com%2Fdf10d%2Fimg%2Favatars%2Fava_0026-72.png",
            "first_name": "David",
            "real_name": "David Parker",
            "display_name": "DeafDave",
            "team": "TKFJE6LDR",
            "name": "deafdave",
            "is_restricted": false,
            "is_ultra_restricted": false
        },
        "blocks": [
            {
                "type": "rich_text",
                "block_id": "p=aNi",
                "elements": [
                    {
                        "type": "rich_text_section",
                        "elements": [
                            {
                                "type": "text",
                                "text": "Thank you "
                            },
                            {
                                "type": "user",
                                "user_id": "UKTGLQNGG"
                            },
                            {
                                "type": "text",
                                "text": " Hello everyone."
                            }
                        ]
                    }
                ]
            }
        ],
        "reactions": [
            {
                "name": "wave",
                "users": [
                    "UL9F82XL3"
                ],
                "count": 1
            }
        ]
    },
    {
        "client_msg_id": "52c7b7a4-bc58-4947-8dce-38648ead393c",
        "type": "message",
        "text": "<@UKTGLQNGG> <@UL2AA1FF1> Thanks for the response, I'm a little confused though, how is it that other open source projects don't require you to sign anything before contributing? They just say they use an MIT license, ect. What makes them different?\n\nGlad to hear about the public channels :+1:",
        "user": "UR4F409LG",
        "ts": "1578486706.010400",
        "team": "TKFJE6LDR",
        "user_team": "TKFJE6LDR",
        "source_team": "TKFJE6LDR",
        "user_profile": {
            "avatar_hash": "g79ec87b785b",
            "image_72": "https:\/\/secure.gravatar.com\/avatar\/79ec87b785b963697860ca73ad5e539e.jpg?s=72&d=https%3A%2F%2Fa.slack-edge.com%2Fdf10d%2Fimg%2Favatars%2Fava_0003-72.png",
            "first_name": "",
            "real_name": "Francesco Lanciana",
            "display_name": "Francesco Lanciana",
            "team": "TKFJE6LDR",
            "name": "francescolanciana",
            "is_restricted": false,
            "is_ultra_restricted": false
        },
        "blocks": [
            {
                "type": "rich_text",
                "block_id": "FItyE",
                "elements": [
                    {
                        "type": "rich_text_section",
                        "elements": [
                            {
                                "type": "user",
                                "user_id": "UKTGLQNGG"
                            },
                            {
                                "type": "text",
                                "text": " "
                            },
                            {
                                "type": "user",
                                "user_id": "UL2AA1FF1"
                            },
                            {
                                "type": "text",
                                "text": " Thanks for the response, I'm a little confused though, how is it that other open source projects don't require you to sign anything before contributing? They just say they use an MIT license, ect. What makes them different?\n\nGlad to hear about the public channels "
                            },
                            {
                                "type": "emoji",
                                "name": "+1"
                            }
                        ]
                    }
                ]
            }
        ],
        "thread_ts": "1578486706.010400",
        "reply_count": 1,
        "reply_users_count": 1,
        "latest_reply": "1578487296.010500",
        "reply_users": [
            "UR4F409LG"
        ],
        "replies": [
            {
                "user": "UR4F409LG",
                "ts": "1578487296.010500"
            }
        ],
        "subscribed": false
    },
    {
        "client_msg_id": "26edf0a5-069c-4137-8f94-46c2c248fdba",
        "type": "message",
        "text": "Actually think I just misunderstood the wording, our Contributing doc said we expect you to agree to the DCO which I thought meant actually having to do something",
        "user": "UR4F409LG",
        "ts": "1578487296.010500",
        "team": "TKFJE6LDR",
        "user_team": "TKFJE6LDR",
        "source_team": "TKFJE6LDR",
        "user_profile": {
            "avatar_hash": "g79ec87b785b",
            "image_72": "https:\/\/secure.gravatar.com\/avatar\/79ec87b785b963697860ca73ad5e539e.jpg?s=72&d=https%3A%2F%2Fa.slack-edge.com%2Fdf10d%2Fimg%2Favatars%2Fava_0003-72.png",
            "first_name": "",
            "real_name": "Francesco Lanciana",
            "display_name": "Francesco Lanciana",
            "team": "TKFJE6LDR",
            "name": "francescolanciana",
            "is_restricted": false,
            "is_ultra_restricted": false
        },
        "blocks": [
            {
                "type": "rich_text",
                "block_id": "a3py",
                "elements": [
                    {
                        "type": "rich_text_section",
                        "elements": [
                            {
                                "type": "text",
                                "text": "Actually think I just misunderstood the wording, our Contributing doc said we expect you to agree to the DCO which I thought meant actually having to do something"
                            }
                        ]
                    }
                ]
            }
        ],
        "thread_ts": "1578486706.010400",
        "parent_user_id": "UR4F409LG"
    },
    {
        "client_msg_id": "0a51f013-10de-4e2c-a6fd-92c5d40ddc96",
        "type": "message",
        "text": "hi Cameron, how is that link above different from the slack.thegooddocsproject.dev link?",
        "user": "UL2AA1FF1",
        "ts": "1578498001.010700",
        "team": "TKFJE6LDR",
        "user_team": "TKFJE6LDR",
        "source_team": "TKFJE6LDR",
        "user_profile": {
            "avatar_hash": "22135067b36d",
            "image_72": "https:\/\/avatars.slack-edge.com\/2019-10-23\/805254797908_22135067b36dfb715e99_72.jpg",
            "first_name": "",
            "real_name": "Erin McKean",
            "display_name": "Erin McKean",
            "team": "TKFJE6LDR",
            "name": "emckean",
            "is_restricted": false,
            "is_ultra_restricted": false
        },
        "blocks": [
            {
                "type": "rich_text",
                "block_id": "8AzO",
                "elements": [
                    {
                        "type": "rich_text_section",
                        "elements": [
                            {
                                "type": "text",
                                "text": "hi Cameron, how is that link above different from the slack.thegooddocsproject.dev link?"
                            }
                        ]
                    }
                ]
            }
        ],
        "thread_ts": "1578473626.003900",
        "parent_user_id": "UKTGLQNGG"
    }
]