[
    {
        "client_msg_id": "DBA07964-36A0-45A8-9B05-E5B12BD824DD",
        "type": "message",
        "text": "Hey Naomi,\n\nWelcome!\n\nDid you get a chance to take a look at this page yet?\n\n\n<https:\/\/thegooddocsproject.dev\/contribute.html|https:\/\/thegooddocsproject.dev\/contribute.html>\n\nRegards,\nSanket",
        "user": "UL9F82XL3",
        "ts": "1582797282.016500",
        "team": "TKFJE6LDR",
        "user_team": "TKFJE6LDR",
        "source_team": "TKFJE6LDR",
        "user_profile": {
            "avatar_hash": "431cbc5b0797",
            "image_72": "https:\/\/avatars.slack-edge.com\/2019-07-23\/702616820016_431cbc5b0797a8cc9f24_72.jpg",
            "first_name": "Sanket",
            "real_name": "Sanket Totewar",
            "display_name": "",
            "team": "TKFJE6LDR",
            "name": "sanket.totewar",
            "is_restricted": false,
            "is_ultra_restricted": false
        },
        "attachments": [
            {
                "service_name": "The Good Docs Project",
                "title": "How to Contribute",
                "title_link": "https:\/\/thegooddocsproject.dev\/contribute.html",
                "text": "Templates to make good docs.",
                "fallback": "The Good Docs Project: How to Contribute",
                "from_url": "https:\/\/thegooddocsproject.dev\/contribute.html",
                "id": 1,
                "original_url": "https:\/\/thegooddocsproject.dev\/contribute.html"
            }
        ],
        "blocks": [
            {
                "type": "rich_text",
                "block_id": "Ybd2M",
                "elements": [
                    {
                        "type": "rich_text_section",
                        "elements": [
                            {
                                "type": "text",
                                "text": "Hey Naomi,\n"
                            },
                            {
                                "type": "text",
                                "text": "\n"
                            },
                            {
                                "type": "text",
                                "text": "Welcome!\n"
                            },
                            {
                                "type": "text",
                                "text": "\n"
                            },
                            {
                                "type": "text",
                                "text": "Did you get a chance to take a look at this page yet?\n"
                            },
                            {
                                "type": "text",
                                "text": "\n"
                            },
                            {
                                "type": "text",
                                "text": "\n"
                            },
                            {
                                "type": "link",
                                "url": "https:\/\/thegooddocsproject.dev\/contribute.html",
                                "text": "https:\/\/thegooddocsproject.dev\/contribute.html"
                            },
                            {
                                "type": "text",
                                "text": "\n"
                            },
                            {
                                "type": "text",
                                "text": "\n"
                            },
                            {
                                "type": "text",
                                "text": "Regards,\nSanket"
                            }
                        ]
                    }
                ]
            }
        ],
        "thread_ts": "1582786255.015300",
        "parent_user_id": "UUKDDFDLM"
    },
    {
        "client_msg_id": "d41cde37-c4df-4fef-bf9b-1d4e66a84b5d",
        "type": "message",
        "text": "As an introduction, I met Naomi and a few others at WriteTheDocs meetup this week, and they were interested in helping. I’m hoping we can help them try fixing one of the bugs: <https:\/\/github.com\/thegooddocsproject\/templates\/issues?q=is%3Aissue+is%3Aopen+label%3A%22good+first+issue%22>",
        "user": "UKTGLQNGG",
        "ts": "1582798466.019100",
        "team": "TKFJE6LDR",
        "user_team": "TKFJE6LDR",
        "source_team": "TKFJE6LDR",
        "user_profile": {
            "avatar_hash": "ge03fcb118b0",
            "image_72": "https:\/\/secure.gravatar.com\/avatar\/9e03fcb118b0853a3fedfdee2367779d.jpg?s=72&d=https%3A%2F%2Fa.slack-edge.com%2Fdf10d%2Fimg%2Favatars%2Fava_0021-72.png",
            "first_name": "Cameron",
            "real_name": "Cameron Shorter",
            "display_name": "cameronshorter",
            "team": "TKFJE6LDR",
            "name": "cameron.shorter",
            "is_restricted": false,
            "is_ultra_restricted": false
        },
        "blocks": [
            {
                "type": "rich_text",
                "block_id": "SKvof",
                "elements": [
                    {
                        "type": "rich_text_section",
                        "elements": [
                            {
                                "type": "text",
                                "text": "As an introduction, I met Naomi and a few others at WriteTheDocs meetup this week, and they were interested in helping. I’m hoping we can help them try fixing one of the bugs: "
                            },
                            {
                                "type": "link",
                                "url": "https:\/\/github.com\/thegooddocsproject\/templates\/issues?q=is%3Aissue+is%3Aopen+label%3A%22good+first+issue%22"
                            }
                        ]
                    }
                ]
            }
        ],
        "reactions": [
            {
                "name": "+1",
                "users": [
                    "UL9F82XL3",
                    "UL2AA1FF1"
                ],
                "count": 2
            }
        ]
    }
]