[
    {
        "client_msg_id": "dd5e235a-0005-4075-a211-b241ec70195d",
        "type": "message",
        "text": "Thanks Cameron. That makes sense.\n\nThose two audiences are hard to reconcile in a single package. We may be able to get more impact if we narrow the focus.\nFor example, the first stumbling block for every project is ReadMe. I couldn't find a readme template in TGD repo.\nProjects with bigger teams usually have some acceptable ReadMe in place. Their needs go deeper into specific types of documentation.\n\nMy turning point was someone posting this on HN <https:\/\/developers.google.com\/tech-writing>\nOthers commented that my writing improved after I started following that simple guide.\n\nAnd in terms of structure, I started bookmarking and deconstructing good docs I come across as a dev.\n\nSo, based on my own experience I'm thinking out loud here if having a template is going to cut it for a non-writer or do those templates have to educate as well?\nE.g. here is a section, here is what you need to write about and why, here is how to write about it and here are links to good examples and bad examples. Learn more here ...",
        "user": "U012J5AMMEY",
        "ts": "1587890705.133000",
        "team": "TKFJE6LDR",
        "user_team": "TKFJE6LDR",
        "source_team": "TKFJE6LDR",
        "user_profile": {
            "avatar_hash": "f0294109ed4a",
            "image_72": "https:\/\/avatars.slack-edge.com\/2020-04-23\/1080225857475_f0294109ed4a12a988f3_72.jpg",
            "first_name": "Max",
            "real_name": "Max Voskob",
            "display_name": "Max Voskob",
            "team": "TKFJE6LDR",
            "name": "max",
            "is_restricted": false,
            "is_ultra_restricted": false
        },
        "attachments": [
            {
                "service_name": "Google Developers",
                "title": "Technical Writing  |  Google Developers",
                "title_link": "https:\/\/developers.google.com\/tech-writing",
                "text": "Technical Writing Courses for Engineers",
                "fallback": "Google Developers: Technical Writing  |  Google Developers",
                "image_url": "https:\/\/www.gstatic.com\/devrel-devsite\/prod\/v7edd884088d642c108fc8ea1bd75617f2dc0af2fd196f78fa8668ffffb81a7bc\/developers\/images\/opengraph\/white.png",
                "image_width": 476,
                "image_height": 250,
                "from_url": "https:\/\/developers.google.com\/tech-writing",
                "image_bytes": 60975,
                "service_icon": "https:\/\/www.gstatic.com\/devrel-devsite\/prod\/v7edd884088d642c108fc8ea1bd75617f2dc0af2fd196f78fa8668ffffb81a7bc\/developers\/images\/touchicon-180.png",
                "id": 1,
                "original_url": "https:\/\/developers.google.com\/tech-writing"
            }
        ],
        "blocks": [
            {
                "type": "rich_text",
                "block_id": "vRa",
                "elements": [
                    {
                        "type": "rich_text_section",
                        "elements": [
                            {
                                "type": "text",
                                "text": "Thanks Cameron. That makes sense.\n\nThose two audiences are hard to reconcile in a single package. We may be able to get more impact if we narrow the focus.\nFor example, the first stumbling block for every project is ReadMe. I couldn't find a readme template in TGD repo.\nProjects with bigger teams usually have some acceptable ReadMe in place. Their needs go deeper into specific types of documentation.\n\nMy turning point was someone posting this on HN "
                            },
                            {
                                "type": "link",
                                "url": "https:\/\/developers.google.com\/tech-writing"
                            },
                            {
                                "type": "text",
                                "text": "\nOthers commented that my writing improved after I started following that simple guide.\n\nAnd in terms of structure, I started bookmarking and deconstructing good docs I come across as a dev.\n\nSo, based on my own experience I'm thinking out loud here if having a template is going to cut it for a non-writer or do those templates have to educate as well?\nE.g. here is a section, here is what you need to write about and why, here is how to write about it and here are links to good examples and bad examples. Learn more here ..."
                            }
                        ]
                    }
                ]
            }
        ],
        "thread_ts": "1587779826.131600",
        "parent_user_id": "USLACKBOT"
    },
    {
        "client_msg_id": "98380a21-ee3e-4209-925d-9626ea1056bf",
        "type": "message",
        "text": "Yes, <@U012J5AMMEY>, I agree that we want both a concise, easy to use template, which is backed by more information such as \"why\". Yes, we don't have a README - but it has been identified as one of the templates we should create: <https:\/\/github.com\/thegooddocsproject\/templates\/wiki\/List-of-documentation-types-with-references|https:\/\/github.com\/thegooddocsproject\/templates\/wiki\/List-of-documentation-types-with-references>",
        "user": "UKTGLQNGG",
        "ts": "1587959487.133300",
        "team": "TKFJE6LDR",
        "user_team": "TKFJE6LDR",
        "source_team": "TKFJE6LDR",
        "user_profile": {
            "avatar_hash": "ge03fcb118b0",
            "image_72": "https:\/\/secure.gravatar.com\/avatar\/9e03fcb118b0853a3fedfdee2367779d.jpg?s=72&d=https%3A%2F%2Fa.slack-edge.com%2Fdf10d%2Fimg%2Favatars%2Fava_0021-72.png",
            "first_name": "Cameron",
            "real_name": "Cameron Shorter",
            "display_name": "cameronshorter",
            "team": "TKFJE6LDR",
            "name": "cameron.shorter",
            "is_restricted": false,
            "is_ultra_restricted": false
        },
        "blocks": [
            {
                "type": "rich_text",
                "block_id": "r\/4Rf",
                "elements": [
                    {
                        "type": "rich_text_section",
                        "elements": [
                            {
                                "type": "text",
                                "text": "Yes, "
                            },
                            {
                                "type": "user",
                                "user_id": "U012J5AMMEY"
                            },
                            {
                                "type": "text",
                                "text": ", I agree that we want both a concise, easy to use template, which is backed by more information such as \"why\". Yes, we don't have a README - but it has been identified as one of the templates we should create: "
                            },
                            {
                                "type": "link",
                                "url": "https:\/\/github.com\/thegooddocsproject\/templates\/wiki\/List-of-documentation-types-with-references",
                                "text": "https:\/\/github.com\/thegooddocsproject\/templates\/wiki\/List-of-documentation-types-with-references"
                            }
                        ]
                    }
                ]
            }
        ],
        "thread_ts": "1587779826.131600",
        "parent_user_id": "USLACKBOT"
    },
    {
        "client_msg_id": "6567dff0-b36f-4d01-9da8-ed29abae72a2",
        "type": "message",
        "text": "Right. I missed the Wiki pages, sorry :slightly_smiling_face:\n\nI'm happy to start chipping away at ReadMe, if that's of any help.",
        "user": "U012J5AMMEY",
        "ts": "1587960662.133500",
        "team": "TKFJE6LDR",
        "user_team": "TKFJE6LDR",
        "source_team": "TKFJE6LDR",
        "user_profile": {
            "avatar_hash": "f0294109ed4a",
            "image_72": "https:\/\/avatars.slack-edge.com\/2020-04-23\/1080225857475_f0294109ed4a12a988f3_72.jpg",
            "first_name": "Max",
            "real_name": "Max Voskob",
            "display_name": "Max Voskob",
            "team": "TKFJE6LDR",
            "name": "max",
            "is_restricted": false,
            "is_ultra_restricted": false
        },
        "blocks": [
            {
                "type": "rich_text",
                "block_id": "joyxC",
                "elements": [
                    {
                        "type": "rich_text_section",
                        "elements": [
                            {
                                "type": "text",
                                "text": "Right. I missed the Wiki pages, sorry "
                            },
                            {
                                "type": "emoji",
                                "name": "slightly_smiling_face"
                            },
                            {
                                "type": "text",
                                "text": "\n\nI'm happy to start chipping away at ReadMe, if that's of any help."
                            }
                        ]
                    }
                ]
            }
        ],
        "thread_ts": "1587779826.131600",
        "parent_user_id": "USLACKBOT"
    },
    {
        "client_msg_id": "c07febed-2d01-4670-82e6-30401b0c9bf2",
        "type": "message",
        "text": "There are more raw ideas in this doc too, in case you haven't come across it yet <https:\/\/docs.google.com\/document\/d\/1sPaVeFQFEqUs0w0sbvvWz1yW3rZd7Lba2_hNheQG25Y\/edit|https:\/\/docs.google.com\/document\/d\/1sPaVeFQFEqUs0w0sbvvWz1yW3rZd7Lba2_hNheQG25Y\/edit>",
        "user": "UKTGLQNGG",
        "ts": "1587960860.133700",
        "team": "TKFJE6LDR",
        "user_team": "TKFJE6LDR",
        "source_team": "TKFJE6LDR",
        "user_profile": {
            "avatar_hash": "ge03fcb118b0",
            "image_72": "https:\/\/secure.gravatar.com\/avatar\/9e03fcb118b0853a3fedfdee2367779d.jpg?s=72&d=https%3A%2F%2Fa.slack-edge.com%2Fdf10d%2Fimg%2Favatars%2Fava_0021-72.png",
            "first_name": "Cameron",
            "real_name": "Cameron Shorter",
            "display_name": "cameronshorter",
            "team": "TKFJE6LDR",
            "name": "cameron.shorter",
            "is_restricted": false,
            "is_ultra_restricted": false
        },
        "blocks": [
            {
                "type": "rich_text",
                "block_id": "U1wX",
                "elements": [
                    {
                        "type": "rich_text_section",
                        "elements": [
                            {
                                "type": "text",
                                "text": "There are more raw ideas in this doc too, in case you haven't come across it yet "
                            },
                            {
                                "type": "link",
                                "url": "https:\/\/docs.google.com\/document\/d\/1sPaVeFQFEqUs0w0sbvvWz1yW3rZd7Lba2_hNheQG25Y\/edit",
                                "text": "https:\/\/docs.google.com\/document\/d\/1sPaVeFQFEqUs0w0sbvvWz1yW3rZd7Lba2_hNheQG25Y\/edit"
                            }
                        ]
                    }
                ]
            }
        ],
        "thread_ts": "1587779826.131600",
        "parent_user_id": "USLACKBOT"
    },
    {
        "client_msg_id": "a6d5f7ae-1b8a-4a72-80c4-eb430690eb13",
        "type": "message",
        "text": "<@U012J5AMMEY> thanks for offering to put together a README template. I agree that it is one of the main docs an open source project should set up. It would be good to see what is out there with regards to existing advice on what should go into a README, which we can reference in our justifications for what we use. I think <@UL2AA1FF1> has ideas on this too.",
        "user": "UKTGLQNGG",
        "ts": "1587961094.138200",
        "team": "TKFJE6LDR",
        "user_team": "TKFJE6LDR",
        "source_team": "TKFJE6LDR",
        "user_profile": {
            "avatar_hash": "ge03fcb118b0",
            "image_72": "https:\/\/secure.gravatar.com\/avatar\/9e03fcb118b0853a3fedfdee2367779d.jpg?s=72&d=https%3A%2F%2Fa.slack-edge.com%2Fdf10d%2Fimg%2Favatars%2Fava_0021-72.png",
            "first_name": "Cameron",
            "real_name": "Cameron Shorter",
            "display_name": "cameronshorter",
            "team": "TKFJE6LDR",
            "name": "cameron.shorter",
            "is_restricted": false,
            "is_ultra_restricted": false
        },
        "blocks": [
            {
                "type": "rich_text",
                "block_id": "riOv9",
                "elements": [
                    {
                        "type": "rich_text_section",
                        "elements": [
                            {
                                "type": "user",
                                "user_id": "U012J5AMMEY"
                            },
                            {
                                "type": "text",
                                "text": " thanks for offering to put together a README template. I agree that it is one of the main docs an open source project should set up. It would be good to see what is out there with regards to existing advice on what should go into a README, which we can reference in our justifications for what we use. I think "
                            },
                            {
                                "type": "user",
                                "user_id": "UL2AA1FF1"
                            },
                            {
                                "type": "text",
                                "text": " has ideas on this too."
                            }
                        ]
                    }
                ]
            }
        ]
    }
]