[
    {
        "client_msg_id": "449fe85b-03a9-416e-955d-56aa20fd1739",
        "type": "message",
        "text": "<!here> weekly meeting in 9.5 hours. Early morning in Australia, Afternoon in the US, Evening in Europe. I’ve just updated the google calendar meeting request (hope you have received it?)",
        "user": "UKTGLQNGG",
        "ts": "1578995506.050300",
        "team": "TKFJE6LDR",
        "user_team": "TKFJE6LDR",
        "source_team": "TKFJE6LDR",
        "user_profile": {
            "avatar_hash": "ge03fcb118b0",
            "image_72": "https:\/\/secure.gravatar.com\/avatar\/9e03fcb118b0853a3fedfdee2367779d.jpg?s=72&d=https%3A%2F%2Fa.slack-edge.com%2Fdf10d%2Fimg%2Favatars%2Fava_0021-72.png",
            "first_name": "Cameron",
            "real_name": "Cameron Shorter",
            "display_name": "cameronshorter",
            "team": "TKFJE6LDR",
            "name": "cameron.shorter",
            "is_restricted": false,
            "is_ultra_restricted": false
        },
        "blocks": [
            {
                "type": "rich_text",
                "block_id": "419+x",
                "elements": [
                    {
                        "type": "rich_text_section",
                        "elements": [
                            {
                                "type": "broadcast",
                                "range": "here"
                            },
                            {
                                "type": "text",
                                "text": " weekly meeting in 9.5 hours. Early morning in Australia, Afternoon in the US, Evening in Europe. I’ve just updated the google calendar meeting request (hope you have received it?)"
                            }
                        ]
                    }
                ]
            }
        ]
    },
    {
        "client_msg_id": "ED88AF61-D780-418B-9C18-3B76262270F8",
        "type": "message",
        "text": "Joining shortly.",
        "user": "UL3UNUMK6",
        "ts": "1579030121.000300",
        "team": "TKFJE6LDR",
        "user_team": "TKFJE6LDR",
        "source_team": "TKFJE6LDR",
        "user_profile": {
            "avatar_hash": "g886aa2ab03e",
            "image_72": "https:\/\/secure.gravatar.com\/avatar\/1886aa2ab03e30db78524e761889e101.jpg?s=72&d=https%3A%2F%2Fa.slack-edge.com%2Fdf10d%2Fimg%2Favatars%2Fava_0005-72.png",
            "first_name": "",
            "real_name": "Clarence Cromwell",
            "display_name": "",
            "team": "TKFJE6LDR",
            "name": "clarencewcromwell",
            "is_restricted": false,
            "is_ultra_restricted": false
        },
        "blocks": [
            {
                "type": "rich_text",
                "block_id": "MbG",
                "elements": [
                    {
                        "type": "rich_text_section",
                        "elements": [
                            {
                                "type": "text",
                                "text": "Joining shortly."
                            }
                        ]
                    }
                ]
            }
        ]
    },
    {
        "client_msg_id": "f6618262-9912-405c-b01a-356afcf96a40",
        "type": "message",
        "text": "I will be attending Sustain at the end of the month in Belgium: <https:\/\/opencollective.com\/sustainoss\/events\/sustain-2020-5874aeeb>",
        "user": "UL2AA1FF1",
        "ts": "1579030809.000700",
        "team": "TKFJE6LDR",
        "user_team": "TKFJE6LDR",
        "source_team": "TKFJE6LDR",
        "user_profile": {
            "avatar_hash": "22135067b36d",
            "image_72": "https:\/\/avatars.slack-edge.com\/2019-10-23\/805254797908_22135067b36dfb715e99_72.jpg",
            "first_name": "",
            "real_name": "Erin McKean",
            "display_name": "Erin McKean",
            "team": "TKFJE6LDR",
            "name": "emckean",
            "is_restricted": false,
            "is_ultra_restricted": false
        },
        "edited": {
            "user": "UL2AA1FF1",
            "ts": "1579030819.000000"
        },
        "blocks": [
            {
                "type": "rich_text",
                "block_id": "dptj",
                "elements": [
                    {
                        "type": "rich_text_section",
                        "elements": [
                            {
                                "type": "text",
                                "text": "I will be attending Sustain at the end of the month in Belgium: "
                            },
                            {
                                "type": "link",
                                "url": "https:\/\/opencollective.com\/sustainoss\/events\/sustain-2020-5874aeeb"
                            }
                        ]
                    }
                ]
            }
        ]
    },
    {
        "client_msg_id": "b1deaccd-9bac-4999-886f-6f7ed9221ae5",
        "type": "message",
        "text": "let me know if there are any people you specifically think I should reach out to!",
        "user": "UL2AA1FF1",
        "ts": "1579030860.001600",
        "team": "TKFJE6LDR",
        "user_team": "TKFJE6LDR",
        "source_team": "TKFJE6LDR",
        "user_profile": {
            "avatar_hash": "22135067b36d",
            "image_72": "https:\/\/avatars.slack-edge.com\/2019-10-23\/805254797908_22135067b36dfb715e99_72.jpg",
            "first_name": "",
            "real_name": "Erin McKean",
            "display_name": "Erin McKean",
            "team": "TKFJE6LDR",
            "name": "emckean",
            "is_restricted": false,
            "is_ultra_restricted": false
        },
        "blocks": [
            {
                "type": "rich_text",
                "block_id": "m3uh",
                "elements": [
                    {
                        "type": "rich_text_section",
                        "elements": [
                            {
                                "type": "text",
                                "text": "let me know if there are any people you specifically think I should reach out to!"
                            }
                        ]
                    }
                ]
            }
        ]
    }
]