[
    {
        "client_msg_id": "90b63086-9f6a-40cd-96a6-f7b4ffbd4617",
        "type": "message",
        "text": "Hi <@UU6A8MCQ6>, I listened to your podcast <https:\/\/cherryleaf.podbean.com\/e\/81-writing-business-as-usual-policies-to-deal-with-a-crisis\/> and was particularly interested in your suggested audit of “Doc Condition\/Quality” around topics of: Useful, Relevant, Clear, Findable, Accurate, Complete, Concise, Accessible. Do you have a “Best practices” point of truth to reference for this? I’m hoping that we can capture this sort of information in accompanying info for TheGoodDocsProject. Skeleton of doc here: <https:\/\/docs.google.com\/document\/d\/1sPaVeFQFEqUs0w0sbvvWz1yW3rZd7Lba2_hNheQG25Y\/edit#heading=h.vg9fm4iab4am>\n<@UL3UNUMK6>, this might help answer an early question about “how do we define quality?”",
        "user": "UKTGLQNGG",
        "ts": "1584300080.004900",
        "team": "TKFJE6LDR",
        "user_team": "TKFJE6LDR",
        "source_team": "TKFJE6LDR",
        "user_profile": {
            "avatar_hash": "ge03fcb118b0",
            "image_72": "https:\/\/secure.gravatar.com\/avatar\/9e03fcb118b0853a3fedfdee2367779d.jpg?s=72&d=https%3A%2F%2Fa.slack-edge.com%2Fdf10d%2Fimg%2Favatars%2Fava_0021-72.png",
            "first_name": "Cameron",
            "real_name": "Cameron Shorter",
            "display_name": "cameronshorter",
            "team": "TKFJE6LDR",
            "name": "cameron.shorter",
            "is_restricted": false,
            "is_ultra_restricted": false
        },
        "attachments": [
            {
                "title": "81. Writing Business as Usual policies to deal with a crisis",
                "title_link": "https:\/\/cherryleaf.podbean.com\/e\/81-writing-business-as-usual-policies-to-deal-with-a-crisis\/",
                "text": "We look at the steps you need to take if you need to urgently create or update your Business as Usual policies and procedures.  -- More information Cherryleaf Cherryleaf newsletter To contact Cherryleaf: info@cherryleaf.com...",
                "fallback": "81. Writing Business as Usual policies to deal with a crisis",
                "thumb_url": "https:\/\/pbcdn1.podbean.com\/imglogo\/ep-logo\/pbblog1741855\/32705035975_1d5e80ca79_w.jpg",
                "from_url": "https:\/\/cherryleaf.podbean.com\/e\/81-writing-business-as-usual-policies-to-deal-with-a-crisis\/",
                "thumb_width": 400,
                "thumb_height": 267,
                "service_icon": "https:\/\/deow9bq0xqvbj.cloudfront.net\/image-logo\/1741855\/cherrysquare.jpg",
                "service_name": "cherryleaf.podbean.com",
                "id": 1,
                "original_url": "https:\/\/cherryleaf.podbean.com\/e\/81-writing-business-as-usual-policies-to-deal-with-a-crisis\/"
            }
        ],
        "blocks": [
            {
                "type": "rich_text",
                "block_id": "b2S",
                "elements": [
                    {
                        "type": "rich_text_section",
                        "elements": [
                            {
                                "type": "text",
                                "text": "Hi "
                            },
                            {
                                "type": "user",
                                "user_id": "UU6A8MCQ6"
                            },
                            {
                                "type": "text",
                                "text": ", I listened to your podcast "
                            },
                            {
                                "type": "link",
                                "url": "https:\/\/cherryleaf.podbean.com\/e\/81-writing-business-as-usual-policies-to-deal-with-a-crisis\/"
                            },
                            {
                                "type": "text",
                                "text": " and was particularly interested in your suggested audit of “Doc Condition\/Quality” around topics of: Useful, Relevant, Clear, Findable, Accurate, Complete, Concise, Accessible. Do you have a “Best practices” point of truth to reference for this? I’m hoping that we can capture this sort of information in accompanying info for TheGoodDocsProject. Skeleton of doc here: "
                            },
                            {
                                "type": "link",
                                "url": "https:\/\/docs.google.com\/document\/d\/1sPaVeFQFEqUs0w0sbvvWz1yW3rZd7Lba2_hNheQG25Y\/edit#heading=h.vg9fm4iab4am"
                            },
                            {
                                "type": "text",
                                "text": "\n"
                            },
                            {
                                "type": "user",
                                "user_id": "UL3UNUMK6"
                            },
                            {
                                "type": "text",
                                "text": ", this might help answer an early question about “how do we define quality?”"
                            }
                        ]
                    }
                ]
            }
        ]
    }
]