[
    {
        "client_msg_id": "691a5e3a-e745-476f-9684-3c1846e3aad2",
        "type": "message",
        "text": "Thanks Francesco! To answer #3: the DCO is necessary to certify that anyone who contributes agrees to the license we require. Without this, people could theoretically come back later and say that their contributions were not licensed for re-use. :disappointed:",
        "user": "UL2AA1FF1",
        "ts": "1578435457.004400",
        "team": "TKFJE6LDR",
        "user_team": "TKFJE6LDR",
        "source_team": "TKFJE6LDR",
        "user_profile": {
            "avatar_hash": "22135067b36d",
            "image_72": "https:\/\/avatars.slack-edge.com\/2019-10-23\/805254797908_22135067b36dfb715e99_72.jpg",
            "first_name": "",
            "real_name": "Erin McKean",
            "display_name": "Erin McKean",
            "team": "TKFJE6LDR",
            "name": "emckean",
            "is_restricted": false,
            "is_ultra_restricted": false
        },
        "blocks": [
            {
                "type": "rich_text",
                "block_id": "feKG",
                "elements": [
                    {
                        "type": "rich_text_section",
                        "elements": [
                            {
                                "type": "text",
                                "text": "Thanks Francesco! To answer #3: the DCO is necessary to certify that anyone who contributes agrees to the license we require. Without this, people could theoretically come back later and say that their contributions were not licensed for re-use. "
                            },
                            {
                                "type": "emoji",
                                "name": "disappointed"
                            }
                        ]
                    }
                ]
            }
        ]
    },
    {
        "client_msg_id": "859dcfa9-09d2-4697-9f58-1bbdb49633fe",
        "type": "message",
        "text": "Here's a short article about them (comparing them to CLAs: <https:\/\/opensource.com\/article\/18\/3\/cla-vs-dco-whats-difference>)",
        "user": "UL2AA1FF1",
        "ts": "1578435547.004900",
        "team": "TKFJE6LDR",
        "user_team": "TKFJE6LDR",
        "source_team": "TKFJE6LDR",
        "user_profile": {
            "avatar_hash": "22135067b36d",
            "image_72": "https:\/\/avatars.slack-edge.com\/2019-10-23\/805254797908_22135067b36dfb715e99_72.jpg",
            "first_name": "",
            "real_name": "Erin McKean",
            "display_name": "Erin McKean",
            "team": "TKFJE6LDR",
            "name": "emckean",
            "is_restricted": false,
            "is_ultra_restricted": false
        },
        "attachments": [
            {
                "service_name": "Opensource.com",
                "title": "CLA vs. DCO: What's the difference?",
                "title_link": "https:\/\/opensource.com\/article\/18\/3\/cla-vs-dco-whats-difference",
                "text": "In your open source adventures, you may have heard the acronyms CLA and DCO, and you may have said \"LOL WTF BBQ?!?\" These letters stand for Contributor License Agreement and Developer Certificate of Origin, respectively. Both have a similar intent: To say that the contributor is allowed to make the contribution and that the project has the right to distribute it under its license.",
                "fallback": "Opensource.com: CLA vs. DCO: What's the difference?",
                "thumb_url": "https:\/\/opensource.com\/sites\/default\/files\/lead-images\/freesoftwareway_law3.png",
                "from_url": "https:\/\/opensource.com\/article\/18\/3\/cla-vs-dco-whats-difference",
                "thumb_width": 520,
                "thumb_height": 292,
                "service_icon": "https:\/\/opensource.com\/sites\/all\/themes\/opensource\/favicon.ico",
                "id": 1,
                "original_url": "https:\/\/opensource.com\/article\/18\/3\/cla-vs-dco-whats-difference"
            }
        ],
        "blocks": [
            {
                "type": "rich_text",
                "block_id": "1hC",
                "elements": [
                    {
                        "type": "rich_text_section",
                        "elements": [
                            {
                                "type": "text",
                                "text": "Here's a short article about them (comparing them to CLAs: "
                            },
                            {
                                "type": "link",
                                "url": "https:\/\/opensource.com\/article\/18\/3\/cla-vs-dco-whats-difference"
                            },
                            {
                                "type": "text",
                                "text": ")"
                            }
                        ]
                    }
                ]
            }
        ],
        "reactions": [
            {
                "name": "slightly_smiling_face",
                "users": [
                    "UR4F409LG"
                ],
                "count": 1
            }
        ]
    },
    {
        "client_msg_id": "e4aac8eb-1ece-42a1-a495-9d10379f023b",
        "type": "message",
        "text": "The Slack channel now has a public signup page! It's here: <https:\/\/slack.thegooddocsproject.dev\/>",
        "user": "UL2AA1FF1",
        "ts": "1578435596.005400",
        "team": "TKFJE6LDR",
        "user_team": "TKFJE6LDR",
        "source_team": "TKFJE6LDR",
        "user_profile": {
            "avatar_hash": "22135067b36d",
            "image_72": "https:\/\/avatars.slack-edge.com\/2019-10-23\/805254797908_22135067b36dfb715e99_72.jpg",
            "first_name": "",
            "real_name": "Erin McKean",
            "display_name": "Erin McKean",
            "team": "TKFJE6LDR",
            "name": "emckean",
            "is_restricted": false,
            "is_ultra_restricted": false
        },
        "blocks": [
            {
                "type": "rich_text",
                "block_id": "DK\/",
                "elements": [
                    {
                        "type": "rich_text_section",
                        "elements": [
                            {
                                "type": "text",
                                "text": "The Slack channel now has a public signup page! It's here: "
                            },
                            {
                                "type": "link",
                                "url": "https:\/\/slack.thegooddocsproject.dev\/"
                            }
                        ]
                    }
                ]
            }
        ]
    }
]