[
    {
        "client_msg_id": "74c82f2f-b957-46d8-b5fc-a8a8ca7dbf9a",
        "type": "message",
        "text": "Hi everyone, my name is Aaron. I'm looking forward to contributing, most likely starting with an application to the Season of Docs project. I participated last year with The Document Foundation, and it was a blast. Looking forward to getting a chance to meet everyone!",
        "user": "U013XPC8Q9Z",
        "ts": "1589946661.299500",
        "team": "TKFJE6LDR",
        "user_team": "TKFJE6LDR",
        "source_team": "TKFJE6LDR",
        "user_profile": {
            "avatar_hash": "g014a14c2e81",
            "image_72": "https:\/\/secure.gravatar.com\/avatar\/014a14c2e812ad8e54d4dfc6615761ec.jpg?s=72&d=https%3A%2F%2Fa.slack-edge.com%2Fdf10d%2Fimg%2Favatars%2Fava_0014-72.png",
            "first_name": "",
            "real_name": "Aaron Peters",
            "display_name": "Aaron Peters",
            "team": "TKFJE6LDR",
            "name": "acpkendo",
            "is_restricted": false,
            "is_ultra_restricted": false
        },
        "blocks": [
            {
                "type": "rich_text",
                "block_id": "F0i",
                "elements": [
                    {
                        "type": "rich_text_section",
                        "elements": [
                            {
                                "type": "text",
                                "text": "Hi everyone, my name is Aaron. I'm looking forward to contributing, most likely starting with an application to the Season of Docs project. I participated last year with The Document Foundation, and it was a blast. Looking forward to getting a chance to meet everyone!"
                            }
                        ]
                    }
                ]
            }
        ],
        "thread_ts": "1589946661.299500",
        "reply_count": 2,
        "reply_users_count": 1,
        "latest_reply": "1589969504.303200",
        "reply_users": [
            "UKTGLQNGG"
        ],
        "replies": [
            {
                "user": "UKTGLQNGG",
                "ts": "1589969114.299800"
            },
            {
                "user": "UKTGLQNGG",
                "ts": "1589969504.303200"
            }
        ],
        "subscribed": false
    }
]