[
    {
        "client_msg_id": "c665debc-f3f1-4c73-a45c-e44409d826b6",
        "type": "message",
        "text": "Alyssa, I love what you are doing and where you are taking us. I've added my feedback too.",
        "user": "UKTGLQNGG",
        "ts": "1591436292.346300",
        "team": "TKFJE6LDR",
        "user_team": "TKFJE6LDR",
        "source_team": "TKFJE6LDR",
        "user_profile": {
            "avatar_hash": "ge03fcb118b0",
            "image_72": "https:\/\/secure.gravatar.com\/avatar\/9e03fcb118b0853a3fedfdee2367779d.jpg?s=72&d=https%3A%2F%2Fa.slack-edge.com%2Fdf10d%2Fimg%2Favatars%2Fava_0021-72.png",
            "first_name": "Cameron",
            "real_name": "Cameron Shorter",
            "display_name": "cameronshorter",
            "team": "TKFJE6LDR",
            "name": "cameron.shorter",
            "is_restricted": false,
            "is_ultra_restricted": false
        },
        "blocks": [
            {
                "type": "rich_text",
                "block_id": "SMyyh",
                "elements": [
                    {
                        "type": "rich_text_section",
                        "elements": [
                            {
                                "type": "text",
                                "text": "Alyssa, I love what you are doing and where you are taking us. I've added my feedback too."
                            }
                        ]
                    }
                ]
            }
        ]
    }
]