[
    {
        "client_msg_id": "1FBA85C1-CBA8-4F60-AD81-FEC4C636442B",
        "type": "message",
        "text": "Sharing from another Slack: <https:\/\/twitter.com\/garabatokid\/status\/1157204435111727105>\nShared again below because I wanted it to display in the channel. Had to add the Twitter integration...",
        "user": "UKV4ZPEFQ",
        "ts": "1595286720.010300",
        "team": "TKFJE6LDR",
        "user_team": "TKFJE6LDR",
        "source_team": "TKFJE6LDR",
        "user_profile": {
            "avatar_hash": "g854c628ef64",
            "image_72": "https:\/\/secure.gravatar.com\/avatar\/6854c628ef64a4c129a994522e17cdf2.jpg?s=72&d=https%3A%2F%2Fa.slack-edge.com%2Fdf10d%2Fimg%2Favatars%2Fava_0007-72.png",
            "first_name": "felicitybrand",
            "real_name": "felicitybrand",
            "display_name": "flicstar",
            "team": "TKFJE6LDR",
            "name": "felicitybrand",
            "is_restricted": false,
            "is_ultra_restricted": false
        },
        "edited": {
            "user": "UKV4ZPEFQ",
            "ts": "1595288820.000000"
        },
        "blocks": [
            {
                "type": "rich_text",
                "block_id": "Arl",
                "elements": [
                    {
                        "type": "rich_text_section",
                        "elements": [
                            {
                                "type": "text",
                                "text": "Sharing from another Slack: "
                            },
                            {
                                "type": "link",
                                "url": "https:\/\/twitter.com\/garabatokid\/status\/1157204435111727105"
                            },
                            {
                                "type": "text",
                                "text": "\nShared again below because I wanted it to display in the channel. Had to add the Twitter integration..."
                            }
                        ]
                    }
                ]
            }
        ],
        "reactions": [
            {
                "name": "joy",
                "users": [
                    "UL2AA1FF1"
                ],
                "count": 1
            }
        ]
    },
    {
        "client_msg_id": "f9d02e5a-3e7e-4e76-9377-8bc1bb6c24d7",
        "type": "message",
        "text": "Hahaha classic!",
        "user": "UKVC4NB71",
        "ts": "1595286749.010700",
        "team": "TKFJE6LDR",
        "user_team": "TKFJE6LDR",
        "source_team": "TKFJE6LDR",
        "user_profile": {
            "avatar_hash": "c7d9788d4436",
            "image_72": "https:\/\/avatars.slack-edge.com\/2019-10-30\/814314609877_c7d9788d4436969613a7_72.jpg",
            "first_name": "Jared",
            "real_name": "Jared Morgan",
            "display_name": "jaredmorgs",
            "team": "TKFJE6LDR",
            "name": "jaredleonmorgan",
            "is_restricted": false,
            "is_ultra_restricted": false
        },
        "blocks": [
            {
                "type": "rich_text",
                "block_id": "XIJ",
                "elements": [
                    {
                        "type": "rich_text_section",
                        "elements": [
                            {
                                "type": "text",
                                "text": "Hahaha classic!"
                            }
                        ]
                    }
                ]
            }
        ]
    },
    {
        "client_msg_id": "e8765bfd-63b6-463e-8412-0f4d0b306e23",
        "type": "message",
        "text": "<https:\/\/twitter.com\/garabatokid\/status\/1157204435111727105>",
        "user": "UKV4ZPEFQ",
        "ts": "1595288791.011500",
        "team": "TKFJE6LDR",
        "user_team": "TKFJE6LDR",
        "source_team": "TKFJE6LDR",
        "user_profile": {
            "avatar_hash": "g854c628ef64",
            "image_72": "https:\/\/secure.gravatar.com\/avatar\/6854c628ef64a4c129a994522e17cdf2.jpg?s=72&d=https%3A%2F%2Fa.slack-edge.com%2Fdf10d%2Fimg%2Favatars%2Fava_0007-72.png",
            "first_name": "felicitybrand",
            "real_name": "felicitybrand",
            "display_name": "flicstar",
            "team": "TKFJE6LDR",
            "name": "felicitybrand",
            "is_restricted": false,
            "is_ultra_restricted": false
        },
        "attachments": [
            {
                "fallback": "<https:\/\/twitter.com\/garabatokid|@garabatokid>: DO NOT READ! <https:\/\/pbs.twimg.com\/media\/EA83S_HX4AEOfy8.jpg>",
                "ts": 1564734011,
                "author_name": "Garabato Kid",
                "author_link": "https:\/\/twitter.com\/garabatokid\/status\/1157204435111727105",
                "author_icon": "https:\/\/pbs.twimg.com\/profile_images\/1096034542442463232\/Ehxpboad_normal.png",
                "author_subname": "@garabatokid",
                "text": "DO NOT READ! <https:\/\/pbs.twimg.com\/media\/EA83S_HX4AEOfy8.jpg>",
                "service_name": "twitter",
                "service_url": "https:\/\/twitter.com\/",
                "from_url": "https:\/\/twitter.com\/garabatokid\/status\/1157204435111727105",
                "image_url": "https:\/\/pbs.twimg.com\/media\/EA83S_HX4AEOfy8.jpg",
                "image_width": 1200,
                "image_height": 1200,
                "image_bytes": 178666,
                "id": 1,
                "original_url": "https:\/\/twitter.com\/garabatokid\/status\/1157204435111727105",
                "footer": "Twitter",
                "footer_icon": "https:\/\/a.slack-edge.com\/80588\/img\/services\/twitter_pixel_snapped_32.png"
            }
        ],
        "blocks": [
            {
                "type": "rich_text",
                "block_id": "\/s8vb",
                "elements": [
                    {
                        "type": "rich_text_section",
                        "elements": [
                            {
                                "type": "link",
                                "url": "https:\/\/twitter.com\/garabatokid\/status\/1157204435111727105"
                            }
                        ]
                    }
                ]
            }
        ],
        "thread_ts": "1595288791.011500",
        "reply_count": 2,
        "reply_users_count": 2,
        "latest_reply": "1595290379.012000",
        "reply_users": [
            "UKVC4NB71",
            "UKTGLQNGG"
        ],
        "replies": [
            {
                "user": "UKVC4NB71",
                "ts": "1595289634.011800"
            },
            {
                "user": "UKTGLQNGG",
                "ts": "1595290379.012000"
            }
        ],
        "subscribed": true,
        "last_read": "1595290379.012000",
        "reactions": [
            {
                "name": "rolling_on_the_floor_laughing",
                "users": [
                    "U012KCMPP0V"
                ],
                "count": 1
            },
            {
                "name": "grinning",
                "users": [
                    "U0174BRV404"
                ],
                "count": 1
            },
            {
                "name": "+1",
                "users": [
                    "U019868JEQ0"
                ],
                "count": 1
            }
        ]
    },
    {
        "client_msg_id": "cf0f75d2-44ac-4643-bd86-3aff3e9e5db2",
        "type": "message",
        "text": "I reckon we should add into code snippets something that outputs to console.log:\n\n\"Don't blame the docs if you just copy-pasted this code\".",
        "user": "UKVC4NB71",
        "ts": "1595289634.011800",
        "team": "TKFJE6LDR",
        "user_team": "TKFJE6LDR",
        "source_team": "TKFJE6LDR",
        "user_profile": {
            "avatar_hash": "c7d9788d4436",
            "image_72": "https:\/\/avatars.slack-edge.com\/2019-10-30\/814314609877_c7d9788d4436969613a7_72.jpg",
            "first_name": "Jared",
            "real_name": "Jared Morgan",
            "display_name": "jaredmorgs",
            "team": "TKFJE6LDR",
            "name": "jaredleonmorgan",
            "is_restricted": false,
            "is_ultra_restricted": false
        },
        "blocks": [
            {
                "type": "rich_text",
                "block_id": "h=Y",
                "elements": [
                    {
                        "type": "rich_text_section",
                        "elements": [
                            {
                                "type": "text",
                                "text": "I reckon we should add into code snippets something that outputs to console.log:\n\n\"Don't blame the docs if you just copy-pasted this code\"."
                            }
                        ]
                    }
                ]
            }
        ],
        "thread_ts": "1595288791.011500",
        "parent_user_id": "UKV4ZPEFQ"
    },
    {
        "client_msg_id": "c4447740-1dec-4448-9a16-6715c3eebc63",
        "type": "message",
        "text": "Hah - I reckon this cartoon persona will fit perfectly for most templates under the user profile section.",
        "user": "UKTGLQNGG",
        "ts": "1595290379.012000",
        "team": "TKFJE6LDR",
        "user_team": "TKFJE6LDR",
        "source_team": "TKFJE6LDR",
        "user_profile": {
            "avatar_hash": "d6f4de222bb1",
            "image_72": "https:\/\/avatars.slack-edge.com\/2020-07-20\/1235580478119_d6f4de222bb1ed6b5960_72.jpg",
            "first_name": "Cameron",
            "real_name": "Cameron Shorter",
            "display_name": "cameronshorter",
            "team": "TKFJE6LDR",
            "name": "cameron.shorter",
            "is_restricted": false,
            "is_ultra_restricted": false
        },
        "blocks": [
            {
                "type": "rich_text",
                "block_id": "nDC56",
                "elements": [
                    {
                        "type": "rich_text_section",
                        "elements": [
                            {
                                "type": "text",
                                "text": "Hah - I reckon this cartoon persona will fit perfectly for most templates under the user profile section."
                            }
                        ]
                    }
                ]
            }
        ],
        "thread_ts": "1595288791.011500",
        "parent_user_id": "UKV4ZPEFQ"
    }
]