[
    {
        "client_msg_id": "279b16d9-e6b2-4f9e-9990-968d4b8767f8",
        "type": "message",
        "text": "Watch - <https:\/\/www.twitch.tv\/dxpose> or <https:\/\/www.youtube.com\/channel\/UCgnrx8qi4qhmN6sBebdDrmg>",
        "user": "U014V7JDGPM",
        "ts": "1602603995.063100",
        "team": "TKFJE6LDR",
        "user_team": "TKFJE6LDR",
        "source_team": "TKFJE6LDR",
        "user_profile": {
            "avatar_hash": "g35a44b69ae5",
            "image_72": "https:\/\/secure.gravatar.com\/avatar\/35a44b69ae5c2c1d250216f8ccc9d67c.jpg?s=72&d=https%3A%2F%2Fa.slack-edge.com%2Fdf10d%2Fimg%2Favatars%2Fava_0019-72.png",
            "first_name": "",
            "real_name": "ChrisChinchilla",
            "display_name": "ChrisChinchilla",
            "team": "TKFJE6LDR",
            "name": "chris",
            "is_restricted": false,
            "is_ultra_restricted": false
        },
        "attachments": [
            {
                "service_name": "Twitch",
                "title": "dxpose - Twitch",
                "title_link": "https:\/\/www.twitch.tv\/dxpose",
                "text": "Testing your developer experience live every week.",
                "fallback": "Twitch: dxpose - Twitch",
                "thumb_url": "https:\/\/static-cdn.jtvnw.net\/jtv_user_pictures\/95d3ebe3-0bc2-400a-84fa-44acc39cb166-profile_image-300x300.png",
                "from_url": "https:\/\/www.twitch.tv\/dxpose",
                "thumb_width": 300,
                "thumb_height": 300,
                "service_icon": "https:\/\/static.twitchcdn.net\/assets\/favicon-32-d6025c14e900565d6177.png",
                "id": 1,
                "original_url": "https:\/\/www.twitch.tv\/dxpose"
            },
            {
                "service_name": "YouTube",
                "title": "Chris Chinchilla",
                "title_link": "https:\/\/www.youtube.com\/channel\/UCgnrx8qi4qhmN6sBebdDrmg",
                "text": "Tech writer, Podcaster, video maker, writer of interactive fiction &amp; games. Regular streams are DXpose where I look at the developer experience behind a tool...",
                "fallback": "YouTube: Chris Chinchilla",
                "thumb_url": "https:\/\/yt3.ggpht.com\/a\/AATXAJyAsPJY00EGAbl__7QeFRAwArhwq2WKLtLaT8Hu=s900-c-k-c0xffffffff-no-rj-mo",
                "from_url": "https:\/\/www.youtube.com\/channel\/UCgnrx8qi4qhmN6sBebdDrmg",
                "thumb_width": 900,
                "thumb_height": 900,
                "service_icon": "https:\/\/www.youtube.com\/s\/desktop\/cd997a10\/img\/favicon.ico",
                "id": 2,
                "original_url": "https:\/\/www.youtube.com\/channel\/UCgnrx8qi4qhmN6sBebdDrmg"
            }
        ],
        "blocks": [
            {
                "type": "rich_text",
                "block_id": "J\/zx",
                "elements": [
                    {
                        "type": "rich_text_section",
                        "elements": [
                            {
                                "type": "text",
                                "text": "Watch - "
                            },
                            {
                                "type": "link",
                                "url": "https:\/\/www.twitch.tv\/dxpose"
                            },
                            {
                                "type": "text",
                                "text": " or "
                            },
                            {
                                "type": "link",
                                "url": "https:\/\/www.youtube.com\/channel\/UCgnrx8qi4qhmN6sBebdDrmg"
                            }
                        ]
                    }
                ]
            }
        ],
        "thread_ts": "1602514637.058400",
        "parent_user_id": "U014V7JDGPM"
    },
    {
        "client_msg_id": "cef61a37-4234-4535-b6a4-e911fe951113",
        "type": "message",
        "text": "May not be as interesting post-event",
        "user": "U014V7JDGPM",
        "ts": "1602604005.063400",
        "team": "TKFJE6LDR",
        "user_team": "TKFJE6LDR",
        "source_team": "TKFJE6LDR",
        "user_profile": {
            "avatar_hash": "g35a44b69ae5",
            "image_72": "https:\/\/secure.gravatar.com\/avatar\/35a44b69ae5c2c1d250216f8ccc9d67c.jpg?s=72&d=https%3A%2F%2Fa.slack-edge.com%2Fdf10d%2Fimg%2Favatars%2Fava_0019-72.png",
            "first_name": "",
            "real_name": "ChrisChinchilla",
            "display_name": "ChrisChinchilla",
            "team": "TKFJE6LDR",
            "name": "chris",
            "is_restricted": false,
            "is_ultra_restricted": false
        },
        "blocks": [
            {
                "type": "rich_text",
                "block_id": "XCj",
                "elements": [
                    {
                        "type": "rich_text_section",
                        "elements": [
                            {
                                "type": "text",
                                "text": "May not be as interesting post-event"
                            }
                        ]
                    }
                ]
            }
        ],
        "thread_ts": "1602514637.058400",
        "parent_user_id": "U014V7JDGPM"
    },
    {
        "bot_id": "B01",
        "type": "message",
        "text": "Reminder: remember to add items to the Weekly Meeting agenda before our meeting <https:\/\/github.com\/thegooddocsproject\/governance\/wiki\/Weekly-Meetings>",
        "user": "USLACKBOT",
        "ts": "1602604855.063600",
        "team": "TKFJE6LDR"
    },
    {
        "client_msg_id": "85a8301d-8a00-43fb-9c83-ab25e6e90271",
        "type": "message",
        "text": "Sharing the Base Template (Template for Templates) doc here for feedback:\nHi All,\n\nForwarding the shared document for your reference\/feedback for the Base Template project that I'm currently working on:\n<https:\/\/docs.google.com\/document\/d\/138nKfPhoS3qTf83SrM4zOuM67EwmML__zAJEKph7s_4\/edit?usp=sharing>\n\nFew points to note:\n\n1. This document aims to capture all our existing references and other related documentation so as to incorporate all required information into the designing of the Template for Templates, which is now termed as the Base Template. Feel free to add any that I may have missed.\n2. Sections of the document are WIP and are shared for your feedback\/input. Feel free to comment on the doc. The actual files that would be designed based on this doc are placed inside the Base Template Incubator at:\n3. <https:\/\/github.com\/thegooddocsproject\/incubator\/tree\/master\/base-template> \nThanks,\nViraji.",
        "user": "U0174BRV404",
        "ts": "1602624154.064900",
        "team": "TKFJE6LDR",
        "user_team": "TKFJE6LDR",
        "source_team": "TKFJE6LDR",
        "user_profile": {
            "avatar_hash": "g573d72c0bca",
            "image_72": "https:\/\/secure.gravatar.com\/avatar\/573d72c0bca8a54e4b8d8ef24ddf8f10.jpg?s=72&d=https%3A%2F%2Fa.slack-edge.com%2Fdf10d%2Fimg%2Favatars%2Fava_0022-72.png",
            "first_name": "",
            "real_name": "Viraji Ogodapola",
            "display_name": "Viraji Ogodapola",
            "team": "TKFJE6LDR",
            "name": "viraji",
            "is_restricted": false,
            "is_ultra_restricted": false
        },
        "blocks": [
            {
                "type": "rich_text",
                "block_id": "MdLo",
                "elements": [
                    {
                        "type": "rich_text_section",
                        "elements": [
                            {
                                "type": "text",
                                "text": "Sharing the Base Template (Template for Templates) doc here for feedback:\nHi All,\n\nForwarding the shared document for your reference\/feedback for the Base Template project that I'm currently working on:\n"
                            },
                            {
                                "type": "link",
                                "url": "https:\/\/docs.google.com\/document\/d\/138nKfPhoS3qTf83SrM4zOuM67EwmML__zAJEKph7s_4\/edit?usp=sharing"
                            },
                            {
                                "type": "text",
                                "text": "\n\nFew points to note:\n\n"
                            }
                        ]
                    },
                    {
                        "type": "rich_text_list",
                        "elements": [
                            {
                                "type": "rich_text_section",
                                "elements": [
                                    {
                                        "type": "text",
                                        "text": "This document aims to capture all our existing references and other related documentation so as to incorporate all required information into the designing of the Template for Templates, which is now termed as the Base Template. Feel free to add any that I may have missed."
                                    }
                                ]
                            },
                            {
                                "type": "rich_text_section",
                                "elements": [
                                    {
                                        "type": "text",
                                        "text": "Sections of the document are WIP and are shared for your feedback\/input. Feel free to comment on the doc. The actual files that would be designed based on this doc are placed inside the Base Template Incubator at:"
                                    }
                                ]
                            },
                            {
                                "type": "rich_text_section",
                                "elements": [
                                    {
                                        "type": "link",
                                        "url": "https:\/\/github.com\/thegooddocsproject\/incubator\/tree\/master\/base-template"
                                    },
                                    {
                                        "type": "text",
                                        "text": " "
                                    }
                                ]
                            }
                        ],
                        "style": "ordered",
                        "indent": 0
                    },
                    {
                        "type": "rich_text_section",
                        "elements": [
                            {
                                "type": "text",
                                "text": "Thanks,\nViraji."
                            }
                        ]
                    }
                ]
            }
        ]
    },
    {
        "client_msg_id": "5035a294-a805-4038-b533-3b288b03ab6a",
        "type": "message",
        "text": "#base-template",
        "user": "U0174BRV404",
        "ts": "1602624189.065200",
        "team": "TKFJE6LDR",
        "user_team": "TKFJE6LDR",
        "source_team": "TKFJE6LDR",
        "user_profile": {
            "avatar_hash": "g573d72c0bca",
            "image_72": "https:\/\/secure.gravatar.com\/avatar\/573d72c0bca8a54e4b8d8ef24ddf8f10.jpg?s=72&d=https%3A%2F%2Fa.slack-edge.com%2Fdf10d%2Fimg%2Favatars%2Fava_0022-72.png",
            "first_name": "",
            "real_name": "Viraji Ogodapola",
            "display_name": "Viraji Ogodapola",
            "team": "TKFJE6LDR",
            "name": "viraji",
            "is_restricted": false,
            "is_ultra_restricted": false
        },
        "blocks": [
            {
                "type": "rich_text",
                "block_id": "5aeD",
                "elements": [
                    {
                        "type": "rich_text_section",
                        "elements": [
                            {
                                "type": "text",
                                "text": "#base-template"
                            }
                        ]
                    }
                ]
            }
        ]
    }
]