[
    {
        "client_msg_id": "073eba5e-9f14-4b0d-855c-46f47d022d99",
        "type": "message",
        "text": "Updated <http:\/\/lanabrindley.com\/twinery\/test.html> :star:\n\nRelease Notes:\n* Copyedit",
        "user": "UQ553K7DY",
        "ts": "1603604569.073900",
        "team": "TKFJE6LDR",
        "user_team": "TKFJE6LDR",
        "source_team": "TKFJE6LDR",
        "user_profile": {
            "avatar_hash": "e0f8604c1079",
            "image_72": "https:\/\/avatars.slack-edge.com\/2020-10-26\/1445509834998_e0f8604c1079f923f3e9_72.png",
            "first_name": "Loquacity",
            "real_name": "Loquacity",
            "display_name": "Loquacity",
            "team": "TKFJE6LDR",
            "name": "slack1",
            "is_restricted": false,
            "is_ultra_restricted": false
        },
        "blocks": [
            {
                "type": "rich_text",
                "block_id": "dxZrS",
                "elements": [
                    {
                        "type": "rich_text_section",
                        "elements": [
                            {
                                "type": "text",
                                "text": "Updated "
                            },
                            {
                                "type": "link",
                                "url": "http:\/\/lanabrindley.com\/twinery\/test.html"
                            },
                            {
                                "type": "text",
                                "text": " "
                            },
                            {
                                "type": "emoji",
                                "name": "star"
                            },
                            {
                                "type": "text",
                                "text": "\n\nRelease Notes:\n* Copyedit"
                            }
                        ]
                    }
                ]
            }
        ]
    }
]