[
    {
        "client_msg_id": "968b05d9-793a-4b64-b70a-240109fa1209",
        "type": "message",
        "text": "Thank you! :slightly_smiling_face: I'm happy Cameron invited me to the group to help me share this idea with folks writing documentation.",
        "user": "U01DYRWG43X",
        "ts": "1604599221.095400",
        "team": "TKFJE6LDR",
        "user_team": "TKFJE6LDR",
        "source_team": "TKFJE6LDR",
        "user_profile": {
            "avatar_hash": "4c7f439a0550",
            "image_72": "https:\/\/avatars.slack-edge.com\/2020-11-04\/1501822997760_4c7f439a05509328eb8b_72.jpg",
            "first_name": "Ryan",
            "real_name": "Ryan Macklin",
            "display_name": "macklin",
            "team": "TKFJE6LDR",
            "name": "ryanmacklin",
            "is_restricted": false,
            "is_ultra_restricted": false
        },
        "blocks": [
            {
                "type": "rich_text",
                "block_id": "qkl",
                "elements": [
                    {
                        "type": "rich_text_section",
                        "elements": [
                            {
                                "type": "text",
                                "text": "Thank you! "
                            },
                            {
                                "type": "emoji",
                                "name": "slightly_smiling_face"
                            },
                            {
                                "type": "text",
                                "text": " I'm happy Cameron invited me to the group to help me share this idea with folks writing documentation."
                            }
                        ]
                    }
                ]
            }
        ],
        "reactions": [
            {
                "name": "wave",
                "users": [
                    "UQ553K7DY"
                ],
                "count": 1
            }
        ]
    },
    {
        "client_msg_id": "9ab9750b-9cad-4833-8e25-f5f99a7ccec9",
        "type": "message",
        "text": "<@UL2AA1FF1> Do you recall if we are fiscally hosted by Open Source Collective? If so, we could think about setting up a <https:\/\/docs.opencollective.com\/help\/collectives\/github-sponsors|GitHub Sponsor button> on our organization. :moneybag: I read about it in the OSC newsletter this week...",
        "user": "UKV4ZPEFQ",
        "ts": "1604628121.096800",
        "team": "TKFJE6LDR",
        "user_team": "TKFJE6LDR",
        "source_team": "TKFJE6LDR",
        "user_profile": {
            "avatar_hash": "g854c628ef64",
            "image_72": "https:\/\/secure.gravatar.com\/avatar\/6854c628ef64a4c129a994522e17cdf2.jpg?s=72&d=https%3A%2F%2Fa.slack-edge.com%2Fdf10d%2Fimg%2Favatars%2Fava_0007-72.png",
            "first_name": "felicitybrand",
            "real_name": "felicitybrand",
            "display_name": "flicstar",
            "team": "TKFJE6LDR",
            "name": "felicitybrand",
            "is_restricted": false,
            "is_ultra_restricted": false
        },
        "blocks": [
            {
                "type": "rich_text",
                "block_id": "dZpGW",
                "elements": [
                    {
                        "type": "rich_text_section",
                        "elements": [
                            {
                                "type": "user",
                                "user_id": "UL2AA1FF1"
                            },
                            {
                                "type": "text",
                                "text": " Do you recall if we are fiscally hosted by Open Source Collective? If so, we could think about setting up a "
                            },
                            {
                                "type": "link",
                                "url": "https:\/\/docs.opencollective.com\/help\/collectives\/github-sponsors",
                                "text": "GitHub Sponsor button"
                            },
                            {
                                "type": "text",
                                "text": " on our organization. "
                            },
                            {
                                "type": "emoji",
                                "name": "moneybag"
                            },
                            {
                                "type": "text",
                                "text": " I read about it in the OSC newsletter this week..."
                            }
                        ]
                    }
                ]
            }
        ],
        "thread_ts": "1604628121.096800",
        "reply_count": 1,
        "reply_users_count": 1,
        "latest_reply": "1604683228.097300",
        "reply_users": [
            "UL2AA1FF1"
        ],
        "replies": [
            {
                "user": "UL2AA1FF1",
                "ts": "1604683228.097300"
            }
        ],
        "subscribed": true,
        "last_read": "1604683228.097300",
        "reactions": [
            {
                "name": "+1",
                "users": [
                    "UL2AA1FF1"
                ],
                "count": 1
            }
        ]
    }
]