[
    {
        "client_msg_id": "a606c953-fbee-4ebf-8227-03ee565f9e88",
        "type": "message",
        "text": "<https:\/\/docs.google.com\/document\/d\/1vwFZvTAALRCNXh8bbuMguc86eURdRHvmOVFc_N89sns\/edit?usp=sharing>\nThis is the doc where I have resolved all the comments. Please have a look. I plan to send this by tomorrow morning (IST).",
        "user": "U0170HMB87K",
        "ts": "1605014296.098200",
        "team": "TKFJE6LDR",
        "user_team": "TKFJE6LDR",
        "source_team": "TKFJE6LDR",
        "user_profile": {
            "avatar_hash": "f39553b0636b",
            "image_72": "https:\/\/avatars.slack-edge.com\/2020-07-22\/1249269540710_f39553b0636b29704992_72.jpg",
            "first_name": "",
            "real_name": "Ankita",
            "display_name": "Ankita",
            "team": "TKFJE6LDR",
            "name": "ankitatripathi.2312",
            "is_restricted": false,
            "is_ultra_restricted": false
        },
        "blocks": [
            {
                "type": "rich_text",
                "block_id": "7a+n",
                "elements": [
                    {
                        "type": "rich_text_section",
                        "elements": [
                            {
                                "type": "link",
                                "url": "https:\/\/docs.google.com\/document\/d\/1vwFZvTAALRCNXh8bbuMguc86eURdRHvmOVFc_N89sns\/edit?usp=sharing"
                            },
                            {
                                "type": "text",
                                "text": "\nThis is the doc where I have resolved all the comments. Please have a look. I plan to send this by tomorrow morning (IST)."
                            }
                        ]
                    }
                ]
            }
        ],
        "thread_ts": "1604135480.084500",
        "parent_user_id": "U0170HMB87K",
        "reactions": [
            {
                "name": "+1",
                "users": [
                    "UQ553K7DY"
                ],
                "count": 1
            }
        ]
    },
    {
        "bot_id": "B01",
        "type": "message",
        "text": "Reminder: remember to add items to the Weekly Meeting agenda before our meeting <https:\/\/github.com\/thegooddocsproject\/governance\/wiki\/Weekly-Meetings>",
        "user": "USLACKBOT",
        "ts": "1605027686.098500",
        "team": "TKFJE6LDR"
    },
    {
        "client_msg_id": "0c218ef9-a5f5-479b-802f-3393f9aa16b3",
        "type": "message",
        "text": "all finished! very nicely written, a great conversational style with just enough of a personal story to hook the content on :slightly_smiling_face:",
        "user": "UQ553K7DY",
        "ts": "1605062794.098700",
        "team": "TKFJE6LDR",
        "user_team": "TKFJE6LDR",
        "source_team": "TKFJE6LDR",
        "user_profile": {
            "avatar_hash": "e0f8604c1079",
            "image_72": "https:\/\/avatars.slack-edge.com\/2020-10-26\/1445509834998_e0f8604c1079f923f3e9_72.png",
            "first_name": "Loquacity",
            "real_name": "Loquacity",
            "display_name": "Loquacity",
            "team": "TKFJE6LDR",
            "name": "slack1",
            "is_restricted": false,
            "is_ultra_restricted": false
        },
        "blocks": [
            {
                "type": "rich_text",
                "block_id": "06o",
                "elements": [
                    {
                        "type": "rich_text_section",
                        "elements": [
                            {
                                "type": "text",
                                "text": "all finished! very nicely written, a great conversational style with just enough of a personal story to hook the content on "
                            },
                            {
                                "type": "emoji",
                                "name": "slightly_smiling_face"
                            }
                        ]
                    }
                ]
            }
        ],
        "thread_ts": "1604135480.084500",
        "parent_user_id": "U0170HMB87K",
        "reactions": [
            {
                "name": "heart",
                "users": [
                    "U0170HMB87K"
                ],
                "count": 1
            }
        ]
    }
]