[
    {
        "client_msg_id": "e3a35806-7fe7-4da5-a57f-dc2ddbcffcc3",
        "type": "message",
        "text": "Sure <@UQ553K7DY>. I created another document where I’ve resolved those issues. I would share that for final reviews.",
        "user": "U0170HMB87K",
        "ts": "1604826718.097700",
        "team": "TKFJE6LDR",
        "user_team": "TKFJE6LDR",
        "source_team": "TKFJE6LDR",
        "user_profile": {
            "avatar_hash": "f39553b0636b",
            "image_72": "https:\/\/avatars.slack-edge.com\/2020-07-22\/1249269540710_f39553b0636b29704992_72.jpg",
            "first_name": "",
            "real_name": "Ankita",
            "display_name": "Ankita",
            "team": "TKFJE6LDR",
            "name": "ankitatripathi.2312",
            "is_restricted": false,
            "is_ultra_restricted": false
        },
        "edited": {
            "user": "U0170HMB87K",
            "ts": "1604826732.000000"
        },
        "blocks": [
            {
                "type": "rich_text",
                "block_id": "dzXa",
                "elements": [
                    {
                        "type": "rich_text_section",
                        "elements": [
                            {
                                "type": "text",
                                "text": "Sure "
                            },
                            {
                                "type": "user",
                                "user_id": "UQ553K7DY"
                            },
                            {
                                "type": "text",
                                "text": ". I created another document where I’ve resolved those issues. I would share that for final reviews."
                            }
                        ]
                    }
                ]
            }
        ],
        "thread_ts": "1604135480.084500",
        "parent_user_id": "U0170HMB87K"
    },
    {
        "client_msg_id": "fd52a849-a93e-4b98-a6a3-f64939384a9f",
        "type": "message",
        "text": "ok, sounds good!",
        "user": "UQ553K7DY",
        "ts": "1604882777.098000",
        "team": "TKFJE6LDR",
        "user_team": "TKFJE6LDR",
        "source_team": "TKFJE6LDR",
        "user_profile": {
            "avatar_hash": "e0f8604c1079",
            "image_72": "https:\/\/avatars.slack-edge.com\/2020-10-26\/1445509834998_e0f8604c1079f923f3e9_72.png",
            "first_name": "Loquacity",
            "real_name": "Loquacity",
            "display_name": "Loquacity",
            "team": "TKFJE6LDR",
            "name": "slack1",
            "is_restricted": false,
            "is_ultra_restricted": false
        },
        "blocks": [
            {
                "type": "rich_text",
                "block_id": "T4yOS",
                "elements": [
                    {
                        "type": "rich_text_section",
                        "elements": [
                            {
                                "type": "text",
                                "text": "ok, sounds good!"
                            }
                        ]
                    }
                ]
            }
        ],
        "thread_ts": "1604135480.084500",
        "parent_user_id": "U0170HMB87K"
    }
]