[
    {
        "client_msg_id": "d40dbf7d-9e9c-44c7-9b89-5fb55ad51e22",
        "type": "message",
        "text": "Just checking: since the U.S. just shifted away from Daylight Savings time, will that change the U.S. time zone meeting time at all?",
        "user": "U012KCMPP0V",
        "ts": "1604516738.087000",
        "team": "TKFJE6LDR",
        "user_team": "TKFJE6LDR",
        "source_team": "TKFJE6LDR",
        "user_profile": {
            "avatar_hash": "b26729f0b5f2",
            "image_72": "https:\/\/avatars.slack-edge.com\/2020-04-27\/1089031639347_b26729f0b5f2375494a1_72.png",
            "first_name": "Alyssa",
            "real_name": "Alyssa",
            "display_name": "Alyssa",
            "team": "TKFJE6LDR",
            "name": "alyssa.rock.biz",
            "is_restricted": false,
            "is_ultra_restricted": false
        },
        "blocks": [
            {
                "type": "rich_text",
                "block_id": "iI1M",
                "elements": [
                    {
                        "type": "rich_text_section",
                        "elements": [
                            {
                                "type": "text",
                                "text": "Just checking: since the U.S. just shifted away from Daylight Savings time, will that change the U.S. time zone meeting time at all?"
                            }
                        ]
                    }
                ]
            }
        ]
    },
    {
        "client_msg_id": "0e181e36-a4bd-431b-9e29-26208a4a718a",
        "type": "message",
        "text": "did we move the meeting time?",
        "user": "U019868JEQ0",
        "ts": "1604520639.087200",
        "team": "TKFJE6LDR",
        "user_team": "TKFJE6LDR",
        "source_team": "TKFJE6LDR",
        "user_profile": {
            "avatar_hash": "966d941975ff",
            "image_72": "https:\/\/avatars.slack-edge.com\/2020-08-09\/1275632926935_966d941975ff884d0fa4_72.jpg",
            "first_name": "",
            "real_name": "Aidan Doherty",
            "display_name": "Aidan Doherty",
            "team": "TKFJE6LDR",
            "name": "contact",
            "is_restricted": false,
            "is_ultra_restricted": false
        },
        "blocks": [
            {
                "type": "rich_text",
                "block_id": "amd",
                "elements": [
                    {
                        "type": "rich_text_section",
                        "elements": [
                            {
                                "type": "text",
                                "text": "did we move the meeting time?"
                            }
                        ]
                    }
                ]
            }
        ],
        "thread_ts": "1604520639.087200",
        "reply_count": 1,
        "reply_users_count": 1,
        "latest_reply": "1604522890.087900",
        "reply_users": [
            "U012KCMPP0V"
        ],
        "replies": [
            {
                "user": "U012KCMPP0V",
                "ts": "1604522890.087900"
            }
        ],
        "subscribed": false
    },
    {
        "client_msg_id": "2c159b64-087a-4e62-a808-a131a0771adc",
        "type": "message",
        "text": "is there still a meeting at 2pm Pacific time today? I'm not seeing a stub meeting notes here:\n<https:\/\/docs.google.com\/document\/d\/13xr5PLMMqm6Rz_yXzxl5WMOwY9H6liB1abU_i0-ws60\/edit#>",
        "user": "U019868JEQ0",
        "ts": "1604521770.087700",
        "team": "TKFJE6LDR",
        "user_team": "TKFJE6LDR",
        "source_team": "TKFJE6LDR",
        "user_profile": {
            "avatar_hash": "966d941975ff",
            "image_72": "https:\/\/avatars.slack-edge.com\/2020-08-09\/1275632926935_966d941975ff884d0fa4_72.jpg",
            "first_name": "",
            "real_name": "Aidan Doherty",
            "display_name": "Aidan Doherty",
            "team": "TKFJE6LDR",
            "name": "contact",
            "is_restricted": false,
            "is_ultra_restricted": false
        },
        "blocks": [
            {
                "type": "rich_text",
                "block_id": "Oxqg",
                "elements": [
                    {
                        "type": "rich_text_section",
                        "elements": [
                            {
                                "type": "text",
                                "text": "is there still a meeting at 2pm Pacific time today? I'm not seeing a stub meeting notes here:\n"
                            },
                            {
                                "type": "link",
                                "url": "https:\/\/docs.google.com\/document\/d\/13xr5PLMMqm6Rz_yXzxl5WMOwY9H6liB1abU_i0-ws60\/edit#"
                            }
                        ]
                    }
                ]
            }
        ]
    },
    {
        "client_msg_id": "462d6894-9bcb-461b-aefb-09215da6f5c1",
        "type": "message",
        "text": "I'm assuming it's at its normal time until I hear otherwise...",
        "user": "U012KCMPP0V",
        "ts": "1604522890.087900",
        "team": "TKFJE6LDR",
        "user_team": "TKFJE6LDR",
        "source_team": "TKFJE6LDR",
        "user_profile": {
            "avatar_hash": "b26729f0b5f2",
            "image_72": "https:\/\/avatars.slack-edge.com\/2020-04-27\/1089031639347_b26729f0b5f2375494a1_72.png",
            "first_name": "Alyssa",
            "real_name": "Alyssa",
            "display_name": "Alyssa",
            "team": "TKFJE6LDR",
            "name": "alyssa.rock.biz",
            "is_restricted": false,
            "is_ultra_restricted": false
        },
        "blocks": [
            {
                "type": "rich_text",
                "block_id": "4Wbk",
                "elements": [
                    {
                        "type": "rich_text_section",
                        "elements": [
                            {
                                "type": "text",
                                "text": "I'm assuming it's at its normal time until I hear otherwise..."
                            }
                        ]
                    }
                ]
            }
        ],
        "thread_ts": "1604520639.087200",
        "parent_user_id": "U019868JEQ0"
    },
    {
        "client_msg_id": "3e567a50-049d-47bb-9d6e-ac01f33e98d2",
        "type": "message",
        "text": "I have a call at 4pm EST which I'm hoping will be short, I'll try to jump into the meeting then. But my update and oldest issue contribution are in the minutes already.",
        "user": "U013XPC8Q9Z",
        "ts": "1604523015.088800",
        "team": "TKFJE6LDR",
        "user_team": "TKFJE6LDR",
        "source_team": "TKFJE6LDR",
        "user_profile": {
            "avatar_hash": "g014a14c2e81",
            "image_72": "https:\/\/secure.gravatar.com\/avatar\/014a14c2e812ad8e54d4dfc6615761ec.jpg?s=72&d=https%3A%2F%2Fa.slack-edge.com%2Fdf10d%2Fimg%2Favatars%2Fava_0014-72.png",
            "first_name": "",
            "real_name": "Aaron Peters",
            "display_name": "Aaron Peters",
            "team": "TKFJE6LDR",
            "name": "acpkendo",
            "is_restricted": false,
            "is_ultra_restricted": false
        },
        "blocks": [
            {
                "type": "rich_text",
                "block_id": "1ASi",
                "elements": [
                    {
                        "type": "rich_text_section",
                        "elements": [
                            {
                                "type": "text",
                                "text": "I have a call at 4pm EST which I'm hoping will be short, I'll try to jump into the meeting then. But my update and oldest issue contribution are in the minutes already."
                            }
                        ]
                    }
                ]
            }
        ]
    },
    {
        "client_msg_id": "c5ad3af8-74ad-4af3-b717-b3c3af86ec5c",
        "type": "message",
        "text": "US timezone meeting now: <https:\/\/meet.google.com\/nuj-qvxw-vvt?authuser=0>",
        "user": "UKTGLQNGG",
        "ts": "1604523892.089200",
        "team": "TKFJE6LDR",
        "user_team": "TKFJE6LDR",
        "source_team": "TKFJE6LDR",
        "user_profile": {
            "avatar_hash": "d6f4de222bb1",
            "image_72": "https:\/\/avatars.slack-edge.com\/2020-07-20\/1235580478119_d6f4de222bb1ed6b5960_72.jpg",
            "first_name": "Cameron",
            "real_name": "Cameron Shorter",
            "display_name": "cameronshorter",
            "team": "TKFJE6LDR",
            "name": "cameron.shorter",
            "is_restricted": false,
            "is_ultra_restricted": false
        },
        "attachments": [
            {
                "title": "Meet",
                "title_link": "https:\/\/meet.google.com\/nuj-qvxw-vvt?authuser=0",
                "text": "Real-time meetings by Google. Using your browser, share your video, desktop, and presentations with teammates and customers.",
                "fallback": "Meet",
                "thumb_url": "https:\/\/fonts.gstatic.com\/s\/i\/productlogos\/meet_2020q4\/v1\/web-96dp\/logo_meet_2020q4_color_2x_web_96dp.png",
                "from_url": "https:\/\/meet.google.com\/nuj-qvxw-vvt?authuser=0",
                "thumb_width": 192,
                "thumb_height": 192,
                "service_icon": "http:\/\/fonts.gstatic.com\/s\/i\/productlogos\/meet_2020q4\/v1\/web-24dp\/logo_meet_2020q4_color_1x_web_24dp.png",
                "service_name": "meet.google.com",
                "id": 1,
                "original_url": "https:\/\/meet.google.com\/nuj-qvxw-vvt?authuser=0"
            }
        ],
        "blocks": [
            {
                "type": "rich_text",
                "block_id": "zH306",
                "elements": [
                    {
                        "type": "rich_text_section",
                        "elements": [
                            {
                                "type": "text",
                                "text": "US timezone meeting now: "
                            },
                            {
                                "type": "link",
                                "url": "https:\/\/meet.google.com\/nuj-qvxw-vvt?authuser=0"
                            }
                        ]
                    }
                ]
            }
        ],
        "thread_ts": "1604523892.089200",
        "reply_count": 1,
        "reply_users_count": 1,
        "latest_reply": "1604526218.090600",
        "reply_users": [
            "U019868JEQ0"
        ],
        "replies": [
            {
                "user": "U019868JEQ0",
                "ts": "1604526218.090600"
            }
        ],
        "subscribed": false
    },
    {
        "client_msg_id": "85f76934-1b31-40e7-89d3-f8fd4283193d",
        "type": "message",
        "text": "Ah, I see the US has had a daylight saving flip. I'll see you in an hour.",
        "user": "UKTGLQNGG",
        "ts": "1604524032.090000",
        "team": "TKFJE6LDR",
        "user_team": "TKFJE6LDR",
        "source_team": "TKFJE6LDR",
        "user_profile": {
            "avatar_hash": "d6f4de222bb1",
            "image_72": "https:\/\/avatars.slack-edge.com\/2020-07-20\/1235580478119_d6f4de222bb1ed6b5960_72.jpg",
            "first_name": "Cameron",
            "real_name": "Cameron Shorter",
            "display_name": "cameronshorter",
            "team": "TKFJE6LDR",
            "name": "cameron.shorter",
            "is_restricted": false,
            "is_ultra_restricted": false
        },
        "blocks": [
            {
                "type": "rich_text",
                "block_id": "M4F",
                "elements": [
                    {
                        "type": "rich_text_section",
                        "elements": [
                            {
                                "type": "text",
                                "text": "Ah, I see the US has had a daylight saving flip. I'll see you in an hour."
                            }
                        ]
                    }
                ]
            }
        ]
    },
    {
        "client_msg_id": "cf253cd4-059f-4236-935f-205aa2c9e35f",
        "type": "message",
        "text": "I may have to miss the meeting again, taking some deliveries of some new appliances at our new apartment. I've added the oldest PR and an update to the meeting notes, as well as an agenda item I'm hoping the group can consider",
        "user": "U019868JEQ0",
        "ts": "1604526218.090600",
        "team": "TKFJE6LDR",
        "user_team": "TKFJE6LDR",
        "source_team": "TKFJE6LDR",
        "user_profile": {
            "avatar_hash": "966d941975ff",
            "image_72": "https:\/\/avatars.slack-edge.com\/2020-08-09\/1275632926935_966d941975ff884d0fa4_72.jpg",
            "first_name": "",
            "real_name": "Aidan Doherty",
            "display_name": "Aidan Doherty",
            "team": "TKFJE6LDR",
            "name": "contact",
            "is_restricted": false,
            "is_ultra_restricted": false
        },
        "blocks": [
            {
                "type": "rich_text",
                "block_id": "=4s",
                "elements": [
                    {
                        "type": "rich_text_section",
                        "elements": [
                            {
                                "type": "text",
                                "text": "I may have to miss the meeting again, taking some deliveries of some new appliances at our new apartment. I've added the oldest PR and an update to the meeting notes, as well as an agenda item I'm hoping the group can consider"
                            }
                        ]
                    }
                ]
            }
        ],
        "thread_ts": "1604523892.089200",
        "parent_user_id": "UKTGLQNGG"
    },
    {
        "client_msg_id": "90c450a4-3e72-4d0d-8bd6-030743565807",
        "type": "message",
        "text": "Whew!  I just noticed the time at 13 local time and was worried I missed it.",
        "user": "U018BJR6JQN",
        "ts": "1604526638.091300",
        "team": "TKFJE6LDR",
        "user_team": "TKFJE6LDR",
        "source_team": "TKFJE6LDR",
        "user_profile": {
            "avatar_hash": "b330151b5e4b",
            "image_72": "https:\/\/avatars.slack-edge.com\/2020-12-14\/1570880700693_b330151b5e4b5ff6ed0c_72.jpg",
            "first_name": "",
            "real_name": "Bryan Klein",
            "display_name": "Bryan Klein",
            "team": "TKFJE6LDR",
            "name": "klein",
            "is_restricted": false,
            "is_ultra_restricted": false
        },
        "blocks": [
            {
                "type": "rich_text",
                "block_id": "O==",
                "elements": [
                    {
                        "type": "rich_text_section",
                        "elements": [
                            {
                                "type": "text",
                                "text": "Whew!  I just noticed the time at 13 local time and was worried I missed it."
                            }
                        ]
                    }
                ]
            }
        ]
    },
    {
        "client_msg_id": "4918cb2e-b54f-4438-b422-1334bf1e9760",
        "type": "message",
        "text": "See you in 10 minutes.",
        "user": "U018BJR6JQN",
        "ts": "1604526648.091600",
        "team": "TKFJE6LDR",
        "user_team": "TKFJE6LDR",
        "source_team": "TKFJE6LDR",
        "user_profile": {
            "avatar_hash": "b330151b5e4b",
            "image_72": "https:\/\/avatars.slack-edge.com\/2020-12-14\/1570880700693_b330151b5e4b5ff6ed0c_72.jpg",
            "first_name": "",
            "real_name": "Bryan Klein",
            "display_name": "Bryan Klein",
            "team": "TKFJE6LDR",
            "name": "klein",
            "is_restricted": false,
            "is_ultra_restricted": false
        },
        "blocks": [
            {
                "type": "rich_text",
                "block_id": "ocqF",
                "elements": [
                    {
                        "type": "rich_text_section",
                        "elements": [
                            {
                                "type": "text",
                                "text": "See you in 10 minutes."
                            }
                        ]
                    }
                ]
            }
        ]
    },
    {
        "client_msg_id": "3dcc0822-cd1b-42ee-846a-96b7024d68e7",
        "type": "message",
        "text": "meeting now.",
        "user": "UKTGLQNGG",
        "ts": "1604527287.091800",
        "team": "TKFJE6LDR",
        "user_team": "TKFJE6LDR",
        "source_team": "TKFJE6LDR",
        "user_profile": {
            "avatar_hash": "d6f4de222bb1",
            "image_72": "https:\/\/avatars.slack-edge.com\/2020-07-20\/1235580478119_d6f4de222bb1ed6b5960_72.jpg",
            "first_name": "Cameron",
            "real_name": "Cameron Shorter",
            "display_name": "cameronshorter",
            "team": "TKFJE6LDR",
            "name": "cameron.shorter",
            "is_restricted": false,
            "is_ultra_restricted": false
        },
        "blocks": [
            {
                "type": "rich_text",
                "block_id": "qy4oH",
                "elements": [
                    {
                        "type": "rich_text_section",
                        "elements": [
                            {
                                "type": "text",
                                "text": "meeting now."
                            }
                        ]
                    }
                ]
            }
        ]
    },
    {
        "client_msg_id": "dbe2ff11-7413-4ddb-8354-cc9ed94e5ce0",
        "type": "message",
        "text": "Sorry for abruptly leaving! I meant to click off my video while the cat was in front of the camera and left the meeting instead! :crying_cat_face:",
        "user": "U012KCMPP0V",
        "ts": "1604530419.092600",
        "team": "TKFJE6LDR",
        "user_team": "TKFJE6LDR",
        "source_team": "TKFJE6LDR",
        "user_profile": {
            "avatar_hash": "b26729f0b5f2",
            "image_72": "https:\/\/avatars.slack-edge.com\/2020-04-27\/1089031639347_b26729f0b5f2375494a1_72.png",
            "first_name": "Alyssa",
            "real_name": "Alyssa",
            "display_name": "Alyssa",
            "team": "TKFJE6LDR",
            "name": "alyssa.rock.biz",
            "is_restricted": false,
            "is_ultra_restricted": false
        },
        "blocks": [
            {
                "type": "rich_text",
                "block_id": "6YiK",
                "elements": [
                    {
                        "type": "rich_text_section",
                        "elements": [
                            {
                                "type": "text",
                                "text": "Sorry for abruptly leaving! I meant to click off my video while the cat was in front of the camera and left the meeting instead! "
                            },
                            {
                                "type": "emoji",
                                "name": "crying_cat_face"
                            }
                        ]
                    }
                ]
            }
        ],
        "reactions": [
            {
                "name": "joy",
                "users": [
                    "U013XPC8Q9Z"
                ],
                "count": 1
            }
        ]
    },
    {
        "client_msg_id": "963b6be2-c663-4203-b1ba-0df82dbc74a7",
        "type": "message",
        "text": "Sorry I missed the meeting today. Life happened.",
        "user": "UKV4ZPEFQ",
        "ts": "1604530893.093000",
        "team": "TKFJE6LDR",
        "user_team": "TKFJE6LDR",
        "source_team": "TKFJE6LDR",
        "user_profile": {
            "avatar_hash": "g854c628ef64",
            "image_72": "https:\/\/secure.gravatar.com\/avatar\/6854c628ef64a4c129a994522e17cdf2.jpg?s=72&d=https%3A%2F%2Fa.slack-edge.com%2Fdf10d%2Fimg%2Favatars%2Fava_0007-72.png",
            "first_name": "felicitybrand",
            "real_name": "felicitybrand",
            "display_name": "flicstar",
            "team": "TKFJE6LDR",
            "name": "felicitybrand",
            "is_restricted": false,
            "is_ultra_restricted": false
        },
        "blocks": [
            {
                "type": "rich_text",
                "block_id": "L5xQ",
                "elements": [
                    {
                        "type": "rich_text_section",
                        "elements": [
                            {
                                "type": "text",
                                "text": "Sorry I missed the meeting today. Life happened."
                            }
                        ]
                    }
                ]
            }
        ],
        "reactions": [
            {
                "name": "+1",
                "users": [
                    "U018BJR6JQN"
                ],
                "count": 1
            }
        ]
    },
    {
        "client_msg_id": "7d117122-006f-48eb-bd0a-f0533aa308ac",
        "type": "message",
        "text": "Welcome Ryan Mackin, <@U01DYRWG43X>, who joined today's weekly meeting. You might have seen Ryan's talk on Emotional Personas. <https:\/\/docs.google.com\/presentation\/d\/1v03csaKFi_t_-dHGWQuwVmWp7BkkqAOwVKn4v4FPCBk\/edit#slide=id.ga395e9f94b_0_369>",
        "user": "UKTGLQNGG",
        "ts": "1604539057.094300",
        "team": "TKFJE6LDR",
        "user_team": "TKFJE6LDR",
        "source_team": "TKFJE6LDR",
        "user_profile": {
            "avatar_hash": "d6f4de222bb1",
            "image_72": "https:\/\/avatars.slack-edge.com\/2020-07-20\/1235580478119_d6f4de222bb1ed6b5960_72.jpg",
            "first_name": "Cameron",
            "real_name": "Cameron Shorter",
            "display_name": "cameronshorter",
            "team": "TKFJE6LDR",
            "name": "cameron.shorter",
            "is_restricted": false,
            "is_ultra_restricted": false
        },
        "blocks": [
            {
                "type": "rich_text",
                "block_id": "quuOA",
                "elements": [
                    {
                        "type": "rich_text_section",
                        "elements": [
                            {
                                "type": "text",
                                "text": "Welcome Ryan Mackin, "
                            },
                            {
                                "type": "user",
                                "user_id": "U01DYRWG43X"
                            },
                            {
                                "type": "text",
                                "text": ", who joined today's weekly meeting. You might have seen Ryan's talk on Emotional Personas. "
                            },
                            {
                                "type": "link",
                                "url": "https:\/\/docs.google.com\/presentation\/d\/1v03csaKFi_t_-dHGWQuwVmWp7BkkqAOwVKn4v4FPCBk\/edit#slide=id.ga395e9f94b_0_369"
                            }
                        ]
                    }
                ]
            }
        ],
        "reactions": [
            {
                "name": "wave",
                "users": [
                    "U012KCMPP0V",
                    "U018BJR6JQN",
                    "UKV4ZPEFQ"
                ],
                "count": 3
            }
        ]
    }
]