[
    {
        "client_msg_id": "d1c453ac-724f-4e4c-804c-bae90a9ea9c8",
        "type": "message",
        "text": "No worries! I actually only had time to look at the first page, so I'll do more later!",
        "user": "U012KCMPP0V",
        "ts": "1604417816.085700",
        "team": "TKFJE6LDR",
        "user_team": "TKFJE6LDR",
        "source_team": "TKFJE6LDR",
        "user_profile": {
            "avatar_hash": "b26729f0b5f2",
            "image_72": "https:\/\/avatars.slack-edge.com\/2020-04-27\/1089031639347_b26729f0b5f2375494a1_72.png",
            "first_name": "Alyssa",
            "real_name": "Alyssa",
            "display_name": "Alyssa",
            "team": "TKFJE6LDR",
            "name": "alyssa.rock.biz",
            "is_restricted": false,
            "is_ultra_restricted": false
        },
        "blocks": [
            {
                "type": "rich_text",
                "block_id": "7BQAp",
                "elements": [
                    {
                        "type": "rich_text_section",
                        "elements": [
                            {
                                "type": "text",
                                "text": "No worries! I actually only had time to look at the first page, so I'll do more later!"
                            }
                        ]
                    }
                ]
            }
        ],
        "thread_ts": "1604135480.084500",
        "parent_user_id": "U0170HMB87K"
    },
    {
        "bot_id": "B01",
        "type": "message",
        "text": "Reminder: remember to add items to the Weekly Meeting agenda before our meeting <https:\/\/github.com\/thegooddocsproject\/governance\/wiki\/Weekly-Meetings>",
        "user": "USLACKBOT",
        "ts": "1604422851.085900",
        "team": "TKFJE6LDR"
    },
    {
        "client_msg_id": "05fe2934-8d00-42a0-8af7-2764802ab7a3",
        "type": "message",
        "text": "Would be really helpful. I have made the changes to the first half as per your and Cameron’s suggestions.",
        "user": "U0170HMB87K",
        "ts": "1604459518.086000",
        "team": "TKFJE6LDR",
        "user_team": "TKFJE6LDR",
        "source_team": "TKFJE6LDR",
        "user_profile": {
            "avatar_hash": "f39553b0636b",
            "image_72": "https:\/\/avatars.slack-edge.com\/2020-07-22\/1249269540710_f39553b0636b29704992_72.jpg",
            "first_name": "",
            "real_name": "Ankita",
            "display_name": "Ankita",
            "team": "TKFJE6LDR",
            "name": "ankitatripathi.2312",
            "is_restricted": false,
            "is_ultra_restricted": false
        },
        "blocks": [
            {
                "type": "rich_text",
                "block_id": "56Y",
                "elements": [
                    {
                        "type": "rich_text_section",
                        "elements": [
                            {
                                "type": "text",
                                "text": "Would be really helpful. I have made the changes to the first half as per your and Cameron’s suggestions."
                            }
                        ]
                    }
                ]
            }
        ],
        "thread_ts": "1604135480.084500",
        "parent_user_id": "U0170HMB87K"
    }
]