[
    {
        "client_msg_id": "4eaaea06-5d97-4180-8cd1-74ad00b02843",
        "type": "message",
        "text": "Aperis, for docs publication on a website: <https:\/\/www.aperis.org> . Work in progress!",
        "user": "U01A1CBD0CC",
        "ts": "1602814373.068200",
        "team": "TKFJE6LDR",
        "user_team": "TKFJE6LDR",
        "source_team": "TKFJE6LDR",
        "user_profile": {
            "avatar_hash": "gd11b0590c62",
            "image_72": "https:\/\/secure.gravatar.com\/avatar\/d11b0590c62fd7eac8ff41b3cadd7b26.jpg?s=72&d=https%3A%2F%2Fa.slack-edge.com%2Fdf10d%2Fimg%2Favatars%2Fava_0025-72.png",
            "first_name": "",
            "real_name": "Ronald Tse",
            "display_name": "Ronald Tse",
            "team": "TKFJE6LDR",
            "name": "tse",
            "is_restricted": false,
            "is_ultra_restricted": false
        },
        "blocks": [
            {
                "type": "rich_text",
                "block_id": "iH+",
                "elements": [
                    {
                        "type": "rich_text_section",
                        "elements": [
                            {
                                "type": "text",
                                "text": "Aperis, for docs publication on a website: "
                            },
                            {
                                "type": "link",
                                "url": "https:\/\/www.aperis.org"
                            },
                            {
                                "type": "text",
                                "text": " . Work in progress!"
                            }
                        ]
                    }
                ]
            }
        ]
    }
]