[
    {
        "client_msg_id": "41063171-857d-431e-a71c-db1149ed774c",
        "type": "message",
        "text": "We are, so we can add it afaik!",
        "user": "UL2AA1FF1",
        "ts": "1604683228.097300",
        "team": "TKFJE6LDR",
        "user_team": "TKFJE6LDR",
        "source_team": "TKFJE6LDR",
        "user_profile": {
            "avatar_hash": "22135067b36d",
            "image_72": "https:\/\/avatars.slack-edge.com\/2019-10-23\/805254797908_22135067b36dfb715e99_72.jpg",
            "first_name": "",
            "real_name": "Erin McKean",
            "display_name": "Erin McKean",
            "team": "TKFJE6LDR",
            "name": "emckean",
            "is_restricted": false,
            "is_ultra_restricted": false
        },
        "blocks": [
            {
                "type": "rich_text",
                "block_id": "BSH",
                "elements": [
                    {
                        "type": "rich_text_section",
                        "elements": [
                            {
                                "type": "text",
                                "text": "We are, so we can add it afaik!"
                            }
                        ]
                    }
                ]
            }
        ],
        "thread_ts": "1604628121.096800",
        "parent_user_id": "UKV4ZPEFQ"
    }
]