[
    {
        "bot_id": "B01",
        "type": "message",
        "text": "Reminder: remember to add items to the Weekly Meeting agenda before our meeting <https:\/\/github.com\/thegooddocsproject\/governance\/wiki\/Weekly-Meetings>",
        "user": "USLACKBOT",
        "ts": "1603209647.068600",
        "team": "TKFJE6LDR"
    },
    {
        "client_msg_id": "240af435-c867-4434-af74-f1e7e2ed45d0",
        "type": "message",
        "text": "Hey folks, the page is now updated. See what you reckon:\n<https:\/\/thegooddocsproject.dev\/>",
        "user": "UKV4ZPEFQ",
        "ts": "1603235984.069000",
        "team": "TKFJE6LDR",
        "user_team": "TKFJE6LDR",
        "source_team": "TKFJE6LDR",
        "user_profile": {
            "avatar_hash": "g854c628ef64",
            "image_72": "https:\/\/secure.gravatar.com\/avatar\/6854c628ef64a4c129a994522e17cdf2.jpg?s=72&d=https%3A%2F%2Fa.slack-edge.com%2Fdf10d%2Fimg%2Favatars%2Fava_0007-72.png",
            "first_name": "felicitybrand",
            "real_name": "felicitybrand",
            "display_name": "flicstar",
            "team": "TKFJE6LDR",
            "name": "felicitybrand",
            "is_restricted": false,
            "is_ultra_restricted": false
        },
        "edited": {
            "user": "UKV4ZPEFQ",
            "ts": "1603235992.000000"
        },
        "blocks": [
            {
                "type": "rich_text",
                "block_id": "hY+p",
                "elements": [
                    {
                        "type": "rich_text_section",
                        "elements": [
                            {
                                "type": "text",
                                "text": "Hey folks, the page is now updated. See what you reckon:\n"
                            },
                            {
                                "type": "link",
                                "url": "https:\/\/thegooddocsproject.dev\/"
                            }
                        ]
                    }
                ]
            }
        ],
        "reactions": [
            {
                "name": "thankyou",
                "users": [
                    "UKTGLQNGG"
                ],
                "count": 1
            }
        ]
    },
    {
        "client_msg_id": "749ce249-8687-4532-85f4-feacad77e047",
        "type": "message",
        "text": "PS, I can't make this week's meeting because the Victorian <https:\/\/publicholidays.com.au\/afl-grand-final-holiday\/|public holiday for the football Grand Final> has impacted our weekly routine :upside_down_face:",
        "user": "UKV4ZPEFQ",
        "ts": "1603236167.070700",
        "team": "TKFJE6LDR",
        "user_team": "TKFJE6LDR",
        "source_team": "TKFJE6LDR",
        "user_profile": {
            "avatar_hash": "g854c628ef64",
            "image_72": "https:\/\/secure.gravatar.com\/avatar\/6854c628ef64a4c129a994522e17cdf2.jpg?s=72&d=https%3A%2F%2Fa.slack-edge.com%2Fdf10d%2Fimg%2Favatars%2Fava_0007-72.png",
            "first_name": "felicitybrand",
            "real_name": "felicitybrand",
            "display_name": "flicstar",
            "team": "TKFJE6LDR",
            "name": "felicitybrand",
            "is_restricted": false,
            "is_ultra_restricted": false
        },
        "edited": {
            "user": "UKV4ZPEFQ",
            "ts": "1603236175.000000"
        },
        "blocks": [
            {
                "type": "rich_text",
                "block_id": "+\/R",
                "elements": [
                    {
                        "type": "rich_text_section",
                        "elements": [
                            {
                                "type": "text",
                                "text": "PS, I can't make this week's meeting because the Victorian "
                            },
                            {
                                "type": "link",
                                "url": "https:\/\/publicholidays.com.au\/afl-grand-final-holiday\/",
                                "text": "public holiday for the football Grand Final"
                            },
                            {
                                "type": "text",
                                "text": " has impacted our weekly routine "
                            },
                            {
                                "type": "emoji",
                                "name": "upside_down_face"
                            }
                        ]
                    }
                ]
            }
        ]
    },
    {
        "client_msg_id": "1ed00ad9-cb99-4571-8dba-becc3e14dd58",
        "type": "message",
        "text": "What Victorian grand final is that? The only one I'm aware of is the one being held up here in QLD. :stuck_out_tongue:",
        "user": "UKVC4NB71",
        "ts": "1603239882.071600",
        "team": "TKFJE6LDR",
        "user_team": "TKFJE6LDR",
        "source_team": "TKFJE6LDR",
        "user_profile": {
            "avatar_hash": "c7d9788d4436",
            "image_72": "https:\/\/avatars.slack-edge.com\/2019-10-30\/814314609877_c7d9788d4436969613a7_72.jpg",
            "first_name": "Jared",
            "real_name": "Jared Morgan",
            "display_name": "jaredmorgs",
            "team": "TKFJE6LDR",
            "name": "jaredleonmorgan",
            "is_restricted": false,
            "is_ultra_restricted": false
        },
        "blocks": [
            {
                "type": "rich_text",
                "block_id": "HMA9C",
                "elements": [
                    {
                        "type": "rich_text_section",
                        "elements": [
                            {
                                "type": "text",
                                "text": "What Victorian grand final is that? The only one I'm aware of is the one being held up here in QLD. "
                            },
                            {
                                "type": "emoji",
                                "name": "stuck_out_tongue"
                            }
                        ]
                    }
                ]
            }
        ],
        "reactions": [
            {
                "name": "joy",
                "users": [
                    "UQ553K7DY"
                ],
                "count": 1
            }
        ]
    }
]