[
    {
        "client_msg_id": "0ccaa33e-5af7-4d39-ae21-82714a9ef1f7",
        "type": "message",
        "text": "In just about 2 hours a few us will be livestreaming some docs contributions to hacktoberfest (and other projects…), the tool we’re using lets us have up to ten guests at any one time. I’ll pos the link here if anyone wants to join, but be aware, we will be livestreaming!",
        "user": "U014V7JDGPM",
        "ts": "1602514637.058400",
        "team": "TKFJE6LDR",
        "user_team": "TKFJE6LDR",
        "source_team": "TKFJE6LDR",
        "user_profile": {
            "avatar_hash": "g35a44b69ae5",
            "image_72": "https:\/\/secure.gravatar.com\/avatar\/35a44b69ae5c2c1d250216f8ccc9d67c.jpg?s=72&d=https%3A%2F%2Fa.slack-edge.com%2Fdf10d%2Fimg%2Favatars%2Fava_0019-72.png",
            "first_name": "",
            "real_name": "ChrisChinchilla",
            "display_name": "ChrisChinchilla",
            "team": "TKFJE6LDR",
            "name": "chris",
            "is_restricted": false,
            "is_ultra_restricted": false
        },
        "blocks": [
            {
                "type": "rich_text",
                "block_id": "MfgqC",
                "elements": [
                    {
                        "type": "rich_text_section",
                        "elements": [
                            {
                                "type": "text",
                                "text": "In just about 2 hours a few us will be livestreaming some docs contributions to hacktoberfest (and other projects…), the tool we’re using lets us have up to ten guests at any one time. I’ll pos the link here if anyone wants to join, but be aware, we will be livestreaming!"
                            }
                        ]
                    }
                ]
            }
        ],
        "thread_ts": "1602514637.058400",
        "reply_count": 4,
        "reply_users_count": 3,
        "latest_reply": "1602604005.063400",
        "reply_users": [
            "U015GARCR8X",
            "UQ553K7DY",
            "U014V7JDGPM"
        ],
        "replies": [
            {
                "user": "U015GARCR8X",
                "ts": "1602519361.060100"
            },
            {
                "user": "UQ553K7DY",
                "ts": "1602546656.062900"
            },
            {
                "user": "U014V7JDGPM",
                "ts": "1602603995.063100"
            },
            {
                "user": "U014V7JDGPM",
                "ts": "1602604005.063400"
            }
        ],
        "subscribed": false
    },
    {
        "type": "message",
        "text": "We've recently created Aperis, a desktop application for editing documentation sites hosted on Git (GitHub, GitLab...). Glossarist docs are built using it: <http:\/\/glossarist.org\/docs>",
        "files": [
            {
                "id": "F01C81L6E3Y",
                "created": 1602518060,
                "timestamp": 1602518060,
                "name": "Screenshot 2020-10-11 at 8.05.32 PM.png",
                "title": "Screenshot 2020-10-11 at 8.05.32 PM.png",
                "mimetype": "image\/png",
                "filetype": "png",
                "pretty_type": "PNG",
                "user": "U01A1CBD0CC",
                "editable": false,
                "size": 870659,
                "mode": "hosted",
                "is_external": false,
                "external_type": "",
                "is_public": true,
                "public_url_shared": false,
                "display_as_bot": false,
                "username": "",
                "url_private": "https:\/\/files.slack.com\/files-pri\/TKFJE6LDR-F01C81L6E3Y\/screenshot_2020-10-11_at_8.05.32_pm.png?t=xoxe-661626224467-1574187561667-1573981583442-ff468f2308c02d774561042abcd60e43",
                "url_private_download": "https:\/\/files.slack.com\/files-pri\/TKFJE6LDR-F01C81L6E3Y\/download\/screenshot_2020-10-11_at_8.05.32_pm.png?t=xoxe-661626224467-1574187561667-1573981583442-ff468f2308c02d774561042abcd60e43",
                "thumb_64": "https:\/\/files.slack.com\/files-tmb\/TKFJE6LDR-F01C81L6E3Y-62c0555f49\/screenshot_2020-10-11_at_8.05.32_pm_64.png?t=xoxe-661626224467-1574187561667-1573981583442-ff468f2308c02d774561042abcd60e43",
                "thumb_80": "https:\/\/files.slack.com\/files-tmb\/TKFJE6LDR-F01C81L6E3Y-62c0555f49\/screenshot_2020-10-11_at_8.05.32_pm_80.png?t=xoxe-661626224467-1574187561667-1573981583442-ff468f2308c02d774561042abcd60e43",
                "thumb_360": "https:\/\/files.slack.com\/files-tmb\/TKFJE6LDR-F01C81L6E3Y-62c0555f49\/screenshot_2020-10-11_at_8.05.32_pm_360.png?t=xoxe-661626224467-1574187561667-1573981583442-ff468f2308c02d774561042abcd60e43",
                "thumb_360_w": 360,
                "thumb_360_h": 256,
                "thumb_480": "https:\/\/files.slack.com\/files-tmb\/TKFJE6LDR-F01C81L6E3Y-62c0555f49\/screenshot_2020-10-11_at_8.05.32_pm_480.png?t=xoxe-661626224467-1574187561667-1573981583442-ff468f2308c02d774561042abcd60e43",
                "thumb_480_w": 480,
                "thumb_480_h": 341,
                "thumb_160": "https:\/\/files.slack.com\/files-tmb\/TKFJE6LDR-F01C81L6E3Y-62c0555f49\/screenshot_2020-10-11_at_8.05.32_pm_160.png?t=xoxe-661626224467-1574187561667-1573981583442-ff468f2308c02d774561042abcd60e43",
                "thumb_720": "https:\/\/files.slack.com\/files-tmb\/TKFJE6LDR-F01C81L6E3Y-62c0555f49\/screenshot_2020-10-11_at_8.05.32_pm_720.png?t=xoxe-661626224467-1574187561667-1573981583442-ff468f2308c02d774561042abcd60e43",
                "thumb_720_w": 720,
                "thumb_720_h": 512,
                "thumb_800": "https:\/\/files.slack.com\/files-tmb\/TKFJE6LDR-F01C81L6E3Y-62c0555f49\/screenshot_2020-10-11_at_8.05.32_pm_800.png?t=xoxe-661626224467-1574187561667-1573981583442-ff468f2308c02d774561042abcd60e43",
                "thumb_800_w": 800,
                "thumb_800_h": 569,
                "thumb_960": "https:\/\/files.slack.com\/files-tmb\/TKFJE6LDR-F01C81L6E3Y-62c0555f49\/screenshot_2020-10-11_at_8.05.32_pm_960.png?t=xoxe-661626224467-1574187561667-1573981583442-ff468f2308c02d774561042abcd60e43",
                "thumb_960_w": 960,
                "thumb_960_h": 683,
                "thumb_1024": "https:\/\/files.slack.com\/files-tmb\/TKFJE6LDR-F01C81L6E3Y-62c0555f49\/screenshot_2020-10-11_at_8.05.32_pm_1024.png?t=xoxe-661626224467-1574187561667-1573981583442-ff468f2308c02d774561042abcd60e43",
                "thumb_1024_w": 1024,
                "thumb_1024_h": 728,
                "original_w": 2424,
                "original_h": 1724,
                "thumb_tiny": "AwAiADAsbZJLZXaNGJzyc+tWDZR94Y8exNGmf8eSfU\/zq033D9KAK32K3z\/q1pfsVt\/zzWpQw7g\/lS5WgCH7Fbf88hVe\/toY7VmSMBgRz+NXuKq6lj7G2B3FAC6acWSfU\/zqyTlW+lUrCeJLRVZ1B54J96s\/aISD+9T\/AL6oAcGAA+anbh\/eH51B5sX\/AD1T\/voUvmQf89k\/MUATbhj7w\/OquokGzbnPIqTzIP8Ansn5iq988TWrBZVY5HAPvQBlUUUUAFFFFABRRRQB\/9k=",
                "permalink": "https:\/\/thegooddocs.slack.com\/files\/U01A1CBD0CC\/F01C81L6E3Y\/screenshot_2020-10-11_at_8.05.32_pm.png",
                "permalink_public": "https:\/\/slack-files.com\/TKFJE6LDR-F01C81L6E3Y-45e0037d81",
                "is_starred": false,
                "has_rich_preview": false
            }
        ],
        "upload": false,
        "blocks": [
            {
                "type": "rich_text",
                "block_id": "BUnb",
                "elements": [
                    {
                        "type": "rich_text_section",
                        "elements": [
                            {
                                "type": "text",
                                "text": "We've recently created Aperis, a desktop application for editing documentation sites hosted on Git (GitHub, GitLab...). Glossarist docs are built using it: "
                            },
                            {
                                "type": "link",
                                "url": "http:\/\/glossarist.org\/docs"
                            }
                        ]
                    }
                ]
            }
        ],
        "user": "U01A1CBD0CC",
        "display_as_bot": false,
        "ts": "1602518213.059700",
        "thread_ts": "1602518213.059700",
        "reply_count": 1,
        "reply_users_count": 1,
        "latest_reply": "1602521815.060300",
        "reply_users": [
            "U014V7JDGPM"
        ],
        "replies": [
            {
                "user": "U014V7JDGPM",
                "ts": "1602521815.060300"
            }
        ],
        "subscribed": false,
        "reactions": [
            {
                "name": "star-struck",
                "users": [
                    "U012KCMPP0V",
                    "UKV4ZPEFQ"
                ],
                "count": 2
            }
        ]
    },
    {
        "client_msg_id": "56ea22cf-56c2-411a-a579-ec69a0b81357",
        "type": "message",
        "text": "Oooo is this going to be streamed on Twitch or?",
        "user": "U015GARCR8X",
        "ts": "1602519361.060100",
        "team": "TKFJE6LDR",
        "user_team": "TKFJE6LDR",
        "source_team": "TKFJE6LDR",
        "user_profile": {
            "avatar_hash": "37a234435192",
            "image_72": "https:\/\/avatars.slack-edge.com\/2020-08-06\/1283467109749_37a23443519259ddd5ca_72.png",
            "first_name": "Derek",
            "real_name": "Derek Ardolf",
            "display_name": "ScriptAutomate",
            "team": "TKFJE6LDR",
            "name": "derek",
            "is_restricted": false,
            "is_ultra_restricted": false
        },
        "blocks": [
            {
                "type": "rich_text",
                "block_id": "h371",
                "elements": [
                    {
                        "type": "rich_text_section",
                        "elements": [
                            {
                                "type": "text",
                                "text": "Oooo is this going to be streamed on Twitch or?"
                            }
                        ]
                    }
                ]
            }
        ],
        "thread_ts": "1602514637.058400",
        "parent_user_id": "U014V7JDGPM"
    },
    {
        "client_msg_id": "60743693-e9dd-418e-92e9-3821b214c8ea",
        "type": "message",
        "text": "wow, what. Will look tomorrow :slightly_smiling_face:",
        "user": "U014V7JDGPM",
        "ts": "1602521815.060300",
        "team": "TKFJE6LDR",
        "user_team": "TKFJE6LDR",
        "source_team": "TKFJE6LDR",
        "user_profile": {
            "avatar_hash": "g35a44b69ae5",
            "image_72": "https:\/\/secure.gravatar.com\/avatar\/35a44b69ae5c2c1d250216f8ccc9d67c.jpg?s=72&d=https%3A%2F%2Fa.slack-edge.com%2Fdf10d%2Fimg%2Favatars%2Fava_0019-72.png",
            "first_name": "",
            "real_name": "ChrisChinchilla",
            "display_name": "ChrisChinchilla",
            "team": "TKFJE6LDR",
            "name": "chris",
            "is_restricted": false,
            "is_ultra_restricted": false
        },
        "blocks": [
            {
                "type": "rich_text",
                "block_id": "ldh",
                "elements": [
                    {
                        "type": "rich_text_section",
                        "elements": [
                            {
                                "type": "text",
                                "text": "wow, what. Will look tomorrow "
                            },
                            {
                                "type": "emoji",
                                "name": "slightly_smiling_face"
                            }
                        ]
                    }
                ]
            }
        ],
        "thread_ts": "1602518213.059700",
        "parent_user_id": "U01A1CBD0CC"
    },
    {
        "client_msg_id": "1f7480e1-dac1-4186-96eb-5b08372494ae",
        "type": "message",
        "text": "<@U012KCMPP0V> <@U014V7JDGPM> Since the <http:\/\/aperis.org|aperis.org> site isn't up yet, the app can be downloaded as part of Paneron (<https:\/\/github.com\/paneron\/paneron\/releases>). Just \"start new repository\", select an identifier and click \"initialize\". Aperis has the ability to write a GitHub Actions workflow to deploy the site as well.",
        "user": "U01A1CBD0CC",
        "ts": "1602524611.062300",
        "team": "TKFJE6LDR",
        "user_team": "TKFJE6LDR",
        "source_team": "TKFJE6LDR",
        "user_profile": {
            "avatar_hash": "gd11b0590c62",
            "image_72": "https:\/\/secure.gravatar.com\/avatar\/d11b0590c62fd7eac8ff41b3cadd7b26.jpg?s=72&d=https%3A%2F%2Fa.slack-edge.com%2Fdf10d%2Fimg%2Favatars%2Fava_0025-72.png",
            "first_name": "",
            "real_name": "Ronald Tse",
            "display_name": "Ronald Tse",
            "team": "TKFJE6LDR",
            "name": "tse",
            "is_restricted": false,
            "is_ultra_restricted": false
        },
        "edited": {
            "user": "U01A1CBD0CC",
            "ts": "1602524629.000000"
        },
        "blocks": [
            {
                "type": "rich_text",
                "block_id": "Yl2SJ",
                "elements": [
                    {
                        "type": "rich_text_section",
                        "elements": [
                            {
                                "type": "user",
                                "user_id": "U012KCMPP0V"
                            },
                            {
                                "type": "text",
                                "text": " "
                            },
                            {
                                "type": "user",
                                "user_id": "U014V7JDGPM"
                            },
                            {
                                "type": "text",
                                "text": " Since the "
                            },
                            {
                                "type": "link",
                                "url": "http:\/\/aperis.org",
                                "text": "aperis.org"
                            },
                            {
                                "type": "text",
                                "text": " site isn't up yet, the app can be downloaded as part of Paneron ("
                            },
                            {
                                "type": "link",
                                "url": "https:\/\/github.com\/paneron\/paneron\/releases"
                            },
                            {
                                "type": "text",
                                "text": "). Just \"start new repository\", select an identifier and click \"initialize\". Aperis has the ability to write a GitHub Actions workflow to deploy the site as well."
                            }
                        ]
                    }
                ]
            }
        ]
    },
    {
        "client_msg_id": "04edc600-d202-492d-b502-cbd144fbb883",
        "type": "message",
        "text": "Participate - <https:\/\/studio.restream.io\/guest\/RTdScloxbD2xjS0QA03mnyQTbnfXEQ0>\nWatch - <https:\/\/www.twitch.tv\/dxpose> or <https:\/\/www.youtube.com\/channel\/UCgnrx8qi4qhmN6sBebdDrmg>",
        "user": "U014V7JDGPM",
        "ts": "1602525814.062600",
        "team": "TKFJE6LDR",
        "user_team": "TKFJE6LDR",
        "source_team": "TKFJE6LDR",
        "user_profile": {
            "avatar_hash": "g35a44b69ae5",
            "image_72": "https:\/\/secure.gravatar.com\/avatar\/35a44b69ae5c2c1d250216f8ccc9d67c.jpg?s=72&d=https%3A%2F%2Fa.slack-edge.com%2Fdf10d%2Fimg%2Favatars%2Fava_0019-72.png",
            "first_name": "",
            "real_name": "ChrisChinchilla",
            "display_name": "ChrisChinchilla",
            "team": "TKFJE6LDR",
            "name": "chris",
            "is_restricted": false,
            "is_ultra_restricted": false
        },
        "attachments": [
            {
                "service_name": "Restream",
                "title": "Multistream to 30+ Platforms Simultaneously – Restream",
                "title_link": "https:\/\/studio.restream.io\/guest\/RTdScloxbD2xjS0QA03mnyQTbnfXEQ0",
                "text": "Restream is the best way to live stream to YouTube, Twitch, Facebook, and 30+ streaming sites at once. Expand your audience with multistreaming — get started today.",
                "fallback": "Restream: Multistream to 30+ Platforms Simultaneously – Restream",
                "image_url": "https:\/\/static.restream.io\/img\/social_networks\/restream.png?1234",
                "from_url": "https:\/\/studio.restream.io\/guest\/RTdScloxbD2xjS0QA03mnyQTbnfXEQ0",
                "image_width": 476,
                "image_height": 250,
                "image_bytes": 22760,
                "service_icon": "https:\/\/studio.restream.io\/apple-touch-icon.png",
                "id": 1,
                "original_url": "https:\/\/studio.restream.io\/guest\/RTdScloxbD2xjS0QA03mnyQTbnfXEQ0"
            },
            {
                "service_name": "Twitch",
                "title": "dxpose - Twitch",
                "title_link": "https:\/\/www.twitch.tv\/dxpose",
                "text": "Testing your developer experience live every week.",
                "fallback": "Twitch: dxpose - Twitch",
                "thumb_url": "https:\/\/static-cdn.jtvnw.net\/jtv_user_pictures\/95d3ebe3-0bc2-400a-84fa-44acc39cb166-profile_image-300x300.png",
                "from_url": "https:\/\/www.twitch.tv\/dxpose",
                "thumb_width": 300,
                "thumb_height": 300,
                "service_icon": "https:\/\/static.twitchcdn.net\/assets\/favicon-32-d6025c14e900565d6177.png",
                "id": 2,
                "original_url": "https:\/\/www.twitch.tv\/dxpose"
            },
            {
                "service_name": "YouTube",
                "title": "Chris Chinchilla",
                "title_link": "https:\/\/www.youtube.com\/channel\/UCgnrx8qi4qhmN6sBebdDrmg",
                "text": "Tech writer, Podcaster, video maker, writer of interactive fiction &amp; games. Regular streams are DXpose where I look at the developer experience behind a tool...",
                "fallback": "YouTube: Chris Chinchilla",
                "thumb_url": "https:\/\/yt3.ggpht.com\/a\/AATXAJyAsPJY00EGAbl__7QeFRAwArhwq2WKLtLaT8Hu=s900-c-k-c0xffffffff-no-rj-mo",
                "from_url": "https:\/\/www.youtube.com\/channel\/UCgnrx8qi4qhmN6sBebdDrmg",
                "thumb_width": 900,
                "thumb_height": 900,
                "service_icon": "https:\/\/www.youtube.com\/s\/desktop\/cd997a10\/img\/favicon.ico",
                "id": 3,
                "original_url": "https:\/\/www.youtube.com\/channel\/UCgnrx8qi4qhmN6sBebdDrmg"
            }
        ],
        "blocks": [
            {
                "type": "rich_text",
                "block_id": "RYekp",
                "elements": [
                    {
                        "type": "rich_text_section",
                        "elements": [
                            {
                                "type": "text",
                                "text": "Participate - "
                            },
                            {
                                "type": "link",
                                "url": "https:\/\/studio.restream.io\/guest\/RTdScloxbD2xjS0QA03mnyQTbnfXEQ0"
                            },
                            {
                                "type": "text",
                                "text": "\nWatch - "
                            },
                            {
                                "type": "link",
                                "url": "https:\/\/www.twitch.tv\/dxpose"
                            },
                            {
                                "type": "text",
                                "text": " or "
                            },
                            {
                                "type": "link",
                                "url": "https:\/\/www.youtube.com\/channel\/UCgnrx8qi4qhmN6sBebdDrmg"
                            }
                        ]
                    }
                ]
            }
        ]
    },
    {
        "client_msg_id": "5916b58a-3fe1-4ae3-af9d-875c57253f21",
        "type": "message",
        "text": "ah, i'm sad i couldn't make this, would have been awesome!",
        "user": "UQ553K7DY",
        "ts": "1602546656.062900",
        "team": "TKFJE6LDR",
        "user_team": "TKFJE6LDR",
        "source_team": "TKFJE6LDR",
        "user_profile": {
            "avatar_hash": "e0f8604c1079",
            "image_72": "https:\/\/avatars.slack-edge.com\/2020-10-26\/1445509834998_e0f8604c1079f923f3e9_72.png",
            "first_name": "Loquacity",
            "real_name": "Loquacity",
            "display_name": "Loquacity",
            "team": "TKFJE6LDR",
            "name": "slack1",
            "is_restricted": false,
            "is_ultra_restricted": false
        },
        "blocks": [
            {
                "type": "rich_text",
                "block_id": "59Au",
                "elements": [
                    {
                        "type": "rich_text_section",
                        "elements": [
                            {
                                "type": "text",
                                "text": "ah, i'm sad i couldn't make this, would have been awesome!"
                            }
                        ]
                    }
                ]
            }
        ],
        "thread_ts": "1602514637.058400",
        "parent_user_id": "U014V7JDGPM"
    }
]