[
    {
        "client_msg_id": "5ea2acf0-b947-4202-bfd7-75248a9d0131",
        "type": "message",
        "text": "Heya, I started line editing, but it's a little tricky with so many other comments on the page. It seems as though the other reviewers have picked up on the larger issues. If you still have time before you need to submit, I might go through and do a more thorough line edit once you've resolved some of the other comments.",
        "user": "UQ553K7DY",
        "ts": "1604810045.097500",
        "team": "TKFJE6LDR",
        "user_team": "TKFJE6LDR",
        "source_team": "TKFJE6LDR",
        "user_profile": {
            "avatar_hash": "e0f8604c1079",
            "image_72": "https:\/\/avatars.slack-edge.com\/2020-10-26\/1445509834998_e0f8604c1079f923f3e9_72.png",
            "first_name": "Loquacity",
            "real_name": "Loquacity",
            "display_name": "Loquacity",
            "team": "TKFJE6LDR",
            "name": "slack1",
            "is_restricted": false,
            "is_ultra_restricted": false
        },
        "blocks": [
            {
                "type": "rich_text",
                "block_id": "mg4",
                "elements": [
                    {
                        "type": "rich_text_section",
                        "elements": [
                            {
                                "type": "text",
                                "text": "Heya, I started line editing, but it's a little tricky with so many other comments on the page. It seems as though the other reviewers have picked up on the larger issues. If you still have time before you need to submit, I might go through and do a more thorough line edit once you've resolved some of the other comments."
                            }
                        ]
                    }
                ]
            }
        ],
        "thread_ts": "1604135480.084500",
        "parent_user_id": "U0170HMB87K"
    }
]