[
    {
        "client_msg_id": "404aab6b-f4ab-4b84-90d7-eb4c4297fd62",
        "type": "message",
        "text": "Updated <http:\/\/lanabrindley.com\/twinery\/test.html> :star:\n\nRelease Notes:\n* Added more images\n* All images have an updated artist watermark (<https:\/\/creativecommons.org\/licenses\/by\/3.0\/>)\n* Critical paths table now works",
        "user": "UQ553K7DY",
        "ts": "1602394559.056700",
        "team": "TKFJE6LDR",
        "user_team": "TKFJE6LDR",
        "source_team": "TKFJE6LDR",
        "user_profile": {
            "avatar_hash": "e0f8604c1079",
            "image_72": "https:\/\/avatars.slack-edge.com\/2020-10-26\/1445509834998_e0f8604c1079f923f3e9_72.png",
            "first_name": "Loquacity",
            "real_name": "Loquacity",
            "display_name": "Loquacity",
            "team": "TKFJE6LDR",
            "name": "slack1",
            "is_restricted": false,
            "is_ultra_restricted": false
        },
        "blocks": [
            {
                "type": "rich_text",
                "block_id": "ZyQV4",
                "elements": [
                    {
                        "type": "rich_text_section",
                        "elements": [
                            {
                                "type": "text",
                                "text": "Updated "
                            },
                            {
                                "type": "link",
                                "url": "http:\/\/lanabrindley.com\/twinery\/test.html"
                            },
                            {
                                "type": "text",
                                "text": " "
                            },
                            {
                                "type": "emoji",
                                "name": "star"
                            },
                            {
                                "type": "text",
                                "text": "\n\nRelease Notes:\n* Added more images\n* All images have an updated artist watermark ("
                            },
                            {
                                "type": "link",
                                "url": "https:\/\/creativecommons.org\/licenses\/by\/3.0\/"
                            },
                            {
                                "type": "text",
                                "text": ")\n* Critical paths table now works"
                            }
                        ]
                    }
                ]
            }
        ]
    },
    {
        "client_msg_id": "8bf76c5c-8286-4abb-8e31-246cd504cca2",
        "type": "message",
        "text": "please provide feedback here: <https:\/\/github.com\/thegooddocsproject\/incubator\/pull\/6>",
        "user": "UQ553K7DY",
        "ts": "1602394580.056900",
        "team": "TKFJE6LDR",
        "user_team": "TKFJE6LDR",
        "source_team": "TKFJE6LDR",
        "user_profile": {
            "avatar_hash": "e0f8604c1079",
            "image_72": "https:\/\/avatars.slack-edge.com\/2020-10-26\/1445509834998_e0f8604c1079f923f3e9_72.png",
            "first_name": "Loquacity",
            "real_name": "Loquacity",
            "display_name": "Loquacity",
            "team": "TKFJE6LDR",
            "name": "slack1",
            "is_restricted": false,
            "is_ultra_restricted": false
        },
        "attachments": [
            {
                "author_name": "Loquacity",
                "fallback": "[thegooddocsproject\/incubator] #6 IA Guide - Draft 2",
                "text": "<https:\/\/github.com\/thegooddocsproject\/planning\/issues\/14|thegooddocsproject\/planning#14>",
                "title": "#6 IA Guide - Draft 2",
                "footer": "<https:\/\/github.com\/thegooddocsproject\/incubator|thegooddocsproject\/incubator>",
                "id": 1,
                "title_link": "https:\/\/github.com\/thegooddocsproject\/incubator\/pull\/6",
                "author_link": "https:\/\/github.com\/Loquacity",
                "author_icon": "https:\/\/avatars3.githubusercontent.com\/u\/3914967?v=4",
                "footer_icon": "https:\/\/github.githubassets.com\/favicon.ico",
                "ts": 1600573961,
                "fields": [
                    {
                        "title": "Comments",
                        "value": "14",
                        "short": true
                    },
                    {
                        "title": "Reviewers",
                        "value": "@mgan59, @viraji",
                        "short": true
                    }
                ],
                "mrkdwn_in": [
                    "text"
                ],
                "bot_id": "BU8U6P6AH",
                "app_unfurl_url": "https:\/\/github.com\/thegooddocsproject\/incubator\/pull\/6",
                "is_app_unfurl": true
            }
        ],
        "blocks": [
            {
                "type": "rich_text",
                "block_id": "dJHon",
                "elements": [
                    {
                        "type": "rich_text_section",
                        "elements": [
                            {
                                "type": "text",
                                "text": "please provide feedback here: "
                            },
                            {
                                "type": "link",
                                "url": "https:\/\/github.com\/thegooddocsproject\/incubator\/pull\/6"
                            }
                        ]
                    }
                ]
            }
        ]
    }
]