[
    {
        "client_msg_id": "9e33c831-87ee-4583-aa8e-ba86945f2a21",
        "type": "message",
        "text": "So cool! I'll set a reminder for myself to take a look this afternoon!",
        "user": "U012KCMPP0V",
        "ts": "1604332690.085300",
        "team": "TKFJE6LDR",
        "user_team": "TKFJE6LDR",
        "source_team": "TKFJE6LDR",
        "user_profile": {
            "avatar_hash": "b26729f0b5f2",
            "image_72": "https:\/\/avatars.slack-edge.com\/2020-04-27\/1089031639347_b26729f0b5f2375494a1_72.png",
            "first_name": "Alyssa",
            "real_name": "Alyssa",
            "display_name": "Alyssa",
            "team": "TKFJE6LDR",
            "name": "alyssa.rock.biz",
            "is_restricted": false,
            "is_ultra_restricted": false
        },
        "blocks": [
            {
                "type": "rich_text",
                "block_id": "bRf",
                "elements": [
                    {
                        "type": "rich_text_section",
                        "elements": [
                            {
                                "type": "text",
                                "text": "So cool! I'll set a reminder for myself to take a look this afternoon!"
                            }
                        ]
                    }
                ]
            }
        ],
        "thread_ts": "1604135480.084500",
        "parent_user_id": "U0170HMB87K"
    },
    {
        "client_msg_id": "59d7589c-e830-438f-a2d0-49ff789368ff",
        "type": "message",
        "text": "Thanks <@U012KCMPP0V> For your valuable feedback. I am working on all the comments in another doc. And it will be ready by the end of the day. Thanks a ton again :heart:",
        "user": "U0170HMB87K",
        "ts": "1604378103.085500",
        "team": "TKFJE6LDR",
        "user_team": "TKFJE6LDR",
        "source_team": "TKFJE6LDR",
        "user_profile": {
            "avatar_hash": "f39553b0636b",
            "image_72": "https:\/\/avatars.slack-edge.com\/2020-07-22\/1249269540710_f39553b0636b29704992_72.jpg",
            "first_name": "",
            "real_name": "Ankita",
            "display_name": "Ankita",
            "team": "TKFJE6LDR",
            "name": "ankitatripathi.2312",
            "is_restricted": false,
            "is_ultra_restricted": false
        },
        "blocks": [
            {
                "type": "rich_text",
                "block_id": "l0h",
                "elements": [
                    {
                        "type": "rich_text_section",
                        "elements": [
                            {
                                "type": "text",
                                "text": "Thanks "
                            },
                            {
                                "type": "user",
                                "user_id": "U012KCMPP0V"
                            },
                            {
                                "type": "text",
                                "text": " For your valuable feedback. I am working on all the comments in another doc. And it will be ready by the end of the day. Thanks a ton again "
                            },
                            {
                                "type": "emoji",
                                "name": "heart"
                            }
                        ]
                    }
                ]
            }
        ],
        "thread_ts": "1604135480.084500",
        "parent_user_id": "U0170HMB87K"
    }
]