[
    {
        "client_msg_id": "4d910f56-290f-401f-bace-0979f840aa33",
        "type": "message",
        "text": "Sorry. Wouldn’t be able to attend the meeting, I am already in an office meeting which has been on for past one hour.🥺\n But I will add my tasks in the meeting notes. Also, my blog is near completion which I am going to share for your review by tomorrow!",
        "user": "U0170HMB87K",
        "ts": "1603877248.075800",
        "team": "TKFJE6LDR",
        "user_team": "TKFJE6LDR",
        "source_team": "TKFJE6LDR",
        "user_profile": {
            "avatar_hash": "f39553b0636b",
            "image_72": "https:\/\/avatars.slack-edge.com\/2020-07-22\/1249269540710_f39553b0636b29704992_72.jpg",
            "first_name": "",
            "real_name": "Ankita",
            "display_name": "Ankita",
            "team": "TKFJE6LDR",
            "name": "ankitatripathi.2312",
            "is_restricted": false,
            "is_ultra_restricted": false
        },
        "blocks": [
            {
                "type": "rich_text",
                "block_id": "L0akL",
                "elements": [
                    {
                        "type": "rich_text_section",
                        "elements": [
                            {
                                "type": "text",
                                "text": "Sorry. Wouldn’t be able to attend the meeting, I am already in an office meeting which has been on for past one hour.🥺\n But I will add my tasks in the meeting notes. Also, my blog is near completion which I am going to share for your review by tomorrow!"
                            }
                        ]
                    }
                ]
            }
        ],
        "reactions": [
            {
                "name": "+1",
                "users": [
                    "UKTGLQNGG"
                ],
                "count": 1
            }
        ]
    },
    {
        "client_msg_id": "a9d24ae7-5900-4b50-8fa2-1dd1eda6a5a4",
        "type": "message",
        "text": "Hi, everyone! I'm looking for 4 or more volunteers to serve on our GDP Code of Conduct committee. I've put more details in a message that I just sent to our group mailing list, but the responsibilities will be:\n• Revising and updating the initial code of conduct\n• Reviewing the initial code of conduct on a set basis to ensure it meets the community's needs (such as every 6 months)\n• Being available to receive code of conduct reports from members\n• Adjudicating conduct reports as needed\n• If they decide to leave the committee, providing proper notice to the community and the rest of the board so that replacements can be found\nThe heaviest lift will be up front while we revise the existing code of conduct and work out our SLO. Hopefully after that it will be a fairly quiet responsibility.\n\nIf any of you are interested in serving on this committee or know someone who might, I would welcome your help. Either reply here or send me a direct message and I'll add you to my list!",
        "user": "U012KCMPP0V",
        "ts": "1603912933.078700",
        "team": "TKFJE6LDR",
        "user_team": "TKFJE6LDR",
        "source_team": "TKFJE6LDR",
        "user_profile": {
            "avatar_hash": "b26729f0b5f2",
            "image_72": "https:\/\/avatars.slack-edge.com\/2020-04-27\/1089031639347_b26729f0b5f2375494a1_72.png",
            "first_name": "Alyssa",
            "real_name": "Alyssa",
            "display_name": "Alyssa",
            "team": "TKFJE6LDR",
            "name": "alyssa.rock.biz",
            "is_restricted": false,
            "is_ultra_restricted": false
        },
        "blocks": [
            {
                "type": "rich_text",
                "block_id": "9mg",
                "elements": [
                    {
                        "type": "rich_text_section",
                        "elements": [
                            {
                                "type": "text",
                                "text": "Hi, everyone! I'm looking for 4 or more volunteers to serve on our GDP Code of Conduct committee. I've put more details in a message that I just sent to our group mailing list, but the responsibilities will be:\n"
                            }
                        ]
                    },
                    {
                        "type": "rich_text_list",
                        "elements": [
                            {
                                "type": "rich_text_section",
                                "elements": [
                                    {
                                        "type": "text",
                                        "text": "Revising and updating the initial code of conduct"
                                    }
                                ]
                            },
                            {
                                "type": "rich_text_section",
                                "elements": [
                                    {
                                        "type": "text",
                                        "text": "Reviewing the initial code of conduct on a set basis to ensure it meets the community's needs (such as every 6 months)"
                                    }
                                ]
                            },
                            {
                                "type": "rich_text_section",
                                "elements": [
                                    {
                                        "type": "text",
                                        "text": "Being available to receive code of conduct reports from members"
                                    }
                                ]
                            },
                            {
                                "type": "rich_text_section",
                                "elements": [
                                    {
                                        "type": "text",
                                        "text": "Adjudicating conduct reports as needed"
                                    }
                                ]
                            },
                            {
                                "type": "rich_text_section",
                                "elements": [
                                    {
                                        "type": "text",
                                        "text": "If they decide to leave the committee, providing proper notice to the community and the rest of the board so that replacements can be found"
                                    }
                                ]
                            }
                        ],
                        "style": "bullet",
                        "indent": 0
                    },
                    {
                        "type": "rich_text_section",
                        "elements": [
                            {
                                "type": "text",
                                "text": "\nThe heaviest lift will be up front while we revise the existing code of conduct and work out our SLO. Hopefully after that it will be a fairly quiet responsibility.\n\nIf any of you are interested in serving on this committee or know someone who might, I would welcome your help. Either reply here or send me a direct message and I'll add you to my list!"
                            }
                        ]
                    }
                ]
            }
        ]
    },
    {
        "client_msg_id": "a9ec735a-eaf3-4e20-8014-dfa1421d20c2",
        "type": "message",
        "text": "hey team, I will try to make the meeting today but most likely will miss it. I added an update (such as it is) on the toolchain initiative, as well as info on the oldest item... note that we didn't get resolution on the one last week, so that one's also still in play.",
        "user": "U013XPC8Q9Z",
        "ts": "1603916961.079800",
        "team": "TKFJE6LDR",
        "user_team": "TKFJE6LDR",
        "source_team": "TKFJE6LDR",
        "user_profile": {
            "avatar_hash": "g014a14c2e81",
            "image_72": "https:\/\/secure.gravatar.com\/avatar\/014a14c2e812ad8e54d4dfc6615761ec.jpg?s=72&d=https%3A%2F%2Fa.slack-edge.com%2Fdf10d%2Fimg%2Favatars%2Fava_0014-72.png",
            "first_name": "",
            "real_name": "Aaron Peters",
            "display_name": "Aaron Peters",
            "team": "TKFJE6LDR",
            "name": "acpkendo",
            "is_restricted": false,
            "is_ultra_restricted": false
        },
        "blocks": [
            {
                "type": "rich_text",
                "block_id": "puLtf",
                "elements": [
                    {
                        "type": "rich_text_section",
                        "elements": [
                            {
                                "type": "text",
                                "text": "hey team, I will try to make the meeting today but most likely will miss it. I added an update (such as it is) on the toolchain initiative, as well as info on the oldest item... note that we didn't get resolution on the one last week, so that one's also still in play."
                            }
                        ]
                    }
                ]
            }
        ]
    },
    {
        "client_msg_id": "305eb541-0007-4394-b2e6-340362698b79",
        "type": "message",
        "text": "US meeting now: <https:\/\/meet.google.com\/nuj-qvxw-vvt?authuser=0>",
        "user": "UKTGLQNGG",
        "ts": "1603919045.080000",
        "team": "TKFJE6LDR",
        "user_team": "TKFJE6LDR",
        "source_team": "TKFJE6LDR",
        "user_profile": {
            "avatar_hash": "d6f4de222bb1",
            "image_72": "https:\/\/avatars.slack-edge.com\/2020-07-20\/1235580478119_d6f4de222bb1ed6b5960_72.jpg",
            "first_name": "Cameron",
            "real_name": "Cameron Shorter",
            "display_name": "cameronshorter",
            "team": "TKFJE6LDR",
            "name": "cameron.shorter",
            "is_restricted": false,
            "is_ultra_restricted": false
        },
        "attachments": [
            {
                "title": "Meet",
                "title_link": "https:\/\/meet.google.com\/nuj-qvxw-vvt?authuser=0",
                "text": "Real-time meetings by Google. Using your browser, share your video, desktop, and presentations with teammates and customers.",
                "fallback": "Meet",
                "thumb_url": "https:\/\/fonts.gstatic.com\/s\/i\/productlogos\/meet_2020q4\/v1\/web-96dp\/logo_meet_2020q4_color_2x_web_96dp.png",
                "from_url": "https:\/\/meet.google.com\/nuj-qvxw-vvt?authuser=0",
                "thumb_width": 192,
                "thumb_height": 192,
                "service_icon": "http:\/\/fonts.gstatic.com\/s\/i\/productlogos\/meet_2020q4\/v1\/web-24dp\/logo_meet_2020q4_color_1x_web_24dp.png",
                "service_name": "meet.google.com",
                "id": 1,
                "original_url": "https:\/\/meet.google.com\/nuj-qvxw-vvt?authuser=0"
            }
        ],
        "blocks": [
            {
                "type": "rich_text",
                "block_id": "rMd",
                "elements": [
                    {
                        "type": "rich_text_section",
                        "elements": [
                            {
                                "type": "text",
                                "text": "US meeting now: "
                            },
                            {
                                "type": "link",
                                "url": "https:\/\/meet.google.com\/nuj-qvxw-vvt?authuser=0"
                            }
                        ]
                    }
                ]
            }
        ]
    }
]