[
    {
        "client_msg_id": "2812be63-e37c-4aff-9f29-66a1f65cc404",
        "type": "message",
        "text": "pouring wine, be there soon",
        "user": "UQ553K7DY",
        "ts": "1603272479.072000",
        "team": "TKFJE6LDR",
        "user_team": "TKFJE6LDR",
        "source_team": "TKFJE6LDR",
        "user_profile": {
            "avatar_hash": "e0f8604c1079",
            "image_72": "https:\/\/avatars.slack-edge.com\/2020-10-26\/1445509834998_e0f8604c1079f923f3e9_72.png",
            "first_name": "Loquacity",
            "real_name": "Loquacity",
            "display_name": "Loquacity",
            "team": "TKFJE6LDR",
            "name": "slack1",
            "is_restricted": false,
            "is_ultra_restricted": false
        },
        "blocks": [
            {
                "type": "rich_text",
                "block_id": "P2JM",
                "elements": [
                    {
                        "type": "rich_text_section",
                        "elements": [
                            {
                                "type": "text",
                                "text": "pouring wine, be there soon"
                            }
                        ]
                    }
                ]
            }
        ]
    },
    {
        "client_msg_id": "3fb80400-e001-4906-8004-5b4f8f6532ad",
        "type": "message",
        "text": "I noticed in the meeting notes for today we already have an oldest issue:\n\"Issue: <https:\/\/github.com\/thegooddocsproject\/templates\/issues\/52> (Closed, as a PR was already merged)\"\nso do I not need to look up the oldest issue for today?",
        "user": "U019868JEQ0",
        "ts": "1603299080.072800",
        "team": "TKFJE6LDR",
        "user_team": "TKFJE6LDR",
        "source_team": "TKFJE6LDR",
        "user_profile": {
            "avatar_hash": "966d941975ff",
            "image_72": "https:\/\/avatars.slack-edge.com\/2020-08-09\/1275632926935_966d941975ff884d0fa4_72.jpg",
            "first_name": "",
            "real_name": "Aidan Doherty",
            "display_name": "Aidan Doherty",
            "team": "TKFJE6LDR",
            "name": "contact",
            "is_restricted": false,
            "is_ultra_restricted": false
        },
        "attachments": [
            {
                "author_name": "camerons",
                "fallback": "[thegooddocsproject\/templates] #52 Suggestion: Add links to the parent concept if applicable",
                "text": "Tamanna Sethi  \n13:49 14 Nov  \nDoc: template-howto\n\nSuggestion: Add links to the parent concept if applicable. For example, it is a 'How-to' about using a toaster, then conceptually there must be an 'About Article' that it can be linked to.\n\nSuggested put under heading: \"Overview\"",
                "title": "#52 Suggestion: Add links to the parent concept if applicable",
                "footer": "<https:\/\/github.com\/thegooddocsproject\/templates|thegooddocsproject\/templates>",
                "id": 1,
                "title_link": "https:\/\/github.com\/thegooddocsproject\/templates\/issues\/52",
                "author_link": "https:\/\/github.com\/camerons",
                "author_icon": "https:\/\/avatars0.githubusercontent.com\/u\/1243535?v=4",
                "footer_icon": "https:\/\/github.githubassets.com\/favicon.ico",
                "ts": 1575144474,
                "color": "cb2431",
                "fields": [
                    {
                        "title": "Labels",
                        "value": "improve, template-howto",
                        "short": true
                    },
                    {
                        "title": "Comments",
                        "value": "1",
                        "short": true
                    }
                ],
                "mrkdwn_in": [
                    "text"
                ],
                "bot_id": "BU8U6P6AH",
                "app_unfurl_url": "https:\/\/github.com\/thegooddocsproject\/templates\/issues\/52",
                "is_app_unfurl": true
            }
        ],
        "blocks": [
            {
                "type": "rich_text",
                "block_id": "1mMBj",
                "elements": [
                    {
                        "type": "rich_text_section",
                        "elements": [
                            {
                                "type": "text",
                                "text": "I noticed in the meeting notes for today we already have an oldest issue:\n\"Issue: "
                            },
                            {
                                "type": "link",
                                "url": "https:\/\/github.com\/thegooddocsproject\/templates\/issues\/52"
                            },
                            {
                                "type": "text",
                                "text": " (Closed, as a PR was already merged)\"\nso do I not need to look up the oldest issue for today?"
                            }
                        ]
                    }
                ]
            }
        ],
        "thread_ts": "1603299080.072800",
        "reply_count": 1,
        "reply_users_count": 1,
        "latest_reply": "1603300813.073000",
        "reply_users": [
            "UKTGLQNGG"
        ],
        "replies": [
            {
                "user": "UKTGLQNGG",
                "ts": "1603300813.073000"
            }
        ],
        "subscribed": false
    },
    {
        "client_msg_id": "9bfb048f-bb99-4027-a0fb-90881fb6de80",
        "type": "message",
        "text": "Your call Aidan. You can pick the next latest issue if you like. Of late, we have been closing issues in both APEC and US timezones.",
        "user": "UKTGLQNGG",
        "ts": "1603300813.073000",
        "team": "TKFJE6LDR",
        "user_team": "TKFJE6LDR",
        "source_team": "TKFJE6LDR",
        "user_profile": {
            "avatar_hash": "d6f4de222bb1",
            "image_72": "https:\/\/avatars.slack-edge.com\/2020-07-20\/1235580478119_d6f4de222bb1ed6b5960_72.jpg",
            "first_name": "Cameron",
            "real_name": "Cameron Shorter",
            "display_name": "cameronshorter",
            "team": "TKFJE6LDR",
            "name": "cameron.shorter",
            "is_restricted": false,
            "is_ultra_restricted": false
        },
        "blocks": [
            {
                "type": "rich_text",
                "block_id": "7yM0y",
                "elements": [
                    {
                        "type": "rich_text_section",
                        "elements": [
                            {
                                "type": "text",
                                "text": "Your call Aidan. You can pick the next latest issue if you like. Of late, we have been closing issues in both APEC and US timezones."
                            }
                        ]
                    }
                ]
            }
        ],
        "thread_ts": "1603299080.072800",
        "parent_user_id": "U019868JEQ0"
    },
    {
        "client_msg_id": "3445b730-0a07-46b5-84ff-83481e882bb2",
        "type": "message",
        "text": "US timezone meeting now: <https:\/\/meet.google.com\/nuj-qvxw-vvt?authuser=0>",
        "user": "UKTGLQNGG",
        "ts": "1603314021.073600",
        "team": "TKFJE6LDR",
        "user_team": "TKFJE6LDR",
        "source_team": "TKFJE6LDR",
        "user_profile": {
            "avatar_hash": "d6f4de222bb1",
            "image_72": "https:\/\/avatars.slack-edge.com\/2020-07-20\/1235580478119_d6f4de222bb1ed6b5960_72.jpg",
            "first_name": "Cameron",
            "real_name": "Cameron Shorter",
            "display_name": "cameronshorter",
            "team": "TKFJE6LDR",
            "name": "cameron.shorter",
            "is_restricted": false,
            "is_ultra_restricted": false
        },
        "attachments": [
            {
                "title": "Meet",
                "title_link": "https:\/\/meet.google.com\/nuj-qvxw-vvt?authuser=0",
                "text": "Real-time meetings by Google. Using your browser, share your video, desktop, and presentations with teammates and customers.",
                "fallback": "Meet",
                "thumb_url": "https:\/\/fonts.gstatic.com\/s\/i\/productlogos\/meet_2020q4\/v1\/web-96dp\/logo_meet_2020q4_color_2x_web_96dp.png",
                "from_url": "https:\/\/meet.google.com\/nuj-qvxw-vvt?authuser=0",
                "thumb_width": 192,
                "thumb_height": 192,
                "service_icon": "http:\/\/fonts.gstatic.com\/s\/i\/productlogos\/meet_2020q4\/v1\/web-24dp\/logo_meet_2020q4_color_1x_web_24dp.png",
                "service_name": "meet.google.com",
                "id": 1,
                "original_url": "https:\/\/meet.google.com\/nuj-qvxw-vvt?authuser=0"
            }
        ],
        "blocks": [
            {
                "type": "rich_text",
                "block_id": "JamkZ",
                "elements": [
                    {
                        "type": "rich_text_section",
                        "elements": [
                            {
                                "type": "text",
                                "text": "US timezone meeting now: "
                            },
                            {
                                "type": "link",
                                "url": "https:\/\/meet.google.com\/nuj-qvxw-vvt?authuser=0"
                            }
                        ]
                    }
                ]
            }
        ]
    }
]