[
    {
        "client_msg_id": "f8660247-8800-4985-bf06-95215ccf45b4",
        "type": "message",
        "text": "Hi folks,\nI purposefully chose a weekend day to share the blog so that we guys have enough time to review and add comments.\nFor those who are unaware of the context: Tom Johnson willingly wanted to host a blog around ‘Good Docs Project’ on his site ‘I’d rather be writing’ and get people interested toward it. So, I wrote the blog from a personal point of how a tech writer’s journey can benefit and work wonders by using the project idea.\nSo, please review and let me know if I should make any modifications! I would be happy to make them. Also, if I’ve missed out any name please help me out. Thank you in advance. :hugging_face:\nHere is the doc: <https:\/\/docs.google.com\/document\/d\/1zMxvcR3MpGLlecZrntQko0t0TZiIVwMRm9OVFW5l19U\/edit?usp=sharing>\n\nP.S. I wanted to share some stats but all I could find was stats from 2017-18, nothing recent. So, if anyone has any resource, please help me, we could add some numbers to show the real plight.",
        "user": "U0170HMB87K",
        "ts": "1604135480.084500",
        "team": "TKFJE6LDR",
        "user_team": "TKFJE6LDR",
        "source_team": "TKFJE6LDR",
        "user_profile": {
            "avatar_hash": "f39553b0636b",
            "image_72": "https:\/\/avatars.slack-edge.com\/2020-07-22\/1249269540710_f39553b0636b29704992_72.jpg",
            "first_name": "",
            "real_name": "Ankita",
            "display_name": "Ankita",
            "team": "TKFJE6LDR",
            "name": "ankitatripathi.2312",
            "is_restricted": false,
            "is_ultra_restricted": false
        },
        "edited": {
            "user": "U0170HMB87K",
            "ts": "1604135580.000000"
        },
        "blocks": [
            {
                "type": "rich_text",
                "block_id": "gvq8x",
                "elements": [
                    {
                        "type": "rich_text_section",
                        "elements": [
                            {
                                "type": "text",
                                "text": "Hi folks,\nI purposefully chose a weekend day to share the blog so that we guys have enough time to review and add comments.\nFor those who are unaware of the context: Tom Johnson willingly wanted to host a blog around ‘Good Docs Project’ on his site ‘I’d rather be writing’ and get people interested toward it. So, I wrote the blog from a personal point of how a tech writer’s journey can benefit and work wonders by using the project idea.\nSo, please review and let me know if I should make any modifications! I would be happy to make them. Also, if I’ve missed out any name please help me out. Thank you in advance. "
                            },
                            {
                                "type": "emoji",
                                "name": "hugging_face"
                            },
                            {
                                "type": "text",
                                "text": "\nHere is the doc: "
                            },
                            {
                                "type": "link",
                                "url": "https:\/\/docs.google.com\/document\/d\/1zMxvcR3MpGLlecZrntQko0t0TZiIVwMRm9OVFW5l19U\/edit?usp=sharing"
                            },
                            {
                                "type": "text",
                                "text": "\n\nP.S. I wanted to share some stats but all I could find was stats from 2017-18, nothing recent. So, if anyone has any resource, please help me, we could add some numbers to show the real plight."
                            }
                        ]
                    }
                ]
            }
        ],
        "thread_ts": "1604135480.084500",
        "reply_count": 11,
        "reply_users_count": 4,
        "latest_reply": "1605062794.098700",
        "reply_users": [
            "UKTGLQNGG",
            "U0170HMB87K",
            "U012KCMPP0V",
            "UQ553K7DY"
        ],
        "replies": [
            {
                "user": "UKTGLQNGG",
                "ts": "1604173130.084800"
            },
            {
                "user": "U0170HMB87K",
                "ts": "1604207374.085000"
            },
            {
                "user": "U012KCMPP0V",
                "ts": "1604332690.085300"
            },
            {
                "user": "U0170HMB87K",
                "ts": "1604378103.085500"
            },
            {
                "user": "U012KCMPP0V",
                "ts": "1604417816.085700"
            },
            {
                "user": "U0170HMB87K",
                "ts": "1604459518.086000"
            },
            {
                "user": "UQ553K7DY",
                "ts": "1604810045.097500"
            },
            {
                "user": "U0170HMB87K",
                "ts": "1604826718.097700"
            },
            {
                "user": "UQ553K7DY",
                "ts": "1604882777.098000"
            },
            {
                "user": "U0170HMB87K",
                "ts": "1605014296.098200"
            },
            {
                "user": "UQ553K7DY",
                "ts": "1605062794.098700"
            }
        ],
        "subscribed": false
    },
    {
        "client_msg_id": "2260a5ea-b895-47c4-817a-db440625de96",
        "type": "message",
        "text": "Nice story telling approach you have taken. I've had a quick read, and added a few comments, but suspect I won't have time to give you the feedback you deserve. I hope someone else can give you a more detailed review. In particular, I think you need a hook first sentence, some polish on your examples, reduce your word-count (ideally by ~ 1\/3 to 1\/2). You have made personal which is great. I'd go even further in places by talking about your feelings being with the project. Maybe how great it is to be able to bounce ideas off other experienced writers, to be able to draw down upon collective wisdom, how great it feels to give back.",
        "user": "UKTGLQNGG",
        "ts": "1604173130.084800",
        "team": "TKFJE6LDR",
        "user_team": "TKFJE6LDR",
        "source_team": "TKFJE6LDR",
        "user_profile": {
            "avatar_hash": "d6f4de222bb1",
            "image_72": "https:\/\/avatars.slack-edge.com\/2020-07-20\/1235580478119_d6f4de222bb1ed6b5960_72.jpg",
            "first_name": "Cameron",
            "real_name": "Cameron Shorter",
            "display_name": "cameronshorter",
            "team": "TKFJE6LDR",
            "name": "cameron.shorter",
            "is_restricted": false,
            "is_ultra_restricted": false
        },
        "blocks": [
            {
                "type": "rich_text",
                "block_id": "Yay",
                "elements": [
                    {
                        "type": "rich_text_section",
                        "elements": [
                            {
                                "type": "text",
                                "text": "Nice story telling approach you have taken. I've had a quick read, and added a few comments, but suspect I won't have time to give you the feedback you deserve. I hope someone else can give you a more detailed review. In particular, I think you need a hook first sentence, some polish on your examples, reduce your word-count (ideally by ~ 1\/3 to 1\/2). You have made personal which is great. I'd go even further in places by talking about your feelings being with the project. Maybe how great it is to be able to bounce ideas off other experienced writers, to be able to draw down upon collective wisdom, how great it feels to give back."
                            }
                        ]
                    }
                ]
            }
        ],
        "thread_ts": "1604135480.084500",
        "parent_user_id": "U0170HMB87K"
    },
    {
        "client_msg_id": "2d4e9af3-cb91-48a3-b094-f5aa9db3e630",
        "type": "message",
        "text": "Awesome, Cameron. Would tweak it as per your suggestions. Thanks a ton:hugging_face:",
        "user": "U0170HMB87K",
        "ts": "1604207374.085000",
        "team": "TKFJE6LDR",
        "user_team": "TKFJE6LDR",
        "source_team": "TKFJE6LDR",
        "user_profile": {
            "avatar_hash": "f39553b0636b",
            "image_72": "https:\/\/avatars.slack-edge.com\/2020-07-22\/1249269540710_f39553b0636b29704992_72.jpg",
            "first_name": "",
            "real_name": "Ankita",
            "display_name": "Ankita",
            "team": "TKFJE6LDR",
            "name": "ankitatripathi.2312",
            "is_restricted": false,
            "is_ultra_restricted": false
        },
        "edited": {
            "user": "U0170HMB87K",
            "ts": "1604207381.000000"
        },
        "blocks": [
            {
                "type": "rich_text",
                "block_id": "j0WgK",
                "elements": [
                    {
                        "type": "rich_text_section",
                        "elements": [
                            {
                                "type": "text",
                                "text": "Awesome, Cameron. Would tweak it as per your suggestions. Thanks a ton"
                            },
                            {
                                "type": "emoji",
                                "name": "hugging_face"
                            }
                        ]
                    }
                ]
            }
        ],
        "thread_ts": "1604135480.084500",
        "parent_user_id": "U0170HMB87K"
    }
]