[
    {
        "type": "message",
        "subtype": "channel_join",
        "ts": "1607287652.006200",
        "user": "U01GEGKBZB3",
        "text": "<@U01GEGKBZB3> has joined the channel",
        "inviter": "UKV4ZPEFQ"
    },
    {
        "client_msg_id": "1bc93bf2-db83-4241-b735-88545cab83fa",
        "type": "message",
        "text": "Just posting link to the repo here so I can pin it <https:\/\/github.com\/thegooddocsproject\/chronologue>",
        "user": "UKV4ZPEFQ",
        "ts": "1607293989.006600",
        "team": "TKFJE6LDR",
        "user_team": "TKFJE6LDR",
        "source_team": "TKFJE6LDR",
        "user_profile": {
            "avatar_hash": "g854c628ef64",
            "image_72": "https:\/\/secure.gravatar.com\/avatar\/6854c628ef64a4c129a994522e17cdf2.jpg?s=72&d=https%3A%2F%2Fa.slack-edge.com%2Fdf10d%2Fimg%2Favatars%2Fava_0007-72.png",
            "first_name": "felicitybrand",
            "real_name": "felicitybrand",
            "display_name": "flicstar",
            "team": "TKFJE6LDR",
            "name": "felicitybrand",
            "is_restricted": false,
            "is_ultra_restricted": false
        },
        "attachments": [
            {
                "fallback": "thegooddocsproject\/chronologue",
                "text": "Fictional project for writing examples in The Good Docs templates.",
                "title": "thegooddocsproject\/chronologue",
                "footer": "<https:\/\/github.com\/thegooddocsproject\/chronologue|thegooddocsproject\/chronologue>",
                "id": 1,
                "footer_icon": "https:\/\/github.githubassets.com\/favicon.ico",
                "ts": 1576714645,
                "color": "24292f",
                "fields": [
                    {
                        "title": "Last updated",
                        "value": "3 months ago",
                        "short": true
                    },
                    {
                        "title": "Forks",
                        "value": "2",
                        "short": true
                    }
                ],
                "mrkdwn_in": [
                    "text",
                    "fields"
                ],
                "bot_id": "BU8U6P6AH",
                "app_unfurl_url": "https:\/\/github.com\/thegooddocsproject\/chronologue",
                "is_app_unfurl": true
            }
        ],
        "blocks": [
            {
                "type": "rich_text",
                "block_id": "Ch4g",
                "elements": [
                    {
                        "type": "rich_text_section",
                        "elements": [
                            {
                                "type": "text",
                                "text": "Just posting link to the repo here so I can pin it "
                            },
                            {
                                "type": "link",
                                "url": "https:\/\/github.com\/thegooddocsproject\/chronologue"
                            }
                        ]
                    }
                ]
            }
        ]
    },
    {
        "client_msg_id": "979a2c86-4bb7-4ebb-bcdb-b580ff0cf85f",
        "type": "message",
        "text": "For newcomers: <https:\/\/thegooddocs.slack.com\/archives\/CQT6T04CW\/p1601611238021900>",
        "user": "UKV4ZPEFQ",
        "ts": "1607294079.007700",
        "team": "TKFJE6LDR",
        "user_team": "TKFJE6LDR",
        "source_team": "TKFJE6LDR",
        "user_profile": {
            "avatar_hash": "g854c628ef64",
            "image_72": "https:\/\/secure.gravatar.com\/avatar\/6854c628ef64a4c129a994522e17cdf2.jpg?s=72&d=https%3A%2F%2Fa.slack-edge.com%2Fdf10d%2Fimg%2Favatars%2Fava_0007-72.png",
            "first_name": "felicitybrand",
            "real_name": "felicitybrand",
            "display_name": "flicstar",
            "team": "TKFJE6LDR",
            "name": "felicitybrand",
            "is_restricted": false,
            "is_ultra_restricted": false
        },
        "attachments": [
            {
                "from_url": "https:\/\/thegooddocs.slack.com\/archives\/CQT6T04CW\/p1601611238021900",
                "fallback": "[October 1st, 2020 9:00 PM] alyssa.rock.biz: If you'd like to join us for the Chronologue project planning meeting, please respond to this Doodle poll to indicate your preferred meeting times!\n<https:\/\/doodle.com\/poll\/ia762vvbydkq9tdt>\n\nDon't know what the Chronologue project is? Read this Google Doc to find out: <https:\/\/docs.google.com\/document\/d\/1YrwKc15_CB5y48myT3_8DhV7gGq0Rmtn0_0d0W5fd5s\/edit?usp=sharing|TGD Exemplar Project>. In our kickoff meeting, we'll choose a name for our example project and start thinking through some of the product details for our time machine---enough details to create documentation examples for it. Feel free to also join <#C016L3962CU|chronologue-docs> to discuss the project!",
                "ts": "1601611238.021900",
                "author_id": "U012KCMPP0V",
                "author_subname": "Alyssa",
                "channel_id": "CQT6T04CW",
                "channel_name": "general",
                "is_msg_unfurl": true,
                "text": "If you'd like to join us for the Chronologue project planning meeting, please respond to this Doodle poll to indicate your preferred meeting times!\n<https:\/\/doodle.com\/poll\/ia762vvbydkq9tdt>\n\nDon't know what the Chronologue project is? Read this Google Doc to find out: <https:\/\/docs.google.com\/document\/d\/1YrwKc15_CB5y48myT3_8DhV7gGq0Rmtn0_0d0W5fd5s\/edit?usp=sharing|TGD Exemplar Project>. In our kickoff meeting, we'll choose a name for our example project and start thinking through some of the product details for our time machine---enough details to create documentation examples for it. Feel free to also join <#C016L3962CU|chronologue-docs> to discuss the project!",
                "author_name": "Alyssa",
                "author_link": "https:\/\/thegooddocs.slack.com\/team\/U012KCMPP0V",
                "author_icon": "https:\/\/avatars.slack-edge.com\/2020-04-27\/1089031639347_b26729f0b5f2375494a1_48.png",
                "mrkdwn_in": [
                    "text"
                ],
                "id": 1,
                "original_url": "https:\/\/thegooddocs.slack.com\/archives\/CQT6T04CW\/p1601611238021900",
                "footer": "Posted in #general"
            }
        ],
        "blocks": [
            {
                "type": "rich_text",
                "block_id": "+ys",
                "elements": [
                    {
                        "type": "rich_text_section",
                        "elements": [
                            {
                                "type": "text",
                                "text": "For newcomers: "
                            },
                            {
                                "type": "link",
                                "url": "https:\/\/thegooddocs.slack.com\/archives\/CQT6T04CW\/p1601611238021900"
                            }
                        ]
                    }
                ]
            }
        ]
    },
    {
        "client_msg_id": "8a4104a4-c3f8-48db-9304-51ebb72923d2",
        "type": "message",
        "text": "I suspect the Doodle poll is closed. We will set up a time in the new year.",
        "user": "UKV4ZPEFQ",
        "ts": "1607294124.008300",
        "team": "TKFJE6LDR",
        "user_team": "TKFJE6LDR",
        "source_team": "TKFJE6LDR",
        "user_profile": {
            "avatar_hash": "g854c628ef64",
            "image_72": "https:\/\/secure.gravatar.com\/avatar\/6854c628ef64a4c129a994522e17cdf2.jpg?s=72&d=https%3A%2F%2Fa.slack-edge.com%2Fdf10d%2Fimg%2Favatars%2Fava_0007-72.png",
            "first_name": "felicitybrand",
            "real_name": "felicitybrand",
            "display_name": "flicstar",
            "team": "TKFJE6LDR",
            "name": "felicitybrand",
            "is_restricted": false,
            "is_ultra_restricted": false
        },
        "blocks": [
            {
                "type": "rich_text",
                "block_id": "g391l",
                "elements": [
                    {
                        "type": "rich_text_section",
                        "elements": [
                            {
                                "type": "text",
                                "text": "I suspect the Doodle poll is closed. We will set up a time in the new year."
                            }
                        ]
                    }
                ]
            }
        ]
    },
    {
        "client_msg_id": "b0318572-9ed9-4bd3-b921-2785591dad61",
        "type": "message",
        "text": "Yep... My work on Chronologue got eclipsed by the need to create a Code of Conduct for our community. (Sigh.) I'm still very interesting in participating, but I don't know if I can drive this project just yet until the Code of Conduct stuff gets to a place where all we have to do is maintain it...",
        "user": "U012KCMPP0V",
        "ts": "1607303623.009500",
        "team": "TKFJE6LDR",
        "user_team": "TKFJE6LDR",
        "source_team": "TKFJE6LDR",
        "user_profile": {
            "avatar_hash": "b26729f0b5f2",
            "image_72": "https:\/\/avatars.slack-edge.com\/2020-04-27\/1089031639347_b26729f0b5f2375494a1_72.png",
            "first_name": "Alyssa",
            "real_name": "Alyssa",
            "display_name": "Alyssa",
            "team": "TKFJE6LDR",
            "name": "alyssa.rock.biz",
            "is_restricted": false,
            "is_ultra_restricted": false
        },
        "blocks": [
            {
                "type": "rich_text",
                "block_id": "MVA\/",
                "elements": [
                    {
                        "type": "rich_text_section",
                        "elements": [
                            {
                                "type": "text",
                                "text": "Yep... My work on Chronologue got eclipsed by the need to create a Code of Conduct for our community. (Sigh.) I'm still very interesting in participating, but I don't know if I can drive this project just yet until the Code of Conduct stuff gets to a place where all we have to do is maintain it..."
                            }
                        ]
                    }
                ]
            }
        ]
    },
    {
        "client_msg_id": "93d1a356-3245-4772-8b79-06993932de0b",
        "type": "message",
        "text": "Yeah, I'm slammed until at least February.",
        "user": "UKV4ZPEFQ",
        "ts": "1607304314.009900",
        "team": "TKFJE6LDR",
        "user_team": "TKFJE6LDR",
        "source_team": "TKFJE6LDR",
        "user_profile": {
            "avatar_hash": "g854c628ef64",
            "image_72": "https:\/\/secure.gravatar.com\/avatar\/6854c628ef64a4c129a994522e17cdf2.jpg?s=72&d=https%3A%2F%2Fa.slack-edge.com%2Fdf10d%2Fimg%2Favatars%2Fava_0007-72.png",
            "first_name": "felicitybrand",
            "real_name": "felicitybrand",
            "display_name": "flicstar",
            "team": "TKFJE6LDR",
            "name": "felicitybrand",
            "is_restricted": false,
            "is_ultra_restricted": false
        },
        "blocks": [
            {
                "type": "rich_text",
                "block_id": "Ja\/p",
                "elements": [
                    {
                        "type": "rich_text_section",
                        "elements": [
                            {
                                "type": "text",
                                "text": "Yeah, I'm slammed until at least February."
                            }
                        ]
                    }
                ]
            }
        ]
    },
    {
        "client_msg_id": "30940a92-3f7b-4396-8b54-55f34fe89ac7",
        "type": "message",
        "text": "Happy for someone else to pick it up and run with it! Otherwise, perhaps it can wait patiently for us shine a light on it.",
        "user": "UKV4ZPEFQ",
        "ts": "1607304384.011000",
        "team": "TKFJE6LDR",
        "user_team": "TKFJE6LDR",
        "source_team": "TKFJE6LDR",
        "user_profile": {
            "avatar_hash": "g854c628ef64",
            "image_72": "https:\/\/secure.gravatar.com\/avatar\/6854c628ef64a4c129a994522e17cdf2.jpg?s=72&d=https%3A%2F%2Fa.slack-edge.com%2Fdf10d%2Fimg%2Favatars%2Fava_0007-72.png",
            "first_name": "felicitybrand",
            "real_name": "felicitybrand",
            "display_name": "flicstar",
            "team": "TKFJE6LDR",
            "name": "felicitybrand",
            "is_restricted": false,
            "is_ultra_restricted": false
        },
        "blocks": [
            {
                "type": "rich_text",
                "block_id": "lVBs",
                "elements": [
                    {
                        "type": "rich_text_section",
                        "elements": [
                            {
                                "type": "text",
                                "text": "Happy for someone else to pick it up and run with it! Otherwise, perhaps it can wait patiently for us shine a light on it."
                            }
                        ]
                    }
                ]
            }
        ]
    },
    {
        "type": "message",
        "subtype": "channel_join",
        "ts": "1607320410.011700",
        "user": "U01GHC71XUZ",
        "text": "<@U01GHC71XUZ> has joined the channel"
    }
]