[
    {
        "client_msg_id": "B2D7A031-1D2D-4AFB-9208-2CF83BDD9B69",
        "type": "message",
        "text": "They’ve moved it online, and we’re still listed as a project that day, although they haven’t contacted me with any information. My guess is that they will have a way for us to break out into separate groups. ",
        "user": "UL3UNUMK6",
        "ts": "1596416646.070200",
        "team": "TKFJE6LDR",
        "user_team": "TKFJE6LDR",
        "source_team": "TKFJE6LDR",
        "user_profile": {
            "avatar_hash": "g886aa2ab03e",
            "image_72": "https:\/\/secure.gravatar.com\/avatar\/1886aa2ab03e30db78524e761889e101.jpg?s=72&d=https%3A%2F%2Fa.slack-edge.com%2Fdf10d%2Fimg%2Favatars%2Fava_0005-72.png",
            "first_name": "",
            "real_name": "Clarence Cromwell",
            "display_name": "",
            "team": "TKFJE6LDR",
            "name": "clarencewcromwell",
            "is_restricted": false,
            "is_ultra_restricted": false
        },
        "blocks": [
            {
                "type": "rich_text",
                "block_id": "WCXh",
                "elements": [
                    {
                        "type": "rich_text_section",
                        "elements": [
                            {
                                "type": "text",
                                "text": "They’ve moved it online, and we’re still listed as a project that day, although they haven’t contacted me with any information. My guess is that they will have a way for us to break out into separate groups. "
                            }
                        ]
                    }
                ]
            }
        ]
    },
    {
        "client_msg_id": "ABABE07C-1983-4BBE-BD62-6B93F2295661",
        "type": "message",
        "text": "I’m still attending, but virtually.",
        "user": "UL3UNUMK6",
        "ts": "1596416794.072600",
        "team": "TKFJE6LDR",
        "user_team": "TKFJE6LDR",
        "source_team": "TKFJE6LDR",
        "user_profile": {
            "avatar_hash": "g886aa2ab03e",
            "image_72": "https:\/\/secure.gravatar.com\/avatar\/1886aa2ab03e30db78524e761889e101.jpg?s=72&d=https%3A%2F%2Fa.slack-edge.com%2Fdf10d%2Fimg%2Favatars%2Fava_0005-72.png",
            "first_name": "",
            "real_name": "Clarence Cromwell",
            "display_name": "",
            "team": "TKFJE6LDR",
            "name": "clarencewcromwell",
            "is_restricted": false,
            "is_ultra_restricted": false
        },
        "blocks": [
            {
                "type": "rich_text",
                "block_id": "mYBjE",
                "elements": [
                    {
                        "type": "rich_text_section",
                        "elements": [
                            {
                                "type": "text",
                                "text": "I’m still attending, but virtually."
                            }
                        ]
                    }
                ]
            }
        ]
    },
    {
        "client_msg_id": "f2b0142d-66f6-4581-ae88-7971ad3b38b2",
        "type": "message",
        "text": "Okay Clarence, great, are you planning to lead the group and do you have an idea about how you would like to do that?",
        "user": "UKTGLQNGG",
        "ts": "1596416846.073500",
        "team": "TKFJE6LDR",
        "user_team": "TKFJE6LDR",
        "source_team": "TKFJE6LDR",
        "user_profile": {
            "avatar_hash": "d6f4de222bb1",
            "image_72": "https:\/\/avatars.slack-edge.com\/2020-07-20\/1235580478119_d6f4de222bb1ed6b5960_72.jpg",
            "first_name": "Cameron",
            "real_name": "Cameron Shorter",
            "display_name": "cameronshorter",
            "team": "TKFJE6LDR",
            "name": "cameron.shorter",
            "is_restricted": false,
            "is_ultra_restricted": false
        },
        "blocks": [
            {
                "type": "rich_text",
                "block_id": "vbIF",
                "elements": [
                    {
                        "type": "rich_text_section",
                        "elements": [
                            {
                                "type": "text",
                                "text": "Okay Clarence, great, are you planning to lead the group and do you have an idea about how you would like to do that?"
                            }
                        ]
                    }
                ]
            }
        ]
    },
    {
        "client_msg_id": "BF52076A-6B64-48F7-948B-ECD732ECA973",
        "type": "message",
        "text": " I have been planning to talk about templates and help people who want to use them on their own projects.",
        "user": "UL3UNUMK6",
        "ts": "1596417818.074900",
        "team": "TKFJE6LDR",
        "user_team": "TKFJE6LDR",
        "source_team": "TKFJE6LDR",
        "user_profile": {
            "avatar_hash": "g886aa2ab03e",
            "image_72": "https:\/\/secure.gravatar.com\/avatar\/1886aa2ab03e30db78524e761889e101.jpg?s=72&d=https%3A%2F%2Fa.slack-edge.com%2Fdf10d%2Fimg%2Favatars%2Fava_0005-72.png",
            "first_name": "",
            "real_name": "Clarence Cromwell",
            "display_name": "",
            "team": "TKFJE6LDR",
            "name": "clarencewcromwell",
            "is_restricted": false,
            "is_ultra_restricted": false
        },
        "blocks": [
            {
                "type": "rich_text",
                "block_id": "LUW",
                "elements": [
                    {
                        "type": "rich_text_section",
                        "elements": [
                            {
                                "type": "text",
                                "text": " I have been planning to talk about templates and help people who want to use them on their own projects."
                            }
                        ]
                    }
                ]
            }
        ],
        "thread_ts": "1596417818.074900",
        "reply_count": 1,
        "reply_users_count": 1,
        "latest_reply": "1596418420.075000",
        "reply_users": [
            "UKTGLQNGG"
        ],
        "replies": [
            {
                "user": "UKTGLQNGG",
                "ts": "1596418420.075000"
            }
        ],
        "subscribed": false
    },
    {
        "client_msg_id": "e5384559-7cff-44b8-9771-8e2cb7fb43a9",
        "type": "message",
        "text": "Sounds like a good plan.",
        "user": "UKTGLQNGG",
        "ts": "1596418420.075000",
        "team": "TKFJE6LDR",
        "user_team": "TKFJE6LDR",
        "source_team": "TKFJE6LDR",
        "user_profile": {
            "avatar_hash": "d6f4de222bb1",
            "image_72": "https:\/\/avatars.slack-edge.com\/2020-07-20\/1235580478119_d6f4de222bb1ed6b5960_72.jpg",
            "first_name": "Cameron",
            "real_name": "Cameron Shorter",
            "display_name": "cameronshorter",
            "team": "TKFJE6LDR",
            "name": "cameron.shorter",
            "is_restricted": false,
            "is_ultra_restricted": false
        },
        "blocks": [
            {
                "type": "rich_text",
                "block_id": "TJBE",
                "elements": [
                    {
                        "type": "rich_text_section",
                        "elements": [
                            {
                                "type": "text",
                                "text": "Sounds like a good plan."
                            }
                        ]
                    }
                ]
            }
        ],
        "thread_ts": "1596417818.074900",
        "parent_user_id": "UL3UNUMK6"
    }
]