[
    {
        "client_msg_id": "53af7efc-ed8a-4843-b415-246957478d2f",
        "type": "message",
        "text": "Write The Docs Portland hack day is in two days (US Sunday). We have a few more ideas floating here. <@UL3UNUMK6>, have you been provided with extra details about running your event? Can we add more text to our description at <https:\/\/www.writethedocs.org\/conf\/portland\/2020\/writing-day\/>",
        "user": "UKTGLQNGG",
        "ts": "1596831135.090700",
        "team": "TKFJE6LDR",
        "user_team": "TKFJE6LDR",
        "source_team": "TKFJE6LDR",
        "user_profile": {
            "avatar_hash": "d6f4de222bb1",
            "image_72": "https:\/\/avatars.slack-edge.com\/2020-07-20\/1235580478119_d6f4de222bb1ed6b5960_72.jpg",
            "first_name": "Cameron",
            "real_name": "Cameron Shorter",
            "display_name": "cameronshorter",
            "team": "TKFJE6LDR",
            "name": "cameron.shorter",
            "is_restricted": false,
            "is_ultra_restricted": false
        },
        "attachments": [
            {
                "service_name": "Write the Docs  Portland 2020",
                "title": "                  Writing Day - Write the Docs   Portland 2020                  ",
                "title_link": "https:\/\/www.writethedocs.org\/conf\/portland\/2020\/writing-day\/",
                "text": "A conference for tech writers, documentarians, and all those who write the docs.",
                "fallback": "Write the Docs  Portland 2020:                   Writing Day - Write the Docs   Portland 2020                  ",
                "image_url": "https:\/\/www.writethedocs.org\/_static\/img\/stickers\/sticker-wtd-colors.png",
                "from_url": "https:\/\/www.writethedocs.org\/conf\/portland\/2020\/writing-day\/",
                "image_width": 250,
                "image_height": 250,
                "image_bytes": 25403,
                "service_icon": "https:\/\/www.writethedocs.org\/_static\/favicon\/apple-icon-57x57.png",
                "id": 1,
                "original_url": "https:\/\/www.writethedocs.org\/conf\/portland\/2020\/writing-day\/"
            }
        ],
        "blocks": [
            {
                "type": "rich_text",
                "block_id": "Alg0P",
                "elements": [
                    {
                        "type": "rich_text_section",
                        "elements": [
                            {
                                "type": "text",
                                "text": "Write The Docs Portland hack day is in two days (US Sunday). We have a few more ideas floating here. "
                            },
                            {
                                "type": "user",
                                "user_id": "UL3UNUMK6"
                            },
                            {
                                "type": "text",
                                "text": ", have you been provided with extra details about running your event? Can we add more text to our description at "
                            },
                            {
                                "type": "link",
                                "url": "https:\/\/www.writethedocs.org\/conf\/portland\/2020\/writing-day\/"
                            }
                        ]
                    }
                ]
            }
        ]
    },
    {
        "client_msg_id": "55c2859e-f40c-41be-9944-7806384ada8e",
        "type": "message",
        "text": "I've suggested that each idea should have a one pager. I'd be happy to help write this today. If you create a Google doc page, I can add to it, or review it. Whichever you prefer. Ideas:\n• <@UL3UNUMK6> is offering to help people write from our templates. \n• <@U015GARCR8X> is wanting to work out how to convert templates from markdown to other wiki formats. Output will likely be a process, tools and config options, a howto. Maybe tips and tricks.\n• <@U012KCMPP0V> is planning to polish her Style Guide Howto.\n• I'd love it if someone could start defining the structure of different Glossary formats, and ask people to come tell us what a perfect glossary entry should be, as per use cases in <https:\/\/docs.google.com\/document\/d\/1Fjrl34ErnYammel9WmvXJ3rMWFANjoSiiGyyNSYOXUg\/edit>\n• Aaron, I think we planning to help <@U015GARCR8X>, but might want to work on one of his other ideas.\n• Anything else?",
        "user": "UKTGLQNGG",
        "ts": "1596831895.098400",
        "team": "TKFJE6LDR",
        "user_team": "TKFJE6LDR",
        "source_team": "TKFJE6LDR",
        "user_profile": {
            "avatar_hash": "d6f4de222bb1",
            "image_72": "https:\/\/avatars.slack-edge.com\/2020-07-20\/1235580478119_d6f4de222bb1ed6b5960_72.jpg",
            "first_name": "Cameron",
            "real_name": "Cameron Shorter",
            "display_name": "cameronshorter",
            "team": "TKFJE6LDR",
            "name": "cameron.shorter",
            "is_restricted": false,
            "is_ultra_restricted": false
        },
        "blocks": [
            {
                "type": "rich_text",
                "block_id": "0Nm",
                "elements": [
                    {
                        "type": "rich_text_section",
                        "elements": [
                            {
                                "type": "text",
                                "text": "I've suggested that each idea should have a one pager. I'd be happy to help write this today. If you create a Google doc page, I can add to it, or review it. Whichever you prefer. Ideas:\n"
                            }
                        ]
                    },
                    {
                        "type": "rich_text_list",
                        "elements": [
                            {
                                "type": "rich_text_section",
                                "elements": [
                                    {
                                        "type": "user",
                                        "user_id": "UL3UNUMK6"
                                    },
                                    {
                                        "type": "text",
                                        "text": " is offering to help people write from our templates. "
                                    }
                                ]
                            },
                            {
                                "type": "rich_text_section",
                                "elements": [
                                    {
                                        "type": "user",
                                        "user_id": "U015GARCR8X"
                                    },
                                    {
                                        "type": "text",
                                        "text": " is wanting to work out how to convert templates from markdown to other wiki formats. Output will likely be a process, tools and config options, a howto. Maybe tips and tricks."
                                    }
                                ]
                            },
                            {
                                "type": "rich_text_section",
                                "elements": [
                                    {
                                        "type": "user",
                                        "user_id": "U012KCMPP0V"
                                    },
                                    {
                                        "type": "text",
                                        "text": " is planning to polish her Style Guide Howto."
                                    }
                                ]
                            },
                            {
                                "type": "rich_text_section",
                                "elements": [
                                    {
                                        "type": "text",
                                        "text": "I'd love it if someone could start defining the structure of different Glossary formats, and ask people to come tell us what a perfect glossary entry should be, as per use cases in "
                                    },
                                    {
                                        "type": "link",
                                        "url": "https:\/\/docs.google.com\/document\/d\/1Fjrl34ErnYammel9WmvXJ3rMWFANjoSiiGyyNSYOXUg\/edit"
                                    }
                                ]
                            },
                            {
                                "type": "rich_text_section",
                                "elements": [
                                    {
                                        "type": "text",
                                        "text": "Aaron, I think we planning to help "
                                    },
                                    {
                                        "type": "user",
                                        "user_id": "U015GARCR8X"
                                    },
                                    {
                                        "type": "text",
                                        "text": ", but might want to work on one of his other ideas."
                                    }
                                ]
                            },
                            {
                                "type": "rich_text_section",
                                "elements": [
                                    {
                                        "type": "text",
                                        "text": "Anything else?"
                                    }
                                ]
                            }
                        ],
                        "style": "bullet",
                        "indent": 0
                    }
                ]
            }
        ],
        "reactions": [
            {
                "name": "+1",
                "users": [
                    "U012KCMPP0V"
                ],
                "count": 1
            }
        ]
    },
    {
        "client_msg_id": "e9722049-a141-4796-a4db-21a4f55bac8d",
        "type": "message",
        "text": "Changes to the write the docs website are by pull request to the Write The Docs\/WWW repo on GitHub. Your guess is as good as mine as to whether they can review and merge that in a few days before the event.",
        "user": "UL3UNUMK6",
        "ts": "1596832044.099800",
        "team": "TKFJE6LDR",
        "user_team": "TKFJE6LDR",
        "source_team": "TKFJE6LDR",
        "user_profile": {
            "avatar_hash": "g886aa2ab03e",
            "image_72": "https:\/\/secure.gravatar.com\/avatar\/1886aa2ab03e30db78524e761889e101.jpg?s=72&d=https%3A%2F%2Fa.slack-edge.com%2Fdf10d%2Fimg%2Favatars%2Fava_0005-72.png",
            "first_name": "",
            "real_name": "Clarence Cromwell",
            "display_name": "",
            "team": "TKFJE6LDR",
            "name": "clarencewcromwell",
            "is_restricted": false,
            "is_ultra_restricted": false
        },
        "blocks": [
            {
                "type": "rich_text",
                "block_id": "yws",
                "elements": [
                    {
                        "type": "rich_text_section",
                        "elements": [
                            {
                                "type": "text",
                                "text": "Changes to the write the docs website are by pull request to the Write The Docs\/WWW repo on GitHub. Your guess is as good as mine as to whether they can review and merge that in a few days before the event."
                            }
                        ]
                    }
                ]
            }
        ]
    },
    {
        "client_msg_id": "1b1ffdfd-ffc6-4423-bf85-388adc6dec08",
        "type": "message",
        "text": "We get time to pitch our writing day activities at the beginning of the day, so the best way to draw a crowd is probably to have a succinct description of each of these activities that can be read at the start of writing day.",
        "user": "UL3UNUMK6",
        "ts": "1596832102.100900",
        "team": "TKFJE6LDR",
        "user_team": "TKFJE6LDR",
        "source_team": "TKFJE6LDR",
        "user_profile": {
            "avatar_hash": "g886aa2ab03e",
            "image_72": "https:\/\/secure.gravatar.com\/avatar\/1886aa2ab03e30db78524e761889e101.jpg?s=72&d=https%3A%2F%2Fa.slack-edge.com%2Fdf10d%2Fimg%2Favatars%2Fava_0005-72.png",
            "first_name": "",
            "real_name": "Clarence Cromwell",
            "display_name": "",
            "team": "TKFJE6LDR",
            "name": "clarencewcromwell",
            "is_restricted": false,
            "is_ultra_restricted": false
        },
        "blocks": [
            {
                "type": "rich_text",
                "block_id": "aAExS",
                "elements": [
                    {
                        "type": "rich_text_section",
                        "elements": [
                            {
                                "type": "text",
                                "text": "We get time to pitch our writing day activities at the beginning of the day, so the best way to draw a crowd is probably to have a succinct description of each of these activities that can be read at the start of writing day."
                            }
                        ]
                    }
                ]
            }
        ]
    },
    {
        "client_msg_id": "f7f5aaf7-54dc-41b8-94f3-d98debf604a8",
        "type": "message",
        "text": "Okay, I'll work up proposed revised text over the next 12 hours, and create a pull request in 24 hours. (I'll reach out to the Portland team and ask them now if they can accept a pull request from us tomorrow).",
        "user": "UKTGLQNGG",
        "ts": "1596834253.102400",
        "team": "TKFJE6LDR",
        "user_team": "TKFJE6LDR",
        "source_team": "TKFJE6LDR",
        "user_profile": {
            "avatar_hash": "d6f4de222bb1",
            "image_72": "https:\/\/avatars.slack-edge.com\/2020-07-20\/1235580478119_d6f4de222bb1ed6b5960_72.jpg",
            "first_name": "Cameron",
            "real_name": "Cameron Shorter",
            "display_name": "cameronshorter",
            "team": "TKFJE6LDR",
            "name": "cameron.shorter",
            "is_restricted": false,
            "is_ultra_restricted": false
        },
        "blocks": [
            {
                "type": "rich_text",
                "block_id": "110vF",
                "elements": [
                    {
                        "type": "rich_text_section",
                        "elements": [
                            {
                                "type": "text",
                                "text": "Okay, I'll work up proposed revised text over the next 12 hours, and create a pull request in 24 hours. (I'll reach out to the Portland team and ask them now if they can accept a pull request from us tomorrow)."
                            }
                        ]
                    }
                ]
            }
        ]
    },
    {
        "client_msg_id": "1ecb1edc-a78c-468f-bc16-8e613269b965",
        "type": "message",
        "text": "<@UL3UNUMK6> <@U015GARCR8X> <@U012KCMPP0V> do you mind if I add your Write The Docs slack handle in this page (as has been done by other projects).",
        "user": "UKTGLQNGG",
        "ts": "1596834461.103700",
        "team": "TKFJE6LDR",
        "user_team": "TKFJE6LDR",
        "source_team": "TKFJE6LDR",
        "user_profile": {
            "avatar_hash": "d6f4de222bb1",
            "image_72": "https:\/\/avatars.slack-edge.com\/2020-07-20\/1235580478119_d6f4de222bb1ed6b5960_72.jpg",
            "first_name": "Cameron",
            "real_name": "Cameron Shorter",
            "display_name": "cameronshorter",
            "team": "TKFJE6LDR",
            "name": "cameron.shorter",
            "is_restricted": false,
            "is_ultra_restricted": false
        },
        "blocks": [
            {
                "type": "rich_text",
                "block_id": "uM8P",
                "elements": [
                    {
                        "type": "rich_text_section",
                        "elements": [
                            {
                                "type": "user",
                                "user_id": "UL3UNUMK6"
                            },
                            {
                                "type": "text",
                                "text": " "
                            },
                            {
                                "type": "user",
                                "user_id": "U015GARCR8X"
                            },
                            {
                                "type": "text",
                                "text": " "
                            },
                            {
                                "type": "user",
                                "user_id": "U012KCMPP0V"
                            },
                            {
                                "type": "text",
                                "text": " do you mind if I add your Write The Docs slack handle in this page (as has been done by other projects)."
                            }
                        ]
                    }
                ]
            }
        ],
        "thread_ts": "1596834461.103700",
        "reply_count": 2,
        "reply_users_count": 2,
        "latest_reply": "1596943364.108700",
        "reply_users": [
            "U012KCMPP0V",
            "U015GARCR8X"
        ],
        "replies": [
            {
                "user": "U012KCMPP0V",
                "ts": "1596834483.103800"
            },
            {
                "user": "U015GARCR8X",
                "ts": "1596943364.108700"
            }
        ],
        "subscribed": false,
        "reactions": [
            {
                "name": "+1",
                "users": [
                    "U015GARCR8X"
                ],
                "count": 1
            }
        ]
    },
    {
        "client_msg_id": "bfa8e27c-5f03-4833-852b-d52dbdbedb0f",
        "type": "message",
        "text": "Totally fine with me!",
        "user": "U012KCMPP0V",
        "ts": "1596834483.103800",
        "team": "TKFJE6LDR",
        "user_team": "TKFJE6LDR",
        "source_team": "TKFJE6LDR",
        "user_profile": {
            "avatar_hash": "b26729f0b5f2",
            "image_72": "https:\/\/avatars.slack-edge.com\/2020-04-27\/1089031639347_b26729f0b5f2375494a1_72.png",
            "first_name": "Alyssa",
            "real_name": "Alyssa",
            "display_name": "Alyssa",
            "team": "TKFJE6LDR",
            "name": "alyssa.rock.biz",
            "is_restricted": false,
            "is_ultra_restricted": false
        },
        "blocks": [
            {
                "type": "rich_text",
                "block_id": "N3SRT",
                "elements": [
                    {
                        "type": "rich_text_section",
                        "elements": [
                            {
                                "type": "text",
                                "text": "Totally fine with me!"
                            }
                        ]
                    }
                ]
            }
        ],
        "thread_ts": "1596834461.103700",
        "parent_user_id": "UKTGLQNGG"
    },
    {
        "client_msg_id": "2d9c07cf-b4eb-4f68-b266-f6e357465c5a",
        "type": "message",
        "text": "Go ahead",
        "user": "UL3UNUMK6",
        "ts": "1596834499.104100",
        "team": "TKFJE6LDR",
        "user_team": "TKFJE6LDR",
        "source_team": "TKFJE6LDR",
        "user_profile": {
            "avatar_hash": "g886aa2ab03e",
            "image_72": "https:\/\/secure.gravatar.com\/avatar\/1886aa2ab03e30db78524e761889e101.jpg?s=72&d=https%3A%2F%2Fa.slack-edge.com%2Fdf10d%2Fimg%2Favatars%2Fava_0005-72.png",
            "first_name": "",
            "real_name": "Clarence Cromwell",
            "display_name": "",
            "team": "TKFJE6LDR",
            "name": "clarencewcromwell",
            "is_restricted": false,
            "is_ultra_restricted": false
        },
        "blocks": [
            {
                "type": "rich_text",
                "block_id": "9zc",
                "elements": [
                    {
                        "type": "rich_text_section",
                        "elements": [
                            {
                                "type": "text",
                                "text": "Go ahead"
                            }
                        ]
                    }
                ]
            }
        ]
    },
    {
        "client_msg_id": "c61da8a7-1aa3-46ff-8a31-513c981c7121",
        "type": "message",
        "text": "I think the existing text sums up what I planned to do: “Visit our table if you have new documentation to create, or if you want to try your existing docs against our checklists …” I’d like to help people who are starting a project or fixing one and want the benefit of templates to make sure that they’ve included everything and organized it the right way.",
        "user": "UL3UNUMK6",
        "ts": "1596834705.105700",
        "team": "TKFJE6LDR",
        "user_team": "TKFJE6LDR",
        "source_team": "TKFJE6LDR",
        "user_profile": {
            "avatar_hash": "g886aa2ab03e",
            "image_72": "https:\/\/secure.gravatar.com\/avatar\/1886aa2ab03e30db78524e761889e101.jpg?s=72&d=https%3A%2F%2Fa.slack-edge.com%2Fdf10d%2Fimg%2Favatars%2Fava_0005-72.png",
            "first_name": "",
            "real_name": "Clarence Cromwell",
            "display_name": "",
            "team": "TKFJE6LDR",
            "name": "clarencewcromwell",
            "is_restricted": false,
            "is_ultra_restricted": false
        },
        "blocks": [
            {
                "type": "rich_text",
                "block_id": "2Adx",
                "elements": [
                    {
                        "type": "rich_text_section",
                        "elements": [
                            {
                                "type": "text",
                                "text": "I think the existing text sums up what I planned to do: “Visit our table if you have new documentation to create, or if you want to try your existing docs against our checklists …” I’d like to help people who are starting a project or fixing one and want the benefit of templates to make sure that they’ve included everything and organized it the right way."
                            }
                        ]
                    }
                ]
            }
        ]
    },
    {
        "client_msg_id": "e50b556b-22af-49c8-9136-3706c0f7962b",
        "type": "message",
        "text": "Okay, proposed updated description for the Write-the-Docs Portland (for our projects): <https:\/\/github.com\/camerons\/www\/blob\/tgd-portland2020\/docs\/conf\/portland\/2020\/writing-day.rst> <@UL3UNUMK6> <@U015GARCR8X> <@U012KCMPP0V> <@UL2AA1FF1> <@U015W4HK0HL> I think you are all planning to be there? Anything I should address? Like maybe add your name to a task?",
        "user": "UKTGLQNGG",
        "ts": "1596844414.107500",
        "team": "TKFJE6LDR",
        "user_team": "TKFJE6LDR",
        "source_team": "TKFJE6LDR",
        "user_profile": {
            "avatar_hash": "d6f4de222bb1",
            "image_72": "https:\/\/avatars.slack-edge.com\/2020-07-20\/1235580478119_d6f4de222bb1ed6b5960_72.jpg",
            "first_name": "Cameron",
            "real_name": "Cameron Shorter",
            "display_name": "cameronshorter",
            "team": "TKFJE6LDR",
            "name": "cameron.shorter",
            "is_restricted": false,
            "is_ultra_restricted": false
        },
        "attachments": [
            {
                "fallback": "[camerons\/www] docs\/conf\/portland\/2020\/writing-day.rst",
                "text": "```\n:template: {{year}}\/generic.html\n:banner: _static\/conf\/images\/headers\/writing-day.png\n\nWriting Day\n===========\n\n{% include \"conf\/events\/writing-day.rst\" %}\n\nSchedule\n--------\n\n- Date &amp; Time: **{{date.day_two.dotw}}, {{date.day_two.date}}, 9:30am-5pm**.\n- Location: **{{about.venue}}**.\n\nYour Project Here\n-----------------\n\nThe Good Docs Project\n---------------------\n\n `The Good Docs Project <https:\/\/thegooddocsproject.dev>`_  is collating best practices for creating great docs. At Write the Docs Portland we'll be focusing on four key topics:\n\n**Templates**\n\nYou've just been asked by your team to create documentation for your project. But what kind of document should you create? (An FAQ? A README?) What is supposed to be in it? How do you begin?\n\n `The Good Docs Project's templates <https:\/\/github.com\/thegooddocsproject\/templates>`_ can help.\n\nWe're working on a set of templates to make it easier to write documentation by suggesting the content needed to create the minimum viable set of documentation for your project. Drop by if you have new documentation to create, or if you want to try your existing docs against our checklists, or if you just want to talk about templates.\n\nReach out to @ccromwell on WTD slack if interested.\n\n**How would you customize a style guide?**\n\nWe have a draft `Style guide template <https:\/\/docs.google.com\/document\/d\/1HxtaiayAJZvF0ZfNjLvRH3vYMvGTEki_TK8hFilQNJ0>`_ and would love feedback from tech writers. (Please use comments rather than track changes in the doc - it is easier to maintain.)\n\nReach out to @alyssa on WTD slack if interested.\n\n**Transform templates to your wiki format**\n\nWe want to be able to convert our markdown templates to your format? What tools, configuration settings, and how-tos should we have for this?\n\nReach out to @ScriptAutomate on WTD slack if interested.\n\n**What should a glossary or word list look like?**\n\nWe are kicking off a pilot to define best practices for `cross-domain management of glossaries <https:\/\/docs.google.com\/document\/d\/1Fjrl34ErnYammel9WmvXJ3rMWFANjoSiiGyyNSYOXUg\/>`_. We want help defining what an ideal glossary entry or preferred word list entry should look like. Work will happen in this `glossary entry <https:\/\/docs.google.com\/document\/d\/1wsSLQ_T8skVdlvjF5ayZa5IhKbTazdqm97lHX0qc16Q>`_ page.\n\nReach out to @alyssa and @cameronshorter on WTD slack if interested. (@cameronshorter is in the Australian timezone.)\n\n**General chit-chat**\n\nWe hang out in `<http:\/\/thegooddocs.slack.com|thegooddocs.slack.com> <https:\/\/join.slack.com\/t\/thegooddocs\/shared_invite\/enQtODkyNjI5MDc0NjE0LTUyNGFiZmU1MjIzNDMwN2E3NmQwODQwZmRkYWI5MDhlMzdjYzg4Nzg4YjM3ODA0NGE4MTgyYzdkMGViMTI2MDM>`_.\n\nWrite The Docs Meetups\n----------------------\n\nOrganizing local Write The Docs meetup communities is a rewarding way to participate. During Writing Day, we'll have a table where we can share tips and best practices, espcially in this time where all of our meetups are virtual.\n\nGitLab - Meet the Docs Team and Contribute to the Docs\n------------------------------------------------------\n\n`GitLab <https:\/\/about.gitlab.com>`_ is an open core single application for\nthe entire software development lifecycle. It covers everything from project\nplanning and source code management to CI\/CD, monitoring, and security.\n\nOur `documentation <https:\/\/docs.gitlab.com>`_ is open source and everybody can\ncontribute to it. All the content is hosted on <http:\/\/GitLab.com|GitLab.com>, so you will need a\n`<http:\/\/GitLab.com|GitLab.com> account <https:\/\/gitlab.com\/users\/sign_up>`_.\n\nFor more information, see our `GitLab issue <https:\/\/gitlab.com\/gitlab-org\/technical-writing\/-\/issues\/217>`_.\n\nOnce you find the issue you want to work on:\n\n#. Add a comment mentioning `@gl-docsteam` to inform us that you’re working on this for Writing Day (and tell us in person!).\n#. Create a merge request with your proposed changes.\n\nOnce your merge request is reviewed and merged, it will appear on the docs site\nshortly!\n\nIf you have any questions, you can reach to us in person or in Slack: `@amyq`, `@arty-chan`, `@mikejang`, `@miketechnically`, `@selhorn`, `@Ray Paik`.\n\nMDN Web Docs\n------------\n`MDN Web Docs <https:\/\/developer.mozilla.org>`_ is a source of references, guides, and tutorials on standards-based web technologies, much loved by web developers. It was chosen as #1 for Documentation in the Developer’s Choice Awards for 2018, conducted by SlashData.\n\nYet, MDN Web Docs needs help from documentarians—whether you are a programmer, web designer, or someone else who cares about web technology. MDN is a wiki, so anyone can contribute to content. You can use your Google or GitHub credentials to create a wiki account. \n\nWe have `tasks for you to help with content issues and editorial reviews <https:\/\/docs.google.com\/document\/d\/1q6BiE1-RJPFoe2IAghqhRbm0vci24k2nBLqdd_Dqn7o\/edit?usp=sharing>`_.\n\nLook for `@jmswisher` in the WTD slack for help and questions.\n\n\n\n\n```",
                "title": "docs\/conf\/portland\/2020\/writing-day.rst",
                "footer": "<https:\/\/github.com\/camerons\/www|camerons\/www>",
                "id": 1,
                "title_link": "https:\/\/github.com\/camerons\/www\/blob\/tgd-portland2020\/docs\/conf\/portland\/2020\/writing-day.rst",
                "footer_icon": "https:\/\/github.githubassets.com\/favicon.ico",
                "color": "24292f",
                "mrkdwn_in": [
                    "text"
                ],
                "bot_id": "BU8U6P6AH",
                "app_unfurl_url": "https:\/\/github.com\/camerons\/www\/blob\/tgd-portland2020\/docs\/conf\/portland\/2020\/writing-day.rst",
                "is_app_unfurl": true
            }
        ],
        "blocks": [
            {
                "type": "rich_text",
                "block_id": "SIPzN",
                "elements": [
                    {
                        "type": "rich_text_section",
                        "elements": [
                            {
                                "type": "text",
                                "text": "Okay, proposed updated description for the Write-the-Docs Portland (for our projects): "
                            },
                            {
                                "type": "link",
                                "url": "https:\/\/github.com\/camerons\/www\/blob\/tgd-portland2020\/docs\/conf\/portland\/2020\/writing-day.rst"
                            },
                            {
                                "type": "text",
                                "text": " "
                            },
                            {
                                "type": "user",
                                "user_id": "UL3UNUMK6"
                            },
                            {
                                "type": "text",
                                "text": " "
                            },
                            {
                                "type": "user",
                                "user_id": "U015GARCR8X"
                            },
                            {
                                "type": "text",
                                "text": " "
                            },
                            {
                                "type": "user",
                                "user_id": "U012KCMPP0V"
                            },
                            {
                                "type": "text",
                                "text": " "
                            },
                            {
                                "type": "user",
                                "user_id": "UL2AA1FF1"
                            },
                            {
                                "type": "text",
                                "text": " "
                            },
                            {
                                "type": "user",
                                "user_id": "U015W4HK0HL"
                            },
                            {
                                "type": "text",
                                "text": " I think you are all planning to be there? Anything I should address? Like maybe add your name to a task?"
                            }
                        ]
                    }
                ]
            }
        ],
        "thread_ts": "1596844414.107500",
        "reply_count": 1,
        "reply_users_count": 1,
        "latest_reply": "1596901459.108200",
        "reply_users": [
            "UL2AA1FF1"
        ],
        "replies": [
            {
                "user": "UL2AA1FF1",
                "ts": "1596901459.108200"
            }
        ],
        "subscribed": false
    },
    {
        "client_msg_id": "05BC0F89-E8AE-4913-BB67-E08701B3C281",
        "type": "message",
        "text": "Works for me.",
        "user": "UL3UNUMK6",
        "ts": "1596855695.107900",
        "team": "TKFJE6LDR",
        "user_team": "TKFJE6LDR",
        "source_team": "TKFJE6LDR",
        "user_profile": {
            "avatar_hash": "g886aa2ab03e",
            "image_72": "https:\/\/secure.gravatar.com\/avatar\/1886aa2ab03e30db78524e761889e101.jpg?s=72&d=https%3A%2F%2Fa.slack-edge.com%2Fdf10d%2Fimg%2Favatars%2Fava_0005-72.png",
            "first_name": "",
            "real_name": "Clarence Cromwell",
            "display_name": "",
            "team": "TKFJE6LDR",
            "name": "clarencewcromwell",
            "is_restricted": false,
            "is_ultra_restricted": false
        },
        "blocks": [
            {
                "type": "rich_text",
                "block_id": "oxjb",
                "elements": [
                    {
                        "type": "rich_text_section",
                        "elements": [
                            {
                                "type": "text",
                                "text": "Works for me."
                            }
                        ]
                    }
                ]
            }
        ]
    }
]