[
    {
        "client_msg_id": "82ab5a3c-9b9f-45e8-97bf-c3e48bd2d418",
        "type": "message",
        "text": "Good one, thanks for sharing <@UL2AA1FF1> :blush:",
        "user": "U0174BRV404",
        "ts": "1594803579.011500",
        "team": "TKFJE6LDR",
        "user_team": "TKFJE6LDR",
        "source_team": "TKFJE6LDR",
        "user_profile": {
            "avatar_hash": "g573d72c0bca",
            "image_72": "https:\/\/secure.gravatar.com\/avatar\/573d72c0bca8a54e4b8d8ef24ddf8f10.jpg?s=72&d=https%3A%2F%2Fa.slack-edge.com%2Fdf10d%2Fimg%2Favatars%2Fava_0022-72.png",
            "first_name": "",
            "real_name": "Viraji Ogodapola",
            "display_name": "Viraji Ogodapola",
            "team": "TKFJE6LDR",
            "name": "viraji",
            "is_restricted": false,
            "is_ultra_restricted": false
        },
        "blocks": [
            {
                "type": "rich_text",
                "block_id": "zll",
                "elements": [
                    {
                        "type": "rich_text_section",
                        "elements": [
                            {
                                "type": "text",
                                "text": "Good one, thanks for sharing "
                            },
                            {
                                "type": "user",
                                "user_id": "UL2AA1FF1"
                            },
                            {
                                "type": "text",
                                "text": " "
                            },
                            {
                                "type": "emoji",
                                "name": "blush"
                            }
                        ]
                    }
                ]
            }
        ]
    },
    {
        "client_msg_id": "d19219ca-1e59-49fb-b8f5-678c5f5f1edc",
        "type": "message",
        "text": "Guys, so I'm just getting myself oriented, going through shared material.. meanwhile, if there's anything specific that you'd like me to work on\/need my help with, do let me know OK?",
        "user": "U0174BRV404",
        "ts": "1594803681.013000",
        "team": "TKFJE6LDR",
        "user_team": "TKFJE6LDR",
        "source_team": "TKFJE6LDR",
        "user_profile": {
            "avatar_hash": "g573d72c0bca",
            "image_72": "https:\/\/secure.gravatar.com\/avatar\/573d72c0bca8a54e4b8d8ef24ddf8f10.jpg?s=72&d=https%3A%2F%2Fa.slack-edge.com%2Fdf10d%2Fimg%2Favatars%2Fava_0022-72.png",
            "first_name": "",
            "real_name": "Viraji Ogodapola",
            "display_name": "Viraji Ogodapola",
            "team": "TKFJE6LDR",
            "name": "viraji",
            "is_restricted": false,
            "is_ultra_restricted": false
        },
        "blocks": [
            {
                "type": "rich_text",
                "block_id": "tQMt2",
                "elements": [
                    {
                        "type": "rich_text_section",
                        "elements": [
                            {
                                "type": "text",
                                "text": "Guys, so I'm just getting myself oriented, going through shared material.. meanwhile, if there's anything specific that you'd like me to work on\/need my help with, do let me know OK?"
                            }
                        ]
                    }
                ]
            }
        ]
    },
    {
        "client_msg_id": "9d80693a-544e-4769-85f9-1b567527c5bd",
        "type": "message",
        "text": "<@UQ553K7DY> (Lana), <@U011GCVJFQF>, <@U014V7JDGPM> - I got to go through your proposals...  they were quite insightful, glad to be working alongside you all.. :slightly_smiling_face:",
        "user": "U0174BRV404",
        "ts": "1594804132.016200",
        "team": "TKFJE6LDR",
        "user_team": "TKFJE6LDR",
        "source_team": "TKFJE6LDR",
        "user_profile": {
            "avatar_hash": "g573d72c0bca",
            "image_72": "https:\/\/secure.gravatar.com\/avatar\/573d72c0bca8a54e4b8d8ef24ddf8f10.jpg?s=72&d=https%3A%2F%2Fa.slack-edge.com%2Fdf10d%2Fimg%2Favatars%2Fava_0022-72.png",
            "first_name": "",
            "real_name": "Viraji Ogodapola",
            "display_name": "Viraji Ogodapola",
            "team": "TKFJE6LDR",
            "name": "viraji",
            "is_restricted": false,
            "is_ultra_restricted": false
        },
        "blocks": [
            {
                "type": "rich_text",
                "block_id": "tqTjg",
                "elements": [
                    {
                        "type": "rich_text_section",
                        "elements": [
                            {
                                "type": "user",
                                "user_id": "UQ553K7DY"
                            },
                            {
                                "type": "text",
                                "text": " (Lana), "
                            },
                            {
                                "type": "user",
                                "user_id": "U011GCVJFQF"
                            },
                            {
                                "type": "text",
                                "text": ", "
                            },
                            {
                                "type": "user",
                                "user_id": "U014V7JDGPM"
                            },
                            {
                                "type": "text",
                                "text": " - I got to go through your proposals...  they were quite insightful, glad to be working alongside you all.. "
                            },
                            {
                                "type": "emoji",
                                "name": "slightly_smiling_face"
                            }
                        ]
                    }
                ]
            }
        ],
        "reactions": [
            {
                "name": "sparkling_heart",
                "users": [
                    "UQ553K7DY"
                ],
                "count": 1
            }
        ]
    },
    {
        "client_msg_id": "155ecf9b-cf6b-4152-a912-e6d5ddc43dfb",
        "type": "message",
        "text": "<@U0174BRV404> where is your proposal? i would like to read it",
        "user": "UQ553K7DY",
        "ts": "1594804178.017300",
        "team": "TKFJE6LDR",
        "user_team": "TKFJE6LDR",
        "source_team": "TKFJE6LDR",
        "user_profile": {
            "avatar_hash": "e0f8604c1079",
            "image_72": "https:\/\/avatars.slack-edge.com\/2020-10-26\/1445509834998_e0f8604c1079f923f3e9_72.png",
            "first_name": "Loquacity",
            "real_name": "Loquacity",
            "display_name": "Loquacity",
            "team": "TKFJE6LDR",
            "name": "slack1",
            "is_restricted": false,
            "is_ultra_restricted": false
        },
        "blocks": [
            {
                "type": "rich_text",
                "block_id": "UNBEu",
                "elements": [
                    {
                        "type": "rich_text_section",
                        "elements": [
                            {
                                "type": "user",
                                "user_id": "U0174BRV404"
                            },
                            {
                                "type": "text",
                                "text": " where is your proposal? i would like to read it"
                            }
                        ]
                    }
                ]
            }
        ],
        "thread_ts": "1594804178.017300",
        "reply_count": 4,
        "reply_users_count": 2,
        "latest_reply": "1594813121.019600",
        "reply_users": [
            "U0174BRV404",
            "UQ553K7DY"
        ],
        "replies": [
            {
                "user": "U0174BRV404",
                "ts": "1594804403.018500"
            },
            {
                "user": "U0174BRV404",
                "ts": "1594804473.019000"
            },
            {
                "user": "U0174BRV404",
                "ts": "1594804563.019300"
            },
            {
                "user": "UQ553K7DY",
                "ts": "1594813121.019600"
            }
        ],
        "subscribed": false
    },
    {
        "client_msg_id": "d149d1c6-d8ff-4e4f-8098-e166f6e995a9",
        "type": "message",
        "text": "and <@UKV4ZPEFQ>, I'm happy to find you here! :slightly_smiling_face: I went through your blog where you've shared last year's project experience at Season of Docs - I found that very useful! :+1:",
        "user": "U0174BRV404",
        "ts": "1594804239.018400",
        "team": "TKFJE6LDR",
        "user_team": "TKFJE6LDR",
        "source_team": "TKFJE6LDR",
        "user_profile": {
            "avatar_hash": "g573d72c0bca",
            "image_72": "https:\/\/secure.gravatar.com\/avatar\/573d72c0bca8a54e4b8d8ef24ddf8f10.jpg?s=72&d=https%3A%2F%2Fa.slack-edge.com%2Fdf10d%2Fimg%2Favatars%2Fava_0022-72.png",
            "first_name": "",
            "real_name": "Viraji Ogodapola",
            "display_name": "Viraji Ogodapola",
            "team": "TKFJE6LDR",
            "name": "viraji",
            "is_restricted": false,
            "is_ultra_restricted": false
        },
        "blocks": [
            {
                "type": "rich_text",
                "block_id": "VOU",
                "elements": [
                    {
                        "type": "rich_text_section",
                        "elements": [
                            {
                                "type": "text",
                                "text": "and "
                            },
                            {
                                "type": "user",
                                "user_id": "UKV4ZPEFQ"
                            },
                            {
                                "type": "text",
                                "text": ", I'm happy to find you here! "
                            },
                            {
                                "type": "emoji",
                                "name": "slightly_smiling_face"
                            },
                            {
                                "type": "text",
                                "text": " I went through your blog where you've shared last year's project experience at Season of Docs - I found that very useful! "
                            },
                            {
                                "type": "emoji",
                                "name": "+1"
                            }
                        ]
                    }
                ]
            }
        ],
        "reactions": [
            {
                "name": "wave",
                "users": [
                    "UKV4ZPEFQ"
                ],
                "count": 1
            }
        ]
    },
    {
        "type": "message",
        "subtype": "thread_broadcast",
        "text": "mine is shared at:\n<https:\/\/docs.google.com\/document\/d\/1eI6aVG19PnwGSrnQFUs8KjPh9Xdsh51jzXCsa9Fvuh4\/edit?usp=sharing>",
        "user": "U0174BRV404",
        "ts": "1594804403.018500",
        "thread_ts": "1594804178.017300",
        "root": {
            "client_msg_id": "155ecf9b-cf6b-4152-a912-e6d5ddc43dfb",
            "type": "message",
            "text": "<@U0174BRV404> where is your proposal? i would like to read it",
            "user": "UQ553K7DY",
            "ts": "1594804178.017300",
            "team": "TKFJE6LDR",
            "blocks": [
                {
                    "type": "rich_text",
                    "block_id": "UNBEu",
                    "elements": [
                        {
                            "type": "rich_text_section",
                            "elements": [
                                {
                                    "type": "user",
                                    "user_id": "U0174BRV404"
                                },
                                {
                                    "type": "text",
                                    "text": " where is your proposal? i would like to read it"
                                }
                            ]
                        }
                    ]
                }
            ],
            "thread_ts": "1594804178.017300",
            "reply_count": 4,
            "reply_users_count": 2,
            "latest_reply": "1594813121.019600",
            "reply_users": [
                "U0174BRV404",
                "UQ553K7DY"
            ],
            "subscribed": false
        },
        "blocks": [
            {
                "type": "rich_text",
                "block_id": "i+fP",
                "elements": [
                    {
                        "type": "rich_text_section",
                        "elements": [
                            {
                                "type": "text",
                                "text": "mine is shared at:\n"
                            },
                            {
                                "type": "link",
                                "url": "https:\/\/docs.google.com\/document\/d\/1eI6aVG19PnwGSrnQFUs8KjPh9Xdsh51jzXCsa9Fvuh4\/edit?usp=sharing"
                            }
                        ]
                    }
                ]
            }
        ],
        "client_msg_id": "b5e5563a-e130-41f7-bcab-565c8a103a74"
    },
    {
        "type": "message",
        "subtype": "thread_broadcast",
        "text": "I have not gone evaluated the technical details like you all though.. :see_no_evil:",
        "user": "U0174BRV404",
        "ts": "1594804473.019000",
        "thread_ts": "1594804178.017300",
        "root": {
            "client_msg_id": "155ecf9b-cf6b-4152-a912-e6d5ddc43dfb",
            "type": "message",
            "text": "<@U0174BRV404> where is your proposal? i would like to read it",
            "user": "UQ553K7DY",
            "ts": "1594804178.017300",
            "team": "TKFJE6LDR",
            "blocks": [
                {
                    "type": "rich_text",
                    "block_id": "UNBEu",
                    "elements": [
                        {
                            "type": "rich_text_section",
                            "elements": [
                                {
                                    "type": "user",
                                    "user_id": "U0174BRV404"
                                },
                                {
                                    "type": "text",
                                    "text": " where is your proposal? i would like to read it"
                                }
                            ]
                        }
                    ]
                }
            ],
            "thread_ts": "1594804178.017300",
            "reply_count": 4,
            "reply_users_count": 2,
            "latest_reply": "1594813121.019600",
            "reply_users": [
                "U0174BRV404",
                "UQ553K7DY"
            ],
            "subscribed": false
        },
        "blocks": [
            {
                "type": "rich_text",
                "block_id": "dFUW",
                "elements": [
                    {
                        "type": "rich_text_section",
                        "elements": [
                            {
                                "type": "text",
                                "text": "I have not gone evaluated the technical details like you all though.. "
                            },
                            {
                                "type": "emoji",
                                "name": "see_no_evil"
                            }
                        ]
                    }
                ]
            }
        ],
        "client_msg_id": "3b0510ea-6112-495f-b603-97053adb3fc1"
    },
    {
        "type": "message",
        "subtype": "thread_broadcast",
        "text": "I have not evaluated* (sorry, 'gone' to be deleted)",
        "user": "U0174BRV404",
        "ts": "1594804563.019300",
        "thread_ts": "1594804178.017300",
        "root": {
            "client_msg_id": "155ecf9b-cf6b-4152-a912-e6d5ddc43dfb",
            "type": "message",
            "text": "<@U0174BRV404> where is your proposal? i would like to read it",
            "user": "UQ553K7DY",
            "ts": "1594804178.017300",
            "team": "TKFJE6LDR",
            "blocks": [
                {
                    "type": "rich_text",
                    "block_id": "UNBEu",
                    "elements": [
                        {
                            "type": "rich_text_section",
                            "elements": [
                                {
                                    "type": "user",
                                    "user_id": "U0174BRV404"
                                },
                                {
                                    "type": "text",
                                    "text": " where is your proposal? i would like to read it"
                                }
                            ]
                        }
                    ]
                }
            ],
            "thread_ts": "1594804178.017300",
            "reply_count": 4,
            "reply_users_count": 2,
            "latest_reply": "1594813121.019600",
            "reply_users": [
                "U0174BRV404",
                "UQ553K7DY"
            ],
            "subscribed": false
        },
        "blocks": [
            {
                "type": "rich_text",
                "block_id": "m4aW",
                "elements": [
                    {
                        "type": "rich_text_section",
                        "elements": [
                            {
                                "type": "text",
                                "text": "I have not evaluated* (sorry, 'gone' to be deleted)"
                            }
                        ]
                    }
                ]
            }
        ],
        "client_msg_id": "9676f62c-743f-47ec-a7c3-efc4c3b02768"
    },
    {
        "client_msg_id": "022286ff-aef9-482f-ab49-9c440874b1fe",
        "type": "message",
        "text": "thanks! i'll have a read through :slightly_smiling_face:",
        "user": "UQ553K7DY",
        "ts": "1594813121.019600",
        "team": "TKFJE6LDR",
        "user_team": "TKFJE6LDR",
        "source_team": "TKFJE6LDR",
        "user_profile": {
            "avatar_hash": "e0f8604c1079",
            "image_72": "https:\/\/avatars.slack-edge.com\/2020-10-26\/1445509834998_e0f8604c1079f923f3e9_72.png",
            "first_name": "Loquacity",
            "real_name": "Loquacity",
            "display_name": "Loquacity",
            "team": "TKFJE6LDR",
            "name": "slack1",
            "is_restricted": false,
            "is_ultra_restricted": false
        },
        "blocks": [
            {
                "type": "rich_text",
                "block_id": "ff+",
                "elements": [
                    {
                        "type": "rich_text_section",
                        "elements": [
                            {
                                "type": "text",
                                "text": "thanks! i'll have a read through "
                            },
                            {
                                "type": "emoji",
                                "name": "slightly_smiling_face"
                            }
                        ]
                    }
                ]
            }
        ],
        "thread_ts": "1594804178.017300",
        "parent_user_id": "UQ553K7DY"
    },
    {
        "client_msg_id": "f6e5f09a-c1d9-436d-83ba-fa98ad355808",
        "type": "message",
        "text": "I was looking at some old PRs for the next meeting (I later actually looked at the agenda and saw the _real_ oldest PRs) and ran across this one: <https:\/\/github.com\/thegooddocsproject\/templates\/pull\/137>",
        "user": "U011GCVJFQF",
        "ts": "1594819259.020700",
        "team": "TKFJE6LDR",
        "user_team": "TKFJE6LDR",
        "source_team": "TKFJE6LDR",
        "user_profile": {
            "avatar_hash": "5859193991fb",
            "image_72": "https:\/\/avatars.slack-edge.com\/2020-04-16\/1066602100115_5859193991fb4bbebcdf_72.png",
            "first_name": "",
            "real_name": "Daniel Beck",
            "display_name": "Daniel Beck",
            "team": "TKFJE6LDR",
            "name": "daniel",
            "is_restricted": false,
            "is_ultra_restricted": false
        },
        "attachments": [
            {
                "author_name": "Dishebh",
                "fallback": "[thegooddocsproject\/templates] #137 Made some grammatical corrections",
                "text": "Resolves <https:\/\/github.com\/thegooddocsproject\/templates\/issues\/132|#132>\n\nCorrected a sentence, grammatically; and added grammatical operators wherever necessary (relevant).",
                "title": "#137 Made some grammatical corrections",
                "footer": "<https:\/\/github.com\/thegooddocsproject\/templates|thegooddocsproject\/templates>",
                "id": 1,
                "title_link": "https:\/\/github.com\/thegooddocsproject\/templates\/pull\/137",
                "author_link": "https:\/\/github.com\/Dishebh",
                "author_icon": "https:\/\/avatars0.githubusercontent.com\/u\/43489708?v=4",
                "footer_icon": "https:\/\/github.githubassets.com\/favicon.ico",
                "ts": 1590174730,
                "color": "36a64f",
                "fields": [
                    {
                        "title": "Comments",
                        "value": "2",
                        "short": true
                    }
                ],
                "mrkdwn_in": [
                    "text"
                ],
                "bot_id": "BU8U6P6AH",
                "app_unfurl_url": "https:\/\/github.com\/thegooddocsproject\/templates\/pull\/137",
                "is_app_unfurl": true
            }
        ],
        "blocks": [
            {
                "type": "rich_text",
                "block_id": "6oY6",
                "elements": [
                    {
                        "type": "rich_text_section",
                        "elements": [
                            {
                                "type": "text",
                                "text": "I was looking at some old PRs for the next meeting (I later actually looked at the agenda and saw the "
                            },
                            {
                                "type": "text",
                                "text": "real",
                                "style": {
                                    "italic": true
                                }
                            },
                            {
                                "type": "text",
                                "text": " oldest PRs) and ran across this one: "
                            },
                            {
                                "type": "link",
                                "url": "https:\/\/github.com\/thegooddocsproject\/templates\/pull\/137"
                            }
                        ]
                    }
                ]
            }
        ]
    },
    {
        "client_msg_id": "517d53c6-afce-4204-9c1f-c5c89f467fd6",
        "type": "message",
        "text": "I don't think that PR requires any other action _except_ for someone to click the big green merge button and to thank the author their contribution",
        "user": "U011GCVJFQF",
        "ts": "1594819288.021400",
        "team": "TKFJE6LDR",
        "user_team": "TKFJE6LDR",
        "source_team": "TKFJE6LDR",
        "user_profile": {
            "avatar_hash": "5859193991fb",
            "image_72": "https:\/\/avatars.slack-edge.com\/2020-04-16\/1066602100115_5859193991fb4bbebcdf_72.png",
            "first_name": "",
            "real_name": "Daniel Beck",
            "display_name": "Daniel Beck",
            "team": "TKFJE6LDR",
            "name": "daniel",
            "is_restricted": false,
            "is_ultra_restricted": false
        },
        "blocks": [
            {
                "type": "rich_text",
                "block_id": "4aaiq",
                "elements": [
                    {
                        "type": "rich_text_section",
                        "elements": [
                            {
                                "type": "text",
                                "text": "I don't think that PR requires any other action "
                            },
                            {
                                "type": "text",
                                "text": "except",
                                "style": {
                                    "italic": true
                                }
                            },
                            {
                                "type": "text",
                                "text": " for someone to click the big green merge button and to thank the author their contribution"
                            }
                        ]
                    }
                ]
            }
        ],
        "reactions": [
            {
                "name": "+1",
                "users": [
                    "UL2AA1FF1"
                ],
                "count": 1
            }
        ]
    },
    {
        "client_msg_id": "09959503-2a80-447e-8577-b8ab326b58ce",
        "type": "message",
        "text": "done! thanks for catching that",
        "user": "UL2AA1FF1",
        "ts": "1594831166.021700",
        "team": "TKFJE6LDR",
        "user_team": "TKFJE6LDR",
        "source_team": "TKFJE6LDR",
        "user_profile": {
            "avatar_hash": "22135067b36d",
            "image_72": "https:\/\/avatars.slack-edge.com\/2019-10-23\/805254797908_22135067b36dfb715e99_72.jpg",
            "first_name": "",
            "real_name": "Erin McKean",
            "display_name": "Erin McKean",
            "team": "TKFJE6LDR",
            "name": "emckean",
            "is_restricted": false,
            "is_ultra_restricted": false
        },
        "blocks": [
            {
                "type": "rich_text",
                "block_id": "5xj7D",
                "elements": [
                    {
                        "type": "rich_text_section",
                        "elements": [
                            {
                                "type": "text",
                                "text": "done! thanks for catching that"
                            }
                        ]
                    }
                ]
            }
        ]
    },
    {
        "client_msg_id": "fe6278b9-06ee-463c-880a-33e8bf2b284d",
        "type": "message",
        "text": "Just letting everyone know that I won't be able to make it to the Good Docs meeting today because of work meeting conflicts (which is also why I was out last week), but after our release planning is done, I'll be able to return!",
        "user": "U012KCMPP0V",
        "ts": "1594837673.022700",
        "team": "TKFJE6LDR",
        "user_team": "TKFJE6LDR",
        "source_team": "TKFJE6LDR",
        "user_profile": {
            "avatar_hash": "b26729f0b5f2",
            "image_72": "https:\/\/avatars.slack-edge.com\/2020-04-27\/1089031639347_b26729f0b5f2375494a1_72.png",
            "first_name": "Alyssa",
            "real_name": "Alyssa",
            "display_name": "Alyssa",
            "team": "TKFJE6LDR",
            "name": "alyssa.rock.biz",
            "is_restricted": false,
            "is_ultra_restricted": false
        },
        "blocks": [
            {
                "type": "rich_text",
                "block_id": "Q39",
                "elements": [
                    {
                        "type": "rich_text_section",
                        "elements": [
                            {
                                "type": "text",
                                "text": "Just letting everyone know that I won't be able to make it to the Good Docs meeting today because of work meeting conflicts (which is also why I was out last week), but after our release planning is done, I'll be able to return!"
                            }
                        ]
                    }
                ]
            }
        ],
        "thread_ts": "1594837673.022700",
        "reply_count": 1,
        "reply_users_count": 1,
        "latest_reply": "1594838308.022800",
        "reply_users": [
            "UL2AA1FF1"
        ],
        "replies": [
            {
                "user": "UL2AA1FF1",
                "ts": "1594838308.022800"
            }
        ],
        "subscribed": false
    },
    {
        "client_msg_id": "61849c2c-d5a6-45a2-b9e6-00084620dd5f",
        "type": "message",
        "text": "thanks for the heads-up -- good luck with planning!",
        "user": "UL2AA1FF1",
        "ts": "1594838308.022800",
        "team": "TKFJE6LDR",
        "user_team": "TKFJE6LDR",
        "source_team": "TKFJE6LDR",
        "user_profile": {
            "avatar_hash": "22135067b36d",
            "image_72": "https:\/\/avatars.slack-edge.com\/2019-10-23\/805254797908_22135067b36dfb715e99_72.jpg",
            "first_name": "",
            "real_name": "Erin McKean",
            "display_name": "Erin McKean",
            "team": "TKFJE6LDR",
            "name": "emckean",
            "is_restricted": false,
            "is_ultra_restricted": false
        },
        "blocks": [
            {
                "type": "rich_text",
                "block_id": "X3Dp",
                "elements": [
                    {
                        "type": "rich_text_section",
                        "elements": [
                            {
                                "type": "text",
                                "text": "thanks for the heads-up -- good luck with planning!"
                            }
                        ]
                    }
                ]
            }
        ],
        "thread_ts": "1594837673.022700",
        "parent_user_id": "U012KCMPP0V"
    }
]