[
    {
        "client_msg_id": "5779da76-601e-4855-a74a-d55d27445239",
        "type": "message",
        "text": "Hey folks, I'm sorry but today got a bit over-scheduled and I don't expect to be able to attend either meeting. :slightly_frowning_face: But if there's anything I can help with asynchronously, do let me know",
        "user": "U011GCVJFQF",
        "ts": "1596017292.058200",
        "team": "TKFJE6LDR",
        "user_team": "TKFJE6LDR",
        "source_team": "TKFJE6LDR",
        "user_profile": {
            "avatar_hash": "5859193991fb",
            "image_72": "https:\/\/avatars.slack-edge.com\/2020-04-16\/1066602100115_5859193991fb4bbebcdf_72.png",
            "first_name": "",
            "real_name": "Daniel Beck",
            "display_name": "Daniel Beck",
            "team": "TKFJE6LDR",
            "name": "daniel",
            "is_restricted": false,
            "is_ultra_restricted": false
        },
        "edited": {
            "user": "U011GCVJFQF",
            "ts": "1596017307.000000"
        },
        "blocks": [
            {
                "type": "rich_text",
                "block_id": "+eD",
                "elements": [
                    {
                        "type": "rich_text_section",
                        "elements": [
                            {
                                "type": "text",
                                "text": "Hey folks, I'm sorry but today got a bit over-scheduled and I don't expect to be able to attend either meeting. "
                            },
                            {
                                "type": "emoji",
                                "name": "slightly_frowning_face"
                            },
                            {
                                "type": "text",
                                "text": " But if there's anything I can help with asynchronously, do let me know"
                            }
                        ]
                    }
                ]
            }
        ],
        "reactions": [
            {
                "name": "+1",
                "users": [
                    "UKTGLQNGG",
                    "UQ553K7DY"
                ],
                "count": 2
            }
        ]
    },
    {
        "client_msg_id": "1541235a-0c91-459e-a174-c0013a7266af",
        "type": "message",
        "text": "APEC meeting on now.",
        "user": "UKTGLQNGG",
        "ts": "1596018764.058700",
        "team": "TKFJE6LDR",
        "user_team": "TKFJE6LDR",
        "source_team": "TKFJE6LDR",
        "user_profile": {
            "avatar_hash": "d6f4de222bb1",
            "image_72": "https:\/\/avatars.slack-edge.com\/2020-07-20\/1235580478119_d6f4de222bb1ed6b5960_72.jpg",
            "first_name": "Cameron",
            "real_name": "Cameron Shorter",
            "display_name": "cameronshorter",
            "team": "TKFJE6LDR",
            "name": "cameron.shorter",
            "is_restricted": false,
            "is_ultra_restricted": false
        },
        "blocks": [
            {
                "type": "rich_text",
                "block_id": "Ny5",
                "elements": [
                    {
                        "type": "rich_text_section",
                        "elements": [
                            {
                                "type": "text",
                                "text": "APEC meeting on now."
                            }
                        ]
                    }
                ]
            }
        ]
    },
    {
        "client_msg_id": "112808c2-2275-4359-ad19-3293377c597b",
        "type": "message",
        "text": "I'm still working to deadline. Sorry I'm out for tonight. Should be better for tomorrow's evening's meeting.",
        "user": "UKVC4NB71",
        "ts": "1596018866.059400",
        "team": "TKFJE6LDR",
        "user_team": "TKFJE6LDR",
        "source_team": "TKFJE6LDR",
        "user_profile": {
            "avatar_hash": "c7d9788d4436",
            "image_72": "https:\/\/avatars.slack-edge.com\/2019-10-30\/814314609877_c7d9788d4436969613a7_72.jpg",
            "first_name": "Jared",
            "real_name": "Jared Morgan",
            "display_name": "jaredmorgs",
            "team": "TKFJE6LDR",
            "name": "jaredleonmorgan",
            "is_restricted": false,
            "is_ultra_restricted": false
        },
        "blocks": [
            {
                "type": "rich_text",
                "block_id": "ALl",
                "elements": [
                    {
                        "type": "rich_text_section",
                        "elements": [
                            {
                                "type": "text",
                                "text": "I'm still working to deadline. Sorry I'm out for tonight. Should be better for tomorrow's evening's meeting."
                            }
                        ]
                    }
                ]
            }
        ],
        "reactions": [
            {
                "name": "+1",
                "users": [
                    "UQ553K7DY"
                ],
                "count": 1
            }
        ]
    },
    {
        "client_msg_id": "f9f04ef1-8c30-4b25-9d55-18b513f9d824",
        "type": "message",
        "text": "ok",
        "user": "UKTGLQNGG",
        "ts": "1596018876.059600",
        "team": "TKFJE6LDR",
        "user_team": "TKFJE6LDR",
        "source_team": "TKFJE6LDR",
        "user_profile": {
            "avatar_hash": "d6f4de222bb1",
            "image_72": "https:\/\/avatars.slack-edge.com\/2020-07-20\/1235580478119_d6f4de222bb1ed6b5960_72.jpg",
            "first_name": "Cameron",
            "real_name": "Cameron Shorter",
            "display_name": "cameronshorter",
            "team": "TKFJE6LDR",
            "name": "cameron.shorter",
            "is_restricted": false,
            "is_ultra_restricted": false
        },
        "blocks": [
            {
                "type": "rich_text",
                "block_id": "Dg=Bm",
                "elements": [
                    {
                        "type": "rich_text_section",
                        "elements": [
                            {
                                "type": "text",
                                "text": "ok"
                            }
                        ]
                    }
                ]
            }
        ]
    },
    {
        "client_msg_id": "1567a1eb-258f-4395-a123-11d835521609",
        "type": "message",
        "text": "no meeting for you tomorrow Jared.",
        "user": "UKTGLQNGG",
        "ts": "1596018894.060000",
        "team": "TKFJE6LDR",
        "user_team": "TKFJE6LDR",
        "source_team": "TKFJE6LDR",
        "user_profile": {
            "avatar_hash": "d6f4de222bb1",
            "image_72": "https:\/\/avatars.slack-edge.com\/2020-07-20\/1235580478119_d6f4de222bb1ed6b5960_72.jpg",
            "first_name": "Cameron",
            "real_name": "Cameron Shorter",
            "display_name": "cameronshorter",
            "team": "TKFJE6LDR",
            "name": "cameron.shorter",
            "is_restricted": false,
            "is_ultra_restricted": false
        },
        "blocks": [
            {
                "type": "rich_text",
                "block_id": "TnwU\/",
                "elements": [
                    {
                        "type": "rich_text_section",
                        "elements": [
                            {
                                "type": "text",
                                "text": "no meeting for you tomorrow Jared."
                            }
                        ]
                    }
                ]
            }
        ]
    },
    {
        "client_msg_id": "3fad23bd-1231-4032-8da8-313776e9ac16",
        "type": "message",
        "text": "It was in my calendar. Was it an old invite.",
        "user": "UKVC4NB71",
        "ts": "1596019034.060300",
        "team": "TKFJE6LDR",
        "user_team": "TKFJE6LDR",
        "source_team": "TKFJE6LDR",
        "user_profile": {
            "avatar_hash": "c7d9788d4436",
            "image_72": "https:\/\/avatars.slack-edge.com\/2019-10-30\/814314609877_c7d9788d4436969613a7_72.jpg",
            "first_name": "Jared",
            "real_name": "Jared Morgan",
            "display_name": "jaredmorgs",
            "team": "TKFJE6LDR",
            "name": "jaredleonmorgan",
            "is_restricted": false,
            "is_ultra_restricted": false
        },
        "blocks": [
            {
                "type": "rich_text",
                "block_id": "\/6J",
                "elements": [
                    {
                        "type": "rich_text_section",
                        "elements": [
                            {
                                "type": "text",
                                "text": "It was in my calendar. Was it an old invite."
                            }
                        ]
                    }
                ]
            }
        ],
        "thread_ts": "1596019034.060300",
        "reply_count": 1,
        "reply_users_count": 1,
        "latest_reply": "1596052860.063000",
        "reply_users": [
            "UKTGLQNGG"
        ],
        "replies": [
            {
                "user": "UKTGLQNGG",
                "ts": "1596052860.063000"
            }
        ],
        "subscribed": false
    },
    {
        "client_msg_id": "a46eacaf-6971-4e6f-810e-871a2b07f157",
        "type": "message",
        "text": "Apologies I won’t be able to make this evening’s US\/Tz meeting - have a family obligation.  But I did put in some work this week and commented on various threads\/docs.  I also began the process of auditing the labels we currently have in place will prepare a formal written overview of the audit and open questions.  I’ll plan to be at our 08\/05 meeting with updates to present.",
        "user": "U012Y26QWNA",
        "ts": "1596047730.062900",
        "team": "TKFJE6LDR",
        "user_team": "TKFJE6LDR",
        "source_team": "TKFJE6LDR",
        "user_profile": {
            "avatar_hash": "b91365ff7b22",
            "image_72": "https:\/\/avatars.slack-edge.com\/2020-05-06\/1092095570535_b91365ff7b22e688f785_72.jpg",
            "first_name": "",
            "real_name": "Morgan Craft",
            "display_name": "Morgan Craft",
            "team": "TKFJE6LDR",
            "name": "morgan",
            "is_restricted": false,
            "is_ultra_restricted": false
        },
        "blocks": [
            {
                "type": "rich_text",
                "block_id": "KwHzg",
                "elements": [
                    {
                        "type": "rich_text_section",
                        "elements": [
                            {
                                "type": "text",
                                "text": "Apologies I won’t be able to make this evening’s US\/Tz meeting - have a family obligation.  But I did put in some work this week and commented on various threads\/docs.  I also began the process of auditing the labels we currently have in place will prepare a formal written overview of the audit and open questions.  I’ll plan to be at our 08\/05 meeting with updates to present."
                            }
                        ]
                    }
                ]
            }
        ],
        "reactions": [
            {
                "name": "+1",
                "users": [
                    "UL2AA1FF1"
                ],
                "count": 1
            }
        ]
    },
    {
        "client_msg_id": "b5cbc867-4d0e-411e-994c-5345470b323c",
        "type": "message",
        "text": "You might be referring to the US\/AU timeslot at 7am, which is on. Otherwise, you are probably looking at a deprecated meeting invite.",
        "user": "UKTGLQNGG",
        "ts": "1596052860.063000",
        "team": "TKFJE6LDR",
        "user_team": "TKFJE6LDR",
        "source_team": "TKFJE6LDR",
        "user_profile": {
            "avatar_hash": "d6f4de222bb1",
            "image_72": "https:\/\/avatars.slack-edge.com\/2020-07-20\/1235580478119_d6f4de222bb1ed6b5960_72.jpg",
            "first_name": "Cameron",
            "real_name": "Cameron Shorter",
            "display_name": "cameronshorter",
            "team": "TKFJE6LDR",
            "name": "cameron.shorter",
            "is_restricted": false,
            "is_ultra_restricted": false
        },
        "blocks": [
            {
                "type": "rich_text",
                "block_id": "kmCTv",
                "elements": [
                    {
                        "type": "rich_text_section",
                        "elements": [
                            {
                                "type": "text",
                                "text": "You might be referring to the US\/AU timeslot at 7am, which is on. Otherwise, you are probably looking at a deprecated meeting invite."
                            }
                        ]
                    }
                ]
            }
        ],
        "thread_ts": "1596019034.060300",
        "parent_user_id": "UKVC4NB71"
    },
    {
        "client_msg_id": "a609fc0b-4168-44fc-861c-83a39a71264f",
        "type": "message",
        "text": "US\/AU meeting on now <https:\/\/meet.google.com\/nuj-qvxw-vvt?authuser=0>",
        "user": "UKTGLQNGG",
        "ts": "1596056455.063500",
        "team": "TKFJE6LDR",
        "user_team": "TKFJE6LDR",
        "source_team": "TKFJE6LDR",
        "user_profile": {
            "avatar_hash": "d6f4de222bb1",
            "image_72": "https:\/\/avatars.slack-edge.com\/2020-07-20\/1235580478119_d6f4de222bb1ed6b5960_72.jpg",
            "first_name": "Cameron",
            "real_name": "Cameron Shorter",
            "display_name": "cameronshorter",
            "team": "TKFJE6LDR",
            "name": "cameron.shorter",
            "is_restricted": false,
            "is_ultra_restricted": false
        },
        "attachments": [
            {
                "title": "Meet",
                "title_link": "https:\/\/meet.google.com\/nuj-qvxw-vvt?authuser=0",
                "text": "Real-time meetings by Google. Using your browser, share your video, desktop, and presentations with teammates and customers.",
                "fallback": "Meet",
                "thumb_url": "https:\/\/www.gstatic.com\/images\/branding\/product\/2x\/meet_96dp.png",
                "from_url": "https:\/\/meet.google.com\/nuj-qvxw-vvt?authuser=0",
                "thumb_width": 192,
                "thumb_height": 192,
                "service_icon": "http:\/\/www.gstatic.com\/images\/branding\/product\/1x\/meet_16dp.png",
                "service_name": "meet.google.com",
                "id": 1,
                "original_url": "https:\/\/meet.google.com\/nuj-qvxw-vvt?authuser=0"
            }
        ],
        "blocks": [
            {
                "type": "rich_text",
                "block_id": "sQn",
                "elements": [
                    {
                        "type": "rich_text_section",
                        "elements": [
                            {
                                "type": "text",
                                "text": "US\/AU meeting on now "
                            },
                            {
                                "type": "link",
                                "url": "https:\/\/meet.google.com\/nuj-qvxw-vvt?authuser=0"
                            }
                        ]
                    }
                ]
            }
        ],
        "thread_ts": "1596056455.063500",
        "reply_count": 2,
        "reply_users_count": 2,
        "latest_reply": "1596074091.064500",
        "reply_users": [
            "U015GARCR8X",
            "UKTGLQNGG"
        ],
        "replies": [
            {
                "user": "U015GARCR8X",
                "ts": "1596074019.064300"
            },
            {
                "user": "UKTGLQNGG",
                "ts": "1596074091.064500"
            }
        ],
        "subscribed": false
    },
    {
        "client_msg_id": "80f6a8d1-5a85-4b78-b881-8cd9efb83dfa",
        "type": "message",
        "text": "Ah, totally missed the meeting. Can I get on a calendar invite for this? Or is it the same meeting room each Wednesday?",
        "user": "U015GARCR8X",
        "ts": "1596074019.064300",
        "team": "TKFJE6LDR",
        "user_team": "TKFJE6LDR",
        "source_team": "TKFJE6LDR",
        "user_profile": {
            "avatar_hash": "37a234435192",
            "image_72": "https:\/\/avatars.slack-edge.com\/2020-08-06\/1283467109749_37a23443519259ddd5ca_72.png",
            "first_name": "Derek",
            "real_name": "Derek Ardolf",
            "display_name": "ScriptAutomate",
            "team": "TKFJE6LDR",
            "name": "derek",
            "is_restricted": false,
            "is_ultra_restricted": false
        },
        "blocks": [
            {
                "type": "rich_text",
                "block_id": "54=M",
                "elements": [
                    {
                        "type": "rich_text_section",
                        "elements": [
                            {
                                "type": "text",
                                "text": "Ah, totally missed the meeting. Can I get on a calendar invite for this? Or is it the same meeting room each Wednesday?"
                            }
                        ]
                    }
                ]
            }
        ],
        "thread_ts": "1596056455.063500",
        "parent_user_id": "UKTGLQNGG"
    },
    {
        "client_msg_id": "66e0eef5-1bf3-4655-8534-62d6abf25d8a",
        "type": "message",
        "text": "Sure, what is your email address?",
        "user": "UKTGLQNGG",
        "ts": "1596074091.064500",
        "team": "TKFJE6LDR",
        "user_team": "TKFJE6LDR",
        "source_team": "TKFJE6LDR",
        "user_profile": {
            "avatar_hash": "d6f4de222bb1",
            "image_72": "https:\/\/avatars.slack-edge.com\/2020-07-20\/1235580478119_d6f4de222bb1ed6b5960_72.jpg",
            "first_name": "Cameron",
            "real_name": "Cameron Shorter",
            "display_name": "cameronshorter",
            "team": "TKFJE6LDR",
            "name": "cameron.shorter",
            "is_restricted": false,
            "is_ultra_restricted": false
        },
        "blocks": [
            {
                "type": "rich_text",
                "block_id": "aEoU",
                "elements": [
                    {
                        "type": "rich_text_section",
                        "elements": [
                            {
                                "type": "text",
                                "text": "Sure, what is your email address?"
                            }
                        ]
                    }
                ]
            }
        ],
        "thread_ts": "1596056455.063500",
        "parent_user_id": "UKTGLQNGG"
    }
]