[
    {
        "client_msg_id": "53f9c602-cd67-4fee-bf5b-428818484f67",
        "type": "message",
        "text": "I've opened this issue and am working on it throughout writing day: <https:\/\/github.com\/thegooddocsproject\/templates\/issues\/151> :slightly_smiling_face:",
        "user": "U015GARCR8X",
        "ts": "1596993521.109600",
        "team": "TKFJE6LDR",
        "user_team": "TKFJE6LDR",
        "source_team": "TKFJE6LDR",
        "user_profile": {
            "avatar_hash": "37a234435192",
            "image_72": "https:\/\/avatars.slack-edge.com\/2020-08-06\/1283467109749_37a23443519259ddd5ca_72.png",
            "first_name": "Derek",
            "real_name": "Derek Ardolf",
            "display_name": "ScriptAutomate",
            "team": "TKFJE6LDR",
            "name": "derek",
            "is_restricted": false,
            "is_ultra_restricted": false
        },
        "attachments": [
            {
                "author_name": "ScriptAutomate",
                "fallback": "[thegooddocsproject\/templates] #151 Write The Docs (WTD Portland) 2020: Transform templates to your wiki format",
                "text": "Hello, there!\n\n*What's this about?*\n\nThis issue was opened up as a way to track discussion, feedback, brainstorming, use cases, etc. around how a tool such as `pandoc` can be used to transform templates to ideal file formats. It will be periodically updated throughout writing day.\n\n• What file formats do you wish TGD project templates could be easily auto-formatted into?\n• If you have used `pandoc`, what have been tips\/tricks and example uses of the tooling?\n\nI ultimately want to come out of writing day with a basic how-to on getting `pandoc` running, converting templates to other formats, and issue. This will mean we will have basic directions for people to follow at the terminal, and a list of issues that TGD can pull from to develop better support and out-of-box experience.\n\nThe long-term goal would be to contribute upstream to `pandoc` itself so that it can support what people ultimately want.\n\n*Why a GitHub issue?*\n\nAn issue seemed the most transparent approach to this discussion, and opens it up as something easily searchable in the future to anyone who lands at this repository.\n\n*Issue Updates*\n\n&gt; This issue will update throughout the WTD writing day.\n\n*Hugo*\n\nHugo uses <https:\/\/gohugo.io\/content-management\/archetypes\/#create-a-new-archetype-template|archetypes>, and is their approach to templating within Hugo projects. It would be great to have some kind of baseline conversion to these.",
                "title": "#151 Write The Docs (WTD Portland) 2020: Transform templates to your wiki format",
                "footer": "<https:\/\/github.com\/thegooddocsproject\/templates|thegooddocsproject\/templates>",
                "id": 1,
                "title_link": "https:\/\/github.com\/thegooddocsproject\/templates\/issues\/151",
                "author_link": "https:\/\/github.com\/ScriptAutomate",
                "author_icon": "https:\/\/avatars1.githubusercontent.com\/u\/5951023?v=4",
                "footer_icon": "https:\/\/github.githubassets.com\/favicon.ico",
                "ts": 1596990810,
                "color": "36a64f",
                "mrkdwn_in": [
                    "text"
                ],
                "bot_id": "BU8U6P6AH",
                "app_unfurl_url": "https:\/\/github.com\/thegooddocsproject\/templates\/issues\/151",
                "is_app_unfurl": true
            }
        ],
        "blocks": [
            {
                "type": "rich_text",
                "block_id": "umiJ",
                "elements": [
                    {
                        "type": "rich_text_section",
                        "elements": [
                            {
                                "type": "text",
                                "text": "I've opened this issue and am working on it throughout writing day: "
                            },
                            {
                                "type": "link",
                                "url": "https:\/\/github.com\/thegooddocsproject\/templates\/issues\/151"
                            },
                            {
                                "type": "text",
                                "text": " "
                            },
                            {
                                "type": "emoji",
                                "name": "slightly_smiling_face"
                            }
                        ]
                    }
                ]
            }
        ]
    },
    {
        "client_msg_id": "6e63e48a-173f-43c2-823e-c407022c5610",
        "type": "message",
        "text": "Hi! :wave:\nI'm a Technical Writer with 2+ years of experience. Heard about this community and its projects from <@U012KCMPP0V>, <@U015GARCR8X>, and <@UL3UNUMK6> at the WTD 2020.\nI recently joined a company that is somewhat young in terms of docs. As a new joinee, I think it would be extremely helpful to have a central glossary rather than having to look through multiple glossaries. I've worked with a mature glossary before and now I'm looking to learn how to eventually build one at my current company. I'd love to be a part of the Geolexicon project, learn, contribute, and apply my learnings to my side project at work.\nLook forward to collaborating with you and growing together! :slightly_smiling_face:",
        "user": "U018GVAH3FX",
        "ts": "1596996759.114500",
        "team": "TKFJE6LDR",
        "user_team": "TKFJE6LDR",
        "source_team": "TKFJE6LDR",
        "user_profile": {
            "avatar_hash": "ge5dc7096981",
            "image_72": "https:\/\/secure.gravatar.com\/avatar\/e5dc709698120b8f32e53b9472f12064.jpg?s=72&d=https%3A%2F%2Fa.slack-edge.com%2Fdf10d%2Fimg%2Favatars%2Fava_0015-72.png",
            "first_name": "",
            "real_name": "Naini",
            "display_name": "Naini",
            "team": "TKFJE6LDR",
            "name": "khajanchi.naini",
            "is_restricted": false,
            "is_ultra_restricted": false
        },
        "blocks": [
            {
                "type": "rich_text",
                "block_id": "VNk",
                "elements": [
                    {
                        "type": "rich_text_section",
                        "elements": [
                            {
                                "type": "text",
                                "text": "Hi! "
                            },
                            {
                                "type": "emoji",
                                "name": "wave"
                            },
                            {
                                "type": "text",
                                "text": "\nI'm a Technical Writer with 2+ years of experience. Heard about this community and its projects from "
                            },
                            {
                                "type": "user",
                                "user_id": "U012KCMPP0V"
                            },
                            {
                                "type": "text",
                                "text": ", "
                            },
                            {
                                "type": "user",
                                "user_id": "U015GARCR8X"
                            },
                            {
                                "type": "text",
                                "text": ", and "
                            },
                            {
                                "type": "user",
                                "user_id": "UL3UNUMK6"
                            },
                            {
                                "type": "text",
                                "text": " at the WTD 2020.\nI recently joined a company that is somewhat young in terms of docs. As a new joinee, I think it would be extremely helpful to have a central glossary rather than having to look through multiple glossaries. I've worked with a mature glossary before and now I'm looking to learn how to eventually build one at my current company. I'd love to be a part of the Geolexicon project, learn, contribute, and apply my learnings to my side project at work.\nLook forward to collaborating with you and growing together! "
                            },
                            {
                                "type": "emoji",
                                "name": "slightly_smiling_face"
                            }
                        ]
                    }
                ]
            }
        ],
        "thread_ts": "1596996759.114500",
        "reply_count": 1,
        "reply_users_count": 1,
        "latest_reply": "1596996800.114600",
        "reply_users": [
            "U012KCMPP0V"
        ],
        "replies": [
            {
                "user": "U012KCMPP0V",
                "ts": "1596996800.114600"
            }
        ],
        "subscribed": false,
        "reactions": [
            {
                "name": "tada",
                "users": [
                    "U012KCMPP0V",
                    "UL3UNUMK6",
                    "U019868JEQ0",
                    "U015GARCR8X",
                    "UL2AA1FF1"
                ],
                "count": 5
            },
            {
                "name": "wave",
                "users": [
                    "UL2AA1FF1",
                    "U012KCMPP0V",
                    "UKV4ZPEFQ"
                ],
                "count": 3
            }
        ]
    },
    {
        "client_msg_id": "95e982c0-86b7-4eb5-9707-2b5c7a6d2582",
        "type": "message",
        "text": "So glad you've joined us!",
        "user": "U012KCMPP0V",
        "ts": "1596996800.114600",
        "team": "TKFJE6LDR",
        "user_team": "TKFJE6LDR",
        "source_team": "TKFJE6LDR",
        "user_profile": {
            "avatar_hash": "b26729f0b5f2",
            "image_72": "https:\/\/avatars.slack-edge.com\/2020-04-27\/1089031639347_b26729f0b5f2375494a1_72.png",
            "first_name": "Alyssa",
            "real_name": "Alyssa",
            "display_name": "Alyssa",
            "team": "TKFJE6LDR",
            "name": "alyssa.rock.biz",
            "is_restricted": false,
            "is_ultra_restricted": false
        },
        "blocks": [
            {
                "type": "rich_text",
                "block_id": "S7=P",
                "elements": [
                    {
                        "type": "rich_text_section",
                        "elements": [
                            {
                                "type": "text",
                                "text": "So glad you've joined us!"
                            }
                        ]
                    }
                ]
            }
        ],
        "thread_ts": "1596996759.114500",
        "parent_user_id": "U018GVAH3FX",
        "reactions": [
            {
                "name": "blush",
                "users": [
                    "U018GVAH3FX"
                ],
                "count": 1
            },
            {
                "name": "heavy_plus_sign",
                "users": [
                    "UL2AA1FF1"
                ],
                "count": 1
            }
        ]
    },
    {
        "client_msg_id": "89fbdf97-5b52-4fce-af68-0b608eadda7b",
        "type": "message",
        "text": "Hi all! Just joined as well after hearing about this project at WTD 2020. I'm currently working on re-organizing the docs at my company, which has led me to a lot of thinking about what the right categories for doc types are in general for all companies and projects. I think this dovetails nicely with some of what this community is working on. Looking forward to working with all of you.",
        "user": "U019868JEQ0",
        "ts": "1596997281.116900",
        "team": "TKFJE6LDR",
        "user_team": "TKFJE6LDR",
        "source_team": "TKFJE6LDR",
        "user_profile": {
            "avatar_hash": "966d941975ff",
            "image_72": "https:\/\/avatars.slack-edge.com\/2020-08-09\/1275632926935_966d941975ff884d0fa4_72.jpg",
            "first_name": "",
            "real_name": "Aidan Doherty",
            "display_name": "Aidan Doherty",
            "team": "TKFJE6LDR",
            "name": "contact",
            "is_restricted": false,
            "is_ultra_restricted": false
        },
        "blocks": [
            {
                "type": "rich_text",
                "block_id": "kf7c+",
                "elements": [
                    {
                        "type": "rich_text_section",
                        "elements": [
                            {
                                "type": "text",
                                "text": "Hi all! Just joined as well after hearing about this project at WTD 2020. I'm currently working on re-organizing the docs at my company, which has led me to a lot of thinking about what the right categories for doc types are in general for all companies and projects. I think this dovetails nicely with some of what this community is working on. Looking forward to working with all of you."
                            }
                        ]
                    }
                ]
            }
        ],
        "thread_ts": "1596997281.116900",
        "reply_count": 2,
        "reply_users_count": 2,
        "latest_reply": "1597004760.123400",
        "reply_users": [
            "U015GARCR8X",
            "U012KCMPP0V"
        ],
        "replies": [
            {
                "user": "U015GARCR8X",
                "ts": "1596997546.117300"
            },
            {
                "user": "U012KCMPP0V",
                "ts": "1597004760.123400"
            }
        ],
        "subscribed": false,
        "reactions": [
            {
                "name": "tada",
                "users": [
                    "U015GARCR8X",
                    "UL2AA1FF1",
                    "U012KCMPP0V"
                ],
                "count": 3
            },
            {
                "name": "wave",
                "users": [
                    "U018GVAH3FX",
                    "UL2AA1FF1",
                    "U012KCMPP0V",
                    "UKV4ZPEFQ"
                ],
                "count": 4
            }
        ]
    },
    {
        "client_msg_id": "5cffa036-4ab7-4362-b4f5-34cba5225d9d",
        "type": "message",
        "text": "Awesome! Welcome to TGD :slightly_smiling_face:",
        "user": "U015GARCR8X",
        "ts": "1596997546.117300",
        "team": "TKFJE6LDR",
        "user_team": "TKFJE6LDR",
        "source_team": "TKFJE6LDR",
        "user_profile": {
            "avatar_hash": "37a234435192",
            "image_72": "https:\/\/avatars.slack-edge.com\/2020-08-06\/1283467109749_37a23443519259ddd5ca_72.png",
            "first_name": "Derek",
            "real_name": "Derek Ardolf",
            "display_name": "ScriptAutomate",
            "team": "TKFJE6LDR",
            "name": "derek",
            "is_restricted": false,
            "is_ultra_restricted": false
        },
        "blocks": [
            {
                "type": "rich_text",
                "block_id": "eWjLJ",
                "elements": [
                    {
                        "type": "rich_text_section",
                        "elements": [
                            {
                                "type": "text",
                                "text": "Awesome! Welcome to TGD "
                            },
                            {
                                "type": "emoji",
                                "name": "slightly_smiling_face"
                            }
                        ]
                    }
                ]
            }
        ],
        "thread_ts": "1596997281.116900",
        "parent_user_id": "U019868JEQ0",
        "reactions": [
            {
                "name": "heavy_plus_sign",
                "users": [
                    "UL2AA1FF1"
                ],
                "count": 1
            }
        ]
    },
    {
        "client_msg_id": "70e1cc47-3ea7-443c-9c58-d923370b45fb",
        "type": "message",
        "text": "Hi <@U018GVAH3FX> <@U019868JEQ0> and others who have joined. Great to hear that you'd like to help out with our projects. We have plenty to do and help will be welcomed. If you send me a private chat with your email address, I'll invite you to our weekly video conference.  We currently have two meetings half a day apart, to cover multiple timezones. 4am Wed and 2pm Wed US Pacific time. Let me know which you'd prefer.",
        "user": "UKTGLQNGG",
        "ts": "1597004031.123000",
        "team": "TKFJE6LDR",
        "user_team": "TKFJE6LDR",
        "source_team": "TKFJE6LDR",
        "user_profile": {
            "avatar_hash": "d6f4de222bb1",
            "image_72": "https:\/\/avatars.slack-edge.com\/2020-07-20\/1235580478119_d6f4de222bb1ed6b5960_72.jpg",
            "first_name": "Cameron",
            "real_name": "Cameron Shorter",
            "display_name": "cameronshorter",
            "team": "TKFJE6LDR",
            "name": "cameron.shorter",
            "is_restricted": false,
            "is_ultra_restricted": false
        },
        "blocks": [
            {
                "type": "rich_text",
                "block_id": "R7xO5",
                "elements": [
                    {
                        "type": "rich_text_section",
                        "elements": [
                            {
                                "type": "text",
                                "text": "Hi "
                            },
                            {
                                "type": "user",
                                "user_id": "U018GVAH3FX"
                            },
                            {
                                "type": "text",
                                "text": " "
                            },
                            {
                                "type": "user",
                                "user_id": "U019868JEQ0"
                            },
                            {
                                "type": "text",
                                "text": " and others who have joined. Great to hear that you'd like to help out with our projects. We have plenty to do and help will be welcomed. If you send me a private chat with your email address, I'll invite you to our weekly video conference.  We currently have two meetings half a day apart, to cover multiple timezones. 4am Wed and 2pm Wed US Pacific time. Let me know which you'd prefer."
                            }
                        ]
                    }
                ]
            }
        ],
        "thread_ts": "1597004031.123000",
        "reply_count": 2,
        "reply_users_count": 2,
        "latest_reply": "1597011969.127700",
        "reply_users": [
            "U019868JEQ0",
            "UKTGLQNGG"
        ],
        "replies": [
            {
                "user": "U019868JEQ0",
                "ts": "1597011629.127500"
            },
            {
                "user": "UKTGLQNGG",
                "ts": "1597011969.127700"
            }
        ],
        "subscribed": false
    },
    {
        "client_msg_id": "fd4fff8f-1486-4f91-8e38-542c093204ae",
        "type": "message",
        "text": "Thanks for joining, Aidan!",
        "user": "U012KCMPP0V",
        "ts": "1597004760.123400",
        "team": "TKFJE6LDR",
        "user_team": "TKFJE6LDR",
        "source_team": "TKFJE6LDR",
        "user_profile": {
            "avatar_hash": "b26729f0b5f2",
            "image_72": "https:\/\/avatars.slack-edge.com\/2020-04-27\/1089031639347_b26729f0b5f2375494a1_72.png",
            "first_name": "Alyssa",
            "real_name": "Alyssa",
            "display_name": "Alyssa",
            "team": "TKFJE6LDR",
            "name": "alyssa.rock.biz",
            "is_restricted": false,
            "is_ultra_restricted": false
        },
        "blocks": [
            {
                "type": "rich_text",
                "block_id": "8QvQ",
                "elements": [
                    {
                        "type": "rich_text_section",
                        "elements": [
                            {
                                "type": "text",
                                "text": "Thanks for joining, Aidan!"
                            }
                        ]
                    }
                ]
            }
        ],
        "thread_ts": "1596997281.116900",
        "parent_user_id": "U019868JEQ0"
    },
    {
        "client_msg_id": "9397d15e-71be-497e-a63f-86dcf427e6f6",
        "type": "message",
        "text": "For those who haven't been able to visit with The Good Docs project table (Table 4) at the WTD Portland 2020 conference today, or just want a summary overview of links and what has been talked about, I've created a draft of the notes that will probably become a blog post later on: <https:\/\/docs.google.com\/document\/d\/1JcT3zhCLXeuTWWYIIiKuXBwJ3WFml1mNHM6CPaCVYM8\/edit#heading=h.j4b3lpnik9qh> :slightly_smiling_face:",
        "user": "U015GARCR8X",
        "ts": "1597006661.124100",
        "team": "TKFJE6LDR",
        "user_team": "TKFJE6LDR",
        "source_team": "TKFJE6LDR",
        "user_profile": {
            "avatar_hash": "37a234435192",
            "image_72": "https:\/\/avatars.slack-edge.com\/2020-08-06\/1283467109749_37a23443519259ddd5ca_72.png",
            "first_name": "Derek",
            "real_name": "Derek Ardolf",
            "display_name": "ScriptAutomate",
            "team": "TKFJE6LDR",
            "name": "derek",
            "is_restricted": false,
            "is_ultra_restricted": false
        },
        "blocks": [
            {
                "type": "rich_text",
                "block_id": "8\/r",
                "elements": [
                    {
                        "type": "rich_text_section",
                        "elements": [
                            {
                                "type": "text",
                                "text": "For those who haven't been able to visit with The Good Docs project table (Table 4) at the WTD Portland 2020 conference today, or just want a summary overview of links and what has been talked about, I've created a draft of the notes that will probably become a blog post later on: "
                            },
                            {
                                "type": "link",
                                "url": "https:\/\/docs.google.com\/document\/d\/1JcT3zhCLXeuTWWYIIiKuXBwJ3WFml1mNHM6CPaCVYM8\/edit#heading=h.j4b3lpnik9qh"
                            },
                            {
                                "type": "text",
                                "text": " "
                            },
                            {
                                "type": "emoji",
                                "name": "slightly_smiling_face"
                            }
                        ]
                    }
                ]
            }
        ],
        "thread_ts": "1597006661.124100",
        "reply_count": 1,
        "reply_users_count": 1,
        "latest_reply": "1597067862.129700",
        "reply_users": [
            "U0170HMB87K"
        ],
        "replies": [
            {
                "user": "U0170HMB87K",
                "ts": "1597067862.129700"
            }
        ],
        "subscribed": false,
        "reactions": [
            {
                "name": "+1",
                "users": [
                    "UL2AA1FF1"
                ],
                "count": 1
            }
        ]
    },
    {
        "client_msg_id": "324cf233-e82b-47fd-b7db-5ba52cec7f33",
        "type": "message",
        "text": "Thanks for the summary <@U015GARCR8X>, it is very helpful for us in the Australian timezone wanting to catch up. I've added a link to the manifesto from The Good Docs Project on <https:\/\/docs.google.com\/document\/d\/1Fjrl34ErnYammel9WmvXJ3rMWFANjoSiiGyyNSYOXUg\/edit#|cross-domain management of glossaries>. Also it might be worth adding a link to the much broader <https:\/\/docs.google.com\/document\/d\/1Uo3Rcc-rRaN4kmJpqwtUaVRJmDbYI4TkwjuNWNuBu9A\/|documentation patterns and anti-patterns> essay (it is a half hour read, so leave it till later).",
        "user": "UKTGLQNGG",
        "ts": "1597007914.126500",
        "team": "TKFJE6LDR",
        "user_team": "TKFJE6LDR",
        "source_team": "TKFJE6LDR",
        "user_profile": {
            "avatar_hash": "d6f4de222bb1",
            "image_72": "https:\/\/avatars.slack-edge.com\/2020-07-20\/1235580478119_d6f4de222bb1ed6b5960_72.jpg",
            "first_name": "Cameron",
            "real_name": "Cameron Shorter",
            "display_name": "cameronshorter",
            "team": "TKFJE6LDR",
            "name": "cameron.shorter",
            "is_restricted": false,
            "is_ultra_restricted": false
        },
        "blocks": [
            {
                "type": "rich_text",
                "block_id": "j\/A+8",
                "elements": [
                    {
                        "type": "rich_text_section",
                        "elements": [
                            {
                                "type": "text",
                                "text": "Thanks for the summary "
                            },
                            {
                                "type": "user",
                                "user_id": "U015GARCR8X"
                            },
                            {
                                "type": "text",
                                "text": ", it is very helpful for us in the Australian timezone wanting to catch up. I've added a link to the manifesto from The Good Docs Project on "
                            },
                            {
                                "type": "link",
                                "url": "https:\/\/docs.google.com\/document\/d\/1Fjrl34ErnYammel9WmvXJ3rMWFANjoSiiGyyNSYOXUg\/edit#",
                                "text": "cross-domain management of glossaries"
                            },
                            {
                                "type": "text",
                                "text": ". Also it might be worth adding a link to the much broader "
                            },
                            {
                                "type": "link",
                                "url": "https:\/\/docs.google.com\/document\/d\/1Uo3Rcc-rRaN4kmJpqwtUaVRJmDbYI4TkwjuNWNuBu9A\/",
                                "text": "documentation patterns and anti-patterns"
                            },
                            {
                                "type": "text",
                                "text": " essay (it is a half hour read, so leave it till later)."
                            }
                        ]
                    }
                ]
            }
        ],
        "reactions": [
            {
                "name": "+1",
                "users": [
                    "U015GARCR8X"
                ],
                "count": 1
            }
        ]
    },
    {
        "client_msg_id": "93fcf121-ebfc-455e-9c93-f6dd56d18798",
        "type": "message",
        "text": "<@UKTGLQNGG> my email address is <mailto:contact@aidanwrites.com|contact@aidanwrites.com>. in general 2pm Wed Pacific time is better, although I would not be able to attend this coming Wed (8\/12).",
        "user": "U019868JEQ0",
        "ts": "1597011629.127500",
        "team": "TKFJE6LDR",
        "user_team": "TKFJE6LDR",
        "source_team": "TKFJE6LDR",
        "user_profile": {
            "avatar_hash": "966d941975ff",
            "image_72": "https:\/\/avatars.slack-edge.com\/2020-08-09\/1275632926935_966d941975ff884d0fa4_72.jpg",
            "first_name": "",
            "real_name": "Aidan Doherty",
            "display_name": "Aidan Doherty",
            "team": "TKFJE6LDR",
            "name": "contact",
            "is_restricted": false,
            "is_ultra_restricted": false
        },
        "blocks": [
            {
                "type": "rich_text",
                "block_id": "GMY",
                "elements": [
                    {
                        "type": "rich_text_section",
                        "elements": [
                            {
                                "type": "user",
                                "user_id": "UKTGLQNGG"
                            },
                            {
                                "type": "text",
                                "text": " my email address is "
                            },
                            {
                                "type": "link",
                                "url": "mailto:contact@aidanwrites.com",
                                "text": "contact@aidanwrites.com"
                            },
                            {
                                "type": "text",
                                "text": ". in general 2pm Wed Pacific time is better, although I would not be able to attend this coming Wed (8\/12)."
                            }
                        ]
                    }
                ]
            }
        ],
        "thread_ts": "1597004031.123000",
        "parent_user_id": "UKTGLQNGG"
    },
    {
        "client_msg_id": "4a3c3bcf-cf57-4e44-8f0f-b0c6a03a2773",
        "type": "message",
        "text": "Great <@U019868JEQ0>, you should have an invite now. Hope we can see you at following meetings.",
        "user": "UKTGLQNGG",
        "ts": "1597011969.127700",
        "team": "TKFJE6LDR",
        "user_team": "TKFJE6LDR",
        "source_team": "TKFJE6LDR",
        "user_profile": {
            "avatar_hash": "d6f4de222bb1",
            "image_72": "https:\/\/avatars.slack-edge.com\/2020-07-20\/1235580478119_d6f4de222bb1ed6b5960_72.jpg",
            "first_name": "Cameron",
            "real_name": "Cameron Shorter",
            "display_name": "cameronshorter",
            "team": "TKFJE6LDR",
            "name": "cameron.shorter",
            "is_restricted": false,
            "is_ultra_restricted": false
        },
        "edited": {
            "user": "UKTGLQNGG",
            "ts": "1597012013.000000"
        },
        "blocks": [
            {
                "type": "rich_text",
                "block_id": "uqttm",
                "elements": [
                    {
                        "type": "rich_text_section",
                        "elements": [
                            {
                                "type": "text",
                                "text": "Great "
                            },
                            {
                                "type": "user",
                                "user_id": "U019868JEQ0"
                            },
                            {
                                "type": "text",
                                "text": ", you should have an invite now. Hope we can see you at following meetings."
                            }
                        ]
                    }
                ]
            }
        ],
        "thread_ts": "1597004031.123000",
        "parent_user_id": "UKTGLQNGG",
        "reactions": [
            {
                "name": "+1",
                "users": [
                    "U019868JEQ0"
                ],
                "count": 1
            }
        ]
    },
    {
        "client_msg_id": "aee612ec-6a75-45ab-85b2-fe60a2fb31d5",
        "type": "message",
        "text": "Quick heads up from one of our Writing Day contributors to TGD:\n&gt; I decided to look up the 'good first issues' (as I am newbie). Reviewing the history of this one, it looks like it was already addressed in a merge on july 12, and just maybe wasn't closed: <https:\/\/github.com\/thegooddocsproject\/templates\/issues\/42>",
        "user": "U012KCMPP0V",
        "ts": "1597012673.128100",
        "team": "TKFJE6LDR",
        "user_team": "TKFJE6LDR",
        "source_team": "TKFJE6LDR",
        "user_profile": {
            "avatar_hash": "b26729f0b5f2",
            "image_72": "https:\/\/avatars.slack-edge.com\/2020-04-27\/1089031639347_b26729f0b5f2375494a1_72.png",
            "first_name": "Alyssa",
            "real_name": "Alyssa",
            "display_name": "Alyssa",
            "team": "TKFJE6LDR",
            "name": "alyssa.rock.biz",
            "is_restricted": false,
            "is_ultra_restricted": false
        },
        "attachments": [
            {
                "author_name": "jaredmorgs",
                "fallback": "[thegooddocsproject\/templates] #42 Discussion template needs extra heading below Glossary",
                "text": "Gloria Ma  \n12:44 14 Nov  \nShould have another top-level header here? Otherwise, this just looks like part of the Glossary.\n\n*Suggestion*\n\nAbout  \nFor example, \"About kubernetes containers\"",
                "title": "#42 Discussion template needs extra heading below Glossary",
                "footer": "<https:\/\/github.com\/thegooddocsproject\/templates|thegooddocsproject\/templates>",
                "id": 1,
                "title_link": "https:\/\/github.com\/thegooddocsproject\/templates\/issues\/42",
                "author_link": "https:\/\/github.com\/jaredmorgs",
                "author_icon": "https:\/\/avatars1.githubusercontent.com\/u\/952793?v=4",
                "footer_icon": "https:\/\/github.githubassets.com\/favicon.ico",
                "ts": 1575067654,
                "color": "36a64f",
                "fields": [
                    {
                        "title": "Labels",
                        "value": "good first issue, improve, template-discussion, wtdau2019",
                        "short": true
                    },
                    {
                        "title": "Comments",
                        "value": "2",
                        "short": true
                    }
                ],
                "mrkdwn_in": [
                    "text"
                ],
                "bot_id": "BU8U6P6AH",
                "app_unfurl_url": "https:\/\/github.com\/thegooddocsproject\/templates\/issues\/42",
                "is_app_unfurl": true
            }
        ],
        "blocks": [
            {
                "type": "rich_text",
                "block_id": "Qoh",
                "elements": [
                    {
                        "type": "rich_text_section",
                        "elements": [
                            {
                                "type": "text",
                                "text": "Quick heads up from one of our Writing Day contributors to TGD:\n"
                            }
                        ]
                    },
                    {
                        "type": "rich_text_quote",
                        "elements": [
                            {
                                "type": "text",
                                "text": "I decided to look up the 'good first issues' (as I am newbie). Reviewing the history of this one, it looks like it was already addressed in a merge on july 12, and just maybe wasn't closed: "
                            },
                            {
                                "type": "link",
                                "url": "https:\/\/github.com\/thegooddocsproject\/templates\/issues\/42"
                            }
                        ]
                    }
                ]
            }
        ],
        "reactions": [
            {
                "name": "point_up_2",
                "users": [
                    "U015GARCR8X"
                ],
                "count": 1
            }
        ]
    },
    {
        "client_msg_id": "efb97304-4cb1-4b06-8aa2-311c6ec80ab3",
        "type": "message",
        "text": "Threw together resource links and notes from the Writing Day session about The Good Docs Project here, for people interested in templates, linters, style guides, and other links: <https:\/\/dev.to\/scriptautomate\/writethedocs-portland-2020-writing-day-debrief-notes-3pf2>",
        "user": "U015GARCR8X",
        "ts": "1597021592.128500",
        "team": "TKFJE6LDR",
        "user_team": "TKFJE6LDR",
        "source_team": "TKFJE6LDR",
        "user_profile": {
            "avatar_hash": "37a234435192",
            "image_72": "https:\/\/avatars.slack-edge.com\/2020-08-06\/1283467109749_37a23443519259ddd5ca_72.png",
            "first_name": "Derek",
            "real_name": "Derek Ardolf",
            "display_name": "ScriptAutomate",
            "team": "TKFJE6LDR",
            "name": "derek",
            "is_restricted": false,
            "is_ultra_restricted": false
        },
        "blocks": [
            {
                "type": "rich_text",
                "block_id": "bu5",
                "elements": [
                    {
                        "type": "rich_text_section",
                        "elements": [
                            {
                                "type": "text",
                                "text": "Threw together resource links and notes from the Writing Day session about The Good Docs Project here, for people interested in templates, linters, style guides, and other links: "
                            },
                            {
                                "type": "link",
                                "url": "https:\/\/dev.to\/scriptautomate\/writethedocs-portland-2020-writing-day-debrief-notes-3pf2"
                            }
                        ]
                    }
                ]
            }
        ],
        "thread_ts": "1597021592.128500",
        "reply_count": 2,
        "reply_users_count": 2,
        "latest_reply": "1597025508.129000",
        "reply_users": [
            "U015GARCR8X",
            "UL2AA1FF1"
        ],
        "replies": [
            {
                "user": "U015GARCR8X",
                "ts": "1597021740.128700"
            },
            {
                "user": "UL2AA1FF1",
                "ts": "1597025508.129000"
            }
        ],
        "subscribed": false,
        "reactions": [
            {
                "name": "star",
                "users": [
                    "UKTGLQNGG",
                    "U018BJR6JQN"
                ],
                "count": 2
            }
        ]
    },
    {
        "client_msg_id": "b7f656f6-f618-46b6-88f7-b520031e6fe7",
        "type": "message",
        "text": "<@UL2AA1FF1> Wondering if we can get a link to it from The Good Docs project twitter? I also sent out a tweet about the post here, so could also retweet and\/or like: <https:\/\/twitter.com\/ScriptAutomate\/status\/1292627954539859973>",
        "user": "U015GARCR8X",
        "ts": "1597021740.128700",
        "team": "TKFJE6LDR",
        "user_team": "TKFJE6LDR",
        "source_team": "TKFJE6LDR",
        "user_profile": {
            "avatar_hash": "37a234435192",
            "image_72": "https:\/\/avatars.slack-edge.com\/2020-08-06\/1283467109749_37a23443519259ddd5ca_72.png",
            "first_name": "Derek",
            "real_name": "Derek Ardolf",
            "display_name": "ScriptAutomate",
            "team": "TKFJE6LDR",
            "name": "derek",
            "is_restricted": false,
            "is_ultra_restricted": false
        },
        "attachments": [
            {
                "fallback": "<https:\/\/twitter.com\/ScriptAutomate|@ScriptAutomate>: Threw together resource links and notes from the Writing Day session about The Good Docs Project here, for people interested in templates, linters, style guides, and more: <https:\/\/dev.to\/scriptautomate\/writethedocs-portland-2020-writing-day-debrief-notes-3pf2> #writethedocs",
                "ts": 1597021494,
                "author_name": "Derek Ardolf",
                "author_link": "https:\/\/twitter.com\/ScriptAutomate\/status\/1292627954539859973",
                "author_icon": "https:\/\/pbs.twimg.com\/profile_images\/1179567156280745985\/p25DVKMl_normal.jpg",
                "author_subname": "@ScriptAutomate",
                "text": "Threw together resource links and notes from the Writing Day session about The Good Docs Project here, for people interested in templates, linters, style guides, and more: <https:\/\/dev.to\/scriptautomate\/writethedocs-portland-2020-writing-day-debrief-notes-3pf2> #writethedocs",
                "service_name": "twitter",
                "service_url": "https:\/\/twitter.com\/",
                "from_url": "https:\/\/twitter.com\/ScriptAutomate\/status\/1292627954539859973",
                "id": 1,
                "original_url": "https:\/\/twitter.com\/ScriptAutomate\/status\/1292627954539859973",
                "footer": "Twitter",
                "footer_icon": "https:\/\/a.slack-edge.com\/80588\/img\/services\/twitter_pixel_snapped_32.png"
            }
        ],
        "blocks": [
            {
                "type": "rich_text",
                "block_id": "fnva",
                "elements": [
                    {
                        "type": "rich_text_section",
                        "elements": [
                            {
                                "type": "user",
                                "user_id": "UL2AA1FF1"
                            },
                            {
                                "type": "text",
                                "text": " Wondering if we can get a link to it from The Good Docs project twitter? I also sent out a tweet about the post here, so could also retweet and\/or like: "
                            },
                            {
                                "type": "link",
                                "url": "https:\/\/twitter.com\/ScriptAutomate\/status\/1292627954539859973"
                            }
                        ]
                    }
                ]
            }
        ],
        "thread_ts": "1597021592.128500",
        "parent_user_id": "U015GARCR8X"
    },
    {
        "client_msg_id": "175886f5-8c1c-4fe1-9dd5-41fcf7359064",
        "type": "message",
        "text": ":white_check_mark:",
        "user": "UL2AA1FF1",
        "ts": "1597025508.129000",
        "team": "TKFJE6LDR",
        "user_team": "TKFJE6LDR",
        "source_team": "TKFJE6LDR",
        "user_profile": {
            "avatar_hash": "22135067b36d",
            "image_72": "https:\/\/avatars.slack-edge.com\/2019-10-23\/805254797908_22135067b36dfb715e99_72.jpg",
            "first_name": "",
            "real_name": "Erin McKean",
            "display_name": "Erin McKean",
            "team": "TKFJE6LDR",
            "name": "emckean",
            "is_restricted": false,
            "is_ultra_restricted": false
        },
        "blocks": [
            {
                "type": "rich_text",
                "block_id": "f1gh3",
                "elements": [
                    {
                        "type": "rich_text_section",
                        "elements": [
                            {
                                "type": "emoji",
                                "name": "white_check_mark"
                            }
                        ]
                    }
                ]
            }
        ],
        "thread_ts": "1597021592.128500",
        "parent_user_id": "U015GARCR8X"
    },
    {
        "client_msg_id": "38fc0dd0-5a9c-44d2-bdea-7f6862285866",
        "type": "message",
        "text": "<https:\/\/opensource.com\/article\/20\/8\/documentation-open-source-projects>",
        "user": "UL2AA1FF1",
        "ts": "1597027246.129300",
        "team": "TKFJE6LDR",
        "user_team": "TKFJE6LDR",
        "source_team": "TKFJE6LDR",
        "user_profile": {
            "avatar_hash": "22135067b36d",
            "image_72": "https:\/\/avatars.slack-edge.com\/2019-10-23\/805254797908_22135067b36dfb715e99_72.jpg",
            "first_name": "",
            "real_name": "Erin McKean",
            "display_name": "Erin McKean",
            "team": "TKFJE6LDR",
            "name": "emckean",
            "is_restricted": false,
            "is_ultra_restricted": false
        },
        "attachments": [
            {
                "service_name": "Opensource.com",
                "title": "5 tips for making documentation a priority in open source projects",
                "title_link": "https:\/\/opensource.com\/article\/20\/8\/documentation-open-source-projects",
                "text": "Open source software is now mainstream; long gone are the days when open source projects attracted developers alone. Nowadays, users across numerous industries are active consumers of open source software, and you can't expect everyone to know how to use the software just by reading the code.",
                "fallback": "Opensource.com: 5 tips for making documentation a priority in open source projects",
                "thumb_url": "https:\/\/opensource.com\/sites\/default\/files\/lead-images\/files_documents_paper_folder.png",
                "from_url": "https:\/\/opensource.com\/article\/20\/8\/documentation-open-source-projects",
                "thumb_width": 1041,
                "thumb_height": 584,
                "service_icon": "https:\/\/opensource.com\/sites\/all\/themes\/opensource\/favicon.ico",
                "id": 1,
                "original_url": "https:\/\/opensource.com\/article\/20\/8\/documentation-open-source-projects"
            }
        ],
        "blocks": [
            {
                "type": "rich_text",
                "block_id": "2uRF",
                "elements": [
                    {
                        "type": "rich_text_section",
                        "elements": [
                            {
                                "type": "link",
                                "url": "https:\/\/opensource.com\/article\/20\/8\/documentation-open-source-projects"
                            }
                        ]
                    }
                ]
            }
        ],
        "reactions": [
            {
                "name": "+1",
                "users": [
                    "U015GARCR8X"
                ],
                "count": 1
            }
        ]
    }
]