[
    {
        "client_msg_id": "17052ee3-9957-400d-8a01-0a49f68a1d9d",
        "type": "message",
        "text": "lol we need a template like this: <https:\/\/www.copyipsum.com\/> (ganked from the WtD Slack)",
        "user": "UL2AA1FF1",
        "ts": "1594940572.024400",
        "team": "TKFJE6LDR",
        "user_team": "TKFJE6LDR",
        "source_team": "TKFJE6LDR",
        "user_profile": {
            "avatar_hash": "22135067b36d",
            "image_72": "https:\/\/avatars.slack-edge.com\/2019-10-23\/805254797908_22135067b36dfb715e99_72.jpg",
            "first_name": "",
            "real_name": "Erin McKean",
            "display_name": "Erin McKean",
            "team": "TKFJE6LDR",
            "name": "emckean",
            "is_restricted": false,
            "is_ultra_restricted": false
        },
        "attachments": [
            {
                "title": "Copy Ipsum - A landing template that comes with copywriting guidelines. Perfect for micro startups &amp; indie makers.",
                "title_link": "https:\/\/www.copyipsum.com\/",
                "text": "A Webflow HTML landing template perfect for micro startups &amp; indie makers. That's why it comes with copywriting guidelines. So you can write your landing page copy 2x faster - even if writing isn't your thing.",
                "fallback": "Copy Ipsum - A landing template that comes with copywriting guidelines. Perfect for micro startups &amp; indie makers.",
                "from_url": "https:\/\/www.copyipsum.com\/",
                "service_name": "copyipsum.com",
                "id": 1,
                "original_url": "https:\/\/www.copyipsum.com\/"
            }
        ],
        "blocks": [
            {
                "type": "rich_text",
                "block_id": "r=S",
                "elements": [
                    {
                        "type": "rich_text_section",
                        "elements": [
                            {
                                "type": "text",
                                "text": "lol we need a template like this: "
                            },
                            {
                                "type": "link",
                                "url": "https:\/\/www.copyipsum.com\/"
                            },
                            {
                                "type": "text",
                                "text": " (ganked from the WtD Slack)"
                            }
                        ]
                    }
                ]
            }
        ]
    },
    {
        "client_msg_id": "7ffae4e2-b83e-4f54-b5f3-ca635aebe94c",
        "type": "message",
        "text": "that design hurts my head :dizzy_face:",
        "user": "UQ553K7DY",
        "ts": "1594947401.024900",
        "team": "TKFJE6LDR",
        "user_team": "TKFJE6LDR",
        "source_team": "TKFJE6LDR",
        "user_profile": {
            "avatar_hash": "e0f8604c1079",
            "image_72": "https:\/\/avatars.slack-edge.com\/2020-10-26\/1445509834998_e0f8604c1079f923f3e9_72.png",
            "first_name": "Loquacity",
            "real_name": "Loquacity",
            "display_name": "Loquacity",
            "team": "TKFJE6LDR",
            "name": "slack1",
            "is_restricted": false,
            "is_ultra_restricted": false
        },
        "blocks": [
            {
                "type": "rich_text",
                "block_id": "3f1w1",
                "elements": [
                    {
                        "type": "rich_text_section",
                        "elements": [
                            {
                                "type": "text",
                                "text": "that design hurts my head "
                            },
                            {
                                "type": "emoji",
                                "name": "dizzy_face"
                            }
                        ]
                    }
                ]
            }
        ],
        "reactions": [
            {
                "name": "joy",
                "users": [
                    "UL2AA1FF1"
                ],
                "count": 1
            }
        ]
    }
]