[
    {
        "client_msg_id": "983a04dd-0869-43a4-ac97-3b0280e09d53",
        "type": "message",
        "text": "APEC timezone meeting in 2 hours, (8:30pm in Australia Eastern Time).",
        "user": "UKTGLQNGG",
        "ts": "1596615668.084800",
        "team": "TKFJE6LDR",
        "user_team": "TKFJE6LDR",
        "source_team": "TKFJE6LDR",
        "user_profile": {
            "avatar_hash": "d6f4de222bb1",
            "image_72": "https:\/\/avatars.slack-edge.com\/2020-07-20\/1235580478119_d6f4de222bb1ed6b5960_72.jpg",
            "first_name": "Cameron",
            "real_name": "Cameron Shorter",
            "display_name": "cameronshorter",
            "team": "TKFJE6LDR",
            "name": "cameron.shorter",
            "is_restricted": false,
            "is_ultra_restricted": false
        },
        "blocks": [
            {
                "type": "rich_text",
                "block_id": "VyG",
                "elements": [
                    {
                        "type": "rich_text_section",
                        "elements": [
                            {
                                "type": "text",
                                "text": "APEC timezone meeting in 2 hours, (8:30pm in Australia Eastern Time)."
                            }
                        ]
                    }
                ]
            }
        ]
    },
    {
        "client_msg_id": "641b10b7-3511-47db-83c4-399eb161929d",
        "type": "message",
        "text": "Apologies we release next Wednesday I won't be attending.",
        "user": "UKVC4NB71",
        "ts": "1596615690.085200",
        "team": "TKFJE6LDR",
        "user_team": "TKFJE6LDR",
        "source_team": "TKFJE6LDR",
        "user_profile": {
            "avatar_hash": "c7d9788d4436",
            "image_72": "https:\/\/avatars.slack-edge.com\/2019-10-30\/814314609877_c7d9788d4436969613a7_72.jpg",
            "first_name": "Jared",
            "real_name": "Jared Morgan",
            "display_name": "jaredmorgs",
            "team": "TKFJE6LDR",
            "name": "jaredleonmorgan",
            "is_restricted": false,
            "is_ultra_restricted": false
        },
        "blocks": [
            {
                "type": "rich_text",
                "block_id": "PMX00",
                "elements": [
                    {
                        "type": "rich_text_section",
                        "elements": [
                            {
                                "type": "text",
                                "text": "Apologies we release next Wednesday I won't be attending."
                            }
                        ]
                    }
                ]
            }
        ],
        "reactions": [
            {
                "name": "cry",
                "users": [
                    "UKTGLQNGG",
                    "U0170HMB87K",
                    "UQ553K7DY"
                ],
                "count": 3
            }
        ]
    },
    {
        "client_msg_id": "71587347-af2a-452b-9677-e5edca751f4c",
        "type": "message",
        "text": "Thanks everyone. I intentionally left some details out…\n\nThis is not a new project, but rather something that has existed for some time (open sources), and for external reasons (funding), they want to push for a “version 1”. So there are lots of users already, and a lot of docs. It’s more of a “what to polish and get up to scratch” task for v1, than a start from the beginning.\n\nThis has all been useful, thanks!",
        "user": "U014V7JDGPM",
        "ts": "1596617782.085400",
        "team": "TKFJE6LDR",
        "user_team": "TKFJE6LDR",
        "source_team": "TKFJE6LDR",
        "user_profile": {
            "avatar_hash": "g35a44b69ae5",
            "image_72": "https:\/\/secure.gravatar.com\/avatar\/35a44b69ae5c2c1d250216f8ccc9d67c.jpg?s=72&d=https%3A%2F%2Fa.slack-edge.com%2Fdf10d%2Fimg%2Favatars%2Fava_0019-72.png",
            "first_name": "",
            "real_name": "ChrisChinchilla",
            "display_name": "ChrisChinchilla",
            "team": "TKFJE6LDR",
            "name": "chris",
            "is_restricted": false,
            "is_ultra_restricted": false
        },
        "blocks": [
            {
                "type": "rich_text",
                "block_id": "LdN6o",
                "elements": [
                    {
                        "type": "rich_text_section",
                        "elements": [
                            {
                                "type": "text",
                                "text": "Thanks everyone. I intentionally left some details out…\n\nThis is not a new project, but rather something that has existed for some time (open sources), and for external reasons (funding), they want to push for a “version 1”. So there are lots of users already, and a lot of docs. It’s more of a “what to polish and get up to scratch” task for v1, than a start from the beginning.\n\nThis has all been useful, thanks!"
                            }
                        ]
                    }
                ]
            }
        ],
        "thread_ts": "1596555031.075300",
        "parent_user_id": "U014V7JDGPM",
        "reactions": [
            {
                "name": "sparkling_heart",
                "users": [
                    "UQ553K7DY"
                ],
                "count": 1
            }
        ]
    },
    {
        "client_msg_id": "bd325974-d465-4606-8df7-b30dbe0d56e4",
        "type": "message",
        "text": "<@U014V7JDGPM> I have gone through that process myself under very similar circumstances. I was part of the team that launched Zephyr 1.0 At the end of the day, the best advice I can give you is to set clear expectations that the release is just a snapshot of the doc set. Improvements will need to continue in an iterative fashion. Don’t let perfect stop you from publishing useful content.",
        "user": "U015W4HK0HL",
        "ts": "1596652235.085900",
        "team": "TKFJE6LDR",
        "user_team": "TKFJE6LDR",
        "source_team": "TKFJE6LDR",
        "user_profile": {
            "avatar_hash": "gcfe00a65e02",
            "image_72": "https:\/\/secure.gravatar.com\/avatar\/cfe00a65e02072b85ad937ab0e735882.jpg?s=72&d=https%3A%2F%2Fa.slack-edge.com%2Fdf10d%2Fimg%2Favatars%2Fava_0002-72.png",
            "first_name": "",
            "real_name": "Rigs Caballero",
            "display_name": "Rigs Caballero",
            "team": "TKFJE6LDR",
            "name": "grca",
            "is_restricted": false,
            "is_ultra_restricted": false
        },
        "blocks": [
            {
                "type": "rich_text",
                "block_id": "nHiGW",
                "elements": [
                    {
                        "type": "rich_text_section",
                        "elements": [
                            {
                                "type": "user",
                                "user_id": "U014V7JDGPM"
                            },
                            {
                                "type": "text",
                                "text": " I have gone through that process myself under very similar circumstances. I was part of the team that launched Zephyr 1.0 At the end of the day, the best advice I can give you is to set clear expectations that the release is just a snapshot of the doc set. Improvements will need to continue in an iterative fashion. Don’t let perfect stop you from publishing useful content."
                            }
                        ]
                    }
                ]
            }
        ],
        "thread_ts": "1596555031.075300",
        "parent_user_id": "U014V7JDGPM",
        "reactions": [
            {
                "name": "100",
                "users": [
                    "UL2AA1FF1",
                    "UQ553K7DY"
                ],
                "count": 2
            }
        ]
    },
    {
        "client_msg_id": "d2dbe965-9106-413a-bfcd-ec7eda36ae08",
        "type": "message",
        "text": "unfortunately I was just pulled into a different meeting and won't make the US\/AU time zone meeting today :disappointed:",
        "user": "UL2AA1FF1",
        "ts": "1596660042.086800",
        "team": "TKFJE6LDR",
        "user_team": "TKFJE6LDR",
        "source_team": "TKFJE6LDR",
        "user_profile": {
            "avatar_hash": "22135067b36d",
            "image_72": "https:\/\/avatars.slack-edge.com\/2019-10-23\/805254797908_22135067b36dfb715e99_72.jpg",
            "first_name": "",
            "real_name": "Erin McKean",
            "display_name": "Erin McKean",
            "team": "TKFJE6LDR",
            "name": "emckean",
            "is_restricted": false,
            "is_ultra_restricted": false
        },
        "blocks": [
            {
                "type": "rich_text",
                "block_id": "lX93",
                "elements": [
                    {
                        "type": "rich_text_section",
                        "elements": [
                            {
                                "type": "text",
                                "text": "unfortunately I was just pulled into a different meeting and won't make the US\/AU time zone meeting today "
                            },
                            {
                                "type": "emoji",
                                "name": "disappointed"
                            }
                        ]
                    }
                ]
            }
        ],
        "reactions": [
            {
                "name": "sob",
                "users": [
                    "U012KCMPP0V"
                ],
                "count": 1
            }
        ]
    },
    {
        "client_msg_id": "71cb646a-9b69-4954-8223-3b134114d69d",
        "type": "message",
        "text": "Oh, thankfully my boss is very clear about that :)",
        "user": "U014V7JDGPM",
        "ts": "1596660438.086900",
        "team": "TKFJE6LDR",
        "user_team": "TKFJE6LDR",
        "source_team": "TKFJE6LDR",
        "user_profile": {
            "avatar_hash": "g35a44b69ae5",
            "image_72": "https:\/\/secure.gravatar.com\/avatar\/35a44b69ae5c2c1d250216f8ccc9d67c.jpg?s=72&d=https%3A%2F%2Fa.slack-edge.com%2Fdf10d%2Fimg%2Favatars%2Fava_0019-72.png",
            "first_name": "",
            "real_name": "ChrisChinchilla",
            "display_name": "ChrisChinchilla",
            "team": "TKFJE6LDR",
            "name": "chris",
            "is_restricted": false,
            "is_ultra_restricted": false
        },
        "blocks": [
            {
                "type": "rich_text",
                "block_id": "k21mD",
                "elements": [
                    {
                        "type": "rich_text_section",
                        "elements": [
                            {
                                "type": "text",
                                "text": "Oh, thankfully my boss is very clear about that :)"
                            }
                        ]
                    }
                ]
            }
        ],
        "thread_ts": "1596555031.075300",
        "parent_user_id": "U014V7JDGPM"
    },
    {
        "client_msg_id": "715198be-033e-4f40-bf1d-e9667e4bd50a",
        "type": "message",
        "text": "meeting now for US timezone",
        "user": "UKTGLQNGG",
        "ts": "1596661409.087400",
        "team": "TKFJE6LDR",
        "user_team": "TKFJE6LDR",
        "source_team": "TKFJE6LDR",
        "user_profile": {
            "avatar_hash": "d6f4de222bb1",
            "image_72": "https:\/\/avatars.slack-edge.com\/2020-07-20\/1235580478119_d6f4de222bb1ed6b5960_72.jpg",
            "first_name": "Cameron",
            "real_name": "Cameron Shorter",
            "display_name": "cameronshorter",
            "team": "TKFJE6LDR",
            "name": "cameron.shorter",
            "is_restricted": false,
            "is_ultra_restricted": false
        },
        "blocks": [
            {
                "type": "rich_text",
                "block_id": "1Dxb",
                "elements": [
                    {
                        "type": "rich_text_section",
                        "elements": [
                            {
                                "type": "text",
                                "text": "meeting now for US timezone"
                            }
                        ]
                    }
                ]
            }
        ]
    }
]