[
    {
        "client_msg_id": "1ecfaa87-cd7a-4709-974a-a12b9cced593",
        "type": "message",
        "text": "Hi folks, I'd like to introduce you to <@U0174BRV404>. She submitted an outstanding proposal for Season of Docs and I've reached out and chatted with her about it. We are probably not going to have space for her as a paid contributor yet, but she is interested in being involved as a volunteer. Viraji, why don't you introduce yourself.",
        "user": "UKTGLQNGG",
        "ts": "1594613500.005600",
        "team": "TKFJE6LDR",
        "user_team": "TKFJE6LDR",
        "source_team": "TKFJE6LDR",
        "user_profile": {
            "avatar_hash": "d6f4de222bb1",
            "image_72": "https:\/\/avatars.slack-edge.com\/2020-07-20\/1235580478119_d6f4de222bb1ed6b5960_72.jpg",
            "first_name": "Cameron",
            "real_name": "Cameron Shorter",
            "display_name": "cameronshorter",
            "team": "TKFJE6LDR",
            "name": "cameron.shorter",
            "is_restricted": false,
            "is_ultra_restricted": false
        },
        "blocks": [
            {
                "type": "rich_text",
                "block_id": "eeI9",
                "elements": [
                    {
                        "type": "rich_text_section",
                        "elements": [
                            {
                                "type": "text",
                                "text": "Hi folks, I'd like to introduce you to "
                            },
                            {
                                "type": "user",
                                "user_id": "U0174BRV404"
                            },
                            {
                                "type": "text",
                                "text": ". She submitted an outstanding proposal for Season of Docs and I've reached out and chatted with her about it. We are probably not going to have space for her as a paid contributor yet, but she is interested in being involved as a volunteer. Viraji, why don't you introduce yourself."
                            }
                        ]
                    }
                ]
            }
        ]
    },
    {
        "client_msg_id": "7beaa692-2b72-4054-82d4-f06abc35a0f8",
        "type": "message",
        "text": "Welcome aboard Viraji.",
        "user": "UKTGLQNGG",
        "ts": "1594613529.006000",
        "team": "TKFJE6LDR",
        "user_team": "TKFJE6LDR",
        "source_team": "TKFJE6LDR",
        "user_profile": {
            "avatar_hash": "d6f4de222bb1",
            "image_72": "https:\/\/avatars.slack-edge.com\/2020-07-20\/1235580478119_d6f4de222bb1ed6b5960_72.jpg",
            "first_name": "Cameron",
            "real_name": "Cameron Shorter",
            "display_name": "cameronshorter",
            "team": "TKFJE6LDR",
            "name": "cameron.shorter",
            "is_restricted": false,
            "is_ultra_restricted": false
        },
        "blocks": [
            {
                "type": "rich_text",
                "block_id": "l\/6",
                "elements": [
                    {
                        "type": "rich_text_section",
                        "elements": [
                            {
                                "type": "text",
                                "text": "Welcome aboard Viraji."
                            }
                        ]
                    }
                ]
            }
        ],
        "reactions": [
            {
                "name": "wave",
                "users": [
                    "UQ553K7DY",
                    "UKVC4NB71",
                    "UKV4ZPEFQ"
                ],
                "count": 3
            }
        ]
    },
    {
        "client_msg_id": "99c23bad-54bc-4de9-b2a8-32162d791ffe",
        "type": "message",
        "text": "Great to have you aboard <@U0174BRV404>",
        "user": "UKVC4NB71",
        "ts": "1594613638.006500",
        "team": "TKFJE6LDR",
        "user_team": "TKFJE6LDR",
        "source_team": "TKFJE6LDR",
        "user_profile": {
            "avatar_hash": "c7d9788d4436",
            "image_72": "https:\/\/avatars.slack-edge.com\/2019-10-30\/814314609877_c7d9788d4436969613a7_72.jpg",
            "first_name": "Jared",
            "real_name": "Jared Morgan",
            "display_name": "jaredmorgs",
            "team": "TKFJE6LDR",
            "name": "jaredleonmorgan",
            "is_restricted": false,
            "is_ultra_restricted": false
        },
        "blocks": [
            {
                "type": "rich_text",
                "block_id": "EAeTQ",
                "elements": [
                    {
                        "type": "rich_text_section",
                        "elements": [
                            {
                                "type": "text",
                                "text": "Great to have you aboard "
                            },
                            {
                                "type": "user",
                                "user_id": "U0174BRV404"
                            }
                        ]
                    }
                ]
            }
        ]
    },
    {
        "client_msg_id": "9de339f5-d553-4ba7-9525-f542b2db409c",
        "type": "message",
        "text": "Hi Everyone! :blush: ...honored to be in your company!",
        "user": "U0174BRV404",
        "ts": "1594614381.006900",
        "team": "TKFJE6LDR",
        "user_team": "TKFJE6LDR",
        "source_team": "TKFJE6LDR",
        "user_profile": {
            "avatar_hash": "g573d72c0bca",
            "image_72": "https:\/\/secure.gravatar.com\/avatar\/573d72c0bca8a54e4b8d8ef24ddf8f10.jpg?s=72&d=https%3A%2F%2Fa.slack-edge.com%2Fdf10d%2Fimg%2Favatars%2Fava_0022-72.png",
            "first_name": "",
            "real_name": "Viraji Ogodapola",
            "display_name": "Viraji Ogodapola",
            "team": "TKFJE6LDR",
            "name": "viraji",
            "is_restricted": false,
            "is_ultra_restricted": false
        },
        "blocks": [
            {
                "type": "rich_text",
                "block_id": "c7bV",
                "elements": [
                    {
                        "type": "rich_text_section",
                        "elements": [
                            {
                                "type": "text",
                                "text": "Hi Everyone! "
                            },
                            {
                                "type": "emoji",
                                "name": "blush"
                            },
                            {
                                "type": "text",
                                "text": " ...honored to be in your company!"
                            }
                        ]
                    }
                ]
            }
        ],
        "reactions": [
            {
                "name": "wave",
                "users": [
                    "UL2AA1FF1"
                ],
                "count": 1
            }
        ]
    },
    {
        "client_msg_id": "5f296e1e-ac45-40e2-b038-6386d5e1b233",
        "type": "message",
        "text": "Looking forward to working with you all...",
        "user": "U0174BRV404",
        "ts": "1594614391.007200",
        "team": "TKFJE6LDR",
        "user_team": "TKFJE6LDR",
        "source_team": "TKFJE6LDR",
        "user_profile": {
            "avatar_hash": "g573d72c0bca",
            "image_72": "https:\/\/secure.gravatar.com\/avatar\/573d72c0bca8a54e4b8d8ef24ddf8f10.jpg?s=72&d=https%3A%2F%2Fa.slack-edge.com%2Fdf10d%2Fimg%2Favatars%2Fava_0022-72.png",
            "first_name": "",
            "real_name": "Viraji Ogodapola",
            "display_name": "Viraji Ogodapola",
            "team": "TKFJE6LDR",
            "name": "viraji",
            "is_restricted": false,
            "is_ultra_restricted": false
        },
        "blocks": [
            {
                "type": "rich_text",
                "block_id": "\/r1",
                "elements": [
                    {
                        "type": "rich_text_section",
                        "elements": [
                            {
                                "type": "text",
                                "text": "Looking forward to working with you all..."
                            }
                        ]
                    }
                ]
            }
        ]
    },
    {
        "client_msg_id": "716f2044-c53d-4166-95be-2b814e28abf8",
        "type": "message",
        "text": "Here is Viraji's SeasonofDocs proposal that she has shared for us. <@UQ553K7DY> (Lana), I suspect you might want to have a look.",
        "user": "UKTGLQNGG",
        "ts": "1594615913.009100",
        "team": "TKFJE6LDR",
        "user_team": "TKFJE6LDR",
        "source_team": "TKFJE6LDR",
        "user_profile": {
            "avatar_hash": "d6f4de222bb1",
            "image_72": "https:\/\/avatars.slack-edge.com\/2020-07-20\/1235580478119_d6f4de222bb1ed6b5960_72.jpg",
            "first_name": "Cameron",
            "real_name": "Cameron Shorter",
            "display_name": "cameronshorter",
            "team": "TKFJE6LDR",
            "name": "cameron.shorter",
            "is_restricted": false,
            "is_ultra_restricted": false
        },
        "blocks": [
            {
                "type": "rich_text",
                "block_id": "xIEZ",
                "elements": [
                    {
                        "type": "rich_text_section",
                        "elements": [
                            {
                                "type": "text",
                                "text": "Here is Viraji's SeasonofDocs proposal that she has shared for us. "
                            },
                            {
                                "type": "user",
                                "user_id": "UQ553K7DY"
                            },
                            {
                                "type": "text",
                                "text": " (Lana), I suspect you might want to have a look."
                            }
                        ]
                    }
                ]
            }
        ],
        "reactions": [
            {
                "name": "+1",
                "users": [
                    "UQ553K7DY"
                ],
                "count": 1
            }
        ]
    }
]