[
    {
        "client_msg_id": "212ea7b5-830c-4bfc-909f-1444af747390",
        "type": "message",
        "text": "I'm still not clear if I can join tomorrow :disappointed: :crossed_fingers:",
        "user": "UL2AA1FF1",
        "ts": "1596901459.108200",
        "team": "TKFJE6LDR",
        "user_team": "TKFJE6LDR",
        "source_team": "TKFJE6LDR",
        "user_profile": {
            "avatar_hash": "22135067b36d",
            "image_72": "https:\/\/avatars.slack-edge.com\/2019-10-23\/805254797908_22135067b36dfb715e99_72.jpg",
            "first_name": "",
            "real_name": "Erin McKean",
            "display_name": "Erin McKean",
            "team": "TKFJE6LDR",
            "name": "emckean",
            "is_restricted": false,
            "is_ultra_restricted": false
        },
        "blocks": [
            {
                "type": "rich_text",
                "block_id": "LNCy",
                "elements": [
                    {
                        "type": "rich_text_section",
                        "elements": [
                            {
                                "type": "text",
                                "text": "I'm still not clear if I can join tomorrow "
                            },
                            {
                                "type": "emoji",
                                "name": "disappointed"
                            },
                            {
                                "type": "text",
                                "text": " "
                            },
                            {
                                "type": "emoji",
                                "name": "crossed_fingers"
                            }
                        ]
                    }
                ]
            }
        ],
        "thread_ts": "1596844414.107500",
        "parent_user_id": "UKTGLQNGG"
    },
    {
        "client_msg_id": "631bc150-d3b2-424a-9fe7-e53db5f03404",
        "type": "message",
        "text": "Works for me too :slightly_smiling_face:",
        "user": "U015GARCR8X",
        "ts": "1596943364.108700",
        "team": "TKFJE6LDR",
        "user_team": "TKFJE6LDR",
        "source_team": "TKFJE6LDR",
        "user_profile": {
            "avatar_hash": "37a234435192",
            "image_72": "https:\/\/avatars.slack-edge.com\/2020-08-06\/1283467109749_37a23443519259ddd5ca_72.png",
            "first_name": "Derek",
            "real_name": "Derek Ardolf",
            "display_name": "ScriptAutomate",
            "team": "TKFJE6LDR",
            "name": "derek",
            "is_restricted": false,
            "is_ultra_restricted": false
        },
        "blocks": [
            {
                "type": "rich_text",
                "block_id": "K4PC",
                "elements": [
                    {
                        "type": "rich_text_section",
                        "elements": [
                            {
                                "type": "text",
                                "text": "Works for me too "
                            },
                            {
                                "type": "emoji",
                                "name": "slightly_smiling_face"
                            }
                        ]
                    }
                ]
            }
        ],
        "thread_ts": "1596834461.103700",
        "parent_user_id": "UKTGLQNGG"
    }
]