[
    {
        "client_msg_id": "58053e5f-b15f-4a1a-8767-985d4b6d4a39",
        "type": "message",
        "text": "Cross-posting this from the mailing list (sorry for the duplicates)!\n\nI want to pose a question for advice to this group that I think is pretty relevant to this project.\n\nSome context: in my day job, I work for a company that started as an open source project and still maintains the original open source project in addition to our enterprise products. Our company has an R&amp;D team that is devoted to spinning up new and interesting open source projects. Our docs team has been asked to brainstorm and create a set of templates for what the minimum viable product for a doc set for a brand new open source project should be.\n\nSo I'd like to get some feedback from this group about that concept because I think it's actually something worth asking for this project and deciding what the Good Docs 1.0 and maybe the what the first launch of the Chronologue should be. In your opinion, what is the bare minimum for a new open source project?\n\nHere's my initial ideas:\n• Readme - The guide for new contributors, how to get connected and start contributing\n• Licensing documentation - Explains what license structure the project uses\n• About the project - Can include what the project's goal is, what problem it's trying to solve, key terms and concepts\n• Quick Start - How to get up and running to use the project\nIs there anything else you would add or remove?",
        "user": "U012KCMPP0V",
        "ts": "1595866442.044100",
        "team": "TKFJE6LDR",
        "user_team": "TKFJE6LDR",
        "source_team": "TKFJE6LDR",
        "user_profile": {
            "avatar_hash": "b26729f0b5f2",
            "image_72": "https:\/\/avatars.slack-edge.com\/2020-04-27\/1089031639347_b26729f0b5f2375494a1_72.png",
            "first_name": "Alyssa",
            "real_name": "Alyssa",
            "display_name": "Alyssa",
            "team": "TKFJE6LDR",
            "name": "alyssa.rock.biz",
            "is_restricted": false,
            "is_ultra_restricted": false
        },
        "blocks": [
            {
                "type": "rich_text",
                "block_id": "BlY",
                "elements": [
                    {
                        "type": "rich_text_section",
                        "elements": [
                            {
                                "type": "text",
                                "text": "Cross-posting this from the mailing list (sorry for the duplicates)!\n\nI want to pose a question for advice to this group that I think is pretty relevant to this project.\n\nSome context: in my day job, I work for a company that started as an open source project and still maintains the original open source project in addition to our enterprise products. Our company has an R&D team that is devoted to spinning up new and interesting open source projects. Our docs team has been asked to brainstorm and create a set of templates for what the minimum viable product for a doc set for a brand new open source project should be.\n\nSo I'd like to get some feedback from this group about that concept because I think it's actually something worth asking for this project and deciding what the Good Docs 1.0 and maybe the what the first launch of the Chronologue should be. In your opinion, what is the bare minimum for a new open source project?\n\nHere's my initial ideas:\n"
                            }
                        ]
                    },
                    {
                        "type": "rich_text_list",
                        "elements": [
                            {
                                "type": "rich_text_section",
                                "elements": [
                                    {
                                        "type": "text",
                                        "text": "Readme - The guide for new contributors, how to get connected and start contributing"
                                    }
                                ]
                            },
                            {
                                "type": "rich_text_section",
                                "elements": [
                                    {
                                        "type": "text",
                                        "text": "Licensing documentation - Explains what license structure the project uses"
                                    }
                                ]
                            },
                            {
                                "type": "rich_text_section",
                                "elements": [
                                    {
                                        "type": "text",
                                        "text": "About the project - Can include what the project's goal is, what problem it's trying to solve, key terms and concepts"
                                    }
                                ]
                            },
                            {
                                "type": "rich_text_section",
                                "elements": [
                                    {
                                        "type": "text",
                                        "text": "Quick Start - How to get up and running to use the project"
                                    }
                                ]
                            }
                        ],
                        "style": "bullet",
                        "indent": 0
                    },
                    {
                        "type": "rich_text_section",
                        "elements": [
                            {
                                "type": "text",
                                "text": "\nIs there anything else you would add or remove?"
                            }
                        ]
                    }
                ]
            }
        ]
    },
    {
        "client_msg_id": "e2a83bce-da84-4807-a9d3-cf3e962e0781",
        "type": "message",
        "text": "Code of Conduct, but that's pretty easy to source",
        "user": "UL2AA1FF1",
        "ts": "1595866765.044500",
        "team": "TKFJE6LDR",
        "user_team": "TKFJE6LDR",
        "source_team": "TKFJE6LDR",
        "user_profile": {
            "avatar_hash": "22135067b36d",
            "image_72": "https:\/\/avatars.slack-edge.com\/2019-10-23\/805254797908_22135067b36dfb715e99_72.jpg",
            "first_name": "",
            "real_name": "Erin McKean",
            "display_name": "Erin McKean",
            "team": "TKFJE6LDR",
            "name": "emckean",
            "is_restricted": false,
            "is_ultra_restricted": false
        },
        "blocks": [
            {
                "type": "rich_text",
                "block_id": "576I5",
                "elements": [
                    {
                        "type": "rich_text_section",
                        "elements": [
                            {
                                "type": "text",
                                "text": "Code of Conduct, but that's pretty easy to source"
                            }
                        ]
                    }
                ]
            }
        ]
    },
    {
        "client_msg_id": "637711e5-82d5-4561-9511-394c4b223fff",
        "type": "message",
        "text": "I don't have anything to add or remove, exactly. This is pretty close to my list of must-haves. My hot take is that the <https:\/\/github.com\/ddbeck\/readme-checklist|README itself is the vehicle do those things> (at least initially). Since few open source projects get past the \"oh look at that\" level of engagement from people who aren't closely involved in the creation of that project, the README (plus the license legal text) is a good stopping point",
        "user": "U011GCVJFQF",
        "ts": "1595867563.054500",
        "team": "TKFJE6LDR",
        "user_team": "TKFJE6LDR",
        "source_team": "TKFJE6LDR",
        "user_profile": {
            "avatar_hash": "5859193991fb",
            "image_72": "https:\/\/avatars.slack-edge.com\/2020-04-16\/1066602100115_5859193991fb4bbebcdf_72.png",
            "first_name": "",
            "real_name": "Daniel Beck",
            "display_name": "Daniel Beck",
            "team": "TKFJE6LDR",
            "name": "daniel",
            "is_restricted": false,
            "is_ultra_restricted": false
        },
        "edited": {
            "user": "U011GCVJFQF",
            "ts": "1595867581.000000"
        },
        "blocks": [
            {
                "type": "rich_text",
                "block_id": "X70Ee",
                "elements": [
                    {
                        "type": "rich_text_section",
                        "elements": [
                            {
                                "type": "text",
                                "text": "I don't have anything to add or remove, exactly. This is pretty close to my list of must-haves. My hot take is that the "
                            },
                            {
                                "type": "link",
                                "url": "https:\/\/github.com\/ddbeck\/readme-checklist",
                                "text": "README itself is the vehicle do those things"
                            },
                            {
                                "type": "text",
                                "text": " (at least initially). Since few open source projects get past the \"oh look at that\" level of engagement from people who aren't closely involved in the creation of that project, the README (plus the license legal text) is a good stopping point"
                            }
                        ]
                    }
                ]
            }
        ],
        "thread_ts": "1595867563.054500",
        "reply_count": 5,
        "reply_users_count": 4,
        "latest_reply": "1595885521.056500",
        "reply_users": [
            "U012KCMPP0V",
            "U011GCVJFQF",
            "UL2AA1FF1",
            "UKTGLQNGG"
        ],
        "replies": [
            {
                "user": "U012KCMPP0V",
                "ts": "1595867703.054800"
            },
            {
                "user": "U011GCVJFQF",
                "ts": "1595867915.055000"
            },
            {
                "user": "UL2AA1FF1",
                "ts": "1595868267.055200"
            },
            {
                "user": "U011GCVJFQF",
                "ts": "1595868375.055400"
            },
            {
                "user": "UKTGLQNGG",
                "ts": "1595885521.056500"
            }
        ],
        "subscribed": false
    },
    {
        "client_msg_id": "881e9e91-cd2c-4ba0-9939-b98d88311b53",
        "type": "message",
        "text": "I wonder if maybe it's best to think of it in phases. Phase 1 - bare minumum, Phase 2 - Add x and y docs, Phase 3 - add these topics, etc",
        "user": "U012KCMPP0V",
        "ts": "1595867703.054800",
        "team": "TKFJE6LDR",
        "user_team": "TKFJE6LDR",
        "source_team": "TKFJE6LDR",
        "user_profile": {
            "avatar_hash": "b26729f0b5f2",
            "image_72": "https:\/\/avatars.slack-edge.com\/2020-04-27\/1089031639347_b26729f0b5f2375494a1_72.png",
            "first_name": "Alyssa",
            "real_name": "Alyssa",
            "display_name": "Alyssa",
            "team": "TKFJE6LDR",
            "name": "alyssa.rock.biz",
            "is_restricted": false,
            "is_ultra_restricted": false
        },
        "blocks": [
            {
                "type": "rich_text",
                "block_id": "fTgP",
                "elements": [
                    {
                        "type": "rich_text_section",
                        "elements": [
                            {
                                "type": "text",
                                "text": "I wonder if maybe it's best to think of it in phases. Phase 1 - bare minumum, Phase 2 - Add x and y docs, Phase 3 - add these topics, etc"
                            }
                        ]
                    }
                ]
            }
        ],
        "thread_ts": "1595867563.054500",
        "parent_user_id": "U011GCVJFQF"
    },
    {
        "client_msg_id": "ba9cb696-3284-4806-8707-32b5a3117250",
        "type": "message",
        "text": "Yeah. I sometimes describe this sort of thing to clients as a \"content accordion\": you start with something _really_ small (tweet-length, even) and then expand throughout. The original content (README, tweet, whatever) _stays_ short, but the content begins to serve as a preview of the expanded content you're going to link to",
        "user": "U011GCVJFQF",
        "ts": "1595867915.055000",
        "team": "TKFJE6LDR",
        "user_team": "TKFJE6LDR",
        "source_team": "TKFJE6LDR",
        "user_profile": {
            "avatar_hash": "5859193991fb",
            "image_72": "https:\/\/avatars.slack-edge.com\/2020-04-16\/1066602100115_5859193991fb4bbebcdf_72.png",
            "first_name": "",
            "real_name": "Daniel Beck",
            "display_name": "Daniel Beck",
            "team": "TKFJE6LDR",
            "name": "daniel",
            "is_restricted": false,
            "is_ultra_restricted": false
        },
        "blocks": [
            {
                "type": "rich_text",
                "block_id": "oMS9",
                "elements": [
                    {
                        "type": "rich_text_section",
                        "elements": [
                            {
                                "type": "text",
                                "text": "Yeah. I sometimes describe this sort of thing to clients as a \"content accordion\": you start with something "
                            },
                            {
                                "type": "text",
                                "text": "really",
                                "style": {
                                    "italic": true
                                }
                            },
                            {
                                "type": "text",
                                "text": " small (tweet-length, even) and then expand throughout. The original content (README, tweet, whatever) "
                            },
                            {
                                "type": "text",
                                "text": "stays",
                                "style": {
                                    "italic": true
                                }
                            },
                            {
                                "type": "text",
                                "text": " short, but the content begins to serve as a preview of the expanded content you're going to link to"
                            }
                        ]
                    }
                ]
            }
        ],
        "thread_ts": "1595867563.054500",
        "parent_user_id": "U011GCVJFQF"
    },
    {
        "client_msg_id": "45cb2917-a373-42e8-a69d-1267f4a3defc",
        "type": "message",
        "text": ":100:",
        "user": "UL2AA1FF1",
        "ts": "1595868267.055200",
        "team": "TKFJE6LDR",
        "user_team": "TKFJE6LDR",
        "source_team": "TKFJE6LDR",
        "user_profile": {
            "avatar_hash": "22135067b36d",
            "image_72": "https:\/\/avatars.slack-edge.com\/2019-10-23\/805254797908_22135067b36dfb715e99_72.jpg",
            "first_name": "",
            "real_name": "Erin McKean",
            "display_name": "Erin McKean",
            "team": "TKFJE6LDR",
            "name": "emckean",
            "is_restricted": false,
            "is_ultra_restricted": false
        },
        "blocks": [
            {
                "type": "rich_text",
                "block_id": "KqFXb",
                "elements": [
                    {
                        "type": "rich_text_section",
                        "elements": [
                            {
                                "type": "emoji",
                                "name": "100"
                            }
                        ]
                    }
                ]
            }
        ],
        "thread_ts": "1595867563.054500",
        "parent_user_id": "U011GCVJFQF"
    },
    {
        "client_msg_id": "a1360f92-64c2-4dba-8bda-6ddc9e212c12",
        "type": "message",
        "text": "Also, I've never written this down anywhere so I feel a blog post draft coming on. Thank you, Alyssa!",
        "user": "U011GCVJFQF",
        "ts": "1595868375.055400",
        "team": "TKFJE6LDR",
        "user_team": "TKFJE6LDR",
        "source_team": "TKFJE6LDR",
        "user_profile": {
            "avatar_hash": "5859193991fb",
            "image_72": "https:\/\/avatars.slack-edge.com\/2020-04-16\/1066602100115_5859193991fb4bbebcdf_72.png",
            "first_name": "",
            "real_name": "Daniel Beck",
            "display_name": "Daniel Beck",
            "team": "TKFJE6LDR",
            "name": "daniel",
            "is_restricted": false,
            "is_ultra_restricted": false
        },
        "blocks": [
            {
                "type": "rich_text",
                "block_id": "y4G",
                "elements": [
                    {
                        "type": "rich_text_section",
                        "elements": [
                            {
                                "type": "text",
                                "text": "Also, I've never written this down anywhere so I feel a blog post draft coming on. Thank you, Alyssa!"
                            }
                        ]
                    }
                ]
            }
        ],
        "thread_ts": "1595867563.054500",
        "parent_user_id": "U011GCVJFQF",
        "reactions": [
            {
                "name": "tada",
                "users": [
                    "UL2AA1FF1",
                    "U012KCMPP0V"
                ],
                "count": 2
            }
        ]
    },
    {
        "client_msg_id": "3afdf027-2578-4ab3-9f7c-66fcb3123c33",
        "type": "message",
        "text": "<@UKTGLQNGG> subscribed!",
        "user": "U015W4HK0HL",
        "ts": "1595868637.055900",
        "team": "TKFJE6LDR",
        "user_team": "TKFJE6LDR",
        "source_team": "TKFJE6LDR",
        "user_profile": {
            "avatar_hash": "gcfe00a65e02",
            "image_72": "https:\/\/secure.gravatar.com\/avatar\/cfe00a65e02072b85ad937ab0e735882.jpg?s=72&d=https%3A%2F%2Fa.slack-edge.com%2Fdf10d%2Fimg%2Favatars%2Fava_0002-72.png",
            "first_name": "",
            "real_name": "Rigs Caballero",
            "display_name": "Rigs Caballero",
            "team": "TKFJE6LDR",
            "name": "grca",
            "is_restricted": false,
            "is_ultra_restricted": false
        },
        "blocks": [
            {
                "type": "rich_text",
                "block_id": "7w01T",
                "elements": [
                    {
                        "type": "rich_text_section",
                        "elements": [
                            {
                                "type": "user",
                                "user_id": "UKTGLQNGG"
                            },
                            {
                                "type": "text",
                                "text": " subscribed!"
                            }
                        ]
                    }
                ]
            }
        ],
        "thread_ts": "1595868637.055900",
        "reply_count": 1,
        "reply_users_count": 1,
        "latest_reply": "1595871178.056100",
        "reply_users": [
            "U012KCMPP0V"
        ],
        "replies": [
            {
                "user": "U012KCMPP0V",
                "ts": "1595871178.056100"
            }
        ],
        "subscribed": false,
        "reactions": [
            {
                "name": "100",
                "users": [
                    "UL2AA1FF1"
                ],
                "count": 1
            }
        ]
    },
    {
        "client_msg_id": "e1d9d9eb-4f51-45fa-8817-3472aa1639d7",
        "type": "message",
        "text": "I did too!",
        "user": "U012KCMPP0V",
        "ts": "1595871178.056100",
        "team": "TKFJE6LDR",
        "user_team": "TKFJE6LDR",
        "source_team": "TKFJE6LDR",
        "user_profile": {
            "avatar_hash": "b26729f0b5f2",
            "image_72": "https:\/\/avatars.slack-edge.com\/2020-04-27\/1089031639347_b26729f0b5f2375494a1_72.png",
            "first_name": "Alyssa",
            "real_name": "Alyssa",
            "display_name": "Alyssa",
            "team": "TKFJE6LDR",
            "name": "alyssa.rock.biz",
            "is_restricted": false,
            "is_ultra_restricted": false
        },
        "blocks": [
            {
                "type": "rich_text",
                "block_id": "ZhWT",
                "elements": [
                    {
                        "type": "rich_text_section",
                        "elements": [
                            {
                                "type": "text",
                                "text": "I did too!"
                            }
                        ]
                    }
                ]
            }
        ],
        "thread_ts": "1595868637.055900",
        "parent_user_id": "U015W4HK0HL"
    },
    {
        "client_msg_id": "703fa3b3-a5a4-4ee8-ac2b-8c533f81613c",
        "type": "message",
        "text": "<@U015GARCR8X> I see value in what you are suggesting - providing tooling behind the templates we create. I encourage you to write a page or two proposal describing your idea and how you propose to implement it. Conceptually, write it as if you are proposing a Season of Docs idea. You can start with a grand vision, but then whittle it down to a minimal and very achievable first step. Ideally we can then point to it from an existing entry in our existing Patterns and Anti patterns essay, maybe as a task under \"Templates\": <https:\/\/docs.google.com\/document\/d\/1Uo3Rcc-rRaN4kmJpqwtUaVRJmDbYI4TkwjuNWNuBu9A\/edit#heading=h.jesxrkmv4muv>",
        "user": "UKTGLQNGG",
        "ts": "1595880817.056300",
        "team": "TKFJE6LDR",
        "user_team": "TKFJE6LDR",
        "source_team": "TKFJE6LDR",
        "user_profile": {
            "avatar_hash": "d6f4de222bb1",
            "image_72": "https:\/\/avatars.slack-edge.com\/2020-07-20\/1235580478119_d6f4de222bb1ed6b5960_72.jpg",
            "first_name": "Cameron",
            "real_name": "Cameron Shorter",
            "display_name": "cameronshorter",
            "team": "TKFJE6LDR",
            "name": "cameron.shorter",
            "is_restricted": false,
            "is_ultra_restricted": false
        },
        "blocks": [
            {
                "type": "rich_text",
                "block_id": "aO9",
                "elements": [
                    {
                        "type": "rich_text_section",
                        "elements": [
                            {
                                "type": "user",
                                "user_id": "U015GARCR8X"
                            },
                            {
                                "type": "text",
                                "text": " I see value in what you are suggesting - providing tooling behind the templates we create. I encourage you to write a page or two proposal describing your idea and how you propose to implement it. Conceptually, write it as if you are proposing a Season of Docs idea. You can start with a grand vision, but then whittle it down to a minimal and very achievable first step. Ideally we can then point to it from an existing entry in our existing Patterns and Anti patterns essay, maybe as a task under \"Templates\": "
                            },
                            {
                                "type": "link",
                                "url": "https:\/\/docs.google.com\/document\/d\/1Uo3Rcc-rRaN4kmJpqwtUaVRJmDbYI4TkwjuNWNuBu9A\/edit#heading=h.jesxrkmv4muv"
                            }
                        ]
                    }
                ]
            }
        ],
        "thread_ts": "1595821197.042600",
        "parent_user_id": "U015GARCR8X"
    },
    {
        "client_msg_id": "095e370c-ecdd-4a32-95ed-8eaddfaa8c71",
        "type": "message",
        "text": "Great question <@U012KCMPP0V>, I've answered on email, as I think it is worth archiving the email trail. I've linked to <https:\/\/docs.google.com\/document\/d\/1sPaVeFQFEqUs0w0sbvvWz1yW3rZd7Lba2_hNheQG25Y\/edit#heading=h.6ym3ww6wrlzo> which is where I've been collating thoughts and links to answers to this and related questions.",
        "user": "UKTGLQNGG",
        "ts": "1595885521.056500",
        "team": "TKFJE6LDR",
        "user_team": "TKFJE6LDR",
        "source_team": "TKFJE6LDR",
        "user_profile": {
            "avatar_hash": "d6f4de222bb1",
            "image_72": "https:\/\/avatars.slack-edge.com\/2020-07-20\/1235580478119_d6f4de222bb1ed6b5960_72.jpg",
            "first_name": "Cameron",
            "real_name": "Cameron Shorter",
            "display_name": "cameronshorter",
            "team": "TKFJE6LDR",
            "name": "cameron.shorter",
            "is_restricted": false,
            "is_ultra_restricted": false
        },
        "blocks": [
            {
                "type": "rich_text",
                "block_id": "iRO6",
                "elements": [
                    {
                        "type": "rich_text_section",
                        "elements": [
                            {
                                "type": "text",
                                "text": "Great question "
                            },
                            {
                                "type": "user",
                                "user_id": "U012KCMPP0V"
                            },
                            {
                                "type": "text",
                                "text": ", I've answered on email, as I think it is worth archiving the email trail. I've linked to "
                            },
                            {
                                "type": "link",
                                "url": "https:\/\/docs.google.com\/document\/d\/1sPaVeFQFEqUs0w0sbvvWz1yW3rZd7Lba2_hNheQG25Y\/edit#heading=h.6ym3ww6wrlzo"
                            },
                            {
                                "type": "text",
                                "text": " which is where I've been collating thoughts and links to answers to this and related questions."
                            }
                        ]
                    }
                ]
            }
        ],
        "thread_ts": "1595867563.054500",
        "parent_user_id": "U011GCVJFQF"
    }
]