[
    {
        "client_msg_id": "0328713e-9433-44a9-80a1-e1bedab60c89",
        "type": "message",
        "text": "A battle royale wasn't part of the process?\n\n_stops sharpening stick_",
        "user": "U014V7JDGPM",
        "ts": "1594372258.001100",
        "team": "TKFJE6LDR",
        "user_team": "TKFJE6LDR",
        "source_team": "TKFJE6LDR",
        "user_profile": {
            "avatar_hash": "g35a44b69ae5",
            "image_72": "https:\/\/secure.gravatar.com\/avatar\/35a44b69ae5c2c1d250216f8ccc9d67c.jpg?s=72&d=https%3A%2F%2Fa.slack-edge.com%2Fdf10d%2Fimg%2Favatars%2Fava_0019-72.png",
            "first_name": "",
            "real_name": "ChrisChinchilla",
            "display_name": "ChrisChinchilla",
            "team": "TKFJE6LDR",
            "name": "chris",
            "is_restricted": false,
            "is_ultra_restricted": false
        },
        "blocks": [
            {
                "type": "rich_text",
                "block_id": "v2j\/0",
                "elements": [
                    {
                        "type": "rich_text_section",
                        "elements": [
                            {
                                "type": "text",
                                "text": "A battle royale wasn't part of the process?\n\n"
                            },
                            {
                                "type": "text",
                                "text": "stops sharpening stick",
                                "style": {
                                    "italic": true
                                }
                            }
                        ]
                    }
                ]
            }
        ],
        "reactions": [
            {
                "name": "sweat_smile",
                "users": [
                    "UQ553K7DY"
                ],
                "count": 1
            }
        ]
    }
]