[
    {
        "client_msg_id": "845eb7e5-5812-47e8-8f92-f22449870812",
        "type": "message",
        "text": "<@U012KCMPP0V> <@UL2AA1FF1> <@U015W4HK0HL>, You all mentioned an interest in pushing term management forward through the GeoLexicon project. Have you subscribed to the list yet? <https:\/\/wiki.osgeo.org\/wiki\/Lexicon_Committee#Communication> I see Viraji is subscribed.",
        "user": "UKTGLQNGG",
        "ts": "1595662556.041100",
        "team": "TKFJE6LDR",
        "user_team": "TKFJE6LDR",
        "source_team": "TKFJE6LDR",
        "user_profile": {
            "avatar_hash": "d6f4de222bb1",
            "image_72": "https:\/\/avatars.slack-edge.com\/2020-07-20\/1235580478119_d6f4de222bb1ed6b5960_72.jpg",
            "first_name": "Cameron",
            "real_name": "Cameron Shorter",
            "display_name": "cameronshorter",
            "team": "TKFJE6LDR",
            "name": "cameron.shorter",
            "is_restricted": false,
            "is_ultra_restricted": false
        },
        "blocks": [
            {
                "type": "rich_text",
                "block_id": "Bwy6",
                "elements": [
                    {
                        "type": "rich_text_section",
                        "elements": [
                            {
                                "type": "user",
                                "user_id": "U012KCMPP0V"
                            },
                            {
                                "type": "text",
                                "text": " "
                            },
                            {
                                "type": "user",
                                "user_id": "UL2AA1FF1"
                            },
                            {
                                "type": "text",
                                "text": " "
                            },
                            {
                                "type": "user",
                                "user_id": "U015W4HK0HL"
                            },
                            {
                                "type": "text",
                                "text": ", You all mentioned an interest in pushing term management forward through the GeoLexicon project. Have you subscribed to the list yet? "
                            },
                            {
                                "type": "link",
                                "url": "https:\/\/wiki.osgeo.org\/wiki\/Lexicon_Committee#Communication"
                            },
                            {
                                "type": "text",
                                "text": " I see Viraji is subscribed."
                            }
                        ]
                    }
                ]
            }
        ]
    },
    {
        "client_msg_id": "11d4fa3d-1687-45bc-a55b-4bea976cddb9",
        "type": "message",
        "text": "Action from US\/AU meeting was to write a bug for moving our governance type info into our website so that it is easier to find. I've captured in a prior bug: <https:\/\/github.com\/thegooddocsproject\/thegooddocsproject.github.io\/issues\/14>",
        "user": "UKTGLQNGG",
        "ts": "1595711674.042300",
        "team": "TKFJE6LDR",
        "user_team": "TKFJE6LDR",
        "source_team": "TKFJE6LDR",
        "user_profile": {
            "avatar_hash": "d6f4de222bb1",
            "image_72": "https:\/\/avatars.slack-edge.com\/2020-07-20\/1235580478119_d6f4de222bb1ed6b5960_72.jpg",
            "first_name": "Cameron",
            "real_name": "Cameron Shorter",
            "display_name": "cameronshorter",
            "team": "TKFJE6LDR",
            "name": "cameron.shorter",
            "is_restricted": false,
            "is_ultra_restricted": false
        },
        "edited": {
            "user": "UKTGLQNGG",
            "ts": "1595711706.000000"
        },
        "attachments": [
            {
                "author_name": "flicstar",
                "fallback": "[thegooddocsproject\/thegooddocsproject.github.io] #14 Merge \"governance\", \"structure\", \"planning\" repos into the \"website\" repo",
                "text": "Or should they go into the templates repo. Not sure. This was a comment from Cameron as a to-do. I think we just want all our meta into in the one place.",
                "title": "#14 Merge \"governance\", \"structure\", \"planning\" repos into the \"website\" repo",
                "footer": "<https:\/\/github.com\/thegooddocsproject\/thegooddocsproject.github.io|thegooddocsproject\/thegooddocsproject.github.io>",
                "id": 1,
                "title_link": "https:\/\/github.com\/thegooddocsproject\/thegooddocsproject.github.io\/issues\/14",
                "author_link": "https:\/\/github.com\/flicstar",
                "author_icon": "https:\/\/avatars3.githubusercontent.com\/u\/10190723?v=4",
                "footer_icon": "https:\/\/github.githubassets.com\/favicon.ico",
                "ts": 1571357044,
                "color": "36a64f",
                "fields": [
                    {
                        "title": "Comments",
                        "value": "1",
                        "short": true
                    }
                ],
                "mrkdwn_in": [
                    "text"
                ],
                "bot_id": "BU8U6P6AH",
                "app_unfurl_url": "https:\/\/github.com\/thegooddocsproject\/thegooddocsproject.github.io\/issues\/14",
                "is_app_unfurl": true
            }
        ],
        "blocks": [
            {
                "type": "rich_text",
                "block_id": "\/e8id",
                "elements": [
                    {
                        "type": "rich_text_section",
                        "elements": [
                            {
                                "type": "text",
                                "text": "Action from US\/AU meeting was to write a bug for moving our governance type info into our website so that it is easier to find. I've captured in a prior bug: "
                            },
                            {
                                "type": "link",
                                "url": "https:\/\/github.com\/thegooddocsproject\/thegooddocsproject.github.io\/issues\/14"
                            }
                        ]
                    }
                ]
            }
        ]
    }
]