[
    {
        "bot_id": "B01",
        "type": "message",
        "text": "Reminder: remember to add items to the Weekly Meeting agenda before our meeting Wednesdays UTC 21:00!",
        "user": "USLACKBOT",
        "ts": "1594742418.009900",
        "team": "TKFJE6LDR"
    },
    {
        "client_msg_id": "a8ea267f-fc03-4c6c-b3c4-72102209fad0",
        "type": "message",
        "text": "article on writing docs for devs recommends using templates :slightly_smiling_face: <https:\/\/medium.com\/@rory.hellier\/death-documentation-and-taxes-how-to-stop-avoiding-essential-documentation-faeebdf7b4e5>",
        "user": "UL2AA1FF1",
        "ts": "1594759618.010400",
        "team": "TKFJE6LDR",
        "user_team": "TKFJE6LDR",
        "source_team": "TKFJE6LDR",
        "user_profile": {
            "avatar_hash": "22135067b36d",
            "image_72": "https:\/\/avatars.slack-edge.com\/2019-10-23\/805254797908_22135067b36dfb715e99_72.jpg",
            "first_name": "",
            "real_name": "Erin McKean",
            "display_name": "Erin McKean",
            "team": "TKFJE6LDR",
            "name": "emckean",
            "is_restricted": false,
            "is_ultra_restricted": false
        },
        "attachments": [
            {
                "service_name": "Medium",
                "title": "Death, Documentation and Taxes: How To Stop Avoiding Essential Documentation",
                "title_link": "https:\/\/medium.com\/@rory.hellier\/death-documentation-and-taxes-how-to-stop-avoiding-essential-documentation-faeebdf7b4e5",
                "text": "Documentation. What’s the Problem?",
                "fallback": "Medium: Death, Documentation and Taxes: How To Stop Avoiding Essential Documentation",
                "image_url": "https:\/\/miro.medium.com\/max\/1200\/1*87bRfx1zVzB0gYf-FhTu4A.jpeg",
                "fields": [
                    {
                        "title": "Reading time",
                        "value": "8 min read",
                        "short": true
                    }
                ],
                "ts": 1593959671,
                "from_url": "https:\/\/medium.com\/@rory.hellier\/death-documentation-and-taxes-how-to-stop-avoiding-essential-documentation-faeebdf7b4e5",
                "image_width": 375,
                "image_height": 250,
                "image_bytes": 62653,
                "service_icon": "https:\/\/cdn-images-1.medium.com\/fit\/c\/152\/152\/1*8I-HPL0bfoIzGied-dzOvA.png",
                "id": 1,
                "original_url": "https:\/\/medium.com\/@rory.hellier\/death-documentation-and-taxes-how-to-stop-avoiding-essential-documentation-faeebdf7b4e5"
            }
        ],
        "blocks": [
            {
                "type": "rich_text",
                "block_id": "GSmf",
                "elements": [
                    {
                        "type": "rich_text_section",
                        "elements": [
                            {
                                "type": "text",
                                "text": "article on writing docs for devs recommends using templates "
                            },
                            {
                                "type": "emoji",
                                "name": "slightly_smiling_face"
                            },
                            {
                                "type": "text",
                                "text": " "
                            },
                            {
                                "type": "link",
                                "url": "https:\/\/medium.com\/@rory.hellier\/death-documentation-and-taxes-how-to-stop-avoiding-essential-documentation-faeebdf7b4e5"
                            }
                        ]
                    }
                ]
            }
        ]
    }
]