[
    {
        "client_msg_id": "58cec4ea-992c-4d46-89ef-a5cd0ee152c0",
        "type": "message",
        "text": "<https:\/\/docs.google.com\/document\/d\/1Fjrl34ErnYammel9WmvXJ3rMWFANjoSiiGyyNSYOXUg\/> Manifesto for the cross domain management of glossaries",
        "user": "UKTGLQNGG",
        "ts": "1596257145.064900",
        "team": "TKFJE6LDR",
        "user_team": "TKFJE6LDR",
        "source_team": "TKFJE6LDR",
        "user_profile": {
            "avatar_hash": "d6f4de222bb1",
            "image_72": "https:\/\/avatars.slack-edge.com\/2020-07-20\/1235580478119_d6f4de222bb1ed6b5960_72.jpg",
            "first_name": "Cameron",
            "real_name": "Cameron Shorter",
            "display_name": "cameronshorter",
            "team": "TKFJE6LDR",
            "name": "cameron.shorter",
            "is_restricted": false,
            "is_ultra_restricted": false
        },
        "edited": {
            "user": "UKTGLQNGG",
            "ts": "1596257186.000000"
        },
        "blocks": [
            {
                "type": "rich_text",
                "block_id": "1rkf0",
                "elements": [
                    {
                        "type": "rich_text_section",
                        "elements": [
                            {
                                "type": "link",
                                "url": "https:\/\/docs.google.com\/document\/d\/1Fjrl34ErnYammel9WmvXJ3rMWFANjoSiiGyyNSYOXUg\/"
                            },
                            {
                                "type": "text",
                                "text": " Manifesto for the cross domain management of glossaries"
                            }
                        ]
                    }
                ]
            }
        ],
        "reactions": [
            {
                "name": "+1",
                "users": [
                    "UTCKDLXJ9"
                ],
                "count": 1
            }
        ]
    }
]