[
    {
        "client_msg_id": "1362d2fd-1e91-4dd0-b04b-58563fb1f40e",
        "type": "message",
        "text": "Video meeting in 4 minutes for those in the AU\/IN\/EU timezones. <https:\/\/meet.google.com\/nuj-qvxw-vvt?authuser=0>",
        "user": "UKTGLQNGG",
        "ts": "1595413601.034600",
        "team": "TKFJE6LDR",
        "user_team": "TKFJE6LDR",
        "source_team": "TKFJE6LDR",
        "user_profile": {
            "avatar_hash": "d6f4de222bb1",
            "image_72": "https:\/\/avatars.slack-edge.com\/2020-07-20\/1235580478119_d6f4de222bb1ed6b5960_72.jpg",
            "first_name": "Cameron",
            "real_name": "Cameron Shorter",
            "display_name": "cameronshorter",
            "team": "TKFJE6LDR",
            "name": "cameron.shorter",
            "is_restricted": false,
            "is_ultra_restricted": false
        },
        "attachments": [
            {
                "title": "Meet",
                "title_link": "https:\/\/meet.google.com\/nuj-qvxw-vvt?authuser=0",
                "text": "Real-time meetings by Google. Using your browser, share your video, desktop, and presentations with teammates and customers.",
                "fallback": "Meet",
                "thumb_url": "https:\/\/www.gstatic.com\/images\/branding\/product\/2x\/meet_96dp.png",
                "from_url": "https:\/\/meet.google.com\/nuj-qvxw-vvt?authuser=0",
                "thumb_width": 192,
                "thumb_height": 192,
                "service_icon": "http:\/\/www.gstatic.com\/images\/branding\/product\/1x\/meet_16dp.png",
                "service_name": "meet.google.com",
                "id": 1,
                "original_url": "https:\/\/meet.google.com\/nuj-qvxw-vvt?authuser=0"
            }
        ],
        "blocks": [
            {
                "type": "rich_text",
                "block_id": "yMY",
                "elements": [
                    {
                        "type": "rich_text_section",
                        "elements": [
                            {
                                "type": "text",
                                "text": "Video meeting in 4 minutes for those in the AU\/IN\/EU timezones. "
                            },
                            {
                                "type": "link",
                                "url": "https:\/\/meet.google.com\/nuj-qvxw-vvt?authuser=0"
                            }
                        ]
                    }
                ]
            }
        ]
    },
    {
        "client_msg_id": "098f27d8-99a9-4e74-8ea4-ab6994187838",
        "type": "message",
        "text": "hey folks, I'll likely miss the call today, but nothing big to report, have just started looking over examples of README files to identify the good and the bad.",
        "user": "U013XPC8Q9Z",
        "ts": "1595427732.036900",
        "team": "TKFJE6LDR",
        "user_team": "TKFJE6LDR",
        "source_team": "TKFJE6LDR",
        "user_profile": {
            "avatar_hash": "g014a14c2e81",
            "image_72": "https:\/\/secure.gravatar.com\/avatar\/014a14c2e812ad8e54d4dfc6615761ec.jpg?s=72&d=https%3A%2F%2Fa.slack-edge.com%2Fdf10d%2Fimg%2Favatars%2Fava_0014-72.png",
            "first_name": "",
            "real_name": "Aaron Peters",
            "display_name": "Aaron Peters",
            "team": "TKFJE6LDR",
            "name": "acpkendo",
            "is_restricted": false,
            "is_ultra_restricted": false
        },
        "blocks": [
            {
                "type": "rich_text",
                "block_id": "8WUD",
                "elements": [
                    {
                        "type": "rich_text_section",
                        "elements": [
                            {
                                "type": "text",
                                "text": "hey folks, I'll likely miss the call today, but nothing big to report, have just started looking over examples of README files to identify the good and the bad."
                            }
                        ]
                    }
                ]
            }
        ],
        "reactions": [
            {
                "name": "+1",
                "users": [
                    "UL2AA1FF1"
                ],
                "count": 1
            }
        ]
    },
    {
        "client_msg_id": "99dfcba2-ab1a-4b18-8fc2-9eb55317ec3d",
        "type": "message",
        "text": "Same here, I’m held up today, back to back calls and an interview that needs a debrief.  I’ll have updates for next week.",
        "user": "U012Y26QWNA",
        "ts": "1595451191.037500",
        "team": "TKFJE6LDR",
        "user_team": "TKFJE6LDR",
        "source_team": "TKFJE6LDR",
        "user_profile": {
            "avatar_hash": "b91365ff7b22",
            "image_72": "https:\/\/avatars.slack-edge.com\/2020-05-06\/1092095570535_b91365ff7b22e688f785_72.jpg",
            "first_name": "",
            "real_name": "Morgan Craft",
            "display_name": "Morgan Craft",
            "team": "TKFJE6LDR",
            "name": "morgan",
            "is_restricted": false,
            "is_ultra_restricted": false
        },
        "blocks": [
            {
                "type": "rich_text",
                "block_id": "9hlOO",
                "elements": [
                    {
                        "type": "rich_text_section",
                        "elements": [
                            {
                                "type": "text",
                                "text": "Same here, I’m held up today, back to back calls and an interview that needs a debrief.  I’ll have updates for next week."
                            }
                        ]
                    }
                ]
            }
        ],
        "reactions": [
            {
                "name": "+1",
                "users": [
                    "UL2AA1FF1"
                ],
                "count": 1
            }
        ]
    },
    {
        "client_msg_id": "07b1e241-561a-46e2-a550-54e96f5d8892",
        "type": "message",
        "text": "Meeting on now",
        "user": "UKTGLQNGG",
        "ts": "1595451781.037900",
        "team": "TKFJE6LDR",
        "user_team": "TKFJE6LDR",
        "source_team": "TKFJE6LDR",
        "user_profile": {
            "avatar_hash": "d6f4de222bb1",
            "image_72": "https:\/\/avatars.slack-edge.com\/2020-07-20\/1235580478119_d6f4de222bb1ed6b5960_72.jpg",
            "first_name": "Cameron",
            "real_name": "Cameron Shorter",
            "display_name": "cameronshorter",
            "team": "TKFJE6LDR",
            "name": "cameron.shorter",
            "is_restricted": false,
            "is_ultra_restricted": false
        },
        "blocks": [
            {
                "type": "rich_text",
                "block_id": "GihEP",
                "elements": [
                    {
                        "type": "rich_text_section",
                        "elements": [
                            {
                                "type": "text",
                                "text": "Meeting on now"
                            }
                        ]
                    }
                ]
            }
        ]
    },
    {
        "client_msg_id": "759bfc9a-9ad3-42e9-8679-85b9dbc4f3e6",
        "type": "message",
        "text": "<https:\/\/www.lastweekinaws.com\/blog\/route-53-amazons-premier-database\/>",
        "user": "UL2AA1FF1",
        "ts": "1595453057.038100",
        "team": "TKFJE6LDR",
        "user_team": "TKFJE6LDR",
        "source_team": "TKFJE6LDR",
        "user_profile": {
            "avatar_hash": "22135067b36d",
            "image_72": "https:\/\/avatars.slack-edge.com\/2019-10-23\/805254797908_22135067b36dfb715e99_72.jpg",
            "first_name": "",
            "real_name": "Erin McKean",
            "display_name": "Erin McKean",
            "team": "TKFJE6LDR",
            "name": "emckean",
            "is_restricted": false,
            "is_ultra_restricted": false
        },
        "attachments": [
            {
                "service_name": "Last Week in AWS",
                "title": "Route 53, Amazon’s Premier Database - Last Week in AWS",
                "title_link": "https:\/\/www.lastweekinaws.com\/blog\/route-53-amazons-premier-database\/",
                "text": "I’ve periodically made reference in a bunch of places to Route 53 being my preferred database. But I’ve only really told the story in podcast and tweet thread form. I’ve never gone in depth as to how this terrible, terrible antipattern came to be in a blog post—which is far easier to cite. Today is …",
                "fallback": "Last Week in AWS: Route 53, Amazon’s Premier Database - Last Week in AWS",
                "image_url": "https:\/\/www.lastweekinaws.com\/wp-content\/uploads\/2020\/07\/31869987_l-1024x576.jpg",
                "image_width": 444,
                "image_height": 250,
                "ts": 1595428200,
                "from_url": "https:\/\/www.lastweekinaws.com\/blog\/route-53-amazons-premier-database\/",
                "image_bytes": 89867,
                "service_icon": "https:\/\/19x50e48lpyz2s9tzz3qjjsn-wpengine.netdna-ssl.com\/wp-content\/uploads\/2019\/04\/cropped-favicon-2-180x180.png",
                "id": 1,
                "original_url": "https:\/\/www.lastweekinaws.com\/blog\/route-53-amazons-premier-database\/"
            }
        ],
        "blocks": [
            {
                "type": "rich_text",
                "block_id": "iRIi",
                "elements": [
                    {
                        "type": "rich_text_section",
                        "elements": [
                            {
                                "type": "link",
                                "url": "https:\/\/www.lastweekinaws.com\/blog\/route-53-amazons-premier-database\/"
                            }
                        ]
                    }
                ]
            }
        ]
    },
    {
        "client_msg_id": "5a135882-a8f5-42be-9e75-8f7e152e3582",
        "type": "message",
        "text": "<https:\/\/producingoss.com\/en\/getting-started.html#documentation>",
        "user": "U015GARCR8X",
        "ts": "1595455115.038400",
        "team": "TKFJE6LDR",
        "user_team": "TKFJE6LDR",
        "source_team": "TKFJE6LDR",
        "user_profile": {
            "avatar_hash": "37a234435192",
            "image_72": "https:\/\/avatars.slack-edge.com\/2020-08-06\/1283467109749_37a23443519259ddd5ca_72.png",
            "first_name": "Derek",
            "real_name": "Derek Ardolf",
            "display_name": "ScriptAutomate",
            "team": "TKFJE6LDR",
            "name": "derek",
            "is_restricted": false,
            "is_ultra_restricted": false
        },
        "blocks": [
            {
                "type": "rich_text",
                "block_id": "hzay",
                "elements": [
                    {
                        "type": "rich_text_section",
                        "elements": [
                            {
                                "type": "link",
                                "url": "https:\/\/producingoss.com\/en\/getting-started.html#documentation"
                            }
                        ]
                    }
                ]
            }
        ]
    },
    {
        "client_msg_id": "30887232-1623-4c94-a31a-d9bffc434542",
        "type": "message",
        "text": "The first two paragraphs:\n&gt; _Documentation is essential. There needs to be something for people to read, even if it's rudimentary and incomplete. This falls squarely into the \"drudgery\" category referred to earlier, and is often the first area where a new open source project falls down. Coming up with a mission statement and feature list, choosing a license, summarizing development status — these are all relatively small tasks, which can be definitively completed and usually need not be revisited once done. Documentation, on the other hand, is never really finished, which may be one reason people sometimes delay starting it at all._\n&gt; \n&gt; _The most insidious thing is that documentation's utility to those writing it is the reverse of its utility to those who will read it. The most important documentation for initial users is the basics: how to quickly set up the software, an overview of how it works, perhaps some guides to doing common tasks. Yet these are exactly the things the writers of the documentation know all too well — so well that it can be difficult for them to see things from the reader's point of view, and to laboriously spell out the steps that (to the writers) seem so obvious as to be unworthy of mention._",
        "user": "U015GARCR8X",
        "ts": "1595455186.038900",
        "team": "TKFJE6LDR",
        "user_team": "TKFJE6LDR",
        "source_team": "TKFJE6LDR",
        "user_profile": {
            "avatar_hash": "37a234435192",
            "image_72": "https:\/\/avatars.slack-edge.com\/2020-08-06\/1283467109749_37a23443519259ddd5ca_72.png",
            "first_name": "Derek",
            "real_name": "Derek Ardolf",
            "display_name": "ScriptAutomate",
            "team": "TKFJE6LDR",
            "name": "derek",
            "is_restricted": false,
            "is_ultra_restricted": false
        },
        "blocks": [
            {
                "type": "rich_text",
                "block_id": "omL",
                "elements": [
                    {
                        "type": "rich_text_section",
                        "elements": [
                            {
                                "type": "text",
                                "text": "The first two paragraphs:\n"
                            }
                        ]
                    },
                    {
                        "type": "rich_text_quote",
                        "elements": [
                            {
                                "type": "text",
                                "text": "Documentation is essential. There needs to be something for people to read, even if it's rudimentary and incomplete. This falls squarely into the \"drudgery\" category referred to earlier, and is often the first area where a new open source project falls down. Coming up with a mission statement and feature list, choosing a license, summarizing development status — these are all relatively small tasks, which can be definitively completed and usually need not be revisited once done. Documentation, on the other hand, is never really finished, which may be one reason people sometimes delay starting it at all.",
                                "style": {
                                    "italic": true
                                }
                            },
                            {
                                "type": "text",
                                "text": "\n\n"
                            },
                            {
                                "type": "text",
                                "text": "The most insidious thing is that documentation's utility to those writing it is the reverse of its utility to those who will read it. The most important documentation for initial users is the basics: how to quickly set up the software, an overview of how it works, perhaps some guides to doing common tasks. Yet these are exactly the things the writers of the documentation know all too well — so well that it can be difficult for them to see things from the reader's point of view, and to laboriously spell out the steps that (to the writers) seem so obvious as to be unworthy of mention.",
                                "style": {
                                    "italic": true
                                }
                            }
                        ]
                    }
                ]
            }
        ],
        "reactions": [
            {
                "name": "100",
                "users": [
                    "UKVC4NB71"
                ],
                "count": 1
            }
        ]
    }
]