[
    {
        "client_msg_id": "b13dd7d6-d663-473d-845f-05ef23612dcc",
        "type": "message",
        "text": "<https:\/\/podcast.writethedocs.org\/2020\/07\/19\/episode-30-documentation-templates\/> if you missed it I plugged the project in our latest WTD Podcast.\nIt gets a call-out in the Resources section as well.",
        "user": "UKVC4NB71",
        "ts": "1595287306.032600",
        "team": "TKFJE6LDR",
        "user_team": "TKFJE6LDR",
        "source_team": "TKFJE6LDR",
        "user_profile": {
            "avatar_hash": "c7d9788d4436",
            "image_72": "https:\/\/avatars.slack-edge.com\/2019-10-30\/814314609877_c7d9788d4436969613a7_72.jpg",
            "first_name": "Jared",
            "real_name": "Jared Morgan",
            "display_name": "jaredmorgs",
            "team": "TKFJE6LDR",
            "name": "jaredleonmorgan",
            "is_restricted": false,
            "is_ultra_restricted": false
        },
        "attachments": [
            {
                "title": "WTD Episode 30: Documentation templates, with Juan Lara | Write the Docs Podcast",
                "title_link": "https:\/\/podcast.writethedocs.org\/2020\/07\/19\/episode-30-documentation-templates\/",
                "text": "In this episode, Juan Lara from Google joins us for a lively discussion about documentation templates. Documentation templates refer to established patterns we follow for common documentation types, such as quickstarts, how-to guides, concepts, tutorials, reference, troubleshooting, release notes, FAQs, or other information types that have similar, predictable patterns. Templates can be helpful...",
                "fallback": "WTD Episode 30: Documentation templates, with Juan Lara | Write the Docs Podcast",
                "from_url": "https:\/\/podcast.writethedocs.org\/2020\/07\/19\/episode-30-documentation-templates\/",
                "service_icon": "https:\/\/podcast.writethedocs.org\/assets\/img\/favicon\/apple-icon-57x57.png",
                "service_name": "podcast.writethedocs.org",
                "id": 1,
                "original_url": "https:\/\/podcast.writethedocs.org\/2020\/07\/19\/episode-30-documentation-templates\/"
            }
        ],
        "blocks": [
            {
                "type": "rich_text",
                "block_id": "+ck0d",
                "elements": [
                    {
                        "type": "rich_text_section",
                        "elements": [
                            {
                                "type": "link",
                                "url": "https:\/\/podcast.writethedocs.org\/2020\/07\/19\/episode-30-documentation-templates\/"
                            },
                            {
                                "type": "text",
                                "text": " if you missed it I plugged the project in our latest WTD Podcast.\nIt gets a call-out in the Resources section as well."
                            }
                        ]
                    }
                ]
            }
        ],
        "thread_ts": "1595287306.032600",
        "reply_count": 1,
        "reply_users_count": 1,
        "latest_reply": "1595290511.033300",
        "reply_users": [
            "UKTGLQNGG"
        ],
        "replies": [
            {
                "user": "UKTGLQNGG",
                "ts": "1595290511.033300"
            }
        ],
        "subscribed": false,
        "reactions": [
            {
                "name": "tada",
                "users": [
                    "UL2AA1FF1",
                    "UKV4ZPEFQ"
                ],
                "count": 2
            }
        ]
    },
    {
        "client_msg_id": "67649a02-5b23-402c-9b53-13cc5218ff94",
        "type": "message",
        "text": "Also, how good are Zoom backgrounds!",
        "user": "UKVC4NB71",
        "ts": "1595287326.033000",
        "team": "TKFJE6LDR",
        "user_team": "TKFJE6LDR",
        "source_team": "TKFJE6LDR",
        "user_profile": {
            "avatar_hash": "c7d9788d4436",
            "image_72": "https:\/\/avatars.slack-edge.com\/2019-10-30\/814314609877_c7d9788d4436969613a7_72.jpg",
            "first_name": "Jared",
            "real_name": "Jared Morgan",
            "display_name": "jaredmorgs",
            "team": "TKFJE6LDR",
            "name": "jaredleonmorgan",
            "is_restricted": false,
            "is_ultra_restricted": false
        },
        "blocks": [
            {
                "type": "rich_text",
                "block_id": "7O1cw",
                "elements": [
                    {
                        "type": "rich_text_section",
                        "elements": [
                            {
                                "type": "text",
                                "text": "Also, how good are Zoom backgrounds!"
                            }
                        ]
                    }
                ]
            }
        ]
    },
    {
        "client_msg_id": "165870f6-b0ef-49a4-ac52-09105bdf163b",
        "type": "message",
        "text": "Cool, will have to have a look.",
        "user": "UKTGLQNGG",
        "ts": "1595290511.033300",
        "team": "TKFJE6LDR",
        "user_team": "TKFJE6LDR",
        "source_team": "TKFJE6LDR",
        "user_profile": {
            "avatar_hash": "d6f4de222bb1",
            "image_72": "https:\/\/avatars.slack-edge.com\/2020-07-20\/1235580478119_d6f4de222bb1ed6b5960_72.jpg",
            "first_name": "Cameron",
            "real_name": "Cameron Shorter",
            "display_name": "cameronshorter",
            "team": "TKFJE6LDR",
            "name": "cameron.shorter",
            "is_restricted": false,
            "is_ultra_restricted": false
        },
        "blocks": [
            {
                "type": "rich_text",
                "block_id": "9i+",
                "elements": [
                    {
                        "type": "rich_text_section",
                        "elements": [
                            {
                                "type": "text",
                                "text": "Cool, will have to have a look."
                            }
                        ]
                    }
                ]
            }
        ],
        "thread_ts": "1595287306.032600",
        "parent_user_id": "UKVC4NB71"
    }
]