[
    {
        "type": "message",
        "text": "Sharing here some ideas. Thinking aloud, really, and just wanted to get it down somewhere. Wondering what people think about the idea?\n\nIt would be cool if I could just do `tgd-outliner how-to how-to-be-awesome.md` or something and edit the generated file.",
        "user": "U015GARCR8X",
        "ts": "1595821197.042600",
        "team": "TKFJE6LDR",
        "user_team": "TKFJE6LDR",
        "source_team": "TKFJE6LDR",
        "user_profile": {
            "avatar_hash": "37a234435192",
            "image_72": "https:\/\/avatars.slack-edge.com\/2020-08-06\/1283467109749_37a23443519259ddd5ca_72.png",
            "first_name": "Derek",
            "real_name": "Derek Ardolf",
            "display_name": "ScriptAutomate",
            "team": "TKFJE6LDR",
            "name": "derek",
            "is_restricted": false,
            "is_ultra_restricted": false
        },
        "attachments": [
            {
                "fallback": "[July 26th, 2020 10:34 PM] derek: This weekend, as I was thinking about SSGs, I was thinking of the themes and generators:\n• Docsy: Hugo example\n• JustTheDocs: Jekyll example\n• Sphinx Material Theme: Sphinx example\nIt led to thinking about how to generate example sites, and whether that could be further automated in a way that would be helpful to people working with different SSGs.\n\nI was thinking about how these tools generally have an *init* type tool built-in (Sphinx has `sphinx-quickstart` ) or *new* cli command (Hugo has `hugo new &lt;path&gt;\/file.md`), and how they assist in setting up the project layout, seed files, etc.\n\nIt would be interesting if there was a cli tool that was helpful in bootstrapping\/seeding specific templates. Something like:\n```# Using 'tgd-outliner' as example name for cli tool\ntgd-outliner --help # TGD Project info, args\ntgd-outliner tutorial --help # Show contents of the templates\/tutorial\/about-tutorial.md file\ntgd-outliner update # Pull down latest release of templates, or master branch, or?\n\n# Output simple file types, would be a great start\ntgd-outliner api-quickstart --output md\ntgd-outliner how-to --output rst```\nSomething like this could eventually be expanded for SSG-specific output:\n```# Potentially have an output that makes use of SSG particularities?\n\n## Hugo\n### Which has 'hugo new content\/docs-template.md' for example\n### Special content like: author,categories,tags,date,description,etc.\ntgd-outliner how-to --format hugo --output rst\n\n## Jekyll\n### <https:\/\/jekyllrb.com\/docs\/posts\/>\n### Special content like: layout,title,header,last_modified_at,etc.\ntgd-outliner tutorial --format jekyll --output md\n\n## <http:\/\/Dev.to|Dev.to>\n### Blogging platform that uses Markdown\n### Special front matter like: title,published,tags,canonical_url,etc.\ntgd-outliner tutorial --format devto```\n",
                "ts": "1595820886.018200",
                "author_id": "U015GARCR8X",
                "author_subname": "Derek Ardolf",
                "channel_id": "C016L3962CU",
                "channel_name": "chronologue-docs",
                "is_msg_unfurl": true,
                "text": "This weekend, as I was thinking about SSGs, I was thinking of the themes and generators:\n• Docsy: Hugo example\n• JustTheDocs: Jekyll example\n• Sphinx Material Theme: Sphinx example\nIt led to thinking about how to generate example sites, and whether that could be further automated in a way that would be helpful to people working with different SSGs.\n\nI was thinking about how these tools generally have an *init* type tool built-in (Sphinx has `sphinx-quickstart` ) or *new* cli command (Hugo has `hugo new &lt;path&gt;\/file.md`), and how they assist in setting up the project layout, seed files, etc.\n\nIt would be interesting if there was a cli tool that was helpful in bootstrapping\/seeding specific templates. Something like:\n```# Using 'tgd-outliner' as example name for cli tool\ntgd-outliner --help # TGD Project info, args\ntgd-outliner tutorial --help # Show contents of the templates\/tutorial\/about-tutorial.md file\ntgd-outliner update # Pull down latest release of templates, or master branch, or?\n\n# Output simple file types, would be a great start\ntgd-outliner api-quickstart --output md\ntgd-outliner how-to --output rst```\nSomething like this could eventually be expanded for SSG-specific output:\n```# Potentially have an output that makes use of SSG particularities?\n\n## Hugo\n### Which has 'hugo new content\/docs-template.md' for example\n### Special content like: author,categories,tags,date,description,etc.\ntgd-outliner how-to --format hugo --output rst\n\n## Jekyll\n### <https:\/\/jekyllrb.com\/docs\/posts\/>\n### Special content like: layout,title,header,last_modified_at,etc.\ntgd-outliner tutorial --format jekyll --output md\n\n## <http:\/\/Dev.to|Dev.to>\n### Blogging platform that uses Markdown\n### Special front matter like: title,published,tags,canonical_url,etc.\ntgd-outliner tutorial --format devto```\n",
                "author_name": "Derek Ardolf",
                "author_link": "https:\/\/thegooddocs.slack.com\/team\/U015GARCR8X",
                "author_icon": "https:\/\/avatars.slack-edge.com\/2020-06-23\/1186369550023_80c59b9f7a2864f5d554_48.png",
                "mrkdwn_in": [
                    "text"
                ],
                "color": "D0D0D0",
                "from_url": "https:\/\/thegooddocs.slack.com\/archives\/C016L3962CU\/p1595820886018200",
                "is_share": true,
                "footer": "Posted in #chronologue-docs"
            }
        ],
        "blocks": [
            {
                "type": "rich_text",
                "block_id": "Vju",
                "elements": [
                    {
                        "type": "rich_text_section",
                        "elements": [
                            {
                                "type": "text",
                                "text": "Sharing here some ideas. Thinking aloud, really, and just wanted to get it down somewhere. Wondering what people think about the idea?\n\nIt would be cool if I could just do "
                            },
                            {
                                "type": "text",
                                "text": "tgd-outliner how-to how-to-be-awesome.md",
                                "style": {
                                    "code": true
                                }
                            },
                            {
                                "type": "text",
                                "text": " or something and edit the generated file."
                            }
                        ]
                    }
                ]
            }
        ],
        "thread_ts": "1595821197.042600",
        "reply_count": 4,
        "reply_users_count": 3,
        "latest_reply": "1595880817.056300",
        "reply_users": [
            "UKVC4NB71",
            "U014V7JDGPM",
            "UKTGLQNGG"
        ],
        "replies": [
            {
                "user": "UKVC4NB71",
                "ts": "1595823851.042700"
            },
            {
                "user": "UKVC4NB71",
                "ts": "1595823854.042900"
            },
            {
                "user": "U014V7JDGPM",
                "ts": "1595829650.043100"
            },
            {
                "user": "UKTGLQNGG",
                "ts": "1595880817.056300"
            }
        ],
        "subscribed": false
    },
    {
        "client_msg_id": "930e4dae-7d22-4ea0-aaea-912ad215929a",
        "type": "message",
        "text": "I think <@U014V7JDGPM> has the same ideas as you <@U015GARCR8X>",
        "user": "UKVC4NB71",
        "ts": "1595823851.042700",
        "team": "TKFJE6LDR",
        "user_team": "TKFJE6LDR",
        "source_team": "TKFJE6LDR",
        "user_profile": {
            "avatar_hash": "c7d9788d4436",
            "image_72": "https:\/\/avatars.slack-edge.com\/2019-10-30\/814314609877_c7d9788d4436969613a7_72.jpg",
            "first_name": "Jared",
            "real_name": "Jared Morgan",
            "display_name": "jaredmorgs",
            "team": "TKFJE6LDR",
            "name": "jaredleonmorgan",
            "is_restricted": false,
            "is_ultra_restricted": false
        },
        "blocks": [
            {
                "type": "rich_text",
                "block_id": "ld4L",
                "elements": [
                    {
                        "type": "rich_text_section",
                        "elements": [
                            {
                                "type": "text",
                                "text": "I think "
                            },
                            {
                                "type": "user",
                                "user_id": "U014V7JDGPM"
                            },
                            {
                                "type": "text",
                                "text": " has the same ideas as you "
                            },
                            {
                                "type": "user",
                                "user_id": "U015GARCR8X"
                            }
                        ]
                    }
                ]
            }
        ],
        "thread_ts": "1595821197.042600",
        "parent_user_id": "U015GARCR8X"
    },
    {
        "client_msg_id": "3e660419-8b43-4536-a921-106482082afb",
        "type": "message",
        "text": "You two should chat.",
        "user": "UKVC4NB71",
        "ts": "1595823854.042900",
        "team": "TKFJE6LDR",
        "user_team": "TKFJE6LDR",
        "source_team": "TKFJE6LDR",
        "user_profile": {
            "avatar_hash": "c7d9788d4436",
            "image_72": "https:\/\/avatars.slack-edge.com\/2019-10-30\/814314609877_c7d9788d4436969613a7_72.jpg",
            "first_name": "Jared",
            "real_name": "Jared Morgan",
            "display_name": "jaredmorgs",
            "team": "TKFJE6LDR",
            "name": "jaredleonmorgan",
            "is_restricted": false,
            "is_ultra_restricted": false
        },
        "blocks": [
            {
                "type": "rich_text",
                "block_id": "PVSN",
                "elements": [
                    {
                        "type": "rich_text_section",
                        "elements": [
                            {
                                "type": "text",
                                "text": "You two should chat."
                            }
                        ]
                    }
                ]
            }
        ],
        "thread_ts": "1595821197.042600",
        "parent_user_id": "U015GARCR8X"
    },
    {
        "client_msg_id": "b46931e8-c07b-41f2-a96c-ecb2a414940c",
        "type": "message",
        "text": "Yup, pretty much a similar idea to what I had, but plus or minus a few things",
        "user": "U014V7JDGPM",
        "ts": "1595829650.043100",
        "team": "TKFJE6LDR",
        "user_team": "TKFJE6LDR",
        "source_team": "TKFJE6LDR",
        "user_profile": {
            "avatar_hash": "g35a44b69ae5",
            "image_72": "https:\/\/secure.gravatar.com\/avatar\/35a44b69ae5c2c1d250216f8ccc9d67c.jpg?s=72&d=https%3A%2F%2Fa.slack-edge.com%2Fdf10d%2Fimg%2Favatars%2Fava_0019-72.png",
            "first_name": "",
            "real_name": "ChrisChinchilla",
            "display_name": "ChrisChinchilla",
            "team": "TKFJE6LDR",
            "name": "chris",
            "is_restricted": false,
            "is_ultra_restricted": false
        },
        "blocks": [
            {
                "type": "rich_text",
                "block_id": "FarTj",
                "elements": [
                    {
                        "type": "rich_text_section",
                        "elements": [
                            {
                                "type": "text",
                                "text": "Yup, pretty much a similar idea to what I had, but plus or minus a few things"
                            }
                        ]
                    }
                ]
            }
        ],
        "thread_ts": "1595821197.042600",
        "parent_user_id": "U015GARCR8X",
        "reactions": [
            {
                "name": "+1",
                "users": [
                    "U015GARCR8X"
                ],
                "count": 1
            }
        ]
    }
]