[
    {
        "client_msg_id": "3c5a4b70-ba87-414e-afc9-78fdf0ea15ec",
        "type": "message",
        "text": "I have a general question I wonder if anyone had any input or thoughts on…\n\nIf you’ve ever started documenting a project before it was at version 1, or a kind of “we feel confident with our stuff now” release, what did you consider the most important things to have completed from a docs perspective before that release?",
        "user": "U014V7JDGPM",
        "ts": "1596555031.075300",
        "team": "TKFJE6LDR",
        "user_team": "TKFJE6LDR",
        "source_team": "TKFJE6LDR",
        "user_profile": {
            "avatar_hash": "g35a44b69ae5",
            "image_72": "https:\/\/secure.gravatar.com\/avatar\/35a44b69ae5c2c1d250216f8ccc9d67c.jpg?s=72&d=https%3A%2F%2Fa.slack-edge.com%2Fdf10d%2Fimg%2Favatars%2Fava_0019-72.png",
            "first_name": "",
            "real_name": "ChrisChinchilla",
            "display_name": "ChrisChinchilla",
            "team": "TKFJE6LDR",
            "name": "chris",
            "is_restricted": false,
            "is_ultra_restricted": false
        },
        "blocks": [
            {
                "type": "rich_text",
                "block_id": "pVX",
                "elements": [
                    {
                        "type": "rich_text_section",
                        "elements": [
                            {
                                "type": "text",
                                "text": "I have a general question I wonder if anyone had any input or thoughts on…\n\nIf you’ve ever started documenting a project before it was at version 1, or a kind of “we feel confident with our stuff now” release, what did you consider the most important things to have completed from a docs perspective before that release?"
                            }
                        ]
                    }
                ]
            }
        ],
        "thread_ts": "1596555031.075300",
        "reply_count": 20,
        "reply_users_count": 6,
        "latest_reply": "1596660438.086900",
        "reply_users": [
            "UL2AA1FF1",
            "UL3UNUMK6",
            "UQ553K7DY",
            "UKTGLQNGG",
            "U014V7JDGPM",
            "U015W4HK0HL"
        ],
        "replies": [
            {
                "user": "UL2AA1FF1",
                "ts": "1596557490.075500"
            },
            {
                "user": "UL2AA1FF1",
                "ts": "1596557521.075700"
            },
            {
                "user": "UL2AA1FF1",
                "ts": "1596557561.075900"
            },
            {
                "user": "UL2AA1FF1",
                "ts": "1596557640.076100"
            },
            {
                "user": "UL3UNUMK6",
                "ts": "1596563928.076300"
            },
            {
                "user": "UL3UNUMK6",
                "ts": "1596564013.076500"
            },
            {
                "user": "UL3UNUMK6",
                "ts": "1596564085.076700"
            },
            {
                "user": "UL3UNUMK6",
                "ts": "1596564189.076900"
            },
            {
                "user": "UL3UNUMK6",
                "ts": "1596564342.077200"
            },
            {
                "user": "UQ553K7DY",
                "ts": "1596589453.077500"
            },
            {
                "user": "UQ553K7DY",
                "ts": "1596589492.077700"
            },
            {
                "user": "UKTGLQNGG",
                "ts": "1596603206.078000"
            },
            {
                "user": "UL3UNUMK6",
                "ts": "1596605048.082100"
            },
            {
                "user": "UL3UNUMK6",
                "ts": "1596605122.083100"
            },
            {
                "user": "UQ553K7DY",
                "ts": "1596605124.083300"
            },
            {
                "user": "UQ553K7DY",
                "ts": "1596605214.083500"
            },
            {
                "user": "UQ553K7DY",
                "ts": "1596605249.083700"
            },
            {
                "user": "U014V7JDGPM",
                "ts": "1596617782.085400"
            },
            {
                "user": "U015W4HK0HL",
                "ts": "1596652235.085900"
            },
            {
                "user": "U014V7JDGPM",
                "ts": "1596660438.086900"
            }
        ],
        "subscribed": false
    },
    {
        "bot_id": "B01",
        "type": "message",
        "text": "Reminder: remember to add items to the Weekly Meeting agenda before our meeting Wednesdays UTC 21:00!",
        "user": "USLACKBOT",
        "ts": "1596556810.075400",
        "team": "TKFJE6LDR"
    },
    {
        "client_msg_id": "41c2687f-52be-458a-8d6f-5a66912f6df1",
        "type": "message",
        "text": "what a good question! This ties in well with the idea of a \"minimum viable docset\" that we've been noodling over",
        "user": "UL2AA1FF1",
        "ts": "1596557490.075500",
        "team": "TKFJE6LDR",
        "user_team": "TKFJE6LDR",
        "source_team": "TKFJE6LDR",
        "user_profile": {
            "avatar_hash": "22135067b36d",
            "image_72": "https:\/\/avatars.slack-edge.com\/2019-10-23\/805254797908_22135067b36dfb715e99_72.jpg",
            "first_name": "",
            "real_name": "Erin McKean",
            "display_name": "Erin McKean",
            "team": "TKFJE6LDR",
            "name": "emckean",
            "is_restricted": false,
            "is_ultra_restricted": false
        },
        "blocks": [
            {
                "type": "rich_text",
                "block_id": "t2f",
                "elements": [
                    {
                        "type": "rich_text_section",
                        "elements": [
                            {
                                "type": "text",
                                "text": "what a good question! This ties in well with the idea of a \"minimum viable docset\" that we've been noodling over"
                            }
                        ]
                    }
                ]
            }
        ],
        "thread_ts": "1596555031.075300",
        "parent_user_id": "U014V7JDGPM"
    },
    {
        "client_msg_id": "7835be3a-a882-4646-b203-bf7bc2e8e067",
        "type": "message",
        "text": "from my perspective, the most important question any docs set can answer is \"what's in it for you?\" :joy:",
        "user": "UL2AA1FF1",
        "ts": "1596557521.075700",
        "team": "TKFJE6LDR",
        "user_team": "TKFJE6LDR",
        "source_team": "TKFJE6LDR",
        "user_profile": {
            "avatar_hash": "22135067b36d",
            "image_72": "https:\/\/avatars.slack-edge.com\/2019-10-23\/805254797908_22135067b36dfb715e99_72.jpg",
            "first_name": "",
            "real_name": "Erin McKean",
            "display_name": "Erin McKean",
            "team": "TKFJE6LDR",
            "name": "emckean",
            "is_restricted": false,
            "is_ultra_restricted": false
        },
        "blocks": [
            {
                "type": "rich_text",
                "block_id": "fhAT",
                "elements": [
                    {
                        "type": "rich_text_section",
                        "elements": [
                            {
                                "type": "text",
                                "text": "from my perspective, the most important question any docs set can answer is \"what's in it for you?\" "
                            },
                            {
                                "type": "emoji",
                                "name": "joy"
                            }
                        ]
                    }
                ]
            }
        ],
        "thread_ts": "1596555031.075300",
        "parent_user_id": "U014V7JDGPM"
    },
    {
        "client_msg_id": "bd798de3-64de-4e30-a63c-57758e012be6",
        "type": "message",
        "text": "If your docs don't tell me what the BENEFIT of using your tool is then I don't care about the quickstart or the tutorial or the concepts and I certainly don't care about the contributing guide ....",
        "user": "UL2AA1FF1",
        "ts": "1596557561.075900",
        "team": "TKFJE6LDR",
        "user_team": "TKFJE6LDR",
        "source_team": "TKFJE6LDR",
        "user_profile": {
            "avatar_hash": "22135067b36d",
            "image_72": "https:\/\/avatars.slack-edge.com\/2019-10-23\/805254797908_22135067b36dfb715e99_72.jpg",
            "first_name": "",
            "real_name": "Erin McKean",
            "display_name": "Erin McKean",
            "team": "TKFJE6LDR",
            "name": "emckean",
            "is_restricted": false,
            "is_ultra_restricted": false
        },
        "blocks": [
            {
                "type": "rich_text",
                "block_id": "3HZ",
                "elements": [
                    {
                        "type": "rich_text_section",
                        "elements": [
                            {
                                "type": "text",
                                "text": "If your docs don't tell me what the BENEFIT of using your tool is then I don't care about the quickstart or the tutorial or the concepts and I certainly don't care about the contributing guide ...."
                            }
                        ]
                    }
                ]
            }
        ],
        "thread_ts": "1596555031.075300",
        "parent_user_id": "U014V7JDGPM"
    },
    {
        "client_msg_id": "0ba3274f-523e-424b-8887-7b6aaf6574db",
        "type": "message",
        "text": "what's your unique selling proposition? why is your tool great, and for what use cases? (even if it's only on the WAY to being great, you can talk about what the coming greatness will be)",
        "user": "UL2AA1FF1",
        "ts": "1596557640.076100",
        "team": "TKFJE6LDR",
        "user_team": "TKFJE6LDR",
        "source_team": "TKFJE6LDR",
        "user_profile": {
            "avatar_hash": "22135067b36d",
            "image_72": "https:\/\/avatars.slack-edge.com\/2019-10-23\/805254797908_22135067b36dfb715e99_72.jpg",
            "first_name": "",
            "real_name": "Erin McKean",
            "display_name": "Erin McKean",
            "team": "TKFJE6LDR",
            "name": "emckean",
            "is_restricted": false,
            "is_ultra_restricted": false
        },
        "blocks": [
            {
                "type": "rich_text",
                "block_id": "uqOl",
                "elements": [
                    {
                        "type": "rich_text_section",
                        "elements": [
                            {
                                "type": "text",
                                "text": "what's your unique selling proposition? why is your tool great, and for what use cases? (even if it's only on the WAY to being great, you can talk about what the coming greatness will be)"
                            }
                        ]
                    }
                ]
            }
        ],
        "thread_ts": "1596555031.075300",
        "parent_user_id": "U014V7JDGPM"
    },
    {
        "client_msg_id": "a534da79-0a90-41ce-9ae6-5bb92dd65c41",
        "type": "message",
        "text": "The docs to include depend on what kind of software the project is.",
        "user": "UL3UNUMK6",
        "ts": "1596563928.076300",
        "team": "TKFJE6LDR",
        "user_team": "TKFJE6LDR",
        "source_team": "TKFJE6LDR",
        "user_profile": {
            "avatar_hash": "g886aa2ab03e",
            "image_72": "https:\/\/secure.gravatar.com\/avatar\/1886aa2ab03e30db78524e761889e101.jpg?s=72&d=https%3A%2F%2Fa.slack-edge.com%2Fdf10d%2Fimg%2Favatars%2Fava_0005-72.png",
            "first_name": "",
            "real_name": "Clarence Cromwell",
            "display_name": "",
            "team": "TKFJE6LDR",
            "name": "clarencewcromwell",
            "is_restricted": false,
            "is_ultra_restricted": false
        },
        "blocks": [
            {
                "type": "rich_text",
                "block_id": "x81UL",
                "elements": [
                    {
                        "type": "rich_text_section",
                        "elements": [
                            {
                                "type": "text",
                                "text": "The docs to include depend on what kind of software the project is."
                            }
                        ]
                    }
                ]
            }
        ],
        "thread_ts": "1596555031.075300",
        "parent_user_id": "U014V7JDGPM"
    },
    {
        "client_msg_id": "04c96a51-7ba1-458f-b3e7-e21ccb9eb4d3",
        "type": "message",
        "text": "If it’s an API, my case for the minimum viable doc set would be:\n• API reference\n• Quickstart\n• Overview (What is it, what can it do for you)",
        "user": "UL3UNUMK6",
        "ts": "1596564013.076500",
        "team": "TKFJE6LDR",
        "user_team": "TKFJE6LDR",
        "source_team": "TKFJE6LDR",
        "user_profile": {
            "avatar_hash": "g886aa2ab03e",
            "image_72": "https:\/\/secure.gravatar.com\/avatar\/1886aa2ab03e30db78524e761889e101.jpg?s=72&d=https%3A%2F%2Fa.slack-edge.com%2Fdf10d%2Fimg%2Favatars%2Fava_0005-72.png",
            "first_name": "",
            "real_name": "Clarence Cromwell",
            "display_name": "",
            "team": "TKFJE6LDR",
            "name": "clarencewcromwell",
            "is_restricted": false,
            "is_ultra_restricted": false
        },
        "blocks": [
            {
                "type": "rich_text",
                "block_id": "zYFf",
                "elements": [
                    {
                        "type": "rich_text_section",
                        "elements": [
                            {
                                "type": "text",
                                "text": "If it’s an API, my case for the minimum viable doc set would be:\n"
                            }
                        ]
                    },
                    {
                        "type": "rich_text_list",
                        "elements": [
                            {
                                "type": "rich_text_section",
                                "elements": [
                                    {
                                        "type": "text",
                                        "text": "API reference"
                                    }
                                ]
                            },
                            {
                                "type": "rich_text_section",
                                "elements": [
                                    {
                                        "type": "text",
                                        "text": "Quickstart"
                                    }
                                ]
                            },
                            {
                                "type": "rich_text_section",
                                "elements": [
                                    {
                                        "type": "text",
                                        "text": "Overview (What is it, what can it do for you)"
                                    }
                                ]
                            }
                        ],
                        "style": "bullet",
                        "indent": 0
                    }
                ]
            }
        ],
        "thread_ts": "1596555031.075300",
        "parent_user_id": "U014V7JDGPM"
    },
    {
        "client_msg_id": "c18afa98-509e-4e2e-8536-7d64dd490634",
        "type": "message",
        "text": "I would write them in that order to make the job easier for myself.",
        "user": "UL3UNUMK6",
        "ts": "1596564085.076700",
        "team": "TKFJE6LDR",
        "user_team": "TKFJE6LDR",
        "source_team": "TKFJE6LDR",
        "user_profile": {
            "avatar_hash": "g886aa2ab03e",
            "image_72": "https:\/\/secure.gravatar.com\/avatar\/1886aa2ab03e30db78524e761889e101.jpg?s=72&d=https%3A%2F%2Fa.slack-edge.com%2Fdf10d%2Fimg%2Favatars%2Fava_0005-72.png",
            "first_name": "",
            "real_name": "Clarence Cromwell",
            "display_name": "",
            "team": "TKFJE6LDR",
            "name": "clarencewcromwell",
            "is_restricted": false,
            "is_ultra_restricted": false
        },
        "blocks": [
            {
                "type": "rich_text",
                "block_id": "AiYIN",
                "elements": [
                    {
                        "type": "rich_text_section",
                        "elements": [
                            {
                                "type": "text",
                                "text": "I would write them in that order to make the job easier for myself."
                            }
                        ]
                    }
                ]
            }
        ],
        "thread_ts": "1596555031.075300",
        "parent_user_id": "U014V7JDGPM"
    },
    {
        "client_msg_id": "6339de88-243e-486f-985e-d9b96e3c4da8",
        "type": "message",
        "text": "That model is based on research into what information users need to get started, what sort of information do most developers say they want, and what sort of missing information is complained about the most.",
        "user": "UL3UNUMK6",
        "ts": "1596564189.076900",
        "team": "TKFJE6LDR",
        "user_team": "TKFJE6LDR",
        "source_team": "TKFJE6LDR",
        "user_profile": {
            "avatar_hash": "g886aa2ab03e",
            "image_72": "https:\/\/secure.gravatar.com\/avatar\/1886aa2ab03e30db78524e761889e101.jpg?s=72&d=https%3A%2F%2Fa.slack-edge.com%2Fdf10d%2Fimg%2Favatars%2Fava_0005-72.png",
            "first_name": "",
            "real_name": "Clarence Cromwell",
            "display_name": "",
            "team": "TKFJE6LDR",
            "name": "clarencewcromwell",
            "is_restricted": false,
            "is_ultra_restricted": false
        },
        "edited": {
            "user": "UL3UNUMK6",
            "ts": "1596564208.000000"
        },
        "blocks": [
            {
                "type": "rich_text",
                "block_id": "dBFdm",
                "elements": [
                    {
                        "type": "rich_text_section",
                        "elements": [
                            {
                                "type": "text",
                                "text": "That model is based on research into what information users need to get started, what sort of information do most developers say they want, and what sort of missing information is complained about the most."
                            }
                        ]
                    }
                ]
            }
        ],
        "thread_ts": "1596555031.075300",
        "parent_user_id": "U014V7JDGPM"
    },
    {
        "client_msg_id": "6a6db1aa-bb1c-4942-991c-52f9542bebfa",
        "type": "message",
        "text": "If the project has all the content described above, the next level might be to add more how-to articles that tell your users how to accomplish specific tasks that they want to do as intermediate users.",
        "user": "UL3UNUMK6",
        "ts": "1596564342.077200",
        "team": "TKFJE6LDR",
        "user_team": "TKFJE6LDR",
        "source_team": "TKFJE6LDR",
        "user_profile": {
            "avatar_hash": "g886aa2ab03e",
            "image_72": "https:\/\/secure.gravatar.com\/avatar\/1886aa2ab03e30db78524e761889e101.jpg?s=72&d=https%3A%2F%2Fa.slack-edge.com%2Fdf10d%2Fimg%2Favatars%2Fava_0005-72.png",
            "first_name": "",
            "real_name": "Clarence Cromwell",
            "display_name": "",
            "team": "TKFJE6LDR",
            "name": "clarencewcromwell",
            "is_restricted": false,
            "is_ultra_restricted": false
        },
        "edited": {
            "user": "UL3UNUMK6",
            "ts": "1596564359.000000"
        },
        "blocks": [
            {
                "type": "rich_text",
                "block_id": "LSR",
                "elements": [
                    {
                        "type": "rich_text_section",
                        "elements": [
                            {
                                "type": "text",
                                "text": "If the project has all the content described above, the next level might be to add more how-to articles that tell your users how to accomplish specific tasks that they want to do as intermediate users."
                            }
                        ]
                    }
                ]
            }
        ],
        "thread_ts": "1596555031.075300",
        "parent_user_id": "U014V7JDGPM"
    },
    {
        "client_msg_id": "c862160c-3a24-4813-919d-097e2a216449",
        "type": "message",
        "text": "heh, i replied to this in WtD, lemme find it and paste here",
        "user": "UQ553K7DY",
        "ts": "1596589453.077500",
        "team": "TKFJE6LDR",
        "user_team": "TKFJE6LDR",
        "source_team": "TKFJE6LDR",
        "user_profile": {
            "avatar_hash": "e0f8604c1079",
            "image_72": "https:\/\/avatars.slack-edge.com\/2020-10-26\/1445509834998_e0f8604c1079f923f3e9_72.png",
            "first_name": "Loquacity",
            "real_name": "Loquacity",
            "display_name": "Loquacity",
            "team": "TKFJE6LDR",
            "name": "slack1",
            "is_restricted": false,
            "is_ultra_restricted": false
        },
        "blocks": [
            {
                "type": "rich_text",
                "block_id": "eFWxl",
                "elements": [
                    {
                        "type": "rich_text_section",
                        "elements": [
                            {
                                "type": "text",
                                "text": "heh, i replied to this in WtD, lemme find it and paste here"
                            }
                        ]
                    }
                ]
            }
        ],
        "thread_ts": "1596555031.075300",
        "parent_user_id": "U014V7JDGPM"
    },
    {
        "client_msg_id": "2c9ec41e-32aa-4db0-b697-534a23a55d4e",
        "type": "message",
        "text": "i would start with doing a quick survey of readers (or sales reps\/consultants if you can't get to readers directly) and developers, then throw together a super simple user\/task matrix. that will help you identify what reader pathways you need first. and gives you the extra added benefit of having research and data to back up your assertions ;)",
        "user": "UQ553K7DY",
        "ts": "1596589492.077700",
        "team": "TKFJE6LDR",
        "user_team": "TKFJE6LDR",
        "source_team": "TKFJE6LDR",
        "user_profile": {
            "avatar_hash": "e0f8604c1079",
            "image_72": "https:\/\/avatars.slack-edge.com\/2020-10-26\/1445509834998_e0f8604c1079f923f3e9_72.png",
            "first_name": "Loquacity",
            "real_name": "Loquacity",
            "display_name": "Loquacity",
            "team": "TKFJE6LDR",
            "name": "slack1",
            "is_restricted": false,
            "is_ultra_restricted": false
        },
        "blocks": [
            {
                "type": "rich_text",
                "block_id": "Fqp",
                "elements": [
                    {
                        "type": "rich_text_section",
                        "elements": [
                            {
                                "type": "text",
                                "text": "i would start with doing a quick survey of readers (or sales reps\/consultants if you can't get to readers directly) and developers, then throw together a super simple user\/task matrix. that will help you identify what reader pathways you need first. and gives you the extra added benefit of having research and data to back up your assertions ;)"
                            }
                        ]
                    }
                ]
            }
        ],
        "thread_ts": "1596555031.075300",
        "parent_user_id": "U014V7JDGPM",
        "reactions": [
            {
                "name": "heavy_plus_sign",
                "users": [
                    "UL2AA1FF1"
                ],
                "count": 1
            }
        ]
    },
    {
        "client_msg_id": "186f3c42-25cb-4de1-8ab2-9f5ec3f56a1d",
        "type": "message",
        "text": "The answer to this may be different if you are an open source audience. What do you want your reader to do after reading your doc. Quite often it is a \"Here is our vision, that is how much is done so far, this is where to do something useful. Lastly, do you like this project? Want to help? Here's how.",
        "user": "UKTGLQNGG",
        "ts": "1596603206.078000",
        "team": "TKFJE6LDR",
        "user_team": "TKFJE6LDR",
        "source_team": "TKFJE6LDR",
        "user_profile": {
            "avatar_hash": "d6f4de222bb1",
            "image_72": "https:\/\/avatars.slack-edge.com\/2020-07-20\/1235580478119_d6f4de222bb1ed6b5960_72.jpg",
            "first_name": "Cameron",
            "real_name": "Cameron Shorter",
            "display_name": "cameronshorter",
            "team": "TKFJE6LDR",
            "name": "cameron.shorter",
            "is_restricted": false,
            "is_ultra_restricted": false
        },
        "blocks": [
            {
                "type": "rich_text",
                "block_id": "Rho",
                "elements": [
                    {
                        "type": "rich_text_section",
                        "elements": [
                            {
                                "type": "text",
                                "text": "The answer to this may be different if you are an open source audience. What do you want your reader to do after reading your doc. Quite often it is a \"Here is our vision, that is how much is done so far, this is where to do something useful. Lastly, do you like this project? Want to help? Here's how."
                            }
                        ]
                    }
                ]
            }
        ],
        "thread_ts": "1596555031.075300",
        "parent_user_id": "U014V7JDGPM"
    },
    {
        "client_msg_id": "EE3B3F79-FE12-4766-8425-2C08D4B99E08",
        "type": "message",
        "text": "<@UQ553K7DY> that’s where you can begin as an experienced technical writer, if you have the skills, the time, and the resources. The other end of the spectrum is starting with the MVD, which is better for developers doing docs, for beginners, or for the lone writer who is stretched really thin.",
        "user": "UL3UNUMK6",
        "ts": "1596605048.082100",
        "team": "TKFJE6LDR",
        "user_team": "TKFJE6LDR",
        "source_team": "TKFJE6LDR",
        "user_profile": {
            "avatar_hash": "g886aa2ab03e",
            "image_72": "https:\/\/secure.gravatar.com\/avatar\/1886aa2ab03e30db78524e761889e101.jpg?s=72&d=https%3A%2F%2Fa.slack-edge.com%2Fdf10d%2Fimg%2Favatars%2Fava_0005-72.png",
            "first_name": "",
            "real_name": "Clarence Cromwell",
            "display_name": "",
            "team": "TKFJE6LDR",
            "name": "clarencewcromwell",
            "is_restricted": false,
            "is_ultra_restricted": false
        },
        "blocks": [
            {
                "type": "rich_text",
                "block_id": "o6lmI",
                "elements": [
                    {
                        "type": "rich_text_section",
                        "elements": [
                            {
                                "type": "user",
                                "user_id": "UQ553K7DY"
                            },
                            {
                                "type": "text",
                                "text": " that’s where you can begin as an experienced technical writer, if you have the skills, the time, and the resources. The other end of the spectrum is starting with the MVD, which is better for developers doing docs, for beginners, or for the lone writer who is stretched really thin."
                            }
                        ]
                    }
                ]
            }
        ],
        "thread_ts": "1596555031.075300",
        "parent_user_id": "U014V7JDGPM"
    },
    {
        "client_msg_id": "8CBA2E27-DA9A-4D7D-B033-FF1819866AA1",
        "type": "message",
        "text": "What you’re describing is the maximal approach.",
        "user": "UL3UNUMK6",
        "ts": "1596605122.083100",
        "team": "TKFJE6LDR",
        "user_team": "TKFJE6LDR",
        "source_team": "TKFJE6LDR",
        "user_profile": {
            "avatar_hash": "g886aa2ab03e",
            "image_72": "https:\/\/secure.gravatar.com\/avatar\/1886aa2ab03e30db78524e761889e101.jpg?s=72&d=https%3A%2F%2Fa.slack-edge.com%2Fdf10d%2Fimg%2Favatars%2Fava_0005-72.png",
            "first_name": "",
            "real_name": "Clarence Cromwell",
            "display_name": "",
            "team": "TKFJE6LDR",
            "name": "clarencewcromwell",
            "is_restricted": false,
            "is_ultra_restricted": false
        },
        "blocks": [
            {
                "type": "rich_text",
                "block_id": "hJeGd",
                "elements": [
                    {
                        "type": "rich_text_section",
                        "elements": [
                            {
                                "type": "text",
                                "text": "What you’re describing is the maximal approach."
                            }
                        ]
                    }
                ]
            }
        ],
        "thread_ts": "1596555031.075300",
        "parent_user_id": "U014V7JDGPM"
    },
    {
        "client_msg_id": "8abd0209-3f77-4254-874b-6500c142786b",
        "type": "message",
        "text": "agreed",
        "user": "UQ553K7DY",
        "ts": "1596605124.083300",
        "team": "TKFJE6LDR",
        "user_team": "TKFJE6LDR",
        "source_team": "TKFJE6LDR",
        "user_profile": {
            "avatar_hash": "e0f8604c1079",
            "image_72": "https:\/\/avatars.slack-edge.com\/2020-10-26\/1445509834998_e0f8604c1079f923f3e9_72.png",
            "first_name": "Loquacity",
            "real_name": "Loquacity",
            "display_name": "Loquacity",
            "team": "TKFJE6LDR",
            "name": "slack1",
            "is_restricted": false,
            "is_ultra_restricted": false
        },
        "blocks": [
            {
                "type": "rich_text",
                "block_id": "RRO2U",
                "elements": [
                    {
                        "type": "rich_text_section",
                        "elements": [
                            {
                                "type": "text",
                                "text": "agreed"
                            }
                        ]
                    }
                ]
            }
        ],
        "thread_ts": "1596555031.075300",
        "parent_user_id": "U014V7JDGPM"
    },
    {
        "client_msg_id": "a6a6f5d7-8cdc-4730-ad99-06f4406e565a",
        "type": "message",
        "text": "i would still argue, though, that even if you don't have the time to do the research, you can still throw together a user\/task matrix. you can do that in under an hour if you rely on \"reasonable assumptions\" and will still give you some insights.",
        "user": "UQ553K7DY",
        "ts": "1596605214.083500",
        "team": "TKFJE6LDR",
        "user_team": "TKFJE6LDR",
        "source_team": "TKFJE6LDR",
        "user_profile": {
            "avatar_hash": "e0f8604c1079",
            "image_72": "https:\/\/avatars.slack-edge.com\/2020-10-26\/1445509834998_e0f8604c1079f923f3e9_72.png",
            "first_name": "Loquacity",
            "real_name": "Loquacity",
            "display_name": "Loquacity",
            "team": "TKFJE6LDR",
            "name": "slack1",
            "is_restricted": false,
            "is_ultra_restricted": false
        },
        "blocks": [
            {
                "type": "rich_text",
                "block_id": "t+c",
                "elements": [
                    {
                        "type": "rich_text_section",
                        "elements": [
                            {
                                "type": "text",
                                "text": "i would still argue, though, that even if you don't have the time to do the research, you can still throw together a user\/task matrix. you can do that in under an hour if you rely on \"reasonable assumptions\" and will still give you some insights."
                            }
                        ]
                    }
                ]
            }
        ],
        "thread_ts": "1596555031.075300",
        "parent_user_id": "U014V7JDGPM"
    },
    {
        "client_msg_id": "2f11067e-7502-42bf-8662-47a753de56fc",
        "type": "message",
        "text": "i mean, you can use that as a mechanism to determine what the MVD is, rather than closing your eyes and guessing",
        "user": "UQ553K7DY",
        "ts": "1596605249.083700",
        "team": "TKFJE6LDR",
        "user_team": "TKFJE6LDR",
        "source_team": "TKFJE6LDR",
        "user_profile": {
            "avatar_hash": "e0f8604c1079",
            "image_72": "https:\/\/avatars.slack-edge.com\/2020-10-26\/1445509834998_e0f8604c1079f923f3e9_72.png",
            "first_name": "Loquacity",
            "real_name": "Loquacity",
            "display_name": "Loquacity",
            "team": "TKFJE6LDR",
            "name": "slack1",
            "is_restricted": false,
            "is_ultra_restricted": false
        },
        "blocks": [
            {
                "type": "rich_text",
                "block_id": "Kleu",
                "elements": [
                    {
                        "type": "rich_text_section",
                        "elements": [
                            {
                                "type": "text",
                                "text": "i mean, you can use that as a mechanism to determine what the MVD is, rather than closing your eyes and guessing"
                            }
                        ]
                    }
                ]
            }
        ],
        "thread_ts": "1596555031.075300",
        "parent_user_id": "U014V7JDGPM"
    }
]