[
    {
        "client_msg_id": "9aa2af96-3a35-4471-9e70-0deed4c8b0a6",
        "type": "message",
        "text": "In my day job I'm going to have to naming conventions for filenames? For example, should you change white spaces in the filename to underscores, or should you use YYYY-MM-DD for dates, and MAJOR.MINOR.PATCH versioning. I'm thinking this is something that should fit in a style guide. Anyone have suggestions on where I'd find best practices for this? A quick Google found a few ideas, but nothing particularly authoritative.",
        "user": "UKTGLQNGG",
        "ts": "1595205490.027200",
        "team": "TKFJE6LDR",
        "user_team": "TKFJE6LDR",
        "source_team": "TKFJE6LDR",
        "user_profile": {
            "avatar_hash": "d6f4de222bb1",
            "image_72": "https:\/\/avatars.slack-edge.com\/2020-07-20\/1235580478119_d6f4de222bb1ed6b5960_72.jpg",
            "first_name": "Cameron",
            "real_name": "Cameron Shorter",
            "display_name": "cameronshorter",
            "team": "TKFJE6LDR",
            "name": "cameron.shorter",
            "is_restricted": false,
            "is_ultra_restricted": false
        },
        "blocks": [
            {
                "type": "rich_text",
                "block_id": "XUwJj",
                "elements": [
                    {
                        "type": "rich_text_section",
                        "elements": [
                            {
                                "type": "text",
                                "text": "In my day job I'm going to have to naming conventions for filenames? For example, should you change white spaces in the filename to underscores, or should you use YYYY-MM-DD for dates, and MAJOR.MINOR.PATCH versioning. I'm thinking this is something that should fit in a style guide. Anyone have suggestions on where I'd find best practices for this? A quick Google found a few ideas, but nothing particularly authoritative."
                            }
                        ]
                    }
                ]
            }
        ]
    },
    {
        "client_msg_id": "76f47af5-f0e9-48d6-8cce-6840f606f153",
        "type": "message",
        "text": "for date format there's ISO 8601.",
        "user": "UQ553K7DY",
        "ts": "1595211213.027700",
        "team": "TKFJE6LDR",
        "user_team": "TKFJE6LDR",
        "source_team": "TKFJE6LDR",
        "user_profile": {
            "avatar_hash": "e0f8604c1079",
            "image_72": "https:\/\/avatars.slack-edge.com\/2020-10-26\/1445509834998_e0f8604c1079f923f3e9_72.png",
            "first_name": "Loquacity",
            "real_name": "Loquacity",
            "display_name": "Loquacity",
            "team": "TKFJE6LDR",
            "name": "slack1",
            "is_restricted": false,
            "is_ultra_restricted": false
        },
        "blocks": [
            {
                "type": "rich_text",
                "block_id": "+iUL",
                "elements": [
                    {
                        "type": "rich_text_section",
                        "elements": [
                            {
                                "type": "text",
                                "text": "for date format there's ISO 8601."
                            }
                        ]
                    }
                ]
            }
        ]
    },
    {
        "client_msg_id": "1c0d5e17-f4e8-4822-bb1f-fa6420b3e32f",
        "type": "message",
        "text": "i think for filenames it's more likely to be company\/product specific",
        "user": "UQ553K7DY",
        "ts": "1595211353.028100",
        "team": "TKFJE6LDR",
        "user_team": "TKFJE6LDR",
        "source_team": "TKFJE6LDR",
        "user_profile": {
            "avatar_hash": "e0f8604c1079",
            "image_72": "https:\/\/avatars.slack-edge.com\/2020-10-26\/1445509834998_e0f8604c1079f923f3e9_72.png",
            "first_name": "Loquacity",
            "real_name": "Loquacity",
            "display_name": "Loquacity",
            "team": "TKFJE6LDR",
            "name": "slack1",
            "is_restricted": false,
            "is_ultra_restricted": false
        },
        "blocks": [
            {
                "type": "rich_text",
                "block_id": "YlMaA",
                "elements": [
                    {
                        "type": "rich_text_section",
                        "elements": [
                            {
                                "type": "text",
                                "text": "i think for filenames it's more likely to be company\/product specific"
                            }
                        ]
                    }
                ]
            }
        ]
    },
    {
        "client_msg_id": "71178a3c-4673-474c-ad98-31b12dc8e082",
        "type": "message",
        "text": "also: i think the guidance for filenames would change depending on what level the file is at.",
        "user": "UQ553K7DY",
        "ts": "1595211698.028800",
        "team": "TKFJE6LDR",
        "user_team": "TKFJE6LDR",
        "source_team": "TKFJE6LDR",
        "user_profile": {
            "avatar_hash": "e0f8604c1079",
            "image_72": "https:\/\/avatars.slack-edge.com\/2020-10-26\/1445509834998_e0f8604c1079f923f3e9_72.png",
            "first_name": "Loquacity",
            "real_name": "Loquacity",
            "display_name": "Loquacity",
            "team": "TKFJE6LDR",
            "name": "slack1",
            "is_restricted": false,
            "is_ultra_restricted": false
        },
        "blocks": [
            {
                "type": "rich_text",
                "block_id": "uWJx",
                "elements": [
                    {
                        "type": "rich_text_section",
                        "elements": [
                            {
                                "type": "text",
                                "text": "also: i think the guidance for filenames would change depending on what level the file is at."
                            }
                        ]
                    }
                ]
            }
        ]
    },
    {
        "client_msg_id": "75fc2f8f-571f-4df2-9e92-5e42c6add409",
        "type": "message",
        "text": "if the file contains an entire book, that's one thing, but if it contains a topic (for whatever definition of \"topic\" your schema allows for), then that's something different, and needs to operate effectively with how you manage your metadata",
        "user": "UQ553K7DY",
        "ts": "1595211738.029700",
        "team": "TKFJE6LDR",
        "user_team": "TKFJE6LDR",
        "source_team": "TKFJE6LDR",
        "user_profile": {
            "avatar_hash": "e0f8604c1079",
            "image_72": "https:\/\/avatars.slack-edge.com\/2020-10-26\/1445509834998_e0f8604c1079f923f3e9_72.png",
            "first_name": "Loquacity",
            "real_name": "Loquacity",
            "display_name": "Loquacity",
            "team": "TKFJE6LDR",
            "name": "slack1",
            "is_restricted": false,
            "is_ultra_restricted": false
        },
        "blocks": [
            {
                "type": "rich_text",
                "block_id": "feX",
                "elements": [
                    {
                        "type": "rich_text_section",
                        "elements": [
                            {
                                "type": "text",
                                "text": "if the file contains an entire book, that's one thing, but if it contains a topic (for whatever definition of \"topic\" your schema allows for), then that's something different, and needs to operate effectively with how you manage your metadata"
                            }
                        ]
                    }
                ]
            }
        ]
    },
    {
        "client_msg_id": "96047d77-d219-4e1a-b3aa-f301c0330abd",
        "type": "message",
        "text": "For filenames, I've been pointed to <https:\/\/developers.google.com\/style\/filenames> (I'm embarrassed that I didn't find this earlier).\nFor date, we have <https:\/\/developers.google.com\/style\/dates-times> , which is based on <https:\/\/wikipedia.org\/wiki\/ISO_8601|ISO 8601>.\nFor versioning, I suggest we encourage MAJOR.MINOR.PATCH versioning, as per <https:\/\/semver.org\/>",
        "user": "UKTGLQNGG",
        "ts": "1595217779.032000",
        "team": "TKFJE6LDR",
        "user_team": "TKFJE6LDR",
        "source_team": "TKFJE6LDR",
        "user_profile": {
            "avatar_hash": "d6f4de222bb1",
            "image_72": "https:\/\/avatars.slack-edge.com\/2020-07-20\/1235580478119_d6f4de222bb1ed6b5960_72.jpg",
            "first_name": "Cameron",
            "real_name": "Cameron Shorter",
            "display_name": "cameronshorter",
            "team": "TKFJE6LDR",
            "name": "cameron.shorter",
            "is_restricted": false,
            "is_ultra_restricted": false
        },
        "attachments": [
            {
                "service_name": "Google Developers",
                "title": "Filenames and file types  |  Google developer documentation style guide",
                "title_link": "https:\/\/developers.google.com\/style\/filenames",
                "fallback": "Google Developers: Filenames and file types  |  Google developer documentation style guide",
                "image_url": "https:\/\/www.gstatic.com\/devrel-devsite\/prod\/v2e3f09d6e6536badfdb5bf4153d08404c10f0bdcdc9056b4896a90327dc2c4ff\/developers\/images\/opengraph\/indigo.png",
                "image_width": 476,
                "image_height": 250,
                "from_url": "https:\/\/developers.google.com\/style\/filenames",
                "image_bytes": 62535,
                "service_icon": "https:\/\/www.gstatic.com\/devrel-devsite\/prod\/v2e3f09d6e6536badfdb5bf4153d08404c10f0bdcdc9056b4896a90327dc2c4ff\/developers\/images\/touchicon-180.png",
                "id": 1,
                "original_url": "https:\/\/developers.google.com\/style\/filenames"
            },
            {
                "service_name": "Google Developers",
                "title": "Dates and times  |  Google developer documentation style guide",
                "title_link": "https:\/\/developers.google.com\/style\/dates-times",
                "fallback": "Google Developers: Dates and times  |  Google developer documentation style guide",
                "image_url": "https:\/\/www.gstatic.com\/devrel-devsite\/prod\/v2e3f09d6e6536badfdb5bf4153d08404c10f0bdcdc9056b4896a90327dc2c4ff\/developers\/images\/opengraph\/indigo.png",
                "image_width": 476,
                "image_height": 250,
                "from_url": "https:\/\/developers.google.com\/style\/dates-times",
                "image_bytes": 62535,
                "service_icon": "https:\/\/www.gstatic.com\/devrel-devsite\/prod\/v2e3f09d6e6536badfdb5bf4153d08404c10f0bdcdc9056b4896a90327dc2c4ff\/developers\/images\/touchicon-180.png",
                "id": 2,
                "original_url": "https:\/\/developers.google.com\/style\/dates-times"
            },
            {
                "service_name": "Semantic Versioning",
                "title": "Semantic Versioning 2.0.0",
                "title_link": "https:\/\/semver.org\/",
                "text": "Semantic Versioning spec and website",
                "fallback": "Semantic Versioning: Semantic Versioning 2.0.0",
                "from_url": "https:\/\/semver.org\/",
                "id": 3,
                "original_url": "https:\/\/semver.org\/"
            }
        ],
        "blocks": [
            {
                "type": "rich_text",
                "block_id": "FK\/",
                "elements": [
                    {
                        "type": "rich_text_section",
                        "elements": [
                            {
                                "type": "text",
                                "text": "For filenames, I've been pointed to "
                            },
                            {
                                "type": "link",
                                "url": "https:\/\/developers.google.com\/style\/filenames"
                            },
                            {
                                "type": "text",
                                "text": " (I'm embarrassed that I didn't find this earlier).\nFor date, we have "
                            },
                            {
                                "type": "link",
                                "url": "https:\/\/developers.google.com\/style\/dates-times"
                            },
                            {
                                "type": "text",
                                "text": " , which is based on "
                            },
                            {
                                "type": "link",
                                "url": "https:\/\/wikipedia.org\/wiki\/ISO_8601",
                                "text": "ISO 8601"
                            },
                            {
                                "type": "text",
                                "text": ".\nFor versioning, I suggest we encourage MAJOR.MINOR.PATCH versioning, as per "
                            },
                            {
                                "type": "link",
                                "url": "https:\/\/semver.org\/"
                            }
                        ]
                    }
                ]
            }
        ]
    }
]