[
    {
        "client_msg_id": "93c1accf-3f7a-4060-bf6e-6385da0d1580",
        "type": "message",
        "text": "Anyone here attending Write The Docs Portland in a week?   <@UL3UNUMK6> previously registered The Good Docs Project for the writing day. Is that still on the cards considering things are now virtual? <https:\/\/www.writethedocs.org\/conf\/portland\/2020\/writing-day\/>",
        "user": "UKTGLQNGG",
        "ts": "1596341442.067700",
        "team": "TKFJE6LDR",
        "user_team": "TKFJE6LDR",
        "source_team": "TKFJE6LDR",
        "user_profile": {
            "avatar_hash": "d6f4de222bb1",
            "image_72": "https:\/\/avatars.slack-edge.com\/2020-07-20\/1235580478119_d6f4de222bb1ed6b5960_72.jpg",
            "first_name": "Cameron",
            "real_name": "Cameron Shorter",
            "display_name": "cameronshorter",
            "team": "TKFJE6LDR",
            "name": "cameron.shorter",
            "is_restricted": false,
            "is_ultra_restricted": false
        },
        "attachments": [
            {
                "service_name": "Write the Docs  Portland 2020",
                "title": "                  Writing Day - Write the Docs   Portland 2020                  ",
                "title_link": "https:\/\/www.writethedocs.org\/conf\/portland\/2020\/writing-day\/",
                "text": "A conference for tech writers, documentarians, and all those who write the docs.",
                "fallback": "Write the Docs  Portland 2020:                   Writing Day - Write the Docs   Portland 2020                  ",
                "image_url": "https:\/\/www.writethedocs.org\/_static\/img\/stickers\/sticker-wtd-colors.png",
                "from_url": "https:\/\/www.writethedocs.org\/conf\/portland\/2020\/writing-day\/",
                "image_width": 250,
                "image_height": 250,
                "image_bytes": 25403,
                "service_icon": "https:\/\/www.writethedocs.org\/_static\/favicon\/apple-icon-57x57.png",
                "id": 1,
                "original_url": "https:\/\/www.writethedocs.org\/conf\/portland\/2020\/writing-day\/"
            }
        ],
        "blocks": [
            {
                "type": "rich_text",
                "block_id": "wGdZ",
                "elements": [
                    {
                        "type": "rich_text_section",
                        "elements": [
                            {
                                "type": "text",
                                "text": "Anyone here attending Write The Docs Portland in a week?   "
                            },
                            {
                                "type": "user",
                                "user_id": "UL3UNUMK6"
                            },
                            {
                                "type": "text",
                                "text": " previously registered The Good Docs Project for the writing day. Is that still on the cards considering things are now virtual? "
                            },
                            {
                                "type": "link",
                                "url": "https:\/\/www.writethedocs.org\/conf\/portland\/2020\/writing-day\/"
                            }
                        ]
                    }
                ]
            }
        ]
    }
]