[
    {
        "client_msg_id": "d37723ae-84c4-47d8-baf3-6dc1a12f01f7",
        "type": "message",
        "text": "<https:\/\/betterexplained.com\/articles\/adept-method\/>",
        "user": "UL2AA1FF1",
        "ts": "1606777574.010000",
        "team": "TKFJE6LDR",
        "user_team": "TKFJE6LDR",
        "source_team": "TKFJE6LDR",
        "user_profile": {
            "avatar_hash": "22135067b36d",
            "image_72": "https:\/\/avatars.slack-edge.com\/2019-10-23\/805254797908_22135067b36dfb715e99_72.jpg",
            "first_name": "",
            "real_name": "Erin McKean",
            "display_name": "Erin McKean",
            "team": "TKFJE6LDR",
            "name": "emckean",
            "is_restricted": false,
            "is_ultra_restricted": false
        },
        "blocks": [
            {
                "type": "rich_text",
                "block_id": "bpNf",
                "elements": [
                    {
                        "type": "rich_text_section",
                        "elements": [
                            {
                                "type": "link",
                                "url": "https:\/\/betterexplained.com\/articles\/adept-method\/"
                            }
                        ]
                    }
                ]
            }
        ],
        "thread_ts": "1606777574.010000",
        "reply_count": 1,
        "reply_users_count": 1,
        "latest_reply": "1606781441.010400",
        "reply_users": [
            "U012KCMPP0V"
        ],
        "replies": [
            {
                "user": "U012KCMPP0V",
                "ts": "1606781441.010400"
            }
        ],
        "subscribed": false
    },
    {
        "client_msg_id": "ad1f365b-6995-4108-b268-4ccf7fda6eff",
        "type": "message",
        "text": "<https:\/\/blog.doist.com\/decision-making-flat-organization\/>",
        "user": "UL2AA1FF1",
        "ts": "1606780660.010200",
        "team": "TKFJE6LDR",
        "user_team": "TKFJE6LDR",
        "source_team": "TKFJE6LDR",
        "user_profile": {
            "avatar_hash": "22135067b36d",
            "image_72": "https:\/\/avatars.slack-edge.com\/2019-10-23\/805254797908_22135067b36dfb715e99_72.jpg",
            "first_name": "",
            "real_name": "Erin McKean",
            "display_name": "Erin McKean",
            "team": "TKFJE6LDR",
            "name": "emckean",
            "is_restricted": false,
            "is_ultra_restricted": false
        },
        "attachments": [
            {
                "service_name": "Ambition &amp; Balance",
                "title": "[Internal Memo] Principles for Decision-Making in a Flat Organization",
                "title_link": "https:\/\/blog.doist.com\/decision-making-flat-organization\/",
                "text": "How can non-hierarchical teams balance transparency and openness to feedback with making decisions quickly? Practical thoughts from a back-end team leader...",
                "fallback": "Ambition &amp; Balance: [Internal Memo] Principles for Decision-Making in a Flat Organization",
                "image_url": "https:\/\/blog.doist.com\/wp-content\/uploads\/2019\/05\/Y_Nokings.png",
                "fields": [
                    {
                        "title": "Written by",
                        "value": "elaine",
                        "short": true
                    },
                    {
                        "title": "Est. reading time",
                        "value": "10 minutes",
                        "short": true
                    }
                ],
                "ts": 1557770154,
                "from_url": "https:\/\/blog.doist.com\/decision-making-flat-organization\/",
                "image_width": 566,
                "image_height": 250,
                "image_bytes": 5479237,
                "service_icon": "https:\/\/25r4fj22vjh18a4i91qamh06-wpengine.netdna-ssl.com\/wp-content\/themes\/ab-2018\/assets\/root\/apple-touch-icon.png",
                "id": 1,
                "original_url": "https:\/\/blog.doist.com\/decision-making-flat-organization\/"
            }
        ],
        "blocks": [
            {
                "type": "rich_text",
                "block_id": "pC5V0",
                "elements": [
                    {
                        "type": "rich_text_section",
                        "elements": [
                            {
                                "type": "link",
                                "url": "https:\/\/blog.doist.com\/decision-making-flat-organization\/"
                            }
                        ]
                    }
                ]
            }
        ],
        "thread_ts": "1606780660.010200",
        "reply_count": 1,
        "reply_users_count": 1,
        "latest_reply": "1606785323.010600",
        "reply_users": [
            "U012KCMPP0V"
        ],
        "replies": [
            {
                "user": "U012KCMPP0V",
                "ts": "1606785323.010600"
            }
        ],
        "subscribed": false
    },
    {
        "client_msg_id": "9ac8aebd-2ae9-46bd-98b5-c2c93e84d0d0",
        "type": "message",
        "text": "So cool! I feel like this really nicely articulates things I've been thinking about but hadn't been able to quite nail down...",
        "user": "U012KCMPP0V",
        "ts": "1606781441.010400",
        "team": "TKFJE6LDR",
        "user_team": "TKFJE6LDR",
        "source_team": "TKFJE6LDR",
        "user_profile": {
            "avatar_hash": "b26729f0b5f2",
            "image_72": "https:\/\/avatars.slack-edge.com\/2020-04-27\/1089031639347_b26729f0b5f2375494a1_72.png",
            "first_name": "Alyssa",
            "real_name": "Alyssa",
            "display_name": "Alyssa",
            "team": "TKFJE6LDR",
            "name": "alyssa.rock.biz",
            "is_restricted": false,
            "is_ultra_restricted": false
        },
        "blocks": [
            {
                "type": "rich_text",
                "block_id": "+yPco",
                "elements": [
                    {
                        "type": "rich_text_section",
                        "elements": [
                            {
                                "type": "text",
                                "text": "So cool! I feel like this really nicely articulates things I've been thinking about but hadn't been able to quite nail down..."
                            }
                        ]
                    }
                ]
            }
        ],
        "thread_ts": "1606777574.010000",
        "parent_user_id": "UL2AA1FF1"
    },
    {
        "client_msg_id": "58f92514-2be2-4a19-b470-2114235e0b05",
        "type": "message",
        "text": "This especially helpful to me in other groups that I facilitate because it's hard to know if \"crickets\" when you ask for feedback means you can assume you have consensus or if no one is paying attention. I like this model of \"raise blocking objections\" now as a way to get right to the heart of important considerations when making decisions.",
        "user": "U012KCMPP0V",
        "ts": "1606785323.010600",
        "team": "TKFJE6LDR",
        "user_team": "TKFJE6LDR",
        "source_team": "TKFJE6LDR",
        "user_profile": {
            "avatar_hash": "b26729f0b5f2",
            "image_72": "https:\/\/avatars.slack-edge.com\/2020-04-27\/1089031639347_b26729f0b5f2375494a1_72.png",
            "first_name": "Alyssa",
            "real_name": "Alyssa",
            "display_name": "Alyssa",
            "team": "TKFJE6LDR",
            "name": "alyssa.rock.biz",
            "is_restricted": false,
            "is_ultra_restricted": false
        },
        "blocks": [
            {
                "type": "rich_text",
                "block_id": "Sk1TC",
                "elements": [
                    {
                        "type": "rich_text_section",
                        "elements": [
                            {
                                "type": "text",
                                "text": "This especially helpful to me in other groups that I facilitate because it's hard to know if \"crickets\" when you ask for feedback means you can assume you have consensus or if no one is paying attention. I like this model of \"raise blocking objections\" now as a way to get right to the heart of important considerations when making decisions."
                            }
                        ]
                    }
                ]
            }
        ],
        "thread_ts": "1606780660.010200",
        "parent_user_id": "UL2AA1FF1"
    }
]