[
    {
        "client_msg_id": "b7cfae36-fc3b-4489-8a2f-1fcecf50d518",
        "type": "message",
        "text": "Today I've been checking out more about the <https:\/\/github.com\/all-contributors\/all-contributors|All Contributors> OSS project. This project is about \"recognizing contributors to an open source project in a way that rewards each and every contribution, not just code.\" Basically you can both manually and automatically (using their bot) add your contributors to  your repository. I think it replaces your contributors list with their more detailed contributor list that includes emoji showing what kind of contribution they make to the project. It's a way to recognize other contributions (like tech writing, design, etc.) besides code. Here's the project docs: <https:\/\/allcontributors.org\/docs\/en\/overview>",
        "user": "U012KCMPP0V",
        "ts": "1607631387.014500",
        "team": "TKFJE6LDR",
        "user_team": "TKFJE6LDR",
        "source_team": "TKFJE6LDR",
        "user_profile": {
            "avatar_hash": "b26729f0b5f2",
            "image_72": "https:\/\/avatars.slack-edge.com\/2020-04-27\/1089031639347_b26729f0b5f2375494a1_72.png",
            "first_name": "Alyssa",
            "real_name": "Alyssa",
            "display_name": "Alyssa",
            "team": "TKFJE6LDR",
            "name": "alyssa.rock.biz",
            "is_restricted": false,
            "is_ultra_restricted": false
        },
        "attachments": [
            {
                "fallback": "all-contributors\/all-contributors",
                "text": ":sparkles: Recognize all contributors, not just the ones who push code :sparkles:",
                "title": "all-contributors\/all-contributors",
                "footer": "<https:\/\/github.com\/all-contributors\/all-contributors|all-contributors\/all-contributors>",
                "id": 1,
                "footer_icon": "https:\/\/github.githubassets.com\/favicon.ico",
                "ts": 1456644542,
                "color": "24292f",
                "fields": [
                    {
                        "title": "Website",
                        "value": "<https:\/\/allcontributors.org>",
                        "short": true
                    },
                    {
                        "title": "Stars",
                        "value": "4923",
                        "short": true
                    }
                ],
                "mrkdwn_in": [
                    "text",
                    "fields"
                ],
                "bot_id": "BU8U6P6AH",
                "app_unfurl_url": "https:\/\/github.com\/all-contributors\/all-contributors",
                "is_app_unfurl": true
            }
        ],
        "blocks": [
            {
                "type": "rich_text",
                "block_id": "fjq",
                "elements": [
                    {
                        "type": "rich_text_section",
                        "elements": [
                            {
                                "type": "text",
                                "text": "Today I've been checking out more about the "
                            },
                            {
                                "type": "link",
                                "url": "https:\/\/github.com\/all-contributors\/all-contributors",
                                "text": "All Contributors"
                            },
                            {
                                "type": "text",
                                "text": " OSS project. This project is about \"recognizing contributors to an open source project in a way that rewards each and every contribution, not just code.\" Basically you can both manually and automatically (using their bot) add your contributors to  your repository. I think it replaces your contributors list with their more detailed contributor list that includes emoji showing what kind of contribution they make to the project. It's a way to recognize other contributions (like tech writing, design, etc.) besides code. Here's the project docs: "
                            },
                            {
                                "type": "link",
                                "url": "https:\/\/allcontributors.org\/docs\/en\/overview"
                            }
                        ]
                    }
                ]
            }
        ],
        "reactions": [
            {
                "name": "yellow_heart",
                "users": [
                    "UL2AA1FF1",
                    "UKV4ZPEFQ"
                ],
                "count": 2
            }
        ]
    },
    {
        "client_msg_id": "5f0781d5-92e6-4a00-83d0-7f263666e7b0",
        "type": "message",
        "text": "the LF FOSS contributor survey report is out: <https:\/\/www.linuxfoundation.org\/blog\/2020\/12\/download-the-report-on-the-2020-foss-contributor-survey\/>",
        "user": "UL2AA1FF1",
        "ts": "1607640762.015200",
        "team": "TKFJE6LDR",
        "user_team": "TKFJE6LDR",
        "source_team": "TKFJE6LDR",
        "user_profile": {
            "avatar_hash": "22135067b36d",
            "image_72": "https:\/\/avatars.slack-edge.com\/2019-10-23\/805254797908_22135067b36dfb715e99_72.jpg",
            "first_name": "",
            "real_name": "Erin McKean",
            "display_name": "Erin McKean",
            "team": "TKFJE6LDR",
            "name": "emckean",
            "is_restricted": false,
            "is_ultra_restricted": false
        },
        "attachments": [
            {
                "service_name": "The Linux Foundation",
                "title": "Download the Report on the 2020 FOSS Contributor Survey - The Linux Foundation",
                "title_link": "https:\/\/www.linuxfoundation.org\/blog\/2020\/12\/download-the-report-on-the-2020-foss-contributor-survey\/",
                "text": "How can we better incentivize adequate maintenance and security of the most used FOSS projects?",
                "fallback": "The Linux Foundation: Download the Report on the 2020 FOSS Contributor Survey - The Linux Foundation",
                "fields": [
                    {
                        "title": "Written by",
                        "value": "The Linux Foundation",
                        "short": true
                    },
                    {
                        "title": "Est. reading time",
                        "value": "5 minutes",
                        "short": true
                    }
                ],
                "ts": 1607432425,
                "from_url": "https:\/\/www.linuxfoundation.org\/blog\/2020\/12\/download-the-report-on-the-2020-foss-contributor-survey\/",
                "service_icon": "https:\/\/www.linuxfoundation.org\/wp-content\/uploads\/2017\/08\/favicon.png",
                "id": 1,
                "original_url": "https:\/\/www.linuxfoundation.org\/blog\/2020\/12\/download-the-report-on-the-2020-foss-contributor-survey\/"
            }
        ],
        "blocks": [
            {
                "type": "rich_text",
                "block_id": "VHqDp",
                "elements": [
                    {
                        "type": "rich_text_section",
                        "elements": [
                            {
                                "type": "text",
                                "text": "the LF FOSS contributor survey report is out: "
                            },
                            {
                                "type": "link",
                                "url": "https:\/\/www.linuxfoundation.org\/blog\/2020\/12\/download-the-report-on-the-2020-foss-contributor-survey\/"
                            }
                        ]
                    }
                ]
            }
        ]
    },
    {
        "type": "message",
        "text": "some mentions of docs, probably the most interesting is that people want to spend more time on docs contributions than they currently are:",
        "files": [
            {
                "id": "F01HCCE1XEC",
                "created": 1607640794,
                "timestamp": 1607640794,
                "name": "Screen Shot 2020-12-10 at 2.51.03 PM.png",
                "title": "Screen Shot 2020-12-10 at 2.51.03 PM.png",
                "mimetype": "image\/png",
                "filetype": "png",
                "pretty_type": "PNG",
                "user": "UL2AA1FF1",
                "editable": false,
                "size": 33237,
                "mode": "hosted",
                "is_external": false,
                "external_type": "",
                "is_public": true,
                "public_url_shared": false,
                "display_as_bot": false,
                "username": "",
                "url_private": "https:\/\/files.slack.com\/files-pri\/TKFJE6LDR-F01HCCE1XEC\/screen_shot_2020-12-10_at_2.51.03_pm.png?t=xoxe-661626224467-1580401085220-1571150327285-d5614a5771de6880e611eb631d8b0140",
                "url_private_download": "https:\/\/files.slack.com\/files-pri\/TKFJE6LDR-F01HCCE1XEC\/download\/screen_shot_2020-12-10_at_2.51.03_pm.png?t=xoxe-661626224467-1580401085220-1571150327285-d5614a5771de6880e611eb631d8b0140",
                "thumb_64": "https:\/\/files.slack.com\/files-tmb\/TKFJE6LDR-F01HCCE1XEC-0ca3b25957\/screen_shot_2020-12-10_at_2.51.03_pm_64.png?t=xoxe-661626224467-1580401085220-1571150327285-d5614a5771de6880e611eb631d8b0140",
                "thumb_80": "https:\/\/files.slack.com\/files-tmb\/TKFJE6LDR-F01HCCE1XEC-0ca3b25957\/screen_shot_2020-12-10_at_2.51.03_pm_80.png?t=xoxe-661626224467-1580401085220-1571150327285-d5614a5771de6880e611eb631d8b0140",
                "thumb_360": "https:\/\/files.slack.com\/files-tmb\/TKFJE6LDR-F01HCCE1XEC-0ca3b25957\/screen_shot_2020-12-10_at_2.51.03_pm_360.png?t=xoxe-661626224467-1580401085220-1571150327285-d5614a5771de6880e611eb631d8b0140",
                "thumb_360_w": 360,
                "thumb_360_h": 156,
                "thumb_480": "https:\/\/files.slack.com\/files-tmb\/TKFJE6LDR-F01HCCE1XEC-0ca3b25957\/screen_shot_2020-12-10_at_2.51.03_pm_480.png?t=xoxe-661626224467-1580401085220-1571150327285-d5614a5771de6880e611eb631d8b0140",
                "thumb_480_w": 480,
                "thumb_480_h": 207,
                "thumb_160": "https:\/\/files.slack.com\/files-tmb\/TKFJE6LDR-F01HCCE1XEC-0ca3b25957\/screen_shot_2020-12-10_at_2.51.03_pm_160.png?t=xoxe-661626224467-1580401085220-1571150327285-d5614a5771de6880e611eb631d8b0140",
                "thumb_720": "https:\/\/files.slack.com\/files-tmb\/TKFJE6LDR-F01HCCE1XEC-0ca3b25957\/screen_shot_2020-12-10_at_2.51.03_pm_720.png?t=xoxe-661626224467-1580401085220-1571150327285-d5614a5771de6880e611eb631d8b0140",
                "thumb_720_w": 720,
                "thumb_720_h": 311,
                "original_w": 736,
                "original_h": 318,
                "thumb_tiny": "AwAUADDQlk8tGbGcdqfVa9\/1B+opPN8uadzyFC8U7E31LVFReeuWBB4Xd+FKsyMB2JXdj2osO6JCcUUyKVZEVum7oM04EHkEH6Uhgyg9QDSbF54HPXinUUAN2L6D8qNi+g6Y6U6igBuxePlHHtSqAo4AH0paKAP\/2Q==",
                "permalink": "https:\/\/thegooddocs.slack.com\/files\/UL2AA1FF1\/F01HCCE1XEC\/screen_shot_2020-12-10_at_2.51.03_pm.png",
                "permalink_public": "https:\/\/slack-files.com\/TKFJE6LDR-F01HCCE1XEC-08808d3ef6",
                "is_starred": false,
                "has_rich_preview": false
            }
        ],
        "upload": false,
        "blocks": [
            {
                "type": "rich_text",
                "block_id": "POl\/",
                "elements": [
                    {
                        "type": "rich_text_section",
                        "elements": [
                            {
                                "type": "text",
                                "text": "some mentions of docs, probably the most interesting is that people want to spend more time on docs contributions than they currently are:"
                            }
                        ]
                    }
                ]
            }
        ],
        "user": "UL2AA1FF1",
        "display_as_bot": false,
        "ts": "1607640797.015900"
    }
]