[
    {
        "client_msg_id": "8a40adb4-6780-49a2-b995-6e59ecf857c8",
        "type": "message",
        "text": "Latest issue of Increment is out and the theme is <https:\/\/increment.com\/remote\/|Remote>.\nReading this article, <https:\/\/increment.com\/remote\/remote-record-keeping\/|Open-source excursions: A journey into remote record keeping>, I feel like we get this right. I always have the agenda doc open during our meetings and like to see (and contribute to) the note-taking in real time. I also read the meeting notes if I've missed a meeting and it helps me catch up. Yay us! :doctopus:",
        "user": "UKV4ZPEFQ",
        "ts": "1605829953.009200",
        "team": "TKFJE6LDR",
        "user_team": "TKFJE6LDR",
        "source_team": "TKFJE6LDR",
        "user_profile": {
            "avatar_hash": "g854c628ef64",
            "image_72": "https:\/\/secure.gravatar.com\/avatar\/6854c628ef64a4c129a994522e17cdf2.jpg?s=72&d=https%3A%2F%2Fa.slack-edge.com%2Fdf10d%2Fimg%2Favatars%2Fava_0007-72.png",
            "first_name": "felicitybrand",
            "real_name": "felicitybrand",
            "display_name": "flicstar",
            "team": "TKFJE6LDR",
            "name": "felicitybrand",
            "is_restricted": false,
            "is_ultra_restricted": false
        },
        "edited": {
            "user": "UKV4ZPEFQ",
            "ts": "1605829965.000000"
        },
        "blocks": [
            {
                "type": "rich_text",
                "block_id": "hEQz",
                "elements": [
                    {
                        "type": "rich_text_section",
                        "elements": [
                            {
                                "type": "text",
                                "text": "Latest issue of Increment is out and the theme is "
                            },
                            {
                                "type": "link",
                                "url": "https:\/\/increment.com\/remote\/",
                                "text": "Remote"
                            },
                            {
                                "type": "text",
                                "text": ".\nReading this article, "
                            },
                            {
                                "type": "link",
                                "url": "https:\/\/increment.com\/remote\/remote-record-keeping\/",
                                "text": "Open-source excursions: A journey into remote record keeping"
                            },
                            {
                                "type": "text",
                                "text": ", I feel like we get this right. I always have the agenda doc open during our meetings and like to see (and contribute to) the note-taking in real time. I also read the meeting notes if I've missed a meeting and it helps me catch up. Yay us! "
                            },
                            {
                                "type": "emoji",
                                "name": "doctopus"
                            }
                        ]
                    }
                ]
            }
        ],
        "reactions": [
            {
                "name": "100",
                "users": [
                    "UL2AA1FF1",
                    "UKVC4NB71",
                    "UKTGLQNGG"
                ],
                "count": 3
            }
        ]
    }
]