[
    {
        "client_msg_id": "10819734-e6ce-449b-aa61-d1574bf6ad20",
        "type": "message",
        "text": "<https:\/\/dev.to\/meganesulli\/3-lessons-from-paper-mario-to-improve-your-documentation-7n0>",
        "user": "UL2AA1FF1",
        "ts": "1605724106.007600",
        "team": "TKFJE6LDR",
        "user_team": "TKFJE6LDR",
        "source_team": "TKFJE6LDR",
        "user_profile": {
            "avatar_hash": "22135067b36d",
            "image_72": "https:\/\/avatars.slack-edge.com\/2019-10-23\/805254797908_22135067b36dfb715e99_72.jpg",
            "first_name": "",
            "real_name": "Erin McKean",
            "display_name": "Erin McKean",
            "team": "TKFJE6LDR",
            "name": "emckean",
            "is_restricted": false,
            "is_ultra_restricted": false
        },
        "attachments": [
            {
                "service_name": "DEV Community",
                "title": "3 Lessons from Paper Mario to Improve Your Documentation",
                "title_link": "https:\/\/dev.to\/meganesulli\/3-lessons-from-paper-mario-to-improve-your-documentation-7n0",
                "text": "Introduction A few weeks ago, I started playing Paper Mario: The Origami King. It's the la...",
                "fallback": "DEV Community: 3 Lessons from Paper Mario to Improve Your Documentation",
                "image_url": "https:\/\/dev.to\/social_previews\/article\/512640.png",
                "from_url": "https:\/\/dev.to\/meganesulli\/3-lessons-from-paper-mario-to-improve-your-documentation-7n0",
                "image_width": 470,
                "image_height": 250,
                "image_bytes": 57390,
                "service_icon": "https:\/\/res.cloudinary.com\/practicaldev\/image\/fetch\/s--gDM0_LTS--\/c_limit,f_png,fl_progressive,q_80,w_180\/https:\/\/practicaldev-herokuapp-com.freetls.fastly.net\/assets\/devlogo-pwa-512.png",
                "id": 1,
                "original_url": "https:\/\/dev.to\/meganesulli\/3-lessons-from-paper-mario-to-improve-your-documentation-7n0"
            }
        ],
        "blocks": [
            {
                "type": "rich_text",
                "block_id": "OBaIB",
                "elements": [
                    {
                        "type": "rich_text_section",
                        "elements": [
                            {
                                "type": "link",
                                "url": "https:\/\/dev.to\/meganesulli\/3-lessons-from-paper-mario-to-improve-your-documentation-7n0"
                            }
                        ]
                    }
                ]
            }
        ]
    }
]