[
    {
        "client_msg_id": "e8e198d5-5a7a-4671-8ead-dcc122aea01f",
        "type": "message",
        "text": "Hi, I've now added the content for:\n1. Base template\n2. About base template \nin the following PR:\nBase template - draft #2  #14:\n<https:\/\/github.com\/thegooddocsproject\/incubator\/pull\/14>\n\nFYI - please review if you can. <@UKTGLQNGG> - thank you for the review comments, awaiting further feedback from others. :slightly_smiling_face:",
        "user": "U0174BRV404",
        "ts": "1605678749.024700",
        "team": "TKFJE6LDR",
        "user_team": "TKFJE6LDR",
        "source_team": "TKFJE6LDR",
        "user_profile": {
            "avatar_hash": "g573d72c0bca",
            "image_72": "https:\/\/secure.gravatar.com\/avatar\/573d72c0bca8a54e4b8d8ef24ddf8f10.jpg?s=72&d=https%3A%2F%2Fa.slack-edge.com%2Fdf10d%2Fimg%2Favatars%2Fava_0022-72.png",
            "first_name": "",
            "real_name": "Viraji Ogodapola",
            "display_name": "Viraji Ogodapola",
            "team": "TKFJE6LDR",
            "name": "viraji",
            "is_restricted": false,
            "is_ultra_restricted": false
        },
        "attachments": [
            {
                "author_name": "viraji",
                "fallback": "[thegooddocsproject\/incubator] #14 Base template - draft #2",
                "text": "*What changes were made?*\n\n&gt; _*base-template.md* - Added content for this._  \n&gt; _*about-base-template.md* - Modified slightly to reflect changes of the base template._\n\n*Please check:*\n\n• content of the base template.\n• Examples - whether they should be deleted, or moved to About base template. I included these use cases to demonstrate how the base template can be used in actual scenarios. But it could make the base template itself too long.",
                "title": "#14 Base template - draft #2",
                "footer": "<https:\/\/github.com\/thegooddocsproject\/incubator|thegooddocsproject\/incubator>",
                "id": 1,
                "title_link": "https:\/\/github.com\/thegooddocsproject\/incubator\/pull\/14",
                "author_link": "https:\/\/github.com\/viraji",
                "author_icon": "https:\/\/avatars1.githubusercontent.com\/u\/26591174?v=4",
                "footer_icon": "https:\/\/github.githubassets.com\/favicon.ico",
                "ts": 1605408487,
                "color": "36a64f",
                "fields": [
                    {
                        "title": "Assignees",
                        "value": "viraji",
                        "short": true
                    },
                    {
                        "title": "Reviewers",
                        "value": "@Loquacity",
                        "short": true
                    }
                ],
                "mrkdwn_in": [
                    "text"
                ],
                "bot_id": "BU8U6P6AH",
                "app_unfurl_url": "https:\/\/github.com\/thegooddocsproject\/incubator\/pull\/14",
                "is_app_unfurl": true
            }
        ],
        "blocks": [
            {
                "type": "rich_text",
                "block_id": "GdsB",
                "elements": [
                    {
                        "type": "rich_text_section",
                        "elements": [
                            {
                                "type": "text",
                                "text": "Hi, I've now added the content for:\n"
                            }
                        ]
                    },
                    {
                        "type": "rich_text_list",
                        "elements": [
                            {
                                "type": "rich_text_section",
                                "elements": [
                                    {
                                        "type": "text",
                                        "text": "Base template"
                                    }
                                ]
                            },
                            {
                                "type": "rich_text_section",
                                "elements": [
                                    {
                                        "type": "text",
                                        "text": "About base template "
                                    }
                                ]
                            }
                        ],
                        "style": "ordered",
                        "indent": 0
                    },
                    {
                        "type": "rich_text_section",
                        "elements": [
                            {
                                "type": "text",
                                "text": "in the following PR:\nBase template - draft #2  #14:\n"
                            },
                            {
                                "type": "link",
                                "url": "https:\/\/github.com\/thegooddocsproject\/incubator\/pull\/14"
                            },
                            {
                                "type": "text",
                                "text": "\n\nFYI - please review if you can. "
                            },
                            {
                                "type": "user",
                                "user_id": "UKTGLQNGG"
                            },
                            {
                                "type": "text",
                                "text": " - thank you for the review comments, awaiting further feedback from others. "
                            },
                            {
                                "type": "emoji",
                                "name": "slightly_smiling_face"
                            }
                        ]
                    }
                ]
            }
        ]
    },
    {
        "client_msg_id": "06eb47f1-f0b2-4aaf-a5cf-35b40fe007fa",
        "type": "message",
        "text": "oh, i'm sorry for not getting back to this on the weekend",
        "user": "UQ553K7DY",
        "ts": "1605679067.025100",
        "team": "TKFJE6LDR",
        "user_team": "TKFJE6LDR",
        "source_team": "TKFJE6LDR",
        "user_profile": {
            "avatar_hash": "e0f8604c1079",
            "image_72": "https:\/\/avatars.slack-edge.com\/2020-10-26\/1445509834998_e0f8604c1079f923f3e9_72.png",
            "first_name": "Loquacity",
            "real_name": "Loquacity",
            "display_name": "Loquacity",
            "team": "TKFJE6LDR",
            "name": "slack1",
            "is_restricted": false,
            "is_ultra_restricted": false
        },
        "blocks": [
            {
                "type": "rich_text",
                "block_id": "bL1",
                "elements": [
                    {
                        "type": "rich_text_section",
                        "elements": [
                            {
                                "type": "text",
                                "text": "oh, i'm sorry for not getting back to this on the weekend"
                            }
                        ]
                    }
                ]
            }
        ]
    },
    {
        "client_msg_id": "4f973e39-a765-4991-8958-2f7a2549a12e",
        "type": "message",
        "text": "i'll get to it soon, promise!",
        "user": "UQ553K7DY",
        "ts": "1605679072.025400",
        "team": "TKFJE6LDR",
        "user_team": "TKFJE6LDR",
        "source_team": "TKFJE6LDR",
        "user_profile": {
            "avatar_hash": "e0f8604c1079",
            "image_72": "https:\/\/avatars.slack-edge.com\/2020-10-26\/1445509834998_e0f8604c1079f923f3e9_72.png",
            "first_name": "Loquacity",
            "real_name": "Loquacity",
            "display_name": "Loquacity",
            "team": "TKFJE6LDR",
            "name": "slack1",
            "is_restricted": false,
            "is_ultra_restricted": false
        },
        "blocks": [
            {
                "type": "rich_text",
                "block_id": "xCkB",
                "elements": [
                    {
                        "type": "rich_text_section",
                        "elements": [
                            {
                                "type": "text",
                                "text": "i'll get to it soon, promise!"
                            }
                        ]
                    }
                ]
            }
        ],
        "reactions": [
            {
                "name": "+1",
                "users": [
                    "U0174BRV404"
                ],
                "count": 1
            }
        ]
    }
]