[
    {
        "type": "message",
        "text": "Hello. This is both a notes and question dump, based on the last two TGD meetings I've attended. When it comes to <https:\/\/github.com\/thegooddocsproject\/incubator|TGD Incubator> project, I have questions where I'd like to figure out how the repo works and how best to explain it:\n• I see there is a GitHub Actions run that builds a GitHub pages endpoint: <https:\/\/github.com\/thegooddocsproject\/incubator\/blob\/master\/.github\/workflows\/build.yml>, that seems to be referencing GitHub pages, but I can't quite tell what it is doing. Am I correct in saying that this seems to be producing a draft version of what I see here: <https:\/\/thegooddocsproject.dev\/ia-guide.html> since it is modifying the GitHub Pages branch of the incubator project here: <https:\/\/github.com\/thegooddocsproject\/incubator\/blob\/gh-pages\/ia-cyoa.html> ?\n• From what I understand, Alyssa's PR for the Style Guide is probably my best reference point in understanding the journey of projects making their way through the incubator and being born into the world: <https:\/\/github.com\/thegooddocsproject\/incubator\/pull\/4> - which, since it has been merged, looks ready to make its way into the `templates` repository. What are the next steps to getting it into the `templates` repo? Simply open a PR, and duplicate the files over? If so, I can do this, and reference the base PR? But, I also would like <@U012KCMPP0V> to get credit in the `templates` repo itself, so I wouldn't want my commit to look like I created the thing from a Git archaeological view :stuck_out_tongue_winking_eye: So would our process be for the person who had their MR merged, for them to then create a PR to get it graduated into the templates repo?\n• Is the incubator specific to only templates in TGD, or to any new projects that may be spawned in TGD?\nAlso, attached is Alyssa's \"as-is\" experience\/understanding of the Incubator workflow, for reference. I've bookmarked it so I don't lose it :stuck_out_tongue_winking_eye:\n\nWould this be the best action item list in regard to the base `README.md` of the incubator repo (or `CONTRIBUTING.md`, if needed):\n• New template minimum reqs: PR with both template draft and \"about\" guide?\n• Is GDocs a real first requirement, or can they just go to the PR and the review there? One of two paths: (1) GDocs w\/ Review and Comments -> PR w\/ Review and Comments -> Merged -> PR into templates repo -> Merged (2) PR w\/ Review and Comments -> Merged -> PR into templates repo -> Merged\n• Questions asked by Alyssa in the diagram: how many reviewer approvals required? Who can\/should merge?\n• Should post-approval result in an issue opened in the chronologue project about needing an example created there?\nPotential stakeholders or knowers of info that I'll tag for extra kicks: <@U0174BRV404> <@U012Y26QWNA> <@UKV4ZPEFQ>",
        "user": "U015GARCR8X",
        "ts": "1607616706.034600",
        "team": "TKFJE6LDR",
        "user_team": "TKFJE6LDR",
        "source_team": "TKFJE6LDR",
        "user_profile": {
            "avatar_hash": "37a234435192",
            "image_72": "https:\/\/avatars.slack-edge.com\/2020-08-06\/1283467109749_37a23443519259ddd5ca_72.png",
            "first_name": "Derek",
            "real_name": "Derek Ardolf",
            "display_name": "ScriptAutomate",
            "team": "TKFJE6LDR",
            "name": "derek",
            "is_restricted": false,
            "is_ultra_restricted": false
        },
        "attachments": [
            {
                "fallback": "[November 12th, 2020 10:07 AM] alyssa.rock.biz: Ha ha... I noticed a typo... Here's the non-typo version, if anyone cares:",
                "ts": "1605197279.109900",
                "author_id": "U012KCMPP0V",
                "author_subname": "Alyssa",
                "channel_id": "CQT6T04CW",
                "channel_name": "general",
                "is_msg_unfurl": true,
                "is_reply_unfurl": true,
                "text": "Ha ha... I noticed a typo... Here's the non-typo version, if anyone cares:",
                "author_name": "Alyssa",
                "author_link": "https:\/\/thegooddocs.slack.com\/team\/U012KCMPP0V",
                "author_icon": "https:\/\/avatars.slack-edge.com\/2020-04-27\/1089031639347_b26729f0b5f2375494a1_48.png",
                "mrkdwn_in": [
                    "text"
                ],
                "files": [
                    {
                        "id": "F01ELV9QLD8",
                        "created": 1605197274,
                        "timestamp": 1605197274,
                        "name": "Good Docs Templates - Current process as-is (1).png",
                        "title": "Good Docs Templates - Current process as-is (1).png",
                        "mimetype": "image\/png",
                        "filetype": "png",
                        "pretty_type": "PNG",
                        "user": "U012KCMPP0V",
                        "editable": false,
                        "size": 183844,
                        "mode": "hosted",
                        "is_external": false,
                        "external_type": "",
                        "is_public": true,
                        "public_url_shared": false,
                        "display_as_bot": false,
                        "username": "",
                        "url_private": "https:\/\/files.slack.com\/files-pri\/TKFJE6LDR-F01ELV9QLD8\/good_docs_templates_-_current_process_as-is__1_.png",
                        "url_private_download": "https:\/\/files.slack.com\/files-pri\/TKFJE6LDR-F01ELV9QLD8\/download\/good_docs_templates_-_current_process_as-is__1_.png",
                        "thumb_64": "https:\/\/files.slack.com\/files-tmb\/TKFJE6LDR-F01ELV9QLD8-a2556b8f29\/good_docs_templates_-_current_process_as-is__1__64.png",
                        "thumb_80": "https:\/\/files.slack.com\/files-tmb\/TKFJE6LDR-F01ELV9QLD8-a2556b8f29\/good_docs_templates_-_current_process_as-is__1__80.png",
                        "thumb_360": "https:\/\/files.slack.com\/files-tmb\/TKFJE6LDR-F01ELV9QLD8-a2556b8f29\/good_docs_templates_-_current_process_as-is__1__360.png",
                        "thumb_360_w": 214,
                        "thumb_360_h": 360,
                        "thumb_480": "https:\/\/files.slack.com\/files-tmb\/TKFJE6LDR-F01ELV9QLD8-a2556b8f29\/good_docs_templates_-_current_process_as-is__1__480.png",
                        "thumb_480_w": 286,
                        "thumb_480_h": 480,
                        "thumb_160": "https:\/\/files.slack.com\/files-tmb\/TKFJE6LDR-F01ELV9QLD8-a2556b8f29\/good_docs_templates_-_current_process_as-is__1__160.png",
                        "thumb_720": "https:\/\/files.slack.com\/files-tmb\/TKFJE6LDR-F01ELV9QLD8-a2556b8f29\/good_docs_templates_-_current_process_as-is__1__720.png",
                        "thumb_720_w": 429,
                        "thumb_720_h": 720,
                        "thumb_800": "https:\/\/files.slack.com\/files-tmb\/TKFJE6LDR-F01ELV9QLD8-a2556b8f29\/good_docs_templates_-_current_process_as-is__1__800.png",
                        "thumb_800_w": 800,
                        "thumb_800_h": 1343,
                        "thumb_960": "https:\/\/files.slack.com\/files-tmb\/TKFJE6LDR-F01ELV9QLD8-a2556b8f29\/good_docs_templates_-_current_process_as-is__1__960.png",
                        "thumb_960_w": 572,
                        "thumb_960_h": 960,
                        "thumb_1024": "https:\/\/files.slack.com\/files-tmb\/TKFJE6LDR-F01ELV9QLD8-a2556b8f29\/good_docs_templates_-_current_process_as-is__1__1024.png",
                        "thumb_1024_w": 610,
                        "thumb_1024_h": 1024,
                        "original_w": 956,
                        "original_h": 1605,
                        "thumb_tiny": "AwAwABy+QcdO\/pQoOen6U4ZxwBQN3cDFACDI9afQOBRQA0EDqf1pQQehB\/Gk5xwM0LnPKgUALk9h+tGW9B+dKKKAG7fr+dKFx3P4mkJKjPFIr7jjigB9FFFAH\/\/Z",
                        "permalink": "https:\/\/thegooddocs.slack.com\/files\/U012KCMPP0V\/F01ELV9QLD8\/good_docs_templates_-_current_process_as-is__1_.png",
                        "permalink_public": "https:\/\/slack-files.com\/TKFJE6LDR-F01ELV9QLD8-0218509a08",
                        "is_starred": false,
                        "has_rich_preview": false
                    }
                ],
                "color": "D0D0D0",
                "from_url": "https:\/\/thegooddocs.slack.com\/archives\/CQT6T04CW\/p1605197279109900?thread_ts=1605146000106600&cid=CQT6T04CW",
                "is_share": true,
                "footer": "From a thread in #general"
            },
            {
                "service_name": "The Good Docs Project",
                "title": "Information Architecture Guide",
                "title_link": "https:\/\/thegooddocsproject.dev\/ia-guide.html",
                "text": "Templates to make good docs.",
                "fallback": "The Good Docs Project: Information Architecture Guide",
                "from_url": "https:\/\/thegooddocsproject.dev\/ia-guide.html",
                "id": 1,
                "original_url": "https:\/\/thegooddocsproject.dev\/ia-guide.html"
            }
        ],
        "blocks": [
            {
                "type": "rich_text",
                "block_id": "D6n3",
                "elements": [
                    {
                        "type": "rich_text_section",
                        "elements": [
                            {
                                "type": "text",
                                "text": "Hello. This is both a notes and question dump, based on the last two TGD meetings I've attended. When it comes to "
                            },
                            {
                                "type": "link",
                                "url": "https:\/\/github.com\/thegooddocsproject\/incubator",
                                "text": "TGD Incubator"
                            },
                            {
                                "type": "text",
                                "text": " project, I have questions where I'd like to figure out how the repo works and how best to explain it:\n"
                            }
                        ]
                    },
                    {
                        "type": "rich_text_list",
                        "elements": [
                            {
                                "type": "rich_text_section",
                                "elements": [
                                    {
                                        "type": "text",
                                        "text": "I see there is a GitHub Actions run that builds a GitHub pages endpoint: "
                                    },
                                    {
                                        "type": "link",
                                        "url": "https:\/\/github.com\/thegooddocsproject\/incubator\/blob\/master\/.github\/workflows\/build.yml"
                                    },
                                    {
                                        "type": "text",
                                        "text": ", that seems to be referencing GitHub pages, but I can't quite tell what it is doing. Am I correct in saying that this seems to be producing a draft version of what I see here: "
                                    },
                                    {
                                        "type": "link",
                                        "url": "https:\/\/thegooddocsproject.dev\/ia-guide.html"
                                    },
                                    {
                                        "type": "text",
                                        "text": " since it is modifying the GitHub Pages branch of the incubator project here: "
                                    },
                                    {
                                        "type": "link",
                                        "url": "https:\/\/github.com\/thegooddocsproject\/incubator\/blob\/gh-pages\/ia-cyoa.html"
                                    },
                                    {
                                        "type": "text",
                                        "text": " ?"
                                    }
                                ]
                            },
                            {
                                "type": "rich_text_section",
                                "elements": [
                                    {
                                        "type": "text",
                                        "text": "From what I understand, Alyssa's PR for the Style Guide is probably my best reference point in understanding the journey of projects making their way through the incubator and being born into the world: "
                                    },
                                    {
                                        "type": "link",
                                        "url": "https:\/\/github.com\/thegooddocsproject\/incubator\/pull\/4"
                                    },
                                    {
                                        "type": "text",
                                        "text": " - which, since it has been merged, looks ready to make its way into the "
                                    },
                                    {
                                        "type": "text",
                                        "text": "templates",
                                        "style": {
                                            "code": true
                                        }
                                    },
                                    {
                                        "type": "text",
                                        "text": " repository. What are the next steps to getting it into the "
                                    },
                                    {
                                        "type": "text",
                                        "text": "templates",
                                        "style": {
                                            "code": true
                                        }
                                    },
                                    {
                                        "type": "text",
                                        "text": " repo? Simply open a PR, and duplicate the files over? If so, I can do this, and reference the base PR? But, I also would like "
                                    },
                                    {
                                        "type": "user",
                                        "user_id": "U012KCMPP0V"
                                    },
                                    {
                                        "type": "text",
                                        "text": " to get credit in the "
                                    },
                                    {
                                        "type": "text",
                                        "text": "templates",
                                        "style": {
                                            "code": true
                                        }
                                    },
                                    {
                                        "type": "text",
                                        "text": " repo itself, so I wouldn't want my commit to look like I created the thing from a Git archaeological view "
                                    },
                                    {
                                        "type": "emoji",
                                        "name": "stuck_out_tongue_winking_eye"
                                    },
                                    {
                                        "type": "text",
                                        "text": " So would our process be for the person who had their MR merged, for them to then create a PR to get it graduated into the templates repo?"
                                    }
                                ]
                            },
                            {
                                "type": "rich_text_section",
                                "elements": [
                                    {
                                        "type": "text",
                                        "text": "Is the incubator specific to only templates in TGD, or to any new projects that may be spawned in TGD?"
                                    }
                                ]
                            }
                        ],
                        "style": "bullet",
                        "indent": 0
                    },
                    {
                        "type": "rich_text_section",
                        "elements": [
                            {
                                "type": "text",
                                "text": "\nAlso, attached is Alyssa's \"as-is\" experience\/understanding of the Incubator workflow, for reference. I've bookmarked it so I don't lose it "
                            },
                            {
                                "type": "emoji",
                                "name": "stuck_out_tongue_winking_eye"
                            },
                            {
                                "type": "text",
                                "text": "\n\nWould this be the best action item list in regard to the base "
                            },
                            {
                                "type": "text",
                                "text": "README.md",
                                "style": {
                                    "code": true
                                }
                            },
                            {
                                "type": "text",
                                "text": " of the incubator repo (or "
                            },
                            {
                                "type": "text",
                                "text": "CONTRIBUTING.md",
                                "style": {
                                    "code": true
                                }
                            },
                            {
                                "type": "text",
                                "text": ", if needed):\n"
                            }
                        ]
                    },
                    {
                        "type": "rich_text_list",
                        "elements": [
                            {
                                "type": "rich_text_section",
                                "elements": [
                                    {
                                        "type": "text",
                                        "text": "New template minimum reqs: PR with both template draft and \"about\" guide?"
                                    }
                                ]
                            },
                            {
                                "type": "rich_text_section",
                                "elements": [
                                    {
                                        "type": "text",
                                        "text": "Is GDocs a real first requirement, or can they just go to the PR and the review there? One of two paths: (1) GDocs w\/ Review and Comments -> PR w\/ Review and Comments -> Merged -> PR into templates repo -> Merged (2) PR w\/ Review and Comments -> Merged -> PR into templates repo -> Merged"
                                    }
                                ]
                            },
                            {
                                "type": "rich_text_section",
                                "elements": [
                                    {
                                        "type": "text",
                                        "text": "Questions asked by Alyssa in the diagram: how many reviewer approvals required? Who can\/should merge?"
                                    }
                                ]
                            },
                            {
                                "type": "rich_text_section",
                                "elements": [
                                    {
                                        "type": "text",
                                        "text": "Should post-approval result in an issue opened in the chronologue project about needing an example created there?"
                                    }
                                ]
                            }
                        ],
                        "style": "bullet",
                        "indent": 0
                    },
                    {
                        "type": "rich_text_section",
                        "elements": [
                            {
                                "type": "text",
                                "text": "Potential stakeholders or knowers of info that I'll tag for extra kicks: "
                            },
                            {
                                "type": "user",
                                "user_id": "U0174BRV404"
                            },
                            {
                                "type": "text",
                                "text": " "
                            },
                            {
                                "type": "user",
                                "user_id": "U012Y26QWNA"
                            },
                            {
                                "type": "text",
                                "text": " "
                            },
                            {
                                "type": "user",
                                "user_id": "UKV4ZPEFQ"
                            }
                        ]
                    }
                ]
            }
        ]
    },
    {
        "type": "message",
        "subtype": "channel_join",
        "ts": "1607616715.035100",
        "user": "U012Y26QWNA",
        "text": "<@U012Y26QWNA> has joined the channel",
        "inviter": "U015GARCR8X"
    },
    {
        "client_msg_id": "ddd4dde9-4ef9-43b1-b5ca-3b3c9000f237",
        "type": "message",
        "text": "One thing to note is that we're beginning to close down development on <https:\/\/thegooddocsproject.dev\/ia-guide.html> and migrating to a new site powered by Hugo and Docsy. The repo for the new site is: <https:\/\/github.com\/thegooddocsproject\/website-hugo> . <@U018BJR6JQN> is driving most of that migration",
        "user": "U012KCMPP0V",
        "ts": "1607616954.036200",
        "team": "TKFJE6LDR",
        "user_team": "TKFJE6LDR",
        "source_team": "TKFJE6LDR",
        "user_profile": {
            "avatar_hash": "b26729f0b5f2",
            "image_72": "https:\/\/avatars.slack-edge.com\/2020-04-27\/1089031639347_b26729f0b5f2375494a1_72.png",
            "first_name": "Alyssa",
            "real_name": "Alyssa",
            "display_name": "Alyssa",
            "team": "TKFJE6LDR",
            "name": "alyssa.rock.biz",
            "is_restricted": false,
            "is_ultra_restricted": false
        },
        "edited": {
            "user": "U012KCMPP0V",
            "ts": "1607617016.000000"
        },
        "attachments": [
            {
                "fallback": "thegooddocsproject\/website-hugo",
                "text": "Hugo based website for the project.",
                "title": "thegooddocsproject\/website-hugo",
                "footer": "<https:\/\/github.com\/thegooddocsproject\/website-hugo|thegooddocsproject\/website-hugo>",
                "id": 1,
                "footer_icon": "https:\/\/github.githubassets.com\/favicon.ico",
                "ts": 1602712967,
                "color": "24292f",
                "fields": [
                    {
                        "title": "Stars",
                        "value": "1",
                        "short": true
                    },
                    {
                        "title": "Language",
                        "value": "HTML",
                        "short": true
                    }
                ],
                "mrkdwn_in": [
                    "text",
                    "fields"
                ],
                "bot_id": "BU8U6P6AH",
                "app_unfurl_url": "https:\/\/github.com\/thegooddocsproject\/website-hugo",
                "is_app_unfurl": true
            }
        ],
        "blocks": [
            {
                "type": "rich_text",
                "block_id": "kppap",
                "elements": [
                    {
                        "type": "rich_text_section",
                        "elements": [
                            {
                                "type": "text",
                                "text": "One thing to note is that we're beginning to close down development on "
                            },
                            {
                                "type": "link",
                                "url": "https:\/\/thegooddocsproject.dev\/ia-guide.html"
                            },
                            {
                                "type": "text",
                                "text": " and migrating to a new site powered by Hugo and Docsy. The repo for the new site is: "
                            },
                            {
                                "type": "link",
                                "url": "https:\/\/github.com\/thegooddocsproject\/website-hugo"
                            },
                            {
                                "type": "text",
                                "text": " . "
                            },
                            {
                                "type": "user",
                                "user_id": "U018BJR6JQN"
                            },
                            {
                                "type": "text",
                                "text": " is driving most of that migration"
                            }
                        ]
                    }
                ]
            }
        ],
        "reactions": [
            {
                "name": "+1",
                "users": [
                    "U015GARCR8X",
                    "U018BJR6JQN"
                ],
                "count": 2
            }
        ]
    },
    {
        "type": "message",
        "subtype": "channel_join",
        "ts": "1607616968.036500",
        "user": "U018BJR6JQN",
        "text": "<@U018BJR6JQN> has joined the channel",
        "inviter": "U012KCMPP0V"
    },
    {
        "client_msg_id": "585f95e0-840e-4427-ae94-624345f9d7b5",
        "type": "message",
        "text": "(I have pinned my message about templates, since it seemed like a good idea, given that it relates to the entire workflow around incubator -&gt; templates)",
        "user": "U015GARCR8X",
        "ts": "1607626822.037800",
        "team": "TKFJE6LDR",
        "user_team": "TKFJE6LDR",
        "source_team": "TKFJE6LDR",
        "user_profile": {
            "avatar_hash": "37a234435192",
            "image_72": "https:\/\/avatars.slack-edge.com\/2020-08-06\/1283467109749_37a23443519259ddd5ca_72.png",
            "first_name": "Derek",
            "real_name": "Derek Ardolf",
            "display_name": "ScriptAutomate",
            "team": "TKFJE6LDR",
            "name": "derek",
            "is_restricted": false,
            "is_ultra_restricted": false
        },
        "blocks": [
            {
                "type": "rich_text",
                "block_id": "H7\/t4",
                "elements": [
                    {
                        "type": "rich_text_section",
                        "elements": [
                            {
                                "type": "text",
                                "text": "(I have pinned my message about templates, since it seemed like a good idea, given that it relates to the entire workflow around incubator -> templates)"
                            }
                        ]
                    }
                ]
            }
        ]
    }
]