[
    {
        "client_msg_id": "c5d60631-50cf-48c8-9144-5475bb159a53",
        "type": "message",
        "text": "<@U015GARCR8X> (Derek) the base template that <@U0174BRV404> and <@UQ553K7DY> are working on is at <https:\/\/github.com\/thegooddocsproject\/incubator\/tree\/master\/base-template> . Viraji, could you please share the latest version that you have with Derek. He is wanting to build templates, and may be able to help with a review.",
        "user": "UKTGLQNGG",
        "ts": "1606950814.027400",
        "team": "TKFJE6LDR",
        "user_team": "TKFJE6LDR",
        "source_team": "TKFJE6LDR",
        "user_profile": {
            "avatar_hash": "d6f4de222bb1",
            "image_72": "https:\/\/avatars.slack-edge.com\/2020-07-20\/1235580478119_d6f4de222bb1ed6b5960_72.jpg",
            "first_name": "Cameron",
            "real_name": "Cameron Shorter",
            "display_name": "cameronshorter",
            "team": "TKFJE6LDR",
            "name": "cameron.shorter",
            "is_restricted": false,
            "is_ultra_restricted": false
        },
        "blocks": [
            {
                "type": "rich_text",
                "block_id": "RY+s",
                "elements": [
                    {
                        "type": "rich_text_section",
                        "elements": [
                            {
                                "type": "user",
                                "user_id": "U015GARCR8X"
                            },
                            {
                                "type": "text",
                                "text": " (Derek) the base template that "
                            },
                            {
                                "type": "user",
                                "user_id": "U0174BRV404"
                            },
                            {
                                "type": "text",
                                "text": " and "
                            },
                            {
                                "type": "user",
                                "user_id": "UQ553K7DY"
                            },
                            {
                                "type": "text",
                                "text": " are working on is at "
                            },
                            {
                                "type": "link",
                                "url": "https:\/\/github.com\/thegooddocsproject\/incubator\/tree\/master\/base-template"
                            },
                            {
                                "type": "text",
                                "text": " . Viraji, could you please share the latest version that you have with Derek. He is wanting to build templates, and may be able to help with a review."
                            }
                        ]
                    }
                ]
            }
        ],
        "reactions": [
            {
                "name": "+1",
                "users": [
                    "U015GARCR8X"
                ],
                "count": 1
            }
        ]
    }
]