[
    {
        "client_msg_id": "9467049c-1cf7-4547-947c-5b38f5655ee6",
        "type": "message",
        "text": "Two notes unrelated to the current discussion:\n• I'll volunteer to coordinate the scheduling for a future Chronologue(?) jam. I'll send out a Doodle poll to those interested. So far I have Felicity, Erin, and Cameron who have indicated interest. Anyone else want to be included? I'll put a call out in the U.S. weekly meeting too.\n• I just remembered that I have a credit with a graphic designer to do some design work. (I paid her a retainer and then ended up canceling the project.) So if we want to do some design work after we've fleshed out the Chronologue (such as branding and product icons, maybe a product mockup), let me know!\nNow feel free to resume discussions over project names. :slightly_smiling_face:",
        "user": "U012KCMPP0V",
        "ts": "1599955190.065100",
        "team": "TKFJE6LDR",
        "user_team": "TKFJE6LDR",
        "source_team": "TKFJE6LDR",
        "user_profile": {
            "avatar_hash": "b26729f0b5f2",
            "image_72": "https:\/\/avatars.slack-edge.com\/2020-04-27\/1089031639347_b26729f0b5f2375494a1_72.png",
            "first_name": "Alyssa",
            "real_name": "Alyssa",
            "display_name": "Alyssa",
            "team": "TKFJE6LDR",
            "name": "alyssa.rock.biz",
            "is_restricted": false,
            "is_ultra_restricted": false
        },
        "edited": {
            "user": "U012KCMPP0V",
            "ts": "1599955264.000000"
        },
        "blocks": [
            {
                "type": "rich_text",
                "block_id": "Z7y4",
                "elements": [
                    {
                        "type": "rich_text_section",
                        "elements": [
                            {
                                "type": "text",
                                "text": "Two notes unrelated to the current discussion:\n"
                            }
                        ]
                    },
                    {
                        "type": "rich_text_list",
                        "elements": [
                            {
                                "type": "rich_text_section",
                                "elements": [
                                    {
                                        "type": "text",
                                        "text": "I'll volunteer to coordinate the scheduling for a future Chronologue(?) jam. I'll send out a Doodle poll to those interested. So far I have Felicity, Erin, and Cameron who have indicated interest. Anyone else want to be included? I'll put a call out in the U.S. weekly meeting too."
                                    }
                                ]
                            },
                            {
                                "type": "rich_text_section",
                                "elements": [
                                    {
                                        "type": "text",
                                        "text": "I just remembered that I have a credit with a graphic designer to do some design work. (I paid her a retainer and then ended up canceling the project.) So if we want to do some design work after we've fleshed out the Chronologue (such as branding and product icons, maybe a product mockup), let me know!"
                                    }
                                ]
                            }
                        ],
                        "style": "bullet",
                        "indent": 0
                    },
                    {
                        "type": "rich_text_section",
                        "elements": [
                            {
                                "type": "text",
                                "text": "\nNow feel free to resume discussions over project names. "
                            },
                            {
                                "type": "emoji",
                                "name": "slightly_smiling_face"
                            }
                        ]
                    }
                ]
            }
        ],
        "reactions": [
            {
                "name": "+1",
                "users": [
                    "UKTGLQNGG",
                    "UKV4ZPEFQ"
                ],
                "count": 2
            },
            {
                "name": "thankyou",
                "users": [
                    "UL2AA1FF1"
                ],
                "count": 1
            }
        ]
    }
]