[
    {
        "client_msg_id": "16b41faf-bf10-4210-aa15-17b52c059544",
        "type": "message",
        "text": "If you'd like to join us for the Chronologue planning meeting, please respond to this Doodle poll to indicate your preferred meeting times!\n<https:\/\/doodle.com\/poll\/ia762vvbydkq9tdt>\n\nTagging <@UL2AA1FF1> and <@UKV4ZPEFQ>",
        "user": "U012KCMPP0V",
        "ts": "1601611042.001100",
        "team": "TKFJE6LDR",
        "user_team": "TKFJE6LDR",
        "source_team": "TKFJE6LDR",
        "user_profile": {
            "avatar_hash": "b26729f0b5f2",
            "image_72": "https:\/\/avatars.slack-edge.com\/2020-04-27\/1089031639347_b26729f0b5f2375494a1_72.png",
            "first_name": "Alyssa",
            "real_name": "Alyssa",
            "display_name": "Alyssa",
            "team": "TKFJE6LDR",
            "name": "alyssa.rock.biz",
            "is_restricted": false,
            "is_ultra_restricted": false
        },
        "attachments": [
            {
                "title": "Doodle: Chronologue planning meeting",
                "title_link": "https:\/\/doodle.com\/poll\/ia762vvbydkq9tdt",
                "text": "If you'd like to participate in our first planning meeting for the Chronologue, please indicate your preferred times!",
                "fallback": "Doodle: Chronologue planning meeting",
                "image_url": "https:\/\/doodle.com\/graphics\/static\/facebookSharingThumbnail.png",
                "from_url": "https:\/\/doodle.com\/poll\/ia762vvbydkq9tdt",
                "image_width": 300,
                "image_height": 200,
                "image_bytes": 6864,
                "service_icon": "https:\/\/cdn2.doodle.com\/dist\/i\/7479b568749fca315a2969e30cbee4f5.png",
                "service_name": "doodle.com",
                "id": 1,
                "original_url": "https:\/\/doodle.com\/poll\/ia762vvbydkq9tdt"
            }
        ],
        "blocks": [
            {
                "type": "rich_text",
                "block_id": "laT",
                "elements": [
                    {
                        "type": "rich_text_section",
                        "elements": [
                            {
                                "type": "text",
                                "text": "If you'd like to join us for the Chronologue planning meeting, please respond to this Doodle poll to indicate your preferred meeting times!\n"
                            },
                            {
                                "type": "link",
                                "url": "https:\/\/doodle.com\/poll\/ia762vvbydkq9tdt"
                            },
                            {
                                "type": "text",
                                "text": "\n\nTagging "
                            },
                            {
                                "type": "user",
                                "user_id": "UL2AA1FF1"
                            },
                            {
                                "type": "text",
                                "text": " and "
                            },
                            {
                                "type": "user",
                                "user_id": "UKV4ZPEFQ"
                            }
                        ]
                    }
                ]
            }
        ],
        "reactions": [
            {
                "name": "thankyou",
                "users": [
                    "UL2AA1FF1"
                ],
                "count": 1
            }
        ]
    }
]