[
    {
        "client_msg_id": "c20e5eb3-9041-4c18-b2d6-444702cff3b8",
        "type": "message",
        "text": "and some backstory\/lore\/first stab at some requirements <https:\/\/github.com\/thegooddocsproject\/chronologue\/pull\/2>",
        "user": "UL2AA1FF1",
        "ts": "1599778577.011800",
        "team": "TKFJE6LDR",
        "user_team": "TKFJE6LDR",
        "source_team": "TKFJE6LDR",
        "user_profile": {
            "avatar_hash": "22135067b36d",
            "image_72": "https:\/\/avatars.slack-edge.com\/2019-10-23\/805254797908_22135067b36dfb715e99_72.jpg",
            "first_name": "",
            "real_name": "Erin McKean",
            "display_name": "Erin McKean",
            "team": "TKFJE6LDR",
            "name": "emckean",
            "is_restricted": false,
            "is_ultra_restricted": false
        },
        "attachments": [
            {
                "author_name": "emckean",
                "fallback": "[thegooddocsproject\/chronologue] #2 adding draft requirements doc",
                "text": "Some backstory and concepts, with a few use cases :)",
                "title": "#2 adding draft requirements doc",
                "footer": "<https:\/\/github.com\/thegooddocsproject\/chronologue|thegooddocsproject\/chronologue>",
                "id": 1,
                "title_link": "https:\/\/github.com\/thegooddocsproject\/chronologue\/pull\/2",
                "author_link": "https:\/\/github.com\/emckean",
                "author_icon": "https:\/\/avatars1.githubusercontent.com\/u\/225433?v=4",
                "footer_icon": "https:\/\/github.githubassets.com\/favicon.ico",
                "ts": 1599778547,
                "color": "36a64f",
                "mrkdwn_in": [
                    "text"
                ],
                "bot_id": "BU8U6P6AH",
                "app_unfurl_url": "https:\/\/github.com\/thegooddocsproject\/chronologue\/pull\/2",
                "is_app_unfurl": true
            }
        ],
        "blocks": [
            {
                "type": "rich_text",
                "block_id": "96uR",
                "elements": [
                    {
                        "type": "rich_text_section",
                        "elements": [
                            {
                                "type": "text",
                                "text": "and some backstory\/lore\/first stab at some requirements "
                            },
                            {
                                "type": "link",
                                "url": "https:\/\/github.com\/thegooddocsproject\/chronologue\/pull\/2"
                            }
                        ]
                    }
                ]
            }
        ]
    },
    {
        "client_msg_id": "864d54a0-4add-4a26-8b77-1a1cfaef6327",
        "type": "message",
        "text": "I have merged that PR, Erin. I would encourage folks to go and have a read of what is in the repo so far.",
        "user": "UKV4ZPEFQ",
        "ts": "1599781556.012700",
        "team": "TKFJE6LDR",
        "user_team": "TKFJE6LDR",
        "source_team": "TKFJE6LDR",
        "user_profile": {
            "avatar_hash": "g854c628ef64",
            "image_72": "https:\/\/secure.gravatar.com\/avatar\/6854c628ef64a4c129a994522e17cdf2.jpg?s=72&d=https%3A%2F%2Fa.slack-edge.com%2Fdf10d%2Fimg%2Favatars%2Fava_0007-72.png",
            "first_name": "felicitybrand",
            "real_name": "felicitybrand",
            "display_name": "flicstar",
            "team": "TKFJE6LDR",
            "name": "felicitybrand",
            "is_restricted": false,
            "is_ultra_restricted": false
        },
        "blocks": [
            {
                "type": "rich_text",
                "block_id": "f59A5",
                "elements": [
                    {
                        "type": "rich_text_section",
                        "elements": [
                            {
                                "type": "text",
                                "text": "I have merged that PR, Erin. I would encourage folks to go and have a read of what is in the repo so far."
                            }
                        ]
                    }
                ]
            }
        ],
        "reactions": [
            {
                "name": "thankyou",
                "users": [
                    "UL2AA1FF1"
                ],
                "count": 1
            }
        ]
    },
    {
        "client_msg_id": "c3012b30-e71f-4d14-a39b-6d96f4b0281b",
        "type": "message",
        "text": "I saw the notes in the meeting minutes (2020-09-09 US Timezone) about this topic, and I think it's worth a broader conversation:\n&gt; Is the time machine simple enough for everyone to follow?\n&gt; Will it cover all our needs?\n&gt; We should define our requirements for this.\n<https:\/\/docs.google.com\/document\/d\/13xr5PLMMqm6Rz_yXzxl5WMOwY9H6liB1abU_i0-ws60\/edit#>",
        "user": "UKV4ZPEFQ",
        "ts": "1599781659.014000",
        "team": "TKFJE6LDR",
        "user_team": "TKFJE6LDR",
        "source_team": "TKFJE6LDR",
        "user_profile": {
            "avatar_hash": "g854c628ef64",
            "image_72": "https:\/\/secure.gravatar.com\/avatar\/6854c628ef64a4c129a994522e17cdf2.jpg?s=72&d=https%3A%2F%2Fa.slack-edge.com%2Fdf10d%2Fimg%2Favatars%2Fava_0007-72.png",
            "first_name": "felicitybrand",
            "real_name": "felicitybrand",
            "display_name": "flicstar",
            "team": "TKFJE6LDR",
            "name": "felicitybrand",
            "is_restricted": false,
            "is_ultra_restricted": false
        },
        "blocks": [
            {
                "type": "rich_text",
                "block_id": "CCGP",
                "elements": [
                    {
                        "type": "rich_text_section",
                        "elements": [
                            {
                                "type": "text",
                                "text": "I saw the notes in the meeting minutes (2020-09-09 US Timezone) about this topic, and I think it's worth a broader conversation:\n"
                            }
                        ]
                    },
                    {
                        "type": "rich_text_quote",
                        "elements": [
                            {
                                "type": "text",
                                "text": "Is the time machine simple enough for everyone to follow?\nWill it cover all our needs?\nWe should define our requirements for this."
                            }
                        ]
                    },
                    {
                        "type": "rich_text_section",
                        "elements": [
                            {
                                "type": "link",
                                "url": "https:\/\/docs.google.com\/document\/d\/13xr5PLMMqm6Rz_yXzxl5WMOwY9H6liB1abU_i0-ws60\/edit#"
                            }
                        ]
                    }
                ]
            }
        ]
    },
    {
        "client_msg_id": "782c88c1-b455-466e-a019-cc579c4b2c85",
        "type": "message",
        "text": "thanks! when I was trying to think of a good fake project, my requirements were that it had to be:\n• obviously, completely, totally fake, so that by accident we didn't do something that overlapped with a real project somewhere\n• entertaining enough that people would WANT to read the sample to understand the templates\n• entertaining enough that people would enjoy writing the sample docs\n• funny enough to maybe, possibly go viral :slightly_smiling_face: ",
        "user": "UL2AA1FF1",
        "ts": "1599794287.016000",
        "team": "TKFJE6LDR",
        "user_team": "TKFJE6LDR",
        "source_team": "TKFJE6LDR",
        "user_profile": {
            "avatar_hash": "22135067b36d",
            "image_72": "https:\/\/avatars.slack-edge.com\/2019-10-23\/805254797908_22135067b36dfb715e99_72.jpg",
            "first_name": "",
            "real_name": "Erin McKean",
            "display_name": "Erin McKean",
            "team": "TKFJE6LDR",
            "name": "emckean",
            "is_restricted": false,
            "is_ultra_restricted": false
        },
        "blocks": [
            {
                "type": "rich_text",
                "block_id": "fIdf",
                "elements": [
                    {
                        "type": "rich_text_section",
                        "elements": [
                            {
                                "type": "text",
                                "text": "thanks! when I was trying to think of a good fake project, my requirements were that it had to be:\n"
                            }
                        ]
                    },
                    {
                        "type": "rich_text_list",
                        "elements": [
                            {
                                "type": "rich_text_section",
                                "elements": [
                                    {
                                        "type": "text",
                                        "text": "obviously, completely, totally fake, so that by accident we didn't do something that overlapped with a real project somewhere"
                                    }
                                ]
                            },
                            {
                                "type": "rich_text_section",
                                "elements": [
                                    {
                                        "type": "text",
                                        "text": "entertaining enough that people would WANT to read the sample to understand the templates"
                                    }
                                ]
                            },
                            {
                                "type": "rich_text_section",
                                "elements": [
                                    {
                                        "type": "text",
                                        "text": "entertaining enough that people would enjoy writing the sample docs"
                                    }
                                ]
                            },
                            {
                                "type": "rich_text_section",
                                "elements": [
                                    {
                                        "type": "text",
                                        "text": "funny enough to maybe, possibly go viral "
                                    },
                                    {
                                        "type": "emoji",
                                        "name": "slightly_smiling_face"
                                    },
                                    {
                                        "type": "text",
                                        "text": " "
                                    }
                                ]
                            }
                        ],
                        "style": "bullet",
                        "indent": 0
                    }
                ]
            }
        ]
    },
    {
        "client_msg_id": "c3b4032f-7cde-4898-9a73-25c4f83c5e6e",
        "type": "message",
        "text": "I think that we don't need _everyone_ to understand the templates -- I'd think of our core templates persona primarily as a developer working in open source who wants to create docs but doesn't know where to start. I would assume some familiarity with western pop culture (eg time travel as a trope) and reasonable fluency in standard technical English",
        "user": "UL2AA1FF1",
        "ts": "1599794377.017600",
        "team": "TKFJE6LDR",
        "user_team": "TKFJE6LDR",
        "source_team": "TKFJE6LDR",
        "user_profile": {
            "avatar_hash": "22135067b36d",
            "image_72": "https:\/\/avatars.slack-edge.com\/2019-10-23\/805254797908_22135067b36dfb715e99_72.jpg",
            "first_name": "",
            "real_name": "Erin McKean",
            "display_name": "Erin McKean",
            "team": "TKFJE6LDR",
            "name": "emckean",
            "is_restricted": false,
            "is_ultra_restricted": false
        },
        "blocks": [
            {
                "type": "rich_text",
                "block_id": "o4ou",
                "elements": [
                    {
                        "type": "rich_text_section",
                        "elements": [
                            {
                                "type": "text",
                                "text": "I think that we don't need "
                            },
                            {
                                "type": "text",
                                "text": "everyone",
                                "style": {
                                    "italic": true
                                }
                            },
                            {
                                "type": "text",
                                "text": " to understand the templates -- I'd think of our core templates persona primarily as a developer working in open source who wants to create docs but doesn't know where to start. I would assume some familiarity with western pop culture (eg time travel as a trope) and reasonable fluency in standard technical English"
                            }
                        ]
                    }
                ]
            }
        ]
    },
    {
        "client_msg_id": "09538d8e-d53f-44f7-bd66-eb56b7b0d27f",
        "type": "message",
        "text": "as we branch out into other personas (beginning professional tech writers, students) we can adjust if this project doesn't work!",
        "user": "UL2AA1FF1",
        "ts": "1599794416.018500",
        "team": "TKFJE6LDR",
        "user_team": "TKFJE6LDR",
        "source_team": "TKFJE6LDR",
        "user_profile": {
            "avatar_hash": "22135067b36d",
            "image_72": "https:\/\/avatars.slack-edge.com\/2019-10-23\/805254797908_22135067b36dfb715e99_72.jpg",
            "first_name": "",
            "real_name": "Erin McKean",
            "display_name": "Erin McKean",
            "team": "TKFJE6LDR",
            "name": "emckean",
            "is_restricted": false,
            "is_ultra_restricted": false
        },
        "blocks": [
            {
                "type": "rich_text",
                "block_id": "6oT",
                "elements": [
                    {
                        "type": "rich_text_section",
                        "elements": [
                            {
                                "type": "text",
                                "text": "as we branch out into other personas (beginning professional tech writers, students) we can adjust if this project doesn't work!"
                            }
                        ]
                    }
                ]
            }
        ]
    },
    {
        "client_msg_id": "b6d3a0fd-2070-47b8-8f96-efc0343cb8c9",
        "type": "message",
        "text": "I would caution against trying to be all things for all people because those things tend to be boring :slightly_smiling_face:",
        "user": "UL2AA1FF1",
        "ts": "1599794431.018900",
        "team": "TKFJE6LDR",
        "user_team": "TKFJE6LDR",
        "source_team": "TKFJE6LDR",
        "user_profile": {
            "avatar_hash": "22135067b36d",
            "image_72": "https:\/\/avatars.slack-edge.com\/2019-10-23\/805254797908_22135067b36dfb715e99_72.jpg",
            "first_name": "",
            "real_name": "Erin McKean",
            "display_name": "Erin McKean",
            "team": "TKFJE6LDR",
            "name": "emckean",
            "is_restricted": false,
            "is_ultra_restricted": false
        },
        "blocks": [
            {
                "type": "rich_text",
                "block_id": "eENW",
                "elements": [
                    {
                        "type": "rich_text_section",
                        "elements": [
                            {
                                "type": "text",
                                "text": "I would caution against trying to be all things for all people because those things tend to be boring "
                            },
                            {
                                "type": "emoji",
                                "name": "slightly_smiling_face"
                            }
                        ]
                    }
                ]
            }
        ]
    }
]