[
    {
        "client_msg_id": "26948eea-7f4d-42fc-92e0-e2f979dad533",
        "type": "message",
        "text": "I just want to mention that the backstory of the Chronologue is very charming. :slightly_smiling_face:",
        "user": "U012KCMPP0V",
        "ts": "1599843535.021900",
        "team": "TKFJE6LDR",
        "user_team": "TKFJE6LDR",
        "source_team": "TKFJE6LDR",
        "user_profile": {
            "avatar_hash": "b26729f0b5f2",
            "image_72": "https:\/\/avatars.slack-edge.com\/2020-04-27\/1089031639347_b26729f0b5f2375494a1_72.png",
            "first_name": "Alyssa",
            "real_name": "Alyssa",
            "display_name": "Alyssa",
            "team": "TKFJE6LDR",
            "name": "alyssa.rock.biz",
            "is_restricted": false,
            "is_ultra_restricted": false
        },
        "blocks": [
            {
                "type": "rich_text",
                "block_id": "NJZK",
                "elements": [
                    {
                        "type": "rich_text_section",
                        "elements": [
                            {
                                "type": "text",
                                "text": "I just want to mention that the backstory of the Chronologue is very charming. "
                            },
                            {
                                "type": "emoji",
                                "name": "slightly_smiling_face"
                            }
                        ]
                    }
                ]
            }
        ],
        "reactions": [
            {
                "name": "thankyou",
                "users": [
                    "UL2AA1FF1"
                ],
                "count": 1
            }
        ]
    },
    {
        "client_msg_id": "001d0e4d-10cc-4f37-99bb-718996685a5b",
        "type": "message",
        "text": "The README made me want to actually implement it (I can kinda imagine it working—as long as you don't allow acausality!)",
        "user": "U011GCVJFQF",
        "ts": "1599844161.023100",
        "team": "TKFJE6LDR",
        "user_team": "TKFJE6LDR",
        "source_team": "TKFJE6LDR",
        "user_profile": {
            "avatar_hash": "5859193991fb",
            "image_72": "https:\/\/avatars.slack-edge.com\/2020-04-16\/1066602100115_5859193991fb4bbebcdf_72.png",
            "first_name": "",
            "real_name": "Daniel Beck",
            "display_name": "Daniel Beck",
            "team": "TKFJE6LDR",
            "name": "daniel",
            "is_restricted": false,
            "is_ultra_restricted": false
        },
        "blocks": [
            {
                "type": "rich_text",
                "block_id": "+Ek7c",
                "elements": [
                    {
                        "type": "rich_text_section",
                        "elements": [
                            {
                                "type": "text",
                                "text": "The README made me want to actually implement it (I can kinda imagine it working—as long as you don't allow acausality!)"
                            }
                        ]
                    }
                ]
            }
        ]
    },
    {
        "client_msg_id": "d36da33a-ec39-4bc9-bf90-4c1455b9fbad",
        "type": "message",
        "text": "I love the back story, and has the makings of a bunch of memes and plot-lines which will help make tech writing and programming fun. While I think it is good to have a complex version of this story, I feel we also need a super-simple version. When explaining a concept, we don't want the reader to be spending more time understanding the example than the concept being explained. The simple version should be explained in a sentence or two; have one very simple plot line; shouldn't use acronyms; and should use terms the audience is already familiar with. (For instance, I'd call the project \"time-machine\" rather than \"chronologue\".)",
        "user": "UKTGLQNGG",
        "ts": "1599859705.031200",
        "team": "TKFJE6LDR",
        "user_team": "TKFJE6LDR",
        "source_team": "TKFJE6LDR",
        "user_profile": {
            "avatar_hash": "d6f4de222bb1",
            "image_72": "https:\/\/avatars.slack-edge.com\/2020-07-20\/1235580478119_d6f4de222bb1ed6b5960_72.jpg",
            "first_name": "Cameron",
            "real_name": "Cameron Shorter",
            "display_name": "cameronshorter",
            "team": "TKFJE6LDR",
            "name": "cameron.shorter",
            "is_restricted": false,
            "is_ultra_restricted": false
        },
        "blocks": [
            {
                "type": "rich_text",
                "block_id": "RF4",
                "elements": [
                    {
                        "type": "rich_text_section",
                        "elements": [
                            {
                                "type": "text",
                                "text": "I love the back story, and has the makings of a bunch of memes and plot-lines which will help make tech writing and programming fun. While I think it is good to have a complex version of this story, I feel we also need a super-simple version. When explaining a concept, we don't want the reader to be spending more time understanding the example than the concept being explained. The simple version should be explained in a sentence or two; have one very simple plot line; shouldn't use acronyms; and should use terms the audience is already familiar with. (For instance, I'd call the project \"time-machine\" rather than \"chronologue\".)"
                            }
                        ]
                    }
                ]
            }
        ]
    },
    {
        "client_msg_id": "27d2feae-e5c3-4b47-8d1f-22168770aeae",
        "type": "message",
        "text": "time-machine has findability problems :disappointed: There are lots and lots of things called time machine, which means that it's hard to search for (eg Apple's backup tool, a bunch of JS packages, etc.)",
        "user": "UL2AA1FF1",
        "ts": "1599860313.032100",
        "team": "TKFJE6LDR",
        "user_team": "TKFJE6LDR",
        "source_team": "TKFJE6LDR",
        "user_profile": {
            "avatar_hash": "22135067b36d",
            "image_72": "https:\/\/avatars.slack-edge.com\/2019-10-23\/805254797908_22135067b36dfb715e99_72.jpg",
            "first_name": "",
            "real_name": "Erin McKean",
            "display_name": "Erin McKean",
            "team": "TKFJE6LDR",
            "name": "emckean",
            "is_restricted": false,
            "is_ultra_restricted": false
        },
        "blocks": [
            {
                "type": "rich_text",
                "block_id": "EZjUC",
                "elements": [
                    {
                        "type": "rich_text_section",
                        "elements": [
                            {
                                "type": "text",
                                "text": "time-machine has findability problems "
                            },
                            {
                                "type": "emoji",
                                "name": "disappointed"
                            },
                            {
                                "type": "text",
                                "text": " There are lots and lots of things called time machine, which means that it's hard to search for (eg Apple's backup tool, a bunch of JS packages, etc.)"
                            }
                        ]
                    }
                ]
            }
        ]
    },
    {
        "client_msg_id": "db8a15c2-864a-4928-a5c6-c561bb035a73",
        "type": "message",
        "text": "my favorite thing about a fake project is that people don't actually have to understand the concepts! :slightly_smiling_face: It's more about understanding the shape of the documents. We could probably even use lorem ipsum text, it just wouldn't be as fun ....",
        "user": "UL2AA1FF1",
        "ts": "1599860441.033000",
        "team": "TKFJE6LDR",
        "user_team": "TKFJE6LDR",
        "source_team": "TKFJE6LDR",
        "user_profile": {
            "avatar_hash": "22135067b36d",
            "image_72": "https:\/\/avatars.slack-edge.com\/2019-10-23\/805254797908_22135067b36dfb715e99_72.jpg",
            "first_name": "",
            "real_name": "Erin McKean",
            "display_name": "Erin McKean",
            "team": "TKFJE6LDR",
            "name": "emckean",
            "is_restricted": false,
            "is_ultra_restricted": false
        },
        "blocks": [
            {
                "type": "rich_text",
                "block_id": "2yvyW",
                "elements": [
                    {
                        "type": "rich_text_section",
                        "elements": [
                            {
                                "type": "text",
                                "text": "my favorite thing about a fake project is that people don't actually have to understand the concepts! "
                            },
                            {
                                "type": "emoji",
                                "name": "slightly_smiling_face"
                            },
                            {
                                "type": "text",
                                "text": " It's more about understanding the shape of the documents. We could probably even use lorem ipsum text, it just wouldn't be as fun ...."
                            }
                        ]
                    }
                ]
            }
        ]
    },
    {
        "client_msg_id": "63dbbf1e-051e-4e40-9fd5-e30dd8d78883",
        "type": "message",
        "text": "I also strongly disagree about not using acronyms, pretty much every project has some acronyms, so we need to model how to explain them",
        "user": "UL2AA1FF1",
        "ts": "1599860471.033600",
        "team": "TKFJE6LDR",
        "user_team": "TKFJE6LDR",
        "source_team": "TKFJE6LDR",
        "user_profile": {
            "avatar_hash": "22135067b36d",
            "image_72": "https:\/\/avatars.slack-edge.com\/2019-10-23\/805254797908_22135067b36dfb715e99_72.jpg",
            "first_name": "",
            "real_name": "Erin McKean",
            "display_name": "Erin McKean",
            "team": "TKFJE6LDR",
            "name": "emckean",
            "is_restricted": false,
            "is_ultra_restricted": false
        },
        "blocks": [
            {
                "type": "rich_text",
                "block_id": "d7PH",
                "elements": [
                    {
                        "type": "rich_text_section",
                        "elements": [
                            {
                                "type": "text",
                                "text": "I also strongly disagree about not using acronyms, pretty much every project has some acronyms, so we need to model how to explain them"
                            }
                        ]
                    }
                ]
            }
        ]
    },
    {
        "client_msg_id": "d5b2b312-7939-47b5-b140-0f14551bea3c",
        "type": "message",
        "text": "I'm open to other commonly understood terms \"time-travel\"? Maybe \"hello-world-time-machine\", building off the \"hello-world\" simplest program tradition. I'm just hoping we can move away from \"chronologue\" which I feel is rarely used in English (I had to look up it's meaning to confirm my understanding of it).",
        "user": "UKTGLQNGG",
        "ts": "1599860926.037100",
        "team": "TKFJE6LDR",
        "user_team": "TKFJE6LDR",
        "source_team": "TKFJE6LDR",
        "user_profile": {
            "avatar_hash": "d6f4de222bb1",
            "image_72": "https:\/\/avatars.slack-edge.com\/2020-07-20\/1235580478119_d6f4de222bb1ed6b5960_72.jpg",
            "first_name": "Cameron",
            "real_name": "Cameron Shorter",
            "display_name": "cameronshorter",
            "team": "TKFJE6LDR",
            "name": "cameron.shorter",
            "is_restricted": false,
            "is_ultra_restricted": false
        },
        "blocks": [
            {
                "type": "rich_text",
                "block_id": "SuTS",
                "elements": [
                    {
                        "type": "rich_text_section",
                        "elements": [
                            {
                                "type": "text",
                                "text": "I'm open to other commonly understood terms \"time-travel\"? Maybe \"hello-world-time-machine\", building off the \"hello-world\" simplest program tradition. I'm just hoping we can move away from \"chronologue\" which I feel is rarely used in English (I had to look up it's meaning to confirm my understanding of it)."
                            }
                        ]
                    }
                ]
            }
        ]
    },
    {
        "client_msg_id": "64e97743-61e4-46ad-b8e0-ad839e420fe5",
        "type": "message",
        "text": "I'm totally on board with the \"fake project\" concept though, from the first day I heard your pitch for it. And buy into the value gained by making it fun and entertaining. People will remember a lesson if they enjoy the story behind the lesson.",
        "user": "UKTGLQNGG",
        "ts": "1599861072.039000",
        "team": "TKFJE6LDR",
        "user_team": "TKFJE6LDR",
        "source_team": "TKFJE6LDR",
        "user_profile": {
            "avatar_hash": "d6f4de222bb1",
            "image_72": "https:\/\/avatars.slack-edge.com\/2020-07-20\/1235580478119_d6f4de222bb1ed6b5960_72.jpg",
            "first_name": "Cameron",
            "real_name": "Cameron Shorter",
            "display_name": "cameronshorter",
            "team": "TKFJE6LDR",
            "name": "cameron.shorter",
            "is_restricted": false,
            "is_ultra_restricted": false
        },
        "blocks": [
            {
                "type": "rich_text",
                "block_id": "MXDU",
                "elements": [
                    {
                        "type": "rich_text_section",
                        "elements": [
                            {
                                "type": "text",
                                "text": "I'm totally on board with the \"fake project\" concept though, from the first day I heard your pitch for it. And buy into the value gained by making it fun and entertaining. People will remember a lesson if they enjoy the story behind the lesson."
                            }
                        ]
                    }
                ]
            }
        ]
    },
    {
        "client_msg_id": "00d7243d-5605-4b11-82e2-06b8f807d82d",
        "type": "message",
        "text": "Thanks!",
        "user": "UL2AA1FF1",
        "ts": "1599863102.039200",
        "team": "TKFJE6LDR",
        "user_team": "TKFJE6LDR",
        "source_team": "TKFJE6LDR",
        "user_profile": {
            "avatar_hash": "22135067b36d",
            "image_72": "https:\/\/avatars.slack-edge.com\/2019-10-23\/805254797908_22135067b36dfb715e99_72.jpg",
            "first_name": "",
            "real_name": "Erin McKean",
            "display_name": "Erin McKean",
            "team": "TKFJE6LDR",
            "name": "emckean",
            "is_restricted": false,
            "is_ultra_restricted": false
        },
        "blocks": [
            {
                "type": "rich_text",
                "block_id": "Wk3g",
                "elements": [
                    {
                        "type": "rich_text_section",
                        "elements": [
                            {
                                "type": "text",
                                "text": "Thanks!"
                            }
                        ]
                    }
                ]
            }
        ]
    },
    {
        "client_msg_id": "53ec1007-ff07-45df-bdeb-e2057696fc4f",
        "type": "message",
        "text": "I'm not sure I understand the problem with 'chronologue', though -- names don't actually have to have semantic clarity ... nobody needs to know that my name means \"Ireland\" to call me \"Erin\" :slightly_smiling_face: plus we have examples in Kubernetes and Istio, Angular, Chromium ... none of which are in the top-10K common English words. Names have a different semantic function than words-as-words.",
        "user": "UL2AA1FF1",
        "ts": "1599863183.040900",
        "team": "TKFJE6LDR",
        "user_team": "TKFJE6LDR",
        "source_team": "TKFJE6LDR",
        "user_profile": {
            "avatar_hash": "22135067b36d",
            "image_72": "https:\/\/avatars.slack-edge.com\/2019-10-23\/805254797908_22135067b36dfb715e99_72.jpg",
            "first_name": "",
            "real_name": "Erin McKean",
            "display_name": "Erin McKean",
            "team": "TKFJE6LDR",
            "name": "emckean",
            "is_restricted": false,
            "is_ultra_restricted": false
        },
        "edited": {
            "user": "UL2AA1FF1",
            "ts": "1599863192.000000"
        },
        "blocks": [
            {
                "type": "rich_text",
                "block_id": "3wLCW",
                "elements": [
                    {
                        "type": "rich_text_section",
                        "elements": [
                            {
                                "type": "text",
                                "text": "I'm not sure I understand the problem with 'chronologue', though -- names don't actually have to have semantic clarity ... nobody needs to know that my name means \"Ireland\" to call me \"Erin\" "
                            },
                            {
                                "type": "emoji",
                                "name": "slightly_smiling_face"
                            },
                            {
                                "type": "text",
                                "text": " plus we have examples in Kubernetes and Istio, Angular, Chromium ... none of which are in the top-10K common English words. Names have a different semantic function than words-as-words."
                            }
                        ]
                    }
                ]
            }
        ],
        "reactions": [
            {
                "name": "star",
                "users": [
                    "U011GCVJFQF"
                ],
                "count": 1
            }
        ]
    },
    {
        "client_msg_id": "47621c39-5cea-4af1-a8bb-2a6addc6eb66",
        "type": "message",
        "text": "(I've done a fair bit of consulting work for professional naming agencies, so that probably colors my opinions somewhat!)",
        "user": "UL2AA1FF1",
        "ts": "1599864134.049300",
        "team": "TKFJE6LDR",
        "user_team": "TKFJE6LDR",
        "source_team": "TKFJE6LDR",
        "user_profile": {
            "avatar_hash": "22135067b36d",
            "image_72": "https:\/\/avatars.slack-edge.com\/2019-10-23\/805254797908_22135067b36dfb715e99_72.jpg",
            "first_name": "",
            "real_name": "Erin McKean",
            "display_name": "Erin McKean",
            "team": "TKFJE6LDR",
            "name": "emckean",
            "is_restricted": false,
            "is_ultra_restricted": false
        },
        "blocks": [
            {
                "type": "rich_text",
                "block_id": "CYMBz",
                "elements": [
                    {
                        "type": "rich_text_section",
                        "elements": [
                            {
                                "type": "text",
                                "text": "(I've done a fair bit of consulting work for professional naming agencies, so that probably colors my opinions somewhat!)"
                            }
                        ]
                    }
                ]
            }
        ]
    },
    {
        "client_msg_id": "5e136365-935c-4e15-b3d8-1ac2a9799d9d",
        "type": "message",
        "text": "For the fake project, let's pick a name which is as easy to understand as possible. Sure, it would be awesome if the project goes viral and becomes a household name, but much more likely is that it is just another term that a student will need to learn while they are being taught something else. Picking a unique name like \"Kubernetes' requires investment (time) in building a brand around that name, and it builds a \"tribe\" of people who are all in the know about what that term means. It introduces a barrier to entry for newbies and risks creating an \"us\" and \"them\" culture. For the same reason, we shouldn't refer to our \"how-to\" and \"tutorial\" templates by invented codenames of \"cat\" and \"dog\".",
        "user": "UKTGLQNGG",
        "ts": "1599864405.051600",
        "team": "TKFJE6LDR",
        "user_team": "TKFJE6LDR",
        "source_team": "TKFJE6LDR",
        "user_profile": {
            "avatar_hash": "d6f4de222bb1",
            "image_72": "https:\/\/avatars.slack-edge.com\/2020-07-20\/1235580478119_d6f4de222bb1ed6b5960_72.jpg",
            "first_name": "Cameron",
            "real_name": "Cameron Shorter",
            "display_name": "cameronshorter",
            "team": "TKFJE6LDR",
            "name": "cameron.shorter",
            "is_restricted": false,
            "is_ultra_restricted": false
        },
        "blocks": [
            {
                "type": "rich_text",
                "block_id": "V5O3",
                "elements": [
                    {
                        "type": "rich_text_section",
                        "elements": [
                            {
                                "type": "text",
                                "text": "For the fake project, let's pick a name which is as easy to understand as possible. Sure, it would be awesome if the project goes viral and becomes a household name, but much more likely is that it is just another term that a student will need to learn while they are being taught something else. Picking a unique name like \"Kubernetes' requires investment (time) in building a brand around that name, and it builds a \"tribe\" of people who are all in the know about what that term means. It introduces a barrier to entry for newbies and risks creating an \"us\" and \"them\" culture. For the same reason, we shouldn't refer to our \"how-to\" and \"tutorial\" templates by invented codenames of \"cat\" and \"dog\"."
                            }
                        ]
                    }
                ]
            }
        ]
    },
    {
        "client_msg_id": "93e66877-48db-469b-b7a4-662038fc9993",
        "type": "message",
        "text": ":thinking_face:  We might have to put this one to a vote. You might be outnumbered <@UKTGLQNGG> :grin:\nI really like it. +1 for `chronologue`",
        "user": "UKV4ZPEFQ",
        "ts": "1599865303.052900",
        "team": "TKFJE6LDR",
        "user_team": "TKFJE6LDR",
        "source_team": "TKFJE6LDR",
        "user_profile": {
            "avatar_hash": "g854c628ef64",
            "image_72": "https:\/\/secure.gravatar.com\/avatar\/6854c628ef64a4c129a994522e17cdf2.jpg?s=72&d=https%3A%2F%2Fa.slack-edge.com%2Fdf10d%2Fimg%2Favatars%2Fava_0007-72.png",
            "first_name": "felicitybrand",
            "real_name": "felicitybrand",
            "display_name": "flicstar",
            "team": "TKFJE6LDR",
            "name": "felicitybrand",
            "is_restricted": false,
            "is_ultra_restricted": false
        },
        "edited": {
            "user": "UKV4ZPEFQ",
            "ts": "1599865317.000000"
        },
        "blocks": [
            {
                "type": "rich_text",
                "block_id": "8WbG",
                "elements": [
                    {
                        "type": "rich_text_section",
                        "elements": [
                            {
                                "type": "emoji",
                                "name": "thinking_face"
                            },
                            {
                                "type": "text",
                                "text": "  We might have to put this one to a vote. You might be outnumbered "
                            },
                            {
                                "type": "user",
                                "user_id": "UKTGLQNGG"
                            },
                            {
                                "type": "text",
                                "text": " "
                            },
                            {
                                "type": "emoji",
                                "name": "grin"
                            },
                            {
                                "type": "text",
                                "text": "\nI really like it. +1 for "
                            },
                            {
                                "type": "text",
                                "text": "chronologue",
                                "style": {
                                    "code": true
                                }
                            }
                        ]
                    }
                ]
            }
        ],
        "thread_ts": "1599865303.052900",
        "reply_count": 1,
        "reply_users_count": 1,
        "latest_reply": "1600666867.000800",
        "reply_users": [
            "UQ553K7DY"
        ],
        "replies": [
            {
                "user": "UQ553K7DY",
                "ts": "1600666867.000800"
            }
        ],
        "subscribed": true,
        "last_read": "1600666867.000800"
    },
    {
        "client_msg_id": "c73f18c6-4d7f-4676-ac66-5c7c3aa967b8",
        "type": "message",
        "text": "I like the name too and have no issue with it. It's kind of like a brand name. Not that we're trying to be a real company here with this fake project, but if I were giving advice on a real product name, I'd think about trademark law and defending a product name in court. In US law, it would be harder to defend \"time machine\" from trademark infringement than \"chronologue\" because \"time machine\" might be deemed \"merely descriptive.\" US trademark laws favor names that are novel or using a known word in an uncommon way. +1 for `chronologue`.",
        "user": "U012KCMPP0V",
        "ts": "1599869888.059200",
        "team": "TKFJE6LDR",
        "user_team": "TKFJE6LDR",
        "source_team": "TKFJE6LDR",
        "user_profile": {
            "avatar_hash": "b26729f0b5f2",
            "image_72": "https:\/\/avatars.slack-edge.com\/2020-04-27\/1089031639347_b26729f0b5f2375494a1_72.png",
            "first_name": "Alyssa",
            "real_name": "Alyssa",
            "display_name": "Alyssa",
            "team": "TKFJE6LDR",
            "name": "alyssa.rock.biz",
            "is_restricted": false,
            "is_ultra_restricted": false
        },
        "blocks": [
            {
                "type": "rich_text",
                "block_id": "bY=EP",
                "elements": [
                    {
                        "type": "rich_text_section",
                        "elements": [
                            {
                                "type": "text",
                                "text": "I like the name too and have no issue with it. It's kind of like a brand name. Not that we're trying to be a real company here with this fake project, but if I were giving advice on a real product name, I'd think about trademark law and defending a product name in court. In US law, it would be harder to defend \"time machine\" from trademark infringement than \"chronologue\" because \"time machine\" might be deemed \"merely descriptive.\" US trademark laws favor names that are novel or using a known word in an uncommon way. +1 for "
                            },
                            {
                                "type": "text",
                                "text": "chronologue",
                                "style": {
                                    "code": true
                                }
                            },
                            {
                                "type": "text",
                                "text": "."
                            }
                        ]
                    }
                ]
            }
        ]
    },
    {
        "client_msg_id": "c7081645-ee19-42a6-9f32-464f5ee8b472",
        "type": "message",
        "text": "I'll be interested to hear what others think. It sounds like I might get out voted on this (and I'm fine with that).",
        "user": "UKTGLQNGG",
        "ts": "1599872759.060300",
        "team": "TKFJE6LDR",
        "user_team": "TKFJE6LDR",
        "source_team": "TKFJE6LDR",
        "user_profile": {
            "avatar_hash": "d6f4de222bb1",
            "image_72": "https:\/\/avatars.slack-edge.com\/2020-07-20\/1235580478119_d6f4de222bb1ed6b5960_72.jpg",
            "first_name": "Cameron",
            "real_name": "Cameron Shorter",
            "display_name": "cameronshorter",
            "team": "TKFJE6LDR",
            "name": "cameron.shorter",
            "is_restricted": false,
            "is_ultra_restricted": false
        },
        "blocks": [
            {
                "type": "rich_text",
                "block_id": "wz\/MQ",
                "elements": [
                    {
                        "type": "rich_text_section",
                        "elements": [
                            {
                                "type": "text",
                                "text": "I'll be interested to hear what others think. It sounds like I might get out voted on this (and I'm fine with that)."
                            }
                        ]
                    }
                ]
            }
        ]
    }
]