[
    {
        "client_msg_id": "8cf3cacc-91c6-489b-a4cf-29db66bd0df9",
        "type": "message",
        "text": "Here's my proposal for our first meeting. Of the people who have responded to the Doodle poll :point_up:, it looks like what works best for everyone is Wednesdays (US)\/Thursdays (AU) during or after our normal US weekly Good Docs meeting time. How do we feel about taking one of the times we would normally do for the US meeting and making it longer and Chronologue focused? I think we might actually get decent participation if we do it during that normal time. Thoughts?",
        "user": "U012KCMPP0V",
        "ts": "1601920558.004500",
        "team": "TKFJE6LDR",
        "user_team": "TKFJE6LDR",
        "source_team": "TKFJE6LDR",
        "user_profile": {
            "avatar_hash": "b26729f0b5f2",
            "image_72": "https:\/\/avatars.slack-edge.com\/2020-04-27\/1089031639347_b26729f0b5f2375494a1_72.png",
            "first_name": "Alyssa",
            "real_name": "Alyssa",
            "display_name": "Alyssa",
            "team": "TKFJE6LDR",
            "name": "alyssa.rock.biz",
            "is_restricted": false,
            "is_ultra_restricted": false
        },
        "edited": {
            "user": "U012KCMPP0V",
            "ts": "1601920598.000000"
        },
        "blocks": [
            {
                "type": "rich_text",
                "block_id": "UxN",
                "elements": [
                    {
                        "type": "rich_text_section",
                        "elements": [
                            {
                                "type": "text",
                                "text": "Here's my proposal for our first meeting. Of the people who have responded to the Doodle poll "
                            },
                            {
                                "type": "emoji",
                                "name": "point_up"
                            },
                            {
                                "type": "text",
                                "text": ", it looks like what works best for everyone is Wednesdays (US)\/Thursdays (AU) during or after our normal US weekly Good Docs meeting time. How do we feel about taking one of the times we would normally do for the US meeting and making it longer and Chronologue focused? I think we might actually get decent participation if we do it during that normal time. Thoughts?"
                            }
                        ]
                    }
                ]
            }
        ],
        "reactions": [
            {
                "name": "+1",
                "users": [
                    "UL2AA1FF1",
                    "UKV4ZPEFQ",
                    "UKTGLQNGG"
                ],
                "count": 3
            }
        ]
    },
    {
        "client_msg_id": "79f9baa6-75b3-46f9-8252-03ee82624bb2",
        "type": "message",
        "text": "i can probably attend if it's after the usual meeting",
        "user": "UQ553K7DY",
        "ts": "1601940385.005200",
        "team": "TKFJE6LDR",
        "user_team": "TKFJE6LDR",
        "source_team": "TKFJE6LDR",
        "user_profile": {
            "avatar_hash": "e0f8604c1079",
            "image_72": "https:\/\/avatars.slack-edge.com\/2020-10-26\/1445509834998_e0f8604c1079f923f3e9_72.png",
            "first_name": "Loquacity",
            "real_name": "Loquacity",
            "display_name": "Loquacity",
            "team": "TKFJE6LDR",
            "name": "slack1",
            "is_restricted": false,
            "is_ultra_restricted": false
        },
        "blocks": [
            {
                "type": "rich_text",
                "block_id": "8d8d7",
                "elements": [
                    {
                        "type": "rich_text_section",
                        "elements": [
                            {
                                "type": "text",
                                "text": "i can probably attend if it's after the usual meeting"
                            }
                        ]
                    }
                ]
            }
        ]
    }
]