[
    {
        "type": "message",
        "subtype": "channel_join",
        "ts": "1600666796.000700",
        "user": "UQ553K7DY",
        "text": "<@UQ553K7DY> has joined the channel"
    },
    {
        "client_msg_id": "d0b2534f-f0df-4c80-aaea-8190e506acf7",
        "type": "message",
        "text": "+1 for chronologue",
        "user": "UQ553K7DY",
        "ts": "1600666867.000800",
        "team": "TKFJE6LDR",
        "user_team": "TKFJE6LDR",
        "source_team": "TKFJE6LDR",
        "user_profile": {
            "avatar_hash": "e0f8604c1079",
            "image_72": "https:\/\/avatars.slack-edge.com\/2020-10-26\/1445509834998_e0f8604c1079f923f3e9_72.png",
            "first_name": "Loquacity",
            "real_name": "Loquacity",
            "display_name": "Loquacity",
            "team": "TKFJE6LDR",
            "name": "slack1",
            "is_restricted": false,
            "is_ultra_restricted": false
        },
        "blocks": [
            {
                "type": "rich_text",
                "block_id": "6Uy",
                "elements": [
                    {
                        "type": "rich_text_section",
                        "elements": [
                            {
                                "type": "text",
                                "text": "+1 for chronologue"
                            }
                        ]
                    }
                ]
            }
        ],
        "thread_ts": "1599865303.052900",
        "parent_user_id": "UKV4ZPEFQ"
    }
]