[
    {
        "type": "message",
        "text": "Had some fun working with Chronologue to mock up a UI.\nI didn't get the orbital adjustment in there, cos I couldn't work out where to put it. I also don't have destination_location :joy:\nAlso, the app doesn't have a name. TimePartnerPro?\nAnyway, it helped me to start working with Chronologue because I'm a visual learner.",
        "files": [
            {
                "id": "F01BRUPU29E",
                "created": 1600673492,
                "timestamp": 1600673492,
                "name": "Chronologue app UI.png",
                "title": "Chronologue app UI.png",
                "mimetype": "image\/png",
                "filetype": "png",
                "pretty_type": "PNG",
                "user": "UKV4ZPEFQ",
                "editable": false,
                "size": 115435,
                "mode": "hosted",
                "is_external": false,
                "external_type": "",
                "is_public": true,
                "public_url_shared": false,
                "display_as_bot": false,
                "username": "",
                "url_private": "https:\/\/files.slack.com\/files-pri\/TKFJE6LDR-F01BRUPU29E\/chronologue_app_ui.png?t=xoxe-661626224467-1569526674690-1562795895158-d39017af3b428bb8f8343c45199c28ef",
                "url_private_download": "https:\/\/files.slack.com\/files-pri\/TKFJE6LDR-F01BRUPU29E\/download\/chronologue_app_ui.png?t=xoxe-661626224467-1569526674690-1562795895158-d39017af3b428bb8f8343c45199c28ef",
                "thumb_64": "https:\/\/files.slack.com\/files-tmb\/TKFJE6LDR-F01BRUPU29E-e71b9fb94b\/chronologue_app_ui_64.png?t=xoxe-661626224467-1569526674690-1562795895158-d39017af3b428bb8f8343c45199c28ef",
                "thumb_80": "https:\/\/files.slack.com\/files-tmb\/TKFJE6LDR-F01BRUPU29E-e71b9fb94b\/chronologue_app_ui_80.png?t=xoxe-661626224467-1569526674690-1562795895158-d39017af3b428bb8f8343c45199c28ef",
                "thumb_360": "https:\/\/files.slack.com\/files-tmb\/TKFJE6LDR-F01BRUPU29E-e71b9fb94b\/chronologue_app_ui_360.png?t=xoxe-661626224467-1569526674690-1562795895158-d39017af3b428bb8f8343c45199c28ef",
                "thumb_360_w": 360,
                "thumb_360_h": 189,
                "thumb_480": "https:\/\/files.slack.com\/files-tmb\/TKFJE6LDR-F01BRUPU29E-e71b9fb94b\/chronologue_app_ui_480.png?t=xoxe-661626224467-1569526674690-1562795895158-d39017af3b428bb8f8343c45199c28ef",
                "thumb_480_w": 480,
                "thumb_480_h": 252,
                "thumb_160": "https:\/\/files.slack.com\/files-tmb\/TKFJE6LDR-F01BRUPU29E-e71b9fb94b\/chronologue_app_ui_160.png?t=xoxe-661626224467-1569526674690-1562795895158-d39017af3b428bb8f8343c45199c28ef",
                "thumb_720": "https:\/\/files.slack.com\/files-tmb\/TKFJE6LDR-F01BRUPU29E-e71b9fb94b\/chronologue_app_ui_720.png?t=xoxe-661626224467-1569526674690-1562795895158-d39017af3b428bb8f8343c45199c28ef",
                "thumb_720_w": 720,
                "thumb_720_h": 378,
                "thumb_800": "https:\/\/files.slack.com\/files-tmb\/TKFJE6LDR-F01BRUPU29E-e71b9fb94b\/chronologue_app_ui_800.png?t=xoxe-661626224467-1569526674690-1562795895158-d39017af3b428bb8f8343c45199c28ef",
                "thumb_800_w": 800,
                "thumb_800_h": 420,
                "thumb_960": "https:\/\/files.slack.com\/files-tmb\/TKFJE6LDR-F01BRUPU29E-e71b9fb94b\/chronologue_app_ui_960.png?t=xoxe-661626224467-1569526674690-1562795895158-d39017af3b428bb8f8343c45199c28ef",
                "thumb_960_w": 960,
                "thumb_960_h": 504,
                "thumb_1024": "https:\/\/files.slack.com\/files-tmb\/TKFJE6LDR-F01BRUPU29E-e71b9fb94b\/chronologue_app_ui_1024.png?t=xoxe-661626224467-1569526674690-1562795895158-d39017af3b428bb8f8343c45199c28ef",
                "thumb_1024_w": 1024,
                "thumb_1024_h": 538,
                "original_w": 1237,
                "original_h": 650,
                "thumb_tiny": "AwAZADCe93eQd2fvDFOit4zEh8tTlQeRTb1WW2OT1YVPCuYI\/wDdFJbDY0W0XeJfypfs0H\/PJfyqQKR3o5B60xFK7hWOEkIindgFfSrMW\/ZGR02io9Q\/49x\/vClQZ8sbsHaP5VMhobeP5lucA8MKWC4RYwrnGAAOD6VND1apKIu6BkX2mL+9+ho+0xf3\/wBDUtFUIo3kqyQbVO47s9DVqJR5SEjnaP5VJRQB\/9k=",
                "permalink": "https:\/\/thegooddocs.slack.com\/files\/UKV4ZPEFQ\/F01BRUPU29E\/chronologue_app_ui.png",
                "permalink_public": "https:\/\/slack-files.com\/TKFJE6LDR-F01BRUPU29E-ef14d3695e",
                "is_starred": false,
                "has_rich_preview": false
            }
        ],
        "upload": false,
        "blocks": [
            {
                "type": "rich_text",
                "block_id": "FumE",
                "elements": [
                    {
                        "type": "rich_text_section",
                        "elements": [
                            {
                                "type": "text",
                                "text": "Had some fun working with Chronologue to mock up a UI.\nI didn't get the orbital adjustment in there, cos I couldn't work out where to put it. I also don't have destination_location "
                            },
                            {
                                "type": "emoji",
                                "name": "joy"
                            },
                            {
                                "type": "text",
                                "text": "\nAlso, the app doesn't have a name. TimePartnerPro?\nAnyway, it helped me to start working with Chronologue because I'm a visual learner."
                            }
                        ]
                    }
                ]
            }
        ],
        "user": "UKV4ZPEFQ",
        "display_as_bot": false,
        "ts": "1600673522.003300",
        "thread_ts": "1600673522.003300",
        "reply_count": 2,
        "reply_users_count": 2,
        "latest_reply": "1600706492.006400",
        "reply_users": [
            "UKV4ZPEFQ",
            "UL2AA1FF1"
        ],
        "replies": [
            {
                "user": "UKV4ZPEFQ",
                "ts": "1600675282.006100"
            },
            {
                "user": "UL2AA1FF1",
                "ts": "1600706492.006400"
            }
        ],
        "subscribed": true,
        "last_read": "1600706492.006400",
        "reactions": [
            {
                "name": "grinning",
                "users": [
                    "U012KCMPP0V"
                ],
                "count": 1
            }
        ]
    },
    {
        "client_msg_id": "88dd96fd-d855-4bcc-8c45-65d95ebdd481",
        "type": "message",
        "text": "Love it. Simple, intuitive. I reckon \"Current local time\" should change to \"Start time\". Because chances are \"the Doc\" is going to accidentally send himself forward to 2051-02-20 and we are going to have to set the dial to bring him back again.",
        "user": "UKTGLQNGG",
        "ts": "1600674119.006000",
        "team": "TKFJE6LDR",
        "user_team": "TKFJE6LDR",
        "source_team": "TKFJE6LDR",
        "user_profile": {
            "avatar_hash": "d6f4de222bb1",
            "image_72": "https:\/\/avatars.slack-edge.com\/2020-07-20\/1235580478119_d6f4de222bb1ed6b5960_72.jpg",
            "first_name": "Cameron",
            "real_name": "Cameron Shorter",
            "display_name": "cameronshorter",
            "team": "TKFJE6LDR",
            "name": "cameron.shorter",
            "is_restricted": false,
            "is_ultra_restricted": false
        },
        "blocks": [
            {
                "type": "rich_text",
                "block_id": "Njek",
                "elements": [
                    {
                        "type": "rich_text_section",
                        "elements": [
                            {
                                "type": "text",
                                "text": "Love it. Simple, intuitive. I reckon \"Current local time\" should change to \"Start time\". Because chances are \"the Doc\" is going to accidentally send himself forward to 2051-02-20 and we are going to have to set the dial to bring him back again."
                            }
                        ]
                    }
                ]
            }
        ]
    },
    {
        "client_msg_id": "440210d0-2e29-4069-808a-6c30eca92db2",
        "type": "message",
        "text": "It would be cool if we could do some mock CLI stuff as well. <https:\/\/www.mockapi.io\/docs|mockAPI> and <https:\/\/designer.mocky.io\/|Mocky> look like they could be useful.",
        "user": "UKV4ZPEFQ",
        "ts": "1600675282.006100",
        "team": "TKFJE6LDR",
        "user_team": "TKFJE6LDR",
        "source_team": "TKFJE6LDR",
        "user_profile": {
            "avatar_hash": "g854c628ef64",
            "image_72": "https:\/\/secure.gravatar.com\/avatar\/6854c628ef64a4c129a994522e17cdf2.jpg?s=72&d=https%3A%2F%2Fa.slack-edge.com%2Fdf10d%2Fimg%2Favatars%2Fava_0007-72.png",
            "first_name": "felicitybrand",
            "real_name": "felicitybrand",
            "display_name": "flicstar",
            "team": "TKFJE6LDR",
            "name": "felicitybrand",
            "is_restricted": false,
            "is_ultra_restricted": false
        },
        "attachments": [
            {
                "title": "mockAPI",
                "title_link": "https:\/\/www.mockapi.io\/docs",
                "text": "MockAPI is a simple tool that lets you easily mock up APIs, generate custom data, and preform operations on it using RESTful interface. MockAPI is meant to be used as a prototyping\/testing\/learning tool.",
                "fallback": "mockAPI",
                "from_url": "https:\/\/www.mockapi.io\/docs",
                "service_icon": "https:\/\/www.mockapi.io\/favicon.ico",
                "service_name": "mockapi.io",
                "id": 1,
                "original_url": "https:\/\/www.mockapi.io\/docs"
            },
            {
                "title": "Mocky: The world easiest &amp; fastest tool to mock your APIs",
                "title_link": "https:\/\/designer.mocky.io\/",
                "text": "Don't wait for the backend to be ready, generate custom API responses with Mocky and start working on your application straightaway",
                "fallback": "Mocky: The world easiest &amp; fastest tool to mock your APIs",
                "image_url": "https:\/\/designer.mocky.io\/assets\/mocky-social-twitter-final.png",
                "from_url": "https:\/\/designer.mocky.io\/",
                "image_width": 500,
                "image_height": 250,
                "image_bytes": 221199,
                "service_icon": "https:\/\/designer.mocky.io\/favicon.png",
                "service_name": "designer.mocky.io",
                "id": 2,
                "original_url": "https:\/\/designer.mocky.io\/"
            }
        ],
        "blocks": [
            {
                "type": "rich_text",
                "block_id": "dlx",
                "elements": [
                    {
                        "type": "rich_text_section",
                        "elements": [
                            {
                                "type": "text",
                                "text": "It would be cool if we could do some mock CLI stuff as well. "
                            },
                            {
                                "type": "link",
                                "url": "https:\/\/www.mockapi.io\/docs",
                                "text": "mockAPI"
                            },
                            {
                                "type": "text",
                                "text": " and "
                            },
                            {
                                "type": "link",
                                "url": "https:\/\/designer.mocky.io\/",
                                "text": "Mocky"
                            },
                            {
                                "type": "text",
                                "text": " look like they could be useful."
                            }
                        ]
                    }
                ]
            }
        ],
        "thread_ts": "1600673522.003300",
        "parent_user_id": "UKV4ZPEFQ"
    },
    {
        "client_msg_id": "12dbd90b-265e-42de-9d86-56624e018f6e",
        "type": "message",
        "text": "oh awesome! I love writing APIs :slightly_smiling_face:",
        "user": "UL2AA1FF1",
        "ts": "1600706492.006400",
        "team": "TKFJE6LDR",
        "user_team": "TKFJE6LDR",
        "source_team": "TKFJE6LDR",
        "user_profile": {
            "avatar_hash": "22135067b36d",
            "image_72": "https:\/\/avatars.slack-edge.com\/2019-10-23\/805254797908_22135067b36dfb715e99_72.jpg",
            "first_name": "",
            "real_name": "Erin McKean",
            "display_name": "Erin McKean",
            "team": "TKFJE6LDR",
            "name": "emckean",
            "is_restricted": false,
            "is_ultra_restricted": false
        },
        "blocks": [
            {
                "type": "rich_text",
                "block_id": "GCVO7",
                "elements": [
                    {
                        "type": "rich_text_section",
                        "elements": [
                            {
                                "type": "text",
                                "text": "oh awesome! I love writing APIs "
                            },
                            {
                                "type": "emoji",
                                "name": "slightly_smiling_face"
                            }
                        ]
                    }
                ]
            }
        ],
        "thread_ts": "1600673522.003300",
        "parent_user_id": "UKV4ZPEFQ"
    }
]