[
    {
        "type": "message",
        "subtype": "channel_join",
        "ts": "1593637986.000200",
        "user": "UL2AA1FF1",
        "text": "<@UL2AA1FF1> has joined the channel"
    },
    {
        "type": "message",
        "subtype": "channel_purpose",
        "ts": "1593637986.000300",
        "user": "UL2AA1FF1",
        "text": "<@UL2AA1FF1> set the channel purpose: time travel",
        "purpose": "time travel"
    },
    {
        "type": "message",
        "subtype": "channel_join",
        "ts": "1593637993.000500",
        "user": "U012KCMPP0V",
        "text": "<@U012KCMPP0V> has joined the channel",
        "inviter": "UL2AA1FF1"
    },
    {
        "type": "message",
        "subtype": "channel_join",
        "ts": "1593638276.000700",
        "user": "U015GARCR8X",
        "text": "<@U015GARCR8X> has joined the channel",
        "inviter": "U012KCMPP0V"
    },
    {
        "client_msg_id": "182db2cf-2a2e-47ea-9d0a-8055b1aca773",
        "type": "message",
        "text": "So excited we have a channel to discuss the fictional chronologue project! I was thinking that this is actually the next logical step after you've created a template: build your example of your template in the Chronologue. But before we can get to that point, I figure we have a few big heavy lifts:\n• A fleshed out description of the project that Good Docs contributors can read to get a sense of what the Chronologue is.\n• Start building out the repo with the back-end technology (such as a static site generator and a theme) for the core docs and doc set.\n• Other tasks? Possibly setting up a working group for this project?\nRegarding the second bullet point, if <@U015GARCR8X> is free down the road (he's on vacation right now), he might be able to help with the initial setup of the documentation. He's well-versed in setting up Sphinx projects that use the Material theme if we'd want to do that. And then we could also make the initial set-up available as a bootstrap that other developers who want to add their initial documentation to their project. I figure just getting the initial doc set set up out of the box is one of the biggest hurdles to having quality docs on a project anyhow. So maybe that could help as a sister project for the Good Docs---helping with the initial doc setup?",
        "user": "U012KCMPP0V",
        "ts": "1593640758.008400",
        "team": "TKFJE6LDR",
        "user_team": "TKFJE6LDR",
        "source_team": "TKFJE6LDR",
        "user_profile": {
            "avatar_hash": "b26729f0b5f2",
            "image_72": "https:\/\/avatars.slack-edge.com\/2020-04-27\/1089031639347_b26729f0b5f2375494a1_72.png",
            "first_name": "Alyssa",
            "real_name": "Alyssa",
            "display_name": "Alyssa",
            "team": "TKFJE6LDR",
            "name": "alyssa.rock.biz",
            "is_restricted": false,
            "is_ultra_restricted": false
        },
        "edited": {
            "user": "U012KCMPP0V",
            "ts": "1593640818.000000"
        },
        "blocks": [
            {
                "type": "rich_text",
                "block_id": "un1+",
                "elements": [
                    {
                        "type": "rich_text_section",
                        "elements": [
                            {
                                "type": "text",
                                "text": "So excited we have a channel to discuss the fictional chronologue project! I was thinking that this is actually the next logical step after you've created a template: build your example of your template in the Chronologue. But before we can get to that point, I figure we have a few big heavy lifts:\n"
                            }
                        ]
                    },
                    {
                        "type": "rich_text_list",
                        "elements": [
                            {
                                "type": "rich_text_section",
                                "elements": [
                                    {
                                        "type": "text",
                                        "text": "A fleshed out description of the project that Good Docs contributors can read to get a sense of what the Chronologue is."
                                    }
                                ]
                            },
                            {
                                "type": "rich_text_section",
                                "elements": [
                                    {
                                        "type": "text",
                                        "text": "Start building out the repo with the back-end technology (such as a static site generator and a theme) for the core docs and doc set."
                                    }
                                ]
                            },
                            {
                                "type": "rich_text_section",
                                "elements": [
                                    {
                                        "type": "text",
                                        "text": "Other tasks? Possibly setting up a working group for this project?"
                                    }
                                ]
                            }
                        ],
                        "style": "bullet",
                        "indent": 0
                    },
                    {
                        "type": "rich_text_section",
                        "elements": [
                            {
                                "type": "text",
                                "text": "\nRegarding the second bullet point, if "
                            },
                            {
                                "type": "user",
                                "user_id": "U015GARCR8X"
                            },
                            {
                                "type": "text",
                                "text": " is free down the road (he's on vacation right now), he might be able to help with the initial setup of the documentation. He's well-versed in setting up Sphinx projects that use the Material theme if we'd want to do that. And then we could also make the initial set-up available as a bootstrap that other developers who want to add their initial documentation to their project. I figure just getting the initial doc set set up out of the box is one of the biggest hurdles to having quality docs on a project anyhow. So maybe that could help as a sister project for the Good Docs---helping with the initial doc setup?"
                            }
                        ]
                    }
                ]
            }
        ]
    },
    {
        "client_msg_id": "446ccd63-8d3f-4ff0-9847-b691448d76f0",
        "type": "message",
        "text": "oh cool!",
        "user": "UL2AA1FF1",
        "ts": "1593641009.008700",
        "team": "TKFJE6LDR",
        "user_team": "TKFJE6LDR",
        "source_team": "TKFJE6LDR",
        "user_profile": {
            "avatar_hash": "22135067b36d",
            "image_72": "https:\/\/avatars.slack-edge.com\/2019-10-23\/805254797908_22135067b36dfb715e99_72.jpg",
            "first_name": "",
            "real_name": "Erin McKean",
            "display_name": "Erin McKean",
            "team": "TKFJE6LDR",
            "name": "emckean",
            "is_restricted": false,
            "is_ultra_restricted": false
        },
        "blocks": [
            {
                "type": "rich_text",
                "block_id": "jacq",
                "elements": [
                    {
                        "type": "rich_text_section",
                        "elements": [
                            {
                                "type": "text",
                                "text": "oh cool!"
                            }
                        ]
                    }
                ]
            }
        ]
    },
    {
        "client_msg_id": "aa6ed72e-0d0c-48a8-99ad-865795c1c1cd",
        "type": "message",
        "text": "I was hoping to do a Docsy site for this",
        "user": "UL2AA1FF1",
        "ts": "1593641015.008900",
        "team": "TKFJE6LDR",
        "user_team": "TKFJE6LDR",
        "source_team": "TKFJE6LDR",
        "user_profile": {
            "avatar_hash": "22135067b36d",
            "image_72": "https:\/\/avatars.slack-edge.com\/2019-10-23\/805254797908_22135067b36dfb715e99_72.jpg",
            "first_name": "",
            "real_name": "Erin McKean",
            "display_name": "Erin McKean",
            "team": "TKFJE6LDR",
            "name": "emckean",
            "is_restricted": false,
            "is_ultra_restricted": false
        },
        "blocks": [
            {
                "type": "rich_text",
                "block_id": "2Qav",
                "elements": [
                    {
                        "type": "rich_text_section",
                        "elements": [
                            {
                                "type": "text",
                                "text": "I was hoping to do a Docsy site for this"
                            }
                        ]
                    }
                ]
            }
        ]
    },
    {
        "client_msg_id": "58294cc4-117f-412e-bb25-2a1627b50fb1",
        "type": "message",
        "text": "mostly because I also shill for Docsy as part of my Google work",
        "user": "UL2AA1FF1",
        "ts": "1593641027.009200",
        "team": "TKFJE6LDR",
        "user_team": "TKFJE6LDR",
        "source_team": "TKFJE6LDR",
        "user_profile": {
            "avatar_hash": "22135067b36d",
            "image_72": "https:\/\/avatars.slack-edge.com\/2019-10-23\/805254797908_22135067b36dfb715e99_72.jpg",
            "first_name": "",
            "real_name": "Erin McKean",
            "display_name": "Erin McKean",
            "team": "TKFJE6LDR",
            "name": "emckean",
            "is_restricted": false,
            "is_ultra_restricted": false
        },
        "blocks": [
            {
                "type": "rich_text",
                "block_id": "DC\/Y",
                "elements": [
                    {
                        "type": "rich_text_section",
                        "elements": [
                            {
                                "type": "text",
                                "text": "mostly because I also shill for Docsy as part of my Google work"
                            }
                        ]
                    }
                ]
            }
        ]
    },
    {
        "client_msg_id": "1262f04b-e933-416c-b285-538cd6800ee0",
        "type": "message",
        "text": "but we can have multiple sites to show the templates in use in different formats! that's a feature, not a bug :slightly_smiling_face:",
        "user": "UL2AA1FF1",
        "ts": "1593641045.009700",
        "team": "TKFJE6LDR",
        "user_team": "TKFJE6LDR",
        "source_team": "TKFJE6LDR",
        "user_profile": {
            "avatar_hash": "22135067b36d",
            "image_72": "https:\/\/avatars.slack-edge.com\/2019-10-23\/805254797908_22135067b36dfb715e99_72.jpg",
            "first_name": "",
            "real_name": "Erin McKean",
            "display_name": "Erin McKean",
            "team": "TKFJE6LDR",
            "name": "emckean",
            "is_restricted": false,
            "is_ultra_restricted": false
        },
        "blocks": [
            {
                "type": "rich_text",
                "block_id": "ThP",
                "elements": [
                    {
                        "type": "rich_text_section",
                        "elements": [
                            {
                                "type": "text",
                                "text": "but we can have multiple sites to show the templates in use in different formats! that's a feature, not a bug "
                            },
                            {
                                "type": "emoji",
                                "name": "slightly_smiling_face"
                            }
                        ]
                    }
                ]
            }
        ]
    },
    {
        "client_msg_id": "d1ecd815-62a4-4f7d-b7fb-cb4ec034e365",
        "type": "message",
        "text": "(docsy is a documentation-type theme for Hugo static sites)",
        "user": "UL2AA1FF1",
        "ts": "1593641070.010100",
        "team": "TKFJE6LDR",
        "user_team": "TKFJE6LDR",
        "source_team": "TKFJE6LDR",
        "user_profile": {
            "avatar_hash": "22135067b36d",
            "image_72": "https:\/\/avatars.slack-edge.com\/2019-10-23\/805254797908_22135067b36dfb715e99_72.jpg",
            "first_name": "",
            "real_name": "Erin McKean",
            "display_name": "Erin McKean",
            "team": "TKFJE6LDR",
            "name": "emckean",
            "is_restricted": false,
            "is_ultra_restricted": false
        },
        "blocks": [
            {
                "type": "rich_text",
                "block_id": "O9zVI",
                "elements": [
                    {
                        "type": "rich_text_section",
                        "elements": [
                            {
                                "type": "text",
                                "text": "(docsy is a documentation-type theme for Hugo static sites)"
                            }
                        ]
                    }
                ]
            }
        ]
    }
]