[
    {
        "client_msg_id": "e0579974-b1f1-41f3-9bd3-5fa33d17bb79",
        "type": "message",
        "text": "Sorry for being MIA during the holiday a bit, but Docsy sounds great!",
        "user": "U012KCMPP0V",
        "ts": "1594048872.000500",
        "team": "TKFJE6LDR",
        "user_team": "TKFJE6LDR",
        "source_team": "TKFJE6LDR",
        "user_profile": {
            "avatar_hash": "b26729f0b5f2",
            "image_72": "https:\/\/avatars.slack-edge.com\/2020-04-27\/1089031639347_b26729f0b5f2375494a1_72.png",
            "first_name": "Alyssa",
            "real_name": "Alyssa",
            "display_name": "Alyssa",
            "team": "TKFJE6LDR",
            "name": "alyssa.rock.biz",
            "is_restricted": false,
            "is_ultra_restricted": false
        },
        "edited": {
            "user": "U012KCMPP0V",
            "ts": "1594048878.000000"
        },
        "blocks": [
            {
                "type": "rich_text",
                "block_id": "druv",
                "elements": [
                    {
                        "type": "rich_text_section",
                        "elements": [
                            {
                                "type": "text",
                                "text": "Sorry for being MIA during the holiday a bit, but Docsy sounds great!"
                            }
                        ]
                    }
                ]
            }
        ]
    },
    {
        "client_msg_id": "fe57a6dc-f9f8-43b5-858c-ca58f963dc8c",
        "type": "message",
        "text": "I was thinking more about this, and there's absolutely NO reason why we shouldn't pour the Chronologue examples into more than one flavor of website!",
        "user": "UL2AA1FF1",
        "ts": "1594052908.001300",
        "team": "TKFJE6LDR",
        "user_team": "TKFJE6LDR",
        "source_team": "TKFJE6LDR",
        "user_profile": {
            "avatar_hash": "22135067b36d",
            "image_72": "https:\/\/avatars.slack-edge.com\/2019-10-23\/805254797908_22135067b36dfb715e99_72.jpg",
            "first_name": "",
            "real_name": "Erin McKean",
            "display_name": "Erin McKean",
            "team": "TKFJE6LDR",
            "name": "emckean",
            "is_restricted": false,
            "is_ultra_restricted": false
        },
        "blocks": [
            {
                "type": "rich_text",
                "block_id": "rcYi",
                "elements": [
                    {
                        "type": "rich_text_section",
                        "elements": [
                            {
                                "type": "text",
                                "text": "I was thinking more about this, and there's absolutely NO reason why we shouldn't pour the Chronologue examples into more than one flavor of website!"
                            }
                        ]
                    }
                ]
            }
        ]
    },
    {
        "client_msg_id": "d75cc23a-ec1e-49dc-b92a-a379d40cf3bf",
        "type": "message",
        "text": "we can subdomain them (eg docsy.chronologue.dev, sphinx.chronologue.dev) and it would be even more helpful because then people would see the templates in their preferred framework",
        "user": "UL2AA1FF1",
        "ts": "1594052940.002000",
        "team": "TKFJE6LDR",
        "user_team": "TKFJE6LDR",
        "source_team": "TKFJE6LDR",
        "user_profile": {
            "avatar_hash": "22135067b36d",
            "image_72": "https:\/\/avatars.slack-edge.com\/2019-10-23\/805254797908_22135067b36dfb715e99_72.jpg",
            "first_name": "",
            "real_name": "Erin McKean",
            "display_name": "Erin McKean",
            "team": "TKFJE6LDR",
            "name": "emckean",
            "is_restricted": false,
            "is_ultra_restricted": false
        },
        "blocks": [
            {
                "type": "rich_text",
                "block_id": "HbS",
                "elements": [
                    {
                        "type": "rich_text_section",
                        "elements": [
                            {
                                "type": "text",
                                "text": "we can subdomain them (eg docsy.chronologue.dev, sphinx.chronologue.dev) and it would be even more helpful because then people would see the templates in their preferred framework"
                            }
                        ]
                    }
                ]
            }
        ],
        "reactions": [
            {
                "name": "+1",
                "users": [
                    "U015GARCR8X"
                ],
                "count": 1
            }
        ]
    },
    {
        "client_msg_id": "e68ff092-8738-4fe6-8eaa-d1f577e2b101",
        "type": "message",
        "text": "Good point! I think it could be handy to port the content to a variety of doc tools. For example, if you're a Python-based tool, you'll likely want to go with Sphinx, but if you're Javascript, you might want Vuepress, etc. etc. Providing the core content in different formats could be useful in demonstrating how to bootstrap your core documentation set, for example. Getting over the initial barrier of \"which doc tool should my project use\" would be huge",
        "user": "U012KCMPP0V",
        "ts": "1594069634.004500",
        "team": "TKFJE6LDR",
        "user_team": "TKFJE6LDR",
        "source_team": "TKFJE6LDR",
        "user_profile": {
            "avatar_hash": "b26729f0b5f2",
            "image_72": "https:\/\/avatars.slack-edge.com\/2020-04-27\/1089031639347_b26729f0b5f2375494a1_72.png",
            "first_name": "Alyssa",
            "real_name": "Alyssa",
            "display_name": "Alyssa",
            "team": "TKFJE6LDR",
            "name": "alyssa.rock.biz",
            "is_restricted": false,
            "is_ultra_restricted": false
        },
        "edited": {
            "user": "U012KCMPP0V",
            "ts": "1594069657.000000"
        },
        "blocks": [
            {
                "type": "rich_text",
                "block_id": "C\/Wx9",
                "elements": [
                    {
                        "type": "rich_text_section",
                        "elements": [
                            {
                                "type": "text",
                                "text": "Good point! I think it could be handy to port the content to a variety of doc tools. For example, if you're a Python-based tool, you'll likely want to go with Sphinx, but if you're Javascript, you might want Vuepress, etc. etc. Providing the core content in different formats could be useful in demonstrating how to bootstrap your core documentation set, for example. Getting over the initial barrier of \"which doc tool should my project use\" would be huge"
                            }
                        ]
                    }
                ]
            }
        ],
        "reactions": [
            {
                "name": "+1",
                "users": [
                    "UL2AA1FF1",
                    "U015GARCR8X"
                ],
                "count": 2
            }
        ]
    },
    {
        "client_msg_id": "1f97d237-420f-4d70-9a55-b4bf1c707cbd",
        "type": "message",
        "text": "also it will save us arguing :slightly_smiling_face:",
        "user": "UL2AA1FF1",
        "ts": "1594077355.004900",
        "team": "TKFJE6LDR",
        "user_team": "TKFJE6LDR",
        "source_team": "TKFJE6LDR",
        "user_profile": {
            "avatar_hash": "22135067b36d",
            "image_72": "https:\/\/avatars.slack-edge.com\/2019-10-23\/805254797908_22135067b36dfb715e99_72.jpg",
            "first_name": "",
            "real_name": "Erin McKean",
            "display_name": "Erin McKean",
            "team": "TKFJE6LDR",
            "name": "emckean",
            "is_restricted": false,
            "is_ultra_restricted": false
        },
        "blocks": [
            {
                "type": "rich_text",
                "block_id": "EHO",
                "elements": [
                    {
                        "type": "rich_text_section",
                        "elements": [
                            {
                                "type": "text",
                                "text": "also it will save us arguing "
                            },
                            {
                                "type": "emoji",
                                "name": "slightly_smiling_face"
                            }
                        ]
                    }
                ]
            }
        ]
    },
    {
        "client_msg_id": "cedbf5a3-b0f6-4474-85c8-4d5b0382dba2",
        "type": "message",
        "text": "\"don't like the tool we picked? feel free to copy, convert, and publish!\"",
        "user": "UL2AA1FF1",
        "ts": "1594077383.005500",
        "team": "TKFJE6LDR",
        "user_team": "TKFJE6LDR",
        "source_team": "TKFJE6LDR",
        "user_profile": {
            "avatar_hash": "22135067b36d",
            "image_72": "https:\/\/avatars.slack-edge.com\/2019-10-23\/805254797908_22135067b36dfb715e99_72.jpg",
            "first_name": "",
            "real_name": "Erin McKean",
            "display_name": "Erin McKean",
            "team": "TKFJE6LDR",
            "name": "emckean",
            "is_restricted": false,
            "is_ultra_restricted": false
        },
        "blocks": [
            {
                "type": "rich_text",
                "block_id": "jEl",
                "elements": [
                    {
                        "type": "rich_text_section",
                        "elements": [
                            {
                                "type": "text",
                                "text": "\"don't like the tool we picked? feel free to copy, convert, and publish!\""
                            }
                        ]
                    }
                ]
            }
        ]
    },
    {
        "client_msg_id": "a61c461e-db8a-4011-99ea-4d7321f3f9c4",
        "type": "message",
        "text": "and we can make clone-able repos for each",
        "user": "UL2AA1FF1",
        "ts": "1594077402.005800",
        "team": "TKFJE6LDR",
        "user_team": "TKFJE6LDR",
        "source_team": "TKFJE6LDR",
        "user_profile": {
            "avatar_hash": "22135067b36d",
            "image_72": "https:\/\/avatars.slack-edge.com\/2019-10-23\/805254797908_22135067b36dfb715e99_72.jpg",
            "first_name": "",
            "real_name": "Erin McKean",
            "display_name": "Erin McKean",
            "team": "TKFJE6LDR",
            "name": "emckean",
            "is_restricted": false,
            "is_ultra_restricted": false
        },
        "blocks": [
            {
                "type": "rich_text",
                "block_id": "sI4",
                "elements": [
                    {
                        "type": "rich_text_section",
                        "elements": [
                            {
                                "type": "text",
                                "text": "and we can make clone-able repos for each"
                            }
                        ]
                    }
                ]
            }
        ],
        "reactions": [
            {
                "name": "heavy_plus_sign",
                "users": [
                    "U012KCMPP0V",
                    "U015GARCR8X"
                ],
                "count": 2
            }
        ]
    }
]