[
    {
        "client_msg_id": "7c2bbb34-afa1-4b5b-8813-015f0a0a5f32",
        "type": "message",
        "text": "oh, thank you! it's mostly in my head, but that's not to say the version in my head is the best version :joy:",
        "user": "UL2AA1FF1",
        "ts": "1595866267.022300",
        "team": "TKFJE6LDR",
        "user_team": "TKFJE6LDR",
        "source_team": "TKFJE6LDR",
        "user_profile": {
            "avatar_hash": "22135067b36d",
            "image_72": "https:\/\/avatars.slack-edge.com\/2019-10-23\/805254797908_22135067b36dfb715e99_72.jpg",
            "first_name": "",
            "real_name": "Erin McKean",
            "display_name": "Erin McKean",
            "team": "TKFJE6LDR",
            "name": "emckean",
            "is_restricted": false,
            "is_ultra_restricted": false
        },
        "blocks": [
            {
                "type": "rich_text",
                "block_id": "jiEyQ",
                "elements": [
                    {
                        "type": "rich_text_section",
                        "elements": [
                            {
                                "type": "text",
                                "text": "oh, thank you! it's mostly in my head, but that's not to say the version in my head is the best version "
                            },
                            {
                                "type": "emoji",
                                "name": "joy"
                            }
                        ]
                    }
                ]
            }
        ]
    },
    {
        "client_msg_id": "67b0ba62-1aaa-4ec7-a0ab-88db4f85f8bf",
        "type": "message",
        "text": "basically, it's just \"this template, but time travel\" so we have examples for the templates as they appear :slightly_smiling_face:",
        "user": "UL2AA1FF1",
        "ts": "1595866293.022900",
        "team": "TKFJE6LDR",
        "user_team": "TKFJE6LDR",
        "source_team": "TKFJE6LDR",
        "user_profile": {
            "avatar_hash": "22135067b36d",
            "image_72": "https:\/\/avatars.slack-edge.com\/2019-10-23\/805254797908_22135067b36dfb715e99_72.jpg",
            "first_name": "",
            "real_name": "Erin McKean",
            "display_name": "Erin McKean",
            "team": "TKFJE6LDR",
            "name": "emckean",
            "is_restricted": false,
            "is_ultra_restricted": false
        },
        "blocks": [
            {
                "type": "rich_text",
                "block_id": "6tm",
                "elements": [
                    {
                        "type": "rich_text_section",
                        "elements": [
                            {
                                "type": "text",
                                "text": "basically, it's just \"this template, but time travel\" so we have examples for the templates as they appear "
                            },
                            {
                                "type": "emoji",
                                "name": "slightly_smiling_face"
                            }
                        ]
                    }
                ]
            }
        ]
    }
]