[
    {
        "client_msg_id": "95e7d30f-6ff9-4ba6-b078-2bd72021455c",
        "type": "message",
        "text": "This weekend, as I was thinking about SSGs, I was thinking of the themes and generators:\n• Docsy: Hugo example\n• JustTheDocs: Jekyll example\n• Sphinx Material Theme: Sphinx example\nIt led to thinking about how to generate example sites, and whether that could be further automated in a way that would be helpful to people working with different SSGs.\n\nI was thinking about how these tools generally have an *init* type tool built-in (Sphinx has `sphinx-quickstart` ) or *new* cli command (Hugo has `hugo new &lt;path&gt;\/file.md`), and how they assist in setting up the project layout, seed files, etc.\n\nIt would be interesting if there was a cli tool that was helpful in bootstrapping\/seeding specific templates. Something like:\n```# Using 'tgd-outliner' as example name for cli tool\ntgd-outliner --help # TGD Project info, args\ntgd-outliner tutorial --help # Show contents of the templates\/tutorial\/about-tutorial.md file\ntgd-outliner update # Pull down latest release of templates, or master branch, or?\n\n# Output simple file types, would be a great start\ntgd-outliner api-quickstart --output md\ntgd-outliner how-to --output rst```\nSomething like this could eventually be expanded for SSG-specific output:\n```# Potentially have an output that makes use of SSG particularities?\n\n## Hugo\n### Which has 'hugo new content\/docs-template.md' for example\n### Special content like: author,categories,tags,date,description,etc.\ntgd-outliner how-to --format hugo --output rst\n\n## Jekyll\n### <https:\/\/jekyllrb.com\/docs\/posts\/>\n### Special content like: layout,title,header,last_modified_at,etc.\ntgd-outliner tutorial --format jekyll --output md\n\n## <http:\/\/Dev.to|Dev.to>\n### Blogging platform that uses Markdown\n### Special front matter like: title,published,tags,canonical_url,etc.\ntgd-outliner tutorial --format devto```\n",
        "user": "U015GARCR8X",
        "ts": "1595820886.018200",
        "team": "TKFJE6LDR",
        "user_team": "TKFJE6LDR",
        "source_team": "TKFJE6LDR",
        "user_profile": {
            "avatar_hash": "37a234435192",
            "image_72": "https:\/\/avatars.slack-edge.com\/2020-08-06\/1283467109749_37a23443519259ddd5ca_72.png",
            "first_name": "Derek",
            "real_name": "Derek Ardolf",
            "display_name": "ScriptAutomate",
            "team": "TKFJE6LDR",
            "name": "derek",
            "is_restricted": false,
            "is_ultra_restricted": false
        },
        "blocks": [
            {
                "type": "rich_text",
                "block_id": "o8mbL",
                "elements": [
                    {
                        "type": "rich_text_section",
                        "elements": [
                            {
                                "type": "text",
                                "text": "This weekend, as I was thinking about SSGs, I was thinking of the themes and generators:\n"
                            }
                        ]
                    },
                    {
                        "type": "rich_text_list",
                        "elements": [
                            {
                                "type": "rich_text_section",
                                "elements": [
                                    {
                                        "type": "text",
                                        "text": "Docsy: Hugo example"
                                    }
                                ]
                            },
                            {
                                "type": "rich_text_section",
                                "elements": [
                                    {
                                        "type": "text",
                                        "text": "JustTheDocs: Jekyll example"
                                    }
                                ]
                            },
                            {
                                "type": "rich_text_section",
                                "elements": [
                                    {
                                        "type": "text",
                                        "text": "Sphinx Material Theme: Sphinx example"
                                    }
                                ]
                            }
                        ],
                        "style": "bullet",
                        "indent": 0
                    },
                    {
                        "type": "rich_text_section",
                        "elements": [
                            {
                                "type": "text",
                                "text": "\nIt led to thinking about how to generate example sites, and whether that could be further automated in a way that would be helpful to people working with different SSGs.\n\nI was thinking about how these tools generally have an "
                            },
                            {
                                "type": "text",
                                "text": "init",
                                "style": {
                                    "bold": true
                                }
                            },
                            {
                                "type": "text",
                                "text": " type tool built-in (Sphinx has "
                            },
                            {
                                "type": "text",
                                "text": "sphinx-quickstart",
                                "style": {
                                    "code": true
                                }
                            },
                            {
                                "type": "text",
                                "text": " ) or "
                            },
                            {
                                "type": "text",
                                "text": "new",
                                "style": {
                                    "bold": true
                                }
                            },
                            {
                                "type": "text",
                                "text": " cli command (Hugo has "
                            },
                            {
                                "type": "text",
                                "text": "hugo new <path>\/file.md",
                                "style": {
                                    "code": true
                                }
                            },
                            {
                                "type": "text",
                                "text": "), and how they assist in setting up the project layout, seed files, etc.\n\nIt would be interesting if there was a cli tool that was helpful in bootstrapping\/seeding specific templates. Something like:\n"
                            }
                        ]
                    },
                    {
                        "type": "rich_text_preformatted",
                        "elements": [
                            {
                                "type": "text",
                                "text": "# Using 'tgd-outliner' as example name for cli tool\ntgd-outliner --help # TGD Project info, args\ntgd-outliner tutorial --help # Show contents of the templates\/tutorial\/about-tutorial.md file\ntgd-outliner update # Pull down latest release of templates, or master branch, or?\n\n# Output simple file types, would be a great start\ntgd-outliner api-quickstart --output md\ntgd-outliner how-to --output rst"
                            }
                        ]
                    },
                    {
                        "type": "rich_text_section",
                        "elements": [
                            {
                                "type": "text",
                                "text": "Something like this could eventually be expanded for SSG-specific output:\n"
                            }
                        ]
                    },
                    {
                        "type": "rich_text_preformatted",
                        "elements": [
                            {
                                "type": "text",
                                "text": "# Potentially have an output that makes use of SSG particularities?\n\n## Hugo\n### Which has 'hugo new content\/docs-template.md' for example\n### Special content like: author,categories,tags,date,description,etc.\ntgd-outliner how-to --format hugo --output rst\n\n## Jekyll\n### "
                            },
                            {
                                "type": "link",
                                "url": "https:\/\/jekyllrb.com\/docs\/posts\/"
                            },
                            {
                                "type": "text",
                                "text": "\n### Special content like: layout,title,header,last_modified_at,etc.\ntgd-outliner tutorial --format jekyll --output md\n\n## Dev.to\n### Blogging platform that uses Markdown\n### Special front matter like: title,published,tags,canonical_url,etc.\ntgd-outliner tutorial --format devto"
                            }
                        ]
                    },
                    {
                        "type": "rich_text_section",
                        "elements": []
                    }
                ]
            }
        ]
    },
    {
        "client_msg_id": "39111fd4-ad02-4d99-b13c-6c7d78f1b88e",
        "type": "message",
        "text": "I just wanted to log this here so it is somewhere. Could belong in a different channel, perhaps <#CQT6T04CW|general> actually",
        "user": "U015GARCR8X",
        "ts": "1595820921.018900",
        "team": "TKFJE6LDR",
        "user_team": "TKFJE6LDR",
        "source_team": "TKFJE6LDR",
        "user_profile": {
            "avatar_hash": "37a234435192",
            "image_72": "https:\/\/avatars.slack-edge.com\/2020-08-06\/1283467109749_37a23443519259ddd5ca_72.png",
            "first_name": "Derek",
            "real_name": "Derek Ardolf",
            "display_name": "ScriptAutomate",
            "team": "TKFJE6LDR",
            "name": "derek",
            "is_restricted": false,
            "is_ultra_restricted": false
        },
        "blocks": [
            {
                "type": "rich_text",
                "block_id": "kRQxt",
                "elements": [
                    {
                        "type": "rich_text_section",
                        "elements": [
                            {
                                "type": "text",
                                "text": "I just wanted to log this here so it is somewhere. Could belong in a different channel, perhaps "
                            },
                            {
                                "type": "channel",
                                "channel_id": "CQT6T04CW"
                            },
                            {
                                "type": "text",
                                "text": " actually"
                            }
                        ]
                    }
                ]
            }
        ]
    },
    {
        "type": "message",
        "subtype": "channel_join",
        "ts": "1595821599.019100",
        "user": "UKV4ZPEFQ",
        "text": "<@UKV4ZPEFQ> has joined the channel"
    },
    {
        "client_msg_id": "8270b97b-eea7-4d9b-b13d-f830b439c2f8",
        "type": "message",
        "text": "Hey <@UL2AA1FF1> is the chronologue project in your head and you need to get it out, or is it already out somewhere and we need to convert it or manipulate it or something?\nIf there is any <https:\/\/www.investopedia.com\/terms\/g\/grunt-work.asp|grunt work> that I can do in the background to get this where it needs to be, I'm happy to do it.",
        "user": "UKV4ZPEFQ",
        "ts": "1595821997.021600",
        "team": "TKFJE6LDR",
        "user_team": "TKFJE6LDR",
        "source_team": "TKFJE6LDR",
        "user_profile": {
            "avatar_hash": "g854c628ef64",
            "image_72": "https:\/\/secure.gravatar.com\/avatar\/6854c628ef64a4c129a994522e17cdf2.jpg?s=72&d=https%3A%2F%2Fa.slack-edge.com%2Fdf10d%2Fimg%2Favatars%2Fava_0007-72.png",
            "first_name": "felicitybrand",
            "real_name": "felicitybrand",
            "display_name": "flicstar",
            "team": "TKFJE6LDR",
            "name": "felicitybrand",
            "is_restricted": false,
            "is_ultra_restricted": false
        },
        "edited": {
            "user": "UKV4ZPEFQ",
            "ts": "1595822006.000000"
        },
        "blocks": [
            {
                "type": "rich_text",
                "block_id": "Vc8",
                "elements": [
                    {
                        "type": "rich_text_section",
                        "elements": [
                            {
                                "type": "text",
                                "text": "Hey "
                            },
                            {
                                "type": "user",
                                "user_id": "UL2AA1FF1"
                            },
                            {
                                "type": "text",
                                "text": " is the chronologue project in your head and you need to get it out, or is it already out somewhere and we need to convert it or manipulate it or something?\nIf there is any "
                            },
                            {
                                "type": "link",
                                "url": "https:\/\/www.investopedia.com\/terms\/g\/grunt-work.asp",
                                "text": "grunt work"
                            },
                            {
                                "type": "text",
                                "text": " that I can do in the background to get this where it needs to be, I'm happy to do it."
                            }
                        ]
                    }
                ]
            }
        ]
    }
]