[
    {
        "client_msg_id": "3e431bc8-ea9d-4e91-b4d6-f667cc1e480f",
        "type": "message",
        "text": "<https:\/\/github.com\/thegooddocsproject\/templates\/issues\/158> &lt;-- An issue around having a Code of Conduct and\/or Code of Conduct template (or collection of links to existing templates)",
        "user": "U015GARCR8X",
        "ts": "1599519467.002600",
        "team": "TKFJE6LDR",
        "user_team": "TKFJE6LDR",
        "source_team": "TKFJE6LDR",
        "user_profile": {
            "avatar_hash": "37a234435192",
            "image_72": "https:\/\/avatars.slack-edge.com\/2020-08-06\/1283467109749_37a23443519259ddd5ca_72.png",
            "first_name": "Derek",
            "real_name": "Derek Ardolf",
            "display_name": "ScriptAutomate",
            "team": "TKFJE6LDR",
            "name": "derek",
            "is_restricted": false,
            "is_ultra_restricted": false
        },
        "edited": {
            "user": "U015GARCR8X",
            "ts": "1599520228.000000"
        },
        "blocks": [
            {
                "type": "rich_text",
                "block_id": "5An",
                "elements": [
                    {
                        "type": "rich_text_section",
                        "elements": [
                            {
                                "type": "link",
                                "url": "https:\/\/github.com\/thegooddocsproject\/templates\/issues\/158"
                            },
                            {
                                "type": "text",
                                "text": " <-- An issue around having a Code of Conduct and\/or Code of Conduct template (or collection of links to existing templates)"
                            }
                        ]
                    }
                ]
            }
        ]
    },
    {
        "client_msg_id": "1a80e14c-bdf3-46d1-87be-8b01d5854b41",
        "type": "message",
        "text": "<https:\/\/github.com\/thegooddocsproject\/templates\/pull\/157> &lt;-- Simple fix around the contributing guide file name, with explanation as to why",
        "user": "U015GARCR8X",
        "ts": "1599520183.002900",
        "team": "TKFJE6LDR",
        "user_team": "TKFJE6LDR",
        "source_team": "TKFJE6LDR",
        "user_profile": {
            "avatar_hash": "37a234435192",
            "image_72": "https:\/\/avatars.slack-edge.com\/2020-08-06\/1283467109749_37a23443519259ddd5ca_72.png",
            "first_name": "Derek",
            "real_name": "Derek Ardolf",
            "display_name": "ScriptAutomate",
            "team": "TKFJE6LDR",
            "name": "derek",
            "is_restricted": false,
            "is_ultra_restricted": false
        },
        "edited": {
            "user": "U015GARCR8X",
            "ts": "1599520190.000000"
        },
        "blocks": [
            {
                "type": "rich_text",
                "block_id": "=cJJF",
                "elements": [
                    {
                        "type": "rich_text_section",
                        "elements": [
                            {
                                "type": "link",
                                "url": "https:\/\/github.com\/thegooddocsproject\/templates\/pull\/157"
                            },
                            {
                                "type": "text",
                                "text": " <-- Simple fix around the contributing guide file name, with explanation as to why"
                            }
                        ]
                    }
                ]
            }
        ]
    }
]