[
    {
        "client_msg_id": "632d64ed-ea40-45f3-99ef-a79b23aa4025",
        "type": "message",
        "text": "is this the channel most closely aligned with the task of determining ideal information architecture and doc types? that's an area I have particular interest in.",
        "user": "U019868JEQ0",
        "ts": "1598479997.001300",
        "team": "TKFJE6LDR",
        "user_team": "TKFJE6LDR",
        "source_team": "TKFJE6LDR",
        "user_profile": {
            "avatar_hash": "966d941975ff",
            "image_72": "https:\/\/avatars.slack-edge.com\/2020-08-09\/1275632926935_966d941975ff884d0fa4_72.jpg",
            "first_name": "",
            "real_name": "Aidan Doherty",
            "display_name": "Aidan Doherty",
            "team": "TKFJE6LDR",
            "name": "contact",
            "is_restricted": false,
            "is_ultra_restricted": false
        },
        "blocks": [
            {
                "type": "rich_text",
                "block_id": "XbTU",
                "elements": [
                    {
                        "type": "rich_text_section",
                        "elements": [
                            {
                                "type": "text",
                                "text": "is this the channel most closely aligned with the task of determining ideal information architecture and doc types? that's an area I have particular interest in."
                            }
                        ]
                    }
                ]
            }
        ],
        "reactions": [
            {
                "name": "eyes",
                "users": [
                    "U018MTGTQUW"
                ],
                "count": 1
            }
        ]
    },
    {
        "client_msg_id": "fd20fe0f-4228-441d-97f5-d8171ff84be0",
        "type": "message",
        "text": "We find we discuss fair bit of this topic in the general chat but it probably  makes sense to channel this discussion through the templates channel from now on",
        "user": "UKVC4NB71",
        "ts": "1598480228.002300",
        "team": "TKFJE6LDR",
        "user_team": "TKFJE6LDR",
        "source_team": "TKFJE6LDR",
        "user_profile": {
            "avatar_hash": "c7d9788d4436",
            "image_72": "https:\/\/avatars.slack-edge.com\/2019-10-30\/814314609877_c7d9788d4436969613a7_72.jpg",
            "first_name": "Jared",
            "real_name": "Jared Morgan",
            "display_name": "jaredmorgs",
            "team": "TKFJE6LDR",
            "name": "jaredleonmorgan",
            "is_restricted": false,
            "is_ultra_restricted": false
        },
        "blocks": [
            {
                "type": "rich_text",
                "block_id": "OFRW",
                "elements": [
                    {
                        "type": "rich_text_section",
                        "elements": [
                            {
                                "type": "text",
                                "text": "We find we discuss fair bit of this topic in the general chat but it probably  makes sense to channel this discussion through the templates channel from now on"
                            }
                        ]
                    }
                ]
            }
        ]
    }
]