[
    {
        "client_msg_id": "551ba967-2320-4fc6-a85a-81d4a8797615",
        "type": "message",
        "text": "Moving to a new project for migration. <https:\/\/github.com\/thegooddocsproject\/website-hugo|https:\/\/github.com\/thegooddocsproject\/website-hugo>",
        "user": "U018BJR6JQN",
        "ts": "1603066213.007800",
        "team": "TKFJE6LDR",
        "user_team": "TKFJE6LDR",
        "source_team": "TKFJE6LDR",
        "user_profile": {
            "avatar_hash": "b330151b5e4b",
            "image_72": "https:\/\/avatars.slack-edge.com\/2020-12-14\/1570880700693_b330151b5e4b5ff6ed0c_72.jpg",
            "first_name": "",
            "real_name": "Bryan Klein",
            "display_name": "Bryan Klein",
            "team": "TKFJE6LDR",
            "name": "klein",
            "is_restricted": false,
            "is_ultra_restricted": false
        },
        "attachments": [
            {
                "fallback": "thegooddocsproject\/website-hugo",
                "text": "Hugo based website for the project.",
                "title": "thegooddocsproject\/website-hugo",
                "footer": "<https:\/\/github.com\/thegooddocsproject\/website-hugo|thegooddocsproject\/website-hugo>",
                "id": 1,
                "footer_icon": "https:\/\/github.githubassets.com\/favicon.ico",
                "ts": 1602712967,
                "color": "24292f",
                "fields": [
                    {
                        "title": "Last updated",
                        "value": "4 days ago",
                        "short": true
                    }
                ],
                "mrkdwn_in": [
                    "text",
                    "fields"
                ],
                "bot_id": "BU8U6P6AH",
                "app_unfurl_url": "https:\/\/github.com\/thegooddocsproject\/website-hugo",
                "is_app_unfurl": true
            }
        ],
        "blocks": [
            {
                "type": "rich_text",
                "block_id": "5ZKN",
                "elements": [
                    {
                        "type": "rich_text_section",
                        "elements": [
                            {
                                "type": "text",
                                "text": "Moving to a new project for migration. "
                            },
                            {
                                "type": "link",
                                "url": "https:\/\/github.com\/thegooddocsproject\/website-hugo",
                                "text": "https:\/\/github.com\/thegooddocsproject\/website-hugo"
                            }
                        ]
                    }
                ]
            }
        ],
        "reactions": [
            {
                "name": "+1",
                "users": [
                    "UL2AA1FF1",
                    "U019868JEQ0",
                    "UKTGLQNGG"
                ],
                "count": 3
            }
        ]
    }
]