[
    {
        "client_msg_id": "894c4e33-76b6-4798-9701-1a642cf5d29b",
        "type": "message",
        "text": "<@UKTGLQNGG> Thank you, I'll take a look today.",
        "user": "U018GVAH3FX",
        "ts": "1606313785.025200",
        "team": "TKFJE6LDR",
        "user_team": "TKFJE6LDR",
        "source_team": "TKFJE6LDR",
        "user_profile": {
            "avatar_hash": "ge5dc7096981",
            "image_72": "https:\/\/secure.gravatar.com\/avatar\/e5dc709698120b8f32e53b9472f12064.jpg?s=72&d=https%3A%2F%2Fa.slack-edge.com%2Fdf10d%2Fimg%2Favatars%2Fava_0015-72.png",
            "first_name": "",
            "real_name": "Naini",
            "display_name": "Naini",
            "team": "TKFJE6LDR",
            "name": "khajanchi.naini",
            "is_restricted": false,
            "is_ultra_restricted": false
        },
        "blocks": [
            {
                "type": "rich_text",
                "block_id": "mQy4",
                "elements": [
                    {
                        "type": "rich_text_section",
                        "elements": [
                            {
                                "type": "user",
                                "user_id": "UKTGLQNGG"
                            },
                            {
                                "type": "text",
                                "text": " Thank you, I'll take a look today."
                            }
                        ]
                    }
                ]
            }
        ],
        "thread_ts": "1606095146.002800",
        "parent_user_id": "U018GVAH3FX"
    },
    {
        "client_msg_id": "542b900c-6994-46cb-b9ac-0f6fe573cb8d",
        "type": "message",
        "text": "<@U019YA7SD0U> I have <https:\/\/docs.google.com\/document\/d\/1U319Ppx9hMvjijRX5GkGwNJkU8C0csu70T1rBJV1DPE\/edit?usp=sharing|reviewed my terms> and they are ready to get published.\n<@U018GVAH3FX> Let Reese know if your terms are ready as well.\n\nAlso, here are the meeting notes from the previous meeting: <https:\/\/docs.google.com\/document\/d\/1z9UxAYtnLXbVECG5grrnHVxp3RL6ghdtG9AiX5-ZOzQ\/edit?usp=sharing>\nI hope this would be helpful.",
        "user": "U0170HMB87K",
        "ts": "1606317934.025500",
        "team": "TKFJE6LDR",
        "user_team": "TKFJE6LDR",
        "source_team": "TKFJE6LDR",
        "user_profile": {
            "avatar_hash": "f39553b0636b",
            "image_72": "https:\/\/avatars.slack-edge.com\/2020-07-22\/1249269540710_f39553b0636b29704992_72.jpg",
            "first_name": "",
            "real_name": "Ankita",
            "display_name": "Ankita",
            "team": "TKFJE6LDR",
            "name": "ankitatripathi.2312",
            "is_restricted": false,
            "is_ultra_restricted": false
        },
        "blocks": [
            {
                "type": "rich_text",
                "block_id": "RhUAG",
                "elements": [
                    {
                        "type": "rich_text_section",
                        "elements": [
                            {
                                "type": "user",
                                "user_id": "U019YA7SD0U"
                            },
                            {
                                "type": "text",
                                "text": " I have "
                            },
                            {
                                "type": "link",
                                "url": "https:\/\/docs.google.com\/document\/d\/1U319Ppx9hMvjijRX5GkGwNJkU8C0csu70T1rBJV1DPE\/edit?usp=sharing",
                                "text": "reviewed my terms"
                            },
                            {
                                "type": "text",
                                "text": " and they are ready to get published.\n"
                            },
                            {
                                "type": "user",
                                "user_id": "U018GVAH3FX"
                            },
                            {
                                "type": "text",
                                "text": " Let Reese know if your terms are ready as well.\n\nAlso, here are the meeting notes from the previous meeting: "
                            },
                            {
                                "type": "link",
                                "url": "https:\/\/docs.google.com\/document\/d\/1z9UxAYtnLXbVECG5grrnHVxp3RL6ghdtG9AiX5-ZOzQ\/edit?usp=sharing"
                            },
                            {
                                "type": "text",
                                "text": "\nI hope this would be helpful."
                            }
                        ]
                    }
                ]
            }
        ],
        "thread_ts": "1606317934.025500",
        "reply_count": 2,
        "reply_users_count": 2,
        "latest_reply": "1606372545.026100",
        "reply_users": [
            "UKTGLQNGG",
            "U0170HMB87K"
        ],
        "replies": [
            {
                "user": "UKTGLQNGG",
                "ts": "1606368155.025900"
            },
            {
                "user": "U0170HMB87K",
                "ts": "1606372545.026100"
            }
        ],
        "subscribed": false,
        "reactions": [
            {
                "name": "heavy_check_mark",
                "users": [
                    "U018GVAH3FX"
                ],
                "count": 1
            },
            {
                "name": "thankyou",
                "users": [
                    "U018GVAH3FX"
                ],
                "count": 1
            }
        ]
    },
    {
        "client_msg_id": "7b05e168-f757-4d4a-bdc6-48a2943960cf",
        "type": "message",
        "text": "Ankita, I suggest copying your minutes as another entry into our standard meeting minutes (and continuing to do so for any future meetings). It keeps an archive of our conversation. <https:\/\/docs.google.com\/document\/d\/1yzncnQB7uYktPnAQ4DqZYVPDdYnqDrWmqHzcpXrjkPg\/edit>",
        "user": "UKTGLQNGG",
        "ts": "1606368155.025900",
        "team": "TKFJE6LDR",
        "user_team": "TKFJE6LDR",
        "source_team": "TKFJE6LDR",
        "user_profile": {
            "avatar_hash": "d6f4de222bb1",
            "image_72": "https:\/\/avatars.slack-edge.com\/2020-07-20\/1235580478119_d6f4de222bb1ed6b5960_72.jpg",
            "first_name": "Cameron",
            "real_name": "Cameron Shorter",
            "display_name": "cameronshorter",
            "team": "TKFJE6LDR",
            "name": "cameron.shorter",
            "is_restricted": false,
            "is_ultra_restricted": false
        },
        "blocks": [
            {
                "type": "rich_text",
                "block_id": "1qmsg",
                "elements": [
                    {
                        "type": "rich_text_section",
                        "elements": [
                            {
                                "type": "text",
                                "text": "Ankita, I suggest copying your minutes as another entry into our standard meeting minutes (and continuing to do so for any future meetings). It keeps an archive of our conversation. "
                            },
                            {
                                "type": "link",
                                "url": "https:\/\/docs.google.com\/document\/d\/1yzncnQB7uYktPnAQ4DqZYVPDdYnqDrWmqHzcpXrjkPg\/edit"
                            }
                        ]
                    }
                ]
            }
        ],
        "thread_ts": "1606317934.025500",
        "parent_user_id": "U0170HMB87K"
    },
    {
        "client_msg_id": "422626cf-6326-47b5-804b-2b6b6e7c2cab",
        "type": "message",
        "text": "Sure, <@UKTGLQNGG>. I have added it here itself. Thank you. :hugging_face:",
        "user": "U0170HMB87K",
        "ts": "1606372545.026100",
        "team": "TKFJE6LDR",
        "user_team": "TKFJE6LDR",
        "source_team": "TKFJE6LDR",
        "user_profile": {
            "avatar_hash": "f39553b0636b",
            "image_72": "https:\/\/avatars.slack-edge.com\/2020-07-22\/1249269540710_f39553b0636b29704992_72.jpg",
            "first_name": "",
            "real_name": "Ankita",
            "display_name": "Ankita",
            "team": "TKFJE6LDR",
            "name": "ankitatripathi.2312",
            "is_restricted": false,
            "is_ultra_restricted": false
        },
        "blocks": [
            {
                "type": "rich_text",
                "block_id": "Ts9i",
                "elements": [
                    {
                        "type": "rich_text_section",
                        "elements": [
                            {
                                "type": "text",
                                "text": "Sure, "
                            },
                            {
                                "type": "user",
                                "user_id": "UKTGLQNGG"
                            },
                            {
                                "type": "text",
                                "text": ". I have added it here itself. Thank you. "
                            },
                            {
                                "type": "emoji",
                                "name": "hugging_face"
                            }
                        ]
                    }
                ]
            }
        ],
        "thread_ts": "1606317934.025500",
        "parent_user_id": "U0170HMB87K",
        "reactions": [
            {
                "name": "doctopus",
                "users": [
                    "UKTGLQNGG"
                ],
                "count": 1
            }
        ]
    }
]