[
    {
        "client_msg_id": "7a43615f-413a-4dff-b6c6-eabff4a8e6f4",
        "type": "message",
        "text": "<@UKTGLQNGG> good morning. what time is our meeting today?",
        "user": "U019YA7SD0U",
        "ts": "1607649456.008900",
        "team": "TKFJE6LDR",
        "user_team": "TKFJE6LDR",
        "source_team": "TKFJE6LDR",
        "user_profile": {
            "avatar_hash": "gd927840085e",
            "image_72": "https:\/\/secure.gravatar.com\/avatar\/d927840085e81f89fb210807b02ee5bc.jpg?s=72&d=https%3A%2F%2Fa.slack-edge.com%2Fdf10d%2Fimg%2Favatars%2Fava_0007-72.png",
            "first_name": "Reese",
            "real_name": "Reese Plews",
            "display_name": "Reese Plews (TC211 TMG)",
            "team": "TKFJE6LDR",
            "name": "rplews",
            "is_restricted": false,
            "is_ultra_restricted": false
        },
        "blocks": [
            {
                "type": "rich_text",
                "block_id": "cUc9g",
                "elements": [
                    {
                        "type": "rich_text_section",
                        "elements": [
                            {
                                "type": "user",
                                "user_id": "UKTGLQNGG"
                            },
                            {
                                "type": "text",
                                "text": " good morning. what time is our meeting today?"
                            }
                        ]
                    }
                ]
            }
        ]
    },
    {
        "client_msg_id": "c421fe56-d089-4d81-9bad-9b90124da572",
        "type": "message",
        "text": "Glossary meeting today is in 1.5 hours, <https:\/\/www.timeanddate.com\/worldclock\/meetingdetails.html?year=2020&amp;month=12&amp;day=11&amp;hour=3&amp;min=0&amp;sec=0&amp;p1=22&amp;p2=240&amp;p3=47&amp;p4=248&amp;p5=102&amp;p6=44&amp;p7=26&amp;p8=136&amp;p9=179&amp;p10=220&amp;p11=224|https:\/\/www.timeanddate.com\/worldclock\/meetingdetails.html?year=2020&amp;month=12&amp;day=11&amp;h[…]=47&amp;p4=248&amp;p5=102&amp;p6=44&amp;p7=26&amp;p8=136&amp;p9=179&amp;p10=220&amp;p11=224>",
        "user": "UKTGLQNGG",
        "ts": "1607649602.009200",
        "team": "TKFJE6LDR",
        "user_team": "TKFJE6LDR",
        "source_team": "TKFJE6LDR",
        "user_profile": {
            "avatar_hash": "d6f4de222bb1",
            "image_72": "https:\/\/avatars.slack-edge.com\/2020-07-20\/1235580478119_d6f4de222bb1ed6b5960_72.jpg",
            "first_name": "Cameron",
            "real_name": "Cameron Shorter",
            "display_name": "cameronshorter",
            "team": "TKFJE6LDR",
            "name": "cameron.shorter",
            "is_restricted": false,
            "is_ultra_restricted": false
        },
        "attachments": [
            {
                "title": "The World Clock Meeting Planner - Details",
                "title_link": "https:\/\/www.timeanddate.com\/worldclock\/meetingdetails.html?year=2020&month=12&day=11&hour=3&min=0&sec=0&p1=22&p2=240&p3=47&p4=248&p5=102&p6=44&p7=26&p8=136&p9=179&p10=220&p11=224",
                "text": "Local time for a meeting, in user selected locations.",
                "fallback": "The World Clock Meeting Planner - Details",
                "image_url": "https:\/\/c.tadst.com\/gfx\/og\/tadlogo-facebook.png",
                "from_url": "https:\/\/www.timeanddate.com\/worldclock\/meetingdetails.html?year=2020&month=12&day=11&hour=3&min=0&sec=0&p1=22&p2=240&p3=47&p4=248&p5=102&p6=44&p7=26&p8=136&p9=179&p10=220&p11=224",
                "image_width": 476,
                "image_height": 250,
                "image_bytes": 55884,
                "service_icon": "https:\/\/www.timeanddate.com\/favicon.ico",
                "service_name": "timeanddate.com",
                "id": 1,
                "original_url": "https:\/\/www.timeanddate.com\/worldclock\/meetingdetails.html?year=2020&amp;month=12&amp;day=11&amp;hour=3&amp;min=0&amp;sec=0&amp;p1=22&amp;p2=240&amp;p3=47&amp;p4=248&amp;p5=102&amp;p6=44&amp;p7=26&amp;p8=136&amp;p9=179&amp;p10=220&amp;p11=224"
            }
        ],
        "blocks": [
            {
                "type": "rich_text",
                "block_id": "\/bSkZ",
                "elements": [
                    {
                        "type": "rich_text_section",
                        "elements": [
                            {
                                "type": "text",
                                "text": "Glossary meeting today is in 1.5 hours, "
                            },
                            {
                                "type": "link",
                                "url": "https:\/\/www.timeanddate.com\/worldclock\/meetingdetails.html?year=2020&month=12&day=11&hour=3&min=0&sec=0&p1=22&p2=240&p3=47&p4=248&p5=102&p6=44&p7=26&p8=136&p9=179&p10=220&p11=224",
                                "text": "https:\/\/www.timeanddate.com\/worldclock\/meetingdetails.html?year=2020&month=12&day=11&h[…]=47&p4=248&p5=102&p6=44&p7=26&p8=136&p9=179&p10=220&p11=224"
                            }
                        ]
                    }
                ]
            }
        ],
        "thread_ts": "1607649602.009200",
        "reply_count": 1,
        "reply_users_count": 1,
        "latest_reply": "1607649720.009700",
        "reply_users": [
            "U019YA7SD0U"
        ],
        "replies": [
            {
                "user": "U019YA7SD0U",
                "ts": "1607649720.009700"
            }
        ],
        "subscribed": false
    },
    {
        "client_msg_id": "4fbd7512-7d88-4360-abdd-7e04ec2c4a78",
        "type": "message",
        "text": "It will be at: <https:\/\/meet.google.com\/xpw-djtk-apv?authuser=0>",
        "user": "UKTGLQNGG",
        "ts": "1607649632.009500",
        "team": "TKFJE6LDR",
        "user_team": "TKFJE6LDR",
        "source_team": "TKFJE6LDR",
        "user_profile": {
            "avatar_hash": "d6f4de222bb1",
            "image_72": "https:\/\/avatars.slack-edge.com\/2020-07-20\/1235580478119_d6f4de222bb1ed6b5960_72.jpg",
            "first_name": "Cameron",
            "real_name": "Cameron Shorter",
            "display_name": "cameronshorter",
            "team": "TKFJE6LDR",
            "name": "cameron.shorter",
            "is_restricted": false,
            "is_ultra_restricted": false
        },
        "attachments": [
            {
                "title": "Meet",
                "title_link": "https:\/\/meet.google.com\/xpw-djtk-apv?authuser=0",
                "text": "Real-time meetings by Google. Using your browser, share your video, desktop, and presentations with teammates and customers.",
                "fallback": "Meet",
                "thumb_url": "https:\/\/fonts.gstatic.com\/s\/i\/productlogos\/meet_2020q4\/v1\/web-96dp\/logo_meet_2020q4_color_2x_web_96dp.png",
                "from_url": "https:\/\/meet.google.com\/xpw-djtk-apv?authuser=0",
                "thumb_width": 192,
                "thumb_height": 192,
                "service_icon": "http:\/\/fonts.gstatic.com\/s\/i\/productlogos\/meet_2020q4\/v1\/web-24dp\/logo_meet_2020q4_color_1x_web_24dp.png",
                "service_name": "meet.google.com",
                "id": 1,
                "original_url": "https:\/\/meet.google.com\/xpw-djtk-apv?authuser=0"
            }
        ],
        "blocks": [
            {
                "type": "rich_text",
                "block_id": "Xn0iJ",
                "elements": [
                    {
                        "type": "rich_text_section",
                        "elements": [
                            {
                                "type": "text",
                                "text": "It will be at: "
                            },
                            {
                                "type": "link",
                                "url": "https:\/\/meet.google.com\/xpw-djtk-apv?authuser=0"
                            }
                        ]
                    }
                ]
            }
        ]
    },
    {
        "client_msg_id": "b55e6746-fd42-40f0-9c69-3959740feed8",
        "type": "message",
        "text": "thanks <@UKTGLQNGG> see you then",
        "user": "U019YA7SD0U",
        "ts": "1607649720.009700",
        "team": "TKFJE6LDR",
        "user_team": "TKFJE6LDR",
        "source_team": "TKFJE6LDR",
        "user_profile": {
            "avatar_hash": "gd927840085e",
            "image_72": "https:\/\/secure.gravatar.com\/avatar\/d927840085e81f89fb210807b02ee5bc.jpg?s=72&d=https%3A%2F%2Fa.slack-edge.com%2Fdf10d%2Fimg%2Favatars%2Fava_0007-72.png",
            "first_name": "Reese",
            "real_name": "Reese Plews",
            "display_name": "Reese Plews (TC211 TMG)",
            "team": "TKFJE6LDR",
            "name": "rplews",
            "is_restricted": false,
            "is_ultra_restricted": false
        },
        "blocks": [
            {
                "type": "rich_text",
                "block_id": "Jq4Z",
                "elements": [
                    {
                        "type": "rich_text_section",
                        "elements": [
                            {
                                "type": "text",
                                "text": "thanks "
                            },
                            {
                                "type": "user",
                                "user_id": "UKTGLQNGG"
                            },
                            {
                                "type": "text",
                                "text": " see you then"
                            }
                        ]
                    }
                ]
            }
        ],
        "thread_ts": "1607649602.009200",
        "parent_user_id": "UKTGLQNGG"
    }
]