[
    {
        "client_msg_id": "e6f67570-9abc-4bf6-842f-0713b81b6844",
        "type": "message",
        "text": "Ah - I'd forgotten to move our glossary meeting slot back 30 mins as I'd promised to do. <@U01A1CBD0CC> , <@U019YA7SD0U>, <@U0170HMB87K>, <@U018GVAH3FX>, <@U019E2F5R55> Hope this new timeslot is okay by you? 1pm in Sydney. <https:\/\/www.timeanddate.com\/worldclock\/meetingdetails.html?year=2020&amp;month=11&amp;day=27&amp;hour=2&amp;min=0&amp;sec=0&amp;p1=22&amp;p2=240&amp;p3=47&amp;p4=248&amp;p5=102&amp;p6=44&amp;p7=26&amp;p8=136&amp;p9=179&amp;p10=220&amp;p11=224>",
        "user": "UKTGLQNGG",
        "ts": "1606437131.028300",
        "team": "TKFJE6LDR",
        "user_team": "TKFJE6LDR",
        "source_team": "TKFJE6LDR",
        "user_profile": {
            "avatar_hash": "d6f4de222bb1",
            "image_72": "https:\/\/avatars.slack-edge.com\/2020-07-20\/1235580478119_d6f4de222bb1ed6b5960_72.jpg",
            "first_name": "Cameron",
            "real_name": "Cameron Shorter",
            "display_name": "cameronshorter",
            "team": "TKFJE6LDR",
            "name": "cameron.shorter",
            "is_restricted": false,
            "is_ultra_restricted": false
        },
        "attachments": [
            {
                "title": "The World Clock Meeting Planner - Details",
                "title_link": "https:\/\/www.timeanddate.com\/worldclock\/meetingdetails.html?year=2020&month=11&day=27&hour=2&min=0&sec=0&p1=22&p2=240&p3=47&p4=248&p5=102&p6=44&p7=26&p8=136&p9=179&p10=220&p11=224",
                "text": "Local time for a meeting, in user selected locations.",
                "fallback": "The World Clock Meeting Planner - Details",
                "image_url": "https:\/\/c.tadst.com\/gfx\/og\/tadlogo-facebook.png",
                "from_url": "https:\/\/www.timeanddate.com\/worldclock\/meetingdetails.html?year=2020&month=11&day=27&hour=2&min=0&sec=0&p1=22&p2=240&p3=47&p4=248&p5=102&p6=44&p7=26&p8=136&p9=179&p10=220&p11=224",
                "image_width": 476,
                "image_height": 250,
                "image_bytes": 55884,
                "service_icon": "https:\/\/www.timeanddate.com\/favicon.ico",
                "service_name": "timeanddate.com",
                "id": 1,
                "original_url": "https:\/\/www.timeanddate.com\/worldclock\/meetingdetails.html?year=2020&amp;month=11&amp;day=27&amp;hour=2&amp;min=0&amp;sec=0&amp;p1=22&amp;p2=240&amp;p3=47&amp;p4=248&amp;p5=102&amp;p6=44&amp;p7=26&amp;p8=136&amp;p9=179&amp;p10=220&amp;p11=224"
            }
        ],
        "blocks": [
            {
                "type": "rich_text",
                "block_id": "lILq",
                "elements": [
                    {
                        "type": "rich_text_section",
                        "elements": [
                            {
                                "type": "text",
                                "text": "Ah - I'd forgotten to move our glossary meeting slot back 30 mins as I'd promised to do. "
                            },
                            {
                                "type": "user",
                                "user_id": "U01A1CBD0CC"
                            },
                            {
                                "type": "text",
                                "text": " , "
                            },
                            {
                                "type": "user",
                                "user_id": "U019YA7SD0U"
                            },
                            {
                                "type": "text",
                                "text": ", "
                            },
                            {
                                "type": "user",
                                "user_id": "U0170HMB87K"
                            },
                            {
                                "type": "text",
                                "text": ", "
                            },
                            {
                                "type": "user",
                                "user_id": "U018GVAH3FX"
                            },
                            {
                                "type": "text",
                                "text": ", "
                            },
                            {
                                "type": "user",
                                "user_id": "U019E2F5R55"
                            },
                            {
                                "type": "text",
                                "text": " Hope this new timeslot is okay by you? 1pm in Sydney. "
                            },
                            {
                                "type": "link",
                                "url": "https:\/\/www.timeanddate.com\/worldclock\/meetingdetails.html?year=2020&month=11&day=27&hour=2&min=0&sec=0&p1=22&p2=240&p3=47&p4=248&p5=102&p6=44&p7=26&p8=136&p9=179&p10=220&p11=224"
                            }
                        ]
                    }
                ]
            }
        ],
        "reactions": [
            {
                "name": "+1",
                "users": [
                    "U0170HMB87K"
                ],
                "count": 1
            }
        ]
    },
    {
        "client_msg_id": "afcb88ec-bf84-4858-b0a4-5fc69248ca98",
        "type": "message",
        "text": "Meeting now: <https:\/\/meet.google.com\/xpw-djtk-apv?authuser=0>",
        "user": "UKTGLQNGG",
        "ts": "1606442450.028700",
        "team": "TKFJE6LDR",
        "user_team": "TKFJE6LDR",
        "source_team": "TKFJE6LDR",
        "user_profile": {
            "avatar_hash": "d6f4de222bb1",
            "image_72": "https:\/\/avatars.slack-edge.com\/2020-07-20\/1235580478119_d6f4de222bb1ed6b5960_72.jpg",
            "first_name": "Cameron",
            "real_name": "Cameron Shorter",
            "display_name": "cameronshorter",
            "team": "TKFJE6LDR",
            "name": "cameron.shorter",
            "is_restricted": false,
            "is_ultra_restricted": false
        },
        "attachments": [
            {
                "title": "Meet",
                "title_link": "https:\/\/meet.google.com\/xpw-djtk-apv?authuser=0",
                "text": "Real-time meetings by Google. Using your browser, share your video, desktop, and presentations with teammates and customers.",
                "fallback": "Meet",
                "thumb_url": "https:\/\/fonts.gstatic.com\/s\/i\/productlogos\/meet_2020q4\/v1\/web-96dp\/logo_meet_2020q4_color_2x_web_96dp.png",
                "from_url": "https:\/\/meet.google.com\/xpw-djtk-apv?authuser=0",
                "thumb_width": 192,
                "thumb_height": 192,
                "service_icon": "http:\/\/fonts.gstatic.com\/s\/i\/productlogos\/meet_2020q4\/v1\/web-24dp\/logo_meet_2020q4_color_1x_web_24dp.png",
                "service_name": "meet.google.com",
                "id": 1,
                "original_url": "https:\/\/meet.google.com\/xpw-djtk-apv?authuser=0"
            }
        ],
        "blocks": [
            {
                "type": "rich_text",
                "block_id": "V2c4H",
                "elements": [
                    {
                        "type": "rich_text_section",
                        "elements": [
                            {
                                "type": "text",
                                "text": "Meeting now: "
                            },
                            {
                                "type": "link",
                                "url": "https:\/\/meet.google.com\/xpw-djtk-apv?authuser=0"
                            }
                        ]
                    }
                ]
            }
        ]
    },
    {
        "client_msg_id": "7ae79034-517a-4216-86cc-f2cec8c6ec1d",
        "type": "message",
        "text": "Apologies.  I'm in a workshop that has run over.",
        "user": "U019252DK0F",
        "ts": "1606443207.029200",
        "team": "TKFJE6LDR",
        "user_team": "TKFJE6LDR",
        "source_team": "TKFJE6LDR",
        "user_profile": {
            "avatar_hash": "33a3d3a9190d",
            "image_72": "https:\/\/avatars.slack-edge.com\/2020-09-09\/1347808982341_33a3d3a9190d60e700de_72.jpg",
            "first_name": "brandon",
            "real_name": "brandon whitehead",
            "display_name": "brandon",
            "team": "TKFJE6LDR",
            "name": "brandonnodnarb",
            "is_restricted": false,
            "is_ultra_restricted": false
        },
        "blocks": [
            {
                "type": "rich_text",
                "block_id": "vJis",
                "elements": [
                    {
                        "type": "rich_text_section",
                        "elements": [
                            {
                                "type": "text",
                                "text": "Apologies.  I'm in a workshop that has run over."
                            }
                        ]
                    }
                ]
            }
        ],
        "reactions": [
            {
                "name": "+1",
                "users": [
                    "UKTGLQNGG"
                ],
                "count": 1
            }
        ]
    },
    {
        "client_msg_id": "30f52c0e-6053-4d38-bf8a-ab7a94d9fdb1",
        "type": "message",
        "text": "<@U01ABLZMV7E> Ankita noted that you would like to join our meeting. I've just added you to the invite. It will be very early for you. We have multiple timezones to cover, but we might be able to delay a bit later (if you can convince Naini to stay up  later)",
        "user": "UKTGLQNGG",
        "ts": "1606444590.031700",
        "team": "TKFJE6LDR",
        "user_team": "TKFJE6LDR",
        "source_team": "TKFJE6LDR",
        "user_profile": {
            "avatar_hash": "d6f4de222bb1",
            "image_72": "https:\/\/avatars.slack-edge.com\/2020-07-20\/1235580478119_d6f4de222bb1ed6b5960_72.jpg",
            "first_name": "Cameron",
            "real_name": "Cameron Shorter",
            "display_name": "cameronshorter",
            "team": "TKFJE6LDR",
            "name": "cameron.shorter",
            "is_restricted": false,
            "is_ultra_restricted": false
        },
        "blocks": [
            {
                "type": "rich_text",
                "block_id": "vPM",
                "elements": [
                    {
                        "type": "rich_text_section",
                        "elements": [
                            {
                                "type": "user",
                                "user_id": "U01ABLZMV7E"
                            },
                            {
                                "type": "text",
                                "text": " Ankita noted that you would like to join our meeting. I've just added you to the invite. It will be very early for you. We have multiple timezones to cover, but we might be able to delay a bit later (if you can convince Naini to stay up  later)"
                            }
                        ]
                    }
                ]
            }
        ]
    }
]