[
    {
        "client_msg_id": "30705417-2957-41ca-9040-2c3a84a44138",
        "type": "message",
        "text": "Hi everyone, here's a draft of the <https:\/\/docs.google.com\/document\/d\/1r61NDIlv0i7DgjsrLXggR3ONPATOxU8sD88M_fR0zBk\/edit#|blog on the Glossary project>. I've tried to keep it bite-sized and somewhat general (with hyperlinks for folks who want to know more.) I'd be grateful if you can review and provide feedback on the content. Thank you!",
        "user": "U018GVAH3FX",
        "ts": "1606095146.002800",
        "team": "TKFJE6LDR",
        "user_team": "TKFJE6LDR",
        "source_team": "TKFJE6LDR",
        "user_profile": {
            "avatar_hash": "ge5dc7096981",
            "image_72": "https:\/\/secure.gravatar.com\/avatar\/e5dc709698120b8f32e53b9472f12064.jpg?s=72&d=https%3A%2F%2Fa.slack-edge.com%2Fdf10d%2Fimg%2Favatars%2Fava_0015-72.png",
            "first_name": "",
            "real_name": "Naini",
            "display_name": "Naini",
            "team": "TKFJE6LDR",
            "name": "khajanchi.naini",
            "is_restricted": false,
            "is_ultra_restricted": false
        },
        "blocks": [
            {
                "type": "rich_text",
                "block_id": "P95w",
                "elements": [
                    {
                        "type": "rich_text_section",
                        "elements": [
                            {
                                "type": "text",
                                "text": "Hi everyone, here's a draft of the "
                            },
                            {
                                "type": "link",
                                "url": "https:\/\/docs.google.com\/document\/d\/1r61NDIlv0i7DgjsrLXggR3ONPATOxU8sD88M_fR0zBk\/edit#",
                                "text": "blog on the Glossary project"
                            },
                            {
                                "type": "text",
                                "text": ". I've tried to keep it bite-sized and somewhat general (with hyperlinks for folks who want to know more.) I'd be grateful if you can review and provide feedback on the content. Thank you!"
                            }
                        ]
                    }
                ]
            }
        ],
        "thread_ts": "1606095146.002800",
        "reply_count": 2,
        "reply_users_count": 2,
        "latest_reply": "1606313785.025200",
        "reply_users": [
            "UKTGLQNGG",
            "U018GVAH3FX"
        ],
        "replies": [
            {
                "user": "UKTGLQNGG",
                "ts": "1606257747.023700"
            },
            {
                "user": "U018GVAH3FX",
                "ts": "1606313785.025200"
            }
        ],
        "subscribed": false
    }
]