[
    {
        "client_msg_id": "1c150f7b-3d83-4d3f-b543-a2cf5617f955",
        "type": "message",
        "text": "Hi, all! As discussed in the last meeting on Friday with <@U0170HMB87K>, <@U018GVAH3FX> and <@U019YA7SD0U>, I reached out to Vaclav (GRASS GIS) to ask for more resources regarding their efforts on term definitions over time. This is what I got:   &lt;&lt;Mostly valid even now:\n\n<https:\/\/grasswiki.osgeo.org\/wiki\/GRASS_6_Terminology>\n\nWith some old discussion and attempts for rename:\n\n<https:\/\/grasswiki.osgeo.org\/wiki\/GRASS_7_Terminology>\n\nSome sections are terms with definitions:\n\n<https:\/\/grasswiki.osgeo.org\/wiki\/GIS_Concepts>\n\nThe above has links to documentation which sometimes has definitions, most notably:\n\n<https:\/\/grass.osgeo.org\/grass78\/manuals\/rasterintro.html>\n<https:\/\/grass.osgeo.org\/grass78\/manuals\/vectorintro.html>\n<https:\/\/grass.osgeo.org\/grass78\/manuals\/raster3dintro.html>\n<https:\/\/grass.osgeo.org\/grass78\/manuals\/temporalintro.html>\n<https:\/\/grass.osgeo.org\/grass78\/manuals\/projectionintro.html>\n\nEven more, but mostly duplication of above:\n\n<https:\/\/grasswiki.osgeo.org\/wiki\/Location_and_Mapsets>\n<https:\/\/grasswiki.osgeo.org\/wiki\/GRASS_raster_semantics>",
        "user": "U01ABLZMV7E",
        "ts": "1606133522.005400",
        "team": "TKFJE6LDR",
        "user_team": "TKFJE6LDR",
        "source_team": "TKFJE6LDR",
        "user_profile": {
            "avatar_hash": "322d8ad14d52",
            "image_72": "https:\/\/avatars.slack-edge.com\/2020-09-05\/1351713799684_322d8ad14d5229ae723a_72.jpg",
            "first_name": "",
            "real_name": "Codrina Maria Ilie",
            "display_name": "Codrina Maria Ilie",
            "team": "TKFJE6LDR",
            "name": "codrinamariailie",
            "is_restricted": false,
            "is_ultra_restricted": false
        },
        "blocks": [
            {
                "type": "rich_text",
                "block_id": "U07q",
                "elements": [
                    {
                        "type": "rich_text_section",
                        "elements": [
                            {
                                "type": "text",
                                "text": "Hi, all! As discussed in the last meeting on Friday with "
                            },
                            {
                                "type": "user",
                                "user_id": "U0170HMB87K"
                            },
                            {
                                "type": "text",
                                "text": ", "
                            },
                            {
                                "type": "user",
                                "user_id": "U018GVAH3FX"
                            },
                            {
                                "type": "text",
                                "text": " and "
                            },
                            {
                                "type": "user",
                                "user_id": "U019YA7SD0U"
                            },
                            {
                                "type": "text",
                                "text": ", I reached out to Vaclav (GRASS GIS) to ask for more resources regarding their efforts on term definitions over time. This is what I got:   <<Mostly valid even now:\n\n"
                            },
                            {
                                "type": "link",
                                "url": "https:\/\/grasswiki.osgeo.org\/wiki\/GRASS_6_Terminology"
                            },
                            {
                                "type": "text",
                                "text": "\n\nWith some old discussion and attempts for rename:\n\n"
                            },
                            {
                                "type": "link",
                                "url": "https:\/\/grasswiki.osgeo.org\/wiki\/GRASS_7_Terminology"
                            },
                            {
                                "type": "text",
                                "text": "\n\nSome sections are terms with definitions:\n\n"
                            },
                            {
                                "type": "link",
                                "url": "https:\/\/grasswiki.osgeo.org\/wiki\/GIS_Concepts"
                            },
                            {
                                "type": "text",
                                "text": "\n\nThe above has links to documentation which sometimes has definitions, most notably:\n\n"
                            },
                            {
                                "type": "link",
                                "url": "https:\/\/grass.osgeo.org\/grass78\/manuals\/rasterintro.html"
                            },
                            {
                                "type": "text",
                                "text": "\n"
                            },
                            {
                                "type": "link",
                                "url": "https:\/\/grass.osgeo.org\/grass78\/manuals\/vectorintro.html"
                            },
                            {
                                "type": "text",
                                "text": "\n"
                            },
                            {
                                "type": "link",
                                "url": "https:\/\/grass.osgeo.org\/grass78\/manuals\/raster3dintro.html"
                            },
                            {
                                "type": "text",
                                "text": "\n"
                            },
                            {
                                "type": "link",
                                "url": "https:\/\/grass.osgeo.org\/grass78\/manuals\/temporalintro.html"
                            },
                            {
                                "type": "text",
                                "text": "\n"
                            },
                            {
                                "type": "link",
                                "url": "https:\/\/grass.osgeo.org\/grass78\/manuals\/projectionintro.html"
                            },
                            {
                                "type": "text",
                                "text": "\n\nEven more, but mostly duplication of above:\n\n"
                            },
                            {
                                "type": "link",
                                "url": "https:\/\/grasswiki.osgeo.org\/wiki\/Location_and_Mapsets"
                            },
                            {
                                "type": "text",
                                "text": "\n"
                            },
                            {
                                "type": "link",
                                "url": "https:\/\/grasswiki.osgeo.org\/wiki\/GRASS_raster_semantics"
                            }
                        ]
                    }
                ]
            }
        ],
        "reactions": [
            {
                "name": "heart",
                "users": [
                    "U0170HMB87K"
                ],
                "count": 1
            }
        ]
    },
    {
        "client_msg_id": "f27583e1-d8c4-4b8d-b9be-44c74a954096",
        "type": "message",
        "text": "This is really valuable feedback <@U01ABLZMV7E>. Thankyou for coordinating this. I believe we have enough information in here already that we could set up a GRASS collection of terms. As we are only doing a pilot, we could be using dummy terms, but using these GRASS terms is so much better. It is going to help us uncover use cases. In particular, GRASS have highlighted a use case I hadn't considered - where the same concept is called different things by different organizations. (In GRASS's case, it is difference between ESRI and GRASS). It seems obvious when we write it down.\nWe have the option of creating a GRASS collection inside the OSGeo terms, or to stand up a separate GRASS glossary, and then we can work through the painful use case of trying to rationalize two glossaries. (Which I think is a use case worth pursuing) . It shouldn't be too much effort from the GRASS community, but will be a lot of effort for us around setting up the processes for integrating glossaries.",
        "user": "UKTGLQNGG",
        "ts": "1606162670.012500",
        "team": "TKFJE6LDR",
        "user_team": "TKFJE6LDR",
        "source_team": "TKFJE6LDR",
        "user_profile": {
            "avatar_hash": "d6f4de222bb1",
            "image_72": "https:\/\/avatars.slack-edge.com\/2020-07-20\/1235580478119_d6f4de222bb1ed6b5960_72.jpg",
            "first_name": "Cameron",
            "real_name": "Cameron Shorter",
            "display_name": "cameronshorter",
            "team": "TKFJE6LDR",
            "name": "cameron.shorter",
            "is_restricted": false,
            "is_ultra_restricted": false
        },
        "edited": {
            "user": "UKTGLQNGG",
            "ts": "1606162704.000000"
        },
        "blocks": [
            {
                "type": "rich_text",
                "block_id": "=xhGv",
                "elements": [
                    {
                        "type": "rich_text_section",
                        "elements": [
                            {
                                "type": "text",
                                "text": "This is really valuable feedback "
                            },
                            {
                                "type": "user",
                                "user_id": "U01ABLZMV7E"
                            },
                            {
                                "type": "text",
                                "text": ". Thankyou for coordinating this. I believe we have enough information in here already that we could set up a GRASS collection of terms. As we are only doing a pilot, we could be using dummy terms, but using these GRASS terms is so much better. It is going to help us uncover use cases. In particular, GRASS have highlighted a use case I hadn't considered - where the same concept is called different things by different organizations. (In GRASS's case, it is difference between ESRI and GRASS). It seems obvious when we write it down.\nWe have the option of creating a GRASS collection inside the OSGeo terms, or to stand up a separate GRASS glossary, and then we can work through the painful use case of trying to rationalize two glossaries. (Which I think is a use case worth pursuing) . It shouldn't be too much effort from the GRASS community, but will be a lot of effort for us around setting up the processes for integrating glossaries."
                            }
                        ]
                    }
                ]
            }
        ]
    },
    {
        "client_msg_id": "6ed34404-2e54-415d-8cf4-d3ee8a8997f3",
        "type": "message",
        "text": "Wonderful! I am happy I could help a bit! I am curious, why do you think it would be a better approach to have 2 glossaries - OSGeo and GRASS - instead of a collection inside the “mother” glossary? Are there some technical limitations that I don’t foresee given the maturity\/longevity and complexity of GRASS terminology? If, and hopefully, the Lexicon plan is successful, then, in time, more and more projects will join. Will they join as OSGeo collections or independent glossaries, following the GRASS example? Are there specific benefits for the project for  to have a glossary and not be a collection ?",
        "user": "U01ABLZMV7E",
        "ts": "1606164824.018800",
        "team": "TKFJE6LDR",
        "user_team": "TKFJE6LDR",
        "source_team": "TKFJE6LDR",
        "user_profile": {
            "avatar_hash": "322d8ad14d52",
            "image_72": "https:\/\/avatars.slack-edge.com\/2020-09-05\/1351713799684_322d8ad14d5229ae723a_72.jpg",
            "first_name": "",
            "real_name": "Codrina Maria Ilie",
            "display_name": "Codrina Maria Ilie",
            "team": "TKFJE6LDR",
            "name": "codrinamariailie",
            "is_restricted": false,
            "is_ultra_restricted": false
        },
        "blocks": [
            {
                "type": "rich_text",
                "block_id": "=W1hV",
                "elements": [
                    {
                        "type": "rich_text_section",
                        "elements": [
                            {
                                "type": "text",
                                "text": "Wonderful! I am happy I could help a bit! I am curious, why do you think it would be a better approach to have 2 glossaries - OSGeo and GRASS - instead of a collection inside the “mother” glossary? Are there some technical limitations that I don’t foresee given the maturity\/longevity and complexity of GRASS terminology? If, and hopefully, the Lexicon plan is successful, then, in time, more and more projects will join. Will they join as OSGeo collections or independent glossaries, following the GRASS example? Are there specific benefits for the project for  to have a glossary and not be a collection ?"
                            }
                        ]
                    }
                ]
            }
        ]
    },
    {
        "client_msg_id": "6acc8423-3f4c-462d-a9a0-6904ab653c28",
        "type": "message",
        "text": "<@U01ABLZMV7E> There Pros and Cons for both approaches. From a pilot perspective, it will be valuable to try and get two glossaries to talk with each other (hence my suggestion of two glossaries). From an OSGeo\/GRASS perspective - it will be more work up front to get alignment around terms, but will likey be better later to have all the terms under the one OSGeo glossary. Note that what we decide now in our pilot can be changed later.",
        "user": "UKTGLQNGG",
        "ts": "1606180831.023200",
        "team": "TKFJE6LDR",
        "user_team": "TKFJE6LDR",
        "source_team": "TKFJE6LDR",
        "user_profile": {
            "avatar_hash": "d6f4de222bb1",
            "image_72": "https:\/\/avatars.slack-edge.com\/2020-07-20\/1235580478119_d6f4de222bb1ed6b5960_72.jpg",
            "first_name": "Cameron",
            "real_name": "Cameron Shorter",
            "display_name": "cameronshorter",
            "team": "TKFJE6LDR",
            "name": "cameron.shorter",
            "is_restricted": false,
            "is_ultra_restricted": false
        },
        "blocks": [
            {
                "type": "rich_text",
                "block_id": "bDs",
                "elements": [
                    {
                        "type": "rich_text_section",
                        "elements": [
                            {
                                "type": "user",
                                "user_id": "U01ABLZMV7E"
                            },
                            {
                                "type": "text",
                                "text": " There Pros and Cons for both approaches. From a pilot perspective, it will be valuable to try and get two glossaries to talk with each other (hence my suggestion of two glossaries). From an OSGeo\/GRASS perspective - it will be more work up front to get alignment around terms, but will likey be better later to have all the terms under the one OSGeo glossary. Note that what we decide now in our pilot can be changed later."
                            }
                        ]
                    }
                ]
            }
        ]
    }
]