[
    {
        "client_msg_id": "08cdf15e-3cd7-41f6-8764-ea4d5a97fcdd",
        "type": "message",
        "text": "That works for me :slightly_smiling_face:",
        "user": "U018GVAH3FX",
        "ts": "1605281779.101500",
        "team": "TKFJE6LDR",
        "user_team": "TKFJE6LDR",
        "source_team": "TKFJE6LDR",
        "user_profile": {
            "avatar_hash": "ge5dc7096981",
            "image_72": "https:\/\/secure.gravatar.com\/avatar\/e5dc709698120b8f32e53b9472f12064.jpg?s=72&d=https%3A%2F%2Fa.slack-edge.com%2Fdf10d%2Fimg%2Favatars%2Fava_0015-72.png",
            "first_name": "",
            "real_name": "Naini",
            "display_name": "Naini",
            "team": "TKFJE6LDR",
            "name": "khajanchi.naini",
            "is_restricted": false,
            "is_ultra_restricted": false
        },
        "blocks": [
            {
                "type": "rich_text",
                "block_id": "sxO",
                "elements": [
                    {
                        "type": "rich_text_section",
                        "elements": [
                            {
                                "type": "text",
                                "text": "That works for me "
                            },
                            {
                                "type": "emoji",
                                "name": "slightly_smiling_face"
                            }
                        ]
                    }
                ]
            }
        ],
        "thread_ts": "1605233045.101100",
        "parent_user_id": "UKTGLQNGG"
    }
]