[
    {
        "client_msg_id": "e56f78c4-9143-49e0-be6d-41da3f985c49",
        "type": "message",
        "text": "I've published the <http:\/\/cameronshorter.blogspot.com\/2020\/12\/halfway-status-glossary-pilot.html|halfway status in my blog>.",
        "user": "UKTGLQNGG",
        "ts": "1606939194.003800",
        "team": "TKFJE6LDR",
        "user_team": "TKFJE6LDR",
        "source_team": "TKFJE6LDR",
        "user_profile": {
            "avatar_hash": "d6f4de222bb1",
            "image_72": "https:\/\/avatars.slack-edge.com\/2020-07-20\/1235580478119_d6f4de222bb1ed6b5960_72.jpg",
            "first_name": "Cameron",
            "real_name": "Cameron Shorter",
            "display_name": "cameronshorter",
            "team": "TKFJE6LDR",
            "name": "cameron.shorter",
            "is_restricted": false,
            "is_ultra_restricted": false
        },
        "attachments": [
            {
                "title": "Halfway status - glossary pilot",
                "title_link": "http:\/\/cameronshorter.blogspot.com\/2020\/12\/halfway-status-glossary-pilot.html",
                "text": "This interim status report outlines achievements, early findings and outstanding tasks for our cross-organizational glossary pilot project ...",
                "fallback": "Halfway status - glossary pilot",
                "image_url": "https:\/\/lh3.googleusercontent.com\/-XI4TKGaCwSA\/X8dyGnr93KI\/AAAAAAAAGVQ\/dVTh8CGYfpwss-_YxO784Vh3qzYX9BiCQCLcBGAsYHQ\/w1200-h630-p-k-no-nu\/connected_glossaries.png",
                "from_url": "http:\/\/cameronshorter.blogspot.com\/2020\/12\/halfway-status-glossary-pilot.html",
                "image_width": 377,
                "image_height": 250,
                "image_bytes": 44154,
                "service_icon": "http:\/\/cameronshorter.blogspot.com\/favicon.ico",
                "service_name": "cameronshorter.blogspot.com",
                "id": 1,
                "original_url": "http:\/\/cameronshorter.blogspot.com\/2020\/12\/halfway-status-glossary-pilot.html"
            }
        ],
        "blocks": [
            {
                "type": "rich_text",
                "block_id": "alqjz",
                "elements": [
                    {
                        "type": "rich_text_section",
                        "elements": [
                            {
                                "type": "text",
                                "text": "I've published the "
                            },
                            {
                                "type": "link",
                                "url": "http:\/\/cameronshorter.blogspot.com\/2020\/12\/halfway-status-glossary-pilot.html",
                                "text": "halfway status in my blog"
                            },
                            {
                                "type": "text",
                                "text": "."
                            }
                        ]
                    }
                ]
            }
        ]
    },
    {
        "type": "message",
        "subtype": "channel_join",
        "ts": "1606982207.004100",
        "user": "U01GRUCTR1N",
        "text": "<@U01GRUCTR1N> has joined the channel"
    }
]