[
    {
        "client_msg_id": "e546cfeb-2446-47b2-a0b5-b1900ffa6c5f",
        "type": "message",
        "text": "Hi! 5 am is better than 4 am, no doubt about it, but it is still quite early for me. I usually wake up at 8.30 am. I know it is difficult to find a decent time frame for everyone, so I will do my best to be present at 5.",
        "user": "U01ABLZMV7E",
        "ts": "1606576415.002800",
        "team": "TKFJE6LDR",
        "user_team": "TKFJE6LDR",
        "source_team": "TKFJE6LDR",
        "user_profile": {
            "avatar_hash": "322d8ad14d52",
            "image_72": "https:\/\/avatars.slack-edge.com\/2020-09-05\/1351713799684_322d8ad14d5229ae723a_72.jpg",
            "first_name": "",
            "real_name": "Codrina Maria Ilie",
            "display_name": "Codrina Maria Ilie",
            "team": "TKFJE6LDR",
            "name": "codrinamariailie",
            "is_restricted": false,
            "is_ultra_restricted": false
        },
        "blocks": [
            {
                "type": "rich_text",
                "block_id": "4=Fi",
                "elements": [
                    {
                        "type": "rich_text_section",
                        "elements": [
                            {
                                "type": "text",
                                "text": "Hi! 5 am is better than 4 am, no doubt about it, but it is still quite early for me. I usually wake up at 8.30 am. I know it is difficult to find a decent time frame for everyone, so I will do my best to be present at 5."
                            }
                        ]
                    }
                ]
            }
        ]
    }
]