[
    {
        "client_msg_id": "d52f1b68-ea53-4815-a648-7fbe65902566",
        "type": "message",
        "text": "Hi, Cameron. Indeed, I did tell Ankita that, in hope to be of help for the initiative. 4 am is a bit early for me, especially as I am not really a morning person :smile: but I will do my best and try to wake up. If it proves to be a lost cause for me, I’ll let you know",
        "user": "U01ABLZMV7E",
        "ts": "1606464932.034400",
        "team": "TKFJE6LDR",
        "user_team": "TKFJE6LDR",
        "source_team": "TKFJE6LDR",
        "user_profile": {
            "avatar_hash": "322d8ad14d52",
            "image_72": "https:\/\/avatars.slack-edge.com\/2020-09-05\/1351713799684_322d8ad14d5229ae723a_72.jpg",
            "first_name": "",
            "real_name": "Codrina Maria Ilie",
            "display_name": "Codrina Maria Ilie",
            "team": "TKFJE6LDR",
            "name": "codrinamariailie",
            "is_restricted": false,
            "is_ultra_restricted": false
        },
        "blocks": [
            {
                "type": "rich_text",
                "block_id": "9CdSE",
                "elements": [
                    {
                        "type": "rich_text_section",
                        "elements": [
                            {
                                "type": "text",
                                "text": "Hi, Cameron. Indeed, I did tell Ankita that, in hope to be of help for the initiative. 4 am is a bit early for me, especially as I am not really a morning person "
                            },
                            {
                                "type": "emoji",
                                "name": "smile"
                            },
                            {
                                "type": "text",
                                "text": " but I will do my best and try to wake up. If it proves to be a lost cause for me, I’ll let you know"
                            }
                        ]
                    }
                ]
            }
        ]
    },
    {
        "client_msg_id": "46f8f713-f29d-466b-8b17-25f64809d13c",
        "type": "message",
        "text": "<@UKTGLQNGG> <@U01ABLZMV7E> I'm okay if we push the meeting back by an hour. Hopefully that might work out better. :grinning:",
        "user": "U018GVAH3FX",
        "ts": "1606515279.036200",
        "team": "TKFJE6LDR",
        "user_team": "TKFJE6LDR",
        "source_team": "TKFJE6LDR",
        "user_profile": {
            "avatar_hash": "ge5dc7096981",
            "image_72": "https:\/\/secure.gravatar.com\/avatar\/e5dc709698120b8f32e53b9472f12064.jpg?s=72&d=https%3A%2F%2Fa.slack-edge.com%2Fdf10d%2Fimg%2Favatars%2Fava_0015-72.png",
            "first_name": "",
            "real_name": "Naini",
            "display_name": "Naini",
            "team": "TKFJE6LDR",
            "name": "khajanchi.naini",
            "is_restricted": false,
            "is_ultra_restricted": false
        },
        "blocks": [
            {
                "type": "rich_text",
                "block_id": "5+dy1",
                "elements": [
                    {
                        "type": "rich_text_section",
                        "elements": [
                            {
                                "type": "user",
                                "user_id": "UKTGLQNGG"
                            },
                            {
                                "type": "text",
                                "text": " "
                            },
                            {
                                "type": "user",
                                "user_id": "U01ABLZMV7E"
                            },
                            {
                                "type": "text",
                                "text": " I'm okay if we push the meeting back by an hour. Hopefully that might work out better. "
                            },
                            {
                                "type": "emoji",
                                "name": "grinning"
                            }
                        ]
                    }
                ]
            }
        ]
    },
    {
        "client_msg_id": "c6c56a4f-74b2-4a45-93f6-d6cfb59beb7c",
        "type": "message",
        "text": "<@U01ABLZMV7E> could you make a 5am meeting? Would people be able to work around other meetings if we chose this timeslot: <https:\/\/www.timeanddate.com\/worldclock\/meetingdetails.html?year=2020&amp;month=12&amp;day=4&amp;hour=3&amp;min=0&amp;sec=0&amp;p1=22&amp;p2=240&amp;p3=47&amp;p4=248&amp;p5=102&amp;p6=44&amp;p7=26&amp;p8=136&amp;p9=179&amp;p10=220&amp;p11=224>",
        "user": "UKTGLQNGG",
        "ts": "1606519780.001200",
        "team": "TKFJE6LDR",
        "user_team": "TKFJE6LDR",
        "source_team": "TKFJE6LDR",
        "user_profile": {
            "avatar_hash": "d6f4de222bb1",
            "image_72": "https:\/\/avatars.slack-edge.com\/2020-07-20\/1235580478119_d6f4de222bb1ed6b5960_72.jpg",
            "first_name": "Cameron",
            "real_name": "Cameron Shorter",
            "display_name": "cameronshorter",
            "team": "TKFJE6LDR",
            "name": "cameron.shorter",
            "is_restricted": false,
            "is_ultra_restricted": false
        },
        "attachments": [
            {
                "title": "The World Clock Meeting Planner - Details",
                "title_link": "https:\/\/www.timeanddate.com\/worldclock\/meetingdetails.html?year=2020&month=12&day=4&hour=3&min=0&sec=0&p1=22&p2=240&p3=47&p4=248&p5=102&p6=44&p7=26&p8=136&p9=179&p10=220&p11=224",
                "text": "Local time for a meeting, in user selected locations.",
                "fallback": "The World Clock Meeting Planner - Details",
                "image_url": "https:\/\/c.tadst.com\/gfx\/og\/tadlogo-facebook.png",
                "from_url": "https:\/\/www.timeanddate.com\/worldclock\/meetingdetails.html?year=2020&month=12&day=4&hour=3&min=0&sec=0&p1=22&p2=240&p3=47&p4=248&p5=102&p6=44&p7=26&p8=136&p9=179&p10=220&p11=224",
                "image_width": 476,
                "image_height": 250,
                "image_bytes": 55884,
                "service_icon": "https:\/\/www.timeanddate.com\/favicon.ico",
                "service_name": "timeanddate.com",
                "id": 1,
                "original_url": "https:\/\/www.timeanddate.com\/worldclock\/meetingdetails.html?year=2020&amp;month=12&amp;day=4&amp;hour=3&amp;min=0&amp;sec=0&amp;p1=22&amp;p2=240&amp;p3=47&amp;p4=248&amp;p5=102&amp;p6=44&amp;p7=26&amp;p8=136&amp;p9=179&amp;p10=220&amp;p11=224"
            }
        ],
        "blocks": [
            {
                "type": "rich_text",
                "block_id": "P5zy",
                "elements": [
                    {
                        "type": "rich_text_section",
                        "elements": [
                            {
                                "type": "user",
                                "user_id": "U01ABLZMV7E"
                            },
                            {
                                "type": "text",
                                "text": " could you make a 5am meeting? Would people be able to work around other meetings if we chose this timeslot: "
                            },
                            {
                                "type": "link",
                                "url": "https:\/\/www.timeanddate.com\/worldclock\/meetingdetails.html?year=2020&month=12&day=4&hour=3&min=0&sec=0&p1=22&p2=240&p3=47&p4=248&p5=102&p6=44&p7=26&p8=136&p9=179&p10=220&p11=224"
                            }
                        ]
                    }
                ]
            }
        ]
    }
]