[
    {
        "type": "message",
        "subtype": "channel_join",
        "ts": "1607029886.004300",
        "user": "U01GAG971A8",
        "text": "<@U01GAG971A8> has joined the channel"
    },
    {
        "client_msg_id": "bee142e9-5eb2-4d51-8078-38d6d102789c",
        "type": "message",
        "text": "hello everyone, is there a meeting today? did the time change? (+1hr later)?",
        "user": "U019YA7SD0U",
        "ts": "1607048844.004800",
        "team": "TKFJE6LDR",
        "user_team": "TKFJE6LDR",
        "source_team": "TKFJE6LDR",
        "user_profile": {
            "avatar_hash": "gd927840085e",
            "image_72": "https:\/\/secure.gravatar.com\/avatar\/d927840085e81f89fb210807b02ee5bc.jpg?s=72&d=https%3A%2F%2Fa.slack-edge.com%2Fdf10d%2Fimg%2Favatars%2Fava_0007-72.png",
            "first_name": "Reese",
            "real_name": "Reese Plews",
            "display_name": "Reese Plews (TC211 TMG)",
            "team": "TKFJE6LDR",
            "name": "rplews",
            "is_restricted": false,
            "is_ultra_restricted": false
        },
        "blocks": [
            {
                "type": "rich_text",
                "block_id": "SS0t",
                "elements": [
                    {
                        "type": "rich_text_section",
                        "elements": [
                            {
                                "type": "text",
                                "text": "hello everyone, is there a meeting today? did the time change? (+1hr later)?"
                            }
                        ]
                    }
                ]
            }
        ]
    },
    {
        "client_msg_id": "fa08fac7-70e0-400c-a7e6-1fb1e8e03687",
        "type": "message",
        "text": "goodmorning <@U0170HMB87K> do you know if there is a meeting today?  <@U01A1CBD0CC> and i were wondering...   have not seen others around yet...",
        "user": "U019YA7SD0U",
        "ts": "1607049293.005600",
        "team": "TKFJE6LDR",
        "user_team": "TKFJE6LDR",
        "source_team": "TKFJE6LDR",
        "user_profile": {
            "avatar_hash": "gd927840085e",
            "image_72": "https:\/\/secure.gravatar.com\/avatar\/d927840085e81f89fb210807b02ee5bc.jpg?s=72&d=https%3A%2F%2Fa.slack-edge.com%2Fdf10d%2Fimg%2Favatars%2Fava_0007-72.png",
            "first_name": "Reese",
            "real_name": "Reese Plews",
            "display_name": "Reese Plews (TC211 TMG)",
            "team": "TKFJE6LDR",
            "name": "rplews",
            "is_restricted": false,
            "is_ultra_restricted": false
        },
        "blocks": [
            {
                "type": "rich_text",
                "block_id": "F+w",
                "elements": [
                    {
                        "type": "rich_text_section",
                        "elements": [
                            {
                                "type": "text",
                                "text": "goodmorning "
                            },
                            {
                                "type": "user",
                                "user_id": "U0170HMB87K"
                            },
                            {
                                "type": "text",
                                "text": " do you know if there is a meeting today?  "
                            },
                            {
                                "type": "user",
                                "user_id": "U01A1CBD0CC"
                            },
                            {
                                "type": "text",
                                "text": " and i were wondering...   have not seen others around yet..."
                            }
                        ]
                    }
                ]
            }
        ],
        "thread_ts": "1607049293.005600",
        "reply_count": 6,
        "reply_users_count": 3,
        "latest_reply": "1607088579.008400",
        "reply_users": [
            "U0170HMB87K",
            "U019YA7SD0U",
            "U018GVAH3FX"
        ],
        "replies": [
            {
                "user": "U0170HMB87K",
                "ts": "1607049432.005700"
            },
            {
                "user": "U019YA7SD0U",
                "ts": "1607049601.005900"
            },
            {
                "user": "U0170HMB87K",
                "ts": "1607050335.007400"
            },
            {
                "user": "U0170HMB87K",
                "ts": "1607063296.008000"
            },
            {
                "user": "U018GVAH3FX",
                "ts": "1607088547.008200"
            },
            {
                "user": "U018GVAH3FX",
                "ts": "1607088579.008400"
            }
        ],
        "subscribed": false
    },
    {
        "client_msg_id": "d3915def-2c02-40aa-9d78-c3608e4f3ee4",
        "type": "message",
        "text": "Hey Goodmorning Reese. I could see the meeting slot at 9 AM IST today in my calendar. But we are all busy with WTD conference today :disappointed:\nBut we may meet for 15 mins. <@UKTGLQNGG> Can we?",
        "user": "U0170HMB87K",
        "ts": "1607049432.005700",
        "team": "TKFJE6LDR",
        "user_team": "TKFJE6LDR",
        "source_team": "TKFJE6LDR",
        "user_profile": {
            "avatar_hash": "f39553b0636b",
            "image_72": "https:\/\/avatars.slack-edge.com\/2020-07-22\/1249269540710_f39553b0636b29704992_72.jpg",
            "first_name": "",
            "real_name": "Ankita",
            "display_name": "Ankita",
            "team": "TKFJE6LDR",
            "name": "ankitatripathi.2312",
            "is_restricted": false,
            "is_ultra_restricted": false
        },
        "blocks": [
            {
                "type": "rich_text",
                "block_id": "XkrEz",
                "elements": [
                    {
                        "type": "rich_text_section",
                        "elements": [
                            {
                                "type": "text",
                                "text": "Hey Goodmorning Reese. I could see the meeting slot at 9 AM IST today in my calendar. But we are all busy with WTD conference today "
                            },
                            {
                                "type": "emoji",
                                "name": "disappointed"
                            },
                            {
                                "type": "text",
                                "text": "\nBut we may meet for 15 mins. "
                            },
                            {
                                "type": "user",
                                "user_id": "UKTGLQNGG"
                            },
                            {
                                "type": "text",
                                "text": " Can we?"
                            }
                        ]
                    }
                ]
            }
        ],
        "thread_ts": "1607049293.005600",
        "parent_user_id": "U019YA7SD0U"
    },
    {
        "client_msg_id": "41ba1220-604e-4e63-8402-4cf0115e5ee1",
        "type": "message",
        "text": "hi Ankita, thanks for the reply. i recall the conference. no need to meet, people are busy today... i dont have anything to talk about as i have been busy with ISO tc211 meetings this week...",
        "user": "U019YA7SD0U",
        "ts": "1607049601.005900",
        "team": "TKFJE6LDR",
        "user_team": "TKFJE6LDR",
        "source_team": "TKFJE6LDR",
        "user_profile": {
            "avatar_hash": "gd927840085e",
            "image_72": "https:\/\/secure.gravatar.com\/avatar\/d927840085e81f89fb210807b02ee5bc.jpg?s=72&d=https%3A%2F%2Fa.slack-edge.com%2Fdf10d%2Fimg%2Favatars%2Fava_0007-72.png",
            "first_name": "Reese",
            "real_name": "Reese Plews",
            "display_name": "Reese Plews (TC211 TMG)",
            "team": "TKFJE6LDR",
            "name": "rplews",
            "is_restricted": false,
            "is_ultra_restricted": false
        },
        "blocks": [
            {
                "type": "rich_text",
                "block_id": "D2si",
                "elements": [
                    {
                        "type": "rich_text_section",
                        "elements": [
                            {
                                "type": "text",
                                "text": "hi Ankita, thanks for the reply. i recall the conference. no need to meet, people are busy today... i dont have anything to talk about as i have been busy with ISO tc211 meetings this week..."
                            }
                        ]
                    }
                ]
            }
        ],
        "thread_ts": "1607049293.005600",
        "parent_user_id": "U019YA7SD0U"
    },
    {
        "client_msg_id": "5fc4d9ad-75ac-4c7d-a427-7cd7ff984b0f",
        "type": "message",
        "text": "I've adjusted the meeting timeslot this week to work around conference schedule. Hope others can fit in. It is in 45 mins, 14:30 Sydney time: <https:\/\/www.timeanddate.com\/worldclock\/meetingdetails.html?year=2020&amp;month=12&amp;day=4&amp;hour=4&amp;min=30&amp;sec=0&amp;p1=22&amp;p2=240&amp;p3=47&amp;p4=248&amp;p5=102&amp;p6=44&amp;p7=26&amp;p8=136&amp;p9=179&amp;p10=220&amp;p11=224>",
        "user": "UKTGLQNGG",
        "ts": "1607050114.007200",
        "team": "TKFJE6LDR",
        "user_team": "TKFJE6LDR",
        "source_team": "TKFJE6LDR",
        "user_profile": {
            "avatar_hash": "d6f4de222bb1",
            "image_72": "https:\/\/avatars.slack-edge.com\/2020-07-20\/1235580478119_d6f4de222bb1ed6b5960_72.jpg",
            "first_name": "Cameron",
            "real_name": "Cameron Shorter",
            "display_name": "cameronshorter",
            "team": "TKFJE6LDR",
            "name": "cameron.shorter",
            "is_restricted": false,
            "is_ultra_restricted": false
        },
        "attachments": [
            {
                "title": "The World Clock Meeting Planner - Details",
                "title_link": "https:\/\/www.timeanddate.com\/worldclock\/meetingdetails.html?year=2020&month=12&day=4&hour=4&min=30&sec=0&p1=22&p2=240&p3=47&p4=248&p5=102&p6=44&p7=26&p8=136&p9=179&p10=220&p11=224",
                "text": "Local time for a meeting, in user selected locations.",
                "fallback": "The World Clock Meeting Planner - Details",
                "image_url": "https:\/\/c.tadst.com\/gfx\/og\/tadlogo-facebook.png",
                "from_url": "https:\/\/www.timeanddate.com\/worldclock\/meetingdetails.html?year=2020&month=12&day=4&hour=4&min=30&sec=0&p1=22&p2=240&p3=47&p4=248&p5=102&p6=44&p7=26&p8=136&p9=179&p10=220&p11=224",
                "image_width": 476,
                "image_height": 250,
                "image_bytes": 55884,
                "service_icon": "https:\/\/www.timeanddate.com\/favicon.ico",
                "service_name": "timeanddate.com",
                "id": 1,
                "original_url": "https:\/\/www.timeanddate.com\/worldclock\/meetingdetails.html?year=2020&amp;month=12&amp;day=4&amp;hour=4&amp;min=30&amp;sec=0&amp;p1=22&amp;p2=240&amp;p3=47&amp;p4=248&amp;p5=102&amp;p6=44&amp;p7=26&amp;p8=136&amp;p9=179&amp;p10=220&amp;p11=224"
            }
        ],
        "blocks": [
            {
                "type": "rich_text",
                "block_id": "MoMR",
                "elements": [
                    {
                        "type": "rich_text_section",
                        "elements": [
                            {
                                "type": "text",
                                "text": "I've adjusted the meeting timeslot this week to work around conference schedule. Hope others can fit in. It is in 45 mins, 14:30 Sydney time: "
                            },
                            {
                                "type": "link",
                                "url": "https:\/\/www.timeanddate.com\/worldclock\/meetingdetails.html?year=2020&month=12&day=4&hour=4&min=30&sec=0&p1=22&p2=240&p3=47&p4=248&p5=102&p6=44&p7=26&p8=136&p9=179&p10=220&p11=224"
                            }
                        ]
                    }
                ]
            }
        ]
    },
    {
        "client_msg_id": "5a2272d9-0dc0-4256-a307-c93edc5de518",
        "type": "message",
        "text": "Oh okay <@U019YA7SD0U> If you may have time we could set something with Codrina for the evening slot like we did last week?",
        "user": "U0170HMB87K",
        "ts": "1607050335.007400",
        "team": "TKFJE6LDR",
        "user_team": "TKFJE6LDR",
        "source_team": "TKFJE6LDR",
        "user_profile": {
            "avatar_hash": "f39553b0636b",
            "image_72": "https:\/\/avatars.slack-edge.com\/2020-07-22\/1249269540710_f39553b0636b29704992_72.jpg",
            "first_name": "",
            "real_name": "Ankita",
            "display_name": "Ankita",
            "team": "TKFJE6LDR",
            "name": "ankitatripathi.2312",
            "is_restricted": false,
            "is_ultra_restricted": false
        },
        "blocks": [
            {
                "type": "rich_text",
                "block_id": "rTad",
                "elements": [
                    {
                        "type": "rich_text_section",
                        "elements": [
                            {
                                "type": "text",
                                "text": "Oh okay "
                            },
                            {
                                "type": "user",
                                "user_id": "U019YA7SD0U"
                            },
                            {
                                "type": "text",
                                "text": " If you may have time we could set something with Codrina for the evening slot like we did last week?"
                            }
                        ]
                    }
                ]
            }
        ],
        "thread_ts": "1607049293.005600",
        "parent_user_id": "U019YA7SD0U"
    },
    {
        "client_msg_id": "d843e8df-f1fb-47b0-9cc6-664da8e721e3",
        "type": "message",
        "text": "glossary meeting now <https:\/\/meet.google.com\/xpw-djtk-apv?authuser=0>",
        "user": "UKTGLQNGG",
        "ts": "1607053055.007800",
        "team": "TKFJE6LDR",
        "user_team": "TKFJE6LDR",
        "source_team": "TKFJE6LDR",
        "user_profile": {
            "avatar_hash": "d6f4de222bb1",
            "image_72": "https:\/\/avatars.slack-edge.com\/2020-07-20\/1235580478119_d6f4de222bb1ed6b5960_72.jpg",
            "first_name": "Cameron",
            "real_name": "Cameron Shorter",
            "display_name": "cameronshorter",
            "team": "TKFJE6LDR",
            "name": "cameron.shorter",
            "is_restricted": false,
            "is_ultra_restricted": false
        },
        "attachments": [
            {
                "title": "Meet",
                "title_link": "https:\/\/meet.google.com\/xpw-djtk-apv?authuser=0",
                "text": "Real-time meetings by Google. Using your browser, share your video, desktop, and presentations with teammates and customers.",
                "fallback": "Meet",
                "thumb_url": "https:\/\/fonts.gstatic.com\/s\/i\/productlogos\/meet_2020q4\/v1\/web-96dp\/logo_meet_2020q4_color_2x_web_96dp.png",
                "from_url": "https:\/\/meet.google.com\/xpw-djtk-apv?authuser=0",
                "thumb_width": 192,
                "thumb_height": 192,
                "service_icon": "http:\/\/fonts.gstatic.com\/s\/i\/productlogos\/meet_2020q4\/v1\/web-24dp\/logo_meet_2020q4_color_1x_web_24dp.png",
                "service_name": "meet.google.com",
                "id": 1,
                "original_url": "https:\/\/meet.google.com\/xpw-djtk-apv?authuser=0"
            }
        ],
        "blocks": [
            {
                "type": "rich_text",
                "block_id": "J53",
                "elements": [
                    {
                        "type": "rich_text_section",
                        "elements": [
                            {
                                "type": "text",
                                "text": "glossary meeting now "
                            },
                            {
                                "type": "link",
                                "url": "https:\/\/meet.google.com\/xpw-djtk-apv?authuser=0"
                            }
                        ]
                    }
                ]
            }
        ]
    },
    {
        "client_msg_id": "98bf6c74-a1a5-4a57-9bb7-e942179d2f4d",
        "type": "message",
        "text": "Hi <@U01A1CBD0CC> <@U019YA7SD0U> Any chance we should set something for tonight’s meeting?\n<@U018GVAH3FX> Will you be available?",
        "user": "U0170HMB87K",
        "ts": "1607063296.008000",
        "team": "TKFJE6LDR",
        "user_team": "TKFJE6LDR",
        "source_team": "TKFJE6LDR",
        "user_profile": {
            "avatar_hash": "f39553b0636b",
            "image_72": "https:\/\/avatars.slack-edge.com\/2020-07-22\/1249269540710_f39553b0636b29704992_72.jpg",
            "first_name": "",
            "real_name": "Ankita",
            "display_name": "Ankita",
            "team": "TKFJE6LDR",
            "name": "ankitatripathi.2312",
            "is_restricted": false,
            "is_ultra_restricted": false
        },
        "blocks": [
            {
                "type": "rich_text",
                "block_id": "x9o8h",
                "elements": [
                    {
                        "type": "rich_text_section",
                        "elements": [
                            {
                                "type": "text",
                                "text": "Hi "
                            },
                            {
                                "type": "user",
                                "user_id": "U01A1CBD0CC"
                            },
                            {
                                "type": "text",
                                "text": " "
                            },
                            {
                                "type": "user",
                                "user_id": "U019YA7SD0U"
                            },
                            {
                                "type": "text",
                                "text": " Any chance we should set something for tonight’s meeting?\n"
                            },
                            {
                                "type": "user",
                                "user_id": "U018GVAH3FX"
                            },
                            {
                                "type": "text",
                                "text": " Will you be available?"
                            }
                        ]
                    }
                ]
            }
        ],
        "thread_ts": "1607049293.005600",
        "parent_user_id": "U019YA7SD0U"
    }
]