[
    {
        "client_msg_id": "da06cc12-892b-4c95-9b51-e25f734c3afa",
        "type": "message",
        "text": "Yikes! Just saw this. I was going to attend the meeting. I took a short nap around my 7pm and the cold and fever meds knocked me out. \n\n<@UKTGLQNGG> <@U0170HMB87K> so sorry for missing the call yesterday!!",
        "user": "U018GVAH3FX",
        "ts": "1607088547.008200",
        "team": "TKFJE6LDR",
        "user_team": "TKFJE6LDR",
        "source_team": "TKFJE6LDR",
        "user_profile": {
            "avatar_hash": "ge5dc7096981",
            "image_72": "https:\/\/secure.gravatar.com\/avatar\/e5dc709698120b8f32e53b9472f12064.jpg?s=72&d=https%3A%2F%2Fa.slack-edge.com%2Fdf10d%2Fimg%2Favatars%2Fava_0015-72.png",
            "first_name": "",
            "real_name": "Naini",
            "display_name": "Naini",
            "team": "TKFJE6LDR",
            "name": "khajanchi.naini",
            "is_restricted": false,
            "is_ultra_restricted": false
        },
        "blocks": [
            {
                "type": "rich_text",
                "block_id": "WNI",
                "elements": [
                    {
                        "type": "rich_text_section",
                        "elements": [
                            {
                                "type": "text",
                                "text": "Yikes! Just saw this. I was going to attend the meeting. I took a short nap around my 7pm and the cold and fever meds knocked me out. \n\n"
                            },
                            {
                                "type": "user",
                                "user_id": "UKTGLQNGG"
                            },
                            {
                                "type": "text",
                                "text": " "
                            },
                            {
                                "type": "user",
                                "user_id": "U0170HMB87K"
                            },
                            {
                                "type": "text",
                                "text": " so sorry for missing the call yesterday!!"
                            }
                        ]
                    }
                ]
            }
        ],
        "thread_ts": "1607049293.005600",
        "parent_user_id": "U019YA7SD0U"
    },
    {
        "client_msg_id": "e801d62a-bd2e-45bb-84c8-e57d45607b3a",
        "type": "message",
        "text": "The time works for me though.",
        "user": "U018GVAH3FX",
        "ts": "1607088579.008400",
        "team": "TKFJE6LDR",
        "user_team": "TKFJE6LDR",
        "source_team": "TKFJE6LDR",
        "user_profile": {
            "avatar_hash": "ge5dc7096981",
            "image_72": "https:\/\/secure.gravatar.com\/avatar\/e5dc709698120b8f32e53b9472f12064.jpg?s=72&d=https%3A%2F%2Fa.slack-edge.com%2Fdf10d%2Fimg%2Favatars%2Fava_0015-72.png",
            "first_name": "",
            "real_name": "Naini",
            "display_name": "Naini",
            "team": "TKFJE6LDR",
            "name": "khajanchi.naini",
            "is_restricted": false,
            "is_ultra_restricted": false
        },
        "blocks": [
            {
                "type": "rich_text",
                "block_id": "SYfo",
                "elements": [
                    {
                        "type": "rich_text_section",
                        "elements": [
                            {
                                "type": "text",
                                "text": "The time works for me though."
                            }
                        ]
                    }
                ]
            }
        ],
        "thread_ts": "1607049293.005600",
        "parent_user_id": "U019YA7SD0U"
    }
]