[
    {
        "client_msg_id": "adbeda6f-a027-4f96-a078-865672f289b9",
        "type": "message",
        "text": "I'll make at 5:30am this week, (which fits in with a Write the Docs conference break that Naini and I are going to). 14:30am Australian time. Then move back to 5am \/ 2pm Australian time for future. Thanks Codrina for offering to adjust your sleep pattern.",
        "user": "UKTGLQNGG",
        "ts": "1606780711.002500",
        "team": "TKFJE6LDR",
        "user_team": "TKFJE6LDR",
        "source_team": "TKFJE6LDR",
        "user_profile": {
            "avatar_hash": "d6f4de222bb1",
            "image_72": "https:\/\/avatars.slack-edge.com\/2020-07-20\/1235580478119_d6f4de222bb1ed6b5960_72.jpg",
            "first_name": "Cameron",
            "real_name": "Cameron Shorter",
            "display_name": "cameronshorter",
            "team": "TKFJE6LDR",
            "name": "cameron.shorter",
            "is_restricted": false,
            "is_ultra_restricted": false
        },
        "blocks": [
            {
                "type": "rich_text",
                "block_id": "xOJ\/d",
                "elements": [
                    {
                        "type": "rich_text_section",
                        "elements": [
                            {
                                "type": "text",
                                "text": "I'll make at 5:30am this week, (which fits in with a Write the Docs conference break that Naini and I are going to). 14:30am Australian time. Then move back to 5am \/ 2pm Australian time for future. Thanks Codrina for offering to adjust your sleep pattern."
                            }
                        ]
                    }
                ]
            }
        ]
    },
    {
        "client_msg_id": "5cdb8b88-2b0f-4c8a-bc2c-4a7d17c5ffc4",
        "type": "message",
        "text": "I have a draft of a <https:\/\/docs.google.com\/document\/d\/1qszy0Wve9wCQ1PSdrlAGgh4gU0zLO7E8SGJvIps-5mU\/edit#|halfway status report>. I'd be keen for a review and to see what I've missed.",
        "user": "UKTGLQNGG",
        "ts": "1606781012.003300",
        "team": "TKFJE6LDR",
        "user_team": "TKFJE6LDR",
        "source_team": "TKFJE6LDR",
        "user_profile": {
            "avatar_hash": "d6f4de222bb1",
            "image_72": "https:\/\/avatars.slack-edge.com\/2020-07-20\/1235580478119_d6f4de222bb1ed6b5960_72.jpg",
            "first_name": "Cameron",
            "real_name": "Cameron Shorter",
            "display_name": "cameronshorter",
            "team": "TKFJE6LDR",
            "name": "cameron.shorter",
            "is_restricted": false,
            "is_ultra_restricted": false
        },
        "blocks": [
            {
                "type": "rich_text",
                "block_id": "JEUwX",
                "elements": [
                    {
                        "type": "rich_text_section",
                        "elements": [
                            {
                                "type": "text",
                                "text": "I have a draft of a "
                            },
                            {
                                "type": "link",
                                "url": "https:\/\/docs.google.com\/document\/d\/1qszy0Wve9wCQ1PSdrlAGgh4gU0zLO7E8SGJvIps-5mU\/edit#",
                                "text": "halfway status report"
                            },
                            {
                                "type": "text",
                                "text": ". I'd be keen for a review and to see what I've missed."
                            }
                        ]
                    }
                ]
            }
        ]
    }
]