[
    {
        "client_msg_id": "a0d415f2-90f3-4bdd-8b48-52044fef6baa",
        "type": "message",
        "text": "Hi folks, I'll skip tonight's check-in owing to some personal work.",
        "user": "U018GVAH3FX",
        "ts": "1605220618.096400",
        "team": "TKFJE6LDR",
        "user_team": "TKFJE6LDR",
        "source_team": "TKFJE6LDR",
        "user_profile": {
            "avatar_hash": "ge5dc7096981",
            "image_72": "https:\/\/secure.gravatar.com\/avatar\/e5dc709698120b8f32e53b9472f12064.jpg?s=72&d=https%3A%2F%2Fa.slack-edge.com%2Fdf10d%2Fimg%2Favatars%2Fava_0015-72.png",
            "first_name": "",
            "real_name": "Naini",
            "display_name": "Naini",
            "team": "TKFJE6LDR",
            "name": "khajanchi.naini",
            "is_restricted": false,
            "is_ultra_restricted": false
        },
        "blocks": [
            {
                "type": "rich_text",
                "block_id": "1FJrc",
                "elements": [
                    {
                        "type": "rich_text_section",
                        "elements": [
                            {
                                "type": "text",
                                "text": "Hi folks, I'll skip tonight's check-in owing to some personal work."
                            }
                        ]
                    }
                ]
            }
        ]
    },
    {
        "client_msg_id": "f4ee075a-0515-4058-9c34-c155292695df",
        "type": "message",
        "text": "Ok, meeting now <https:\/\/meet.google.com\/xpw-djtk-apv?authuser=0>",
        "user": "UKTGLQNGG",
        "ts": "1605231162.096900",
        "team": "TKFJE6LDR",
        "user_team": "TKFJE6LDR",
        "source_team": "TKFJE6LDR",
        "user_profile": {
            "avatar_hash": "d6f4de222bb1",
            "image_72": "https:\/\/avatars.slack-edge.com\/2020-07-20\/1235580478119_d6f4de222bb1ed6b5960_72.jpg",
            "first_name": "Cameron",
            "real_name": "Cameron Shorter",
            "display_name": "cameronshorter",
            "team": "TKFJE6LDR",
            "name": "cameron.shorter",
            "is_restricted": false,
            "is_ultra_restricted": false
        },
        "attachments": [
            {
                "title": "Meet",
                "title_link": "https:\/\/meet.google.com\/xpw-djtk-apv?authuser=0",
                "text": "Real-time meetings by Google. Using your browser, share your video, desktop, and presentations with teammates and customers.",
                "fallback": "Meet",
                "thumb_url": "https:\/\/fonts.gstatic.com\/s\/i\/productlogos\/meet_2020q4\/v1\/web-96dp\/logo_meet_2020q4_color_2x_web_96dp.png",
                "from_url": "https:\/\/meet.google.com\/xpw-djtk-apv?authuser=0",
                "thumb_width": 192,
                "thumb_height": 192,
                "service_icon": "http:\/\/fonts.gstatic.com\/s\/i\/productlogos\/meet_2020q4\/v1\/web-24dp\/logo_meet_2020q4_color_1x_web_24dp.png",
                "service_name": "meet.google.com",
                "id": 1,
                "original_url": "https:\/\/meet.google.com\/xpw-djtk-apv?authuser=0"
            }
        ],
        "blocks": [
            {
                "type": "rich_text",
                "block_id": "=IVCm",
                "elements": [
                    {
                        "type": "rich_text_section",
                        "elements": [
                            {
                                "type": "text",
                                "text": "Ok, meeting now "
                            },
                            {
                                "type": "link",
                                "url": "https:\/\/meet.google.com\/xpw-djtk-apv?authuser=0"
                            }
                        ]
                    }
                ]
            }
        ]
    },
    {
        "client_msg_id": "ED37F129-426D-47AE-ACBD-C16ACFEFC411",
        "type": "message",
        "text": "And I guess early morning. Missed it again. :cold_sweat:\nI will add my updates in the meeting notes. ",
        "user": "U0170HMB87K",
        "ts": "1605232220.098100",
        "team": "TKFJE6LDR",
        "user_team": "TKFJE6LDR",
        "source_team": "TKFJE6LDR",
        "user_profile": {
            "avatar_hash": "f39553b0636b",
            "image_72": "https:\/\/avatars.slack-edge.com\/2020-07-22\/1249269540710_f39553b0636b29704992_72.jpg",
            "first_name": "",
            "real_name": "Ankita",
            "display_name": "Ankita",
            "team": "TKFJE6LDR",
            "name": "ankitatripathi.2312",
            "is_restricted": false,
            "is_ultra_restricted": false
        },
        "blocks": [
            {
                "type": "rich_text",
                "block_id": "eJmy\/",
                "elements": [
                    {
                        "type": "rich_text_section",
                        "elements": [
                            {
                                "type": "text",
                                "text": "And I guess early morning. Missed it again. "
                            },
                            {
                                "type": "emoji",
                                "name": "cold_sweat"
                            },
                            {
                                "type": "text",
                                "text": "\nI will add my updates in the meeting notes. "
                            }
                        ]
                    }
                ]
            }
        ]
    },
    {
        "client_msg_id": "b63680c6-5c2c-498b-9886-39ffcfb781e3",
        "type": "message",
        "text": "Still online ... if you are quick",
        "user": "UKTGLQNGG",
        "ts": "1605232242.098500",
        "team": "TKFJE6LDR",
        "user_team": "TKFJE6LDR",
        "source_team": "TKFJE6LDR",
        "user_profile": {
            "avatar_hash": "d6f4de222bb1",
            "image_72": "https:\/\/avatars.slack-edge.com\/2020-07-20\/1235580478119_d6f4de222bb1ed6b5960_72.jpg",
            "first_name": "Cameron",
            "real_name": "Cameron Shorter",
            "display_name": "cameronshorter",
            "team": "TKFJE6LDR",
            "name": "cameron.shorter",
            "is_restricted": false,
            "is_ultra_restricted": false
        },
        "blocks": [
            {
                "type": "rich_text",
                "block_id": "kIk",
                "elements": [
                    {
                        "type": "rich_text_section",
                        "elements": [
                            {
                                "type": "text",
                                "text": "Still online ... if you are quick"
                            }
                        ]
                    }
                ]
            }
        ]
    },
    {
        "client_msg_id": "3FB4A3F6-F61B-4BF4-8C5B-9E75F7EF5319",
        "type": "message",
        "text": "Oh yes will join",
        "user": "U0170HMB87K",
        "ts": "1605232351.098800",
        "team": "TKFJE6LDR",
        "user_team": "TKFJE6LDR",
        "source_team": "TKFJE6LDR",
        "user_profile": {
            "avatar_hash": "f39553b0636b",
            "image_72": "https:\/\/avatars.slack-edge.com\/2020-07-22\/1249269540710_f39553b0636b29704992_72.jpg",
            "first_name": "",
            "real_name": "Ankita",
            "display_name": "Ankita",
            "team": "TKFJE6LDR",
            "name": "ankitatripathi.2312",
            "is_restricted": false,
            "is_ultra_restricted": false
        },
        "blocks": [
            {
                "type": "rich_text",
                "block_id": "yUU",
                "elements": [
                    {
                        "type": "rich_text_section",
                        "elements": [
                            {
                                "type": "text",
                                "text": "Oh yes will join"
                            }
                        ]
                    }
                ]
            }
        ]
    },
    {
        "client_msg_id": "0bea2da2-5c7d-43d4-a729-eb9ed291000e",
        "type": "message",
        "text": "I realize this meeting slot is early for <@U0170HMB87K>, would it help if we made the meeting later, maybe 30 or 60 mins later? <@U018GVAH3FX> how would that impact you?",
        "user": "UKTGLQNGG",
        "ts": "1605233045.101100",
        "team": "TKFJE6LDR",
        "user_team": "TKFJE6LDR",
        "source_team": "TKFJE6LDR",
        "user_profile": {
            "avatar_hash": "d6f4de222bb1",
            "image_72": "https:\/\/avatars.slack-edge.com\/2020-07-20\/1235580478119_d6f4de222bb1ed6b5960_72.jpg",
            "first_name": "Cameron",
            "real_name": "Cameron Shorter",
            "display_name": "cameronshorter",
            "team": "TKFJE6LDR",
            "name": "cameron.shorter",
            "is_restricted": false,
            "is_ultra_restricted": false
        },
        "blocks": [
            {
                "type": "rich_text",
                "block_id": "5pGXI",
                "elements": [
                    {
                        "type": "rich_text_section",
                        "elements": [
                            {
                                "type": "text",
                                "text": "I realize this meeting slot is early for "
                            },
                            {
                                "type": "user",
                                "user_id": "U0170HMB87K"
                            },
                            {
                                "type": "text",
                                "text": ", would it help if we made the meeting later, maybe 30 or 60 mins later? "
                            },
                            {
                                "type": "user",
                                "user_id": "U018GVAH3FX"
                            },
                            {
                                "type": "text",
                                "text": " how would that impact you?"
                            }
                        ]
                    }
                ]
            }
        ],
        "thread_ts": "1605233045.101100",
        "reply_count": 2,
        "reply_users_count": 2,
        "latest_reply": "1605281779.101500",
        "reply_users": [
            "U0170HMB87K",
            "U018GVAH3FX"
        ],
        "replies": [
            {
                "user": "U0170HMB87K",
                "ts": "1605233166.101200"
            },
            {
                "user": "U018GVAH3FX",
                "ts": "1605281779.101500"
            }
        ],
        "subscribed": false
    },
    {
        "client_msg_id": "27134743-4916-4932-9d73-e0a788fbdb14",
        "type": "message",
        "text": "I would love that :grin:",
        "user": "U0170HMB87K",
        "ts": "1605233166.101200",
        "team": "TKFJE6LDR",
        "user_team": "TKFJE6LDR",
        "source_team": "TKFJE6LDR",
        "user_profile": {
            "avatar_hash": "f39553b0636b",
            "image_72": "https:\/\/avatars.slack-edge.com\/2020-07-22\/1249269540710_f39553b0636b29704992_72.jpg",
            "first_name": "",
            "real_name": "Ankita",
            "display_name": "Ankita",
            "team": "TKFJE6LDR",
            "name": "ankitatripathi.2312",
            "is_restricted": false,
            "is_ultra_restricted": false
        },
        "blocks": [
            {
                "type": "rich_text",
                "block_id": "xV4",
                "elements": [
                    {
                        "type": "rich_text_section",
                        "elements": [
                            {
                                "type": "text",
                                "text": "I would love that "
                            },
                            {
                                "type": "emoji",
                                "name": "grin"
                            }
                        ]
                    }
                ]
            }
        ],
        "thread_ts": "1605233045.101100",
        "parent_user_id": "UKTGLQNGG"
    }
]