[
    {
        "client_msg_id": "5de1b8c9-8839-4386-9031-87a68e80fad3",
        "type": "message",
        "text": "OK. thanks :slightly_smiling_face:",
        "user": "U01ABLZMV7E",
        "ts": "1606206511.023600",
        "team": "TKFJE6LDR",
        "user_team": "TKFJE6LDR",
        "source_team": "TKFJE6LDR",
        "user_profile": {
            "avatar_hash": "322d8ad14d52",
            "image_72": "https:\/\/avatars.slack-edge.com\/2020-09-05\/1351713799684_322d8ad14d5229ae723a_72.jpg",
            "first_name": "",
            "real_name": "Codrina Maria Ilie",
            "display_name": "Codrina Maria Ilie",
            "team": "TKFJE6LDR",
            "name": "codrinamariailie",
            "is_restricted": false,
            "is_ultra_restricted": false
        },
        "blocks": [
            {
                "type": "rich_text",
                "block_id": "azH",
                "elements": [
                    {
                        "type": "rich_text_section",
                        "elements": [
                            {
                                "type": "text",
                                "text": "OK. thanks "
                            },
                            {
                                "type": "emoji",
                                "name": "slightly_smiling_face"
                            }
                        ]
                    }
                ]
            }
        ]
    },
    {
        "client_msg_id": "b0dab710-156e-414e-aec9-6c616b2473dc",
        "type": "message",
        "text": "<@U018GVAH3FX> I've done a first pass review, adding comments into your doc.",
        "user": "UKTGLQNGG",
        "ts": "1606257747.023700",
        "team": "TKFJE6LDR",
        "user_team": "TKFJE6LDR",
        "source_team": "TKFJE6LDR",
        "user_profile": {
            "avatar_hash": "d6f4de222bb1",
            "image_72": "https:\/\/avatars.slack-edge.com\/2020-07-20\/1235580478119_d6f4de222bb1ed6b5960_72.jpg",
            "first_name": "Cameron",
            "real_name": "Cameron Shorter",
            "display_name": "cameronshorter",
            "team": "TKFJE6LDR",
            "name": "cameron.shorter",
            "is_restricted": false,
            "is_ultra_restricted": false
        },
        "blocks": [
            {
                "type": "rich_text",
                "block_id": "hcb",
                "elements": [
                    {
                        "type": "rich_text_section",
                        "elements": [
                            {
                                "type": "user",
                                "user_id": "U018GVAH3FX"
                            },
                            {
                                "type": "text",
                                "text": " I've done a first pass review, adding comments into your doc."
                            }
                        ]
                    }
                ]
            }
        ],
        "thread_ts": "1606095146.002800",
        "parent_user_id": "U018GVAH3FX"
    }
]